1791637741.721 {"t":"clk","node":33120,"up_ms":703300}
1791637741.721 {"t":"led","node":33120,"shows":"yellow","app":0}
1791637741.721 {"t":"event","at_ms":694477,"node":33120,"kind":"peer_admitted","peer":29544,"slot":0,"a":0,"b":0}
1791637741.721 {"t":"event","at_ms":694647,"node":33120,"kind":"peer_admitted","peer":25344,"slot":1,"a":0,"b":0}
1791637741.721 {"t":"event","at_ms":696477,"node":33120,"kind":"peer_admitted","peer":29544,"slot":0,"a":0,"b":0}
1791637741.721 {"t":"event","at_ms":696647,"node":33120,"kind":"peer_admitted","peer":25344,"slot":1,"a":0,"b":0}
1791637741.721 {"t":"event","at_ms":698479,"node":33120,"kind":"peer_admitted","peer":29544,"slot":0,"a":0,"b":0}
1791637741.721 {"t":"event","at_ms":698647,"node":33120,"kind":"peer_admitted","peer":25344,"slot":1,"a":0,"b":0}
1791637741.721 {"t":"event","at_ms":700477,"node":33120,"kind":"peer_admitted","peer":29544,"slot":0,"a":0,"b":0}
1791637741.721 {"t":"event","at_ms":700647,"node":33120,"kind":"peer_admitted","peer":25344,"slot":1,"a":0,"b":0}
1791637741.721 {"t":"event","at_ms":702482,"node":33120,"kind":"peer_admitted","peer":29544,"slot":0,"a":0,"b":0}
1791637741.721 {"t":"event","at_ms":702647,"node":33120,"kind":"peer_admitted","peer":25344,"slot":1,"a":0,"b":0}
1791637741.721 {"t":"link","up_ms":703385,"node":33120,"peer":29544,"mac":"b8:1f:3f:da:73:68","state":"alive","epoch":171,"espnow_ver":2,"mtu":1446,"misses":0,"rssi":-10,"tx":{"frames":2457,"cb_ok":2457,"cb_fail":0,"enqueue_err":0,"pdr_ppm":1000000},"rx":{"frames":9822,"lost_seqgap":0,"reorder_dup":0,"dropped_bad":0,"hb_lost":4,"bcast_frames":7012,"pdr_ppm":1000000},"rtt":{"samples":351,"min_us":5425,"max_us":22142,"timeouts":0,"txq_last_us":5206,"txq_max_us":17804,"remote_turnaround_us":835,"remote_turnaround_max_us":1231,"p50_us":[4000,6000],"p99_us":[11000,16000],"hist":[0,0,0,0,287,49,11,3,0,1,0,0,0,0,0,0]}}
1791637741.721 {"t":"link","up_ms":703438,"node":33120,"peer":25344,"mac":"b8:1f:3f:da:63:00","state":"alive","epoch":244,"espnow_ver":2,"mtu":1446,"misses":0,"rssi":-22,"tx":{"frames":2344,"cb_ok":2344,"cb_fail":0,"enqueue_err":0,"pdr_ppm":1000000},"rx":{"frames":9291,"lost_seqgap":1,"reorder_dup":0,"dropped_bad":0,"hb_lost":408,"bcast_frames":6606,"pdr_ppm":999892},"rtt":{"samples":350,"min_us":5736,"max_us":32180,"timeouts":0,"txq_last_us":19635,"txq_max_us":19635,"remote_turnaround_us":1057,"remote_turnaround_max_us":1160,"p50_us":[6000,8000],"p99_us":[11000,16000],"hist":[0,0,0,0,167,167,12,1,2,0,1,0,0,0,0,0]}}
1791637741.721 {"t":"auth","node":33120,"up_ms":703493,"enrolled":1,"required":1,"verified_peers":2,"verified":2,"cache_hits":701,"refused":0,"rate_limited":0,"stale_epoch":0,"verify_us_max":84403,"link_stack_free_b":1528,"crypto_stack_free_b":1268,"tags_ok":4792,"bad_tag":0,"replayed":0,"untagged":0,"bcast_dropped":0,"beacon_epoch_ignored":0,"tag_us_max":1302}
1791637741.721 {"t":"act","node":33120,"setpoint":0,"has_value":0,"writes_served":0}
1791637741.721 {"t":"peers","node":33120,"own_period_ms":100,"own_busy":0,"channel":1,"scanning":0,"scans":0,"hops":0,"found":0,"lost_to_found_ms":0,"moves_followed":0,"moves_refused":0,"sweeps":0,"sweep_found":0,"sweeping":0,"search_visits":0,"relay":0,"fwd_u":0,"fwd_b":0,"fwd_h":0,"relay_dup":6952,"list":[{"id":29544,"state":"alive","via_relay":0,"period_ms":100,"misses":6,"busy":1,"rtt_n":351},{"id":25344,"state":"alive","via_relay":0,"period_ms":100,"misses":6,"busy":0,"rtt_n":350}]}
1791637741.721 {"t":"ss","node":33120,"accepted":0,"unsigned":0,"unknown_sender":0,"bad_signature":0,"replayed":0,"rate_limited":0,"verify_us_max":0,"floors":[{"src":25344,"epoch":139,"counter":1}]}
1791637741.721 {"t":"rec","node":33120,"up_ms":703589,"settled":1,"sent":2808,"received":2797,"malformed":0,"views":1,"replies_fenced":0,"actors":[{"key":1245650351,"running":0,"term":0,"owner":25344,"owner_term":9,"assigned":25344,"starts":0,"fenced":0,"released":0}]}
1791637741.721 {"t":"node","up_ms":703615,"node":33120,"epoch":293,"peers_alive":2,"peers_dead":0,"no_radio":0,"free_dram":250275,"largest_block":172032,"rx":{"total":33369,"bad_frame":0,"unknown_peer":12,"wrong_dst":0,"short_payload":0,"unknown_opcode":0,"queue_dropped":52},"tx":{"total":12172,"enqueue_err":0,"done_queue_dropped":0},"membership":{"deaths":0,"revivals":0,"reboots_seen":0,"table_full":0,"events_dropped":0}}
1791637742.048 {"t":"ns","node":33120,"hash":13581963,"owner":33120,"kind":"sampled","unit":100,"class":4,"bound_ms":5000,"quality":"GOOD","age_ms":341,"ts":703302,"updates":67,"value":2}
1791637742.048 {"t":"ns","node":33120,"hash":3142365229,"owner":33120,"kind":"sampled","unit":101,"class":4,"bound_ms":30000,"quality":"GOOD","age_ms":357,"ts":703301,"updates":67,"value":172032}
1791637742.048 {"t":"ns","node":33120,"hash":1245650351,"owner":25344,"kind":"sampled","unit":0,"class":3,"bound_ms":500,"quality":"NO_DATA","age_ms":0,"ts":0,"updates":0,"value":null}
1791637742.048 {"t":"ns","node":33120,"hash":2033492666,"owner":33120,"kind":"sampled","unit":0,"class":3,"bound_ms":0,"quality":"NO_DATA","age_ms":0,"ts":0,"updates":0,"value":null}
1791637742.048 {"t":"ns","node":33120,"hash":2347817554,"owner":33120,"kind":"sampled","unit":100,"class":4,"bound_ms":0,"quality":"GOOD","age_ms":411,"ts":703301,"updates":67,"value":293}
1791637742.048 {"t":"ns","node":33120,"hash":1170356950,"owner":33120,"kind":"sampled","unit":80,"class":4,"bound_ms":30000,"quality":"GOOD","age_ms":424,"ts":703301,"updates":67,"value":703}
1791637742.048 {"t":"ns","node":33120,"hash":3085599597,"owner":33120,"kind":"sampled","unit":0,"class":4,"bound_ms":5000,"quality":"GOOD","age_ms":437,"ts":703302,"updates":67,"value":-19}
1791637742.048 {"t":"ns","node":33120,"hash":2486014333,"owner":33120,"kind":"sampled","unit":101,"class":4,"bound_ms":30000,"quality":"GOOD","age_ms":452,"ts":703301,"updates":67,"value":250275}
1791637752.187 {"t":"clk","node":33120,"up_ms":713768}
1791637752.187 {"t":"led","node":33120,"shows":"green","app":0}
1791637752.187 {"t":"event","at_ms":704477,"node":33120,"kind":"peer_admitted","peer":29544,"slot":0,"a":0,"b":0}
1791637752.187 {"t":"event","at_ms":704647,"node":33120,"kind":"peer_admitted","peer":25344,"slot":1,"a":0,"b":0}
1791637752.187 {"t":"event","at_ms":706503,"node":33120,"kind":"peer_admitted","peer":29544,"slot":0,"a":0,"b":0}
1791637752.187 {"t":"event","at_ms":706647,"node":33120,"kind":"peer_admitted","peer":25344,"slot":1,"a":0,"b":0}
1791637752.187 {"t":"event","at_ms":708500,"node":33120,"kind":"peer_admitted","peer":29544,"slot":0,"a":0,"b":0}
1791637752.187 {"t":"event","at_ms":708647,"node":33120,"kind":"peer_admitted","peer":25344,"slot":1,"a":0,"b":0}
1791637752.187 {"t":"event","at_ms":710505,"node":33120,"kind":"peer_admitted","peer":29544,"slot":0,"a":0,"b":0}
1791637752.187 {"t":"event","at_ms":710647,"node":33120,"kind":"peer_admitted","peer":25344,"slot":1,"a":0,"b":0}
1791637752.187 {"t":"event","at_ms":712505,"node":33120,"kind":"peer_admitted","peer":29544,"slot":0,"a":0,"b":0}
1791637752.187 {"t":"event","at_ms":712647,"node":33120,"kind":"peer_admitted","peer":25344,"slot":1,"a":0,"b":0}
1791637752.187 {"t":"link","up_ms":713853,"node":33120,"peer":29544,"mac":"b8:1f:3f:da:73:68","state":"alive","epoch":171,"espnow_ver":2,"mtu":1446,"misses":0,"rssi":-11,"tx":{"frames":2493,"cb_ok":2493,"cb_fail":0,"enqueue_err":0,"pdr_ppm":1000000},"rx":{"frames":9968,"lost_seqgap":0,"reorder_dup":0,"dropped_bad":0,"hb_lost":4,"bcast_frames":7117,"pdr_ppm":1000000},"rtt":{"samples":356,"min_us":5425,"max_us":22142,"timeouts":0,"txq_last_us":5206,"txq_max_us":17804,"remote_turnaround_us":861,"remote_turnaround_max_us":1231,"p50_us":[4000,6000],"p99_us":[11000,16000],"hist":[0,0,0,0,290,51,11,3,0,1,0,0,0,0,0,0]}}
1791637752.187 {"t":"link","up_ms":713907,"node":33120,"peer":25344,"mac":"b8:1f:3f:da:63:00","state":"alive","epoch":244,"espnow_ver":2,"mtu":1446,"misses":0,"rssi":-21,"tx":{"frames":2380,"cb_ok":2380,"cb_fail":0,"enqueue_err":0,"pdr_ppm":1000000},"rx":{"frames":9429,"lost_seqgap":1,"reorder_dup":0,"dropped_bad":0,"hb_lost":409,"bcast_frames":6710,"pdr_ppm":999893},"rtt":{"samples":356,"min_us":5736,"max_us":32180,"timeouts":0,"txq_last_us":2829,"txq_max_us":19635,"remote_turnaround_us":1037,"remote_turnaround_max_us":1441,"p50_us":[6000,8000],"p99_us":[11000,16000],"hist":[0,0,0,0,168,171,13,1,2,0,1,0,0,0,0,0]}}
1791637752.187 {"t":"auth","node":33120,"up_ms":713961,"enrolled":1,"required":1,"verified_peers":2,"verified":2,"cache_hits":711,"refused":0,"rate_limited":0,"stale_epoch":0,"verify_us_max":84403,"link_stack_free_b":1528,"crypto_stack_free_b":1268,"tags_ok":4857,"bad_tag":0,"replayed":0,"untagged":0,"bcast_dropped":0,"beacon_epoch_ignored":0,"tag_us_max":1302}
1791637752.187 {"t":"act","node":33120,"setpoint":0,"has_value":0,"writes_served":0}
1791637752.187 {"t":"peers","node":33120,"own_period_ms":100,"own_busy":0,"channel":1,"scanning":0,"scans":0,"hops":0,"found":0,"lost_to_found_ms":0,"moves_followed":0,"moves_refused":0,"sweeps":0,"sweep_found":0,"sweeping":0,"search_visits":0,"relay":0,"fwd_u":0,"fwd_b":0,"fwd_h":0,"relay_dup":7061,"list":[{"id":29544,"state":"alive","via_relay":0,"period_ms":100,"misses":6,"busy":1,"rtt_n":356},{"id":25344,"state":"alive","via_relay":0,"period_ms":100,"misses":6,"busy":0,"rtt_n":356}]}
1791637752.187 {"t":"ss","node":33120,"accepted":0,"unsigned":0,"unknown_sender":0,"bad_signature":0,"replayed":0,"rate_limited":0,"verify_us_max":0,"floors":[{"src":25344,"epoch":139,"counter":1}]}
1791637752.187 {"t":"rec","node":33120,"up_ms":714056,"settled":1,"sent":2849,"received":2831,"malformed":0,"views":1,"replies_fenced":0,"actors":[{"key":1245650351,"running":0,"term":0,"owner":25344,"owner_term":9,"assigned":25344,"starts":0,"fenced":0,"released":0}]}
1791637752.187 {"t":"node","up_ms":714083,"node":33120,"epoch":293,"peers_alive":2,"peers_dead":0,"no_radio":0,"free_dram":250275,"largest_block":172032,"rx":{"total":33873,"bad_frame":0,"unknown_peer":12,"wrong_dst":0,"short_payload":0,"unknown_opcode":0,"queue_dropped":52},"tx":{"total":12355,"enqueue_err":0,"done_queue_dropped":0},"membership":{"deaths":0,"revivals":0,"reboots_seen":0,"table_full":0,"events_dropped":0}}
1791637752.508 {"t":"ns","node":33120,"hash":13581963,"owner":33120,"kind":"sampled","unit":100,"class":4,"bound_ms":5000,"quality":"GOOD","age_ms":341,"ts":713770,"updates":68,"value":2}
1791637752.508 {"t":"ns","node":33120,"hash":3142365229,"owner":33120,"kind":"sampled","unit":101,"class":4,"bound_ms":30000,"quality":"GOOD","age_ms":357,"ts":713769,"updates":68,"value":172032}
1791637752.508 {"t":"ns","node":33120,"hash":1245650351,"owner":25344,"kind":"sampled","unit":0,"class":3,"bound_ms":500,"quality":"NO_DATA","age_ms":0,"ts":0,"updates":0,"value":null}
1791637752.508 {"t":"ns","node":33120,"hash":2033492666,"owner":33120,"kind":"sampled","unit":0,"class":3,"bound_ms":0,"quality":"NO_DATA","age_ms":0,"ts":0,"updates":0,"value":null}
1791637752.508 {"t":"ns","node":33120,"hash":2347817554,"owner":33120,"kind":"sampled","unit":100,"class":4,"bound_ms":0,"quality":"GOOD","age_ms":410,"ts":713769,"updates":68,"value":293}
1791637752.508 {"t":"ns","node":33120,"hash":1170356950,"owner":33120,"kind":"sampled","unit":80,"class":4,"bound_ms":30000,"quality":"GOOD","age_ms":424,"ts":713769,"updates":68,"value":713}
1791637752.508 {"t":"ns","node":33120,"hash":3085599597,"owner":33120,"kind":"sampled","unit":0,"class":4,"bound_ms":5000,"quality":"GOOD","age_ms":437,"ts":713770,"updates":68,"value":-20}
1791637752.508 {"t":"ns","node":33120,"hash":2486014333,"owner":33120,"kind":"sampled","unit":101,"class":4,"bound_ms":30000,"quality":"GOOD","age_ms":452,"ts":713769,"updates":68,"value":250275}
1791637762.651 {"t":"clk","node":33120,"up_ms":724235}
1791637762.651 {"t":"led","node":33120,"shows":"green","app":0}
1791637762.651 {"t":"event","at_ms":714504,"node":33120,"kind":"peer_admitted","peer":29544,"slot":0,"a":0,"b":0}
1791637762.651 {"t":"event","at_ms":714648,"node":33120,"kind":"peer_admitted","peer":25344,"slot":1,"a":0,"b":0}
1791637762.651 {"t":"event","at_ms":716504,"node":33120,"kind":"peer_admitted","peer":29544,"slot":0,"a":0,"b":0}
1791637762.651 {"t":"event","at_ms":716647,"node":33120,"kind":"peer_admitted","peer":25344,"slot":1,"a":0,"b":0}
1791637762.651 {"t":"event","at_ms":718504,"node":33120,"kind":"peer_admitted","peer":29544,"slot":0,"a":0,"b":0}
1791637762.651 {"t":"event","at_ms":718648,"node":33120,"kind":"peer_admitted","peer":25344,"slot":1,"a":0,"b":0}
1791637762.651 {"t":"event","at_ms":720505,"node":33120,"kind":"peer_admitted","peer":29544,"slot":0,"a":0,"b":0}
1791637762.651 {"t":"event","at_ms":720647,"node":33120,"kind":"peer_admitted","peer":25344,"slot":1,"a":0,"b":0}
1791637762.651 {"t":"event","at_ms":722506,"node":33120,"kind":"peer_admitted","peer":29544,"slot":0,"a":0,"b":0}
1791637762.651 {"t":"event","at_ms":722650,"node":33120,"kind":"peer_admitted","peer":25344,"slot":1,"a":0,"b":0}
1791637762.651 {"t":"link","up_ms":724319,"node":33120,"peer":29544,"mac":"b8:1f:3f:da:73:68","state":"alive","epoch":171,"espnow_ver":2,"mtu":1446,"misses":0,"rssi":-10,"tx":{"frames":2529,"cb_ok":2529,"cb_fail":0,"enqueue_err":0,"pdr_ppm":1000000},"rx":{"frames":10112,"lost_seqgap":0,"reorder_dup":0,"dropped_bad":0,"hb_lost":4,"bcast_frames":7221,"pdr_ppm":1000000},"rtt":{"samples":361,"min_us":5425,"max_us":22142,"timeouts":0,"txq_last_us":5206,"txq_max_us":17804,"remote_turnaround_us":814,"remote_turnaround_max_us":1231,"p50_us":[4000,6000],"p99_us":[11000,16000],"hist":[0,0,0,0,295,51,11,3,0,1,0,0,0,0,0,0]}}
1791637762.651 {"t":"link","up_ms":724374,"node":33120,"peer":25344,"mac":"b8:1f:3f:da:63:00","state":"alive","epoch":244,"espnow_ver":2,"mtu":1446,"misses":0,"rssi":-20,"tx":{"frames":2414,"cb_ok":2414,"cb_fail":0,"enqueue_err":0,"pdr_ppm":1000000},"rx":{"frames":9564,"lost_seqgap":1,"reorder_dup":0,"dropped_bad":0,"hb_lost":411,"bcast_frames":6813,"pdr_ppm":999895},"rtt":{"samples":361,"min_us":5736,"max_us":32180,"timeouts":0,"txq_last_us":2829,"txq_max_us":19635,"remote_turnaround_us":936,"remote_turnaround_max_us":1441,"p50_us":[6000,8000],"p99_us":[11000,16000],"hist":[0,0,0,0,169,175,13,1,2,0,1,0,0,0,0,0]}}
1791637762.651 {"t":"auth","node":33120,"up_ms":724428,"enrolled":1,"required":1,"verified_peers":2,"verified":2,"cache_hits":721,"refused":0,"rate_limited":0,"stale_epoch":0,"verify_us_max":84403,"link_stack_free_b":1528,"crypto_stack_free_b":1268,"tags_ok":4919,"bad_tag":0,"replayed":0,"untagged":0,"bcast_dropped":0,"beacon_epoch_ignored":0,"tag_us_max":1302}
1791637762.651 {"t":"act","node":33120,"setpoint":0,"has_value":0,"writes_served":0}
1791637762.651 {"t":"peers","node":33120,"own_period_ms":100,"own_busy":0,"channel":1,"scanning":0,"scans":0,"hops":0,"found":0,"lost_to_found_ms":0,"moves_followed":0,"moves_refused":0,"sweeps":0,"sweep_found":0,"sweeping":0,"search_visits":0,"relay":0,"fwd_u":0,"fwd_b":0,"fwd_h":0,"relay_dup":7169,"list":[{"id":29544,"state":"alive","via_relay":0,"period_ms":100,"misses":6,"busy":1,"rtt_n":361},{"id":25344,"state":"alive","via_relay":0,"period_ms":100,"misses":6,"busy":0,"rtt_n":361}]}
1791637762.651 {"t":"ss","node":33120,"accepted":0,"unsigned":0,"unknown_sender":0,"bad_signature":0,"replayed":0,"rate_limited":0,"verify_us_max":0,"floors":[{"src":25344,"epoch":139,"counter":1}]}
1791637762.651 {"t":"rec","node":33120,"up_ms":724523,"settled":1,"sent":2891,"received":2864,"malformed":0,"views":1,"replies_fenced":0,"actors":[{"key":1245650351,"running":0,"term":0,"owner":25344,"owner_term":9,"assigned":25344,"starts":0,"fenced":0,"released":0}]}
1791637762.651 {"t":"node","up_ms":724550,"node":33120,"epoch":293,"peers_alive":2,"peers_dead":0,"no_radio":0,"free_dram":250275,"largest_block":172032,"rx":{"total":34369,"bad_frame":0,"unknown_peer":12,"wrong_dst":0,"short_payload":0,"unknown_opcode":0,"queue_dropped":52},"tx":{"total":12535,"enqueue_err":0,"done_queue_dropped":0},"membership":{"deaths":0,"revivals":0,"reboots_seen":0,"table_full":0,"events_dropped":0}}
1791637762.983 {"t":"ns","node":33120,"hash":13581963,"owner":33120,"kind":"sampled","unit":100,"class":4,"bound_ms":5000,"quality":"GOOD","age_ms":342,"ts":724237,"updates":69,"value":2}
1791637762.983 {"t":"ns","node":33120,"hash":3142365229,"owner":33120,"kind":"sampled","unit":101,"class":4,"bound_ms":30000,"quality":"GOOD","age_ms":357,"ts":724236,"updates":69,"value":172032}
1791637762.983 {"t":"ns","node":33120,"hash":1245650351,"owner":25344,"kind":"sampled","unit":0,"class":3,"bound_ms":500,"quality":"NO_DATA","age_ms":0,"ts":0,"updates":0,"value":null}
1791637762.983 {"t":"ns","node":33120,"hash":2033492666,"owner":33120,"kind":"sampled","unit":0,"class":3,"bound_ms":0,"quality":"NO_DATA","age_ms":0,"ts":0,"updates":0,"value":null}
1791637762.983 {"t":"ns","node":33120,"hash":2347817554,"owner":33120,"kind":"sampled","unit":100,"class":4,"bound_ms":0,"quality":"GOOD","age_ms":412,"ts":724236,"updates":69,"value":293}
1791637762.983 {"t":"ns","node":33120,"hash":1170356950,"owner":33120,"kind":"sampled","unit":80,"class":4,"bound_ms":30000,"quality":"GOOD","age_ms":426,"ts":724236,"updates":69,"value":724}
1791637762.983 {"t":"ns","node":33120,"hash":3085599597,"owner":33120,"kind":"sampled","unit":0,"class":4,"bound_ms":5000,"quality":"GOOD","age_ms":440,"ts":724237,"updates":69,"value":-20}
1791637762.983 {"t":"ns","node":33120,"hash":2486014333,"owner":33120,"kind":"sampled","unit":101,"class":4,"bound_ms":30000,"quality":"GOOD","age_ms":455,"ts":724236,"updates":69,"value":250275}
1791637773.123 {"t":"clk","node":33120,"up_ms":734706}
1791637773.123 {"t":"led","node":33120,"shows":"green","app":0}
1791637773.123 {"t":"event","at_ms":724506,"node":33120,"kind":"peer_admitted","peer":29544,"slot":0,"a":0,"b":0}
1791637773.123 {"t":"event","at_ms":724647,"node":33120,"kind":"peer_admitted","peer":25344,"slot":1,"a":0,"b":0}
1791637773.123 {"t":"event","at_ms":726505,"node":33120,"kind":"peer_admitted","peer":29544,"slot":0,"a":0,"b":0}
1791637773.123 {"t":"event","at_ms":726647,"node":33120,"kind":"peer_admitted","peer":25344,"slot":1,"a":0,"b":0}
1791637773.123 {"t":"event","at_ms":728504,"node":33120,"kind":"peer_admitted","peer":29544,"slot":0,"a":0,"b":0}
1791637773.123 {"t":"event","at_ms":728647,"node":33120,"kind":"peer_admitted","peer":25344,"slot":1,"a":0,"b":0}
1791637773.123 {"t":"event","at_ms":730506,"node":33120,"kind":"peer_admitted","peer":29544,"slot":0,"a":0,"b":0}
1791637773.123 {"t":"event","at_ms":730647,"node":33120,"kind":"peer_admitted","peer":25344,"slot":1,"a":0,"b":0}
1791637773.123 {"t":"event","at_ms":732504,"node":33120,"kind":"peer_admitted","peer":29544,"slot":0,"a":0,"b":0}
1791637773.123 {"t":"event","at_ms":732647,"node":33120,"kind":"peer_admitted","peer":25344,"slot":1,"a":0,"b":0}
1791637773.123 {"t":"event","at_ms":734511,"node":33120,"kind":"peer_admitted","peer":29544,"slot":0,"a":0,"b":0}
1791637773.123 {"t":"event","at_ms":734647,"node":33120,"kind":"peer_admitted","peer":25344,"slot":1,"a":0,"b":0}
1791637773.123 {"t":"link","up_ms":734817,"node":33120,"peer":29544,"mac":"b8:1f:3f:da:73:68","state":"alive","epoch":171,"espnow_ver":2,"mtu":1446,"misses":0,"rssi":-10,"tx":{"frames":2568,"cb_ok":2568,"cb_fail":0,"enqueue_err":0,"pdr_ppm":1000000},"rx":{"frames":10261,"lost_seqgap":0,"reorder_dup":0,"dropped_bad":0,"hb_lost":4,"bcast_frames":7326,"pdr_ppm":1000000},"rtt":{"samples":367,"min_us":5425,"max_us":22142,"timeouts":0,"txq_last_us":5206,"txq_max_us":17804,"remote_turnaround_us":851,"remote_turnaround_max_us":1231,"p50_us":[4000,6000],"p99_us":[11000,16000],"hist":[0,0,0,0,300,52,11,3,0,1,0,0,0,0,0,0]}}
1791637773.123 {"t":"link","up_ms":734860,"node":33120,"peer":25344,"mac":"b8:1f:3f:da:63:00","state":"alive","epoch":244,"espnow_ver":2,"mtu":1446,"misses":0,"rssi":-20,"tx":{"frames":2450,"cb_ok":2450,"cb_fail":0,"enqueue_err":0,"pdr_ppm":1000000},"rx":{"frames":9699,"lost_seqgap":1,"reorder_dup":0,"dropped_bad":0,"hb_lost":414,"bcast_frames":6914,"pdr_ppm":999896},"rtt":{"samples":366,"min_us":5736,"max_us":32180,"timeouts":0,"txq_last_us":2829,"txq_max_us":19635,"remote_turnaround_us":1058,"remote_turnaround_max_us":1441,"p50_us":[6000,8000],"p99_us":[11000,16000],"hist":[0,0,0,0,169,180,13,1,2,0,1,0,0,0,0,0]}}
1791637773.123 {"t":"auth","node":33120,"up_ms":734915,"enrolled":1,"required":1,"verified_peers":2,"verified":2,"cache_hits":733,"refused":0,"rate_limited":0,"stale_epoch":0,"verify_us_max":84403,"link_stack_free_b":1528,"crypto_stack_free_b":1268,"tags_ok":4985,"bad_tag":0,"replayed":0,"untagged":0,"bcast_dropped":0,"beacon_epoch_ignored":0,"tag_us_max":1302}
1791637773.123 {"t":"act","node":33120,"setpoint":0,"has_value":0,"writes_served":0}
1791637773.123 {"t":"peers","node":33120,"own_period_ms":100,"own_busy":0,"channel":1,"scanning":0,"scans":0,"hops":0,"found":0,"lost_to_found_ms":0,"moves_followed":0,"moves_refused":0,"sweeps":0,"sweep_found":0,"sweeping":0,"search_visits":0,"relay":0,"fwd_u":0,"fwd_b":0,"fwd_h":0,"relay_dup":7275,"list":[{"id":29544,"state":"alive","via_relay":0,"period_ms":100,"misses":6,"busy":1,"rtt_n":367},{"id":25344,"state":"alive","via_relay":0,"period_ms":100,"misses":6,"busy":0,"rtt_n":366}]}
1791637773.123 {"t":"ss","node":33120,"accepted":0,"unsigned":0,"unknown_sender":0,"bad_signature":0,"replayed":0,"rate_limited":0,"verify_us_max":0,"floors":[{"src":25344,"epoch":139,"counter":1}]}
1791637773.123 {"t":"rec","node":33120,"up_ms":735010,"settled":1,"sent":2933,"received":2899,"malformed":0,"views":1,"replies_fenced":0,"actors":[{"key":1245650351,"running":0,"term":0,"owner":25344,"owner_term":9,"assigned":25344,"starts":0,"fenced":0,"released":0}]}
1791637773.461 {"t":"node","up_ms":735036,"node":33120,"epoch":293,"peers_alive":2,"peers_dead":0,"no_radio":0,"free_dram":250275,"largest_block":172032,"rx":{"total":34866,"bad_frame":0,"unknown_peer":12,"wrong_dst":0,"short_payload":0,"unknown_opcode":0,"queue_dropped":52},"tx":{"total":12718,"enqueue_err":0,"done_queue_dropped":0},"membership":{"deaths":0,"revivals":0,"reboots_seen":0,"table_full":0,"events_dropped":0}}
1791637773.461 {"t":"ns","node":33120,"hash":13581963,"owner":33120,"kind":"sampled","unit":100,"class":4,"bound_ms":5000,"quality":"GOOD","age_ms":357,"ts":734708,"updates":70,"value":2}
1791637773.461 {"t":"ns","node":33120,"hash":3142365229,"owner":33120,"kind":"sampled","unit":101,"class":4,"bound_ms":30000,"quality":"GOOD","age_ms":384,"ts":734707,"updates":70,"value":172032}
1791637773.461 {"t":"ns","node":33120,"hash":1245650351,"owner":25344,"kind":"sampled","unit":0,"class":3,"bound_ms":500,"quality":"NO_DATA","age_ms":0,"ts":0,"updates":0,"value":null}
1791637773.461 {"t":"ns","node":33120,"hash":2033492666,"owner":33120,"kind":"sampled","unit":0,"class":3,"bound_ms":0,"quality":"NO_DATA","age_ms":0,"ts":0,"updates":0,"value":null}
1791637773.461 {"t":"ns","node":33120,"hash":2347817554,"owner":33120,"kind":"sampled","unit":100,"class":4,"bound_ms":0,"quality":"GOOD","age_ms":426,"ts":734707,"updates":70,"value":293}
1791637773.461 {"t":"ns","node":33120,"hash":1170356950,"owner":33120,"kind":"sampled","unit":80,"class":4,"bound_ms":30000,"quality":"GOOD","age_ms":440,"ts":734707,"updates":70,"value":734}
1791637773.461 {"t":"ns","node":33120,"hash":3085599597,"owner":33120,"kind":"sampled","unit":0,"class":4,"bound_ms":5000,"quality":"GOOD","age_ms":453,"ts":734708,"updates":70,"value":-20}
1791637773.461 {"t":"ns","node":33120,"hash":2486014333,"owner":33120,"kind":"sampled","unit":101,"class":4,"bound_ms":30000,"quality":"GOOD","age_ms":468,"ts":734707,"updates":70,"value":250275}
1791637783.608 {"t":"clk","node":33120,"up_ms":745190}
1791637783.608 {"t":"led","node":33120,"shows":"green","app":0}
1791637783.608 {"t":"event","at_ms":736511,"node":33120,"kind":"peer_admitted","peer":29544,"slot":0,"a":0,"b":0}
1791637783.608 {"t":"event","at_ms":736647,"node":33120,"kind":"peer_admitted","peer":25344,"slot":1,"a":0,"b":0}
1791637783.608 {"t":"event","at_ms":738519,"node":33120,"kind":"peer_admitted","peer":29544,"slot":0,"a":0,"b":0}
1791637783.608 {"t":"event","at_ms":738647,"node":33120,"kind":"peer_admitted","peer":25344,"slot":1,"a":0,"b":0}
1791637783.608 {"t":"event","at_ms":740510,"node":33120,"kind":"peer_admitted","peer":29544,"slot":0,"a":0,"b":0}
1791637783.608 {"t":"event","at_ms":740647,"node":33120,"kind":"peer_admitted","peer":25344,"slot":1,"a":0,"b":0}
1791637783.608 {"t":"event","at_ms":742509,"node":33120,"kind":"peer_admitted","peer":29544,"slot":0,"a":0,"b":0}
1791637783.608 {"t":"event","at_ms":742661,"node":33120,"kind":"peer_admitted","peer":25344,"slot":1,"a":0,"b":0}
1791637783.608 {"t":"event","at_ms":744510,"node":33120,"kind":"peer_admitted","peer":29544,"slot":0,"a":0,"b":0}
1791637783.608 {"t":"event","at_ms":744649,"node":33120,"kind":"peer_admitted","peer":25344,"slot":1,"a":0,"b":0}
1791637783.608 {"t":"link","up_ms":745275,"node":33120,"peer":29544,"mac":"b8:1f:3f:da:73:68","state":"alive","epoch":171,"espnow_ver":2,"mtu":1446,"misses":0,"rssi":-11,"tx":{"frames":2604,"cb_ok":2604,"cb_fail":0,"enqueue_err":0,"pdr_ppm":1000000},"rx":{"frames":10405,"lost_seqgap":0,"reorder_dup":0,"dropped_bad":0,"hb_lost":5,"bcast_frames":7430,"pdr_ppm":1000000},"rtt":{"samples":372,"min_us":5425,"max_us":35345,"timeouts":0,"txq_last_us":3647,"txq_max_us":17804,"remote_turnaround_us":802,"remote_turnaround_max_us":27579,"p50_us":[4000,6000],"p99_us":[11000,16000],"hist":[0,0,0,0,301,54,12,3,0,1,1,0,0,0,0,0]}}
1791637783.608 {"t":"link","up_ms":745330,"node":33120,"peer":25344,"mac":"b8:1f:3f:da:63:00","state":"alive","epoch":244,"espnow_ver":2,"mtu":1446,"misses":0,"rssi":-20,"tx":{"frames":2484,"cb_ok":2483,"cb_fail":0,"enqueue_err":0,"pdr_ppm":1000000},"rx":{"frames":9836,"lost_seqgap":1,"reorder_dup":0,"dropped_bad":0,"hb_lost":414,"bcast_frames":7019,"pdr_ppm":999898},"rtt":{"samples":371,"min_us":5736,"max_us":32180,"timeouts":0,"txq_last_us":2829,"txq_max_us":19635,"remote_turnaround_us":1034,"remote_turnaround_max_us":1441,"p50_us":[6000,8000],"p99_us":[11000,16000],"hist":[0,0,0,0,170,184,13,1,2,0,1,0,0,0,0,0]}}
1791637783.608 {"t":"auth","node":33120,"up_ms":745384,"enrolled":1,"required":1,"verified_peers":2,"verified":2,"cache_hits":743,"refused":0,"rate_limited":0,"stale_epoch":0,"verify_us_max":84403,"link_stack_free_b":1528,"crypto_stack_free_b":1268,"tags_ok":5047,"bad_tag":0,"replayed":0,"untagged":0,"bcast_dropped":0,"beacon_epoch_ignored":0,"tag_us_max":1302}
1791637783.608 {"t":"act","node":33120,"setpoint":0,"has_value":0,"writes_served":0}
1791637783.608 {"t":"peers","node":33120,"own_period_ms":100,"own_busy":0,"channel":1,"scanning":0,"scans":0,"hops":0,"found":0,"lost_to_found_ms":0,"moves_followed":0,"moves_refused":0,"sweeps":0,"sweep_found":0,"sweeping":0,"search_visits":0,"relay":0,"fwd_u":0,"fwd_b":0,"fwd_h":0,"relay_dup":7384,"list":[{"id":29544,"state":"alive","via_relay":0,"period_ms":100,"misses":6,"busy":1,"rtt_n":372},{"id":25344,"state":"alive","via_relay":0,"period_ms":100,"misses":6,"busy":0,"rtt_n":371}]}
1791637783.608 {"t":"ss","node":33120,"accepted":0,"unsigned":0,"unknown_sender":0,"bad_signature":0,"replayed":0,"rate_limited":0,"verify_us_max":0,"floors":[{"src":25344,"epoch":139,"counter":1}]}
1791637783.608 {"t":"rec","node":33120,"up_ms":745479,"settled":1,"sent":2975,"received":2933,"malformed":0,"views":1,"replies_fenced":0,"actors":[{"key":1245650351,"running":0,"term":0,"owner":25344,"owner_term":9,"assigned":25344,"starts":0,"fenced":0,"released":0}]}
1791637783.608 {"t":"node","up_ms":745505,"node":33120,"epoch":293,"peers_alive":2,"peers_dead":0,"no_radio":0,"free_dram":250275,"largest_block":172032,"rx":{"total":35364,"bad_frame":0,"unknown_peer":12,"wrong_dst":0,"short_payload":0,"unknown_opcode":0,"queue_dropped":52},"tx":{"total":12898,"enqueue_err":0,"done_queue_dropped":0},"membership":{"deaths":0,"revivals":0,"reboots_seen":0,"table_full":0,"events_dropped":0}}
1791637783.931 {"t":"ns","node":33120,"hash":13581963,"owner":33120,"kind":"sampled","unit":100,"class":4,"bound_ms":5000,"quality":"GOOD","age_ms":343,"ts":745191,"updates":71,"value":2}
1791637783.931 {"t":"ns","node":33120,"hash":3142365229,"owner":33120,"kind":"sampled","unit":101,"class":4,"bound_ms":30000,"quality":"GOOD","age_ms":357,"ts":745191,"updates":71,"value":172032}
1791637783.931 {"t":"ns","node":33120,"hash":1245650351,"owner":25344,"kind":"sampled","unit":0,"class":3,"bound_ms":500,"quality":"NO_DATA","age_ms":0,"ts":0,"updates":0,"value":null}
1791637783.931 {"t":"ns","node":33120,"hash":2033492666,"owner":33120,"kind":"sampled","unit":0,"class":3,"bound_ms":0,"quality":"NO_DATA","age_ms":0,"ts":0,"updates":0,"value":null}
1791637783.931 {"t":"ns","node":33120,"hash":2347817554,"owner":33120,"kind":"sampled","unit":100,"class":4,"bound_ms":0,"quality":"GOOD","age_ms":411,"ts":745191,"updates":71,"value":293}
1791637783.931 {"t":"ns","node":33120,"hash":1170356950,"owner":33120,"kind":"sampled","unit":80,"class":4,"bound_ms":30000,"quality":"GOOD","age_ms":425,"ts":745191,"updates":71,"value":745}
1791637783.931 {"t":"ns","node":33120,"hash":3085599597,"owner":33120,"kind":"sampled","unit":0,"class":4,"bound_ms":5000,"quality":"GOOD","age_ms":438,"ts":745192,"updates":71,"value":-20}
1791637783.931 {"t":"ns","node":33120,"hash":2486014333,"owner":33120,"kind":"sampled","unit":101,"class":4,"bound_ms":30000,"quality":"GOOD","age_ms":453,"ts":745191,"updates":71,"value":250275}
1791637794.073 {"t":"clk","node":33120,"up_ms":755658}
1791637794.073 {"t":"led","node":33120,"shows":"green","app":0}
1791637794.073 {"t":"event","at_ms":746510,"node":33120,"kind":"peer_admitted","peer":29544,"slot":0,"a":0,"b":0}
1791637794.073 {"t":"event","at_ms":746649,"node":33120,"kind":"peer_admitted","peer":25344,"slot":1,"a":0,"b":0}
1791637794.073 {"t":"event","at_ms":748510,"node":33120,"kind":"peer_admitted","peer":29544,"slot":0,"a":0,"b":0}
1791637794.073 {"t":"event","at_ms":748649,"node":33120,"kind":"peer_admitted","peer":25344,"slot":1,"a":0,"b":0}
1791637794.073 {"t":"event","at_ms":750510,"node":33120,"kind":"peer_admitted","peer":29544,"slot":0,"a":0,"b":0}
1791637794.073 {"t":"event","at_ms":750649,"node":33120,"kind":"peer_admitted","peer":25344,"slot":1,"a":0,"b":0}
1791637794.073 {"t":"event","at_ms":752510,"node":33120,"kind":"peer_admitted","peer":29544,"slot":0,"a":0,"b":0}
1791637794.073 {"t":"event","at_ms":752649,"node":33120,"kind":"peer_admitted","peer":25344,"slot":1,"a":0,"b":0}
1791637794.073 {"t":"event","at_ms":754516,"node":33120,"kind":"peer_admitted","peer":29544,"slot":0,"a":0,"b":0}
1791637794.073 {"t":"event","at_ms":754649,"node":33120,"kind":"peer_admitted","peer":25344,"slot":1,"a":0,"b":0}
1791637794.073 {"t":"link","up_ms":755743,"node":33120,"peer":29544,"mac":"b8:1f:3f:da:73:68","state":"alive","epoch":171,"espnow_ver":2,"mtu":1446,"misses":0,"rssi":-10,"tx":{"frames":2640,"cb_ok":2640,"cb_fail":0,"enqueue_err":0,"pdr_ppm":1000000},"rx":{"frames":10550,"lost_seqgap":0,"reorder_dup":0,"dropped_bad":0,"hb_lost":5,"bcast_frames":7535,"pdr_ppm":1000000},"rtt":{"samples":377,"min_us":5425,"max_us":35345,"timeouts":0,"txq_last_us":3647,"txq_max_us":17804,"remote_turnaround_us":881,"remote_turnaround_max_us":27579,"p50_us":[4000,6000],"p99_us":[11000,16000],"hist":[0,0,0,0,306,54,12,3,0,1,1,0,0,0,0,0]}}
1791637794.073 {"t":"link","up_ms":755799,"node":33120,"peer":25344,"mac":"b8:1f:3f:da:63:00","state":"alive","epoch":244,"espnow_ver":2,"mtu":1446,"misses":0,"rssi":-20,"tx":{"frames":2519,"cb_ok":2518,"cb_fail":0,"enqueue_err":0,"pdr_ppm":1000000},"rx":{"frames":9969,"lost_seqgap":1,"reorder_dup":0,"dropped_bad":0,"hb_lost":419,"bcast_frames":7119,"pdr_ppm":999899},"rtt":{"samples":376,"min_us":5736,"max_us":32180,"timeouts":0,"txq_last_us":2854,"txq_max_us":19635,"remote_turnaround_us":983,"remote_turnaround_max_us":1441,"p50_us":[6000,8000],"p99_us":[11000,16000],"hist":[0,0,0,0,170,189,13,1,2,0,1,0,0,0,0,0]}}
1791637794.073 {"t":"auth","node":33120,"up_ms":755853,"enrolled":1,"required":1,"verified_peers":2,"verified":2,"cache_hits":753,"refused":0,"rate_limited":0,"stale_epoch":0,"verify_us_max":84403,"link_stack_free_b":1528,"crypto_stack_free_b":1268,"tags_ok":5114,"bad_tag":0,"replayed":0,"untagged":0,"bcast_dropped":0,"beacon_epoch_ignored":0,"tag_us_max":1302}
1791637794.073 {"t":"act","node":33120,"setpoint":0,"has_value":0,"writes_served":0}
1791637794.073 {"t":"peers","node":33120,"own_period_ms":100,"own_busy":0,"channel":1,"scanning":0,"scans":0,"hops":0,"found":0,"lost_to_found_ms":0,"moves_followed":0,"moves_refused":0,"sweeps":0,"sweep_found":0,"sweeping":0,"search_visits":0,"relay":0,"fwd_u":0,"fwd_b":0,"fwd_h":0,"relay_dup":7490,"list":[{"id":29544,"state":"alive","via_relay":0,"period_ms":100,"misses":6,"busy":1,"rtt_n":377},{"id":25344,"state":"alive","via_relay":0,"period_ms":100,"misses":6,"busy":0,"rtt_n":377}]}
1791637794.073 {"t":"ss","node":33120,"accepted":0,"unsigned":0,"unknown_sender":0,"bad_signature":0,"replayed":0,"rate_limited":0,"verify_us_max":0,"floors":[{"src":25344,"epoch":139,"counter":1}]}
1791637794.073 {"t":"rec","node":33120,"up_ms":755948,"settled":1,"sent":3017,"received":2968,"malformed":0,"views":1,"replies_fenced":0,"actors":[{"key":1245650351,"running":0,"term":0,"owner":25344,"owner_term":9,"assigned":25344,"starts":0,"fenced":0,"released":0}]}
1791637794.073 {"t":"node","up_ms":755964,"node":33120,"epoch":293,"peers_alive":2,"peers_dead":0,"no_radio":0,"free_dram":250275,"largest_block":172032,"rx":{"total":35858,"bad_frame":0,"unknown_peer":12,"wrong_dst":0,"short_payload":0,"unknown_opcode":0,"queue_dropped":52},"tx":{"total":13081,"enqueue_err":0,"done_queue_dropped":0},"membership":{"deaths":0,"revivals":0,"reboots_seen":0,"table_full":0,"events_dropped":0}}
1791637794.407 {"t":"ns","node":33120,"hash":13581963,"owner":33120,"kind":"sampled","unit":100,"class":4,"bound_ms":5000,"quality":"GOOD","age_ms":344,"ts":755660,"updates":72,"value":2}
1791637794.407 {"t":"ns","node":33120,"hash":3142365229,"owner":33120,"kind":"sampled","unit":101,"class":4,"bound_ms":30000,"quality":"GOOD","age_ms":358,"ts":755660,"updates":72,"value":172032}
1791637794.407 {"t":"ns","node":33120,"hash":1245650351,"owner":25344,"kind":"sampled","unit":0,"class":3,"bound_ms":500,"quality":"NO_DATA","age_ms":0,"ts":0,"updates":0,"value":null}
1791637794.407 {"t":"ns","node":33120,"hash":2033492666,"owner":33120,"kind":"sampled","unit":0,"class":3,"bound_ms":0,"quality":"NO_DATA","age_ms":0,"ts":0,"updates":0,"value":null}
1791637794.407 {"t":"ns","node":33120,"hash":2347817554,"owner":33120,"kind":"sampled","unit":100,"class":4,"bound_ms":0,"quality":"GOOD","age_ms":400,"ts":755660,"updates":72,"value":293}
1791637794.407 {"t":"ns","node":33120,"hash":1170356950,"owner":33120,"kind":"sampled","unit":80,"class":4,"bound_ms":30000,"quality":"GOOD","age_ms":425,"ts":755660,"updates":72,"value":755}
1791637794.407 {"t":"ns","node":33120,"hash":3085599597,"owner":33120,"kind":"sampled","unit":0,"class":4,"bound_ms":5000,"quality":"GOOD","age_ms":439,"ts":755660,"updates":72,"value":-20}
1791637794.407 {"t":"ns","node":33120,"hash":2486014333,"owner":33120,"kind":"sampled","unit":101,"class":4,"bound_ms":30000,"quality":"GOOD","age_ms":453,"ts":755660,"updates":72,"value":250275}
1791637804.543 {"t":"clk","node":33120,"up_ms":766128}
1791637804.543 {"t":"led","node":33120,"shows":"yellow","app":0}
1791637804.543 {"t":"event","at_ms":756510,"node":33120,"kind":"peer_admitted","peer":29544,"slot":0,"a":0,"b":0}
1791637804.543 {"t":"event","at_ms":756649,"node":33120,"kind":"peer_admitted","peer":25344,"slot":1,"a":0,"b":0}
1791637804.543 {"t":"event","at_ms":758510,"node":33120,"kind":"peer_admitted","peer":29544,"slot":0,"a":0,"b":0}
1791637804.543 {"t":"event","at_ms":758649,"node":33120,"kind":"peer_admitted","peer":25344,"slot":1,"a":0,"b":0}
1791637804.543 {"t":"event","at_ms":760510,"node":33120,"kind":"peer_admitted","peer":29544,"slot":0,"a":0,"b":0}
1791637804.543 {"t":"event","at_ms":760649,"node":33120,"kind":"peer_admitted","peer":25344,"slot":1,"a":0,"b":0}
1791637804.543 {"t":"event","at_ms":762510,"node":33120,"kind":"peer_admitted","peer":29544,"slot":0,"a":0,"b":0}
1791637804.543 {"t":"event","at_ms":762659,"node":33120,"kind":"peer_admitted","peer":25344,"slot":1,"a":0,"b":0}
1791637804.543 {"t":"event","at_ms":764510,"node":33120,"kind":"peer_admitted","peer":29544,"slot":0,"a":0,"b":0}
1791637804.543 {"t":"event","at_ms":764651,"node":33120,"kind":"peer_admitted","peer":25344,"slot":1,"a":0,"b":0}
1791637804.543 {"t":"link","up_ms":766214,"node":33120,"peer":29544,"mac":"b8:1f:3f:da:73:68","state":"alive","epoch":171,"espnow_ver":2,"mtu":1446,"misses":0,"rssi":-10,"tx":{"frames":2676,"cb_ok":2676,"cb_fail":0,"enqueue_err":0,"pdr_ppm":1000000},"rx":{"frames":10694,"lost_seqgap":0,"reorder_dup":0,"dropped_bad":0,"hb_lost":7,"bcast_frames":7637,"pdr_ppm":1000000},"rtt":{"samples":382,"min_us":5425,"max_us":42128,"timeouts":0,"txq_last_us":10426,"txq_max_us":17804,"remote_turnaround_us":860,"remote_turnaround_max_us":27579,"p50_us":[4000,6000],"p99_us":[11000,16000],"hist":[0,0,0,0,310,54,12,3,0,1,1,1,0,0,0,0]}}
1791637804.543 {"t":"link","up_ms":766268,"node":33120,"peer":25344,"mac":"b8:1f:3f:da:63:00","state":"alive","epoch":244,"espnow_ver":2,"mtu":1446,"misses":0,"rssi":-20,"tx":{"frames":2553,"cb_ok":2553,"cb_fail":0,"enqueue_err":0,"pdr_ppm":1000000},"rx":{"frames":10104,"lost_seqgap":1,"reorder_dup":0,"dropped_bad":0,"hb_lost":422,"bcast_frames":7221,"pdr_ppm":999901},"rtt":{"samples":382,"min_us":5736,"max_us":32180,"timeouts":0,"txq_last_us":3205,"txq_max_us":19635,"remote_turnaround_us":1038,"remote_turnaround_max_us":1441,"p50_us":[6000,8000],"p99_us":[11000,16000],"hist":[0,0,0,0,171,193,14,1,2,0,1,0,0,0,0,0]}}
1791637804.543 {"t":"auth","node":33120,"up_ms":766323,"enrolled":1,"required":1,"verified_peers":2,"verified":2,"cache_hits":763,"refused":0,"rate_limited":0,"stale_epoch":0,"verify_us_max":84403,"link_stack_free_b":1528,"crypto_stack_free_b":1268,"tags_ok":5175,"bad_tag":0,"replayed":0,"untagged":0,"bcast_dropped":0,"beacon_epoch_ignored":0,"tag_us_max":1302}
1791637804.543 {"t":"act","node":33120,"setpoint":0,"has_value":0,"writes_served":0}
1791637804.543 {"t":"peers","node":33120,"own_period_ms":100,"own_busy":0,"channel":1,"scanning":0,"scans":0,"hops":0,"found":0,"lost_to_found_ms":0,"moves_followed":0,"moves_refused":0,"sweeps":0,"sweep_found":0,"sweeping":0,"search_visits":0,"relay":0,"fwd_u":0,"fwd_b":0,"fwd_h":0,"relay_dup":7596,"list":[{"id":29544,"state":"alive","via_relay":0,"period_ms":100,"misses":6,"busy":1,"rtt_n":382},{"id":25344,"state":"alive","via_relay":0,"period_ms":100,"misses":6,"busy":0,"rtt_n":382}]}
1791637804.543 {"t":"ss","node":33120,"accepted":0,"unsigned":0,"unknown_sender":0,"bad_signature":0,"replayed":0,"rate_limited":0,"verify_us_max":0,"floors":[{"src":25344,"epoch":139,"counter":1}]}
1791637804.543 {"t":"rec","node":33120,"up_ms":766418,"settled":1,"sent":3059,"received":3002,"malformed":0,"views":1,"replies_fenced":0,"actors":[{"key":1245650351,"running":0,"term":0,"owner":25344,"owner_term":9,"assigned":25344,"starts":0,"fenced":0,"released":0}]}
1791637804.543 {"t":"node","up_ms":766444,"node":33120,"epoch":293,"peers_alive":2,"peers_dead":0,"no_radio":0,"free_dram":250275,"largest_block":172032,"rx":{"total":36351,"bad_frame":0,"unknown_peer":12,"wrong_dst":0,"short_payload":0,"unknown_opcode":0,"queue_dropped":52},"tx":{"total":13260,"enqueue_err":0,"done_queue_dropped":0},"membership":{"deaths":0,"revivals":0,"reboots_seen":0,"table_full":0,"events_dropped":0}}
1791637804.871 {"t":"ns","node":33120,"hash":13581963,"owner":33120,"kind":"sampled","unit":100,"class":4,"bound_ms":5000,"quality":"GOOD","age_ms":343,"ts":766130,"updates":73,"value":2}
1791637804.871 {"t":"ns","node":33120,"hash":3142365229,"owner":33120,"kind":"sampled","unit":101,"class":4,"bound_ms":30000,"quality":"GOOD","age_ms":358,"ts":766129,"updates":73,"value":172032}
1791637804.871 {"t":"ns","node":33120,"hash":1245650351,"owner":25344,"kind":"sampled","unit":0,"class":3,"bound_ms":500,"quality":"NO_DATA","age_ms":0,"ts":0,"updates":0,"value":null}
1791637804.871 {"t":"ns","node":33120,"hash":2033492666,"owner":33120,"kind":"sampled","unit":0,"class":3,"bound_ms":0,"quality":"NO_DATA","age_ms":0,"ts":0,"updates":0,"value":null}
1791637804.871 {"t":"ns","node":33120,"hash":2347817554,"owner":33120,"kind":"sampled","unit":100,"class":4,"bound_ms":0,"quality":"GOOD","age_ms":411,"ts":766129,"updates":73,"value":293}
1791637804.871 {"t":"ns","node":33120,"hash":1170356950,"owner":33120,"kind":"sampled","unit":80,"class":4,"bound_ms":30000,"quality":"GOOD","age_ms":425,"ts":766129,"updates":73,"value":766}
1791637804.871 {"t":"ns","node":33120,"hash":3085599597,"owner":33120,"kind":"sampled","unit":0,"class":4,"bound_ms":5000,"quality":"GOOD","age_ms":438,"ts":766130,"updates":73,"value":-20}
1791637804.871 {"t":"ns","node":33120,"hash":2486014333,"owner":33120,"kind":"sampled","unit":101,"class":4,"bound_ms":30000,"quality":"GOOD","age_ms":453,"ts":766129,"updates":73,"value":250275}
1791637815.013 {"t":"clk","node":33120,"up_ms":776597}
1791637815.013 {"t":"led","node":33120,"shows":"green","app":0}
1791637815.013 {"t":"event","at_ms":766510,"node":33120,"kind":"peer_admitted","peer":29544,"slot":0,"a":0,"b":0}
1791637815.013 {"t":"event","at_ms":766651,"node":33120,"kind":"peer_admitted","peer":25344,"slot":1,"a":0,"b":0}
1791637815.013 {"t":"event","at_ms":768512,"node":33120,"kind":"peer_admitted","peer":29544,"slot":0,"a":0,"b":0}
1791637815.013 {"t":"event","at_ms":768651,"node":33120,"kind":"peer_admitted","peer":25344,"slot":1,"a":0,"b":0}
1791637815.013 {"t":"event","at_ms":770528,"node":33120,"kind":"peer_admitted","peer":29544,"slot":0,"a":0,"b":0}
1791637815.013 {"t":"event","at_ms":770651,"node":33120,"kind":"peer_admitted","peer":25344,"slot":1,"a":0,"b":0}
1791637815.013 {"t":"event","at_ms":772527,"node":33120,"kind":"peer_admitted","peer":29544,"slot":0,"a":0,"b":0}
1791637815.013 {"t":"event","at_ms":772651,"node":33120,"kind":"peer_admitted","peer":25344,"slot":1,"a":0,"b":0}
1791637815.013 {"t":"event","at_ms":774527,"node":33120,"kind":"peer_admitted","peer":29544,"slot":0,"a":0,"b":0}
1791637815.013 {"t":"event","at_ms":774652,"node":33120,"kind":"peer_admitted","peer":25344,"slot":1,"a":0,"b":0}
1791637815.013 {"t":"event","at_ms":776527,"node":33120,"kind":"peer_admitted","peer":29544,"slot":0,"a":0,"b":0}
1791637815.013 {"t":"event","at_ms":776653,"node":33120,"kind":"peer_admitted","peer":25344,"slot":1,"a":0,"b":0}
1791637815.013 {"t":"link","up_ms":776708,"node":33120,"peer":29544,"mac":"b8:1f:3f:da:73:68","state":"alive","epoch":171,"espnow_ver":2,"mtu":1446,"misses":0,"rssi":-11,"tx":{"frames":2713,"cb_ok":2713,"cb_fail":0,"enqueue_err":0,"pdr_ppm":1000000},"rx":{"frames":10841,"lost_seqgap":0,"reorder_dup":0,"dropped_bad":0,"hb_lost":7,"bcast_frames":7742,"pdr_ppm":1000000},"rtt":{"samples":387,"min_us":5425,"max_us":42128,"timeouts":0,"txq_last_us":10426,"txq_max_us":17804,"remote_turnaround_us":831,"remote_turnaround_max_us":27579,"p50_us":[4000,6000],"p99_us":[11000,16000],"hist":[0,0,0,0,315,54,12,3,0,1,1,1,0,0,0,0]}}
1791637815.013 {"t":"link","up_ms":776751,"node":33120,"peer":25344,"mac":"b8:1f:3f:da:63:00","state":"alive","epoch":244,"espnow_ver":2,"mtu":1446,"misses":0,"rssi":-20,"tx":{"frames":2589,"cb_ok":2589,"cb_fail":0,"enqueue_err":0,"pdr_ppm":1000000},"rx":{"frames":10236,"lost_seqgap":1,"reorder_dup":0,"dropped_bad":0,"hb_lost":428,"bcast_frames":7319,"pdr_ppm":999902},"rtt":{"samples":387,"min_us":5736,"max_us":32180,"timeouts":0,"txq_last_us":3205,"txq_max_us":19635,"remote_turnaround_us":1048,"remote_turnaround_max_us":1441,"p50_us":[6000,8000],"p99_us":[11000,16000],"hist":[0,0,0,0,173,196,14,1,2,0,1,0,0,0,0,0]}}
1791637815.013 {"t":"auth","node":33120,"up_ms":776806,"enrolled":1,"required":1,"verified_peers":2,"verified":2,"cache_hits":775,"refused":0,"rate_limited":0,"stale_epoch":0,"verify_us_max":84403,"link_stack_free_b":1528,"crypto_stack_free_b":1268,"tags_ok":5240,"bad_tag":0,"replayed":0,"untagged":0,"bcast_dropped":0,"beacon_epoch_ignored":0,"tag_us_max":1302}
1791637815.013 {"t":"act","node":33120,"setpoint":0,"has_value":0,"writes_served":0}
1791637815.013 {"t":"peers","node":33120,"own_period_ms":100,"own_busy":0,"channel":1,"scanning":0,"scans":0,"hops":0,"found":0,"lost_to_found_ms":0,"moves_followed":0,"moves_refused":0,"sweeps":0,"sweep_found":0,"sweeping":0,"search_visits":0,"relay":0,"fwd_u":0,"fwd_b":0,"fwd_h":0,"relay_dup":7701,"list":[{"id":29544,"state":"alive","via_relay":0,"period_ms":100,"misses":6,"busy":1,"rtt_n":388},{"id":25344,"state":"alive","via_relay":0,"period_ms":100,"misses":6,"busy":0,"rtt_n":387}]}
1791637815.013 {"t":"ss","node":33120,"accepted":0,"unsigned":0,"unknown_sender":0,"bad_signature":0,"replayed":0,"rate_limited":0,"verify_us_max":0,"floors":[{"src":25344,"epoch":139,"counter":1}]}
1791637815.013 {"t":"rec","node":33120,"up_ms":776901,"settled":1,"sent":3100,"received":3035,"malformed":0,"views":1,"replies_fenced":0,"actors":[{"key":1245650351,"running":0,"term":0,"owner":25344,"owner_term":9,"assigned":25344,"starts":0,"fenced":0,"released":0}]}
1791637815.353 {"t":"node","up_ms":776927,"node":33120,"epoch":293,"peers_alive":2,"peers_dead":0,"no_radio":0,"free_dram":250275,"largest_block":172032,"rx":{"total":36844,"bad_frame":0,"unknown_peer":12,"wrong_dst":0,"short_payload":0,"unknown_opcode":0,"queue_dropped":52},"tx":{"total":13444,"enqueue_err":0,"done_queue_dropped":0},"membership":{"deaths":0,"revivals":0,"reboots_seen":0,"table_full":0,"events_dropped":0}}
1791637815.353 {"t":"ns","node":33120,"hash":13581963,"owner":33120,"kind":"sampled","unit":100,"class":4,"bound_ms":5000,"quality":"GOOD","age_ms":357,"ts":776599,"updates":74,"value":2}
1791637815.353 {"t":"ns","node":33120,"hash":3142365229,"owner":33120,"kind":"sampled","unit":101,"class":4,"bound_ms":30000,"quality":"GOOD","age_ms":384,"ts":776598,"updates":74,"value":172032}
1791637815.353 {"t":"ns","node":33120,"hash":1245650351,"owner":25344,"kind":"sampled","unit":0,"class":3,"bound_ms":500,"quality":"NO_DATA","age_ms":0,"ts":0,"updates":0,"value":null}
1791637815.353 {"t":"ns","node":33120,"hash":2033492666,"owner":33120,"kind":"sampled","unit":0,"class":3,"bound_ms":0,"quality":"NO_DATA","age_ms":0,"ts":0,"updates":0,"value":null}
1791637815.353 {"t":"ns","node":33120,"hash":2347817554,"owner":33120,"kind":"sampled","unit":100,"class":4,"bound_ms":0,"quality":"GOOD","age_ms":425,"ts":776598,"updates":74,"value":293}
1791637815.353 {"t":"ns","node":33120,"hash":1170356950,"owner":33120,"kind":"sampled","unit":80,"class":4,"bound_ms":30000,"quality":"GOOD","age_ms":439,"ts":776598,"updates":74,"value":776}
1791637815.353 {"t":"ns","node":33120,"hash":3085599597,"owner":33120,"kind":"sampled","unit":0,"class":4,"bound_ms":5000,"quality":"GOOD","age_ms":453,"ts":776599,"updates":74,"value":-20}
1791637815.353 {"t":"ns","node":33120,"hash":2486014333,"owner":33120,"kind":"sampled","unit":101,"class":4,"bound_ms":30000,"quality":"GOOD","age_ms":468,"ts":776598,"updates":74,"value":250275}
1791637825.497 {"t":"clk","node":33120,"up_ms":787081}
1791637825.497 {"t":"led","node":33120,"shows":"yellow","app":0}
1791637825.497 {"t":"event","at_ms":778527,"node":33120,"kind":"peer_admitted","peer":29544,"slot":0,"a":0,"b":0}
1791637825.497 {"t":"event","at_ms":778654,"node":33120,"kind":"peer_admitted","peer":25344,"slot":1,"a":0,"b":0}
1791637825.497 {"t":"event","at_ms":780537,"node":33120,"kind":"peer_admitted","peer":29544,"slot":0,"a":0,"b":0}
1791637825.497 {"t":"event","at_ms":780651,"node":33120,"kind":"peer_admitted","peer":25344,"slot":1,"a":0,"b":0}
1791637825.497 {"t":"event","at_ms":782536,"node":33120,"kind":"peer_admitted","peer":29544,"slot":0,"a":0,"b":0}
1791637825.497 {"t":"event","at_ms":782651,"node":33120,"kind":"peer_admitted","peer":25344,"slot":1,"a":0,"b":0}
1791637825.497 {"t":"event","at_ms":784545,"node":33120,"kind":"peer_admitted","peer":29544,"slot":0,"a":0,"b":0}
1791637825.497 {"t":"event","at_ms":784651,"node":33120,"kind":"peer_admitted","peer":25344,"slot":1,"a":0,"b":0}
1791637825.497 {"t":"event","at_ms":786537,"node":33120,"kind":"peer_admitted","peer":29544,"slot":0,"a":0,"b":0}
1791637825.497 {"t":"event","at_ms":786651,"node":33120,"kind":"peer_admitted","peer":25344,"slot":1,"a":0,"b":0}
1791637825.497 {"t":"link","up_ms":787165,"node":33120,"peer":29544,"mac":"b8:1f:3f:da:73:68","state":"alive","epoch":171,"espnow_ver":2,"mtu":1446,"misses":0,"rssi":-10,"tx":{"frames":2750,"cb_ok":2750,"cb_fail":0,"enqueue_err":0,"pdr_ppm":1000000},"rx":{"frames":10986,"lost_seqgap":0,"reorder_dup":0,"dropped_bad":0,"hb_lost":8,"bcast_frames":7846,"pdr_ppm":1000000},"rtt":{"samples":393,"min_us":5425,"max_us":42128,"timeouts":0,"txq_last_us":8260,"txq_max_us":17804,"remote_turnaround_us":813,"remote_turnaround_max_us":27579,"p50_us":[4000,6000],"p99_us":[11000,16000],"hist":[0,0,0,0,319,55,12,4,0,1,1,1,0,0,0,0]}}
1791637825.497 {"t":"link","up_ms":787219,"node":33120,"peer":25344,"mac":"b8:1f:3f:da:63:00","state":"alive","epoch":244,"espnow_ver":2,"mtu":1446,"misses":0,"rssi":-20,"tx":{"frames":2623,"cb_ok":2623,"cb_fail":0,"enqueue_err":0,"pdr_ppm":1000000},"rx":{"frames":10366,"lost_seqgap":1,"reorder_dup":0,"dropped_bad":0,"hb_lost":435,"bcast_frames":7417,"pdr_ppm":999903},"rtt":{"samples":392,"min_us":5736,"max_us":32180,"timeouts":0,"txq_last_us":3205,"txq_max_us":19635,"remote_turnaround_us":940,"remote_turnaround_max_us":1441,"p50_us":[6000,8000],"p99_us":[11000,16000],"hist":[0,0,0,0,174,200,14,1,2,0,1,0,0,0,0,0]}}
1791637825.497 {"t":"auth","node":33120,"up_ms":787274,"enrolled":1,"required":1,"verified_peers":2,"verified":2,"cache_hits":785,"refused":0,"rate_limited":0,"stale_epoch":0,"verify_us_max":84403,"link_stack_free_b":1528,"crypto_stack_free_b":1268,"tags_ok":5302,"bad_tag":0,"replayed":0,"untagged":0,"bcast_dropped":0,"beacon_epoch_ignored":0,"tag_us_max":1302}
1791637825.497 {"t":"act","node":33120,"setpoint":0,"has_value":0,"writes_served":0}
1791637825.497 {"t":"peers","node":33120,"own_period_ms":100,"own_busy":0,"channel":1,"scanning":0,"scans":0,"hops":0,"found":0,"lost_to_found_ms":0,"moves_followed":0,"moves_refused":0,"sweeps":0,"sweep_found":0,"sweeping":0,"search_visits":0,"relay":0,"fwd_u":0,"fwd_b":0,"fwd_h":0,"relay_dup":7803,"list":[{"id":29544,"state":"alive","via_relay":0,"period_ms":100,"misses":6,"busy":1,"rtt_n":393},{"id":25344,"state":"alive","via_relay":0,"period_ms":100,"misses":6,"busy":0,"rtt_n":392}]}
1791637825.497 {"t":"ss","node":33120,"accepted":0,"unsigned":0,"unknown_sender":0,"bad_signature":0,"replayed":0,"rate_limited":0,"verify_us_max":0,"floors":[{"src":25344,"epoch":139,"counter":1}]}
1791637825.497 {"t":"rec","node":33120,"up_ms":787369,"settled":1,"sent":3142,"received":3070,"malformed":0,"views":1,"replies_fenced":0,"actors":[{"key":1245650351,"running":0,"term":0,"owner":25344,"owner_term":9,"assigned":25344,"starts":0,"fenced":0,"released":0}]}
1791637825.497 {"t":"node","up_ms":787395,"node":33120,"epoch":293,"peers_alive":2,"peers_dead":0,"no_radio":0,"free_dram":250275,"largest_block":172032,"rx":{"total":37329,"bad_frame":0,"unknown_peer":12,"wrong_dst":0,"short_payload":0,"unknown_opcode":0,"queue_dropped":52},"tx":{"total":13624,"enqueue_err":0,"done_queue_dropped":0},"membership":{"deaths":0,"revivals":0,"reboots_seen":0,"table_full":0,"events_dropped":0}}
1791637825.819 {"t":"ns","node":33120,"hash":13581963,"owner":33120,"kind":"sampled","unit":100,"class":4,"bound_ms":5000,"quality":"GOOD","age_ms":340,"ts":787083,"updates":75,"value":2}
1791637825.819 {"t":"ns","node":33120,"hash":3142365229,"owner":33120,"kind":"sampled","unit":101,"class":4,"bound_ms":30000,"quality":"GOOD","age_ms":356,"ts":787082,"updates":75,"value":172032}
1791637825.819 {"t":"ns","node":33120,"hash":1245650351,"owner":25344,"kind":"sampled","unit":0,"class":3,"bound_ms":500,"quality":"NO_DATA","age_ms":0,"ts":0,"updates":0,"value":null}
1791637825.819 {"t":"ns","node":33120,"hash":2033492666,"owner":33120,"kind":"sampled","unit":0,"class":3,"bound_ms":0,"quality":"NO_DATA","age_ms":0,"ts":0,"updates":0,"value":null}
1791637825.819 {"t":"ns","node":33120,"hash":2347817554,"owner":33120,"kind":"sampled","unit":100,"class":4,"bound_ms":0,"quality":"GOOD","age_ms":409,"ts":787082,"updates":75,"value":293}
1791637825.819 {"t":"ns","node":33120,"hash":1170356950,"owner":33120,"kind":"sampled","unit":80,"class":4,"bound_ms":30000,"quality":"GOOD","age_ms":423,"ts":787082,"updates":75,"value":787}
1791637825.819 {"t":"ns","node":33120,"hash":3085599597,"owner":33120,"kind":"sampled","unit":0,"class":4,"bound_ms":5000,"quality":"GOOD","age_ms":436,"ts":787083,"updates":75,"value":-20}
1791637825.819 {"t":"ns","node":33120,"hash":2486014333,"owner":33120,"kind":"sampled","unit":101,"class":4,"bound_ms":30000,"quality":"GOOD","age_ms":451,"ts":787082,"updates":75,"value":250275}
1791637835.961 {"t":"clk","node":33120,"up_ms":797547}
1791637835.961 {"t":"led","node":33120,"shows":"green","app":0}
1791637835.961 {"t":"event","at_ms":788537,"node":33120,"kind":"peer_admitted","peer":29544,"slot":0,"a":0,"b":0}
1791637835.961 {"t":"event","at_ms":790553,"node":33120,"kind":"peer_admitted","peer":29544,"slot":0,"a":0,"b":0}
1791637835.961 {"t":"event","at_ms":790653,"node":33120,"kind":"peer_admitted","peer":25344,"slot":1,"a":0,"b":0}
1791637835.961 {"t":"event","at_ms":792551,"node":33120,"kind":"peer_admitted","peer":29544,"slot":0,"a":0,"b":0}
1791637835.961 {"t":"event","at_ms":792653,"node":33120,"kind":"peer_admitted","peer":25344,"slot":1,"a":0,"b":0}
1791637835.961 {"t":"event","at_ms":794554,"node":33120,"kind":"peer_admitted","peer":29544,"slot":0,"a":0,"b":0}
1791637835.961 {"t":"event","at_ms":794653,"node":33120,"kind":"peer_admitted","peer":25344,"slot":1,"a":0,"b":0}
1791637835.961 {"t":"event","at_ms":796553,"node":33120,"kind":"peer_admitted","peer":29544,"slot":0,"a":0,"b":0}
1791637835.961 {"t":"event","at_ms":796670,"node":33120,"kind":"peer_admitted","peer":25344,"slot":1,"a":0,"b":0}
1791637835.961 {"t":"link","up_ms":797630,"node":33120,"peer":29544,"mac":"b8:1f:3f:da:73:68","state":"alive","epoch":171,"espnow_ver":2,"mtu":1446,"misses":0,"rssi":-10,"tx":{"frames":2786,"cb_ok":2786,"cb_fail":0,"enqueue_err":0,"pdr_ppm":1000000},"rx":{"frames":11128,"lost_seqgap":0,"reorder_dup":0,"dropped_bad":0,"hb_lost":8,"bcast_frames":7948,"pdr_ppm":1000000},"rtt":{"samples":398,"min_us":5425,"max_us":42128,"timeouts":0,"txq_last_us":3522,"txq_max_us":17804,"remote_turnaround_us":856,"remote_turnaround_max_us":27579,"p50_us":[4000,6000],"p99_us":[11000,16000],"hist":[0,0,0,0,321,57,13,4,0,1,1,1,0,0,0,0]}}
1791637835.961 {"t":"link","up_ms":797684,"node":33120,"peer":25344,"mac":"b8:1f:3f:da:63:00","state":"alive","epoch":244,"espnow_ver":2,"mtu":1446,"misses":0,"rssi":-20,"tx":{"frames":2657,"cb_ok":2657,"cb_fail":0,"enqueue_err":0,"pdr_ppm":1000000},"rx":{"frames":10500,"lost_seqgap":1,"reorder_dup":0,"dropped_bad":0,"hb_lost":438,"bcast_frames":7519,"pdr_ppm":999904},"rtt":{"samples":397,"min_us":5736,"max_us":32180,"timeouts":0,"txq_last_us":3205,"txq_max_us":19635,"remote_turnaround_us":916,"remote_turnaround_max_us":1441,"p50_us":[6000,8000],"p99_us":[11000,16000],"hist":[0,0,0,0,175,203,15,1,2,0,1,0,0,0,0,0]}}
1791637835.961 {"t":"auth","node":33120,"up_ms":797728,"enrolled":1,"required":1,"verified_peers":2,"verified":2,"cache_hits":794,"refused":0,"rate_limited":0,"stale_epoch":0,"verify_us_max":84403,"link_stack_free_b":1528,"crypto_stack_free_b":1268,"tags_ok":5366,"bad_tag":0,"replayed":0,"untagged":0,"bcast_dropped":0,"beacon_epoch_ignored":0,"tag_us_max":1302}
1791637835.961 {"t":"act","node":33120,"setpoint":0,"has_value":0,"writes_served":0}
1791637835.961 {"t":"peers","node":33120,"own_period_ms":100,"own_busy":0,"channel":1,"scanning":0,"scans":0,"hops":0,"found":0,"lost_to_found_ms":0,"moves_followed":0,"moves_refused":0,"sweeps":0,"sweep_found":0,"sweeping":0,"search_visits":0,"relay":0,"fwd_u":0,"fwd_b":0,"fwd_h":0,"relay_dup":7909,"list":[{"id":29544,"state":"alive","via_relay":0,"period_ms":100,"misses":6,"busy":1,"rtt_n":398},{"id":25344,"state":"alive","via_relay":0,"period_ms":100,"misses":6,"busy":0,"rtt_n":398}]}
1791637835.961 {"t":"ss","node":33120,"accepted":0,"unsigned":0,"unknown_sender":0,"bad_signature":0,"replayed":0,"rate_limited":0,"verify_us_max":0,"floors":[{"src":25344,"epoch":139,"counter":1}]}
1791637835.961 {"t":"rec","node":33120,"up_ms":797822,"settled":1,"sent":3184,"received":3104,"malformed":0,"views":1,"replies_fenced":0,"actors":[{"key":1245650351,"running":0,"term":0,"owner":25344,"owner_term":9,"assigned":25344,"starts":0,"fenced":0,"released":0}]}
1791637835.961 {"t":"node","up_ms":797849,"node":33120,"epoch":293,"peers_alive":2,"peers_dead":0,"no_radio":0,"free_dram":250275,"largest_block":172032,"rx":{"total":37820,"bad_frame":0,"unknown_peer":12,"wrong_dst":0,"short_payload":0,"unknown_opcode":0,"queue_dropped":52},"tx":{"total":13805,"enqueue_err":0,"done_queue_dropped":0},"membership":{"deaths":0,"revivals":0,"reboots_seen":0,"table_full":0,"events_dropped":0}}
1791637836.279 {"t":"ns","node":33120,"hash":13581963,"owner":33120,"kind":"sampled","unit":100,"class":4,"bound_ms":5000,"quality":"GOOD","age_ms":340,"ts":797549,"updates":76,"value":2}
1791637836.279 {"t":"ns","node":33120,"hash":3142365229,"owner":33120,"kind":"sampled","unit":101,"class":4,"bound_ms":30000,"quality":"GOOD","age_ms":355,"ts":797548,"updates":76,"value":172032}
1791637836.279 {"t":"ns","node":33120,"hash":1245650351,"owner":25344,"kind":"sampled","unit":0,"class":3,"bound_ms":500,"quality":"NO_DATA","age_ms":0,"ts":0,"updates":0,"value":null}
1791637836.279 {"t":"ns","node":33120,"hash":2033492666,"owner":33120,"kind":"sampled","unit":0,"class":3,"bound_ms":0,"quality":"NO_DATA","age_ms":0,"ts":0,"updates":0,"value":null}
1791637836.279 {"t":"ns","node":33120,"hash":2347817554,"owner":33120,"kind":"sampled","unit":100,"class":4,"bound_ms":0,"quality":"GOOD","age_ms":396,"ts":797548,"updates":76,"value":293}
1791637836.279 {"t":"ns","node":33120,"hash":1170356950,"owner":33120,"kind":"sampled","unit":80,"class":4,"bound_ms":30000,"quality":"GOOD","age_ms":411,"ts":797548,"updates":76,"value":797}
1791637836.279 {"t":"ns","node":33120,"hash":3085599597,"owner":33120,"kind":"sampled","unit":0,"class":4,"bound_ms":5000,"quality":"GOOD","age_ms":425,"ts":797549,"updates":76,"value":-20}
1791637836.279 {"t":"ns","node":33120,"hash":2486014333,"owner":33120,"kind":"sampled","unit":101,"class":4,"bound_ms":30000,"quality":"GOOD","age_ms":440,"ts":797548,"updates":76,"value":250275}
1791637836.729 W (799658) pot.m0: peer 0x7368 declared DEAD after 6 misses (628 ms silent)
1791637839.259 W (802190) pot.m0: peer 0x7368 rebooted, epoch now 172
1791637846.421 {"t":"clk","node":33120,"up_ms":808003}
1791637846.421 {"t":"led","node":33120,"shows":"green","app":0}
1791637846.421 {"t":"event","at_ms":798458,"node":33120,"kind":"peer_dead","peer":29544,"slot":0,"a":6,"b":628}
1791637846.421 {"t":"event","at_ms":798574,"node":33120,"kind":"peer_admitted","peer":25344,"slot":1,"a":0,"b":0}
1791637846.421 {"t":"event","at_ms":798654,"node":33120,"kind":"peer_admitted","peer":25344,"slot":1,"a":0,"b":0}
1791637846.421 {"t":"event","at_ms":798809,"node":33120,"kind":"peer_admitted","peer":25344,"slot":1,"a":0,"b":0}
1791637846.421 {"t":"event","at_ms":799108,"node":33120,"kind":"peer_admitted","peer":25344,"slot":1,"a":0,"b":0}
1791637846.421 {"t":"event","at_ms":799408,"node":33120,"kind":"peer_admitted","peer":25344,"slot":1,"a":0,"b":0}
1791637846.421 {"t":"event","at_ms":799706,"node":33120,"kind":"peer_admitted","peer":25344,"slot":1,"a":0,"b":0}
1791637846.421 {"t":"event","at_ms":799803,"node":33120,"kind":"probe_timeout","peer":29544,"slot":0,"a":1992,"b":0}
1791637846.422 {"t":"event","at_ms":800010,"node":33120,"kind":"peer_admitted","peer":25344,"slot":1,"a":0,"b":0}
1791637846.422 {"t":"event","at_ms":800309,"node":33120,"kind":"peer_admitted","peer":25344,"slot":1,"a":0,"b":0}
1791637846.422 {"t":"event","at_ms":800610,"node":33120,"kind":"peer_admitted","peer":25344,"slot":1,"a":0,"b":0}
1791637846.422 {"t":"event","at_ms":800654,"node":33120,"kind":"peer_admitted","peer":25344,"slot":1,"a":0,"b":0}
1791637846.422 {"t":"event","at_ms":800990,"node":33120,"kind":"peer_rebooted","peer":29544,"slot":0,"a":172,"b":0}
1791637846.422 {"t":"event","at_ms":800993,"node":33120,"kind":"peer_admitted","peer":29544,"slot":0,"a":0,"b":0}
1791637846.422 {"t":"event","at_ms":800995,"node":33120,"kind":"peer_admitted","peer":25344,"slot":1,"a":0,"b":0}
1791637846.422 {"t":"event","at_ms":801141,"node":33120,"kind":"peer_admitted","peer":25344,"slot":1,"a":0,"b":0}
1791637846.422 {"t":"event","at_ms":801227,"node":33120,"kind":"peer_admitted","peer":25344,"slot":1,"a":0,"b":0}
1791637846.422 {"t":"event","at_ms":801229,"node":33120,"kind":"peer_admitted","peer":29544,"slot":0,"a":0,"b":0}
1791637846.422 {"t":"event","at_ms":801498,"node":33120,"kind":"channel_changed","peer":0,"slot":255,"a":1,"b":7}
1791637846.422 {"t":"event","at_ms":801616,"node":33120,"kind":"peer_admitted","peer":25344,"slot":1,"a":0,"b":0}
1791637846.422 {"t":"event","at_ms":802654,"node":33120,"kind":"peer_admitted","peer":25344,"slot":1,"a":0,"b":0}
1791637846.422 {"t":"event","at_ms":803621,"node":33120,"kind":"peer_admitted","peer":25344,"slot":1,"a":0,"b":0}
1791637846.422 {"t":"event","at_ms":803803,"node":33120,"kind":"probe_timeout","peer":29544,"slot":0,"a":1998,"b":0}
1791637846.422 {"t":"event","at_ms":804755,"node":33120,"kind":"peer_admitted","peer":25344,"slot":1,"a":0,"b":0}
1791637846.422 {"t":"event","at_ms":805022,"node":33120,"kind":"peer_admitted","peer":29544,"slot":0,"a":0,"b":0}
1791637846.422 {"t":"event","at_ms":805321,"node":33120,"kind":"peer_admitted","peer":29544,"slot":0,"a":0,"b":0}
1791637846.422 {"t":"event","at_ms":805324,"node":33120,"kind":"peer_admitted","peer":29544,"slot":0,"a":0,"b":0}
1791637846.422 {"t":"event","at_ms":805416,"node":33120,"kind":"peer_admitted","peer":29544,"slot":0,"a":0,"b":0}
1791637846.422 {"t":"event","at_ms":805803,"node":33120,"kind":"probe_timeout","peer":29544,"slot":0,"a":2003,"b":0}
1791637846.422 {"t":"event","at_ms":806654,"node":33120,"kind":"peer_admitted","peer":25344,"slot":1,"a":0,"b":0}
1791637846.422 {"t":"event","at_ms":807016,"node":33120,"kind":"peer_admitted","peer":29544,"slot":0,"a":0,"b":0}
1791637846.422 {"t":"link","up_ms":808278,"node":33120,"peer":29544,"mac":"b8:1f:3f:da:73:68","state":"alive","epoch":172,"espnow_ver":2,"mtu":1446,"misses":0,"rssi":-10,"tx":{"frames":2817,"cb_ok":2805,"cb_fail":12,"enqueue_err":0,"pdr_ppm":995740},"rx":{"frames":11200,"lost_seqgap":5,"reorder_dup":0,"dropped_bad":0,"hb_lost":40,"bcast_frames":7991,"pdr_ppm":999553},"rtt":{"samples":399,"min_us":5425,"max_us":42128,"timeouts":3,"txq_last_us":3522,"txq_max_us":17804,"remote_turnaround_us":876,"remote_turnaround_max_us":27579,"p50_us":[4000,6000],"p99_us":[11000,16000],"hist":[0,0,0,0,321,58,13,4,0,1,1,1,0,0,0,0]}}
1791637846.935 {"t":"link","up_ms":808331,"node":33120,"peer":25344,"mac":"b8:1f:3f:da:63:00","state":"alive","epoch":244,"espnow_ver":2,"mtu":1446,"misses":0,"rssi":-19,"tx":{"frames":2710,"cb_ok":2710,"cb_fail":0,"enqueue_err":0,"pdr_ppm":1000000},"rx":{"frames":10663,"lost_seqgap":1,"reorder_dup":0,"dropped_bad":0,"hb_lost":441,"bcast_frames":7622,"pdr_ppm":999906},"rtt":{"samples":403,"min_us":5736,"max_us":33270,"timeouts":0,"txq_last_us":23419,"txq_max_us":23419,"remote_turnaround_us":992,"remote_turnaround_max_us":1441,"p50_us":[6000,8000],"p99_us":[11000,16000],"hist":[0,0,0,0,177,204,17,1,2,0,2,0,0,0,0,0]}}
1791637846.935 {"t":"auth","node":33120,"up_ms":808386,"enrolled":1,"required":1,"verified_peers":2,"verified":8,"cache_hits":813,"refused":0,"rate_limited":0,"stale_epoch":0,"verify_us_max":85172,"link_stack_free_b":1528,"crypto_stack_free_b":1268,"tags_ok":5429,"bad_tag":0,"replayed":0,"untagged":0,"bcast_dropped":0,"beacon_epoch_ignored":0,"tag_us_max":1302}
1791637846.935 {"t":"act","node":33120,"setpoint":0,"has_value":0,"writes_served":0}
1791637846.935 {"t":"peers","node":33120,"own_period_ms":100,"own_busy":0,"channel":1,"scanning":0,"scans":0,"hops":10,"found":0,"lost_to_found_ms":0,"moves_followed":0,"moves_refused":0,"sweeps":1,"sweep_found":0,"sweeping":0,"search_visits":1,"relay":0,"fwd_u":0,"fwd_b":0,"fwd_h":0,"relay_dup":7956,"list":[{"id":29544,"state":"alive","via_relay":0,"period_ms":100,"misses":6,"busy":1,"rtt_n":399},{"id":25344,"state":"alive","via_relay":0,"period_ms":100,"misses":6,"busy":0,"rtt_n":403}]}
1791637846.935 {"t":"ss","node":33120,"accepted":0,"unsigned":0,"unknown_sender":0,"bad_signature":0,"replayed":0,"rate_limited":0,"verify_us_max":0,"floors":[{"src":25344,"epoch":139,"counter":1}]}
1791637846.935 {"t":"rec","node":33120,"up_ms":808470,"settled":1,"sent":3226,"received":3133,"malformed":0,"views":3,"replies_fenced":0,"actors":[{"key":1245650351,"running":0,"term":0,"owner":25344,"owner_term":9,"assigned":25344,"starts":0,"fenced":0,"released":0}]}
1791637846.935 {"t":"node","up_ms":808496,"node":33120,"epoch":293,"peers_alive":2,"peers_dead":0,"no_radio":0,"free_dram":250151,"largest_block":172032,"rx":{"total":38151,"bad_frame":0,"unknown_peer":12,"wrong_dst":0,"short_payload":0,"unknown_opcode":0,"queue_dropped":52},"tx":{"total":14013,"enqueue_err":0,"done_queue_dropped":0},"membership":{"deaths":1,"revivals":0,"reboots_seen":1,"table_full":0,"events_dropped":0}}
1791637846.935 {"t":"ns","node":33120,"hash":13581963,"owner":33120,"kind":"sampled","unit":100,"class":4,"bound_ms":5000,"quality":"GOOD","age_ms":532,"ts":808004,"updates":77,"value":2}
1791637846.935 {"t":"ns","node":33120,"hash":3142365229,"owner":33120,"kind":"sampled","unit":101,"class":4,"bound_ms":30000,"quality":"GOOD","age_ms":546,"ts":808004,"updates":77,"value":172032}
1791637846.935 {"t":"ns","node":33120,"hash":1245650351,"owner":25344,"kind":"sampled","unit":0,"class":3,"bound_ms":500,"quality":"NO_DATA","age_ms":0,"ts":0,"updates":0,"value":null}
1791637846.935 {"t":"ns","node":33120,"hash":2033492666,"owner":33120,"kind":"sampled","unit":0,"class":3,"bound_ms":0,"quality":"NO_DATA","age_ms":0,"ts":0,"updates":0,"value":null}
1791637846.935 {"t":"ns","node":33120,"hash":2347817554,"owner":33120,"kind":"sampled","unit":100,"class":4,"bound_ms":0,"quality":"GOOD","age_ms":588,"ts":808004,"updates":77,"value":293}
1791637846.935 {"t":"ns","node":33120,"hash":1170356950,"owner":33120,"kind":"sampled","unit":80,"class":4,"bound_ms":30000,"quality":"GOOD","age_ms":602,"ts":808004,"updates":77,"value":808}
1791637846.935 {"t":"ns","node":33120,"hash":3085599597,"owner":33120,"kind":"sampled","unit":0,"class":4,"bound_ms":5000,"quality":"GOOD","age_ms":615,"ts":808005,"updates":77,"value":-19}
1791637846.935 {"t":"ns","node":33120,"hash":2486014333,"owner":33120,"kind":"sampled","unit":101,"class":4,"bound_ms":30000,"quality":"GOOD","age_ms":641,"ts":808004,"updates":77,"value":250151}
1791637851.268 I (814196) pot.m0: fw: begin counter 5, 848272 B: ok
1791637857.105 {"t":"clk","node":33120,"up_ms":818660}
1791637857.105 {"t":"led","node":33120,"shows":"green","app":0}
1791637857.105 {"t":"event","at_ms":808655,"node":33120,"kind":"peer_admitted","peer":25344,"slot":1,"a":0,"b":0}
1791637857.105 {"t":"event","at_ms":809015,"node":33120,"kind":"peer_admitted","peer":29544,"slot":0,"a":0,"b":0}
1791637857.105 {"t":"event","at_ms":810654,"node":33120,"kind":"peer_admitted","peer":25344,"slot":1,"a":0,"b":0}
1791637857.105 {"t":"event","at_ms":811015,"node":33120,"kind":"peer_admitted","peer":29544,"slot":0,"a":0,"b":0}
1791637857.105 {"t":"event","at_ms":812654,"node":33120,"kind":"peer_admitted","peer":25344,"slot":1,"a":0,"b":0}
1791637857.105 {"t":"event","at_ms":813015,"node":33120,"kind":"peer_admitted","peer":29544,"slot":0,"a":0,"b":0}
1791637857.105 {"t":"event","at_ms":814665,"node":33120,"kind":"peer_admitted","peer":25344,"slot":1,"a":0,"b":0}
1791637857.105 {"t":"event","at_ms":815015,"node":33120,"kind":"peer_admitted","peer":29544,"slot":0,"a":0,"b":0}
1791637857.105 {"t":"event","at_ms":816654,"node":33120,"kind":"peer_admitted","peer":25344,"slot":1,"a":0,"b":0}
1791637857.105 {"t":"event","at_ms":817015,"node":33120,"kind":"peer_admitted","peer":29544,"slot":0,"a":0,"b":0}
1791637857.105 {"t":"event","at_ms":818654,"node":33120,"kind":"peer_admitted","peer":25344,"slot":1,"a":0,"b":0}
1791637857.105 {"t":"link","up_ms":818759,"node":33120,"peer":29544,"mac":"b8:1f:3f:da:73:68","state":"alive","epoch":172,"espnow_ver":2,"mtu":1446,"misses":0,"rssi":-11,"tx":{"frames":2853,"cb_ok":2841,"cb_fail":12,"enqueue_err":0,"pdr_ppm":995793},"rx":{"frames":11346,"lost_seqgap":5,"reorder_dup":0,"dropped_bad":0,"hb_lost":40,"bcast_frames":8096,"pdr_ppm":999559},"rtt":{"samples":404,"min_us":5425,"max_us":42128,"timeouts":3,"txq_last_us":3522,"txq_max_us":17804,"remote_turnaround_us":867,"remote_turnaround_max_us":27579,"p50_us":[4000,6000],"p99_us":[11000,16000],"hist":[0,0,0,0,326,58,13,4,0,1,1,1,0,0,0,0]}}
1791637857.105 {"t":"link","up_ms":818847,"node":33120,"peer":25344,"mac":"b8:1f:3f:da:63:00","state":"alive","epoch":244,"espnow_ver":2,"mtu":1446,"misses":0,"rssi":-20,"tx":{"frames":2800,"cb_ok":2800,"cb_fail":0,"enqueue_err":0,"pdr_ppm":1000000},"rx":{"frames":10853,"lost_seqgap":1,"reorder_dup":0,"dropped_bad":0,"hb_lost":445,"bcast_frames":7723,"pdr_ppm":999907},"rtt":{"samples":408,"min_us":5736,"max_us":33270,"timeouts":0,"txq_last_us":14051,"txq_max_us":23419,"remote_turnaround_us":1003,"remote_turnaround_max_us":1441,"p50_us":[6000,8000],"p99_us":[16000,22000],"hist":[0,0,0,0,179,206,17,1,3,0,2,0,0,0,0,0]}}
1791637857.105 {"t":"auth","node":33120,"up_ms":818890,"enrolled":1,"required":1,"verified_peers":2,"verified":8,"cache_hits":824,"refused":0,"rate_limited":0,"stale_epoch":0,"verify_us_max":85172,"link_stack_free_b":1528,"crypto_stack_free_b":1268,"tags_ok":5549,"bad_tag":0,"replayed":0,"untagged":0,"bcast_dropped":0,"beacon_epoch_ignored":0,"tag_us_max":2272}
1791637857.105 {"t":"act","node":33120,"setpoint":0,"has_value":0,"writes_served":0}
1791637857.105 {"t":"peers","node":33120,"own_period_ms":100,"own_busy":0,"channel":1,"scanning":0,"scans":0,"hops":10,"found":0,"lost_to_found_ms":0,"moves_followed":0,"moves_refused":0,"sweeps":1,"sweep_found":0,"sweeping":0,"search_visits":1,"relay":0,"fwd_u":0,"fwd_b":0,"fwd_h":0,"relay_dup":8063,"list":[{"id":29544,"state":"alive","via_relay":0,"period_ms":100,"misses":6,"busy":1,"rtt_n":405},{"id":25344,"state":"alive","via_relay":0,"period_ms":100,"misses":6,"busy":0,"rtt_n":408}]}
1791637857.105 {"t":"ss","node":33120,"accepted":0,"unsigned":0,"unknown_sender":0,"bad_signature":0,"replayed":0,"rate_limited":0,"verify_us_max":0,"floors":[{"src":25344,"epoch":139,"counter":1}]}
1791637857.105 {"t":"rec","node":33120,"up_ms":818987,"settled":1,"sent":3268,"received":3168,"malformed":0,"views":3,"replies_fenced":0,"actors":[{"key":1245650351,"running":0,"term":0,"owner":25344,"owner_term":9,"assigned":25344,"starts":0,"fenced":0,"released":0}]}
1791637857.436 {"t":"node","up_ms":819013,"node":33120,"epoch":293,"peers_alive":2,"peers_dead":0,"no_radio":0,"free_dram":250095,"largest_block":172032,"rx":{"total":38704,"bad_frame":0,"unknown_peer":12,"wrong_dst":0,"short_payload":0,"unknown_opcode":0,"queue_dropped":52},"tx":{"total":14252,"enqueue_err":0,"done_queue_dropped":0},"membership":{"deaths":1,"revivals":0,"reboots_seen":1,"table_full":0,"events_dropped":0}}
1791637857.436 {"t":"ns","node":33120,"hash":13581963,"owner":33120,"kind":"sampled","unit":100,"class":4,"bound_ms":5000,"quality":"GOOD","age_ms":380,"ts":818662,"updates":78,"value":2}
1791637857.436 {"t":"ns","node":33120,"hash":3142365229,"owner":33120,"kind":"sampled","unit":101,"class":4,"bound_ms":30000,"quality":"GOOD","age_ms":405,"ts":818662,"updates":78,"value":172032}
1791637857.436 {"t":"ns","node":33120,"hash":1245650351,"owner":25344,"kind":"sampled","unit":0,"class":3,"bound_ms":500,"quality":"NO_DATA","age_ms":0,"ts":0,"updates":0,"value":null}
1791637857.436 {"t":"ns","node":33120,"hash":2033492666,"owner":33120,"kind":"sampled","unit":0,"class":3,"bound_ms":0,"quality":"NO_DATA","age_ms":0,"ts":0,"updates":0,"value":null}
1791637857.436 {"t":"ns","node":33120,"hash":2347817554,"owner":33120,"kind":"sampled","unit":100,"class":4,"bound_ms":0,"quality":"GOOD","age_ms":447,"ts":818662,"updates":78,"value":293}
1791637857.436 {"t":"ns","node":33120,"hash":1170356950,"owner":33120,"kind":"sampled","unit":80,"class":4,"bound_ms":30000,"quality":"GOOD","age_ms":461,"ts":818662,"updates":78,"value":818}
1791637857.436 {"t":"ns","node":33120,"hash":3085599597,"owner":33120,"kind":"sampled","unit":0,"class":4,"bound_ms":5000,"quality":"GOOD","age_ms":479,"ts":818662,"updates":78,"value":-20}
1791637857.436 {"t":"ns","node":33120,"hash":2486014333,"owner":33120,"kind":"sampled","unit":101,"class":4,"bound_ms":30000,"quality":"GOOD","age_ms":493,"ts":818662,"updates":78,"value":250095}
1791637867.616 {"t":"clk","node":33120,"up_ms":829170}
1791637867.616 {"t":"led","node":33120,"shows":"green","app":0}
1791637867.616 {"t":"event","at_ms":819023,"node":33120,"kind":"peer_admitted","peer":29544,"slot":0,"a":0,"b":0}
1791637867.616 {"t":"event","at_ms":820654,"node":33120,"kind":"peer_admitted","peer":25344,"slot":1,"a":0,"b":0}
1791637867.616 {"t":"event","at_ms":821027,"node":33120,"kind":"peer_admitted","peer":29544,"slot":0,"a":0,"b":0}
1791637867.616 {"t":"event","at_ms":822654,"node":33120,"kind":"peer_admitted","peer":25344,"slot":1,"a":0,"b":0}
1791637867.616 {"t":"event","at_ms":823015,"node":33120,"kind":"peer_admitted","peer":29544,"slot":0,"a":0,"b":0}
1791637867.616 {"t":"event","at_ms":824654,"node":33120,"kind":"peer_admitted","peer":25344,"slot":1,"a":0,"b":0}
1791637867.616 {"t":"event","at_ms":825016,"node":33120,"kind":"peer_admitted","peer":29544,"slot":0,"a":0,"b":0}
1791637867.616 {"t":"event","at_ms":826673,"node":33120,"kind":"peer_admitted","peer":25344,"slot":1,"a":0,"b":0}
1791637867.616 {"t":"event","at_ms":827015,"node":33120,"kind":"peer_admitted","peer":29544,"slot":0,"a":0,"b":0}
1791637867.616 {"t":"event","at_ms":828654,"node":33120,"kind":"peer_admitted","peer":25344,"slot":1,"a":0,"b":0}
1791637867.616 {"t":"event","at_ms":829015,"node":33120,"kind":"peer_admitted","peer":29544,"slot":0,"a":0,"b":0}
1791637867.616 {"t":"link","up_ms":829295,"node":33120,"peer":29544,"mac":"b8:1f:3f:da:73:68","state":"alive","epoch":172,"espnow_ver":2,"mtu":1446,"misses":0,"rssi":-10,"tx":{"frames":2891,"cb_ok":2879,"cb_fail":12,"enqueue_err":0,"pdr_ppm":995849},"rx":{"frames":11496,"lost_seqgap":5,"reorder_dup":0,"dropped_bad":0,"hb_lost":40,"bcast_frames":8202,"pdr_ppm":999565},"rtt":{"samples":410,"min_us":5425,"max_us":42128,"timeouts":3,"txq_last_us":2754,"txq_max_us":17804,"remote_turnaround_us":888,"remote_turnaround_max_us":27579,"p50_us":[4000,6000],"p99_us":[11000,16000],"hist":[0,0,0,0,330,58,14,5,0,1,1,1,0,0,0,0]}}
1791637867.616 {"t":"link","up_ms":829349,"node":33120,"peer":25344,"mac":"b8:1f:3f:da:63:00","state":"alive","epoch":244,"espnow_ver":2,"mtu":1446,"misses":0,"rssi":-20,"tx":{"frames":2930,"cb_ok":2930,"cb_fail":0,"enqueue_err":0,"pdr_ppm":1000000},"rx":{"frames":11083,"lost_seqgap":1,"reorder_dup":0,"dropped_bad":0,"hb_lost":448,"bcast_frames":7825,"pdr_ppm":999909},"rtt":{"samples":413,"min_us":5736,"max_us":33270,"timeouts":0,"txq_last_us":14051,"txq_max_us":23419,"remote_turnaround_us":1101,"remote_turnaround_max_us":1441,"p50_us":[6000,8000],"p99_us":[16000,22000],"hist":[0,0,0,0,182,208,17,1,3,0,2,0,0,0,0,0]}}
1791637867.616 {"t":"auth","node":33120,"up_ms":829392,"enrolled":1,"required":1,"verified_peers":2,"verified":8,"cache_hits":835,"refused":0,"rate_limited":0,"stale_epoch":0,"verify_us_max":85172,"link_stack_free_b":1528,"crypto_stack_free_b":1268,"tags_ok":5710,"bad_tag":0,"replayed":0,"untagged":0,"bcast_dropped":0,"beacon_epoch_ignored":0,"tag_us_max":2684}
1791637867.616 {"t":"act","node":33120,"setpoint":0,"has_value":0,"writes_served":0}
1791637867.616 {"t":"peers","node":33120,"own_period_ms":100,"own_busy":0,"channel":1,"scanning":0,"scans":0,"hops":10,"found":0,"lost_to_found_ms":0,"moves_followed":0,"moves_refused":0,"sweeps":1,"sweep_found":0,"sweeping":0,"search_visits":1,"relay":0,"fwd_u":0,"fwd_b":0,"fwd_h":0,"relay_dup":8170,"list":[{"id":29544,"state":"alive","via_relay":0,"period_ms":100,"misses":6,"busy":1,"rtt_n":410},{"id":25344,"state":"alive","via_relay":0,"period_ms":100,"misses":6,"busy":0,"rtt_n":413}]}
1791637867.616 {"t":"ss","node":33120,"accepted":0,"unsigned":0,"unknown_sender":0,"bad_signature":0,"replayed":0,"rate_limited":0,"verify_us_max":0,"floors":[{"src":25344,"epoch":139,"counter":1}]}
1791637867.616 {"t":"rec","node":33120,"up_ms":829497,"settled":1,"sent":3309,"received":3203,"malformed":0,"views":3,"replies_fenced":0,"actors":[{"key":1245650351,"running":0,"term":0,"owner":25344,"owner_term":9,"assigned":25344,"starts":0,"fenced":0,"released":0}]}
1791637867.973 {"t":"node","up_ms":829523,"node":33120,"epoch":293,"peers_alive":2,"peers_dead":0,"no_radio":0,"free_dram":250095,"largest_block":172032,"rx":{"total":39297,"bad_frame":0,"unknown_peer":12,"wrong_dst":0,"short_payload":0,"unknown_opcode":0,"queue_dropped":52},"tx":{"total":14529,"enqueue_err":0,"done_queue_dropped":0},"membership":{"deaths":1,"revivals":0,"reboots_seen":1,"table_full":0,"events_dropped":0}}
1791637867.973 {"t":"ns","node":33120,"hash":13581963,"owner":33120,"kind":"sampled","unit":100,"class":4,"bound_ms":5000,"quality":"GOOD","age_ms":391,"ts":829172,"updates":79,"value":2}
1791637867.973 {"t":"ns","node":33120,"hash":3142365229,"owner":33120,"kind":"sampled","unit":101,"class":4,"bound_ms":30000,"quality":"GOOD","age_ms":408,"ts":829171,"updates":79,"value":172032}
1791637867.973 {"t":"ns","node":33120,"hash":1245650351,"owner":25344,"kind":"sampled","unit":0,"class":3,"bound_ms":500,"quality":"NO_DATA","age_ms":0,"ts":0,"updates":0,"value":null}
1791637867.973 {"t":"ns","node":33120,"hash":2033492666,"owner":33120,"kind":"sampled","unit":0,"class":3,"bound_ms":0,"quality":"NO_DATA","age_ms":0,"ts":0,"updates":0,"value":null}
1791637867.973 {"t":"ns","node":33120,"hash":2347817554,"owner":33120,"kind":"sampled","unit":100,"class":4,"bound_ms":0,"quality":"GOOD","age_ms":450,"ts":829171,"updates":79,"value":293}
1791637867.973 {"t":"ns","node":33120,"hash":1170356950,"owner":33120,"kind":"sampled","unit":80,"class":4,"bound_ms":30000,"quality":"GOOD","age_ms":464,"ts":829171,"updates":79,"value":829}
1791637867.973 {"t":"ns","node":33120,"hash":3085599597,"owner":33120,"kind":"sampled","unit":0,"class":4,"bound_ms":5000,"quality":"GOOD","age_ms":477,"ts":829172,"updates":79,"value":-20}
1791637867.973 {"t":"ns","node":33120,"hash":2486014333,"owner":33120,"kind":"sampled","unit":101,"class":4,"bound_ms":30000,"quality":"GOOD","age_ms":492,"ts":829171,"updates":79,"value":250095}
1791637878.122 {"t":"clk","node":33120,"up_ms":839703}
1791637878.122 {"t":"led","node":33120,"shows":"green","app":0}
1791637878.122 {"t":"event","at_ms":830670,"node":33120,"kind":"peer_admitted","peer":25344,"slot":1,"a":0,"b":0}
1791637878.122 {"t":"event","at_ms":831016,"node":33120,"kind":"peer_admitted","peer":29544,"slot":0,"a":0,"b":0}
1791637878.122 {"t":"event","at_ms":832657,"node":33120,"kind":"peer_admitted","peer":25344,"slot":1,"a":0,"b":0}
1791637878.122 {"t":"event","at_ms":833015,"node":33120,"kind":"peer_admitted","peer":29544,"slot":0,"a":0,"b":0}
1791637878.122 {"t":"event","at_ms":834657,"node":33120,"kind":"peer_admitted","peer":25344,"slot":1,"a":0,"b":0}
1791637878.122 {"t":"event","at_ms":835023,"node":33120,"kind":"peer_admitted","peer":29544,"slot":0,"a":0,"b":0}
1791637878.122 {"t":"event","at_ms":836674,"node":33120,"kind":"peer_admitted","peer":25344,"slot":1,"a":0,"b":0}
1791637878.122 {"t":"event","at_ms":837015,"node":33120,"kind":"peer_admitted","peer":29544,"slot":0,"a":0,"b":0}
1791637878.122 {"t":"event","at_ms":838658,"node":33120,"kind":"peer_admitted","peer":25344,"slot":1,"a":0,"b":0}
1791637878.122 {"t":"event","at_ms":839019,"node":33120,"kind":"peer_admitted","peer":29544,"slot":0,"a":0,"b":0}
1791637878.122 {"t":"link","up_ms":839794,"node":33120,"peer":29544,"mac":"b8:1f:3f:da:73:68","state":"alive","epoch":172,"espnow_ver":2,"mtu":1446,"misses":0,"rssi":-9,"tx":{"frames":2926,"cb_ok":2914,"cb_fail":12,"enqueue_err":0,"pdr_ppm":995898},"rx":{"frames":11642,"lost_seqgap":5,"reorder_dup":0,"dropped_bad":0,"hb_lost":40,"bcast_frames":8307,"pdr_ppm":999570},"rtt":{"samples":415,"min_us":5425,"max_us":42128,"timeouts":3,"txq_last_us":2848,"txq_max_us":17804,"remote_turnaround_us":848,"remote_turnaround_max_us":27579,"p50_us":[4000,6000],"p99_us":[11000,16000],"hist":[0,0,0,0,335,58,14,5,0,1,1,1,0,0,0,0]}}
1791637878.122 {"t":"link","up_ms":839848,"node":33120,"peer":25344,"mac":"b8:1f:3f:da:63:00","state":"alive","epoch":244,"espnow_ver":2,"mtu":1446,"misses":0,"rssi":-20,"tx":{"frames":3061,"cb_ok":3061,"cb_fail":0,"enqueue_err":0,"pdr_ppm":1000000},"rx":{"frames":11317,"lost_seqgap":1,"reorder_dup":0,"dropped_bad":0,"hb_lost":450,"bcast_frames":7928,"pdr_ppm":999911},"rtt":{"samples":418,"min_us":5736,"max_us":33270,"timeouts":0,"txq_last_us":2829,"txq_max_us":23419,"remote_turnaround_us":1208,"remote_turnaround_max_us":1441,"p50_us":[6000,8000],"p99_us":[16000,22000],"hist":[0,0,0,0,184,210,18,1,3,0,2,0,0,0,0,0]}}
1791637878.122 {"t":"auth","node":33120,"up_ms":839906,"enrolled":1,"required":1,"verified_peers":2,"verified":8,"cache_hits":845,"refused":0,"rate_limited":0,"stale_epoch":0,"verify_us_max":85172,"link_stack_free_b":1528,"crypto_stack_free_b":1268,"tags_ok":5874,"bad_tag":0,"replayed":0,"untagged":0,"bcast_dropped":0,"beacon_epoch_ignored":0,"tag_us_max":2684}
1791637878.122 {"t":"act","node":33120,"setpoint":0,"has_value":0,"writes_served":0}
1791637878.122 {"t":"peers","node":33120,"own_period_ms":100,"own_busy":0,"channel":1,"scanning":0,"scans":0,"hops":10,"found":0,"lost_to_found_ms":0,"moves_followed":0,"moves_refused":0,"sweeps":1,"sweep_found":0,"sweeping":0,"search_visits":1,"relay":0,"fwd_u":0,"fwd_b":0,"fwd_h":0,"relay_dup":8276,"list":[{"id":29544,"state":"alive","via_relay":0,"period_ms":100,"misses":6,"busy":1,"rtt_n":415},{"id":25344,"state":"alive","via_relay":0,"period_ms":100,"misses":6,"busy":0,"rtt_n":419}]}
1791637878.122 {"t":"ss","node":33120,"accepted":0,"unsigned":0,"unknown_sender":0,"bad_signature":0,"replayed":0,"rate_limited":0,"verify_us_max":0,"floors":[{"src":25344,"epoch":139,"counter":1}]}
1791637878.122 {"t":"rec","node":33120,"up_ms":840001,"settled":1,"sent":3349,"received":3238,"malformed":0,"views":3,"replies_fenced":0,"actors":[{"key":1245650351,"running":0,"term":0,"owner":25344,"owner_term":9,"assigned":25344,"starts":0,"fenced":0,"released":0}]}
1791637878.122 {"t":"node","up_ms":840016,"node":33120,"epoch":293,"peers_alive":2,"peers_dead":0,"no_radio":0,"free_dram":250095,"largest_block":172032,"rx":{"total":39891,"bad_frame":0,"unknown_peer":12,"wrong_dst":0,"short_payload":0,"unknown_opcode":0,"queue_dropped":52},"tx":{"total":14806,"enqueue_err":0,"done_queue_dropped":0},"membership":{"deaths":1,"revivals":0,"reboots_seen":1,"table_full":0,"events_dropped":0}}
1791637878.474 {"t":"ns","node":33120,"hash":13581963,"owner":33120,"kind":"sampled","unit":100,"class":4,"bound_ms":5000,"quality":"GOOD","age_ms":351,"ts":839705,"updates":80,"value":2}
1791637878.474 {"t":"ns","node":33120,"hash":3142365229,"owner":33120,"kind":"sampled","unit":101,"class":4,"bound_ms":30000,"quality":"GOOD","age_ms":365,"ts":839705,"updates":80,"value":172032}
1791637878.474 {"t":"ns","node":33120,"hash":1245650351,"owner":25344,"kind":"sampled","unit":0,"class":3,"bound_ms":500,"quality":"NO_DATA","age_ms":0,"ts":0,"updates":0,"value":null}
1791637878.474 {"t":"ns","node":33120,"hash":2033492666,"owner":33120,"kind":"sampled","unit":0,"class":3,"bound_ms":0,"quality":"NO_DATA","age_ms":0,"ts":0,"updates":0,"value":null}
1791637878.474 {"t":"ns","node":33120,"hash":2347817554,"owner":33120,"kind":"sampled","unit":100,"class":4,"bound_ms":0,"quality":"GOOD","age_ms":443,"ts":839705,"updates":80,"value":293}
1791637878.474 {"t":"ns","node":33120,"hash":1170356950,"owner":33120,"kind":"sampled","unit":80,"class":4,"bound_ms":30000,"quality":"GOOD","age_ms":458,"ts":839705,"updates":80,"value":839}
1791637878.474 {"t":"ns","node":33120,"hash":3085599597,"owner":33120,"kind":"sampled","unit":0,"class":4,"bound_ms":5000,"quality":"GOOD","age_ms":472,"ts":839705,"updates":80,"value":-21}
1791637878.474 {"t":"ns","node":33120,"hash":2486014333,"owner":33120,"kind":"sampled","unit":101,"class":4,"bound_ms":30000,"quality":"GOOD","age_ms":486,"ts":839705,"updates":80,"value":250095}
1791637888.648 {"t":"clk","node":33120,"up_ms":850206}
1791637888.648 {"t":"led","node":33120,"shows":"green","app":0}
1791637888.648 {"t":"event","at_ms":840672,"node":33120,"kind":"peer_admitted","peer":25344,"slot":1,"a":0,"b":0}
1791637888.648 {"t":"event","at_ms":841027,"node":33120,"kind":"peer_admitted","peer":29544,"slot":0,"a":0,"b":0}
1791637888.648 {"t":"event","at_ms":842659,"node":33120,"kind":"peer_admitted","peer":25344,"slot":1,"a":0,"b":0}
1791637888.648 {"t":"event","at_ms":843016,"node":33120,"kind":"peer_admitted","peer":29544,"slot":0,"a":0,"b":0}
1791637888.648 {"t":"event","at_ms":844659,"node":33120,"kind":"peer_admitted","peer":25344,"slot":1,"a":0,"b":0}
1791637888.648 {"t":"event","at_ms":845022,"node":33120,"kind":"peer_admitted","peer":29544,"slot":0,"a":0,"b":0}
1791637888.648 {"t":"event","at_ms":846677,"node":33120,"kind":"peer_admitted","peer":25344,"slot":1,"a":0,"b":0}
1791637888.648 {"t":"event","at_ms":847015,"node":33120,"kind":"peer_admitted","peer":29544,"slot":0,"a":0,"b":0}
1791637888.648 {"t":"event","at_ms":848659,"node":33120,"kind":"peer_admitted","peer":25344,"slot":1,"a":0,"b":0}
1791637888.648 {"t":"event","at_ms":849015,"node":33120,"kind":"peer_admitted","peer":29544,"slot":0,"a":0,"b":0}
1791637888.648 {"t":"link","up_ms":850291,"node":33120,"peer":29544,"mac":"b8:1f:3f:da:73:68","state":"alive","epoch":172,"espnow_ver":2,"mtu":1446,"misses":0,"rssi":-10,"tx":{"frames":2962,"cb_ok":2950,"cb_fail":12,"enqueue_err":0,"pdr_ppm":995948},"rx":{"frames":11787,"lost_seqgap":5,"reorder_dup":0,"dropped_bad":0,"hb_lost":42,"bcast_frames":8410,"pdr_ppm":999575},"rtt":{"samples":420,"min_us":5366,"max_us":42128,"timeouts":3,"txq_last_us":1465,"txq_max_us":17804,"remote_turnaround_us":673,"remote_turnaround_max_us":27579,"p50_us":[4000,6000],"p99_us":[11000,16000],"hist":[0,0,0,0,337,58,16,5,1,1,1,1,0,0,0,0]}}
1791637888.648 {"t":"link","up_ms":850345,"node":33120,"peer":25344,"mac":"b8:1f:3f:da:63:00","state":"alive","epoch":244,"espnow_ver":2,"mtu":1446,"misses":0,"rssi":-20,"tx":{"frames":3192,"cb_ok":3191,"cb_fail":0,"enqueue_err":0,"pdr_ppm":1000000},"rx":{"frames":11549,"lost_seqgap":1,"reorder_dup":0,"dropped_bad":0,"hb_lost":453,"bcast_frames":8030,"pdr_ppm":999913},"rtt":{"samples":424,"min_us":5736,"max_us":37206,"timeouts":0,"txq_last_us":1187,"txq_max_us":23419,"remote_turnaround_us":1069,"remote_turnaround_max_us":2157,"p50_us":[6000,8000],"p99_us":[16000,22000],"hist":[0,0,0,0,184,213,18,2,4,0,3,0,0,0,0,0]}}
1791637888.648 {"t":"auth","node":33120,"up_ms":850400,"enrolled":1,"required":1,"verified_peers":2,"verified":8,"cache_hits":855,"refused":0,"rate_limited":0,"stale_epoch":0,"verify_us_max":85172,"link_stack_free_b":1528,"crypto_stack_free_b":1268,"tags_ok":6033,"bad_tag":0,"replayed":0,"untagged":0,"bcast_dropped":0,"beacon_epoch_ignored":0,"tag_us_max":2684}
1791637888.648 {"t":"act","node":33120,"setpoint":0,"has_value":0,"writes_served":0}
1791637888.648 {"t":"peers","node":33120,"own_period_ms":100,"own_busy":0,"channel":1,"scanning":0,"scans":0,"hops":10,"found":0,"lost_to_found_ms":0,"moves_followed":0,"moves_refused":0,"sweeps":1,"sweep_found":0,"sweeping":0,"search_visits":1,"relay":0,"fwd_u":0,"fwd_b":0,"fwd_h":0,"relay_dup":8383,"list":[{"id":29544,"state":"alive","via_relay":0,"period_ms":100,"misses":6,"busy":1,"rtt_n":420},{"id":25344,"state":"alive","via_relay":0,"period_ms":100,"misses":6,"busy":0,"rtt_n":424}]}
1791637888.648 {"t":"ss","node":33120,"accepted":0,"unsigned":0,"unknown_sender":0,"bad_signature":0,"replayed":0,"rate_limited":0,"verify_us_max":0,"floors":[{"src":25344,"epoch":139,"counter":1}]}
1791637888.648 {"t":"rec","node":33120,"up_ms":850496,"settled":1,"sent":3390,"received":3272,"malformed":0,"views":3,"replies_fenced":0,"actors":[{"key":1245650351,"running":0,"term":0,"owner":25344,"owner_term":9,"assigned":25344,"starts":0,"fenced":0,"released":0}]}
1791637888.648 {"t":"node","up_ms":850522,"node":33120,"epoch":293,"peers_alive":2,"peers_dead":0,"no_radio":0,"free_dram":250095,"largest_block":172032,"rx":{"total":40480,"bad_frame":0,"unknown_peer":12,"wrong_dst":0,"short_payload":0,"unknown_opcode":0,"queue_dropped":52},"tx":{"total":15082,"enqueue_err":0,"done_queue_dropped":0},"membership":{"deaths":1,"revivals":0,"reboots_seen":1,"table_full":0,"events_dropped":0}}
1791637888.970 {"t":"ns","node":33120,"hash":13581963,"owner":33120,"kind":"sampled","unit":100,"class":4,"bound_ms":5000,"quality":"GOOD","age_ms":372,"ts":850208,"updates":81,"value":2}
1791637888.970 {"t":"ns","node":33120,"hash":3142365229,"owner":33120,"kind":"sampled","unit":101,"class":4,"bound_ms":30000,"quality":"GOOD","age_ms":388,"ts":850207,"updates":81,"value":172032}
1791637888.970 {"t":"ns","node":33120,"hash":1245650351,"owner":25344,"kind":"sampled","unit":0,"class":3,"bound_ms":500,"quality":"NO_DATA","age_ms":0,"ts":0,"updates":0,"value":null}
1791637888.970 {"t":"ns","node":33120,"hash":2033492666,"owner":33120,"kind":"sampled","unit":0,"class":3,"bound_ms":0,"quality":"NO_DATA","age_ms":0,"ts":0,"updates":0,"value":null}
1791637888.970 {"t":"ns","node":33120,"hash":2347817554,"owner":33120,"kind":"sampled","unit":100,"class":4,"bound_ms":0,"quality":"GOOD","age_ms":430,"ts":850207,"updates":81,"value":293}
1791637888.970 {"t":"ns","node":33120,"hash":1170356950,"owner":33120,"kind":"sampled","unit":80,"class":4,"bound_ms":30000,"quality":"GOOD","age_ms":445,"ts":850207,"updates":81,"value":850}
1791637888.970 {"t":"ns","node":33120,"hash":3085599597,"owner":33120,"kind":"sampled","unit":0,"class":4,"bound_ms":5000,"quality":"GOOD","age_ms":468,"ts":850208,"updates":81,"value":-20}
1791637888.970 {"t":"ns","node":33120,"hash":2486014333,"owner":33120,"kind":"sampled","unit":101,"class":4,"bound_ms":30000,"quality":"GOOD","age_ms":483,"ts":850207,"updates":81,"value":250095}
1791637899.141 {"t":"clk","node":33120,"up_ms":860705}
1791637899.141 {"t":"led","node":33120,"shows":"green","app":0}
1791637899.141 {"t":"event","at_ms":850675,"node":33120,"kind":"peer_admitted","peer":25344,"slot":1,"a":0,"b":0}
1791637899.141 {"t":"event","at_ms":851030,"node":33120,"kind":"peer_admitted","peer":29544,"slot":0,"a":0,"b":0}
1791637899.141 {"t":"event","at_ms":852663,"node":33120,"kind":"peer_admitted","peer":25344,"slot":1,"a":0,"b":0}
1791637899.141 {"t":"event","at_ms":853015,"node":33120,"kind":"peer_admitted","peer":29544,"slot":0,"a":0,"b":0}
1791637899.141 {"t":"event","at_ms":854663,"node":33120,"kind":"peer_admitted","peer":25344,"slot":1,"a":0,"b":0}
1791637899.141 {"t":"event","at_ms":855015,"node":33120,"kind":"peer_admitted","peer":29544,"slot":0,"a":0,"b":0}
1791637899.141 {"t":"event","at_ms":856685,"node":33120,"kind":"peer_admitted","peer":25344,"slot":1,"a":0,"b":0}
1791637899.141 {"t":"event","at_ms":857015,"node":33120,"kind":"peer_admitted","peer":29544,"slot":0,"a":0,"b":0}
1791637899.141 {"t":"event","at_ms":858663,"node":33120,"kind":"peer_admitted","peer":25344,"slot":1,"a":0,"b":0}
1791637899.141 {"t":"event","at_ms":859015,"node":33120,"kind":"peer_admitted","peer":29544,"slot":0,"a":0,"b":0}
1791637899.141 {"t":"event","at_ms":860678,"node":33120,"kind":"peer_admitted","peer":25344,"slot":1,"a":0,"b":0}
1791637899.141 {"t":"link","up_ms":860803,"node":33120,"peer":29544,"mac":"b8:1f:3f:da:73:68","state":"alive","epoch":172,"espnow_ver":2,"mtu":1446,"misses":0,"rssi":-10,"tx":{"frames":2997,"cb_ok":2985,"cb_fail":12,"enqueue_err":0,"pdr_ppm":995995},"rx":{"frames":11933,"lost_seqgap":5,"reorder_dup":0,"dropped_bad":0,"hb_lost":42,"bcast_frames":8515,"pdr_ppm":999581},"rtt":{"samples":425,"min_us":5356,"max_us":42128,"timeouts":3,"txq_last_us":2777,"txq_max_us":17804,"remote_turnaround_us":669,"remote_turnaround_max_us":27579,"p50_us":[4000,6000],"p99_us":[11000,16000],"hist":[0,0,0,0,341,58,16,6,1,1,1,1,0,0,0,0]}}
1791637899.141 {"t":"link","up_ms":860857,"node":33120,"peer":25344,"mac":"b8:1f:3f:da:63:00","state":"alive","epoch":244,"espnow_ver":2,"mtu":1446,"misses":0,"rssi":-20,"tx":{"frames":3324,"cb_ok":3324,"cb_fail":0,"enqueue_err":0,"pdr_ppm":1000000},"rx":{"frames":11781,"lost_seqgap":1,"reorder_dup":0,"dropped_bad":0,"hb_lost":456,"bcast_frames":8132,"pdr_ppm":999915},"rtt":{"samples":429,"min_us":5736,"max_us":37206,"timeouts":0,"txq_last_us":1187,"txq_max_us":23419,"remote_turnaround_us":1073,"remote_turnaround_max_us":2157,"p50_us":[6000,8000],"p99_us":[16000,22000],"hist":[0,0,0,0,184,217,18,2,4,0,4,0,0,0,0,0]}}
1791637899.141 {"t":"auth","node":33120,"up_ms":860912,"enrolled":1,"required":1,"verified_peers":2,"verified":8,"cache_hits":866,"refused":0,"rate_limited":0,"stale_epoch":0,"verify_us_max":85172,"link_stack_free_b":1528,"crypto_stack_free_b":1268,"tags_ok":6194,"bad_tag":0,"replayed":0,"untagged":0,"bcast_dropped":0,"beacon_epoch_ignored":0,"tag_us_max":2684}
1791637899.141 {"t":"act","node":33120,"setpoint":0,"has_value":0,"writes_served":0}
1791637899.141 {"t":"peers","node":33120,"own_period_ms":100,"own_busy":0,"channel":1,"scanning":0,"scans":0,"hops":10,"found":0,"lost_to_found_ms":0,"moves_followed":0,"moves_refused":0,"sweeps":1,"sweep_found":0,"sweeping":0,"search_visits":1,"relay":0,"fwd_u":0,"fwd_b":0,"fwd_h":0,"relay_dup":8490,"list":[{"id":29544,"state":"alive","via_relay":0,"period_ms":100,"misses":6,"busy":1,"rtt_n":426},{"id":25344,"state":"alive","via_relay":0,"period_ms":100,"misses":6,"busy":0,"rtt_n":429}]}
1791637899.141 {"t":"ss","node":33120,"accepted":0,"unsigned":0,"unknown_sender":0,"bad_signature":0,"replayed":0,"rate_limited":0,"verify_us_max":0,"floors":[{"src":25344,"epoch":139,"counter":1}]}
1791637899.141 {"t":"rec","node":33120,"up_ms":861028,"settled":1,"sent":3430,"received":3308,"malformed":0,"views":3,"replies_fenced":0,"actors":[{"key":1245650351,"running":0,"term":0,"owner":25344,"owner_term":9,"assigned":25344,"starts":0,"fenced":0,"released":0}]}
1791637899.477 {"t":"node","up_ms":861044,"node":33120,"epoch":293,"peers_alive":2,"peers_dead":0,"no_radio":0,"free_dram":250095,"largest_block":172032,"rx":{"total":41078,"bad_frame":0,"unknown_peer":12,"wrong_dst":0,"short_payload":0,"unknown_opcode":0,"queue_dropped":52},"tx":{"total":15363,"enqueue_err":0,"done_queue_dropped":0},"membership":{"deaths":1,"revivals":0,"reboots_seen":1,"table_full":0,"events_dropped":0}}
1791637899.477 {"t":"ns","node":33120,"hash":13581963,"owner":33120,"kind":"sampled","unit":100,"class":4,"bound_ms":5000,"quality":"GOOD","age_ms":379,"ts":860706,"updates":82,"value":2}
1791637899.477 {"t":"ns","node":33120,"hash":3142365229,"owner":33120,"kind":"sampled","unit":101,"class":4,"bound_ms":30000,"quality":"GOOD","age_ms":393,"ts":860706,"updates":82,"value":172032}
1791637899.477 {"t":"ns","node":33120,"hash":1245650351,"owner":25344,"kind":"sampled","unit":0,"class":3,"bound_ms":500,"quality":"NO_DATA","age_ms":0,"ts":0,"updates":0,"value":null}
1791637899.477 {"t":"ns","node":33120,"hash":2033492666,"owner":33120,"kind":"sampled","unit":0,"class":3,"bound_ms":0,"quality":"NO_DATA","age_ms":0,"ts":0,"updates":0,"value":null}
1791637899.477 {"t":"ns","node":33120,"hash":2347817554,"owner":33120,"kind":"sampled","unit":100,"class":4,"bound_ms":0,"quality":"GOOD","age_ms":435,"ts":860706,"updates":82,"value":293}
1791637899.477 {"t":"ns","node":33120,"hash":1170356950,"owner":33120,"kind":"sampled","unit":80,"class":4,"bound_ms":30000,"quality":"GOOD","age_ms":449,"ts":860706,"updates":82,"value":860}
1791637899.477 {"t":"ns","node":33120,"hash":3085599597,"owner":33120,"kind":"sampled","unit":0,"class":4,"bound_ms":5000,"quality":"GOOD","age_ms":462,"ts":860707,"updates":82,"value":-20}
1791637899.477 {"t":"ns","node":33120,"hash":2486014333,"owner":33120,"kind":"sampled","unit":101,"class":4,"bound_ms":30000,"quality":"GOOD","age_ms":477,"ts":860706,"updates":82,"value":250095}
1791637909.653 {"t":"clk","node":33120,"up_ms":871209}
1791637909.653 {"t":"led","node":33120,"shows":"green","app":0}
1791637909.653 {"t":"event","at_ms":861028,"node":33120,"kind":"peer_admitted","peer":29544,"slot":0,"a":0,"b":0}
1791637909.653 {"t":"event","at_ms":862666,"node":33120,"kind":"peer_admitted","peer":25344,"slot":1,"a":0,"b":0}
1791637909.653 {"t":"event","at_ms":863015,"node":33120,"kind":"peer_admitted","peer":29544,"slot":0,"a":0,"b":0}
1791637909.653 {"t":"event","at_ms":865015,"node":33120,"kind":"peer_admitted","peer":29544,"slot":0,"a":0,"b":0}
1791637909.653 {"t":"event","at_ms":867015,"node":33120,"kind":"peer_admitted","peer":29544,"slot":0,"a":0,"b":0}
1791637909.653 {"t":"event","at_ms":868677,"node":33120,"kind":"peer_admitted","peer":25344,"slot":1,"a":0,"b":0}
1791637909.653 {"t":"event","at_ms":869015,"node":33120,"kind":"peer_admitted","peer":29544,"slot":0,"a":0,"b":0}
1791637909.653 {"t":"event","at_ms":870667,"node":33120,"kind":"peer_admitted","peer":25344,"slot":1,"a":0,"b":0}
1791637909.653 {"t":"event","at_ms":871058,"node":33120,"kind":"peer_admitted","peer":29544,"slot":0,"a":0,"b":0}
1791637909.653 {"t":"link","up_ms":871292,"node":33120,"peer":29544,"mac":"b8:1f:3f:da:73:68","state":"alive","epoch":172,"espnow_ver":2,"mtu":1446,"misses":0,"rssi":-10,"tx":{"frames":3035,"cb_ok":3023,"cb_fail":12,"enqueue_err":0,"pdr_ppm":996046},"rx":{"frames":12082,"lost_seqgap":5,"reorder_dup":0,"dropped_bad":0,"hb_lost":42,"bcast_frames":8620,"pdr_ppm":999586},"rtt":{"samples":431,"min_us":5356,"max_us":42128,"timeouts":3,"txq_last_us":2806,"txq_max_us":17804,"remote_turnaround_us":1127,"remote_turnaround_max_us":27579,"p50_us":[4000,6000],"p99_us":[11000,16000],"hist":[0,0,0,0,346,58,17,6,1,1,1,1,0,0,0,0]}}
1791637909.653 {"t":"link","up_ms":871348,"node":33120,"peer":25344,"mac":"b8:1f:3f:da:63:00","state":"alive","epoch":244,"espnow_ver":2,"mtu":1446,"misses":0,"rssi":-20,"tx":{"frames":3452,"cb_ok":3451,"cb_fail":0,"enqueue_err":0,"pdr_ppm":1000000},"rx":{"frames":12008,"lost_seqgap":1,"reorder_dup":0,"dropped_bad":0,"hb_lost":460,"bcast_frames":8233,"pdr_ppm":999916},"rtt":{"samples":434,"min_us":5736,"max_us":41208,"timeouts":0,"txq_last_us":2867,"txq_max_us":23419,"remote_turnaround_us":1161,"remote_turnaround_max_us":2157,"p50_us":[6000,8000],"p99_us":[30000,42000],"hist":[0,0,0,0,184,220,18,3,4,0,5,0,0,0,0,0]}}
1791637909.653 {"t":"auth","node":33120,"up_ms":871392,"enrolled":1,"required":1,"verified_peers":2,"verified":8,"cache_hits":875,"refused":0,"rate_limited":0,"stale_epoch":0,"verify_us_max":85172,"link_stack_free_b":1528,"crypto_stack_free_b":1268,"tags_ok":6354,"bad_tag":0,"replayed":0,"untagged":0,"bcast_dropped":0,"beacon_epoch_ignored":0,"tag_us_max":2684}
1791637909.653 {"t":"act","node":33120,"setpoint":0,"has_value":0,"writes_served":0}
1791637909.653 {"t":"peers","node":33120,"own_period_ms":100,"own_busy":0,"channel":1,"scanning":0,"scans":0,"hops":10,"found":0,"lost_to_found_ms":0,"moves_followed":0,"moves_refused":0,"sweeps":1,"sweep_found":0,"sweeping":0,"search_visits":1,"relay":0,"fwd_u":0,"fwd_b":0,"fwd_h":0,"relay_dup":8594,"list":[{"id":29544,"state":"alive","via_relay":0,"period_ms":100,"misses":6,"busy":1,"rtt_n":431},{"id":25344,"state":"alive","via_relay":0,"period_ms":100,"misses":6,"busy":0,"rtt_n":434}]}
1791637909.653 {"t":"ss","node":33120,"accepted":0,"unsigned":0,"unknown_sender":0,"bad_signature":0,"replayed":0,"rate_limited":0,"verify_us_max":0,"floors":[{"src":25344,"epoch":139,"counter":1}]}
1791637909.653 {"t":"rec","node":33120,"up_ms":871517,"settled":1,"sent":3471,"received":3343,"malformed":0,"views":3,"replies_fenced":0,"actors":[{"key":1245650351,"running":0,"term":0,"owner":25344,"owner_term":9,"assigned":25344,"starts":0,"fenced":0,"released":0}]}
1791637909.653 {"t":"node","up_ms":871532,"node":33120,"epoch":293,"peers_alive":2,"peers_dead":0,"no_radio":0,"free_dram":250095,"largest_block":172032,"rx":{"total":41663,"bad_frame":0,"unknown_peer":12,"wrong_dst":0,"short_payload":0,"unknown_opcode":0,"queue_dropped":52},"tx":{"total":15635,"enqueue_err":0,"done_queue_dropped":0},"membership":{"deaths":1,"revivals":0,"reboots_seen":1,"table_full":0,"events_dropped":0}}
1791637909.961 {"t":"ns","node":33120,"hash":13581963,"owner":33120,"kind":"sampled","unit":100,"class":4,"bound_ms":5000,"quality":"GOOD","age_ms":368,"ts":871211,"updates":83,"value":2}
1791637909.961 {"t":"ns","node":33120,"hash":3142365229,"owner":33120,"kind":"sampled","unit":101,"class":4,"bound_ms":30000,"quality":"GOOD","age_ms":384,"ts":871210,"updates":83,"value":172032}
1791637909.961 {"t":"ns","node":33120,"hash":1245650351,"owner":25344,"kind":"sampled","unit":0,"class":3,"bound_ms":500,"quality":"NO_DATA","age_ms":0,"ts":0,"updates":0,"value":null}
1791637909.961 {"t":"ns","node":33120,"hash":2033492666,"owner":33120,"kind":"sampled","unit":0,"class":3,"bound_ms":0,"quality":"NO_DATA","age_ms":0,"ts":0,"updates":0,"value":null}
1791637909.961 {"t":"ns","node":33120,"hash":2347817554,"owner":33120,"kind":"sampled","unit":100,"class":4,"bound_ms":0,"quality":"GOOD","age_ms":426,"ts":871210,"updates":83,"value":293}
1791637909.961 {"t":"ns","node":33120,"hash":1170356950,"owner":33120,"kind":"sampled","unit":80,"class":4,"bound_ms":30000,"quality":"GOOD","age_ms":440,"ts":871210,"updates":83,"value":871}
1791637909.961 {"t":"ns","node":33120,"hash":3085599597,"owner":33120,"kind":"sampled","unit":0,"class":4,"bound_ms":5000,"quality":"GOOD","age_ms":453,"ts":871211,"updates":83,"value":-20}
1791637909.961 {"t":"ns","node":33120,"hash":2486014333,"owner":33120,"kind":"sampled","unit":101,"class":4,"bound_ms":30000,"quality":"GOOD","age_ms":469,"ts":871210,"updates":83,"value":250095}
1791637920.131 {"t":"clk","node":33120,"up_ms":881694}
1791637920.131 {"t":"led","node":33120,"shows":"green","app":0}
1791637920.131 {"t":"event","at_ms":873017,"node":33120,"kind":"peer_admitted","peer":29544,"slot":0,"a":0,"b":0}
1791637920.131 {"t":"event","at_ms":874668,"node":33120,"kind":"peer_admitted","peer":25344,"slot":1,"a":0,"b":0}
1791637920.131 {"t":"event","at_ms":875015,"node":33120,"kind":"peer_admitted","peer":29544,"slot":0,"a":0,"b":0}
1791637920.131 {"t":"event","at_ms":876670,"node":33120,"kind":"peer_admitted","peer":25344,"slot":1,"a":0,"b":0}
1791637920.131 {"t":"event","at_ms":877015,"node":33120,"kind":"peer_admitted","peer":29544,"slot":0,"a":0,"b":0}
1791637920.131 {"t":"event","at_ms":878668,"node":33120,"kind":"peer_admitted","peer":25344,"slot":1,"a":0,"b":0}
1791637920.131 {"t":"event","at_ms":879015,"node":33120,"kind":"peer_admitted","peer":29544,"slot":0,"a":0,"b":0}
1791637920.131 {"t":"event","at_ms":880704,"node":33120,"kind":"peer_admitted","peer":25344,"slot":1,"a":0,"b":0}
1791637920.131 {"t":"event","at_ms":881015,"node":33120,"kind":"peer_admitted","peer":29544,"slot":0,"a":0,"b":0}
1791637920.131 {"t":"link","up_ms":881777,"node":33120,"peer":29544,"mac":"b8:1f:3f:da:73:68","state":"alive","epoch":172,"espnow_ver":2,"mtu":1446,"misses":0,"rssi":-10,"tx":{"frames":3071,"cb_ok":3059,"cb_fail":12,"enqueue_err":0,"pdr_ppm":996092},"rx":{"frames":12227,"lost_seqgap":5,"reorder_dup":0,"dropped_bad":0,"hb_lost":42,"bcast_frames":8724,"pdr_ppm":999591},"rtt":{"samples":436,"min_us":5356,"max_us":42128,"timeouts":3,"txq_last_us":4139,"txq_max_us":17804,"remote_turnaround_us":835,"remote_turnaround_max_us":27579,"p50_us":[4000,6000],"p99_us":[11000,16000],"hist":[0,0,0,0,348,60,17,7,1,1,1,1,0,0,0,0]}}
1791637920.131 {"t":"link","up_ms":881831,"node":33120,"peer":25344,"mac":"b8:1f:3f:da:63:00","state":"alive","epoch":244,"espnow_ver":2,"mtu":1446,"misses":0,"rssi":-20,"tx":{"frames":3580,"cb_ok":3580,"cb_fail":0,"enqueue_err":0,"pdr_ppm":1000000},"rx":{"frames":12239,"lost_seqgap":1,"reorder_dup":0,"dropped_bad":0,"hb_lost":461,"bcast_frames":8337,"pdr_ppm":999918},"rtt":{"samples":439,"min_us":5736,"max_us":41208,"timeouts":0,"txq_last_us":2836,"txq_max_us":23419,"remote_turnaround_us":1162,"remote_turnaround_max_us":2157,"p50_us":[6000,8000],"p99_us":[30000,42000],"hist":[0,0,0,0,184,224,18,3,5,0,5,0,0,0,0,0]}}
1791637920.131 {"t":"auth","node":33120,"up_ms":881888,"enrolled":1,"required":1,"verified_peers":2,"verified":8,"cache_hits":884,"refused":0,"rate_limited":0,"stale_epoch":0,"verify_us_max":85172,"link_stack_free_b":1528,"crypto_stack_free_b":1268,"tags_ok":6516,"bad_tag":0,"replayed":0,"untagged":0,"bcast_dropped":0,"beacon_epoch_ignored":0,"tag_us_max":2684}
1791637920.131 {"t":"act","node":33120,"setpoint":0,"has_value":0,"writes_served":0}
1791637920.131 {"t":"peers","node":33120,"own_period_ms":100,"own_busy":0,"channel":1,"scanning":0,"scans":0,"hops":10,"found":0,"lost_to_found_ms":0,"moves_followed":0,"moves_refused":0,"sweeps":1,"sweep_found":0,"sweeping":0,"search_visits":1,"relay":0,"fwd_u":0,"fwd_b":0,"fwd_h":0,"relay_dup":8702,"list":[{"id":29544,"state":"alive","via_relay":0,"period_ms":100,"misses":6,"busy":1,"rtt_n":436},{"id":25344,"state":"alive","via_relay":0,"period_ms":100,"misses":6,"busy":0,"rtt_n":439}]}
1791637920.131 {"t":"ss","node":33120,"accepted":0,"unsigned":0,"unknown_sender":0,"bad_signature":0,"replayed":0,"rate_limited":0,"verify_us_max":0,"floors":[{"src":25344,"epoch":139,"counter":1}]}
1791637920.131 {"t":"rec","node":33120,"up_ms":882003,"settled":1,"sent":3512,"received":3377,"malformed":0,"views":3,"replies_fenced":0,"actors":[{"key":1245650351,"running":0,"term":0,"owner":25344,"owner_term":9,"assigned":25344,"starts":0,"fenced":0,"released":0}]}
1791637920.131 {"t":"node","up_ms":882019,"node":33120,"epoch":293,"peers_alive":2,"peers_dead":0,"no_radio":0,"free_dram":250095,"largest_block":172032,"rx":{"total":42263,"bad_frame":0,"unknown_peer":12,"wrong_dst":0,"short_payload":0,"unknown_opcode":0,"queue_dropped":52},"tx":{"total":15912,"enqueue_err":0,"done_queue_dropped":0},"membership":{"deaths":1,"revivals":0,"reboots_seen":1,"table_full":0,"events_dropped":0}}
1791637920.452 {"t":"ns","node":33120,"hash":13581963,"owner":33120,"kind":"sampled","unit":100,"class":4,"bound_ms":5000,"quality":"GOOD","age_ms":364,"ts":881695,"updates":84,"value":2}
1791637920.452 {"t":"ns","node":33120,"hash":3142365229,"owner":33120,"kind":"sampled","unit":101,"class":4,"bound_ms":30000,"quality":"GOOD","age_ms":379,"ts":881695,"updates":84,"value":172032}
1791637920.452 {"t":"ns","node":33120,"hash":1245650351,"owner":25344,"kind":"sampled","unit":0,"class":3,"bound_ms":500,"quality":"NO_DATA","age_ms":0,"ts":0,"updates":0,"value":null}
1791637920.452 {"t":"ns","node":33120,"hash":2033492666,"owner":33120,"kind":"sampled","unit":0,"class":3,"bound_ms":0,"quality":"NO_DATA","age_ms":0,"ts":0,"updates":0,"value":null}
1791637920.452 {"t":"ns","node":33120,"hash":2347817554,"owner":33120,"kind":"sampled","unit":100,"class":4,"bound_ms":0,"quality":"GOOD","age_ms":421,"ts":881695,"updates":84,"value":293}
1791637920.452 {"t":"ns","node":33120,"hash":1170356950,"owner":33120,"kind":"sampled","unit":80,"class":4,"bound_ms":30000,"quality":"GOOD","age_ms":435,"ts":881695,"updates":84,"value":881}
1791637920.452 {"t":"ns","node":33120,"hash":3085599597,"owner":33120,"kind":"sampled","unit":0,"class":4,"bound_ms":5000,"quality":"GOOD","age_ms":448,"ts":881696,"updates":84,"value":-21}
1791637920.452 {"t":"ns","node":33120,"hash":2486014333,"owner":33120,"kind":"sampled","unit":101,"class":4,"bound_ms":30000,"quality":"GOOD","age_ms":466,"ts":881695,"updates":84,"value":250095}
1791637930.616 {"t":"clk","node":33120,"up_ms":892176}
1791637930.616 {"t":"led","node":33120,"shows":"yellow","app":0}
1791637930.616 {"t":"event","at_ms":882668,"node":33120,"kind":"peer_admitted","peer":25344,"slot":1,"a":0,"b":0}
1791637930.616 {"t":"event","at_ms":883015,"node":33120,"kind":"peer_admitted","peer":29544,"slot":0,"a":0,"b":0}
1791637930.616 {"t":"event","at_ms":884668,"node":33120,"kind":"peer_admitted","peer":25344,"slot":1,"a":0,"b":0}
1791637930.616 {"t":"event","at_ms":885050,"node":33120,"kind":"peer_admitted","peer":29544,"slot":0,"a":0,"b":0}
1791637930.616 {"t":"event","at_ms":886668,"node":33120,"kind":"peer_admitted","peer":25344,"slot":1,"a":0,"b":0}
1791637930.616 {"t":"event","at_ms":887015,"node":33120,"kind":"peer_admitted","peer":29544,"slot":0,"a":0,"b":0}
1791637930.616 {"t":"event","at_ms":888668,"node":33120,"kind":"peer_admitted","peer":25344,"slot":1,"a":0,"b":0}
1791637930.616 {"t":"event","at_ms":889016,"node":33120,"kind":"peer_admitted","peer":29544,"slot":0,"a":0,"b":0}
1791637930.616 {"t":"event","at_ms":890668,"node":33120,"kind":"peer_admitted","peer":25344,"slot":1,"a":0,"b":0}
1791637930.616 {"t":"event","at_ms":891017,"node":33120,"kind":"peer_admitted","peer":29544,"slot":0,"a":0,"b":0}
1791637930.616 {"t":"link","up_ms":892261,"node":33120,"peer":29544,"mac":"b8:1f:3f:da:73:68","state":"alive","epoch":172,"espnow_ver":2,"mtu":1446,"misses":0,"rssi":-9,"tx":{"frames":3106,"cb_ok":3094,"cb_fail":12,"enqueue_err":0,"pdr_ppm":996136},"rx":{"frames":12374,"lost_seqgap":5,"reorder_dup":0,"dropped_bad":0,"hb_lost":42,"bcast_frames":8829,"pdr_ppm":999596},"rtt":{"samples":441,"min_us":5356,"max_us":42128,"timeouts":3,"txq_last_us":2846,"txq_max_us":17804,"remote_turnaround_us":820,"remote_turnaround_max_us":27579,"p50_us":[4000,6000],"p99_us":[11000,16000],"hist":[0,0,0,0,351,60,18,8,1,1,1,1,0,0,0,0]}}
1791637930.616 {"t":"link","up_ms":892320,"node":33120,"peer":25344,"mac":"b8:1f:3f:da:63:00","state":"alive","epoch":244,"espnow_ver":2,"mtu":1446,"misses":0,"rssi":-21,"tx":{"frames":3712,"cb_ok":3711,"cb_fail":0,"enqueue_err":0,"pdr_ppm":1000000},"rx":{"frames":12470,"lost_seqgap":1,"reorder_dup":0,"dropped_bad":0,"hb_lost":466,"bcast_frames":8437,"pdr_ppm":999919},"rtt":{"samples":445,"min_us":5736,"max_us":41208,"timeouts":0,"txq_last_us":548,"txq_max_us":23419,"remote_turnaround_us":949,"remote_turnaround_max_us":2157,"p50_us":[6000,8000],"p99_us":[30000,42000],"hist":[0,0,0,0,186,226,19,3,6,0,5,0,0,0,0,0]}}
1791637930.616 {"t":"auth","node":33120,"up_ms":892375,"enrolled":1,"required":1,"verified_peers":2,"verified":8,"cache_hits":894,"refused":0,"rate_limited":0,"stale_epoch":0,"verify_us_max":85172,"link_stack_free_b":1528,"crypto_stack_free_b":1268,"tags_ok":6676,"bad_tag":0,"replayed":0,"untagged":0,"bcast_dropped":0,"beacon_epoch_ignored":0,"tag_us_max":2684}
1791637930.616 {"t":"act","node":33120,"setpoint":0,"has_value":0,"writes_served":0}
1791637930.616 {"t":"peers","node":33120,"own_period_ms":100,"own_busy":0,"channel":1,"scanning":0,"scans":0,"hops":10,"found":0,"lost_to_found_ms":0,"moves_followed":0,"moves_refused":0,"sweeps":1,"sweep_found":0,"sweeping":0,"search_visits":1,"relay":0,"fwd_u":0,"fwd_b":0,"fwd_h":0,"relay_dup":8807,"list":[{"id":29544,"state":"alive","via_relay":0,"period_ms":100,"misses":6,"busy":1,"rtt_n":441},{"id":25344,"state":"alive","via_relay":0,"period_ms":100,"misses":6,"busy":0,"rtt_n":445}]}
1791637930.616 {"t":"ss","node":33120,"accepted":0,"unsigned":0,"unknown_sender":0,"bad_signature":0,"replayed":0,"rate_limited":0,"verify_us_max":0,"floors":[{"src":25344,"epoch":139,"counter":1}]}
1791637930.616 {"t":"rec","node":33120,"up_ms":892490,"settled":1,"sent":3552,"received":3411,"malformed":0,"views":3,"replies_fenced":0,"actors":[{"key":1245650351,"running":0,"term":0,"owner":25344,"owner_term":9,"assigned":25344,"starts":0,"fenced":0,"released":0}]}
1791637930.616 {"t":"node","up_ms":892517,"node":33120,"epoch":293,"peers_alive":2,"peers_dead":0,"no_radio":0,"free_dram":250095,"largest_block":172032,"rx":{"total":42851,"bad_frame":0,"unknown_peer":12,"wrong_dst":0,"short_payload":0,"unknown_opcode":0,"queue_dropped":52},"tx":{"total":16187,"enqueue_err":0,"done_queue_dropped":0},"membership":{"deaths":1,"revivals":0,"reboots_seen":1,"table_full":0,"events_dropped":0}}
1791637930.937 {"t":"ns","node":33120,"hash":13581963,"owner":33120,"kind":"sampled","unit":100,"class":4,"bound_ms":5000,"quality":"GOOD","age_ms":369,"ts":892178,"updates":85,"value":2}
1791637930.937 {"t":"ns","node":33120,"hash":3142365229,"owner":33120,"kind":"sampled","unit":101,"class":4,"bound_ms":30000,"quality":"GOOD","age_ms":384,"ts":892177,"updates":85,"value":172032}
1791637930.937 {"t":"ns","node":33120,"hash":1245650351,"owner":25344,"kind":"sampled","unit":0,"class":3,"bound_ms":500,"quality":"NO_DATA","age_ms":0,"ts":0,"updates":0,"value":null}
1791637930.937 {"t":"ns","node":33120,"hash":2033492666,"owner":33120,"kind":"sampled","unit":0,"class":3,"bound_ms":0,"quality":"NO_DATA","age_ms":0,"ts":0,"updates":0,"value":null}
1791637930.937 {"t":"ns","node":33120,"hash":2347817554,"owner":33120,"kind":"sampled","unit":100,"class":4,"bound_ms":0,"quality":"GOOD","age_ms":438,"ts":892177,"updates":85,"value":293}
1791637930.937 {"t":"ns","node":33120,"hash":1170356950,"owner":33120,"kind":"sampled","unit":80,"class":4,"bound_ms":30000,"quality":"GOOD","age_ms":452,"ts":892177,"updates":85,"value":892}
1791637930.937 {"t":"ns","node":33120,"hash":3085599597,"owner":33120,"kind":"sampled","unit":0,"class":4,"bound_ms":5000,"quality":"GOOD","age_ms":468,"ts":892178,"updates":85,"value":-20}
1791637930.937 {"t":"ns","node":33120,"hash":2486014333,"owner":33120,"kind":"sampled","unit":101,"class":4,"bound_ms":30000,"quality":"GOOD","age_ms":483,"ts":892177,"updates":85,"value":250095}
1791637941.109 {"t":"clk","node":33120,"up_ms":902676}
1791637941.109 {"t":"led","node":33120,"shows":"green","app":0}
1791637941.109 {"t":"event","at_ms":892668,"node":33120,"kind":"peer_admitted","peer":25344,"slot":1,"a":0,"b":0}
1791637941.109 {"t":"event","at_ms":893016,"node":33120,"kind":"peer_admitted","peer":29544,"slot":0,"a":0,"b":0}
1791637941.109 {"t":"event","at_ms":894668,"node":33120,"kind":"peer_admitted","peer":25344,"slot":1,"a":0,"b":0}
1791637941.109 {"t":"event","at_ms":895015,"node":33120,"kind":"peer_admitted","peer":29544,"slot":0,"a":0,"b":0}
1791637941.109 {"t":"event","at_ms":896672,"node":33120,"kind":"peer_admitted","peer":25344,"slot":1,"a":0,"b":0}
1791637941.109 {"t":"event","at_ms":897015,"node":33120,"kind":"peer_admitted","peer":29544,"slot":0,"a":0,"b":0}
1791637941.109 {"t":"event","at_ms":898669,"node":33120,"kind":"peer_admitted","peer":25344,"slot":1,"a":0,"b":0}
1791637941.109 {"t":"event","at_ms":899015,"node":33120,"kind":"peer_admitted","peer":29544,"slot":0,"a":0,"b":0}
1791637941.109 {"t":"event","at_ms":900668,"node":33120,"kind":"peer_admitted","peer":25344,"slot":1,"a":0,"b":0}
1791637941.109 {"t":"event","at_ms":901015,"node":33120,"kind":"peer_admitted","peer":29544,"slot":0,"a":0,"b":0}
1791637941.109 {"t":"event","at_ms":902668,"node":33120,"kind":"peer_admitted","peer":25344,"slot":1,"a":0,"b":0}
1791637941.109 {"t":"link","up_ms":902777,"node":33120,"peer":29544,"mac":"b8:1f:3f:da:73:68","state":"alive","epoch":172,"espnow_ver":2,"mtu":1446,"misses":0,"rssi":-10,"tx":{"frames":3141,"cb_ok":3129,"cb_fail":12,"enqueue_err":0,"pdr_ppm":996179},"rx":{"frames":12520,"lost_seqgap":5,"reorder_dup":0,"dropped_bad":0,"hb_lost":42,"bcast_frames":8934,"pdr_ppm":999600},"rtt":{"samples":446,"min_us":5356,"max_us":42128,"timeouts":3,"txq_last_us":3323,"txq_max_us":17804,"remote_turnaround_us":827,"remote_turnaround_max_us":27579,"p50_us":[4000,6000],"p99_us":[11000,16000],"hist":[0,0,0,0,353,62,19,8,1,1,1,1,0,0,0,0]}}
1791637941.109 {"t":"link","up_ms":902831,"node":33120,"peer":25344,"mac":"b8:1f:3f:da:63:00","state":"alive","epoch":244,"espnow_ver":2,"mtu":1446,"misses":0,"rssi":-20,"tx":{"frames":3842,"cb_ok":3842,"cb_fail":0,"enqueue_err":0,"pdr_ppm":1000000},"rx":{"frames":12702,"lost_seqgap":1,"reorder_dup":0,"dropped_bad":0,"hb_lost":468,"bcast_frames":8540,"pdr_ppm":999921},"rtt":{"samples":450,"min_us":5736,"max_us":41208,"timeouts":0,"txq_last_us":1295,"txq_max_us":23419,"remote_turnaround_us":937,"remote_turnaround_max_us":2157,"p50_us":[6000,8000],"p99_us":[30000,42000],"hist":[0,0,0,0,187,230,19,3,6,0,5,0,0,0,0,0]}}
1791637941.109 {"t":"auth","node":33120,"up_ms":902885,"enrolled":1,"required":1,"verified_peers":2,"verified":8,"cache_hits":905,"refused":0,"rate_limited":0,"stale_epoch":0,"verify_us_max":85172,"link_stack_free_b":1528,"crypto_stack_free_b":1268,"tags_ok":6836,"bad_tag":0,"replayed":0,"untagged":0,"bcast_dropped":0,"beacon_epoch_ignored":0,"tag_us_max":2684}
1791637941.109 {"t":"act","node":33120,"setpoint":0,"has_value":0,"writes_served":0}
1791637941.109 {"t":"peers","node":33120,"own_period_ms":100,"own_busy":0,"channel":1,"scanning":0,"scans":0,"hops":10,"found":0,"lost_to_found_ms":0,"moves_followed":0,"moves_refused":0,"sweeps":1,"sweep_found":0,"sweeping":0,"search_visits":1,"relay":0,"fwd_u":0,"fwd_b":0,"fwd_h":0,"relay_dup":8914,"list":[{"id":29544,"state":"alive","via_relay":0,"period_ms":100,"misses":6,"busy":1,"rtt_n":446},{"id":25344,"state":"alive","via_relay":0,"period_ms":100,"misses":6,"busy":0,"rtt_n":450}]}
1791637941.109 {"t":"ss","node":33120,"accepted":0,"unsigned":0,"unknown_sender":0,"bad_signature":0,"replayed":0,"rate_limited":0,"verify_us_max":0,"floors":[{"src":25344,"epoch":139,"counter":1}]}
1791637941.109 {"t":"rec","node":33120,"up_ms":902992,"settled":1,"sent":3593,"received":3446,"malformed":0,"views":3,"replies_fenced":0,"actors":[{"key":1245650351,"running":0,"term":0,"owner":25344,"owner_term":9,"assigned":25344,"starts":0,"fenced":0,"released":0}]}
1791637941.445 {"t":"node","up_ms":903019,"node":33120,"epoch":293,"peers_alive":2,"peers_dead":0,"no_radio":0,"free_dram":250095,"largest_block":172032,"rx":{"total":43443,"bad_frame":0,"unknown_peer":12,"wrong_dst":0,"short_payload":0,"unknown_opcode":0,"queue_dropped":52},"tx":{"total":16465,"enqueue_err":0,"done_queue_dropped":0},"membership":{"deaths":1,"revivals":0,"reboots_seen":1,"table_full":0,"events_dropped":0}}
1791637941.445 {"t":"ns","node":33120,"hash":13581963,"owner":33120,"kind":"sampled","unit":100,"class":4,"bound_ms":5000,"quality":"GOOD","age_ms":382,"ts":902678,"updates":86,"value":2}
1791637941.445 {"t":"ns","node":33120,"hash":3142365229,"owner":33120,"kind":"sampled","unit":101,"class":4,"bound_ms":30000,"quality":"GOOD","age_ms":399,"ts":902677,"updates":86,"value":172032}
1791637941.445 {"t":"ns","node":33120,"hash":1245650351,"owner":25344,"kind":"sampled","unit":0,"class":3,"bound_ms":500,"quality":"NO_DATA","age_ms":0,"ts":0,"updates":0,"value":null}
1791637941.445 {"t":"ns","node":33120,"hash":2033492666,"owner":33120,"kind":"sampled","unit":0,"class":3,"bound_ms":0,"quality":"NO_DATA","age_ms":0,"ts":0,"updates":0,"value":null}
1791637941.445 {"t":"ns","node":33120,"hash":2347817554,"owner":33120,"kind":"sampled","unit":100,"class":4,"bound_ms":0,"quality":"GOOD","age_ms":442,"ts":902677,"updates":86,"value":293}
1791637941.445 {"t":"ns","node":33120,"hash":1170356950,"owner":33120,"kind":"sampled","unit":80,"class":4,"bound_ms":30000,"quality":"GOOD","age_ms":456,"ts":902677,"updates":86,"value":902}
1791637941.445 {"t":"ns","node":33120,"hash":3085599597,"owner":33120,"kind":"sampled","unit":0,"class":4,"bound_ms":5000,"quality":"GOOD","age_ms":469,"ts":902678,"updates":86,"value":-20}
1791637941.445 {"t":"ns","node":33120,"hash":2486014333,"owner":33120,"kind":"sampled","unit":101,"class":4,"bound_ms":30000,"quality":"GOOD","age_ms":484,"ts":902677,"updates":86,"value":250095}
1791637942.110 I (904748) esp_image: segment 0: paddr=00140020 vaddr=3c0a0020 size=20398h (131992) map
1791637942.110 I (904768) esp_image: segment 1: paddr=001603c0 vaddr=3fc98800 size=054cch ( 21708)
1791637942.110 I (904773) esp_image: segment 2: paddr=00165894 vaddr=40374000 size=0a784h ( 42884)
1791637942.110 I (904780) esp_image: segment 3: paddr=00170020 vaddr=42000020 size=95160h (610656) map
1791637942.110 I (904862) esp_image: segment 4: paddr=00205188 vaddr=4037e784 size=09fb8h ( 40888)
1791637942.110 I (904869) esp_image: segment 5: paddr=0020f148 vaddr=50000000 size=00024h (    36)
1791637942.110 I (904871) esp_image: segment 0: paddr=00140020 vaddr=3c0a0020 size=20398h (131992) map
1791637942.110 I (904901) esp_image: segment 1: paddr=001603c0 vaddr=3fc98800 size=054cch ( 21708)
1791637942.110 I (904906) esp_image: segment 2: paddr=00165894 vaddr=40374000 size=0a784h ( 42884)
1791637942.110 I (904913) esp_image: segment 3: paddr=00170020 vaddr=42000020 size=95160h (610656) map
1791637942.110 I (904995) esp_image: segment 4: paddr=00205188 vaddr=4037e784 size=09fb8h ( 40888)
1791637942.110 I (905002) esp_image: segment 5: paddr=0020f148 vaddr=50000000 size=00024h (    36)
1791637942.110 I (905039) pot.m0: fw: commit of counter 5: ok (345 ms)
1791637943.994 W (906545) pot.m0: deploy: rebooting into the new slot
1791637943.994 ���ESP-ROM:esp32s3-20210327
1791637943.994 Build:Mar 27 2021
1791637943.994 rst:0xc (RTC_SW_CPU_RST),boot:0x8 (SPI_FAST_FLASH_BOOT)
1791637943.994 Saved PC:0x4037e97a
1791637943.994 SPIWP:0xee
1791637943.994 mode:DIO, clock div:1
1791637943.994 load:0x3fce2820,len:0x14f0
1791637943.994 load:0x403c8700,len:0xda0
1791637943.994 load:0x403cb700,len:0x2f9c
1791637943.994 entry 0x403c8908
1791637943.994 I (29) boot: ESP-IDF v6.0.2 2nd stage bootloader
1791637943.994 I (29) boot: compile time Oct 10 2026 13:24:07
1791637943.994 I (29) boot: Multicore bootloader
1791637943.994 I (29) boot: chip revision: v0.2
1791637943.994 I (32) boot: efuse block revision: v1.4
1791637943.994 I (36) boot.esp32s3: Boot SPI Speed : 80MHz
1791637943.994 I (40) boot.esp32s3: SPI Mode       : DIO
1791637943.994 I (43) boot.esp32s3: SPI Flash Size : 16MB
1791637943.994 I (47) boot: Enabling RNG early entropy source...
1791637943.994 I (52) boot: Partition Table:
1791637943.994 I (54) boot: ## Label            Usage          Type ST Offset   Length
1791637943.994 I (61) boot:  0 nvs              WiFi data        01 02 00009000 00006000
1791637943.994 I (67) boot:  1 phy_init         RF data          01 01 0000f000 00001000
1791637943.994 I (74) boot:  2 factory          factory app      00 00 00010000 00100000
1791637943.994 I (80) boot:  3 modA             Unknown data     01 40 00110000 00010000
1791637943.994 I (87) boot:  4 modB             Unknown data     01 40 00120000 00010000
1791637943.994 I (93) boot:  5 otadata          OTA data         01 00 00130000 00002000
1791637943.994 I (100) boot:  6 ota_0            OTA app          00 10 00140000 00200000
1791637943.994 I (106) boot:  7 ota_1            OTA app          00 11 00340000 00200000
1791637943.994 I (113) boot: End of partition table
1791637943.994 I (144) esp_image: segment 0: paddr=00140020 vaddr=3c0a0020 size=20398h (131992) map
1791637943.994 I (168) esp_image: segment 1: paddr=001603c0 vaddr=3fc98800 size=054cch ( 21708) load
1791637943.994 I (173) esp_image: segment 2: paddr=00165894 vaddr=40374000 size=0a784h ( 42884) load
1791637943.994 I (183) esp_image: segment 3: paddr=00170020 vaddr=42000020 size=95160h (610656) map
1791637943.994 I (295) esp_image: segment 4: paddr=00205188 vaddr=4037e784 size=09fb8h ( 40888) load
1791637943.994 I (305) esp_image: segment 5: paddr=0020f148 vaddr=50000000 size=00024h (    36) load
1791637943.994 I (314) boot: Loaded app from partition at offset 0x140000
1791637943.994 I (314) boot: Disabling RNG early entropy source...
1791637943.994 I (324) octal_psram: vendor id    : 0x0d (AP)
1791637943.994 I (325) octal_psram: dev id       : 0x02 (generation 3)
1791637943.994 I (325) octal_psram: density      : 0x03 (64 Mbit)
1791637943.994 I (327) octal_psram: good-die     : 0x01 (Pass)
1791637943.994 I (331) octal_psram: Latency      : 0x01 (Fixed)
1791637943.994 I (335) octal_psram: VCC          : 0x01 (3V)
1791637943.994 I (339) octal_psram: SRF          : 0x01 (Fast Refresh)
1791637943.994 I (344) octal_psram: BurstType    : 0x01 (Hybrid Wrap)
1791637943.994 I (349) octal_psram: BurstLen     : 0x01 (32 Byte)
1791637943.994 I (354) octal_psram: Readlatency  : 0x02 (10 cycles@Fixed)
1791637943.994 I (359) octal_psram: DriveStrength: 0x00 (1/1)
1791637943.994 I (363) esp_psram: Found 8MB PSRAM device
1791637943.994 I (367) esp_psram: Speed: 40MHz
1791637943.994 I (370) cpu_start: Multicore app
1791637945.033 I (1104) esp_psram: SPI SRAM memory test OK
1791637945.033 I (1113) cpu_start: GPIO 44 and 43 are used as console UART I/O pins
1791637945.033 I (1114) cpu_start: Pro cpu start user code
1791637945.033 I (1114) cpu_start: cpu freq: 160000000 Hz
1791637945.033 I (1116) app_init: Application information:
1791637945.033 I (1120) app_init: Project name:     potluck_m0
1791637945.033 I (1124) app_init: App version:      deploy-and-detach-169-g599260f-
1791637945.033 I (1130) app_init: Compile time:     Oct 10 2026 15:06:06
1791637945.033 I (1135) app_init: ELF file SHA256:  9e003c921...
1791637945.033 I (1140) app_init: ESP-IDF:          v6.0.2
1791637945.033 I (1144) efuse_init: Min chip rev:     v0.0
1791637945.033 I (1148) efuse_init: Max chip rev:     v0.99
1791637945.033 I (1152) efuse_init: Chip rev:         v0.2
1791637945.033 I (1156) heap_init: Initializing. RAM available for dynamic allocation:
1791637945.033 I (1162) heap_init: At 3FCACD60 len 0003C9B0 (242 KiB): RAM
1791637945.033 I (1167) heap_init: At 3FCE9710 len 00005724 (21 KiB): RAM
1791637945.033 I (1172) heap_init: At 3FCF0000 len 00008000 (32 KiB): DRAM
1791637945.033 I (1178) heap_init: At 600FE000 len 00001FE8 (7 KiB): RTCRAM
1791637945.033 I (1183) esp_psram: Adding pool of 8151K of PSRAM memory to heap allocator
1791637945.033 I (1190) spi_flash: detected chip: generic
1791637945.033 I (1193) spi_flash: flash io: dio
1791637945.033 I (1198) sleep_gpio: Configure to isolate all GPIO pins in sleep state
1791637945.033 I (1203) sleep_gpio: Enable automatic switching of GPIO sleep configuration
1791637945.033 I (1210) main_task: Started on CPU0
1791637945.033 I (1233) esp_psram: Reserving pool of 32K of internal memory for DMA/internal allocations
1791637945.033 I (1234) main_task: Calling app_main()
1791637945.033 I (1248) pot.m0: channel 1 from the last boot (build default 1)
1791637945.033 I (1250) pp: pp rom version: e7ae62f
1791637945.033 I (1250) net80211: net80211 rom version: e7ae62f
1791637945.033 I (1252) wifi:wifi driver task: 3fcee984, prio:23, stack:6656, core=0
1791637945.033 I (1258) wifi:wifi firmware version: 00ad238
1791637945.033 I (1261) wifi:wifi certification version: v7.0
1791637945.033 I (1265) wifi:config NVS flash: disabled
1791637945.033 I (1268) wifi:config nano formatting: disabled
1791637945.033 I (1273) wifi:Init data frame dynamic rx buffer num: 16
1791637945.033 I (1278) wifi:Init static rx mgmt buffer num: 5
1791637945.033 I (1282) wifi:Init management short buffer num: 32
1791637945.033 I (1286) wifi:Init dynamic tx buffer num: 32
1791637945.033 I (1290) wifi:Init static tx FG buffer num: 2
1791637945.033 I (1294) wifi:Init static rx buffer size: 1600
1791637945.033 I (1299) wifi:Init static rx buffer num: 6
1791637945.033 I (1302) wifi:Init dynamic rx buffer num: 16
1791637945.033 I (1307) wifi_init: accept mbox: 6
1791637945.033 I (1309) wifi_init: tcpip mbox: 32
1791637945.033 I (1312) wifi_init: udp mbox: 6
1791637945.033 I (1315) wifi_init: tcp mbox: 6
1791637945.033 I (1318) wifi_init: tcp tx win: 5760
1791637945.033 I (1322) wifi_init: tcp rx win: 5760
1791637945.033 I (1325) wifi_init: tcp mss: 1440
1791637945.033 I (1328) wifi_init: WiFi IRAM OP enabled
1791637945.033 I (1332) wifi_init: WiFi RX IRAM OP enabled
1791637945.033 I (1336) phy_init: phy_version 712,87e8c20e,Apr 13 2026,18:51:10
1791637945.033 I (1382) wifi:mode : sta (b8:1f:3f:da:81:60)
1791637945.033 I (1383) wifi:enable tsf
1791637945.033 I (1384) wifi:Set ps type: 0, coexist: 0
1791637945.033 
1791637945.033 I (1386) ESPNOW: espnow [version: 2.0] init
1791637945.033 I (1387) pot.espnow: esp-now v2 up on channel 1, mac b8:1f:3f:da:81:60
1791637945.033 I (1394) pot.epoch: boot epoch 294
1791637945.033 I (1395) pot.m0: namespace: 6 resources declared
1791637945.033 I (1400) pot.serial: frame link on UART1, tx=17 rx=18, 921600 baud
1791637945.033 I (1406) pot.m0: status LED on GPIO48 and GPIO38; self-test red, green, blue
1791637946.841 I (2915) pot.m0: deploy: image counter 24, digest 682b3a05..., 1 actor(s) in the image
1791637946.841 I (2915) pot.m0: deploy: boot confirmed, running slot B, trial boot 0/3, counter 24
1791637946.841 I (2920) pot.m0: fw: running ota_0 (deploy-and-detach-169-g599260f-), counter 5, floor 4, ON TRIAL; spare slot ota_1, 2048 KB
1791637946.841 I (2930) pot.m0: reconciler: 1 portable actor(s)
1791637946.841 {"t":"enrol","node":33120,"pub":"0392ff6cd7890c311c0b048061f7b78a8a4c8f2363360d5bc3a19d91996afe04","enrolled":1,"ca_fp":"ef76cc2e"}
1791637946.841 I (2947) pot.m0: safe_state: high-water table restored from NVS
1791637946.841 I (2952) pot.m0: auth: enrolled, required
1791637946.841 I (2956) pot.m0: Potluck M0 node 0x8160 epoch 294, heartbeat 100 ms x 6 misses = 600 ms
1791637946.841 I (2964) main_task: Returned from app_main()
1791637946.841 {"t":"boot","node":33120,"epoch":294,"mac":"b8:1f:3f:da:81:60","espnow_ver":2,"chan":1,"hb_period_ms":100,"hb_miss_limit":6,"fw":"deploy-and-detach-169-g599260f-","idf":"v6.0.2","dram":{"at_boot":288335,"after_nvs":288335,"after_netif":280519,"after_wifi_init":249967,"after_wifi_start":248263,"after_espnow":248111,"largest_block":172032,"wifi_stack":32256,"espnow":152,"total_to_radio":40224}}
1791637946.841 I (3007) pot.m0: beacon mode: broadcast_beacon
1791637946.841 I (3136) pot.m0: discovered peer 0x7368
1791637946.841 I (3137) pot.m0: peer 0x7368 pinned to ESP-NOW v2, payload cap 1446 B
1791637946.841 I (3221) pot.m0: discovered peer 0x6300
1791637946.841 I (3222) pot.m0: peer 0x6300 pinned to ESP-NOW v2, payload cap 1446 B
1791637956.796 {"t":"clk","node":33120,"up_ms":11825}
1791637956.796 {"t":"led","node":33120,"shows":"green","app":0}
1791637956.796 {"t":"event","at_ms":1952,"node":33120,"kind":"peer_discovered","peer":29544,"slot":0,"a":172,"b":0}
1791637956.796 {"t":"event","at_ms":1953,"node":33120,"kind":"version_pinned","peer":29544,"slot":0,"a":2,"b":1446}
1791637956.796 {"t":"event","at_ms":1954,"node":33120,"kind":"peer_alive","peer":29544,"slot":0,"a":0,"b":0}
1791637956.796 {"t":"event","at_ms":1956,"node":33120,"kind":"peer_admitted","peer":29544,"slot":0,"a":0,"b":0}
1791637956.796 {"t":"event","at_ms":2038,"node":33120,"kind":"peer_discovered","peer":25344,"slot":1,"a":244,"b":0}
1791637956.796 {"t":"event","at_ms":2039,"node":33120,"kind":"version_pinned","peer":25344,"slot":1,"a":2,"b":1446}
1791637956.796 {"t":"event","at_ms":2040,"node":33120,"kind":"peer_alive","peer":25344,"slot":1,"a":0,"b":0}
1791637956.796 {"t":"event","at_ms":2041,"node":33120,"kind":"peer_admitted","peer":25344,"slot":1,"a":0,"b":0}
1791637956.796 {"t":"event","at_ms":2133,"node":33120,"kind":"peer_admitted","peer":25344,"slot":1,"a":0,"b":0}
1791637956.796 {"t":"event","at_ms":2418,"node":33120,"kind":"actor_owner","peer":25344,"slot":255,"a":1245650351,"b":9}
1791637956.796 {"t":"event","at_ms":2481,"node":33120,"kind":"peer_admitted","peer":29544,"slot":0,"a":0,"b":0}
1791637956.796 {"t":"event","at_ms":4133,"node":33120,"kind":"peer_admitted","peer":25344,"slot":1,"a":0,"b":0}
1791637956.796 {"t":"event","at_ms":4481,"node":33120,"kind":"peer_admitted","peer":29544,"slot":0,"a":0,"b":0}
1791637956.796 {"t":"event","at_ms":6133,"node":33120,"kind":"peer_admitted","peer":25344,"slot":1,"a":0,"b":0}
1791637956.796 I (13162) pot.m0: fw: trial passed after 100 heartbeats with 2 radio peer(s) - counter 5 CONFIRMED
1791637956.796 {"t":"event","at_ms":6481,"node":33120,"kind":"peer_admitted","peer":29544,"slot":0,"a":0,"b":0}
1791637956.796 {"t":"event","at_ms":8133,"node":33120,"kind":"peer_admitted","peer":25344,"slot":1,"a":0,"b":0}
1791637956.796 {"t":"event","at_ms":8481,"node":33120,"kind":"peer_admitted","peer":29544,"slot":0,"a":0,"b":0}
1791637956.796 {"t":"event","at_ms":10133,"node":33120,"kind":"peer_admitted","peer":25344,"slot":1,"a":0,"b":0}
1791637956.796 {"t":"event","at_ms":10481,"node":33120,"kind":"peer_admitted","peer":29544,"slot":0,"a":0,"b":0}
1791637956.796 {"t":"link","up_ms":12021,"node":33120,"peer":29544,"mac":"b8:1f:3f:da:73:68","state":"alive","epoch":172,"espnow_ver":2,"mtu":1446,"misses":0,"rssi":-10,"tx":{"frames":37,"cb_ok":37,"cb_fail":0,"enqueue_err":0,"pdr_ppm":1000000},"rx":{"frames":147,"lost_seqgap":0,"reorder_dup":0,"dropped_bad":0,"hb_lost":1,"bcast_frames":101,"pdr_ppm":1000000},"rtt":{"samples":5,"min_us":5592,"max_us":5635,"timeouts":0,"txq_last_us":0,"txq_max_us":0,"remote_turnaround_us":835,"remote_turnaround_max_us":881,"p50_us":[4000,6000],"p99_us":[4000,6000],"hist":[0,0,0,0,5,0,0,0,0,0,0,0,0,0,0,0]}}
1791637956.796 {"t":"link","up_ms":12075,"node":33120,"peer":25344,"mac":"b8:1f:3f:da:63:00","state":"alive","epoch":244,"espnow_ver":2,"mtu":1446,"misses":0,"rssi":-20,"tx":{"frames":41,"cb_ok":41,"cb_fail":0,"enqueue_err":0,"pdr_ppm":1000000},"rx":{"frames":141,"lost_seqgap":1,"reorder_dup":0,"dropped_bad":0,"hb_lost":0,"bcast_frames":101,"pdr_ppm":992957},"rtt":{"samples":5,"min_us":5815,"max_us":6054,"timeouts":0,"txq_last_us":0,"txq_max_us":0,"remote_turnaround_us":976,"remote_turnaround_max_us":976,"p50_us":[4000,6000],"p99_us":[6000,8000],"hist":[0,0,0,0,4,1,0,0,0,0,0,0,0,0,0,0]}}
1791637956.796 {"t":"auth","node":33120,"up_ms":12129,"enrolled":1,"required":1,"verified_peers":2,"verified":2,"cache_hits":10,"refused":0,"rate_limited":0,"stale_epoch":0,"verify_us_max":84770,"link_stack_free_b":1524,"crypto_stack_free_b":1268,"tags_ok":74,"bad_tag":0,"replayed":0,"untagged":0,"bcast_dropped":0,"beacon_epoch_ignored":0,"tag_us_max":773}
1791637956.796 {"t":"act","node":33120,"setpoint":0,"has_value":0,"writes_served":0}
1791637957.196 {"t":"peers","node":33120,"own_period_ms":100,"own_busy":0,"channel":1,"scanning":0,"scans":0,"hops":0,"found":0,"lost_to_found_ms":0,"moves_followed":0,"moves_refused":0,"sweeps":0,"sweep_found":0,"sweeping":0,"search_visits":0,"relay":0,"fwd_u":0,"fwd_b":0,"fwd_h":0,"relay_dup":108,"list":[{"id":29544,"state":"alive","via_relay":0,"period_ms":100,"misses":6,"busy":1,"rtt_n":5},{"id":25344,"state":"alive","via_relay":0,"period_ms":100,"misses":6,"busy":0,"rtt_n":5}]}
1791637957.196 {"t":"ss","node":33120,"accepted":0,"unsigned":0,"unknown_sender":0,"bad_signature":0,"replayed":0,"rate_limited":0,"verify_us_max":0,"floors":[{"src":25344,"epoch":139,"counter":1}]}
1791637957.196 {"t":"rec","node":33120,"up_ms":12213,"settled":1,"sent":44,"received":36,"malformed":0,"views":1,"replies_fenced":0,"actors":[{"key":1245650351,"running":0,"term":0,"owner":25344,"owner_term":9,"assigned":25344,"starts":0,"fenced":0,"released":0}]}
1791637957.196 {"t":"node","up_ms":12239,"node":33120,"epoch":294,"peers_alive":2,"peers_dead":0,"no_radio":0,"free_dram":250307,"largest_block":172032,"rx":{"total":522,"bad_frame":0,"unknown_peer":12,"wrong_dst":0,"short_payload":0,"unknown_opcode":0,"queue_dropped":50},"tx":{"total":191,"enqueue_err":0,"done_queue_dropped":0},"membership":{"deaths":0,"revivals":0,"reboots_seen":0,"table_full":0,"events_dropped":0}}
1791637957.196 {"t":"ns","node":33120,"hash":13581963,"owner":33120,"kind":"sampled","unit":100,"class":4,"bound_ms":5000,"quality":"GOOD","age_ms":452,"ts":11827,"updates":1,"value":2}
1791637957.196 {"t":"ns","node":33120,"hash":3142365229,"owner":33120,"kind":"sampled","unit":101,"class":4,"bound_ms":30000,"quality":"GOOD","age_ms":467,"ts":11827,"updates":1,"value":172032}
1791637957.196 {"t":"ns","node":33120,"hash":1245650351,"owner":25344,"kind":"sampled","unit":0,"class":3,"bound_ms":500,"quality":"NO_DATA","age_ms":0,"ts":0,"updates":0,"value":null}
1791637957.196 {"t":"ns","node":33120,"hash":2033492666,"owner":33120,"kind":"sampled","unit":0,"class":3,"bound_ms":0,"quality":"NO_DATA","age_ms":0,"ts":0,"updates":0,"value":null}
1791637957.196 {"t":"ns","node":33120,"hash":2347817554,"owner":33120,"kind":"sampled","unit":100,"class":4,"bound_ms":0,"quality":"GOOD","age_ms":508,"ts":11827,"updates":1,"value":294}
1791637957.196 {"t":"ns","node":33120,"hash":1170356950,"owner":33120,"kind":"sampled","unit":80,"class":4,"bound_ms":30000,"quality":"GOOD","age_ms":522,"ts":11827,"updates":1,"value":11}
1791637957.196 {"t":"ns","node":33120,"hash":3085599597,"owner":33120,"kind":"sampled","unit":0,"class":4,"bound_ms":5000,"quality":"GOOD","age_ms":536,"ts":11827,"updates":1,"value":-19}
1791637957.196 {"t":"ns","node":33120,"hash":2486014333,"owner":33120,"kind":"sampled","unit":101,"class":4,"bound_ms":30000,"quality":"GOOD","age_ms":550,"ts":11827,"updates":1,"value":250307}
1791637967.337 {"t":"clk","node":33120,"up_ms":22392}
1791637967.337 {"t":"led","node":33120,"shows":"green","app":0}
1791637967.337 {"t":"event","at_ms":12134,"node":33120,"kind":"peer_admitted","peer":25344,"slot":1,"a":0,"b":0}
1791637967.337 {"t":"event","at_ms":12481,"node":33120,"kind":"peer_admitted","peer":29544,"slot":0,"a":0,"b":0}
1791637967.337 {"t":"event","at_ms":14133,"node":33120,"kind":"peer_admitted","peer":25344,"slot":1,"a":0,"b":0}
1791637967.337 {"t":"event","at_ms":14481,"node":33120,"kind":"peer_admitted","peer":29544,"slot":0,"a":0,"b":0}
1791637967.337 {"t":"event","at_ms":16133,"node":33120,"kind":"peer_admitted","peer":25344,"slot":1,"a":0,"b":0}
1791637967.337 {"t":"event","at_ms":16481,"node":33120,"kind":"peer_admitted","peer":29544,"slot":0,"a":0,"b":0}
1791637967.337 {"t":"event","at_ms":18134,"node":33120,"kind":"peer_admitted","peer":25344,"slot":1,"a":0,"b":0}
1791637967.337 {"t":"event","at_ms":18481,"node":33120,"kind":"peer_admitted","peer":29544,"slot":0,"a":0,"b":0}
1791637967.337 {"t":"event","at_ms":20142,"node":33120,"kind":"peer_admitted","peer":25344,"slot":1,"a":0,"b":0}
1791637967.337 {"t":"event","at_ms":20481,"node":33120,"kind":"peer_admitted","peer":29544,"slot":0,"a":0,"b":0}
1791637967.337 {"t":"event","at_ms":22141,"node":33120,"kind":"peer_admitted","peer":25344,"slot":1,"a":0,"b":0}
1791637967.337 {"t":"event","at_ms":22481,"node":33120,"kind":"peer_admitted","peer":29544,"slot":0,"a":0,"b":0}
1791637967.337 {"t":"link","up_ms":22502,"node":33120,"peer":29544,"mac":"b8:1f:3f:da:73:68","state":"alive","epoch":172,"espnow_ver":2,"mtu":1446,"misses":0,"rssi":-10,"tx":{"frames":75,"cb_ok":75,"cb_fail":0,"enqueue_err":0,"pdr_ppm":1000000},"rx":{"frames":294,"lost_seqgap":0,"reorder_dup":0,"dropped_bad":0,"hb_lost":1,"bcast_frames":206,"pdr_ppm":1000000},"rtt":{"samples":10,"min_us":5529,"max_us":5635,"timeouts":0,"txq_last_us":0,"txq_max_us":0,"remote_turnaround_us":818,"remote_turnaround_max_us":881,"p50_us":[4000,6000],"p99_us":[4000,6000],"hist":[0,0,0,0,10,0,0,0,0,0,0,0,0,0,0,0]}}
1791637967.337 {"t":"link","up_ms":22545,"node":33120,"peer":25344,"mac":"b8:1f:3f:da:63:00","state":"alive","epoch":244,"espnow_ver":2,"mtu":1446,"misses":0,"rssi":-20,"tx":{"frames":78,"cb_ok":78,"cb_fail":0,"enqueue_err":0,"pdr_ppm":1000000},"rx":{"frames":281,"lost_seqgap":1,"reorder_dup":0,"dropped_bad":0,"hb_lost":0,"bcast_frames":206,"pdr_ppm":996453},"rtt":{"samples":10,"min_us":5805,"max_us":9977,"timeouts":0,"txq_last_us":0,"txq_max_us":0,"remote_turnaround_us":907,"remote_turnaround_max_us":3433,"p50_us":[4000,6000],"p99_us":[8000,11000],"hist":[0,0,0,0,7,1,2,0,0,0,0,0,0,0,0,0]}}
1791637967.337 {"t":"auth","node":33120,"up_ms":22599,"enrolled":1,"required":1,"verified_peers":2,"verified":2,"cache_hits":22,"refused":0,"rate_limited":0,"stale_epoch":0,"verify_us_max":84770,"link_stack_free_b":1524,"crypto_stack_free_b":1268,"tags_ok":140,"bad_tag":0,"replayed":0,"untagged":0,"bcast_dropped":0,"beacon_epoch_ignored":0,"tag_us_max":792}
1791637967.337 {"t":"act","node":33120,"setpoint":0,"has_value":0,"writes_served":0}
1791637967.337 {"t":"peers","node":33120,"own_period_ms":100,"own_busy":0,"channel":1,"scanning":0,"scans":0,"hops":0,"found":0,"lost_to_found_ms":0,"moves_followed":0,"moves_refused":0,"sweeps":0,"sweep_found":0,"sweeping":0,"search_visits":0,"relay":0,"fwd_u":0,"fwd_b":0,"fwd_h":0,"relay_dup":218,"list":[{"id":29544,"state":"alive","via_relay":0,"period_ms":100,"misses":6,"busy":1,"rtt_n":10},{"id":25344,"state":"alive","via_relay":0,"period_ms":100,"misses":6,"busy":0,"rtt_n":10}]}
1791637967.337 {"t":"ss","node":33120,"accepted":0,"unsigned":0,"unknown_sender":0,"bad_signature":0,"replayed":0,"rate_limited":0,"verify_us_max":0,"floors":[{"src":25344,"epoch":139,"counter":1}]}
1791637967.337 {"t":"rec","node":33120,"up_ms":22694,"settled":1,"sent":86,"received":70,"malformed":0,"views":1,"replies_fenced":0,"actors":[{"key":1245650351,"running":0,"term":0,"owner":25344,"owner_term":9,"assigned":25344,"starts":0,"fenced":0,"released":0}]}
1791637967.676 {"t":"node","up_ms":22709,"node":33120,"epoch":294,"peers_alive":2,"peers_dead":0,"no_radio":0,"free_dram":250307,"largest_block":172032,"rx":{"total":1026,"bad_frame":0,"unknown_peer":12,"wrong_dst":0,"short_payload":0,"unknown_opcode":0,"queue_dropped":50},"tx":{"total":375,"enqueue_err":0,"done_queue_dropped":0},"membership":{"deaths":0,"revivals":0,"reboots_seen":0,"table_full":0,"events_dropped":0}}
1791637967.676 {"t":"ns","node":33120,"hash":13581963,"owner":33120,"kind":"sampled","unit":100,"class":4,"bound_ms":5000,"quality":"GOOD","age_ms":355,"ts":22394,"updates":2,"value":2}
1791637967.676 {"t":"ns","node":33120,"hash":3142365229,"owner":33120,"kind":"sampled","unit":101,"class":4,"bound_ms":30000,"quality":"GOOD","age_ms":370,"ts":22394,"updates":2,"value":172032}
1791637967.676 {"t":"ns","node":33120,"hash":1245650351,"owner":25344,"kind":"sampled","unit":0,"class":3,"bound_ms":500,"quality":"NO_DATA","age_ms":0,"ts":0,"updates":0,"value":null}
1791637967.676 {"t":"ns","node":33120,"hash":2033492666,"owner":33120,"kind":"sampled","unit":0,"class":3,"bound_ms":0,"quality":"NO_DATA","age_ms":0,"ts":0,"updates":0,"value":null}
1791637967.676 {"t":"ns","node":33120,"hash":2347817554,"owner":33120,"kind":"sampled","unit":100,"class":4,"bound_ms":0,"quality":"GOOD","age_ms":412,"ts":22394,"updates":2,"value":294}
1791637967.676 {"t":"ns","node":33120,"hash":1170356950,"owner":33120,"kind":"sampled","unit":80,"class":4,"bound_ms":30000,"quality":"GOOD","age_ms":425,"ts":22394,"updates":2,"value":22}
1791637967.676 {"t":"ns","node":33120,"hash":3085599597,"owner":33120,"kind":"sampled","unit":0,"class":4,"bound_ms":5000,"quality":"GOOD","age_ms":453,"ts":22394,"updates":2,"value":-20}
1791637967.676 {"t":"ns","node":33120,"hash":2486014333,"owner":33120,"kind":"sampled","unit":101,"class":4,"bound_ms":30000,"quality":"GOOD","age_ms":468,"ts":22393,"updates":2,"value":250307}
1791637977.819 {"t":"clk","node":33120,"up_ms":32875}
1791637977.819 {"t":"led","node":33120,"shows":"green","app":0}
1791637977.819 {"t":"event","at_ms":24141,"node":33120,"kind":"peer_admitted","peer":25344,"slot":1,"a":0,"b":0}
1791637977.819 {"t":"event","at_ms":24481,"node":33120,"kind":"peer_admitted","peer":29544,"slot":0,"a":0,"b":0}
1791637977.819 {"t":"event","at_ms":26141,"node":33120,"kind":"peer_admitted","peer":25344,"slot":1,"a":0,"b":0}
1791637977.819 {"t":"event","at_ms":26481,"node":33120,"kind":"peer_admitted","peer":29544,"slot":0,"a":0,"b":0}
1791637977.819 {"t":"event","at_ms":28141,"node":33120,"kind":"peer_admitted","peer":25344,"slot":1,"a":0,"b":0}
1791637977.819 {"t":"event","at_ms":28481,"node":33120,"kind":"peer_admitted","peer":29544,"slot":0,"a":0,"b":0}
1791637977.819 {"t":"event","at_ms":30141,"node":33120,"kind":"peer_admitted","peer":25344,"slot":1,"a":0,"b":0}
1791637977.819 {"t":"event","at_ms":30482,"node":33120,"kind":"peer_admitted","peer":29544,"slot":0,"a":0,"b":0}
1791637977.819 {"t":"event","at_ms":32141,"node":33120,"kind":"peer_admitted","peer":25344,"slot":1,"a":0,"b":0}
1791637977.819 {"t":"event","at_ms":32481,"node":33120,"kind":"peer_admitted","peer":29544,"slot":0,"a":0,"b":0}
1791637977.819 {"t":"link","up_ms":32960,"node":33120,"peer":29544,"mac":"b8:1f:3f:da:73:68","state":"alive","epoch":172,"espnow_ver":2,"mtu":1446,"misses":0,"rssi":-10,"tx":{"frames":112,"cb_ok":112,"cb_fail":0,"enqueue_err":0,"pdr_ppm":1000000},"rx":{"frames":441,"lost_seqgap":0,"reorder_dup":0,"dropped_bad":0,"hb_lost":1,"bcast_frames":311,"pdr_ppm":1000000},"rtt":{"samples":16,"min_us":5480,"max_us":9200,"timeouts":0,"txq_last_us":0,"txq_max_us":0,"remote_turnaround_us":870,"remote_turnaround_max_us":881,"p50_us":[4000,6000],"p99_us":[8000,11000],"hist":[0,0,0,0,14,0,2,0,0,0,0,0,0,0,0,0]}}
1791637977.819 {"t":"link","up_ms":33013,"node":33120,"peer":25344,"mac":"b8:1f:3f:da:63:00","state":"alive","epoch":244,"espnow_ver":2,"mtu":1446,"misses":0,"rssi":-20,"tx":{"frames":112,"cb_ok":112,"cb_fail":0,"enqueue_err":0,"pdr_ppm":1000000},"rx":{"frames":415,"lost_seqgap":1,"reorder_dup":0,"dropped_bad":0,"hb_lost":1,"bcast_frames":309,"pdr_ppm":997596},"rtt":{"samples":15,"min_us":5797,"max_us":14230,"timeouts":0,"txq_last_us":11076,"txq_max_us":11076,"remote_turnaround_us":867,"remote_turnaround_max_us":3433,"p50_us":[4000,6000],"p99_us":[11000,16000],"hist":[0,0,0,0,10,2,2,1,0,0,0,0,0,0,0,0]}}
1791637977.819 {"t":"auth","node":33120,"up_ms":33068,"enrolled":1,"required":1,"verified_peers":2,"verified":2,"cache_hits":32,"refused":0,"rate_limited":0,"stale_epoch":0,"verify_us_max":84770,"link_stack_free_b":1524,"crypto_stack_free_b":1268,"tags_ok":203,"bad_tag":0,"replayed":0,"untagged":0,"bcast_dropped":0,"beacon_epoch_ignored":0,"tag_us_max":792}
1791637977.819 {"t":"act","node":33120,"setpoint":0,"has_value":0,"writes_served":0}
1791637977.819 {"t":"peers","node":33120,"own_period_ms":100,"own_busy":0,"channel":1,"scanning":0,"scans":0,"hops":0,"found":0,"lost_to_found_ms":0,"moves_followed":0,"moves_refused":0,"sweeps":0,"sweep_found":0,"sweeping":0,"search_visits":0,"relay":0,"fwd_u":0,"fwd_b":0,"fwd_h":0,"relay_dup":325,"list":[{"id":29544,"state":"alive","via_relay":0,"period_ms":100,"misses":6,"busy":1,"rtt_n":16},{"id":25344,"state":"alive","via_relay":0,"period_ms":100,"misses":6,"busy":0,"rtt_n":15}]}
1791637977.819 {"t":"ss","node":33120,"accepted":0,"unsigned":0,"unknown_sender":0,"bad_signature":0,"replayed":0,"rate_limited":0,"verify_us_max":0,"floors":[{"src":25344,"epoch":139,"counter":1}]}
1791637977.819 {"t":"rec","node":33120,"up_ms":33163,"settled":1,"sent":128,"received":104,"malformed":0,"views":1,"replies_fenced":0,"actors":[{"key":1245650351,"running":0,"term":0,"owner":25344,"owner_term":9,"assigned":25344,"starts":0,"fenced":0,"released":0}]}
1791637977.819 {"t":"node","up_ms":33178,"node":33120,"epoch":294,"peers_alive":2,"peers_dead":0,"no_radio":0,"free_dram":250307,"largest_block":172032,"rx":{"total":1526,"bad_frame":0,"unknown_peer":12,"wrong_dst":0,"short_payload":0,"unknown_opcode":0,"queue_dropped":50},"tx":{"total":556,"enqueue_err":0,"done_queue_dropped":0},"membership":{"deaths":0,"revivals":0,"reboots_seen":0,"table_full":0,"events_dropped":0}}
1791637978.133 {"t":"ns","node":33120,"hash":13581963,"owner":33120,"kind":"sampled","unit":100,"class":4,"bound_ms":5000,"quality":"GOOD","age_ms":341,"ts":32877,"updates":3,"value":2}
1791637978.133 {"t":"ns","node":33120,"hash":3142365229,"owner":33120,"kind":"sampled","unit":101,"class":4,"bound_ms":30000,"quality":"GOOD","age_ms":357,"ts":32876,"updates":3,"value":172032}
1791637978.133 {"t":"ns","node":33120,"hash":1245650351,"owner":25344,"kind":"sampled","unit":0,"class":3,"bound_ms":500,"quality":"NO_DATA","age_ms":0,"ts":0,"updates":0,"value":null}
1791637978.133 {"t":"ns","node":33120,"hash":2033492666,"owner":33120,"kind":"sampled","unit":0,"class":3,"bound_ms":0,"quality":"NO_DATA","age_ms":0,"ts":0,"updates":0,"value":null}
1791637978.133 {"t":"ns","node":33120,"hash":2347817554,"owner":33120,"kind":"sampled","unit":100,"class":4,"bound_ms":0,"quality":"GOOD","age_ms":399,"ts":32876,"updates":3,"value":294}
1791637978.133 {"t":"ns","node":33120,"hash":1170356950,"owner":33120,"kind":"sampled","unit":80,"class":4,"bound_ms":30000,"quality":"GOOD","age_ms":413,"ts":32876,"updates":3,"value":32}
1791637978.133 {"t":"ns","node":33120,"hash":3085599597,"owner":33120,"kind":"sampled","unit":0,"class":4,"bound_ms":5000,"quality":"GOOD","age_ms":426,"ts":32877,"updates":3,"value":-20}
1791637978.133 {"t":"ns","node":33120,"hash":2486014333,"owner":33120,"kind":"sampled","unit":101,"class":4,"bound_ms":30000,"quality":"GOOD","age_ms":452,"ts":32876,"updates":3,"value":250307}
1791637988.287 {"t":"clk","node":33120,"up_ms":43343}
1791637988.287 {"t":"led","node":33120,"shows":"green","app":0}
1791637988.287 {"t":"event","at_ms":34141,"node":33120,"kind":"peer_admitted","peer":25344,"slot":1,"a":0,"b":0}
1791637988.287 {"t":"event","at_ms":34481,"node":33120,"kind":"peer_admitted","peer":29544,"slot":0,"a":0,"b":0}
1791637988.287 {"t":"event","at_ms":36141,"node":33120,"kind":"peer_admitted","peer":25344,"slot":1,"a":0,"b":0}
1791637988.287 {"t":"event","at_ms":36481,"node":33120,"kind":"peer_admitted","peer":29544,"slot":0,"a":0,"b":0}
1791637988.287 {"t":"event","at_ms":38141,"node":33120,"kind":"peer_admitted","peer":25344,"slot":1,"a":0,"b":0}
1791637988.287 {"t":"event","at_ms":38481,"node":33120,"kind":"peer_admitted","peer":29544,"slot":0,"a":0,"b":0}
1791637988.287 {"t":"event","at_ms":40141,"node":33120,"kind":"peer_admitted","peer":25344,"slot":1,"a":0,"b":0}
1791637988.287 {"t":"event","at_ms":40481,"node":33120,"kind":"peer_admitted","peer":29544,"slot":0,"a":0,"b":0}
1791637988.287 {"t":"event","at_ms":42141,"node":33120,"kind":"peer_admitted","peer":25344,"slot":1,"a":0,"b":0}
1791637988.287 {"t":"event","at_ms":42481,"node":33120,"kind":"peer_admitted","peer":29544,"slot":0,"a":0,"b":0}
1791637988.287 {"t":"link","up_ms":43430,"node":33120,"peer":29544,"mac":"b8:1f:3f:da:73:68","state":"alive","epoch":172,"espnow_ver":2,"mtu":1446,"misses":0,"rssi":-11,"tx":{"frames":148,"cb_ok":148,"cb_fail":0,"enqueue_err":0,"pdr_ppm":1000000},"rx":{"frames":586,"lost_seqgap":0,"reorder_dup":0,"dropped_bad":0,"hb_lost":1,"bcast_frames":415,"pdr_ppm":1000000},"rtt":{"samples":21,"min_us":5480,"max_us":9200,"timeouts":0,"txq_last_us":0,"txq_max_us":0,"remote_turnaround_us":835,"remote_turnaround_max_us":890,"p50_us":[4000,6000],"p99_us":[8000,11000],"hist":[0,0,0,0,19,0,2,0,0,0,0,0,0,0,0,0]}}
1791637988.287 {"t":"link","up_ms":43484,"node":33120,"peer":25344,"mac":"b8:1f:3f:da:63:00","state":"alive","epoch":244,"espnow_ver":2,"mtu":1446,"misses":0,"rssi":-20,"tx":{"frames":147,"cb_ok":147,"cb_fail":0,"enqueue_err":0,"pdr_ppm":1000000},"rx":{"frames":553,"lost_seqgap":1,"reorder_dup":0,"dropped_bad":0,"hb_lost":1,"bcast_frames":414,"pdr_ppm":998194},"rtt":{"samples":20,"min_us":5785,"max_us":14230,"timeouts":0,"txq_last_us":11076,"txq_max_us":11076,"remote_turnaround_us":991,"remote_turnaround_max_us":3433,"p50_us":[4000,6000],"p99_us":[11000,16000],"hist":[0,0,0,0,14,3,2,1,0,0,0,0,0,0,0,0]}}
1791637988.287 {"t":"auth","node":33120,"up_ms":43538,"enrolled":1,"required":1,"verified_peers":2,"verified":2,"cache_hits":42,"refused":0,"rate_limited":0,"stale_epoch":0,"verify_us_max":84770,"link_stack_free_b":1524,"crypto_stack_free_b":1268,"tags_ok":267,"bad_tag":0,"replayed":0,"untagged":0,"bcast_dropped":0,"beacon_epoch_ignored":0,"tag_us_max":792}
1791637988.287 {"t":"act","node":33120,"setpoint":0,"has_value":0,"writes_served":0}
1791637988.287 {"t":"peers","node":33120,"own_period_ms":100,"own_busy":0,"channel":1,"scanning":0,"scans":0,"hops":0,"found":0,"lost_to_found_ms":0,"moves_followed":0,"moves_refused":0,"sweeps":0,"sweep_found":0,"sweeping":0,"search_visits":0,"relay":0,"fwd_u":0,"fwd_b":0,"fwd_h":0,"relay_dup":435,"list":[{"id":29544,"state":"alive","via_relay":0,"period_ms":100,"misses":6,"busy":1,"rtt_n":21},{"id":25344,"state":"alive","via_relay":0,"period_ms":100,"misses":6,"busy":0,"rtt_n":20}]}
1791637988.287 {"t":"ss","node":33120,"accepted":0,"unsigned":0,"unknown_sender":0,"bad_signature":0,"replayed":0,"rate_limited":0,"verify_us_max":0,"floors":[{"src":25344,"epoch":139,"counter":1}]}
1791637988.287 {"t":"rec","node":33120,"up_ms":43632,"settled":1,"sent":170,"received":139,"malformed":0,"views":1,"replies_fenced":0,"actors":[{"key":1245650351,"running":0,"term":0,"owner":25344,"owner_term":9,"assigned":25344,"starts":0,"fenced":0,"released":0}]}
1791637988.287 {"t":"node","up_ms":43648,"node":33120,"epoch":294,"peers_alive":2,"peers_dead":0,"no_radio":0,"free_dram":250307,"largest_block":172032,"rx":{"total":2029,"bad_frame":0,"unknown_peer":12,"wrong_dst":0,"short_payload":0,"unknown_opcode":0,"queue_dropped":50},"tx":{"total":737,"enqueue_err":0,"done_queue_dropped":0},"membership":{"deaths":0,"revivals":0,"reboots_seen":0,"table_full":0,"events_dropped":0}}
1791637988.611 {"t":"ns","node":33120,"hash":13581963,"owner":33120,"kind":"sampled","unit":100,"class":4,"bound_ms":5000,"quality":"GOOD","age_ms":342,"ts":43346,"updates":4,"value":2}
1791637988.611 {"t":"ns","node":33120,"hash":3142365229,"owner":33120,"kind":"sampled","unit":101,"class":4,"bound_ms":30000,"quality":"GOOD","age_ms":356,"ts":43346,"updates":4,"value":172032}
1791637988.611 {"t":"ns","node":33120,"hash":1245650351,"owner":25344,"kind":"sampled","unit":0,"class":3,"bound_ms":500,"quality":"NO_DATA","age_ms":0,"ts":0,"updates":0,"value":null}
1791637988.611 {"t":"ns","node":33120,"hash":2033492666,"owner":33120,"kind":"sampled","unit":0,"class":3,"bound_ms":0,"quality":"NO_DATA","age_ms":0,"ts":0,"updates":0,"value":null}
1791637988.611 {"t":"ns","node":33120,"hash":2347817554,"owner":33120,"kind":"sampled","unit":100,"class":4,"bound_ms":0,"quality":"GOOD","age_ms":398,"ts":43346,"updates":4,"value":294}
1791637988.611 {"t":"ns","node":33120,"hash":1170356950,"owner":33120,"kind":"sampled","unit":80,"class":4,"bound_ms":30000,"quality":"GOOD","age_ms":412,"ts":43346,"updates":4,"value":43}
1791637988.611 {"t":"ns","node":33120,"hash":3085599597,"owner":33120,"kind":"sampled","unit":0,"class":4,"bound_ms":5000,"quality":"GOOD","age_ms":426,"ts":43346,"updates":4,"value":-19}
1791637988.611 {"t":"ns","node":33120,"hash":2486014333,"owner":33120,"kind":"sampled","unit":101,"class":4,"bound_ms":30000,"quality":"GOOD","age_ms":440,"ts":43346,"updates":4,"value":250087}
1791637998.748 {"t":"clk","node":33120,"up_ms":53801}
1791637998.748 {"t":"led","node":33120,"shows":"green","app":0}
1791637998.748 {"t":"event","at_ms":44141,"node":33120,"kind":"peer_admitted","peer":25344,"slot":1,"a":0,"b":0}
1791637998.748 {"t":"event","at_ms":44481,"node":33120,"kind":"peer_admitted","peer":29544,"slot":0,"a":0,"b":0}
1791637998.748 {"t":"event","at_ms":46141,"node":33120,"kind":"peer_admitted","peer":25344,"slot":1,"a":0,"b":0}
1791637998.748 {"t":"event","at_ms":46481,"node":33120,"kind":"peer_admitted","peer":29544,"slot":0,"a":0,"b":0}
1791637998.748 {"t":"event","at_ms":48149,"node":33120,"kind":"peer_admitted","peer":25344,"slot":1,"a":0,"b":0}
1791637998.748 {"t":"event","at_ms":48481,"node":33120,"kind":"peer_admitted","peer":29544,"slot":0,"a":0,"b":0}
1791637998.748 {"t":"event","at_ms":50148,"node":33120,"kind":"peer_admitted","peer":25344,"slot":1,"a":0,"b":0}
1791637998.748 {"t":"event","at_ms":50496,"node":33120,"kind":"peer_admitted","peer":29544,"slot":0,"a":0,"b":0}
1791637998.748 {"t":"event","at_ms":52148,"node":33120,"kind":"peer_admitted","peer":25344,"slot":1,"a":0,"b":0}
1791637998.748 {"t":"event","at_ms":52481,"node":33120,"kind":"peer_admitted","peer":29544,"slot":0,"a":0,"b":0}
1791637998.748 {"t":"link","up_ms":53887,"node":33120,"peer":29544,"mac":"b8:1f:3f:da:73:68","state":"alive","epoch":172,"espnow_ver":2,"mtu":1446,"misses":0,"rssi":-10,"tx":{"frames":184,"cb_ok":184,"cb_fail":0,"enqueue_err":0,"pdr_ppm":1000000},"rx":{"frames":733,"lost_seqgap":0,"reorder_dup":0,"dropped_bad":0,"hb_lost":1,"bcast_frames":520,"pdr_ppm":1000000},"rtt":{"samples":26,"min_us":5381,"max_us":9200,"timeouts":0,"txq_last_us":0,"txq_max_us":0,"remote_turnaround_us":812,"remote_turnaround_max_us":890,"p50_us":[4000,6000],"p99_us":[8000,11000],"hist":[0,0,0,0,23,1,2,0,0,0,0,0,0,0,0,0]}}
1791637998.748 {"t":"link","up_ms":53942,"node":33120,"peer":25344,"mac":"b8:1f:3f:da:63:00","state":"alive","epoch":244,"espnow_ver":2,"mtu":1446,"misses":0,"rssi":-20,"tx":{"frames":182,"cb_ok":182,"cb_fail":0,"enqueue_err":0,"pdr_ppm":1000000},"rx":{"frames":691,"lost_seqgap":1,"reorder_dup":0,"dropped_bad":0,"hb_lost":1,"bcast_frames":519,"pdr_ppm":998554},"rtt":{"samples":26,"min_us":5785,"max_us":14230,"timeouts":0,"txq_last_us":11076,"txq_max_us":11076,"remote_turnaround_us":876,"remote_turnaround_max_us":3433,"p50_us":[4000,6000],"p99_us":[11000,16000],"hist":[0,0,0,0,18,4,3,1,0,0,0,0,0,0,0,0]}}
1791637998.748 {"t":"auth","node":33120,"up_ms":53996,"enrolled":1,"required":1,"verified_peers":2,"verified":2,"cache_hits":52,"refused":0,"rate_limited":0,"stale_epoch":0,"verify_us_max":84770,"link_stack_free_b":1524,"crypto_stack_free_b":1268,"tags_ok":331,"bad_tag":0,"replayed":0,"untagged":0,"bcast_dropped":0,"beacon_epoch_ignored":0,"tag_us_max":792}
1791637998.748 {"t":"act","node":33120,"setpoint":0,"has_value":0,"writes_served":0}
1791637998.748 {"t":"peers","node":33120,"own_period_ms":100,"own_busy":0,"channel":1,"scanning":0,"scans":0,"hops":0,"found":0,"lost_to_found_ms":0,"moves_followed":0,"moves_refused":0,"sweeps":0,"sweep_found":0,"sweeping":0,"search_visits":0,"relay":0,"fwd_u":0,"fwd_b":0,"fwd_h":0,"relay_dup":544,"list":[{"id":29544,"state":"alive","via_relay":0,"period_ms":100,"misses":6,"busy":1,"rtt_n":26},{"id":25344,"state":"alive","via_relay":0,"period_ms":100,"misses":6,"busy":0,"rtt_n":26}]}
1791637998.748 {"t":"ss","node":33120,"accepted":0,"unsigned":0,"unknown_sender":0,"bad_signature":0,"replayed":0,"rate_limited":0,"verify_us_max":0,"floors":[{"src":25344,"epoch":139,"counter":1}]}
1791637998.748 {"t":"rec","node":33120,"up_ms":54080,"settled":1,"sent":211,"received":173,"malformed":0,"views":1,"replies_fenced":0,"actors":[{"key":1245650351,"running":0,"term":0,"owner":25344,"owner_term":9,"assigned":25344,"starts":0,"fenced":0,"released":0}]}
1791637998.748 {"t":"node","up_ms":54107,"node":33120,"epoch":294,"peers_alive":2,"peers_dead":0,"no_radio":0,"free_dram":250307,"largest_block":172032,"rx":{"total":2532,"bad_frame":0,"unknown_peer":12,"wrong_dst":0,"short_payload":0,"unknown_opcode":0,"queue_dropped":50},"tx":{"total":918,"enqueue_err":0,"done_queue_dropped":0},"membership":{"deaths":0,"revivals":0,"reboots_seen":0,"table_full":0,"events_dropped":0}}
1791637999.059 {"t":"ns","node":33120,"hash":13581963,"owner":33120,"kind":"sampled","unit":100,"class":4,"bound_ms":5000,"quality":"GOOD","age_ms":344,"ts":53803,"updates":5,"value":2}
1791637999.059 {"t":"ns","node":33120,"hash":3142365229,"owner":33120,"kind":"sampled","unit":101,"class":4,"bound_ms":30000,"quality":"GOOD","age_ms":359,"ts":53802,"updates":5,"value":172032}
1791637999.059 {"t":"ns","node":33120,"hash":1245650351,"owner":25344,"kind":"sampled","unit":0,"class":3,"bound_ms":500,"quality":"NO_DATA","age_ms":0,"ts":0,"updates":0,"value":null}
1791637999.059 {"t":"ns","node":33120,"hash":2033492666,"owner":33120,"kind":"sampled","unit":0,"class":3,"bound_ms":0,"quality":"NO_DATA","age_ms":0,"ts":0,"updates":0,"value":null}
1791637999.059 {"t":"ns","node":33120,"hash":2347817554,"owner":33120,"kind":"sampled","unit":100,"class":4,"bound_ms":0,"quality":"GOOD","age_ms":401,"ts":53802,"updates":5,"value":294}
1791637999.059 {"t":"ns","node":33120,"hash":1170356950,"owner":33120,"kind":"sampled","unit":80,"class":4,"bound_ms":30000,"quality":"GOOD","age_ms":415,"ts":53802,"updates":5,"value":53}
1791637999.059 {"t":"ns","node":33120,"hash":3085599597,"owner":33120,"kind":"sampled","unit":0,"class":4,"bound_ms":5000,"quality":"GOOD","age_ms":428,"ts":53803,"updates":5,"value":-20}
1791637999.059 {"t":"ns","node":33120,"hash":2486014333,"owner":33120,"kind":"sampled","unit":101,"class":4,"bound_ms":30000,"quality":"GOOD","age_ms":443,"ts":53802,"updates":5,"value":250307}
1791638009.207 {"t":"clk","node":33120,"up_ms":64260}
1791638009.207 {"t":"led","node":33120,"shows":"green","app":0}
1791638009.207 {"t":"event","at_ms":54154,"node":33120,"kind":"peer_admitted","peer":25344,"slot":1,"a":0,"b":0}
1791638009.207 {"t":"event","at_ms":54481,"node":33120,"kind":"peer_admitted","peer":29544,"slot":0,"a":0,"b":0}
1791638009.207 {"t":"event","at_ms":56154,"node":33120,"kind":"peer_admitted","peer":25344,"slot":1,"a":0,"b":0}
1791638009.207 {"t":"event","at_ms":56481,"node":33120,"kind":"peer_admitted","peer":29544,"slot":0,"a":0,"b":0}
1791638009.207 {"t":"event","at_ms":58155,"node":33120,"kind":"peer_admitted","peer":25344,"slot":1,"a":0,"b":0}
1791638009.207 {"t":"event","at_ms":58481,"node":33120,"kind":"peer_admitted","peer":29544,"slot":0,"a":0,"b":0}
1791638009.207 {"t":"event","at_ms":60155,"node":33120,"kind":"peer_admitted","peer":25344,"slot":1,"a":0,"b":0}
1791638009.207 {"t":"event","at_ms":60482,"node":33120,"kind":"peer_admitted","peer":29544,"slot":0,"a":0,"b":0}
1791638009.207 {"t":"event","at_ms":62155,"node":33120,"kind":"peer_admitted","peer":25344,"slot":1,"a":0,"b":0}
1791638009.207 {"t":"event","at_ms":62483,"node":33120,"kind":"peer_admitted","peer":29544,"slot":0,"a":0,"b":0}
1791638009.207 {"t":"event","at_ms":64155,"node":33120,"kind":"peer_admitted","peer":25344,"slot":1,"a":0,"b":0}
1791638009.207 {"t":"link","up_ms":64359,"node":33120,"peer":29544,"mac":"b8:1f:3f:da:73:68","state":"alive","epoch":172,"espnow_ver":2,"mtu":1446,"misses":0,"rssi":-10,"tx":{"frames":220,"cb_ok":220,"cb_fail":0,"enqueue_err":0,"pdr_ppm":1000000},"rx":{"frames":879,"lost_seqgap":0,"reorder_dup":0,"dropped_bad":0,"hb_lost":1,"bcast_frames":625,"pdr_ppm":1000000},"rtt":{"samples":31,"min_us":5381,"max_us":9200,"timeouts":0,"txq_last_us":0,"txq_max_us":0,"remote_turnaround_us":835,"remote_turnaround_max_us":890,"p50_us":[4000,6000],"p99_us":[8000,11000],"hist":[0,0,0,0,26,3,2,0,0,0,0,0,0,0,0,0]}}
1791638009.207 {"t":"link","up_ms":64413,"node":33120,"peer":25344,"mac":"b8:1f:3f:da:63:00","state":"alive","epoch":244,"espnow_ver":2,"mtu":1446,"misses":0,"rssi":-20,"tx":{"frames":218,"cb_ok":218,"cb_fail":0,"enqueue_err":0,"pdr_ppm":1000000},"rx":{"frames":827,"lost_seqgap":1,"reorder_dup":0,"dropped_bad":0,"hb_lost":3,"bcast_frames":621,"pdr_ppm":998792},"rtt":{"samples":31,"min_us":5777,"max_us":24653,"timeouts":0,"txq_last_us":2791,"txq_max_us":11076,"remote_turnaround_us":873,"remote_turnaround_max_us":9053,"p50_us":[4000,6000],"p99_us":[22000,30000],"hist":[0,0,0,0,22,4,3,1,0,1,0,0,0,0,0,0]}}
1791638009.207 {"t":"auth","node":33120,"up_ms":64456,"enrolled":1,"required":1,"verified_peers":2,"verified":2,"cache_hits":63,"refused":0,"rate_limited":0,"stale_epoch":0,"verify_us_max":84770,"link_stack_free_b":1524,"crypto_stack_free_b":1268,"tags_ok":396,"bad_tag":0,"replayed":0,"untagged":0,"bcast_dropped":0,"beacon_epoch_ignored":0,"tag_us_max":792}
1791638009.207 {"t":"act","node":33120,"setpoint":0,"has_value":0,"writes_served":0}
1791638009.207 {"t":"peers","node":33120,"own_period_ms":100,"own_busy":0,"channel":1,"scanning":0,"scans":0,"hops":0,"found":0,"lost_to_found_ms":0,"moves_followed":0,"moves_refused":0,"sweeps":0,"sweep_found":0,"sweeping":0,"search_visits":0,"relay":0,"fwd_u":0,"fwd_b":0,"fwd_h":0,"relay_dup":653,"list":[{"id":29544,"state":"alive","via_relay":0,"period_ms":100,"misses":6,"busy":1,"rtt_n":31},{"id":25344,"state":"alive","via_relay":0,"period_ms":100,"misses":6,"busy":0,"rtt_n":31}]}
1791638009.207 {"t":"ss","node":33120,"accepted":0,"unsigned":0,"unknown_sender":0,"bad_signature":0,"replayed":0,"rate_limited":0,"verify_us_max":0,"floors":[{"src":25344,"epoch":139,"counter":1}]}
1791638009.207 {"t":"rec","node":33120,"up_ms":64551,"settled":1,"sent":253,"received":208,"malformed":0,"views":1,"replies_fenced":0,"actors":[{"key":1245650351,"running":0,"term":0,"owner":25344,"owner_term":9,"assigned":25344,"starts":0,"fenced":0,"released":0}]}
1791638009.532 {"t":"node","up_ms":64577,"node":33120,"epoch":294,"peers_alive":2,"peers_dead":0,"no_radio":0,"free_dram":250307,"largest_block":172032,"rx":{"total":3035,"bad_frame":0,"unknown_peer":12,"wrong_dst":0,"short_payload":0,"unknown_opcode":0,"queue_dropped":50},"tx":{"total":1101,"enqueue_err":0,"done_queue_dropped":0},"membership":{"deaths":0,"revivals":0,"reboots_seen":0,"table_full":0,"events_dropped":0}}
1791638009.532 {"t":"ns","node":33120,"hash":13581963,"owner":33120,"kind":"sampled","unit":100,"class":4,"bound_ms":5000,"quality":"GOOD","age_ms":344,"ts":64262,"updates":6,"value":2}
1791638009.532 {"t":"ns","node":33120,"hash":3142365229,"owner":33120,"kind":"sampled","unit":101,"class":4,"bound_ms":30000,"quality":"GOOD","age_ms":359,"ts":64261,"updates":6,"value":172032}
1791638009.532 {"t":"ns","node":33120,"hash":1245650351,"owner":25344,"kind":"sampled","unit":0,"class":3,"bound_ms":500,"quality":"NO_DATA","age_ms":0,"ts":0,"updates":0,"value":null}
1791638009.532 {"t":"ns","node":33120,"hash":2033492666,"owner":33120,"kind":"sampled","unit":0,"class":3,"bound_ms":0,"quality":"NO_DATA","age_ms":0,"ts":0,"updates":0,"value":null}
1791638009.532 {"t":"ns","node":33120,"hash":2347817554,"owner":33120,"kind":"sampled","unit":100,"class":4,"bound_ms":0,"quality":"GOOD","age_ms":413,"ts":64261,"updates":6,"value":294}
1791638009.532 {"t":"ns","node":33120,"hash":1170356950,"owner":33120,"kind":"sampled","unit":80,"class":4,"bound_ms":30000,"quality":"GOOD","age_ms":426,"ts":64261,"updates":6,"value":64}
1791638009.532 {"t":"ns","node":33120,"hash":3085599597,"owner":33120,"kind":"sampled","unit":0,"class":4,"bound_ms":5000,"quality":"GOOD","age_ms":439,"ts":64262,"updates":6,"value":-19}
1791638009.532 {"t":"ns","node":33120,"hash":2486014333,"owner":33120,"kind":"sampled","unit":101,"class":4,"bound_ms":30000,"quality":"GOOD","age_ms":454,"ts":64261,"updates":6,"value":250307}
1791638019.676 {"t":"clk","node":33120,"up_ms":74730}
1791638019.676 {"t":"led","node":33120,"shows":"green","app":0}
1791638019.676 {"t":"event","at_ms":64481,"node":33120,"kind":"peer_admitted","peer":29544,"slot":0,"a":0,"b":0}
1791638019.676 {"t":"event","at_ms":66155,"node":33120,"kind":"peer_admitted","peer":25344,"slot":1,"a":0,"b":0}
1791638019.676 {"t":"event","at_ms":66481,"node":33120,"kind":"peer_admitted","peer":29544,"slot":0,"a":0,"b":0}
1791638019.676 {"t":"event","at_ms":68155,"node":33120,"kind":"peer_admitted","peer":25344,"slot":1,"a":0,"b":0}
1791638019.676 {"t":"event","at_ms":68481,"node":33120,"kind":"peer_admitted","peer":29544,"slot":0,"a":0,"b":0}
1791638019.676 {"t":"event","at_ms":70156,"node":33120,"kind":"peer_admitted","peer":25344,"slot":1,"a":0,"b":0}
1791638019.676 {"t":"event","at_ms":70495,"node":33120,"kind":"peer_admitted","peer":29544,"slot":0,"a":0,"b":0}
1791638019.676 {"t":"event","at_ms":72156,"node":33120,"kind":"peer_admitted","peer":25344,"slot":1,"a":0,"b":0}
1791638019.676 {"t":"event","at_ms":72481,"node":33120,"kind":"peer_admitted","peer":29544,"slot":0,"a":0,"b":0}
1791638019.676 {"t":"event","at_ms":74157,"node":33120,"kind":"peer_admitted","peer":25344,"slot":1,"a":0,"b":0}
1791638019.676 {"t":"event","at_ms":74481,"node":33120,"kind":"peer_admitted","peer":29544,"slot":0,"a":0,"b":0}
1791638019.676 {"t":"link","up_ms":74829,"node":33120,"peer":29544,"mac":"b8:1f:3f:da:73:68","state":"alive","epoch":172,"espnow_ver":2,"mtu":1446,"misses":0,"rssi":-10,"tx":{"frames":259,"cb_ok":259,"cb_fail":0,"enqueue_err":0,"pdr_ppm":1000000},"rx":{"frames":1027,"lost_seqgap":0,"reorder_dup":0,"dropped_bad":0,"hb_lost":1,"bcast_frames":729,"pdr_ppm":1000000},"rtt":{"samples":37,"min_us":5381,"max_us":9200,"timeouts":0,"txq_last_us":0,"txq_max_us":0,"remote_turnaround_us":818,"remote_turnaround_max_us":890,"p50_us":[4000,6000],"p99_us":[8000,11000],"hist":[0,0,0,0,31,4,2,0,0,0,0,0,0,0,0,0]}}
1791638019.676 {"t":"link","up_ms":74883,"node":33120,"peer":25344,"mac":"b8:1f:3f:da:63:00","state":"alive","epoch":244,"espnow_ver":2,"mtu":1446,"misses":0,"rssi":-20,"tx":{"frames":252,"cb_ok":252,"cb_fail":0,"enqueue_err":0,"pdr_ppm":1000000},"rx":{"frames":962,"lost_seqgap":1,"reorder_dup":0,"dropped_bad":0,"hb_lost":4,"bcast_frames":725,"pdr_ppm":998961},"rtt":{"samples":36,"min_us":5777,"max_us":24653,"timeouts":0,"txq_last_us":2800,"txq_max_us":11076,"remote_turnaround_us":882,"remote_turnaround_max_us":9053,"p50_us":[4000,6000],"p99_us":[22000,30000],"hist":[0,0,0,0,25,5,3,1,1,1,0,0,0,0,0,0]}}
1791638019.676 {"t":"auth","node":33120,"up_ms":74926,"enrolled":1,"required":1,"verified_peers":2,"verified":2,"cache_hits":74,"refused":0,"rate_limited":0,"stale_epoch":0,"verify_us_max":84770,"link_stack_free_b":1524,"crypto_stack_free_b":1268,"tags_ok":459,"bad_tag":0,"replayed":0,"untagged":0,"bcast_dropped":0,"beacon_epoch_ignored":0,"tag_us_max":792}
1791638019.676 {"t":"act","node":33120,"setpoint":0,"has_value":0,"writes_served":0}
1791638019.676 {"t":"peers","node":33120,"own_period_ms":100,"own_busy":0,"channel":1,"scanning":0,"scans":0,"hops":0,"found":0,"lost_to_found_ms":0,"moves_followed":0,"moves_refused":0,"sweeps":0,"sweep_found":0,"sweeping":0,"search_visits":0,"relay":0,"fwd_u":0,"fwd_b":0,"fwd_h":0,"relay_dup":762,"list":[{"id":29544,"state":"alive","via_relay":0,"period_ms":100,"misses":6,"busy":1,"rtt_n":37},{"id":25344,"state":"alive","via_relay":0,"period_ms":100,"misses":6,"busy":0,"rtt_n":36}]}
1791638019.676 {"t":"ss","node":33120,"accepted":0,"unsigned":0,"unknown_sender":0,"bad_signature":0,"replayed":0,"rate_limited":0,"verify_us_max":0,"floors":[{"src":25344,"epoch":139,"counter":1}]}
1791638019.676 {"t":"rec","node":33120,"up_ms":75020,"settled":1,"sent":295,"received":241,"malformed":0,"views":1,"replies_fenced":0,"actors":[{"key":1245650351,"running":0,"term":0,"owner":25344,"owner_term":9,"assigned":25344,"starts":0,"fenced":0,"released":0}]}
1791638019.995 {"t":"node","up_ms":75047,"node":33120,"epoch":294,"peers_alive":2,"peers_dead":0,"no_radio":0,"free_dram":250307,"largest_block":172032,"rx":{"total":3535,"bad_frame":0,"unknown_peer":12,"wrong_dst":0,"short_payload":0,"unknown_opcode":0,"queue_dropped":50},"tx":{"total":1282,"enqueue_err":0,"done_queue_dropped":0},"membership":{"deaths":0,"revivals":0,"reboots_seen":0,"table_full":0,"events_dropped":0}}
1791638019.995 {"t":"ns","node":33120,"hash":13581963,"owner":33120,"kind":"sampled","unit":100,"class":4,"bound_ms":5000,"quality":"GOOD","age_ms":344,"ts":74732,"updates":7,"value":2}
1791638019.995 {"t":"ns","node":33120,"hash":3142365229,"owner":33120,"kind":"sampled","unit":101,"class":4,"bound_ms":30000,"quality":"GOOD","age_ms":370,"ts":74731,"updates":7,"value":172032}
1791638019.995 {"t":"ns","node":33120,"hash":1245650351,"owner":25344,"kind":"sampled","unit":0,"class":3,"bound_ms":500,"quality":"NO_DATA","age_ms":0,"ts":0,"updates":0,"value":null}
1791638019.995 {"t":"ns","node":33120,"hash":2033492666,"owner":33120,"kind":"sampled","unit":0,"class":3,"bound_ms":0,"quality":"NO_DATA","age_ms":0,"ts":0,"updates":0,"value":null}
1791638019.995 {"t":"ns","node":33120,"hash":2347817554,"owner":33120,"kind":"sampled","unit":100,"class":4,"bound_ms":0,"quality":"GOOD","age_ms":411,"ts":74732,"updates":7,"value":294}
1791638019.995 {"t":"ns","node":33120,"hash":1170356950,"owner":33120,"kind":"sampled","unit":80,"class":4,"bound_ms":30000,"quality":"GOOD","age_ms":427,"ts":74731,"updates":7,"value":74}
1791638019.995 {"t":"ns","node":33120,"hash":3085599597,"owner":33120,"kind":"sampled","unit":0,"class":4,"bound_ms":5000,"quality":"GOOD","age_ms":440,"ts":74732,"updates":7,"value":-21}
1791638019.995 {"t":"ns","node":33120,"hash":2486014333,"owner":33120,"kind":"sampled","unit":101,"class":4,"bound_ms":30000,"quality":"GOOD","age_ms":454,"ts":74731,"updates":7,"value":250307}
1791638030.148 {"t":"clk","node":33120,"up_ms":85200}
1791638030.148 {"t":"led","node":33120,"shows":"green","app":0}
1791638030.148 {"t":"event","at_ms":76155,"node":33120,"kind":"peer_admitted","peer":25344,"slot":1,"a":0,"b":0}
1791638030.148 {"t":"event","at_ms":76481,"node":33120,"kind":"peer_admitted","peer":29544,"slot":0,"a":0,"b":0}
1791638030.148 {"t":"event","at_ms":78155,"node":33120,"kind":"peer_admitted","peer":25344,"slot":1,"a":0,"b":0}
1791638030.148 {"t":"event","at_ms":78498,"node":33120,"kind":"peer_admitted","peer":29544,"slot":0,"a":0,"b":0}
1791638030.148 {"t":"event","at_ms":80156,"node":33120,"kind":"peer_admitted","peer":25344,"slot":1,"a":0,"b":0}
1791638030.148 {"t":"event","at_ms":80481,"node":33120,"kind":"peer_admitted","peer":29544,"slot":0,"a":0,"b":0}
1791638030.148 {"t":"event","at_ms":82155,"node":33120,"kind":"peer_admitted","peer":25344,"slot":1,"a":0,"b":0}
1791638030.148 {"t":"event","at_ms":82481,"node":33120,"kind":"peer_admitted","peer":29544,"slot":0,"a":0,"b":0}
1791638030.148 {"t":"event","at_ms":84155,"node":33120,"kind":"peer_admitted","peer":25344,"slot":1,"a":0,"b":0}
1791638030.148 {"t":"event","at_ms":84481,"node":33120,"kind":"peer_admitted","peer":29544,"slot":0,"a":0,"b":0}
1791638030.148 {"t":"link","up_ms":85286,"node":33120,"peer":29544,"mac":"b8:1f:3f:da:73:68","state":"alive","epoch":172,"espnow_ver":2,"mtu":1446,"misses":0,"rssi":-10,"tx":{"frames":295,"cb_ok":295,"cb_fail":0,"enqueue_err":0,"pdr_ppm":1000000},"rx":{"frames":1173,"lost_seqgap":0,"reorder_dup":0,"dropped_bad":0,"hb_lost":1,"bcast_frames":834,"pdr_ppm":1000000},"rtt":{"samples":42,"min_us":5381,"max_us":9200,"timeouts":0,"txq_last_us":0,"txq_max_us":0,"remote_turnaround_us":835,"remote_turnaround_max_us":890,"p50_us":[4000,6000],"p99_us":[8000,11000],"hist":[0,0,0,0,36,4,2,0,0,0,0,0,0,0,0,0]}}
1791638030.148 {"t":"link","up_ms":85339,"node":33120,"peer":25344,"mac":"b8:1f:3f:da:63:00","state":"alive","epoch":244,"espnow_ver":2,"mtu":1446,"misses":0,"rssi":-20,"tx":{"frames":285,"cb_ok":285,"cb_fail":0,"enqueue_err":0,"pdr_ppm":1000000},"rx":{"frames":1099,"lost_seqgap":1,"reorder_dup":0,"dropped_bad":0,"hb_lost":4,"bcast_frames":830,"pdr_ppm":999090},"rtt":{"samples":41,"min_us":5777,"max_us":37069,"timeouts":0,"txq_last_us":2787,"txq_max_us":11076,"remote_turnaround_us":925,"remote_turnaround_max_us":9219,"p50_us":[4000,6000],"p99_us":[30000,42000],"hist":[0,0,0,0,27,7,3,1,1,1,1,0,0,0,0,0]}}
1791638030.148 {"t":"auth","node":33120,"up_ms":85393,"enrolled":1,"required":1,"verified_peers":2,"verified":2,"cache_hits":84,"refused":0,"rate_limited":0,"stale_epoch":0,"verify_us_max":84770,"link_stack_free_b":1524,"crypto_stack_free_b":1268,"tags_ok":523,"bad_tag":0,"replayed":0,"untagged":0,"bcast_dropped":0,"beacon_epoch_ignored":0,"tag_us_max":792}
1791638030.148 {"t":"act","node":33120,"setpoint":0,"has_value":0,"writes_served":0}
1791638030.148 {"t":"peers","node":33120,"own_period_ms":100,"own_busy":0,"channel":1,"scanning":0,"scans":0,"hops":0,"found":0,"lost_to_found_ms":0,"moves_followed":0,"moves_refused":0,"sweeps":0,"sweep_found":0,"sweeping":0,"search_visits":0,"relay":0,"fwd_u":0,"fwd_b":0,"fwd_h":0,"relay_dup":872,"list":[{"id":29544,"state":"alive","via_relay":0,"period_ms":100,"misses":6,"busy":1,"rtt_n":42},{"id":25344,"state":"alive","via_relay":0,"period_ms":100,"misses":6,"busy":0,"rtt_n":41}]}
1791638030.148 {"t":"ss","node":33120,"accepted":0,"unsigned":0,"unknown_sender":0,"bad_signature":0,"replayed":0,"rate_limited":0,"verify_us_max":0,"floors":[{"src":25344,"epoch":139,"counter":1}]}
1791638030.148 {"t":"rec","node":33120,"up_ms":85488,"settled":1,"sent":337,"received":276,"malformed":0,"views":1,"replies_fenced":0,"actors":[{"key":1245650351,"running":0,"term":0,"owner":25344,"owner_term":9,"assigned":25344,"starts":0,"fenced":0,"released":0}]}
1791638030.148 {"t":"node","up_ms":85503,"node":33120,"epoch":294,"peers_alive":2,"peers_dead":0,"no_radio":0,"free_dram":250307,"largest_block":172032,"rx":{"total":4035,"bad_frame":0,"unknown_peer":12,"wrong_dst":0,"short_payload":0,"unknown_opcode":0,"queue_dropped":50},"tx":{"total":1462,"enqueue_err":0,"done_queue_dropped":0},"membership":{"deaths":0,"revivals":0,"reboots_seen":0,"table_full":0,"events_dropped":0}}
1791638030.468 {"t":"ns","node":33120,"hash":13581963,"owner":33120,"kind":"sampled","unit":100,"class":4,"bound_ms":5000,"quality":"GOOD","age_ms":341,"ts":85202,"updates":8,"value":2}
1791638030.468 {"t":"ns","node":33120,"hash":3142365229,"owner":33120,"kind":"sampled","unit":101,"class":4,"bound_ms":30000,"quality":"GOOD","age_ms":357,"ts":85201,"updates":8,"value":172032}
1791638030.468 {"t":"ns","node":33120,"hash":1245650351,"owner":25344,"kind":"sampled","unit":0,"class":3,"bound_ms":500,"quality":"NO_DATA","age_ms":0,"ts":0,"updates":0,"value":null}
1791638030.468 {"t":"ns","node":33120,"hash":2033492666,"owner":33120,"kind":"sampled","unit":0,"class":3,"bound_ms":0,"quality":"NO_DATA","age_ms":0,"ts":0,"updates":0,"value":null}
1791638030.468 {"t":"ns","node":33120,"hash":2347817554,"owner":33120,"kind":"sampled","unit":100,"class":4,"bound_ms":0,"quality":"GOOD","age_ms":399,"ts":85201,"updates":8,"value":294}
1791638030.468 {"t":"ns","node":33120,"hash":1170356950,"owner":33120,"kind":"sampled","unit":80,"class":4,"bound_ms":30000,"quality":"GOOD","age_ms":413,"ts":85201,"updates":8,"value":85}
1791638030.468 {"t":"ns","node":33120,"hash":3085599597,"owner":33120,"kind":"sampled","unit":0,"class":4,"bound_ms":5000,"quality":"GOOD","age_ms":426,"ts":85202,"updates":8,"value":-20}
1791638030.468 {"t":"ns","node":33120,"hash":2486014333,"owner":33120,"kind":"sampled","unit":101,"class":4,"bound_ms":30000,"quality":"GOOD","age_ms":442,"ts":85201,"updates":8,"value":250307}
1791638040.611 {"t":"clk","node":33120,"up_ms":95669}
1791638040.611 {"t":"led","node":33120,"shows":"green","app":0}
1791638040.611 {"t":"event","at_ms":86155,"node":33120,"kind":"peer_admitted","peer":25344,"slot":1,"a":0,"b":0}
1791638040.611 {"t":"event","at_ms":86481,"node":33120,"kind":"peer_admitted","peer":29544,"slot":0,"a":0,"b":0}
1791638040.611 {"t":"event","at_ms":88155,"node":33120,"kind":"peer_admitted","peer":25344,"slot":1,"a":0,"b":0}
1791638040.611 {"t":"event","at_ms":88481,"node":33120,"kind":"peer_admitted","peer":29544,"slot":0,"a":0,"b":0}
1791638040.611 {"t":"event","at_ms":90170,"node":33120,"kind":"peer_admitted","peer":25344,"slot":1,"a":0,"b":0}
1791638040.611 {"t":"event","at_ms":90481,"node":33120,"kind":"peer_admitted","peer":29544,"slot":0,"a":0,"b":0}
1791638040.611 {"t":"event","at_ms":92170,"node":33120,"kind":"peer_admitted","peer":25344,"slot":1,"a":0,"b":0}
1791638040.611 {"t":"event","at_ms":92481,"node":33120,"kind":"peer_admitted","peer":29544,"slot":0,"a":0,"b":0}
1791638040.611 {"t":"event","at_ms":94176,"node":33120,"kind":"peer_admitted","peer":25344,"slot":1,"a":0,"b":0}
1791638040.611 {"t":"event","at_ms":94484,"node":33120,"kind":"peer_admitted","peer":29544,"slot":0,"a":0,"b":0}
1791638040.611 {"t":"link","up_ms":95753,"node":33120,"peer":29544,"mac":"b8:1f:3f:da:73:68","state":"alive","epoch":172,"espnow_ver":2,"mtu":1446,"misses":0,"rssi":-10,"tx":{"frames":331,"cb_ok":331,"cb_fail":0,"enqueue_err":0,"pdr_ppm":1000000},"rx":{"frames":1319,"lost_seqgap":0,"reorder_dup":0,"dropped_bad":0,"hb_lost":1,"bcast_frames":939,"pdr_ppm":1000000},"rtt":{"samples":47,"min_us":5381,"max_us":53247,"timeouts":0,"txq_last_us":16261,"txq_max_us":16261,"remote_turnaround_us":852,"remote_turnaround_max_us":890,"p50_us":[4000,6000],"p99_us":[42000,60000],"hist":[0,0,0,0,38,5,3,0,0,0,0,1,0,0,0,0]}}
1791638040.611 {"t":"link","up_ms":95807,"node":33120,"peer":25344,"mac":"b8:1f:3f:da:63:00","state":"alive","epoch":244,"espnow_ver":2,"mtu":1446,"misses":0,"rssi":-20,"tx":{"frames":321,"cb_ok":321,"cb_fail":0,"enqueue_err":0,"pdr_ppm":1000000},"rx":{"frames":1236,"lost_seqgap":1,"reorder_dup":0,"dropped_bad":0,"hb_lost":4,"bcast_frames":934,"pdr_ppm":999191},"rtt":{"samples":47,"min_us":5745,"max_us":37069,"timeouts":0,"txq_last_us":2812,"txq_max_us":11076,"remote_turnaround_us":882,"remote_turnaround_max_us":9219,"p50_us":[4000,6000],"p99_us":[30000,42000],"hist":[0,0,0,0,30,9,3,1,1,2,1,0,0,0,0,0]}}
1791638040.611 {"t":"auth","node":33120,"up_ms":95862,"enrolled":1,"required":1,"verified_peers":2,"verified":2,"cache_hits":94,"refused":0,"rate_limited":0,"stale_epoch":0,"verify_us_max":84770,"link_stack_free_b":1524,"crypto_stack_free_b":1268,"tags_ok":588,"bad_tag":0,"replayed":0,"untagged":0,"bcast_dropped":0,"beacon_epoch_ignored":0,"tag_us_max":792}
1791638040.611 {"t":"act","node":33120,"setpoint":0,"has_value":0,"writes_served":0}
1791638040.611 {"t":"peers","node":33120,"own_period_ms":100,"own_busy":0,"channel":1,"scanning":0,"scans":0,"hops":0,"found":0,"lost_to_found_ms":0,"moves_followed":0,"moves_refused":0,"sweeps":0,"sweep_found":0,"sweeping":0,"search_visits":0,"relay":0,"fwd_u":0,"fwd_b":0,"fwd_h":0,"relay_dup":981,"list":[{"id":29544,"state":"alive","via_relay":0,"period_ms":100,"misses":6,"busy":1,"rtt_n":47},{"id":25344,"state":"alive","via_relay":0,"period_ms":100,"misses":6,"busy":0,"rtt_n":47}]}
1791638040.611 {"t":"ss","node":33120,"accepted":0,"unsigned":0,"unknown_sender":0,"bad_signature":0,"replayed":0,"rate_limited":0,"verify_us_max":0,"floors":[{"src":25344,"epoch":139,"counter":1}]}
1791638040.611 {"t":"rec","node":33120,"up_ms":95957,"settled":1,"sent":379,"received":310,"malformed":0,"views":1,"replies_fenced":0,"actors":[{"key":1245650351,"running":0,"term":0,"owner":25344,"owner_term":9,"assigned":25344,"starts":0,"fenced":0,"released":0}]}
1791638040.611 {"t":"node","up_ms":95972,"node":33120,"epoch":294,"peers_alive":2,"peers_dead":0,"no_radio":0,"free_dram":250307,"largest_block":172032,"rx":{"total":4541,"bad_frame":0,"unknown_peer":12,"wrong_dst":0,"short_payload":0,"unknown_opcode":0,"queue_dropped":50},"tx":{"total":1644,"enqueue_err":0,"done_queue_dropped":0},"membership":{"deaths":0,"revivals":0,"reboots_seen":0,"table_full":0,"events_dropped":0}}
1791638040.939 {"t":"ns","node":33120,"hash":13581963,"owner":33120,"kind":"sampled","unit":100,"class":4,"bound_ms":5000,"quality":"GOOD","age_ms":341,"ts":95671,"updates":9,"value":2}
1791638040.939 {"t":"ns","node":33120,"hash":3142365229,"owner":33120,"kind":"sampled","unit":101,"class":4,"bound_ms":30000,"quality":"GOOD","age_ms":357,"ts":95670,"updates":9,"value":172032}
1791638040.939 {"t":"ns","node":33120,"hash":1245650351,"owner":25344,"kind":"sampled","unit":0,"class":3,"bound_ms":500,"quality":"NO_DATA","age_ms":0,"ts":0,"updates":0,"value":null}
1791638040.939 {"t":"ns","node":33120,"hash":2033492666,"owner":33120,"kind":"sampled","unit":0,"class":3,"bound_ms":0,"quality":"NO_DATA","age_ms":0,"ts":0,"updates":0,"value":null}
1791638040.939 {"t":"ns","node":33120,"hash":2347817554,"owner":33120,"kind":"sampled","unit":100,"class":4,"bound_ms":0,"quality":"GOOD","age_ms":399,"ts":95670,"updates":9,"value":294}
1791638040.939 {"t":"ns","node":33120,"hash":1170356950,"owner":33120,"kind":"sampled","unit":80,"class":4,"bound_ms":30000,"quality":"GOOD","age_ms":413,"ts":95670,"updates":9,"value":95}
1791638040.939 {"t":"ns","node":33120,"hash":3085599597,"owner":33120,"kind":"sampled","unit":0,"class":4,"bound_ms":5000,"quality":"GOOD","age_ms":426,"ts":95671,"updates":9,"value":-20}
1791638040.939 {"t":"ns","node":33120,"hash":2486014333,"owner":33120,"kind":"sampled","unit":101,"class":4,"bound_ms":30000,"quality":"GOOD","age_ms":452,"ts":95670,"updates":9,"value":250307}
1791638051.079 {"t":"clk","node":33120,"up_ms":106137}
1791638051.079 {"t":"led","node":33120,"shows":"green","app":0}
1791638051.079 {"t":"event","at_ms":96176,"node":33120,"kind":"peer_admitted","peer":25344,"slot":1,"a":0,"b":0}
1791638051.079 {"t":"event","at_ms":96481,"node":33120,"kind":"peer_admitted","peer":29544,"slot":0,"a":0,"b":0}
1791638051.079 {"t":"event","at_ms":98176,"node":33120,"kind":"peer_admitted","peer":25344,"slot":1,"a":0,"b":0}
1791638051.079 {"t":"event","at_ms":98481,"node":33120,"kind":"peer_admitted","peer":29544,"slot":0,"a":0,"b":0}
1791638051.079 {"t":"event","at_ms":100176,"node":33120,"kind":"peer_admitted","peer":25344,"slot":1,"a":0,"b":0}
1791638051.079 {"t":"event","at_ms":100481,"node":33120,"kind":"peer_admitted","peer":29544,"slot":0,"a":0,"b":0}
1791638051.079 {"t":"event","at_ms":102176,"node":33120,"kind":"peer_admitted","peer":25344,"slot":1,"a":0,"b":0}
1791638051.079 {"t":"event","at_ms":102481,"node":33120,"kind":"peer_admitted","peer":29544,"slot":0,"a":0,"b":0}
1791638051.079 {"t":"event","at_ms":104481,"node":33120,"kind":"peer_admitted","peer":29544,"slot":0,"a":0,"b":0}
1791638051.079 {"t":"event","at_ms":104520,"node":33120,"kind":"peer_admitted","peer":25344,"slot":1,"a":0,"b":0}
1791638051.079 {"t":"link","up_ms":106221,"node":33120,"peer":29544,"mac":"b8:1f:3f:da:73:68","state":"alive","epoch":172,"espnow_ver":2,"mtu":1446,"misses":0,"rssi":-10,"tx":{"frames":367,"cb_ok":367,"cb_fail":0,"enqueue_err":0,"pdr_ppm":1000000},"rx":{"frames":1465,"lost_seqgap":0,"reorder_dup":0,"dropped_bad":0,"hb_lost":1,"bcast_frames":1043,"pdr_ppm":1000000},"rtt":{"samples":52,"min_us":5368,"max_us":53247,"timeouts":0,"txq_last_us":16261,"txq_max_us":16261,"remote_turnaround_us":846,"remote_turnaround_max_us":890,"p50_us":[4000,6000],"p99_us":[42000,60000],"hist":[0,0,0,0,41,7,3,0,0,0,0,1,0,0,0,0]}}
1791638051.079 {"t":"link","up_ms":106275,"node":33120,"peer":25344,"mac":"b8:1f:3f:da:63:00","state":"alive","epoch":244,"espnow_ver":2,"mtu":1446,"misses":2,"rssi":-20,"tx":{"frames":355,"cb_ok":355,"cb_fail":0,"enqueue_err":0,"pdr_ppm":1000000},"rx":{"frames":1368,"lost_seqgap":1,"reorder_dup":0,"dropped_bad":0,"hb_lost":4,"bcast_frames":1034,"pdr_ppm":999269},"rtt":{"samples":52,"min_us":5745,"max_us":37069,"timeouts":0,"txq_last_us":2812,"txq_max_us":11076,"remote_turnaround_us":922,"remote_turnaround_max_us":9219,"p50_us":[4000,6000],"p99_us":[30000,42000],"hist":[0,0,0,0,35,9,3,1,1,2,1,0,0,0,0,0]}}
1791638051.079 {"t":"auth","node":33120,"up_ms":106329,"enrolled":1,"required":1,"verified_peers":2,"verified":2,"cache_hits":104,"refused":0,"rate_limited":0,"stale_epoch":0,"verify_us_max":84770,"link_stack_free_b":1524,"crypto_stack_free_b":1268,"tags_ok":650,"bad_tag":0,"replayed":0,"untagged":0,"bcast_dropped":0,"beacon_epoch_ignored":0,"tag_us_max":792}
1791638051.079 {"t":"act","node":33120,"setpoint":0,"has_value":0,"writes_served":0}
1791638051.079 {"t":"peers","node":33120,"own_period_ms":100,"own_busy":0,"channel":1,"scanning":0,"scans":0,"hops":0,"found":0,"lost_to_found_ms":0,"moves_followed":0,"moves_refused":0,"sweeps":0,"sweep_found":0,"sweeping":0,"search_visits":0,"relay":0,"fwd_u":0,"fwd_b":0,"fwd_h":0,"relay_dup":1085,"list":[{"id":29544,"state":"alive","via_relay":0,"period_ms":100,"misses":6,"busy":1,"rtt_n":52},{"id":25344,"state":"alive","via_relay":0,"period_ms":100,"misses":6,"busy":0,"rtt_n":52}]}
1791638051.079 {"t":"ss","node":33120,"accepted":0,"unsigned":0,"unknown_sender":0,"bad_signature":0,"replayed":0,"rate_limited":0,"verify_us_max":0,"floors":[{"src":25344,"epoch":139,"counter":1}]}
1791638051.079 {"t":"rec","node":33120,"up_ms":106425,"settled":1,"sent":421,"received":344,"malformed":0,"views":1,"replies_fenced":0,"actors":[{"key":1245650351,"running":0,"term":0,"owner":25344,"owner_term":9,"assigned":25344,"starts":0,"fenced":0,"released":0}]}
1791638051.079 {"t":"node","up_ms":106440,"node":33120,"epoch":294,"peers_alive":2,"peers_dead":0,"no_radio":0,"free_dram":250307,"largest_block":172032,"rx":{"total":5028,"bad_frame":0,"unknown_peer":12,"wrong_dst":0,"short_payload":0,"unknown_opcode":0,"queue_dropped":50},"tx":{"total":1824,"enqueue_err":0,"done_queue_dropped":0},"membership":{"deaths":0,"revivals":0,"reboots_seen":0,"table_full":0,"events_dropped":0}}
1791638051.437 {"t":"ns","node":33120,"hash":13581963,"owner":33120,"kind":"sampled","unit":100,"class":4,"bound_ms":5000,"quality":"GOOD","age_ms":343,"ts":106139,"updates":10,"value":2}
1791638051.437 {"t":"ns","node":33120,"hash":3142365229,"owner":33120,"kind":"sampled","unit":101,"class":4,"bound_ms":30000,"quality":"GOOD","age_ms":358,"ts":106138,"updates":10,"value":172032}
1791638051.437 {"t":"ns","node":33120,"hash":1245650351,"owner":25344,"kind":"sampled","unit":0,"class":3,"bound_ms":500,"quality":"NO_DATA","age_ms":0,"ts":0,"updates":0,"value":null}
1791638051.437 {"t":"ns","node":33120,"hash":2033492666,"owner":33120,"kind":"sampled","unit":0,"class":3,"bound_ms":0,"quality":"NO_DATA","age_ms":0,"ts":0,"updates":0,"value":null}
1791638051.437 {"t":"ns","node":33120,"hash":2347817554,"owner":33120,"kind":"sampled","unit":100,"class":4,"bound_ms":0,"quality":"GOOD","age_ms":400,"ts":106139,"updates":10,"value":294}
1791638051.437 {"t":"ns","node":33120,"hash":1170356950,"owner":33120,"kind":"sampled","unit":80,"class":4,"bound_ms":30000,"quality":"GOOD","age_ms":415,"ts":106138,"updates":10,"value":106}
1791638051.437 {"t":"ns","node":33120,"hash":3085599597,"owner":33120,"kind":"sampled","unit":0,"class":4,"bound_ms":5000,"quality":"GOOD","age_ms":428,"ts":106139,"updates":10,"value":-20}
1791638051.437 {"t":"ns","node":33120,"hash":2486014333,"owner":33120,"kind":"sampled","unit":101,"class":4,"bound_ms":30000,"quality":"GOOD","age_ms":454,"ts":106138,"updates":10,"value":250307}
1791638051.437 W (107825) pot.m0: peer 0x6300 declared DEAD after 6 misses (625 ms silent)
1791638053.917 W (110294) pot.m0: peer 0x6300 rebooted, epoch now 245
1791638061.550 {"t":"clk","node":33120,"up_ms":116607}
1791638061.550 {"t":"led","node":33120,"shows":"green","app":0}
1791638061.550 {"t":"event","at_ms":106481,"node":33120,"kind":"peer_admitted","peer":29544,"slot":0,"a":0,"b":0}
1791638061.550 {"t":"event","at_ms":106641,"node":33120,"kind":"peer_dead","peer":25344,"slot":1,"a":6,"b":625}
1791638061.550 {"t":"event","at_ms":106643,"node":33120,"kind":"actor_owner","peer":0,"slot":255,"a":1245650351,"b":0}
1791638061.550 {"t":"event","at_ms":106652,"node":33120,"kind":"actor_owner","peer":29544,"slot":255,"a":1245650351,"b":10}
1791638061.550 {"t":"event","at_ms":108481,"node":33120,"kind":"peer_admitted","peer":29544,"slot":0,"a":0,"b":0}
1791638061.550 {"t":"event","at_ms":108780,"node":33120,"kind":"probe_timeout","peer":25344,"slot":1,"a":264,"b":0}
1791638061.550 {"t":"event","at_ms":109111,"node":33120,"kind":"peer_rebooted","peer":25344,"slot":1,"a":245,"b":0}
1791638061.550 {"t":"event","at_ms":109113,"node":33120,"kind":"peer_admitted","peer":25344,"slot":1,"a":0,"b":0}
1791638061.550 {"t":"event","at_ms":109115,"node":33120,"kind":"peer_admitted","peer":25344,"slot":1,"a":0,"b":0}
1791638061.550 {"t":"event","at_ms":109116,"node":33120,"kind":"peer_admitted","peer":29544,"slot":0,"a":0,"b":0}
1791638061.550 {"t":"event","at_ms":109186,"node":33120,"kind":"peer_admitted","peer":25344,"slot":1,"a":0,"b":0}
1791638061.550 {"t":"event","at_ms":109273,"node":33120,"kind":"peer_admitted","peer":25344,"slot":1,"a":0,"b":0}
1791638061.550 {"t":"event","at_ms":110481,"node":33120,"kind":"peer_admitted","peer":29544,"slot":0,"a":0,"b":0}
1791638061.550 {"t":"event","at_ms":111037,"node":33120,"kind":"peer_admitted","peer":25344,"slot":1,"a":0,"b":0}
1791638061.550 {"t":"event","at_ms":112481,"node":33120,"kind":"peer_admitted","peer":29544,"slot":0,"a":0,"b":0}
1791638061.550 {"t":"event","at_ms":113037,"node":33120,"kind":"peer_admitted","peer":25344,"slot":1,"a":0,"b":0}
1791638061.550 {"t":"event","at_ms":114481,"node":33120,"kind":"peer_admitted","peer":29544,"slot":0,"a":0,"b":0}
1791638061.550 {"t":"event","at_ms":115037,"node":33120,"kind":"peer_admitted","peer":25344,"slot":1,"a":0,"b":0}
1791638061.550 {"t":"event","at_ms":115047,"node":33120,"kind":"actor_owner","peer":0,"slot":255,"a":1245650351,"b":0}
1791638061.550 {"t":"event","at_ms":115050,"node":33120,"kind":"actor_owner","peer":25344,"slot":255,"a":1245650351,"b":11}
1791638061.550 {"t":"event","at_ms":116481,"node":33120,"kind":"peer_admitted","peer":29544,"slot":0,"a":0,"b":0}
1791638061.550 {"t":"link","up_ms":116789,"node":33120,"peer":29544,"mac":"b8:1f:3f:da:73:68","state":"alive","epoch":172,"espnow_ver":2,"mtu":1446,"misses":0,"rssi":-10,"tx":{"frames":411,"cb_ok":411,"cb_fail":0,"enqueue_err":0,"pdr_ppm":1000000},"rx":{"frames":1622,"lost_seqgap":0,"reorder_dup":0,"dropped_bad":0,"hb_lost":2,"bcast_frames":1148,"pdr_ppm":1000000},"rtt":{"samples":58,"min_us":5368,"max_us":53247,"timeouts":0,"txq_last_us":16261,"txq_max_us":16261,"remote_turnaround_us":829,"remote_turnaround_max_us":890,"p50_us":[4000,6000],"p99_us":[42000,60000],"hist":[0,0,0,0,47,7,3,0,0,0,0,1,0,0,0,0]}}
1791638061.550 {"t":"link","up_ms":116843,"node":33120,"peer":25344,"mac":"b8:1f:3f:da:63:00","state":"alive","epoch":245,"espnow_ver":2,"mtu":1446,"misses":0,"rssi":-20,"tx":{"frames":388,"cb_ok":387,"cb_fail":1,"enqueue_err":0,"pdr_ppm":997422},"rx":{"frames":1480,"lost_seqgap":1,"reorder_dup":0,"dropped_bad":0,"hb_lost":4,"bcast_frames":1110,"pdr_ppm":999324},"rtt":{"samples":56,"min_us":5745,"max_us":37069,"timeouts":1,"txq_last_us":2812,"txq_max_us":11076,"remote_turnaround_us":1062,"remote_turnaround_max_us":9219,"p50_us":[4000,6000],"p99_us":[30000,42000],"hist":[0,0,0,0,37,11,3,1,1,2,1,0,0,0,0,0]}}
1791638061.550 {"t":"auth","node":33120,"up_ms":116898,"enrolled":1,"required":1,"verified_peers":2,"verified":3,"cache_hits":117,"refused":0,"rate_limited":0,"stale_epoch":0,"verify_us_max":84770,"link_stack_free_b":1524,"crypto_stack_free_b":1268,"tags_ok":725,"bad_tag":0,"replayed":0,"untagged":0,"bcast_dropped":0,"beacon_epoch_ignored":0,"tag_us_max":956}
1791638061.550 {"t":"act","node":33120,"setpoint":0,"has_value":0,"writes_served":0}
1791638061.974 {"t":"peers","node":33120,"own_period_ms":100,"own_busy":0,"channel":1,"scanning":0,"scans":0,"hops":0,"found":0,"lost_to_found_ms":0,"moves_followed":0,"moves_refused":0,"sweeps":0,"sweep_found":0,"sweeping":0,"search_visits":0,"relay":0,"fwd_u":0,"fwd_b":0,"fwd_h":0,"relay_dup":1169,"list":[{"id":29544,"state":"alive","via_relay":0,"period_ms":100,"misses":6,"busy":1,"rtt_n":58},{"id":25344,"state":"alive","via_relay":0,"period_ms":100,"misses":6,"busy":0,"rtt_n":56}]}
1791638061.974 {"t":"ss","node":33120,"accepted":0,"unsigned":0,"unknown_sender":0,"bad_signature":0,"replayed":0,"rate_limited":0,"verify_us_max":0,"floors":[{"src":25344,"epoch":139,"counter":1}]}
1791638061.974 {"t":"rec","node":33120,"up_ms":116993,"settled":1,"sent":464,"received":389,"malformed":0,"views":3,"replies_fenced":0,"actors":[{"key":1245650351,"running":0,"term":0,"owner":25344,"owner_term":11,"assigned":25344,"starts":0,"fenced":0,"released":0}]}
1791638061.974 {"t":"node","up_ms":117019,"node":33120,"epoch":294,"peers_alive":2,"peers_dead":0,"no_radio":0,"free_dram":250307,"largest_block":172032,"rx":{"total":5493,"bad_frame":0,"unknown_peer":12,"wrong_dst":0,"short_payload":0,"unknown_opcode":0,"queue_dropped":50},"tx":{"total":2012,"enqueue_err":0,"done_queue_dropped":0},"membership":{"deaths":1,"revivals":0,"reboots_seen":1,"table_full":0,"events_dropped":0}}
1791638061.974 {"t":"ns","node":33120,"hash":13581963,"owner":33120,"kind":"sampled","unit":100,"class":4,"bound_ms":5000,"quality":"GOOD","age_ms":438,"ts":116609,"updates":11,"value":2}
1791638061.974 {"t":"ns","node":33120,"hash":3142365229,"owner":33120,"kind":"sampled","unit":101,"class":4,"bound_ms":30000,"quality":"GOOD","age_ms":454,"ts":116608,"updates":11,"value":172032}
1791638061.974 {"t":"ns","node":33120,"hash":1245650351,"owner":25344,"kind":"sampled","unit":0,"class":3,"bound_ms":500,"quality":"NO_DATA","age_ms":0,"ts":0,"updates":0,"value":null}
1791638061.974 {"t":"ns","node":33120,"hash":2033492666,"owner":33120,"kind":"sampled","unit":0,"class":3,"bound_ms":0,"quality":"NO_DATA","age_ms":0,"ts":0,"updates":0,"value":null}
1791638061.974 {"t":"ns","node":33120,"hash":2347817554,"owner":33120,"kind":"sampled","unit":100,"class":4,"bound_ms":0,"quality":"GOOD","age_ms":507,"ts":116608,"updates":11,"value":294}
1791638061.974 {"t":"ns","node":33120,"hash":1170356950,"owner":33120,"kind":"sampled","unit":80,"class":4,"bound_ms":30000,"quality":"GOOD","age_ms":521,"ts":116608,"updates":11,"value":116}
1791638061.974 {"t":"ns","node":33120,"hash":3085599597,"owner":33120,"kind":"sampled","unit":0,"class":4,"bound_ms":5000,"quality":"GOOD","age_ms":534,"ts":116609,"updates":11,"value":-20}
1791638061.974 {"t":"ns","node":33120,"hash":2486014333,"owner":33120,"kind":"sampled","unit":101,"class":4,"bound_ms":30000,"quality":"GOOD","age_ms":550,"ts":116608,"updates":11,"value":250307}
1791638072.113 {"t":"clk","node":33120,"up_ms":127172}
1791638072.113 {"t":"led","node":33120,"shows":"green","app":0}
1791638072.113 {"t":"event","at_ms":117037,"node":33120,"kind":"peer_admitted","peer":25344,"slot":1,"a":0,"b":0}
1791638072.113 {"t":"event","at_ms":118481,"node":33120,"kind":"peer_admitted","peer":29544,"slot":0,"a":0,"b":0}
1791638072.113 {"t":"event","at_ms":119037,"node":33120,"kind":"peer_admitted","peer":25344,"slot":1,"a":0,"b":0}
1791638072.113 {"t":"event","at_ms":120481,"node":33120,"kind":"peer_admitted","peer":29544,"slot":0,"a":0,"b":0}
1791638072.113 {"t":"event","at_ms":121037,"node":33120,"kind":"peer_admitted","peer":25344,"slot":1,"a":0,"b":0}
1791638072.113 {"t":"event","at_ms":122481,"node":33120,"kind":"peer_admitted","peer":29544,"slot":0,"a":0,"b":0}
1791638072.113 {"t":"event","at_ms":123037,"node":33120,"kind":"peer_admitted","peer":25344,"slot":1,"a":0,"b":0}
1791638072.113 {"t":"event","at_ms":124483,"node":33120,"kind":"peer_admitted","peer":29544,"slot":0,"a":0,"b":0}
1791638072.113 {"t":"event","at_ms":125037,"node":33120,"kind":"peer_admitted","peer":25344,"slot":1,"a":0,"b":0}
1791638072.113 {"t":"event","at_ms":126481,"node":33120,"kind":"peer_admitted","peer":29544,"slot":0,"a":0,"b":0}
1791638072.113 {"t":"event","at_ms":127037,"node":33120,"kind":"peer_admitted","peer":25344,"slot":1,"a":0,"b":0}
1791638072.113 {"t":"link","up_ms":127270,"node":33120,"peer":29544,"mac":"b8:1f:3f:da:73:68","state":"alive","epoch":172,"espnow_ver":2,"mtu":1446,"misses":0,"rssi":-10,"tx":{"frames":447,"cb_ok":447,"cb_fail":0,"enqueue_err":0,"pdr_ppm":1000000},"rx":{"frames":1768,"lost_seqgap":0,"reorder_dup":0,"dropped_bad":0,"hb_lost":2,"bcast_frames":1253,"pdr_ppm":1000000},"rtt":{"samples":63,"min_us":5368,"max_us":53247,"timeouts":0,"txq_last_us":16261,"txq_max_us":16261,"remote_turnaround_us":873,"remote_turnaround_max_us":1282,"p50_us":[4000,6000],"p99_us":[42000,60000],"hist":[0,0,0,0,51,8,3,0,0,0,0,1,0,0,0,0]}}
1791638072.113 {"t":"link","up_ms":127324,"node":33120,"peer":25344,"mac":"b8:1f:3f:da:63:00","state":"alive","epoch":245,"espnow_ver":2,"mtu":1446,"misses":0,"rssi":-20,"tx":{"frames":424,"cb_ok":423,"cb_fail":1,"enqueue_err":0,"pdr_ppm":997641},"rx":{"frames":1623,"lost_seqgap":1,"reorder_dup":0,"dropped_bad":0,"hb_lost":5,"bcast_frames":1214,"pdr_ppm":999384},"rtt":{"samples":61,"min_us":5745,"max_us":37069,"timeouts":1,"txq_last_us":2812,"txq_max_us":11076,"remote_turnaround_us":1020,"remote_turnaround_max_us":9219,"p50_us":[4000,6000],"p99_us":[30000,42000],"hist":[0,0,0,0,42,11,3,1,1,2,1,0,0,0,0,0]}}
1791638072.113 {"t":"auth","node":33120,"up_ms":127378,"enrolled":1,"required":1,"verified_peers":2,"verified":3,"cache_hits":128,"refused":0,"rate_limited":0,"stale_epoch":0,"verify_us_max":84770,"link_stack_free_b":1524,"crypto_stack_free_b":1268,"tags_ok":794,"bad_tag":0,"replayed":0,"untagged":0,"bcast_dropped":0,"beacon_epoch_ignored":0,"tag_us_max":956}
1791638072.113 {"t":"act","node":33120,"setpoint":0,"has_value":0,"writes_served":0}
1791638072.113 {"t":"peers","node":33120,"own_period_ms":100,"own_busy":0,"channel":1,"scanning":0,"scans":0,"hops":0,"found":0,"lost_to_found_ms":0,"moves_followed":0,"moves_refused":0,"sweeps":0,"sweep_found":0,"sweeping":0,"search_visits":0,"relay":0,"fwd_u":0,"fwd_b":0,"fwd_h":0,"relay_dup":1279,"list":[{"id":29544,"state":"alive","via_relay":0,"period_ms":100,"misses":6,"busy":1,"rtt_n":63},{"id":25344,"state":"alive","via_relay":0,"period_ms":100,"misses":6,"busy":0,"rtt_n":61}]}
1791638072.113 {"t":"ss","node":33120,"accepted":0,"unsigned":0,"unknown_sender":0,"bad_signature":0,"replayed":0,"rate_limited":0,"verify_us_max":0,"floors":[{"src":25344,"epoch":139,"counter":1}]}
1791638072.113 {"t":"rec","node":33120,"up_ms":127473,"settled":1,"sent":506,"received":429,"malformed":0,"views":3,"replies_fenced":0,"actors":[{"key":1245650351,"running":0,"term":0,"owner":25344,"owner_term":11,"assigned":25344,"starts":0,"fenced":0,"released":0}]}
1791638072.445 {"t":"node","up_ms":127488,"node":33120,"epoch":294,"peers_alive":2,"peers_dead":0,"no_radio":0,"free_dram":250307,"largest_block":172032,"rx":{"total":6001,"bad_frame":0,"unknown_peer":12,"wrong_dst":0,"short_payload":0,"unknown_opcode":0,"queue_dropped":50},"tx":{"total":2194,"enqueue_err":0,"done_queue_dropped":0},"membership":{"deaths":1,"revivals":0,"reboots_seen":1,"table_full":0,"events_dropped":0}}
1791638072.445 {"t":"ns","node":33120,"hash":13581963,"owner":33120,"kind":"sampled","unit":100,"class":4,"bound_ms":5000,"quality":"GOOD","age_ms":354,"ts":127174,"updates":12,"value":2}
1791638072.445 {"t":"ns","node":33120,"hash":3142365229,"owner":33120,"kind":"sampled","unit":101,"class":4,"bound_ms":30000,"quality":"GOOD","age_ms":369,"ts":127174,"updates":12,"value":172032}
1791638072.445 {"t":"ns","node":33120,"hash":1245650351,"owner":25344,"kind":"sampled","unit":0,"class":3,"bound_ms":500,"quality":"NO_DATA","age_ms":0,"ts":0,"updates":0,"value":null}
1791638072.445 {"t":"ns","node":33120,"hash":2033492666,"owner":33120,"kind":"sampled","unit":0,"class":3,"bound_ms":0,"quality":"NO_DATA","age_ms":0,"ts":0,"updates":0,"value":null}
1791638072.445 {"t":"ns","node":33120,"hash":2347817554,"owner":33120,"kind":"sampled","unit":100,"class":4,"bound_ms":0,"quality":"GOOD","age_ms":411,"ts":127174,"updates":12,"value":294}
1791638072.445 {"t":"ns","node":33120,"hash":1170356950,"owner":33120,"kind":"sampled","unit":80,"class":4,"bound_ms":30000,"quality":"GOOD","age_ms":425,"ts":127174,"updates":12,"value":127}
1791638072.445 {"t":"ns","node":33120,"hash":3085599597,"owner":33120,"kind":"sampled","unit":0,"class":4,"bound_ms":5000,"quality":"GOOD","age_ms":439,"ts":127174,"updates":12,"value":-20}
1791638072.445 {"t":"ns","node":33120,"hash":2486014333,"owner":33120,"kind":"sampled","unit":101,"class":4,"bound_ms":30000,"quality":"GOOD","age_ms":454,"ts":127173,"updates":12,"value":250307}
1791638082.597 {"t":"clk","node":33120,"up_ms":137653}
1791638082.597 {"t":"led","node":33120,"shows":"green","app":0}
1791638082.597 {"t":"event","at_ms":128482,"node":33120,"kind":"peer_admitted","peer":29544,"slot":0,"a":0,"b":0}
1791638082.597 {"t":"event","at_ms":129037,"node":33120,"kind":"peer_admitted","peer":25344,"slot":1,"a":0,"b":0}
1791638082.597 {"t":"event","at_ms":130481,"node":33120,"kind":"peer_admitted","peer":29544,"slot":0,"a":0,"b":0}
1791638082.597 {"t":"event","at_ms":131037,"node":33120,"kind":"peer_admitted","peer":25344,"slot":1,"a":0,"b":0}
1791638082.597 {"t":"event","at_ms":132481,"node":33120,"kind":"peer_admitted","peer":29544,"slot":0,"a":0,"b":0}
1791638082.597 {"t":"event","at_ms":133039,"node":33120,"kind":"peer_admitted","peer":25344,"slot":1,"a":0,"b":0}
1791638082.597 {"t":"event","at_ms":134481,"node":33120,"kind":"peer_admitted","peer":29544,"slot":0,"a":0,"b":0}
1791638082.597 {"t":"event","at_ms":135037,"node":33120,"kind":"peer_admitted","peer":25344,"slot":1,"a":0,"b":0}
1791638082.597 {"t":"event","at_ms":136481,"node":33120,"kind":"peer_admitted","peer":29544,"slot":0,"a":0,"b":0}
1791638082.597 {"t":"event","at_ms":137037,"node":33120,"kind":"peer_admitted","peer":25344,"slot":1,"a":0,"b":0}
1791638082.597 {"t":"link","up_ms":137738,"node":33120,"peer":29544,"mac":"b8:1f:3f:da:73:68","state":"alive","epoch":172,"espnow_ver":2,"mtu":1446,"misses":0,"rssi":-10,"tx":{"frames":483,"cb_ok":483,"cb_fail":0,"enqueue_err":0,"pdr_ppm":1000000},"rx":{"frames":1913,"lost_seqgap":0,"reorder_dup":0,"dropped_bad":0,"hb_lost":2,"bcast_frames":1357,"pdr_ppm":1000000},"rtt":{"samples":68,"min_us":5368,"max_us":53247,"timeouts":0,"txq_last_us":16261,"txq_max_us":16261,"remote_turnaround_us":847,"remote_turnaround_max_us":1282,"p50_us":[4000,6000],"p99_us":[42000,60000],"hist":[0,0,0,0,55,9,3,0,0,0,0,1,0,0,0,0]}}
1791638082.597 {"t":"link","up_ms":137792,"node":33120,"peer":25344,"mac":"b8:1f:3f:da:63:00","state":"alive","epoch":245,"espnow_ver":2,"mtu":1446,"misses":0,"rssi":-19,"tx":{"frames":459,"cb_ok":458,"cb_fail":1,"enqueue_err":0,"pdr_ppm":997821},"rx":{"frames":1768,"lost_seqgap":1,"reorder_dup":0,"dropped_bad":0,"hb_lost":5,"bcast_frames":1319,"pdr_ppm":999434},"rtt":{"samples":67,"min_us":5745,"max_us":37069,"timeouts":1,"txq_last_us":2812,"txq_max_us":11076,"remote_turnaround_us":1018,"remote_turnaround_max_us":9219,"p50_us":[4000,6000],"p99_us":[30000,42000],"hist":[0,0,0,0,47,12,3,1,1,2,1,0,0,0,0,0]}}
1791638082.597 {"t":"auth","node":33120,"up_ms":137846,"enrolled":1,"required":1,"verified_peers":2,"verified":3,"cache_hits":138,"refused":0,"rate_limited":0,"stale_epoch":0,"verify_us_max":84770,"link_stack_free_b":1524,"crypto_stack_free_b":1268,"tags_ok":867,"bad_tag":0,"replayed":0,"untagged":0,"bcast_dropped":0,"beacon_epoch_ignored":0,"tag_us_max":956}
1791638082.597 {"t":"act","node":33120,"setpoint":0,"has_value":0,"writes_served":0}
1791638082.597 {"t":"peers","node":33120,"own_period_ms":100,"own_busy":0,"channel":1,"scanning":0,"scans":0,"hops":0,"found":0,"lost_to_found_ms":0,"moves_followed":0,"moves_refused":0,"sweeps":0,"sweep_found":0,"sweeping":0,"search_visits":0,"relay":0,"fwd_u":0,"fwd_b":0,"fwd_h":0,"relay_dup":1389,"list":[{"id":29544,"state":"alive","via_relay":0,"period_ms":100,"misses":6,"busy":1,"rtt_n":68},{"id":25344,"state":"alive","via_relay":0,"period_ms":100,"misses":6,"busy":0,"rtt_n":67}]}
1791638082.597 {"t":"ss","node":33120,"accepted":0,"unsigned":0,"unknown_sender":0,"bad_signature":0,"replayed":0,"rate_limited":0,"verify_us_max":0,"floors":[{"src":25344,"epoch":139,"counter":1}]}
1791638082.597 {"t":"rec","node":33120,"up_ms":137941,"settled":1,"sent":548,"received":471,"malformed":0,"views":3,"replies_fenced":0,"actors":[{"key":1245650351,"running":0,"term":0,"owner":25344,"owner_term":11,"assigned":25344,"starts":0,"fenced":0,"released":0}]}
1791638082.597 {"t":"node","up_ms":137967,"node":33120,"epoch":294,"peers_alive":2,"peers_dead":0,"no_radio":0,"free_dram":250307,"largest_block":172032,"rx":{"total":6513,"bad_frame":0,"unknown_peer":12,"wrong_dst":0,"short_payload":0,"unknown_opcode":0,"queue_dropped":50},"tx":{"total":2376,"enqueue_err":0,"done_queue_dropped":0},"membership":{"deaths":1,"revivals":0,"reboots_seen":1,"table_full":0,"events_dropped":0}}
1791638082.919 {"t":"ns","node":33120,"hash":13581963,"owner":33120,"kind":"sampled","unit":100,"class":4,"bound_ms":5000,"quality":"GOOD","age_ms":341,"ts":137655,"updates":13,"value":2}
1791638082.919 {"t":"ns","node":33120,"hash":3142365229,"owner":33120,"kind":"sampled","unit":101,"class":4,"bound_ms":30000,"quality":"GOOD","age_ms":356,"ts":137654,"updates":13,"value":172032}
1791638082.919 {"t":"ns","node":33120,"hash":1245650351,"owner":25344,"kind":"sampled","unit":0,"class":3,"bound_ms":500,"quality":"NO_DATA","age_ms":0,"ts":0,"updates":0,"value":null}
1791638082.919 {"t":"ns","node":33120,"hash":2033492666,"owner":33120,"kind":"sampled","unit":0,"class":3,"bound_ms":0,"quality":"NO_DATA","age_ms":0,"ts":0,"updates":0,"value":null}
1791638082.919 {"t":"ns","node":33120,"hash":2347817554,"owner":33120,"kind":"sampled","unit":100,"class":4,"bound_ms":0,"quality":"GOOD","age_ms":409,"ts":137654,"updates":13,"value":294}
1791638082.919 {"t":"ns","node":33120,"hash":1170356950,"owner":33120,"kind":"sampled","unit":80,"class":4,"bound_ms":30000,"quality":"GOOD","age_ms":423,"ts":137654,"updates":13,"value":137}
1791638082.919 {"t":"ns","node":33120,"hash":3085599597,"owner":33120,"kind":"sampled","unit":0,"class":4,"bound_ms":5000,"quality":"GOOD","age_ms":436,"ts":137655,"updates":13,"value":-20}
1791638082.919 {"t":"ns","node":33120,"hash":2486014333,"owner":33120,"kind":"sampled","unit":101,"class":4,"bound_ms":30000,"quality":"GOOD","age_ms":451,"ts":137654,"updates":13,"value":250307}
1791638093.060 {"t":"clk","node":33120,"up_ms":148120}
1791638093.060 {"t":"led","node":33120,"shows":"green","app":0}
1791638093.060 {"t":"event","at_ms":138481,"node":33120,"kind":"peer_admitted","peer":29544,"slot":0,"a":0,"b":0}
1791638093.060 {"t":"event","at_ms":139037,"node":33120,"kind":"peer_admitted","peer":25344,"slot":1,"a":0,"b":0}
1791638093.060 {"t":"event","at_ms":140481,"node":33120,"kind":"peer_admitted","peer":29544,"slot":0,"a":0,"b":0}
1791638093.060 {"t":"event","at_ms":141037,"node":33120,"kind":"peer_admitted","peer":25344,"slot":1,"a":0,"b":0}
1791638093.060 {"t":"event","at_ms":142482,"node":33120,"kind":"peer_admitted","peer":29544,"slot":0,"a":0,"b":0}
1791638093.060 {"t":"event","at_ms":143037,"node":33120,"kind":"peer_admitted","peer":25344,"slot":1,"a":0,"b":0}
1791638093.060 {"t":"event","at_ms":144481,"node":33120,"kind":"peer_admitted","peer":29544,"slot":0,"a":0,"b":0}
1791638093.060 {"t":"event","at_ms":145037,"node":33120,"kind":"peer_admitted","peer":25344,"slot":1,"a":0,"b":0}
1791638093.060 {"t":"event","at_ms":146481,"node":33120,"kind":"peer_admitted","peer":29544,"slot":0,"a":0,"b":0}
1791638093.060 {"t":"event","at_ms":147037,"node":33120,"kind":"peer_admitted","peer":25344,"slot":1,"a":0,"b":0}
1791638093.060 {"t":"link","up_ms":148205,"node":33120,"peer":29544,"mac":"b8:1f:3f:da:73:68","state":"alive","epoch":172,"espnow_ver":2,"mtu":1446,"misses":0,"rssi":-10,"tx":{"frames":519,"cb_ok":519,"cb_fail":0,"enqueue_err":0,"pdr_ppm":1000000},"rx":{"frames":2059,"lost_seqgap":0,"reorder_dup":0,"dropped_bad":0,"hb_lost":3,"bcast_frames":1461,"pdr_ppm":1000000},"rtt":{"samples":73,"min_us":5368,"max_us":53247,"timeouts":0,"txq_last_us":16261,"txq_max_us":16261,"remote_turnaround_us":876,"remote_turnaround_max_us":1282,"p50_us":[4000,6000],"p99_us":[42000,60000],"hist":[0,0,0,0,60,9,3,0,0,0,0,1,0,0,0,0]}}
1791638093.060 {"t":"link","up_ms":148259,"node":33120,"peer":25344,"mac":"b8:1f:3f:da:63:00","state":"alive","epoch":245,"espnow_ver":2,"mtu":1446,"misses":0,"rssi":-19,"tx":{"frames":494,"cb_ok":493,"cb_fail":1,"enqueue_err":0,"pdr_ppm":997975},"rx":{"frames":1912,"lost_seqgap":1,"reorder_dup":0,"dropped_bad":0,"hb_lost":6,"bcast_frames":1422,"pdr_ppm":999477},"rtt":{"samples":72,"min_us":5745,"max_us":37069,"timeouts":1,"txq_last_us":2812,"txq_max_us":11076,"remote_turnaround_us":1024,"remote_turnaround_max_us":9219,"p50_us":[4000,6000],"p99_us":[30000,42000],"hist":[0,0,0,0,50,13,4,1,1,2,1,0,0,0,0,0]}}
1791638093.060 {"t":"auth","node":33120,"up_ms":148313,"enrolled":1,"required":1,"verified_peers":2,"verified":3,"cache_hits":148,"refused":0,"rate_limited":0,"stale_epoch":0,"verify_us_max":84770,"link_stack_free_b":1524,"crypto_stack_free_b":1268,"tags_ok":937,"bad_tag":0,"replayed":0,"untagged":0,"bcast_dropped":0,"beacon_epoch_ignored":0,"tag_us_max":956}
1791638093.060 {"t":"act","node":33120,"setpoint":0,"has_value":0,"writes_served":0}
1791638093.060 {"t":"peers","node":33120,"own_period_ms":100,"own_busy":0,"channel":1,"scanning":0,"scans":0,"hops":0,"found":0,"lost_to_found_ms":0,"moves_followed":0,"moves_refused":0,"sweeps":0,"sweep_found":0,"sweeping":0,"search_visits":0,"relay":0,"fwd_u":0,"fwd_b":0,"fwd_h":0,"relay_dup":1497,"list":[{"id":29544,"state":"alive","via_relay":0,"period_ms":100,"misses":6,"busy":1,"rtt_n":73},{"id":25344,"state":"alive","via_relay":0,"period_ms":100,"misses":6,"busy":0,"rtt_n":72}]}
1791638093.060 {"t":"ss","node":33120,"accepted":0,"unsigned":0,"unknown_sender":0,"bad_signature":0,"replayed":0,"rate_limited":0,"verify_us_max":0,"floors":[{"src":25344,"epoch":139,"counter":1}]}
1791638093.060 {"t":"rec","node":33120,"up_ms":148409,"settled":1,"sent":590,"received":513,"malformed":0,"views":3,"replies_fenced":0,"actors":[{"key":1245650351,"running":0,"term":0,"owner":25344,"owner_term":11,"assigned":25344,"starts":0,"fenced":0,"released":0}]}
1791638093.060 {"t":"node","up_ms":148424,"node":33120,"epoch":294,"peers_alive":2,"peers_dead":0,"no_radio":0,"free_dram":250307,"largest_block":172032,"rx":{"total":7019,"bad_frame":0,"unknown_peer":12,"wrong_dst":0,"short_payload":0,"unknown_opcode":0,"queue_dropped":50},"tx":{"total":2557,"enqueue_err":0,"done_queue_dropped":0},"membership":{"deaths":1,"revivals":0,"reboots_seen":1,"table_full":0,"events_dropped":0}}
1791638093.379 {"t":"ns","node":33120,"hash":13581963,"owner":33120,"kind":"sampled","unit":100,"class":4,"bound_ms":5000,"quality":"GOOD","age_ms":342,"ts":148122,"updates":14,"value":2}
1791638093.379 {"t":"ns","node":33120,"hash":3142365229,"owner":33120,"kind":"sampled","unit":101,"class":4,"bound_ms":30000,"quality":"GOOD","age_ms":357,"ts":148121,"updates":14,"value":172032}
1791638093.379 {"t":"ns","node":33120,"hash":1245650351,"owner":25344,"kind":"sampled","unit":0,"class":3,"bound_ms":500,"quality":"NO_DATA","age_ms":0,"ts":0,"updates":0,"value":null}
1791638093.379 {"t":"ns","node":33120,"hash":2033492666,"owner":33120,"kind":"sampled","unit":0,"class":3,"bound_ms":0,"quality":"NO_DATA","age_ms":0,"ts":0,"updates":0,"value":null}
1791638093.379 {"t":"ns","node":33120,"hash":2347817554,"owner":33120,"kind":"sampled","unit":100,"class":4,"bound_ms":0,"quality":"GOOD","age_ms":400,"ts":148121,"updates":14,"value":294}
1791638093.379 {"t":"ns","node":33120,"hash":1170356950,"owner":33120,"kind":"sampled","unit":80,"class":4,"bound_ms":30000,"quality":"GOOD","age_ms":425,"ts":148121,"updates":14,"value":148}
1791638093.379 {"t":"ns","node":33120,"hash":3085599597,"owner":33120,"kind":"sampled","unit":0,"class":4,"bound_ms":5000,"quality":"GOOD","age_ms":438,"ts":148122,"updates":14,"value":-20}
1791638093.379 {"t":"ns","node":33120,"hash":2486014333,"owner":33120,"kind":"sampled","unit":101,"class":4,"bound_ms":30000,"quality":"GOOD","age_ms":453,"ts":148121,"updates":14,"value":250307}
1791638103.529 {"t":"clk","node":33120,"up_ms":158589}
1791638103.529 {"t":"led","node":33120,"shows":"green","app":0}
1791638103.529 {"t":"event","at_ms":148481,"node":33120,"kind":"peer_admitted","peer":29544,"slot":0,"a":0,"b":0}
1791638103.529 {"t":"event","at_ms":149037,"node":33120,"kind":"peer_admitted","peer":25344,"slot":1,"a":0,"b":0}
1791638103.529 {"t":"event","at_ms":150481,"node":33120,"kind":"peer_admitted","peer":29544,"slot":0,"a":0,"b":0}
1791638103.529 {"t":"event","at_ms":151037,"node":33120,"kind":"peer_admitted","peer":25344,"slot":1,"a":0,"b":0}
1791638103.529 {"t":"event","at_ms":152481,"node":33120,"kind":"peer_admitted","peer":29544,"slot":0,"a":0,"b":0}
1791638103.529 {"t":"event","at_ms":153037,"node":33120,"kind":"peer_admitted","peer":25344,"slot":1,"a":0,"b":0}
1791638103.529 {"t":"event","at_ms":154481,"node":33120,"kind":"peer_admitted","peer":29544,"slot":0,"a":0,"b":0}
1791638103.529 {"t":"event","at_ms":155037,"node":33120,"kind":"peer_admitted","peer":25344,"slot":1,"a":0,"b":0}
1791638103.529 {"t":"event","at_ms":156481,"node":33120,"kind":"peer_admitted","peer":29544,"slot":0,"a":0,"b":0}
1791638103.529 {"t":"event","at_ms":157037,"node":33120,"kind":"peer_admitted","peer":25344,"slot":1,"a":0,"b":0}
1791638103.529 {"t":"event","at_ms":158481,"node":33120,"kind":"peer_admitted","peer":29544,"slot":0,"a":0,"b":0}
1791638103.529 {"t":"link","up_ms":158687,"node":33120,"peer":29544,"mac":"b8:1f:3f:da:73:68","state":"alive","epoch":172,"espnow_ver":2,"mtu":1446,"misses":0,"rssi":-10,"tx":{"frames":557,"cb_ok":557,"cb_fail":0,"enqueue_err":0,"pdr_ppm":1000000},"rx":{"frames":2207,"lost_seqgap":0,"reorder_dup":0,"dropped_bad":0,"hb_lost":3,"bcast_frames":1566,"pdr_ppm":1000000},"rtt":{"samples":78,"min_us":5368,"max_us":53247,"timeouts":0,"txq_last_us":16261,"txq_max_us":16261,"remote_turnaround_us":818,"remote_turnaround_max_us":1282,"p50_us":[4000,6000],"p99_us":[42000,60000],"hist":[0,0,0,0,65,9,3,0,0,0,0,1,0,0,0,0]}}
1791638103.529 {"t":"link","up_ms":158740,"node":33120,"peer":25344,"mac":"b8:1f:3f:da:63:00","state":"alive","epoch":245,"espnow_ver":2,"mtu":1446,"misses":0,"rssi":-20,"tx":{"frames":528,"cb_ok":527,"cb_fail":1,"enqueue_err":0,"pdr_ppm":998106},"rx":{"frames":2056,"lost_seqgap":1,"reorder_dup":0,"dropped_bad":0,"hb_lost":6,"bcast_frames":1527,"pdr_ppm":999513},"rtt":{"samples":77,"min_us":5745,"max_us":37069,"timeouts":1,"txq_last_us":2812,"txq_max_us":11076,"remote_turnaround_us":1020,"remote_turnaround_max_us":9219,"p50_us":[4000,6000],"p99_us":[30000,42000],"hist":[0,0,0,0,54,13,4,2,1,2,1,0,0,0,0,0]}}
1791638103.529 {"t":"auth","node":33120,"up_ms":158795,"enrolled":1,"required":1,"verified_peers":2,"verified":3,"cache_hits":159,"refused":0,"rate_limited":0,"stale_epoch":0,"verify_us_max":84770,"link_stack_free_b":1524,"crypto_stack_free_b":1268,"tags_ok":1009,"bad_tag":0,"replayed":0,"untagged":0,"bcast_dropped":0,"beacon_epoch_ignored":0,"tag_us_max":956}
1791638103.529 {"t":"act","node":33120,"setpoint":0,"has_value":0,"writes_served":0}
1791638103.529 {"t":"peers","node":33120,"own_period_ms":100,"own_busy":0,"channel":1,"scanning":0,"scans":0,"hops":0,"found":0,"lost_to_found_ms":0,"moves_followed":0,"moves_refused":0,"sweeps":0,"sweep_found":0,"sweeping":0,"search_visits":0,"relay":0,"fwd_u":0,"fwd_b":0,"fwd_h":0,"relay_dup":1607,"list":[{"id":29544,"state":"alive","via_relay":0,"period_ms":100,"misses":6,"busy":1,"rtt_n":79},{"id":25344,"state":"alive","via_relay":0,"period_ms":100,"misses":6,"busy":0,"rtt_n":77}]}
1791638103.529 {"t":"ss","node":33120,"accepted":0,"unsigned":0,"unknown_sender":0,"bad_signature":0,"replayed":0,"rate_limited":0,"verify_us_max":0,"floors":[{"src":25344,"epoch":139,"counter":1}]}
1791638103.529 {"t":"rec","node":33120,"up_ms":158879,"settled":1,"sent":632,"received":555,"malformed":0,"views":3,"replies_fenced":0,"actors":[{"key":1245650351,"running":0,"term":0,"owner":25344,"owner_term":11,"assigned":25344,"starts":0,"fenced":0,"released":0}]}
1791638103.859 {"t":"node","up_ms":158906,"node":33120,"epoch":294,"peers_alive":2,"peers_dead":0,"no_radio":0,"free_dram":250307,"largest_block":172032,"rx":{"total":7531,"bad_frame":0,"unknown_peer":12,"wrong_dst":0,"short_payload":0,"unknown_opcode":0,"queue_dropped":50},"tx":{"total":2739,"enqueue_err":0,"done_queue_dropped":0},"membership":{"deaths":1,"revivals":0,"reboots_seen":1,"table_full":0,"events_dropped":0}}
1791638103.859 {"t":"ns","node":33120,"hash":13581963,"owner":33120,"kind":"sampled","unit":100,"class":4,"bound_ms":5000,"quality":"GOOD","age_ms":355,"ts":158591,"updates":15,"value":2}
1791638103.859 {"t":"ns","node":33120,"hash":3142365229,"owner":33120,"kind":"sampled","unit":101,"class":4,"bound_ms":30000,"quality":"GOOD","age_ms":370,"ts":158590,"updates":15,"value":172032}
1791638103.859 {"t":"ns","node":33120,"hash":1245650351,"owner":25344,"kind":"sampled","unit":0,"class":3,"bound_ms":500,"quality":"NO_DATA","age_ms":0,"ts":0,"updates":0,"value":null}
1791638103.859 {"t":"ns","node":33120,"hash":2033492666,"owner":33120,"kind":"sampled","unit":0,"class":3,"bound_ms":0,"quality":"NO_DATA","age_ms":0,"ts":0,"updates":0,"value":null}
1791638103.859 {"t":"ns","node":33120,"hash":2347817554,"owner":33120,"kind":"sampled","unit":100,"class":4,"bound_ms":0,"quality":"GOOD","age_ms":411,"ts":158591,"updates":15,"value":294}
1791638103.859 {"t":"ns","node":33120,"hash":1170356950,"owner":33120,"kind":"sampled","unit":80,"class":4,"bound_ms":30000,"quality":"GOOD","age_ms":425,"ts":158591,"updates":15,"value":158}
1791638103.859 {"t":"ns","node":33120,"hash":3085599597,"owner":33120,"kind":"sampled","unit":0,"class":4,"bound_ms":5000,"quality":"GOOD","age_ms":439,"ts":158591,"updates":15,"value":-20}
1791638103.859 {"t":"ns","node":33120,"hash":2486014333,"owner":33120,"kind":"sampled","unit":101,"class":4,"bound_ms":30000,"quality":"GOOD","age_ms":454,"ts":158590,"updates":15,"value":250307}
1791638114.011 {"t":"clk","node":33120,"up_ms":169070}
1791638114.011 {"t":"led","node":33120,"shows":"green","app":0}
1791638114.011 {"t":"event","at_ms":159037,"node":33120,"kind":"peer_admitted","peer":25344,"slot":1,"a":0,"b":0}
1791638114.011 {"t":"event","at_ms":160483,"node":33120,"kind":"peer_admitted","peer":29544,"slot":0,"a":0,"b":0}
1791638114.011 {"t":"event","at_ms":161037,"node":33120,"kind":"peer_admitted","peer":25344,"slot":1,"a":0,"b":0}
1791638114.011 {"t":"event","at_ms":162481,"node":33120,"kind":"peer_admitted","peer":29544,"slot":0,"a":0,"b":0}
1791638114.011 {"t":"event","at_ms":163039,"node":33120,"kind":"peer_admitted","peer":25344,"slot":1,"a":0,"b":0}
1791638114.011 {"t":"event","at_ms":164481,"node":33120,"kind":"peer_admitted","peer":29544,"slot":0,"a":0,"b":0}
1791638114.011 {"t":"event","at_ms":165040,"node":33120,"kind":"peer_admitted","peer":25344,"slot":1,"a":0,"b":0}
1791638114.011 {"t":"event","at_ms":166481,"node":33120,"kind":"peer_admitted","peer":29544,"slot":0,"a":0,"b":0}
1791638114.011 {"t":"event","at_ms":167037,"node":33120,"kind":"peer_admitted","peer":25344,"slot":1,"a":0,"b":0}
1791638114.011 {"t":"event","at_ms":168481,"node":33120,"kind":"peer_admitted","peer":29544,"slot":0,"a":0,"b":0}
1791638114.011 {"t":"event","at_ms":169037,"node":33120,"kind":"peer_admitted","peer":25344,"slot":1,"a":0,"b":0}
1791638114.011 {"t":"link","up_ms":169168,"node":33120,"peer":29544,"mac":"b8:1f:3f:da:73:68","state":"alive","epoch":172,"espnow_ver":2,"mtu":1446,"misses":0,"rssi":-10,"tx":{"frames":594,"cb_ok":594,"cb_fail":0,"enqueue_err":0,"pdr_ppm":1000000},"rx":{"frames":2354,"lost_seqgap":0,"reorder_dup":0,"dropped_bad":0,"hb_lost":3,"bcast_frames":1671,"pdr_ppm":1000000},"rtt":{"samples":84,"min_us":5368,"max_us":53247,"timeouts":0,"txq_last_us":16261,"txq_max_us":16261,"remote_turnaround_us":829,"remote_turnaround_max_us":1282,"p50_us":[4000,6000],"p99_us":[42000,60000],"hist":[0,0,0,0,68,11,4,0,0,0,0,1,0,0,0,0]}}
1791638114.011 {"t":"link","up_ms":169222,"node":33120,"peer":25344,"mac":"b8:1f:3f:da:63:00","state":"alive","epoch":245,"espnow_ver":2,"mtu":1446,"misses":0,"rssi":-19,"tx":{"frames":564,"cb_ok":563,"cb_fail":1,"enqueue_err":0,"pdr_ppm":998226},"rx":{"frames":2202,"lost_seqgap":1,"reorder_dup":0,"dropped_bad":0,"hb_lost":6,"bcast_frames":1632,"pdr_ppm":999546},"rtt":{"samples":82,"min_us":5745,"max_us":37069,"timeouts":1,"txq_last_us":2812,"txq_max_us":11076,"remote_turnaround_us":1019,"remote_turnaround_max_us":9219,"p50_us":[4000,6000],"p99_us":[30000,42000],"hist":[0,0,0,0,57,15,4,2,1,2,1,0,0,0,0,0]}}
1791638114.012 {"t":"auth","node":33120,"up_ms":169277,"enrolled":1,"required":1,"verified_peers":2,"verified":3,"cache_hits":170,"refused":0,"rate_limited":0,"stale_epoch":0,"verify_us_max":84770,"link_stack_free_b":1524,"crypto_stack_free_b":1268,"tags_ok":1080,"bad_tag":0,"replayed":0,"untagged":0,"bcast_dropped":0,"beacon_epoch_ignored":0,"tag_us_max":971}
1791638114.012 {"t":"act","node":33120,"setpoint":0,"has_value":0,"writes_served":0}
1791638114.012 {"t":"peers","node":33120,"own_period_ms":100,"own_busy":0,"channel":1,"scanning":0,"scans":0,"hops":0,"found":0,"lost_to_found_ms":0,"moves_followed":0,"moves_refused":0,"sweeps":0,"sweep_found":0,"sweeping":0,"search_visits":0,"relay":0,"fwd_u":0,"fwd_b":0,"fwd_h":0,"relay_dup":1718,"list":[{"id":29544,"state":"alive","via_relay":0,"period_ms":100,"misses":6,"busy":1,"rtt_n":84},{"id":25344,"state":"alive","via_relay":0,"period_ms":100,"misses":6,"busy":0,"rtt_n":82}]}
1791638114.012 {"t":"ss","node":33120,"accepted":0,"unsigned":0,"unknown_sender":0,"bad_signature":0,"replayed":0,"rate_limited":0,"verify_us_max":0,"floors":[{"src":25344,"epoch":139,"counter":1}]}
1791638114.012 {"t":"rec","node":33120,"up_ms":169372,"settled":1,"sent":673,"received":597,"malformed":0,"views":3,"replies_fenced":0,"actors":[{"key":1245650351,"running":0,"term":0,"owner":25344,"owner_term":11,"assigned":25344,"starts":0,"fenced":0,"released":0}]}
1791638114.339 {"t":"node","up_ms":169387,"node":33120,"epoch":294,"peers_alive":2,"peers_dead":0,"no_radio":0,"free_dram":250307,"largest_block":172032,"rx":{"total":8044,"bad_frame":0,"unknown_peer":12,"wrong_dst":0,"short_payload":0,"unknown_opcode":0,"queue_dropped":50},"tx":{"total":2921,"enqueue_err":0,"done_queue_dropped":0},"membership":{"deaths":1,"revivals":0,"reboots_seen":1,"table_full":0,"events_dropped":0}}
1791638114.339 {"t":"ns","node":33120,"hash":13581963,"owner":33120,"kind":"sampled","unit":100,"class":4,"bound_ms":5000,"quality":"GOOD","age_ms":354,"ts":169072,"updates":16,"value":2}
1791638114.339 {"t":"ns","node":33120,"hash":3142365229,"owner":33120,"kind":"sampled","unit":101,"class":4,"bound_ms":30000,"quality":"GOOD","age_ms":369,"ts":169072,"updates":16,"value":172032}
1791638114.339 {"t":"ns","node":33120,"hash":1245650351,"owner":25344,"kind":"sampled","unit":0,"class":3,"bound_ms":500,"quality":"NO_DATA","age_ms":0,"ts":0,"updates":0,"value":null}
1791638114.339 {"t":"ns","node":33120,"hash":2033492666,"owner":33120,"kind":"sampled","unit":0,"class":3,"bound_ms":0,"quality":"NO_DATA","age_ms":0,"ts":0,"updates":0,"value":null}
1791638114.339 {"t":"ns","node":33120,"hash":2347817554,"owner":33120,"kind":"sampled","unit":100,"class":4,"bound_ms":0,"quality":"GOOD","age_ms":411,"ts":169072,"updates":16,"value":294}
1791638114.339 {"t":"ns","node":33120,"hash":1170356950,"owner":33120,"kind":"sampled","unit":80,"class":4,"bound_ms":30000,"quality":"GOOD","age_ms":425,"ts":169072,"updates":16,"value":169}
1791638114.339 {"t":"ns","node":33120,"hash":3085599597,"owner":33120,"kind":"sampled","unit":0,"class":4,"bound_ms":5000,"quality":"GOOD","age_ms":439,"ts":169072,"updates":16,"value":-20}
1791638114.339 {"t":"ns","node":33120,"hash":2486014333,"owner":33120,"kind":"sampled","unit":101,"class":4,"bound_ms":30000,"quality":"GOOD","age_ms":453,"ts":169072,"updates":16,"value":250307}
1791638124.489 {"t":"clk","node":33120,"up_ms":179550}
1791638124.489 {"t":"led","node":33120,"shows":"green","app":0}
1791638124.489 {"t":"event","at_ms":170481,"node":33120,"kind":"peer_admitted","peer":29544,"slot":0,"a":0,"b":0}
1791638124.489 {"t":"event","at_ms":171037,"node":33120,"kind":"peer_admitted","peer":25344,"slot":1,"a":0,"b":0}
1791638124.489 {"t":"event","at_ms":172482,"node":33120,"kind":"peer_admitted","peer":29544,"slot":0,"a":0,"b":0}
1791638124.489 {"t":"event","at_ms":173037,"node":33120,"kind":"peer_admitted","peer":25344,"slot":1,"a":0,"b":0}
1791638124.489 {"t":"event","at_ms":174481,"node":33120,"kind":"peer_admitted","peer":29544,"slot":0,"a":0,"b":0}
1791638124.489 {"t":"event","at_ms":175037,"node":33120,"kind":"peer_admitted","peer":25344,"slot":1,"a":0,"b":0}
1791638124.489 {"t":"event","at_ms":176481,"node":33120,"kind":"peer_admitted","peer":29544,"slot":0,"a":0,"b":0}
1791638124.489 {"t":"event","at_ms":177037,"node":33120,"kind":"peer_admitted","peer":25344,"slot":1,"a":0,"b":0}
1791638124.489 {"t":"event","at_ms":178481,"node":33120,"kind":"peer_admitted","peer":29544,"slot":0,"a":0,"b":0}
1791638124.489 {"t":"event","at_ms":179037,"node":33120,"kind":"peer_admitted","peer":25344,"slot":1,"a":0,"b":0}
1791638124.489 {"t":"link","up_ms":179634,"node":33120,"peer":29544,"mac":"b8:1f:3f:da:73:68","state":"alive","epoch":172,"espnow_ver":2,"mtu":1446,"misses":0,"rssi":-10,"tx":{"frames":630,"cb_ok":630,"cb_fail":0,"enqueue_err":0,"pdr_ppm":1000000},"rx":{"frames":2498,"lost_seqgap":0,"reorder_dup":0,"dropped_bad":0,"hb_lost":4,"bcast_frames":1774,"pdr_ppm":1000000},"rtt":{"samples":89,"min_us":5368,"max_us":53247,"timeouts":0,"txq_last_us":16261,"txq_max_us":16261,"remote_turnaround_us":844,"remote_turnaround_max_us":1282,"p50_us":[4000,6000],"p99_us":[42000,60000],"hist":[0,0,0,0,72,11,5,0,0,0,0,1,0,0,0,0]}}
1791638124.489 {"t":"link","up_ms":179688,"node":33120,"peer":25344,"mac":"b8:1f:3f:da:63:00","state":"alive","epoch":245,"espnow_ver":2,"mtu":1446,"misses":0,"rssi":-20,"tx":{"frames":598,"cb_ok":597,"cb_fail":1,"enqueue_err":0,"pdr_ppm":998327},"rx":{"frames":2345,"lost_seqgap":1,"reorder_dup":0,"dropped_bad":0,"hb_lost":6,"bcast_frames":1737,"pdr_ppm":999573},"rtt":{"samples":87,"min_us":5745,"max_us":37069,"timeouts":1,"txq_last_us":2812,"txq_max_us":11076,"remote_turnaround_us":1015,"remote_turnaround_max_us":9219,"p50_us":[4000,6000],"p99_us":[30000,42000],"hist":[0,0,0,0,61,16,4,2,1,2,1,0,0,0,0,0]}}
1791638124.489 {"t":"auth","node":33120,"up_ms":179743,"enrolled":1,"required":1,"verified_peers":2,"verified":3,"cache_hits":180,"refused":0,"rate_limited":0,"stale_epoch":0,"verify_us_max":84770,"link_stack_free_b":1524,"crypto_stack_free_b":1268,"tags_ok":1150,"bad_tag":0,"replayed":0,"untagged":0,"bcast_dropped":0,"beacon_epoch_ignored":0,"tag_us_max":971}
1791638124.489 {"t":"act","node":33120,"setpoint":0,"has_value":0,"writes_served":0}
1791638124.489 {"t":"peers","node":33120,"own_period_ms":100,"own_busy":0,"channel":1,"scanning":0,"scans":0,"hops":0,"found":0,"lost_to_found_ms":0,"moves_followed":0,"moves_refused":0,"sweeps":0,"sweep_found":0,"sweeping":0,"search_visits":0,"relay":0,"fwd_u":0,"fwd_b":0,"fwd_h":0,"relay_dup":1828,"list":[{"id":29544,"state":"alive","via_relay":0,"period_ms":100,"misses":6,"busy":1,"rtt_n":89},{"id":25344,"state":"alive","via_relay":0,"period_ms":100,"misses":6,"busy":0,"rtt_n":88}]}
1791638124.489 {"t":"ss","node":33120,"accepted":0,"unsigned":0,"unknown_sender":0,"bad_signature":0,"replayed":0,"rate_limited":0,"verify_us_max":0,"floors":[{"src":25344,"epoch":139,"counter":1}]}
1791638124.489 {"t":"rec","node":33120,"up_ms":179842,"settled":1,"sent":715,"received":639,"malformed":0,"views":3,"replies_fenced":0,"actors":[{"key":1245650351,"running":0,"term":0,"owner":25344,"owner_term":11,"assigned":25344,"starts":0,"fenced":0,"released":0}]}
1791638124.489 {"t":"node","up_ms":179858,"node":33120,"epoch":294,"peers_alive":2,"peers_dead":0,"no_radio":0,"free_dram":250307,"largest_block":172032,"rx":{"total":8555,"bad_frame":0,"unknown_peer":12,"wrong_dst":0,"short_payload":0,"unknown_opcode":0,"queue_dropped":50},"tx":{"total":3102,"enqueue_err":0,"done_queue_dropped":0},"membership":{"deaths":1,"revivals":0,"reboots_seen":1,"table_full":0,"events_dropped":0}}
1791638124.822 {"t":"ns","node":33120,"hash":13581963,"owner":33120,"kind":"sampled","unit":100,"class":4,"bound_ms":5000,"quality":"GOOD","age_ms":346,"ts":179552,"updates":17,"value":2}
1791638124.822 {"t":"ns","node":33120,"hash":3142365229,"owner":33120,"kind":"sampled","unit":101,"class":4,"bound_ms":30000,"quality":"GOOD","age_ms":361,"ts":179551,"updates":17,"value":172032}
1791638124.822 {"t":"ns","node":33120,"hash":1245650351,"owner":25344,"kind":"sampled","unit":0,"class":3,"bound_ms":500,"quality":"NO_DATA","age_ms":0,"ts":0,"updates":0,"value":null}
1791638124.822 {"t":"ns","node":33120,"hash":2033492666,"owner":33120,"kind":"sampled","unit":0,"class":3,"bound_ms":0,"quality":"NO_DATA","age_ms":0,"ts":0,"updates":0,"value":null}
1791638124.822 {"t":"ns","node":33120,"hash":2347817554,"owner":33120,"kind":"sampled","unit":100,"class":4,"bound_ms":0,"quality":"GOOD","age_ms":403,"ts":179551,"updates":17,"value":294}
1791638124.822 {"t":"ns","node":33120,"hash":1170356950,"owner":33120,"kind":"sampled","unit":80,"class":4,"bound_ms":30000,"quality":"GOOD","age_ms":417,"ts":179551,"updates":17,"value":179}
1791638124.822 {"t":"ns","node":33120,"hash":3085599597,"owner":33120,"kind":"sampled","unit":0,"class":4,"bound_ms":5000,"quality":"GOOD","age_ms":430,"ts":179552,"updates":17,"value":-20}
1791638124.822 {"t":"ns","node":33120,"hash":2486014333,"owner":33120,"kind":"sampled","unit":101,"class":4,"bound_ms":30000,"quality":"GOOD","age_ms":445,"ts":179551,"updates":17,"value":250307}
1791638134.960 {"t":"clk","node":33120,"up_ms":190021}
1791638134.960 {"t":"led","node":33120,"shows":"green","app":0}
1791638134.960 {"t":"event","at_ms":180481,"node":33120,"kind":"peer_admitted","peer":29544,"slot":0,"a":0,"b":0}
1791638134.960 {"t":"event","at_ms":181037,"node":33120,"kind":"peer_admitted","peer":25344,"slot":1,"a":0,"b":0}
1791638134.960 {"t":"event","at_ms":182481,"node":33120,"kind":"peer_admitted","peer":29544,"slot":0,"a":0,"b":0}
1791638134.960 {"t":"event","at_ms":183044,"node":33120,"kind":"peer_admitted","peer":25344,"slot":1,"a":0,"b":0}
1791638134.960 {"t":"event","at_ms":184482,"node":33120,"kind":"peer_admitted","peer":29544,"slot":0,"a":0,"b":0}
1791638134.960 {"t":"event","at_ms":185037,"node":33120,"kind":"peer_admitted","peer":25344,"slot":1,"a":0,"b":0}
1791638134.960 {"t":"event","at_ms":186481,"node":33120,"kind":"peer_admitted","peer":29544,"slot":0,"a":0,"b":0}
1791638134.960 {"t":"event","at_ms":187037,"node":33120,"kind":"peer_admitted","peer":25344,"slot":1,"a":0,"b":0}
1791638134.960 {"t":"event","at_ms":188481,"node":33120,"kind":"peer_admitted","peer":29544,"slot":0,"a":0,"b":0}
1791638134.960 {"t":"event","at_ms":189037,"node":33120,"kind":"peer_admitted","peer":25344,"slot":1,"a":0,"b":0}
1791638134.960 {"t":"link","up_ms":190105,"node":33120,"peer":29544,"mac":"b8:1f:3f:da:73:68","state":"alive","epoch":172,"espnow_ver":2,"mtu":1446,"misses":0,"rssi":-10,"tx":{"frames":666,"cb_ok":666,"cb_fail":0,"enqueue_err":0,"pdr_ppm":1000000},"rx":{"frames":2644,"lost_seqgap":0,"reorder_dup":0,"dropped_bad":0,"hb_lost":5,"bcast_frames":1878,"pdr_ppm":1000000},"rtt":{"samples":94,"min_us":5368,"max_us":53247,"timeouts":0,"txq_last_us":16261,"txq_max_us":16261,"remote_turnaround_us":839,"remote_turnaround_max_us":1282,"p50_us":[4000,6000],"p99_us":[42000,60000],"hist":[0,0,0,0,76,11,6,0,0,0,0,1,0,0,0,0]}}
1791638134.960 {"t":"link","up_ms":190159,"node":33120,"peer":25344,"mac":"b8:1f:3f:da:63:00","state":"alive","epoch":245,"espnow_ver":2,"mtu":1446,"misses":0,"rssi":-20,"tx":{"frames":633,"cb_ok":632,"cb_fail":1,"enqueue_err":0,"pdr_ppm":998420},"rx":{"frames":2490,"lost_seqgap":1,"reorder_dup":0,"dropped_bad":0,"hb_lost":7,"bcast_frames":1840,"pdr_ppm":999598},"rtt":{"samples":93,"min_us":5745,"max_us":37069,"timeouts":1,"txq_last_us":2812,"txq_max_us":11076,"remote_turnaround_us":1011,"remote_turnaround_max_us":9219,"p50_us":[4000,6000],"p99_us":[30000,42000],"hist":[0,0,0,0,66,17,4,2,1,2,1,0,0,0,0,0]}}
1791638134.960 {"t":"auth","node":33120,"up_ms":190214,"enrolled":1,"required":1,"verified_peers":2,"verified":3,"cache_hits":190,"refused":0,"rate_limited":0,"stale_epoch":0,"verify_us_max":84770,"link_stack_free_b":1524,"crypto_stack_free_b":1268,"tags_ok":1224,"bad_tag":0,"replayed":0,"untagged":0,"bcast_dropped":0,"beacon_epoch_ignored":0,"tag_us_max":971}
1791638134.960 {"t":"act","node":33120,"setpoint":0,"has_value":0,"writes_served":0}
1791638134.960 {"t":"peers","node":33120,"own_period_ms":100,"own_busy":0,"channel":1,"scanning":0,"scans":0,"hops":0,"found":0,"lost_to_found_ms":0,"moves_followed":0,"moves_refused":0,"sweeps":0,"sweep_found":0,"sweeping":0,"search_visits":0,"relay":0,"fwd_u":0,"fwd_b":0,"fwd_h":0,"relay_dup":1936,"list":[{"id":29544,"state":"alive","via_relay":0,"period_ms":100,"misses":6,"busy":1,"rtt_n":94},{"id":25344,"state":"alive","via_relay":0,"period_ms":100,"misses":6,"busy":0,"rtt_n":93}]}
1791638134.960 {"t":"ss","node":33120,"accepted":0,"unsigned":0,"unknown_sender":0,"bad_signature":0,"replayed":0,"rate_limited":0,"verify_us_max":0,"floors":[{"src":25344,"epoch":139,"counter":1}]}
1791638134.960 {"t":"rec","node":33120,"up_ms":190310,"settled":1,"sent":757,"received":680,"malformed":0,"views":3,"replies_fenced":0,"actors":[{"key":1245650351,"running":0,"term":0,"owner":25344,"owner_term":11,"assigned":25344,"starts":0,"fenced":0,"released":0}]}
1791638134.960 {"t":"node","up_ms":190325,"node":33120,"epoch":294,"peers_alive":2,"peers_dead":0,"no_radio":0,"free_dram":250307,"largest_block":172032,"rx":{"total":9060,"bad_frame":0,"unknown_peer":12,"wrong_dst":0,"short_payload":0,"unknown_opcode":0,"queue_dropped":50},"tx":{"total":3282,"enqueue_err":0,"done_queue_dropped":0},"membership":{"deaths":1,"revivals":0,"reboots_seen":1,"table_full":0,"events_dropped":0}}
1791638135.285 {"t":"ns","node":33120,"hash":13581963,"owner":33120,"kind":"sampled","unit":100,"class":4,"bound_ms":5000,"quality":"GOOD","age_ms":342,"ts":190023,"updates":18,"value":2}
1791638135.285 {"t":"ns","node":33120,"hash":3142365229,"owner":33120,"kind":"sampled","unit":101,"class":4,"bound_ms":30000,"quality":"GOOD","age_ms":357,"ts":190022,"updates":18,"value":172032}
1791638135.285 {"t":"ns","node":33120,"hash":1245650351,"owner":25344,"kind":"sampled","unit":0,"class":3,"bound_ms":500,"quality":"NO_DATA","age_ms":0,"ts":0,"updates":0,"value":null}
1791638135.285 {"t":"ns","node":33120,"hash":2033492666,"owner":33120,"kind":"sampled","unit":0,"class":3,"bound_ms":0,"quality":"NO_DATA","age_ms":0,"ts":0,"updates":0,"value":null}
1791638135.285 {"t":"ns","node":33120,"hash":2347817554,"owner":33120,"kind":"sampled","unit":100,"class":4,"bound_ms":0,"quality":"GOOD","age_ms":398,"ts":190023,"updates":18,"value":294}
1791638135.285 {"t":"ns","node":33120,"hash":1170356950,"owner":33120,"kind":"sampled","unit":80,"class":4,"bound_ms":30000,"quality":"GOOD","age_ms":425,"ts":190022,"updates":18,"value":190}
1791638135.285 {"t":"ns","node":33120,"hash":3085599597,"owner":33120,"kind":"sampled","unit":0,"class":4,"bound_ms":5000,"quality":"GOOD","age_ms":438,"ts":190023,"updates":18,"value":-20}
1791638135.285 {"t":"ns","node":33120,"hash":2486014333,"owner":33120,"kind":"sampled","unit":101,"class":4,"bound_ms":30000,"quality":"GOOD","age_ms":453,"ts":190022,"updates":18,"value":250307}
1791638145.429 {"t":"clk","node":33120,"up_ms":200490}
1791638145.429 {"t":"led","node":33120,"shows":"green","app":0}
1791638145.429 {"t":"event","at_ms":190481,"node":33120,"kind":"peer_admitted","peer":29544,"slot":0,"a":0,"b":0}
1791638145.429 {"t":"event","at_ms":191037,"node":33120,"kind":"peer_admitted","peer":25344,"slot":1,"a":0,"b":0}
1791638145.429 {"t":"event","at_ms":192484,"node":33120,"kind":"peer_admitted","peer":29544,"slot":0,"a":0,"b":0}
1791638145.429 {"t":"event","at_ms":193037,"node":33120,"kind":"peer_admitted","peer":25344,"slot":1,"a":0,"b":0}
1791638145.429 {"t":"event","at_ms":194481,"node":33120,"kind":"peer_admitted","peer":29544,"slot":0,"a":0,"b":0}
1791638145.429 {"t":"event","at_ms":195037,"node":33120,"kind":"peer_admitted","peer":25344,"slot":1,"a":0,"b":0}
1791638145.429 {"t":"event","at_ms":196481,"node":33120,"kind":"peer_admitted","peer":29544,"slot":0,"a":0,"b":0}
1791638145.429 {"t":"event","at_ms":197037,"node":33120,"kind":"peer_admitted","peer":25344,"slot":1,"a":0,"b":0}
1791638145.429 {"t":"event","at_ms":198481,"node":33120,"kind":"peer_admitted","peer":29544,"slot":0,"a":0,"b":0}
1791638145.429 {"t":"event","at_ms":199038,"node":33120,"kind":"peer_admitted","peer":25344,"slot":1,"a":0,"b":0}
1791638145.429 {"t":"event","at_ms":200481,"node":33120,"kind":"peer_admitted","peer":29544,"slot":0,"a":0,"b":0}
1791638145.429 {"t":"link","up_ms":200587,"node":33120,"peer":29544,"mac":"b8:1f:3f:da:73:68","state":"alive","epoch":172,"espnow_ver":2,"mtu":1446,"misses":0,"rssi":-11,"tx":{"frames":704,"cb_ok":704,"cb_fail":0,"enqueue_err":0,"pdr_ppm":1000000},"rx":{"frames":2792,"lost_seqgap":0,"reorder_dup":0,"dropped_bad":0,"hb_lost":5,"bcast_frames":1983,"pdr_ppm":1000000},"rtt":{"samples":99,"min_us":5368,"max_us":53247,"timeouts":0,"txq_last_us":16261,"txq_max_us":16261,"remote_turnaround_us":850,"remote_turnaround_max_us":1282,"p50_us":[4000,6000],"p99_us":[42000,60000],"hist":[0,0,0,0,79,13,6,0,0,0,0,1,0,0,0,0]}}
1791638145.429 {"t":"link","up_ms":200641,"node":33120,"peer":25344,"mac":"b8:1f:3f:da:63:00","state":"alive","epoch":245,"espnow_ver":2,"mtu":1446,"misses":0,"rssi":-20,"tx":{"frames":667,"cb_ok":666,"cb_fail":1,"enqueue_err":0,"pdr_ppm":998500},"rx":{"frames":2634,"lost_seqgap":1,"reorder_dup":0,"dropped_bad":0,"hb_lost":7,"bcast_frames":1945,"pdr_ppm":999620},"rtt":{"samples":98,"min_us":5745,"max_us":37069,"timeouts":1,"txq_last_us":2812,"txq_max_us":11076,"remote_turnaround_us":1017,"remote_turnaround_max_us":9219,"p50_us":[4000,6000],"p99_us":[30000,42000],"hist":[0,0,0,0,71,17,4,2,1,2,1,0,0,0,0,0]}}
1791638145.429 {"t":"auth","node":33120,"up_ms":200696,"enrolled":1,"required":1,"verified_peers":2,"verified":3,"cache_hits":201,"refused":0,"rate_limited":0,"stale_epoch":0,"verify_us_max":84770,"link_stack_free_b":1524,"crypto_stack_free_b":1268,"tags_ok":1294,"bad_tag":0,"replayed":0,"untagged":0,"bcast_dropped":0,"beacon_epoch_ignored":0,"tag_us_max":971}
1791638145.429 {"t":"act","node":33120,"setpoint":0,"has_value":0,"writes_served":0}
1791638145.429 {"t":"peers","node":33120,"own_period_ms":100,"own_busy":0,"channel":1,"scanning":0,"scans":0,"hops":0,"found":0,"lost_to_found_ms":0,"moves_followed":0,"moves_refused":0,"sweeps":0,"sweep_found":0,"sweeping":0,"search_visits":0,"relay":0,"fwd_u":0,"fwd_b":0,"fwd_h":0,"relay_dup":2045,"list":[{"id":29544,"state":"alive","via_relay":0,"period_ms":100,"misses":6,"busy":1,"rtt_n":99},{"id":25344,"state":"alive","via_relay":0,"period_ms":100,"misses":6,"busy":0,"rtt_n":98}]}
1791638145.429 {"t":"ss","node":33120,"accepted":0,"unsigned":0,"unknown_sender":0,"bad_signature":0,"replayed":0,"rate_limited":0,"verify_us_max":0,"floors":[{"src":25344,"epoch":139,"counter":1}]}
1791638145.429 {"t":"rec","node":33120,"up_ms":200791,"settled":1,"sent":799,"received":722,"malformed":0,"views":3,"replies_fenced":0,"actors":[{"key":1245650351,"running":0,"term":0,"owner":25344,"owner_term":11,"assigned":25344,"starts":0,"fenced":0,"released":0}]}
1791638145.771 {"t":"node","up_ms":200806,"node":33120,"epoch":294,"peers_alive":2,"peers_dead":0,"no_radio":0,"free_dram":250307,"largest_block":172032,"rx":{"total":9572,"bad_frame":0,"unknown_peer":12,"wrong_dst":0,"short_payload":0,"unknown_opcode":0,"queue_dropped":50},"tx":{"total":3465,"enqueue_err":0,"done_queue_dropped":0},"membership":{"deaths":1,"revivals":0,"reboots_seen":1,"table_full":0,"events_dropped":0}}
1791638145.771 {"t":"ns","node":33120,"hash":13581963,"owner":33120,"kind":"sampled","unit":100,"class":4,"bound_ms":5000,"quality":"GOOD","age_ms":354,"ts":200492,"updates":19,"value":2}
1791638145.771 {"t":"ns","node":33120,"hash":3142365229,"owner":33120,"kind":"sampled","unit":101,"class":4,"bound_ms":30000,"quality":"GOOD","age_ms":369,"ts":200491,"updates":19,"value":172032}
1791638145.771 {"t":"ns","node":33120,"hash":1245650351,"owner":25344,"kind":"sampled","unit":0,"class":3,"bound_ms":500,"quality":"NO_DATA","age_ms":0,"ts":0,"updates":0,"value":null}
1791638145.771 {"t":"ns","node":33120,"hash":2033492666,"owner":33120,"kind":"sampled","unit":0,"class":3,"bound_ms":0,"quality":"NO_DATA","age_ms":0,"ts":0,"updates":0,"value":null}
1791638145.771 {"t":"ns","node":33120,"hash":2347817554,"owner":33120,"kind":"sampled","unit":100,"class":4,"bound_ms":0,"quality":"GOOD","age_ms":411,"ts":200491,"updates":19,"value":294}
1791638145.771 {"t":"ns","node":33120,"hash":1170356950,"owner":33120,"kind":"sampled","unit":80,"class":4,"bound_ms":30000,"quality":"GOOD","age_ms":425,"ts":200491,"updates":19,"value":200}
1791638145.771 {"t":"ns","node":33120,"hash":3085599597,"owner":33120,"kind":"sampled","unit":0,"class":4,"bound_ms":5000,"quality":"GOOD","age_ms":438,"ts":200492,"updates":19,"value":-19}
1791638145.771 {"t":"ns","node":33120,"hash":2486014333,"owner":33120,"kind":"sampled","unit":101,"class":4,"bound_ms":30000,"quality":"GOOD","age_ms":465,"ts":200491,"updates":19,"value":250307}
1791638155.908 {"t":"clk","node":33120,"up_ms":210970}
1791638155.908 {"t":"led","node":33120,"shows":"green","app":0}
1791638155.908 {"t":"event","at_ms":201037,"node":33120,"kind":"peer_admitted","peer":25344,"slot":1,"a":0,"b":0}
1791638155.908 {"t":"event","at_ms":202481,"node":33120,"kind":"peer_admitted","peer":29544,"slot":0,"a":0,"b":0}
1791638155.908 {"t":"event","at_ms":203037,"node":33120,"kind":"peer_admitted","peer":25344,"slot":1,"a":0,"b":0}
1791638155.908 {"t":"event","at_ms":204481,"node":33120,"kind":"peer_admitted","peer":29544,"slot":0,"a":0,"b":0}
1791638155.908 {"t":"event","at_ms":205037,"node":33120,"kind":"peer_admitted","peer":25344,"slot":1,"a":0,"b":0}
1791638155.908 {"t":"event","at_ms":206481,"node":33120,"kind":"peer_admitted","peer":29544,"slot":0,"a":0,"b":0}
1791638155.908 {"t":"event","at_ms":207037,"node":33120,"kind":"peer_admitted","peer":25344,"slot":1,"a":0,"b":0}
1791638155.908 {"t":"event","at_ms":208481,"node":33120,"kind":"peer_admitted","peer":29544,"slot":0,"a":0,"b":0}
1791638155.908 {"t":"event","at_ms":209037,"node":33120,"kind":"peer_admitted","peer":25344,"slot":1,"a":0,"b":0}
1791638155.908 {"t":"event","at_ms":210481,"node":33120,"kind":"peer_admitted","peer":29544,"slot":0,"a":0,"b":0}
1791638155.908 {"t":"event","at_ms":211037,"node":33120,"kind":"peer_admitted","peer":25344,"slot":1,"a":0,"b":0}
1791638155.908 {"t":"link","up_ms":211068,"node":33120,"peer":29544,"mac":"b8:1f:3f:da:73:68","state":"alive","epoch":172,"espnow_ver":2,"mtu":1446,"misses":0,"rssi":-10,"tx":{"frames":741,"cb_ok":741,"cb_fail":0,"enqueue_err":0,"pdr_ppm":1000000},"rx":{"frames":2939,"lost_seqgap":0,"reorder_dup":0,"dropped_bad":0,"hb_lost":5,"bcast_frames":2088,"pdr_ppm":1000000},"rtt":{"samples":105,"min_us":5368,"max_us":53247,"timeouts":0,"txq_last_us":16261,"txq_max_us":16261,"remote_turnaround_us":835,"remote_turnaround_max_us":1282,"p50_us":[4000,6000],"p99_us":[8000,11000],"hist":[0,0,0,0,85,13,6,0,0,0,0,1,0,0,0,0]}}
1791638155.908 {"t":"link","up_ms":211122,"node":33120,"peer":25344,"mac":"b8:1f:3f:da:63:00","state":"alive","epoch":245,"espnow_ver":2,"mtu":1446,"misses":0,"rssi":-20,"tx":{"frames":703,"cb_ok":702,"cb_fail":1,"enqueue_err":0,"pdr_ppm":998577},"rx":{"frames":2780,"lost_seqgap":1,"reorder_dup":0,"dropped_bad":0,"hb_lost":7,"bcast_frames":2050,"pdr_ppm":999640},"rtt":{"samples":103,"min_us":5745,"max_us":37069,"timeouts":1,"txq_last_us":2812,"txq_max_us":11076,"remote_turnaround_us":1046,"remote_turnaround_max_us":9219,"p50_us":[4000,6000],"p99_us":[22000,30000],"hist":[0,0,0,0,74,19,4,2,1,2,1,0,0,0,0,0]}}
1791638155.908 {"t":"auth","node":33120,"up_ms":211176,"enrolled":1,"required":1,"verified_peers":2,"verified":3,"cache_hits":212,"refused":0,"rate_limited":0,"stale_epoch":0,"verify_us_max":84770,"link_stack_free_b":1524,"crypto_stack_free_b":1268,"tags_ok":1366,"bad_tag":0,"replayed":0,"untagged":0,"bcast_dropped":0,"beacon_epoch_ignored":0,"tag_us_max":971}
1791638155.908 {"t":"act","node":33120,"setpoint":0,"has_value":0,"writes_served":0}
1791638155.908 {"t":"peers","node":33120,"own_period_ms":100,"own_busy":0,"channel":1,"scanning":0,"scans":0,"hops":0,"found":0,"lost_to_found_ms":0,"moves_followed":0,"moves_refused":0,"sweeps":0,"sweep_found":0,"sweeping":0,"search_visits":0,"relay":0,"fwd_u":0,"fwd_b":0,"fwd_h":0,"relay_dup":2156,"list":[{"id":29544,"state":"alive","via_relay":0,"period_ms":100,"misses":6,"busy":1,"rtt_n":105},{"id":25344,"state":"alive","via_relay":0,"period_ms":100,"misses":6,"busy":0,"rtt_n":103}]}
1791638155.908 {"t":"ss","node":33120,"accepted":0,"unsigned":0,"unknown_sender":0,"bad_signature":0,"replayed":0,"rate_limited":0,"verify_us_max":0,"floors":[{"src":25344,"epoch":139,"counter":1}]}
1791638155.908 {"t":"rec","node":33120,"up_ms":211261,"settled":1,"sent":841,"received":764,"malformed":0,"views":3,"replies_fenced":0,"actors":[{"key":1245650351,"running":0,"term":0,"owner":25344,"owner_term":11,"assigned":25344,"starts":0,"fenced":0,"released":0}]}
1791638156.250 {"t":"node","up_ms":211287,"node":33120,"epoch":294,"peers_alive":2,"peers_dead":0,"no_radio":0,"free_dram":250307,"largest_block":172032,"rx":{"total":10085,"bad_frame":0,"unknown_peer":12,"wrong_dst":0,"short_payload":0,"unknown_opcode":0,"queue_dropped":50},"tx":{"total":3647,"enqueue_err":0,"done_queue_dropped":0},"membership":{"deaths":1,"revivals":0,"reboots_seen":1,"table_full":0,"events_dropped":0}}
1791638156.250 {"t":"ns","node":33120,"hash":13581963,"owner":33120,"kind":"sampled","unit":100,"class":4,"bound_ms":5000,"quality":"GOOD","age_ms":355,"ts":210972,"updates":20,"value":2}
1791638156.250 {"t":"ns","node":33120,"hash":3142365229,"owner":33120,"kind":"sampled","unit":101,"class":4,"bound_ms":30000,"quality":"GOOD","age_ms":369,"ts":210972,"updates":20,"value":172032}
1791638156.250 {"t":"ns","node":33120,"hash":1245650351,"owner":25344,"kind":"sampled","unit":0,"class":3,"bound_ms":500,"quality":"NO_DATA","age_ms":0,"ts":0,"updates":0,"value":null}
1791638156.250 {"t":"ns","node":33120,"hash":2033492666,"owner":33120,"kind":"sampled","unit":0,"class":3,"bound_ms":0,"quality":"NO_DATA","age_ms":0,"ts":0,"updates":0,"value":null}
1791638156.250 {"t":"ns","node":33120,"hash":2347817554,"owner":33120,"kind":"sampled","unit":100,"class":4,"bound_ms":0,"quality":"GOOD","age_ms":412,"ts":210972,"updates":20,"value":294}
1791638156.250 {"t":"ns","node":33120,"hash":1170356950,"owner":33120,"kind":"sampled","unit":80,"class":4,"bound_ms":30000,"quality":"GOOD","age_ms":425,"ts":210972,"updates":20,"value":210}
1791638156.250 {"t":"ns","node":33120,"hash":3085599597,"owner":33120,"kind":"sampled","unit":0,"class":4,"bound_ms":5000,"quality":"GOOD","age_ms":439,"ts":210972,"updates":20,"value":-20}
1791638156.250 {"t":"ns","node":33120,"hash":2486014333,"owner":33120,"kind":"sampled","unit":101,"class":4,"bound_ms":30000,"quality":"GOOD","age_ms":454,"ts":210971,"updates":20,"value":250307}
1791638166.389 {"t":"clk","node":33120,"up_ms":221451}
1791638166.389 {"t":"led","node":33120,"shows":"green","app":0}
1791638166.389 {"t":"event","at_ms":212481,"node":33120,"kind":"peer_admitted","peer":29544,"slot":0,"a":0,"b":0}
1791638166.389 {"t":"event","at_ms":213037,"node":33120,"kind":"peer_admitted","peer":25344,"slot":1,"a":0,"b":0}
1791638166.389 {"t":"event","at_ms":214481,"node":33120,"kind":"peer_admitted","peer":29544,"slot":0,"a":0,"b":0}
1791638166.389 {"t":"event","at_ms":215037,"node":33120,"kind":"peer_admitted","peer":25344,"slot":1,"a":0,"b":0}
1791638166.389 {"t":"event","at_ms":216481,"node":33120,"kind":"peer_admitted","peer":29544,"slot":0,"a":0,"b":0}
1791638166.389 {"t":"event","at_ms":217037,"node":33120,"kind":"peer_admitted","peer":25344,"slot":1,"a":0,"b":0}
1791638166.389 {"t":"event","at_ms":218481,"node":33120,"kind":"peer_admitted","peer":29544,"slot":0,"a":0,"b":0}
1791638166.389 {"t":"event","at_ms":219037,"node":33120,"kind":"peer_admitted","peer":25344,"slot":1,"a":0,"b":0}
1791638166.389 {"t":"event","at_ms":220481,"node":33120,"kind":"peer_admitted","peer":29544,"slot":0,"a":0,"b":0}
1791638166.389 {"t":"event","at_ms":221037,"node":33120,"kind":"peer_admitted","peer":25344,"slot":1,"a":0,"b":0}
1791638166.389 {"t":"link","up_ms":221535,"node":33120,"peer":29544,"mac":"b8:1f:3f:da:73:68","state":"alive","epoch":172,"espnow_ver":2,"mtu":1446,"misses":0,"rssi":-10,"tx":{"frames":777,"cb_ok":777,"cb_fail":0,"enqueue_err":0,"pdr_ppm":1000000},"rx":{"frames":3083,"lost_seqgap":0,"reorder_dup":0,"dropped_bad":0,"hb_lost":6,"bcast_frames":2191,"pdr_ppm":1000000},"rtt":{"samples":110,"min_us":5368,"max_us":53247,"timeouts":0,"txq_last_us":16261,"txq_max_us":16261,"remote_turnaround_us":824,"remote_turnaround_max_us":1282,"p50_us":[4000,6000],"p99_us":[8000,11000],"hist":[0,0,0,0,90,13,6,0,0,0,0,1,0,0,0,0]}}
1791638166.389 {"t":"link","up_ms":221589,"node":33120,"peer":25344,"mac":"b8:1f:3f:da:63:00","state":"alive","epoch":245,"espnow_ver":2,"mtu":1446,"misses":0,"rssi":-20,"tx":{"frames":737,"cb_ok":736,"cb_fail":1,"enqueue_err":0,"pdr_ppm":998643},"rx":{"frames":2923,"lost_seqgap":1,"reorder_dup":0,"dropped_bad":0,"hb_lost":8,"bcast_frames":2154,"pdr_ppm":999658},"rtt":{"samples":108,"min_us":5745,"max_us":37069,"timeouts":1,"txq_last_us":3580,"txq_max_us":11076,"remote_turnaround_us":1016,"remote_turnaround_max_us":9219,"p50_us":[4000,6000],"p99_us":[22000,30000],"hist":[0,0,0,0,78,19,4,3,1,2,1,0,0,0,0,0]}}
1791638166.389 {"t":"auth","node":33120,"up_ms":221643,"enrolled":1,"required":1,"verified_peers":2,"verified":3,"cache_hits":222,"refused":0,"rate_limited":0,"stale_epoch":0,"verify_us_max":84770,"link_stack_free_b":1524,"crypto_stack_free_b":1268,"tags_ok":1436,"bad_tag":0,"replayed":0,"untagged":0,"bcast_dropped":0,"beacon_epoch_ignored":0,"tag_us_max":971}
1791638166.389 {"t":"act","node":33120,"setpoint":0,"has_value":0,"writes_served":0}
1791638166.389 {"t":"peers","node":33120,"own_period_ms":100,"own_busy":0,"channel":1,"scanning":0,"scans":0,"hops":0,"found":0,"lost_to_found_ms":0,"moves_followed":0,"moves_refused":0,"sweeps":0,"sweep_found":0,"sweeping":0,"search_visits":0,"relay":0,"fwd_u":0,"fwd_b":0,"fwd_h":0,"relay_dup":2265,"list":[{"id":29544,"state":"alive","via_relay":0,"period_ms":100,"misses":6,"busy":1,"rtt_n":110},{"id":25344,"state":"alive","via_relay":0,"period_ms":100,"misses":6,"busy":0,"rtt_n":108}]}
1791638166.389 {"t":"ss","node":33120,"accepted":0,"unsigned":0,"unknown_sender":0,"bad_signature":0,"replayed":0,"rate_limited":0,"verify_us_max":0,"floors":[{"src":25344,"epoch":139,"counter":1}]}
1791638166.389 {"t":"rec","node":33120,"up_ms":221739,"settled":1,"sent":883,"received":806,"malformed":0,"views":3,"replies_fenced":0,"actors":[{"key":1245650351,"running":0,"term":0,"owner":25344,"owner_term":11,"assigned":25344,"starts":0,"fenced":0,"released":0}]}
1791638166.389 {"t":"node","up_ms":221765,"node":33120,"epoch":294,"peers_alive":2,"peers_dead":0,"no_radio":0,"free_dram":250307,"largest_block":172032,"rx":{"total":10589,"bad_frame":0,"unknown_peer":12,"wrong_dst":0,"short_payload":0,"unknown_opcode":0,"queue_dropped":50},"tx":{"total":3827,"enqueue_err":0,"done_queue_dropped":0},"membership":{"deaths":1,"revivals":0,"reboots_seen":1,"table_full":0,"events_dropped":0}}
1791638166.710 {"t":"ns","node":33120,"hash":13581963,"owner":33120,"kind":"sampled","unit":100,"class":4,"bound_ms":5000,"quality":"GOOD","age_ms":341,"ts":221453,"updates":21,"value":2}
1791638166.710 {"t":"ns","node":33120,"hash":3142365229,"owner":33120,"kind":"sampled","unit":101,"class":4,"bound_ms":30000,"quality":"GOOD","age_ms":356,"ts":221452,"updates":21,"value":172032}
1791638166.710 {"t":"ns","node":33120,"hash":1245650351,"owner":25344,"kind":"sampled","unit":0,"class":3,"bound_ms":500,"quality":"NO_DATA","age_ms":0,"ts":0,"updates":0,"value":null}
1791638166.710 {"t":"ns","node":33120,"hash":2033492666,"owner":33120,"kind":"sampled","unit":0,"class":3,"bound_ms":0,"quality":"NO_DATA","age_ms":0,"ts":0,"updates":0,"value":null}
1791638166.710 {"t":"ns","node":33120,"hash":2347817554,"owner":33120,"kind":"sampled","unit":100,"class":4,"bound_ms":0,"quality":"GOOD","age_ms":410,"ts":221452,"updates":21,"value":294}
1791638166.710 {"t":"ns","node":33120,"hash":1170356950,"owner":33120,"kind":"sampled","unit":80,"class":4,"bound_ms":30000,"quality":"GOOD","age_ms":424,"ts":221452,"updates":21,"value":221}
1791638166.710 {"t":"ns","node":33120,"hash":3085599597,"owner":33120,"kind":"sampled","unit":0,"class":4,"bound_ms":5000,"quality":"GOOD","age_ms":437,"ts":221453,"updates":21,"value":-19}
1791638166.710 {"t":"ns","node":33120,"hash":2486014333,"owner":33120,"kind":"sampled","unit":101,"class":4,"bound_ms":30000,"quality":"GOOD","age_ms":452,"ts":221452,"updates":21,"value":250307}
1791638176.861 {"t":"clk","node":33120,"up_ms":231918}
1791638176.861 {"t":"led","node":33120,"shows":"green","app":0}
1791638176.861 {"t":"event","at_ms":222481,"node":33120,"kind":"peer_admitted","peer":29544,"slot":0,"a":0,"b":0}
1791638176.861 {"t":"event","at_ms":223037,"node":33120,"kind":"peer_admitted","peer":25344,"slot":1,"a":0,"b":0}
1791638176.861 {"t":"event","at_ms":224481,"node":33120,"kind":"peer_admitted","peer":29544,"slot":0,"a":0,"b":0}
1791638176.861 {"t":"event","at_ms":225037,"node":33120,"kind":"peer_admitted","peer":25344,"slot":1,"a":0,"b":0}
1791638176.861 {"t":"event","at_ms":226481,"node":33120,"kind":"peer_admitted","peer":29544,"slot":0,"a":0,"b":0}
1791638176.861 {"t":"event","at_ms":227037,"node":33120,"kind":"peer_admitted","peer":25344,"slot":1,"a":0,"b":0}
1791638176.861 {"t":"event","at_ms":228481,"node":33120,"kind":"peer_admitted","peer":29544,"slot":0,"a":0,"b":0}
1791638176.861 {"t":"event","at_ms":229037,"node":33120,"kind":"peer_admitted","peer":25344,"slot":1,"a":0,"b":0}
1791638176.861 {"t":"event","at_ms":230481,"node":33120,"kind":"peer_admitted","peer":29544,"slot":0,"a":0,"b":0}
1791638176.861 {"t":"event","at_ms":231038,"node":33120,"kind":"peer_admitted","peer":25344,"slot":1,"a":0,"b":0}
1791638176.861 {"t":"link","up_ms":232003,"node":33120,"peer":29544,"mac":"b8:1f:3f:da:73:68","state":"alive","epoch":172,"espnow_ver":2,"mtu":1446,"misses":0,"rssi":-10,"tx":{"frames":813,"cb_ok":813,"cb_fail":0,"enqueue_err":0,"pdr_ppm":1000000},"rx":{"frames":3230,"lost_seqgap":0,"reorder_dup":0,"dropped_bad":0,"hb_lost":6,"bcast_frames":2296,"pdr_ppm":1000000},"rtt":{"samples":115,"min_us":5368,"max_us":53247,"timeouts":0,"txq_last_us":16261,"txq_max_us":16261,"remote_turnaround_us":863,"remote_turnaround_max_us":1282,"p50_us":[4000,6000],"p99_us":[8000,11000],"hist":[0,0,0,0,93,15,6,0,0,0,0,1,0,0,0,0]}}
1791638176.861 {"t":"link","up_ms":232057,"node":33120,"peer":25344,"mac":"b8:1f:3f:da:63:00","state":"alive","epoch":245,"espnow_ver":2,"mtu":1446,"misses":0,"rssi":-20,"tx":{"frames":773,"cb_ok":772,"cb_fail":1,"enqueue_err":0,"pdr_ppm":998706},"rx":{"frames":3069,"lost_seqgap":1,"reorder_dup":0,"dropped_bad":0,"hb_lost":8,"bcast_frames":2258,"pdr_ppm":999674},"rtt":{"samples":114,"min_us":5745,"max_us":37069,"timeouts":1,"txq_last_us":3580,"txq_max_us":11076,"remote_turnaround_us":1021,"remote_turnaround_max_us":9219,"p50_us":[4000,6000],"p99_us":[22000,30000],"hist":[0,0,0,0,82,21,4,3,1,2,1,0,0,0,0,0]}}
1791638176.861 {"t":"auth","node":33120,"up_ms":232111,"enrolled":1,"required":1,"verified_peers":2,"verified":3,"cache_hits":232,"refused":0,"rate_limited":0,"stale_epoch":0,"verify_us_max":84770,"link_stack_free_b":1524,"crypto_stack_free_b":1268,"tags_ok":1510,"bad_tag":0,"replayed":0,"untagged":0,"bcast_dropped":0,"beacon_epoch_ignored":0,"tag_us_max":971}
1791638176.861 {"t":"act","node":33120,"setpoint":0,"has_value":0,"writes_served":0}
1791638176.861 {"t":"peers","node":33120,"own_period_ms":100,"own_busy":0,"channel":1,"scanning":0,"scans":0,"hops":0,"found":0,"lost_to_found_ms":0,"moves_followed":0,"moves_refused":0,"sweeps":0,"sweep_found":0,"sweeping":0,"search_visits":0,"relay":0,"fwd_u":0,"fwd_b":0,"fwd_h":0,"relay_dup":2374,"list":[{"id":29544,"state":"alive","via_relay":0,"period_ms":100,"misses":6,"busy":1,"rtt_n":115},{"id":25344,"state":"alive","via_relay":0,"period_ms":100,"misses":6,"busy":0,"rtt_n":114}]}
1791638176.861 {"t":"ss","node":33120,"accepted":0,"unsigned":0,"unknown_sender":0,"bad_signature":0,"replayed":0,"rate_limited":0,"verify_us_max":0,"floors":[{"src":25344,"epoch":139,"counter":1}]}
1791638176.861 {"t":"rec","node":33120,"up_ms":232207,"settled":1,"sent":925,"received":848,"malformed":0,"views":3,"replies_fenced":0,"actors":[{"key":1245650351,"running":0,"term":0,"owner":25344,"owner_term":11,"assigned":25344,"starts":0,"fenced":0,"released":0}]}
1791638176.861 {"t":"node","up_ms":232222,"node":33120,"epoch":294,"peers_alive":2,"peers_dead":0,"no_radio":0,"free_dram":250307,"largest_block":172032,"rx":{"total":11100,"bad_frame":0,"unknown_peer":12,"wrong_dst":0,"short_payload":0,"unknown_opcode":0,"queue_dropped":50},"tx":{"total":4009,"enqueue_err":0,"done_queue_dropped":0},"membership":{"deaths":1,"revivals":0,"reboots_seen":1,"table_full":0,"events_dropped":0}}
1791638177.181 {"t":"ns","node":33120,"hash":13581963,"owner":33120,"kind":"sampled","unit":100,"class":4,"bound_ms":5000,"quality":"GOOD","age_ms":342,"ts":231920,"updates":22,"value":2}
1791638177.181 {"t":"ns","node":33120,"hash":3142365229,"owner":33120,"kind":"sampled","unit":101,"class":4,"bound_ms":30000,"quality":"GOOD","age_ms":358,"ts":231919,"updates":22,"value":172032}
1791638177.181 {"t":"ns","node":33120,"hash":1245650351,"owner":25344,"kind":"sampled","unit":0,"class":3,"bound_ms":500,"quality":"NO_DATA","age_ms":0,"ts":0,"updates":0,"value":null}
1791638177.181 {"t":"ns","node":33120,"hash":2033492666,"owner":33120,"kind":"sampled","unit":0,"class":3,"bound_ms":0,"quality":"NO_DATA","age_ms":0,"ts":0,"updates":0,"value":null}
1791638177.181 {"t":"ns","node":33120,"hash":2347817554,"owner":33120,"kind":"sampled","unit":100,"class":4,"bound_ms":0,"quality":"GOOD","age_ms":410,"ts":231919,"updates":22,"value":294}
1791638177.181 {"t":"ns","node":33120,"hash":1170356950,"owner":33120,"kind":"sampled","unit":80,"class":4,"bound_ms":30000,"quality":"GOOD","age_ms":424,"ts":231919,"updates":22,"value":231}
1791638177.181 {"t":"ns","node":33120,"hash":3085599597,"owner":33120,"kind":"sampled","unit":0,"class":4,"bound_ms":5000,"quality":"GOOD","age_ms":438,"ts":231920,"updates":22,"value":-20}
1791638177.181 {"t":"ns","node":33120,"hash":2486014333,"owner":33120,"kind":"sampled","unit":101,"class":4,"bound_ms":30000,"quality":"GOOD","age_ms":454,"ts":231919,"updates":22,"value":250307}
1791638187.329 {"t":"clk","node":33120,"up_ms":242387}
1791638187.329 {"t":"led","node":33120,"shows":"green","app":0}
1791638187.329 {"t":"event","at_ms":232481,"node":33120,"kind":"peer_admitted","peer":29544,"slot":0,"a":0,"b":0}
1791638187.329 {"t":"event","at_ms":233037,"node":33120,"kind":"peer_admitted","peer":25344,"slot":1,"a":0,"b":0}
1791638187.329 {"t":"event","at_ms":234481,"node":33120,"kind":"peer_admitted","peer":29544,"slot":0,"a":0,"b":0}
1791638187.329 {"t":"event","at_ms":235037,"node":33120,"kind":"peer_admitted","peer":25344,"slot":1,"a":0,"b":0}
1791638187.329 {"t":"event","at_ms":236481,"node":33120,"kind":"peer_admitted","peer":29544,"slot":0,"a":0,"b":0}
1791638187.329 {"t":"event","at_ms":237037,"node":33120,"kind":"peer_admitted","peer":25344,"slot":1,"a":0,"b":0}
1791638187.329 {"t":"event","at_ms":238481,"node":33120,"kind":"peer_admitted","peer":29544,"slot":0,"a":0,"b":0}
1791638187.329 {"t":"event","at_ms":239037,"node":33120,"kind":"peer_admitted","peer":25344,"slot":1,"a":0,"b":0}
1791638187.329 {"t":"event","at_ms":240482,"node":33120,"kind":"peer_admitted","peer":29544,"slot":0,"a":0,"b":0}
1791638187.329 {"t":"event","at_ms":241037,"node":33120,"kind":"peer_admitted","peer":25344,"slot":1,"a":0,"b":0}
1791638187.329 {"t":"link","up_ms":242473,"node":33120,"peer":29544,"mac":"b8:1f:3f:da:73:68","state":"alive","epoch":172,"espnow_ver":2,"mtu":1446,"misses":0,"rssi":-10,"tx":{"frames":850,"cb_ok":850,"cb_fail":0,"enqueue_err":0,"pdr_ppm":1000000},"rx":{"frames":3377,"lost_seqgap":0,"reorder_dup":0,"dropped_bad":0,"hb_lost":6,"bcast_frames":2401,"pdr_ppm":1000000},"rtt":{"samples":120,"min_us":5368,"max_us":53247,"timeouts":0,"txq_last_us":16261,"txq_max_us":16261,"remote_turnaround_us":853,"remote_turnaround_max_us":1282,"p50_us":[4000,6000],"p99_us":[8000,11000],"hist":[0,0,0,0,98,15,6,0,0,0,0,1,0,0,0,0]}}
1791638187.329 {"t":"link","up_ms":242527,"node":33120,"peer":25344,"mac":"b8:1f:3f:da:63:00","state":"alive","epoch":245,"espnow_ver":2,"mtu":1446,"misses":0,"rssi":-20,"tx":{"frames":807,"cb_ok":806,"cb_fail":1,"enqueue_err":0,"pdr_ppm":998760},"rx":{"frames":3212,"lost_seqgap":1,"reorder_dup":0,"dropped_bad":0,"hb_lost":9,"bcast_frames":2362,"pdr_ppm":999688},"rtt":{"samples":119,"min_us":5745,"max_us":37069,"timeouts":1,"txq_last_us":3580,"txq_max_us":11076,"remote_turnaround_us":1028,"remote_turnaround_max_us":9219,"p50_us":[4000,6000],"p99_us":[22000,30000],"hist":[0,0,0,0,84,24,4,3,1,2,1,0,0,0,0,0]}}
1791638187.329 {"t":"auth","node":33120,"up_ms":242581,"enrolled":1,"required":1,"verified_peers":2,"verified":3,"cache_hits":243,"refused":0,"rate_limited":0,"stale_epoch":0,"verify_us_max":84770,"link_stack_free_b":1524,"crypto_stack_free_b":1268,"tags_ok":1581,"bad_tag":0,"replayed":0,"untagged":0,"bcast_dropped":0,"beacon_epoch_ignored":0,"tag_us_max":971}
1791638187.329 {"t":"act","node":33120,"setpoint":0,"has_value":0,"writes_served":0}
1791638187.329 {"t":"peers","node":33120,"own_period_ms":100,"own_busy":0,"channel":1,"scanning":0,"scans":0,"hops":0,"found":0,"lost_to_found_ms":0,"moves_followed":0,"moves_refused":0,"sweeps":0,"sweep_found":0,"sweeping":0,"search_visits":0,"relay":0,"fwd_u":0,"fwd_b":0,"fwd_h":0,"relay_dup":2483,"list":[{"id":29544,"state":"alive","via_relay":0,"period_ms":100,"misses":6,"busy":1,"rtt_n":120},{"id":25344,"state":"alive","via_relay":0,"period_ms":100,"misses":6,"busy":0,"rtt_n":119}]}
1791638187.329 {"t":"ss","node":33120,"accepted":0,"unsigned":0,"unknown_sender":0,"bad_signature":0,"replayed":0,"rate_limited":0,"verify_us_max":0,"floors":[{"src":25344,"epoch":139,"counter":1}]}
1791638187.329 {"t":"rec","node":33120,"up_ms":242676,"settled":1,"sent":966,"received":889,"malformed":0,"views":3,"replies_fenced":0,"actors":[{"key":1245650351,"running":0,"term":0,"owner":25344,"owner_term":11,"assigned":25344,"starts":0,"fenced":0,"released":0}]}
1791638187.329 {"t":"node","up_ms":242702,"node":33120,"epoch":294,"peers_alive":2,"peers_dead":0,"no_radio":0,"free_dram":250307,"largest_block":172032,"rx":{"total":11607,"bad_frame":0,"unknown_peer":12,"wrong_dst":0,"short_payload":0,"unknown_opcode":0,"queue_dropped":50},"tx":{"total":4191,"enqueue_err":0,"done_queue_dropped":0},"membership":{"deaths":1,"revivals":0,"reboots_seen":1,"table_full":0,"events_dropped":0}}
1791638187.651 {"t":"ns","node":33120,"hash":13581963,"owner":33120,"kind":"sampled","unit":100,"class":4,"bound_ms":5000,"quality":"GOOD","age_ms":342,"ts":242389,"updates":23,"value":2}
1791638187.651 {"t":"ns","node":33120,"hash":3142365229,"owner":33120,"kind":"sampled","unit":101,"class":4,"bound_ms":30000,"quality":"GOOD","age_ms":358,"ts":242388,"updates":23,"value":172032}
1791638187.651 {"t":"ns","node":33120,"hash":1245650351,"owner":25344,"kind":"sampled","unit":0,"class":3,"bound_ms":500,"quality":"NO_DATA","age_ms":0,"ts":0,"updates":0,"value":null}
1791638187.651 {"t":"ns","node":33120,"hash":2033492666,"owner":33120,"kind":"sampled","unit":0,"class":3,"bound_ms":0,"quality":"NO_DATA","age_ms":0,"ts":0,"updates":0,"value":null}
1791638187.651 {"t":"ns","node":33120,"hash":2347817554,"owner":33120,"kind":"sampled","unit":100,"class":4,"bound_ms":0,"quality":"GOOD","age_ms":399,"ts":242389,"updates":23,"value":294}
1791638187.651 {"t":"ns","node":33120,"hash":1170356950,"owner":33120,"kind":"sampled","unit":80,"class":4,"bound_ms":30000,"quality":"GOOD","age_ms":425,"ts":242388,"updates":23,"value":242}
1791638187.651 {"t":"ns","node":33120,"hash":3085599597,"owner":33120,"kind":"sampled","unit":0,"class":4,"bound_ms":5000,"quality":"GOOD","age_ms":438,"ts":242389,"updates":23,"value":-20}
1791638187.651 {"t":"ns","node":33120,"hash":2486014333,"owner":33120,"kind":"sampled","unit":101,"class":4,"bound_ms":30000,"quality":"GOOD","age_ms":453,"ts":242388,"updates":23,"value":250307}
1791638197.793 {"t":"clk","node":33120,"up_ms":252856}
1791638197.793 {"t":"led","node":33120,"shows":"green","app":0}
1791638197.793 {"t":"event","at_ms":242482,"node":33120,"kind":"peer_admitted","peer":29544,"slot":0,"a":0,"b":0}
1791638197.793 {"t":"event","at_ms":243037,"node":33120,"kind":"peer_admitted","peer":25344,"slot":1,"a":0,"b":0}
1791638197.793 {"t":"event","at_ms":244481,"node":33120,"kind":"peer_admitted","peer":29544,"slot":0,"a":0,"b":0}
1791638197.793 {"t":"event","at_ms":245037,"node":33120,"kind":"peer_admitted","peer":25344,"slot":1,"a":0,"b":0}
1791638197.793 {"t":"event","at_ms":246481,"node":33120,"kind":"peer_admitted","peer":29544,"slot":0,"a":0,"b":0}
1791638197.793 {"t":"event","at_ms":247037,"node":33120,"kind":"peer_admitted","peer":25344,"slot":1,"a":0,"b":0}
1791638197.793 {"t":"event","at_ms":248481,"node":33120,"kind":"peer_admitted","peer":29544,"slot":0,"a":0,"b":0}
1791638197.793 {"t":"event","at_ms":249037,"node":33120,"kind":"peer_admitted","peer":25344,"slot":1,"a":0,"b":0}
1791638197.793 {"t":"event","at_ms":250481,"node":33120,"kind":"peer_admitted","peer":29544,"slot":0,"a":0,"b":0}
1791638197.793 {"t":"event","at_ms":251037,"node":33120,"kind":"peer_admitted","peer":25344,"slot":1,"a":0,"b":0}
1791638197.793 {"t":"event","at_ms":252483,"node":33120,"kind":"peer_admitted","peer":29544,"slot":0,"a":0,"b":0}
1791638197.793 {"t":"link","up_ms":252953,"node":33120,"peer":29544,"mac":"b8:1f:3f:da:73:68","state":"alive","epoch":172,"espnow_ver":2,"mtu":1446,"misses":0,"rssi":-9,"tx":{"frames":888,"cb_ok":888,"cb_fail":0,"enqueue_err":0,"pdr_ppm":1000000},"rx":{"frames":3525,"lost_seqgap":0,"reorder_dup":0,"dropped_bad":0,"hb_lost":6,"bcast_frames":2506,"pdr_ppm":1000000},"rtt":{"samples":126,"min_us":5368,"max_us":53247,"timeouts":0,"txq_last_us":16261,"txq_max_us":16261,"remote_turnaround_us":837,"remote_turnaround_max_us":1282,"p50_us":[4000,6000],"p99_us":[8000,11000],"hist":[0,0,0,0,103,16,6,0,0,0,0,1,0,0,0,0]}}
1791638197.793 {"t":"link","up_ms":253007,"node":33120,"peer":25344,"mac":"b8:1f:3f:da:63:00","state":"alive","epoch":245,"espnow_ver":2,"mtu":1446,"misses":0,"rssi":-20,"tx":{"frames":841,"cb_ok":840,"cb_fail":1,"enqueue_err":0,"pdr_ppm":998810},"rx":{"frames":3356,"lost_seqgap":1,"reorder_dup":0,"dropped_bad":0,"hb_lost":9,"bcast_frames":2467,"pdr_ppm":999702},"rtt":{"samples":124,"min_us":5745,"max_us":37069,"timeouts":1,"txq_last_us":3580,"txq_max_us":11076,"remote_turnaround_us":1040,"remote_turnaround_max_us":9219,"p50_us":[4000,6000],"p99_us":[22000,30000],"hist":[0,0,0,0,88,25,4,3,1,2,1,0,0,0,0,0]}}
1791638197.793 {"t":"auth","node":33120,"up_ms":253062,"enrolled":1,"required":1,"verified_peers":2,"verified":3,"cache_hits":254,"refused":0,"rate_limited":0,"stale_epoch":0,"verify_us_max":84770,"link_stack_free_b":1524,"crypto_stack_free_b":1268,"tags_ok":1653,"bad_tag":0,"replayed":0,"untagged":0,"bcast_dropped":0,"beacon_epoch_ignored":0,"tag_us_max":971}
1791638197.793 {"t":"act","node":33120,"setpoint":0,"has_value":0,"writes_served":0}
1791638197.793 {"t":"peers","node":33120,"own_period_ms":100,"own_busy":0,"channel":1,"scanning":0,"scans":0,"hops":0,"found":0,"lost_to_found_ms":0,"moves_followed":0,"moves_refused":0,"sweeps":0,"sweep_found":0,"sweeping":0,"search_visits":0,"relay":0,"fwd_u":0,"fwd_b":0,"fwd_h":0,"relay_dup":2594,"list":[{"id":29544,"state":"alive","via_relay":0,"period_ms":100,"misses":6,"busy":1,"rtt_n":126},{"id":25344,"state":"alive","via_relay":0,"period_ms":100,"misses":6,"busy":0,"rtt_n":124}]}
1791638197.793 {"t":"ss","node":33120,"accepted":0,"unsigned":0,"unknown_sender":0,"bad_signature":0,"replayed":0,"rate_limited":0,"verify_us_max":0,"floors":[{"src":25344,"epoch":139,"counter":1}]}
1791638197.793 {"t":"rec","node":33120,"up_ms":253157,"settled":1,"sent":1008,"received":931,"malformed":0,"views":3,"replies_fenced":0,"actors":[{"key":1245650351,"running":0,"term":0,"owner":25344,"owner_term":11,"assigned":25344,"starts":0,"fenced":0,"released":0}]}
1791638198.127 {"t":"node","up_ms":253172,"node":33120,"epoch":294,"peers_alive":2,"peers_dead":0,"no_radio":0,"free_dram":250307,"largest_block":172032,"rx":{"total":12119,"bad_frame":0,"unknown_peer":12,"wrong_dst":0,"short_payload":0,"unknown_opcode":0,"queue_dropped":50},"tx":{"total":4373,"enqueue_err":0,"done_queue_dropped":0},"membership":{"deaths":1,"revivals":0,"reboots_seen":1,"table_full":0,"events_dropped":0}}
1791638198.127 {"t":"ns","node":33120,"hash":13581963,"owner":33120,"kind":"sampled","unit":100,"class":4,"bound_ms":5000,"quality":"GOOD","age_ms":354,"ts":252858,"updates":24,"value":2}
1791638198.127 {"t":"ns","node":33120,"hash":3142365229,"owner":33120,"kind":"sampled","unit":101,"class":4,"bound_ms":30000,"quality":"GOOD","age_ms":370,"ts":252857,"updates":24,"value":172032}
1791638198.127 {"t":"ns","node":33120,"hash":1245650351,"owner":25344,"kind":"sampled","unit":0,"class":3,"bound_ms":500,"quality":"NO_DATA","age_ms":0,"ts":0,"updates":0,"value":null}
1791638198.127 {"t":"ns","node":33120,"hash":2033492666,"owner":33120,"kind":"sampled","unit":0,"class":3,"bound_ms":0,"quality":"NO_DATA","age_ms":0,"ts":0,"updates":0,"value":null}
1791638198.127 {"t":"ns","node":33120,"hash":2347817554,"owner":33120,"kind":"sampled","unit":100,"class":4,"bound_ms":0,"quality":"GOOD","age_ms":412,"ts":252857,"updates":24,"value":294}
1791638198.127 {"t":"ns","node":33120,"hash":1170356950,"owner":33120,"kind":"sampled","unit":80,"class":4,"bound_ms":30000,"quality":"GOOD","age_ms":426,"ts":252857,"updates":24,"value":252}
1791638198.127 {"t":"ns","node":33120,"hash":3085599597,"owner":33120,"kind":"sampled","unit":0,"class":4,"bound_ms":5000,"quality":"GOOD","age_ms":439,"ts":252858,"updates":24,"value":-20}
1791638198.127 {"t":"ns","node":33120,"hash":2486014333,"owner":33120,"kind":"sampled","unit":101,"class":4,"bound_ms":30000,"quality":"GOOD","age_ms":465,"ts":252857,"updates":24,"value":250307}
1791638208.275 {"t":"clk","node":33120,"up_ms":263336}
1791638208.275 {"t":"led","node":33120,"shows":"green","app":0}
1791638208.275 {"t":"event","at_ms":253037,"node":33120,"kind":"peer_admitted","peer":25344,"slot":1,"a":0,"b":0}
1791638208.275 {"t":"event","at_ms":254481,"node":33120,"kind":"peer_admitted","peer":29544,"slot":0,"a":0,"b":0}
1791638208.275 {"t":"event","at_ms":255037,"node":33120,"kind":"peer_admitted","peer":25344,"slot":1,"a":0,"b":0}
1791638208.275 {"t":"event","at_ms":256481,"node":33120,"kind":"peer_admitted","peer":29544,"slot":0,"a":0,"b":0}
1791638208.275 {"t":"event","at_ms":257037,"node":33120,"kind":"peer_admitted","peer":25344,"slot":1,"a":0,"b":0}
1791638208.275 {"t":"event","at_ms":258482,"node":33120,"kind":"peer_admitted","peer":29544,"slot":0,"a":0,"b":0}
1791638208.275 {"t":"event","at_ms":259037,"node":33120,"kind":"peer_admitted","peer":25344,"slot":1,"a":0,"b":0}
1791638208.275 {"t":"event","at_ms":260481,"node":33120,"kind":"peer_admitted","peer":29544,"slot":0,"a":0,"b":0}
1791638208.275 {"t":"event","at_ms":261037,"node":33120,"kind":"peer_admitted","peer":25344,"slot":1,"a":0,"b":0}
1791638208.275 {"t":"event","at_ms":262481,"node":33120,"kind":"peer_admitted","peer":29544,"slot":0,"a":0,"b":0}
1791638208.275 {"t":"event","at_ms":263039,"node":33120,"kind":"peer_admitted","peer":25344,"slot":1,"a":0,"b":0}
1791638208.275 {"t":"link","up_ms":263433,"node":33120,"peer":29544,"mac":"b8:1f:3f:da:73:68","state":"alive","epoch":172,"espnow_ver":2,"mtu":1446,"misses":0,"rssi":-10,"tx":{"frames":923,"cb_ok":923,"cb_fail":0,"enqueue_err":0,"pdr_ppm":1000000},"rx":{"frames":3669,"lost_seqgap":0,"reorder_dup":0,"dropped_bad":0,"hb_lost":6,"bcast_frames":2610,"pdr_ppm":1000000},"rtt":{"samples":131,"min_us":5368,"max_us":53247,"timeouts":0,"txq_last_us":2788,"txq_max_us":16261,"remote_turnaround_us":869,"remote_turnaround_max_us":1282,"p50_us":[4000,6000],"p99_us":[16000,22000],"hist":[0,0,0,0,106,17,6,0,1,0,0,1,0,0,0,0]}}
1791638208.275 {"t":"link","up_ms":263487,"node":33120,"peer":25344,"mac":"b8:1f:3f:da:63:00","state":"alive","epoch":245,"espnow_ver":2,"mtu":1446,"misses":0,"rssi":-20,"tx":{"frames":877,"cb_ok":876,"cb_fail":1,"enqueue_err":0,"pdr_ppm":998859},"rx":{"frames":3501,"lost_seqgap":1,"reorder_dup":0,"dropped_bad":0,"hb_lost":10,"bcast_frames":2571,"pdr_ppm":999714},"rtt":{"samples":129,"min_us":5745,"max_us":37069,"timeouts":1,"txq_last_us":3580,"txq_max_us":11076,"remote_turnaround_us":1021,"remote_turnaround_max_us":9219,"p50_us":[4000,6000],"p99_us":[22000,30000],"hist":[0,0,0,0,92,26,4,3,1,2,1,0,0,0,0,0]}}
1791638208.275 {"t":"auth","node":33120,"up_ms":263542,"enrolled":1,"required":1,"verified_peers":2,"verified":3,"cache_hits":264,"refused":0,"rate_limited":0,"stale_epoch":0,"verify_us_max":84770,"link_stack_free_b":1524,"crypto_stack_free_b":1268,"tags_ok":1723,"bad_tag":0,"replayed":0,"untagged":0,"bcast_dropped":0,"beacon_epoch_ignored":0,"tag_us_max":971}
1791638208.275 {"t":"act","node":33120,"setpoint":0,"has_value":0,"writes_served":0}
1791638208.275 {"t":"peers","node":33120,"own_period_ms":100,"own_busy":0,"channel":1,"scanning":0,"scans":0,"hops":0,"found":0,"lost_to_found_ms":0,"moves_followed":0,"moves_refused":0,"sweeps":0,"sweep_found":0,"sweeping":0,"search_visits":0,"relay":0,"fwd_u":0,"fwd_b":0,"fwd_h":0,"relay_dup":2703,"list":[{"id":29544,"state":"alive","via_relay":0,"period_ms":100,"misses":6,"busy":1,"rtt_n":131},{"id":25344,"state":"alive","via_relay":0,"period_ms":100,"misses":6,"busy":0,"rtt_n":129}]}
1791638208.275 {"t":"ss","node":33120,"accepted":0,"unsigned":0,"unknown_sender":0,"bad_signature":0,"replayed":0,"rate_limited":0,"verify_us_max":0,"floors":[{"src":25344,"epoch":139,"counter":1}]}
1791638208.275 {"t":"rec","node":33120,"up_ms":263638,"settled":1,"sent":1050,"received":973,"malformed":0,"views":3,"replies_fenced":0,"actors":[{"key":1245650351,"running":0,"term":0,"owner":25344,"owner_term":11,"assigned":25344,"starts":0,"fenced":0,"released":0}]}
1791638208.604 {"t":"node","up_ms":263653,"node":33120,"epoch":294,"peers_alive":2,"peers_dead":0,"no_radio":0,"free_dram":250307,"largest_block":172032,"rx":{"total":12620,"bad_frame":0,"unknown_peer":12,"wrong_dst":0,"short_payload":0,"unknown_opcode":0,"queue_dropped":50},"tx":{"total":4553,"enqueue_err":0,"done_queue_dropped":0},"membership":{"deaths":1,"revivals":0,"reboots_seen":1,"table_full":0,"events_dropped":0}}
1791638208.604 {"t":"ns","node":33120,"hash":13581963,"owner":33120,"kind":"sampled","unit":100,"class":4,"bound_ms":5000,"quality":"GOOD","age_ms":355,"ts":263338,"updates":25,"value":2}
1791638208.604 {"t":"ns","node":33120,"hash":3142365229,"owner":33120,"kind":"sampled","unit":101,"class":4,"bound_ms":30000,"quality":"GOOD","age_ms":371,"ts":263337,"updates":25,"value":172032}
1791638208.604 {"t":"ns","node":33120,"hash":1245650351,"owner":25344,"kind":"sampled","unit":0,"class":3,"bound_ms":500,"quality":"NO_DATA","age_ms":0,"ts":0,"updates":0,"value":null}
1791638208.604 {"t":"ns","node":33120,"hash":2033492666,"owner":33120,"kind":"sampled","unit":0,"class":3,"bound_ms":0,"quality":"NO_DATA","age_ms":0,"ts":0,"updates":0,"value":null}
1791638208.604 {"t":"ns","node":33120,"hash":2347817554,"owner":33120,"kind":"sampled","unit":100,"class":4,"bound_ms":0,"quality":"GOOD","age_ms":413,"ts":263337,"updates":25,"value":294}
1791638208.604 {"t":"ns","node":33120,"hash":1170356950,"owner":33120,"kind":"sampled","unit":80,"class":4,"bound_ms":30000,"quality":"GOOD","age_ms":426,"ts":263337,"updates":25,"value":263}
1791638208.604 {"t":"ns","node":33120,"hash":3085599597,"owner":33120,"kind":"sampled","unit":0,"class":4,"bound_ms":5000,"quality":"GOOD","age_ms":440,"ts":263338,"updates":25,"value":-19}
1791638208.604 {"t":"ns","node":33120,"hash":2486014333,"owner":33120,"kind":"sampled","unit":101,"class":4,"bound_ms":30000,"quality":"GOOD","age_ms":455,"ts":263337,"updates":25,"value":250307}
1791638218.753 {"t":"clk","node":33120,"up_ms":273817}
1791638218.753 {"t":"led","node":33120,"shows":"green","app":0}
1791638218.753 {"t":"event","at_ms":264482,"node":33120,"kind":"peer_admitted","peer":29544,"slot":0,"a":0,"b":0}
1791638218.753 {"t":"event","at_ms":265037,"node":33120,"kind":"peer_admitted","peer":25344,"slot":1,"a":0,"b":0}
1791638218.753 {"t":"event","at_ms":266481,"node":33120,"kind":"peer_admitted","peer":29544,"slot":0,"a":0,"b":0}
1791638218.753 {"t":"event","at_ms":267037,"node":33120,"kind":"peer_admitted","peer":25344,"slot":1,"a":0,"b":0}
1791638218.753 {"t":"event","at_ms":268481,"node":33120,"kind":"peer_admitted","peer":29544,"slot":0,"a":0,"b":0}
1791638218.753 {"t":"event","at_ms":269037,"node":33120,"kind":"peer_admitted","peer":25344,"slot":1,"a":0,"b":0}
1791638218.753 {"t":"event","at_ms":270482,"node":33120,"kind":"peer_admitted","peer":29544,"slot":0,"a":0,"b":0}
1791638218.753 {"t":"event","at_ms":271037,"node":33120,"kind":"peer_admitted","peer":25344,"slot":1,"a":0,"b":0}
1791638218.753 {"t":"event","at_ms":272481,"node":33120,"kind":"peer_admitted","peer":29544,"slot":0,"a":0,"b":0}
1791638218.753 {"t":"event","at_ms":273037,"node":33120,"kind":"peer_admitted","peer":25344,"slot":1,"a":0,"b":0}
1791638218.753 {"t":"link","up_ms":273902,"node":33120,"peer":29544,"mac":"b8:1f:3f:da:73:68","state":"alive","epoch":172,"espnow_ver":2,"mtu":1446,"misses":0,"rssi":-10,"tx":{"frames":959,"cb_ok":959,"cb_fail":0,"enqueue_err":0,"pdr_ppm":1000000},"rx":{"frames":3816,"lost_seqgap":0,"reorder_dup":0,"dropped_bad":0,"hb_lost":6,"bcast_frames":2715,"pdr_ppm":1000000},"rtt":{"samples":136,"min_us":5368,"max_us":53247,"timeouts":0,"txq_last_us":2788,"txq_max_us":16261,"remote_turnaround_us":831,"remote_turnaround_max_us":1282,"p50_us":[4000,6000],"p99_us":[16000,22000],"hist":[0,0,0,0,111,17,6,0,1,0,0,1,0,0,0,0]}}
1791638218.753 {"t":"link","up_ms":273956,"node":33120,"peer":25344,"mac":"b8:1f:3f:da:63:00","state":"alive","epoch":245,"espnow_ver":2,"mtu":1446,"misses":0,"rssi":-20,"tx":{"frames":912,"cb_ok":911,"cb_fail":1,"enqueue_err":0,"pdr_ppm":998903},"rx":{"frames":3645,"lost_seqgap":1,"reorder_dup":0,"dropped_bad":0,"hb_lost":11,"bcast_frames":2674,"pdr_ppm":999725},"rtt":{"samples":135,"min_us":5745,"max_us":37069,"timeouts":1,"txq_last_us":3580,"txq_max_us":11076,"remote_turnaround_us":1021,"remote_turnaround_max_us":9219,"p50_us":[4000,6000],"p99_us":[22000,30000],"hist":[0,0,0,0,95,28,5,3,1,2,1,0,0,0,0,0]}}
1791638218.753 {"t":"auth","node":33120,"up_ms":274011,"enrolled":1,"required":1,"verified_peers":2,"verified":3,"cache_hits":274,"refused":0,"rate_limited":0,"stale_epoch":0,"verify_us_max":84770,"link_stack_free_b":1524,"crypto_stack_free_b":1268,"tags_ok":1797,"bad_tag":0,"replayed":0,"untagged":0,"bcast_dropped":0,"beacon_epoch_ignored":0,"tag_us_max":971}
1791638218.753 {"t":"act","node":33120,"setpoint":0,"has_value":0,"writes_served":0}
1791638218.753 {"t":"peers","node":33120,"own_period_ms":100,"own_busy":0,"channel":1,"scanning":0,"scans":0,"hops":0,"found":0,"lost_to_found_ms":0,"moves_followed":0,"moves_refused":0,"sweeps":0,"sweep_found":0,"sweeping":0,"search_visits":0,"relay":0,"fwd_u":0,"fwd_b":0,"fwd_h":0,"relay_dup":2811,"list":[{"id":29544,"state":"alive","via_relay":0,"period_ms":100,"misses":6,"busy":1,"rtt_n":136},{"id":25344,"state":"alive","via_relay":0,"period_ms":100,"misses":6,"busy":0,"rtt_n":135}]}
1791638218.753 {"t":"ss","node":33120,"accepted":0,"unsigned":0,"unknown_sender":0,"bad_signature":0,"replayed":0,"rate_limited":0,"verify_us_max":0,"floors":[{"src":25344,"epoch":139,"counter":1}]}
1791638218.753 {"t":"rec","node":33120,"up_ms":274106,"settled":1,"sent":1092,"received":1015,"malformed":0,"views":3,"replies_fenced":0,"actors":[{"key":1245650351,"running":0,"term":0,"owner":25344,"owner_term":11,"assigned":25344,"starts":0,"fenced":0,"released":0}]}
1791638218.753 {"t":"node","up_ms":274132,"node":33120,"epoch":294,"peers_alive":2,"peers_dead":0,"no_radio":0,"free_dram":250307,"largest_block":172032,"rx":{"total":13129,"bad_frame":0,"unknown_peer":12,"wrong_dst":0,"short_payload":0,"unknown_opcode":0,"queue_dropped":50},"tx":{"total":4735,"enqueue_err":0,"done_queue_dropped":0},"membership":{"deaths":1,"revivals":0,"reboots_seen":1,"table_full":0,"events_dropped":0}}
1791638219.073 {"t":"ns","node":33120,"hash":13581963,"owner":33120,"kind":"sampled","unit":100,"class":4,"bound_ms":5000,"quality":"GOOD","age_ms":342,"ts":273819,"updates":26,"value":2}
1791638219.073 {"t":"ns","node":33120,"hash":3142365229,"owner":33120,"kind":"sampled","unit":101,"class":4,"bound_ms":30000,"quality":"GOOD","age_ms":357,"ts":273818,"updates":26,"value":172032}
1791638219.073 {"t":"ns","node":33120,"hash":1245650351,"owner":25344,"kind":"sampled","unit":0,"class":3,"bound_ms":500,"quality":"NO_DATA","age_ms":0,"ts":0,"updates":0,"value":null}
1791638219.073 {"t":"ns","node":33120,"hash":2033492666,"owner":33120,"kind":"sampled","unit":0,"class":3,"bound_ms":0,"quality":"NO_DATA","age_ms":0,"ts":0,"updates":0,"value":null}
1791638219.073 {"t":"ns","node":33120,"hash":2347817554,"owner":33120,"kind":"sampled","unit":100,"class":4,"bound_ms":0,"quality":"GOOD","age_ms":410,"ts":273818,"updates":26,"value":294}
1791638219.073 {"t":"ns","node":33120,"hash":1170356950,"owner":33120,"kind":"sampled","unit":80,"class":4,"bound_ms":30000,"quality":"GOOD","age_ms":424,"ts":273818,"updates":26,"value":273}
1791638219.073 {"t":"ns","node":33120,"hash":3085599597,"owner":33120,"kind":"sampled","unit":0,"class":4,"bound_ms":5000,"quality":"GOOD","age_ms":438,"ts":273819,"updates":26,"value":-20}
1791638219.073 {"t":"ns","node":33120,"hash":2486014333,"owner":33120,"kind":"sampled","unit":101,"class":4,"bound_ms":30000,"quality":"GOOD","age_ms":453,"ts":273818,"updates":26,"value":250307}
1791638229.222 {"t":"clk","node":33120,"up_ms":284286}
1791638229.222 {"t":"led","node":33120,"shows":"green","app":0}
1791638229.222 {"t":"event","at_ms":274481,"node":33120,"kind":"peer_admitted","peer":29544,"slot":0,"a":0,"b":0}
1791638229.222 {"t":"event","at_ms":275037,"node":33120,"kind":"peer_admitted","peer":25344,"slot":1,"a":0,"b":0}
1791638229.222 {"t":"event","at_ms":276486,"node":33120,"kind":"peer_admitted","peer":29544,"slot":0,"a":0,"b":0}
1791638229.222 {"t":"event","at_ms":277037,"node":33120,"kind":"peer_admitted","peer":25344,"slot":1,"a":0,"b":0}
1791638229.222 {"t":"event","at_ms":278481,"node":33120,"kind":"peer_admitted","peer":29544,"slot":0,"a":0,"b":0}
1791638229.222 {"t":"event","at_ms":279037,"node":33120,"kind":"peer_admitted","peer":25344,"slot":1,"a":0,"b":0}
1791638229.222 {"t":"event","at_ms":280482,"node":33120,"kind":"peer_admitted","peer":29544,"slot":0,"a":0,"b":0}
1791638229.222 {"t":"event","at_ms":281037,"node":33120,"kind":"peer_admitted","peer":25344,"slot":1,"a":0,"b":0}
1791638229.222 {"t":"event","at_ms":282482,"node":33120,"kind":"peer_admitted","peer":29544,"slot":0,"a":0,"b":0}
1791638229.222 {"t":"event","at_ms":283037,"node":33120,"kind":"peer_admitted","peer":25344,"slot":1,"a":0,"b":0}
1791638229.222 {"t":"link","up_ms":284372,"node":33120,"peer":29544,"mac":"b8:1f:3f:da:73:68","state":"alive","epoch":172,"espnow_ver":2,"mtu":1446,"misses":0,"rssi":-11,"tx":{"frames":995,"cb_ok":995,"cb_fail":0,"enqueue_err":0,"pdr_ppm":1000000},"rx":{"frames":3962,"lost_seqgap":0,"reorder_dup":0,"dropped_bad":0,"hb_lost":6,"bcast_frames":2820,"pdr_ppm":1000000},"rtt":{"samples":141,"min_us":5368,"max_us":53247,"timeouts":0,"txq_last_us":2788,"txq_max_us":16261,"remote_turnaround_us":841,"remote_turnaround_max_us":1282,"p50_us":[4000,6000],"p99_us":[16000,22000],"hist":[0,0,0,0,116,17,6,0,1,0,0,1,0,0,0,0]}}
1791638229.222 {"t":"link","up_ms":284426,"node":33120,"peer":25344,"mac":"b8:1f:3f:da:63:00","state":"alive","epoch":245,"espnow_ver":2,"mtu":1446,"misses":0,"rssi":-20,"tx":{"frames":947,"cb_ok":946,"cb_fail":1,"enqueue_err":0,"pdr_ppm":998944},"rx":{"frames":3790,"lost_seqgap":1,"reorder_dup":0,"dropped_bad":0,"hb_lost":11,"bcast_frames":2779,"pdr_ppm":999736},"rtt":{"samples":140,"min_us":5745,"max_us":37069,"timeouts":1,"txq_last_us":3580,"txq_max_us":11076,"remote_turnaround_us":1001,"remote_turnaround_max_us":9219,"p50_us":[4000,6000],"p99_us":[22000,30000],"hist":[0,0,0,0,98,30,5,3,1,2,1,0,0,0,0,0]}}
1791638229.222 {"t":"auth","node":33120,"up_ms":284482,"enrolled":1,"required":1,"verified_peers":2,"verified":3,"cache_hits":285,"refused":0,"rate_limited":0,"stale_epoch":0,"verify_us_max":84770,"link_stack_free_b":1524,"crypto_stack_free_b":1268,"tags_ok":1868,"bad_tag":0,"replayed":0,"untagged":0,"bcast_dropped":0,"beacon_epoch_ignored":0,"tag_us_max":971}
1791638229.222 {"t":"act","node":33120,"setpoint":0,"has_value":0,"writes_served":0}
1791638229.222 {"t":"peers","node":33120,"own_period_ms":100,"own_busy":0,"channel":1,"scanning":0,"scans":0,"hops":0,"found":0,"lost_to_found_ms":0,"moves_followed":0,"moves_refused":0,"sweeps":0,"sweep_found":0,"sweeping":0,"search_visits":0,"relay":0,"fwd_u":0,"fwd_b":0,"fwd_h":0,"relay_dup":2921,"list":[{"id":29544,"state":"alive","via_relay":0,"period_ms":100,"misses":6,"busy":1,"rtt_n":141},{"id":25344,"state":"alive","via_relay":0,"period_ms":100,"misses":6,"busy":0,"rtt_n":140}]}
1791638229.222 {"t":"ss","node":33120,"accepted":0,"unsigned":0,"unknown_sender":0,"bad_signature":0,"replayed":0,"rate_limited":0,"verify_us_max":0,"floors":[{"src":25344,"epoch":139,"counter":1}]}
1791638229.222 {"t":"rec","node":33120,"up_ms":284577,"settled":1,"sent":1134,"received":1057,"malformed":0,"views":3,"replies_fenced":0,"actors":[{"key":1245650351,"running":0,"term":0,"owner":25344,"owner_term":11,"assigned":25344,"starts":0,"fenced":0,"released":0}]}
1791638229.222 {"t":"node","up_ms":284592,"node":33120,"epoch":294,"peers_alive":2,"peers_dead":0,"no_radio":0,"free_dram":250307,"largest_block":172032,"rx":{"total":13640,"bad_frame":0,"unknown_peer":12,"wrong_dst":0,"short_payload":0,"unknown_opcode":0,"queue_dropped":50},"tx":{"total":4917,"enqueue_err":0,"done_queue_dropped":0},"membership":{"deaths":1,"revivals":0,"reboots_seen":1,"table_full":0,"events_dropped":0}}
1791638229.551 {"t":"ns","node":33120,"hash":13581963,"owner":33120,"kind":"sampled","unit":100,"class":4,"bound_ms":5000,"quality":"GOOD","age_ms":344,"ts":284288,"updates":27,"value":2}
1791638229.551 {"t":"ns","node":33120,"hash":3142365229,"owner":33120,"kind":"sampled","unit":101,"class":4,"bound_ms":30000,"quality":"GOOD","age_ms":359,"ts":284287,"updates":27,"value":172032}
1791638229.551 {"t":"ns","node":33120,"hash":1245650351,"owner":25344,"kind":"sampled","unit":0,"class":3,"bound_ms":500,"quality":"NO_DATA","age_ms":0,"ts":0,"updates":0,"value":null}
1791638229.551 {"t":"ns","node":33120,"hash":2033492666,"owner":33120,"kind":"sampled","unit":0,"class":3,"bound_ms":0,"quality":"NO_DATA","age_ms":0,"ts":0,"updates":0,"value":null}
1791638229.551 {"t":"ns","node":33120,"hash":2347817554,"owner":33120,"kind":"sampled","unit":100,"class":4,"bound_ms":0,"quality":"GOOD","age_ms":401,"ts":284287,"updates":27,"value":294}
1791638229.551 {"t":"ns","node":33120,"hash":1170356950,"owner":33120,"kind":"sampled","unit":80,"class":4,"bound_ms":30000,"quality":"GOOD","age_ms":415,"ts":284287,"updates":27,"value":284}
1791638229.551 {"t":"ns","node":33120,"hash":3085599597,"owner":33120,"kind":"sampled","unit":0,"class":4,"bound_ms":5000,"quality":"GOOD","age_ms":439,"ts":284288,"updates":27,"value":-20}
1791638229.551 {"t":"ns","node":33120,"hash":2486014333,"owner":33120,"kind":"sampled","unit":101,"class":4,"bound_ms":30000,"quality":"GOOD","age_ms":455,"ts":284287,"updates":27,"value":250307}
1791638239.695 {"t":"clk","node":33120,"up_ms":294757}
1791638239.695 {"t":"led","node":33120,"shows":"green","app":0}
1791638239.695 {"t":"event","at_ms":284482,"node":33120,"kind":"peer_admitted","peer":29544,"slot":0,"a":0,"b":0}
1791638239.695 {"t":"event","at_ms":285037,"node":33120,"kind":"peer_admitted","peer":25344,"slot":1,"a":0,"b":0}
1791638239.695 {"t":"event","at_ms":286482,"node":33120,"kind":"peer_admitted","peer":29544,"slot":0,"a":0,"b":0}
1791638239.695 {"t":"event","at_ms":287037,"node":33120,"kind":"peer_admitted","peer":25344,"slot":1,"a":0,"b":0}
1791638239.695 {"t":"event","at_ms":288482,"node":33120,"kind":"peer_admitted","peer":29544,"slot":0,"a":0,"b":0}
1791638239.695 {"t":"event","at_ms":289037,"node":33120,"kind":"peer_admitted","peer":25344,"slot":1,"a":0,"b":0}
1791638239.695 {"t":"event","at_ms":290483,"node":33120,"kind":"peer_admitted","peer":29544,"slot":0,"a":0,"b":0}
1791638239.695 {"t":"event","at_ms":291037,"node":33120,"kind":"peer_admitted","peer":25344,"slot":1,"a":0,"b":0}
1791638239.695 {"t":"event","at_ms":292482,"node":33120,"kind":"peer_admitted","peer":29544,"slot":0,"a":0,"b":0}
1791638239.695 {"t":"event","at_ms":293037,"node":33120,"kind":"peer_admitted","peer":25344,"slot":1,"a":0,"b":0}
1791638239.695 {"t":"event","at_ms":294482,"node":33120,"kind":"peer_admitted","peer":29544,"slot":0,"a":0,"b":0}
1791638239.695 {"t":"link","up_ms":294855,"node":33120,"peer":29544,"mac":"b8:1f:3f:da:73:68","state":"alive","epoch":172,"espnow_ver":2,"mtu":1446,"misses":0,"rssi":-10,"tx":{"frames":1034,"cb_ok":1034,"cb_fail":0,"enqueue_err":0,"pdr_ppm":1000000},"rx":{"frames":4111,"lost_seqgap":0,"reorder_dup":0,"dropped_bad":0,"hb_lost":6,"bcast_frames":2925,"pdr_ppm":1000000},"rtt":{"samples":147,"min_us":5368,"max_us":53247,"timeouts":0,"txq_last_us":2788,"txq_max_us":16261,"remote_turnaround_us":840,"remote_turnaround_max_us":1282,"p50_us":[4000,6000],"p99_us":[16000,22000],"hist":[0,0,0,0,118,21,6,0,1,0,0,1,0,0,0,0]}}
1791638239.695 {"t":"link","up_ms":294909,"node":33120,"peer":25344,"mac":"b8:1f:3f:da:63:00","state":"alive","epoch":245,"espnow_ver":2,"mtu":1446,"misses":0,"rssi":-19,"tx":{"frames":981,"cb_ok":980,"cb_fail":1,"enqueue_err":0,"pdr_ppm":998980},"rx":{"frames":3933,"lost_seqgap":1,"reorder_dup":0,"dropped_bad":0,"hb_lost":12,"bcast_frames":2883,"pdr_ppm":999745},"rtt":{"samples":145,"min_us":5745,"max_us":37069,"timeouts":1,"txq_last_us":3580,"txq_max_us":11076,"remote_turnaround_us":1036,"remote_turnaround_max_us":9219,"p50_us":[4000,6000],"p99_us":[22000,30000],"hist":[0,0,0,0,103,30,5,3,1,2,1,0,0,0,0,0]}}
1791638239.695 {"t":"auth","node":33120,"up_ms":294964,"enrolled":1,"required":1,"verified_peers":2,"verified":3,"cache_hits":295,"refused":0,"rate_limited":0,"stale_epoch":0,"verify_us_max":84770,"link_stack_free_b":1524,"crypto_stack_free_b":1268,"tags_ok":1938,"bad_tag":0,"replayed":0,"untagged":0,"bcast_dropped":0,"beacon_epoch_ignored":0,"tag_us_max":971}
1791638239.695 {"t":"act","node":33120,"setpoint":0,"has_value":0,"writes_served":0}
1791638239.695 {"t":"peers","node":33120,"own_period_ms":100,"own_busy":0,"channel":1,"scanning":0,"scans":0,"hops":0,"found":0,"lost_to_found_ms":0,"moves_followed":0,"moves_refused":0,"sweeps":0,"sweep_found":0,"sweeping":0,"search_visits":0,"relay":0,"fwd_u":0,"fwd_b":0,"fwd_h":0,"relay_dup":3029,"list":[{"id":29544,"state":"alive","via_relay":0,"period_ms":100,"misses":6,"busy":1,"rtt_n":147},{"id":25344,"state":"alive","via_relay":0,"period_ms":100,"misses":6,"busy":0,"rtt_n":145}]}
1791638239.695 {"t":"ss","node":33120,"accepted":0,"unsigned":0,"unknown_sender":0,"bad_signature":0,"replayed":0,"rate_limited":0,"verify_us_max":0,"floors":[{"src":25344,"epoch":139,"counter":1}]}
1791638239.695 {"t":"rec","node":33120,"up_ms":295059,"settled":1,"sent":1176,"received":1099,"malformed":0,"views":3,"replies_fenced":0,"actors":[{"key":1245650351,"running":0,"term":0,"owner":25344,"owner_term":11,"assigned":25344,"starts":0,"fenced":0,"released":0}]}
1791638240.028 {"t":"node","up_ms":295074,"node":33120,"epoch":294,"peers_alive":2,"peers_dead":0,"no_radio":0,"free_dram":250307,"largest_block":172032,"rx":{"total":14149,"bad_frame":0,"unknown_peer":12,"wrong_dst":0,"short_payload":0,"unknown_opcode":0,"queue_dropped":50},"tx":{"total":5100,"enqueue_err":0,"done_queue_dropped":0},"membership":{"deaths":1,"revivals":0,"reboots_seen":1,"table_full":0,"events_dropped":0}}
1791638240.028 {"t":"ns","node":33120,"hash":13581963,"owner":33120,"kind":"sampled","unit":100,"class":4,"bound_ms":5000,"quality":"GOOD","age_ms":355,"ts":294759,"updates":28,"value":2}
1791638240.028 {"t":"ns","node":33120,"hash":3142365229,"owner":33120,"kind":"sampled","unit":101,"class":4,"bound_ms":30000,"quality":"GOOD","age_ms":370,"ts":294758,"updates":28,"value":172032}
1791638240.028 {"t":"ns","node":33120,"hash":1245650351,"owner":25344,"kind":"sampled","unit":0,"class":3,"bound_ms":500,"quality":"NO_DATA","age_ms":0,"ts":0,"updates":0,"value":null}
1791638240.028 {"t":"ns","node":33120,"hash":2033492666,"owner":33120,"kind":"sampled","unit":0,"class":3,"bound_ms":0,"quality":"NO_DATA","age_ms":0,"ts":0,"updates":0,"value":null}
1791638240.028 {"t":"ns","node":33120,"hash":2347817554,"owner":33120,"kind":"sampled","unit":100,"class":4,"bound_ms":0,"quality":"GOOD","age_ms":413,"ts":294758,"updates":28,"value":294}
1791638240.028 {"t":"ns","node":33120,"hash":1170356950,"owner":33120,"kind":"sampled","unit":80,"class":4,"bound_ms":30000,"quality":"GOOD","age_ms":427,"ts":294758,"updates":28,"value":294}
1791638240.028 {"t":"ns","node":33120,"hash":3085599597,"owner":33120,"kind":"sampled","unit":0,"class":4,"bound_ms":5000,"quality":"GOOD","age_ms":440,"ts":294759,"updates":28,"value":-20}
1791638240.028 {"t":"ns","node":33120,"hash":2486014333,"owner":33120,"kind":"sampled","unit":101,"class":4,"bound_ms":30000,"quality":"GOOD","age_ms":455,"ts":294758,"updates":28,"value":250103}
1791638250.174 {"t":"clk","node":33120,"up_ms":305239}
1791638250.174 {"t":"led","node":33120,"shows":"green","app":0}
1791638250.174 {"t":"event","at_ms":295037,"node":33120,"kind":"peer_admitted","peer":25344,"slot":1,"a":0,"b":0}
1791638250.174 {"t":"event","at_ms":296482,"node":33120,"kind":"peer_admitted","peer":29544,"slot":0,"a":0,"b":0}
1791638250.174 {"t":"event","at_ms":297037,"node":33120,"kind":"peer_admitted","peer":25344,"slot":1,"a":0,"b":0}
1791638250.174 {"t":"event","at_ms":298482,"node":33120,"kind":"peer_admitted","peer":29544,"slot":0,"a":0,"b":0}
1791638250.174 {"t":"event","at_ms":299037,"node":33120,"kind":"peer_admitted","peer":25344,"slot":1,"a":0,"b":0}
1791638250.174 {"t":"event","at_ms":300492,"node":33120,"kind":"peer_admitted","peer":29544,"slot":0,"a":0,"b":0}
1791638250.174 {"t":"event","at_ms":301037,"node":33120,"kind":"peer_admitted","peer":25344,"slot":1,"a":0,"b":0}
1791638250.174 {"t":"event","at_ms":302482,"node":33120,"kind":"peer_admitted","peer":29544,"slot":0,"a":0,"b":0}
1791638250.174 {"t":"event","at_ms":303037,"node":33120,"kind":"peer_admitted","peer":25344,"slot":1,"a":0,"b":0}
1791638250.174 {"t":"event","at_ms":304482,"node":33120,"kind":"peer_admitted","peer":29544,"slot":0,"a":0,"b":0}
1791638250.174 {"t":"event","at_ms":305037,"node":33120,"kind":"peer_admitted","peer":25344,"slot":1,"a":0,"b":0}
1791638250.174 {"t":"link","up_ms":305336,"node":33120,"peer":29544,"mac":"b8:1f:3f:da:73:68","state":"alive","epoch":172,"espnow_ver":2,"mtu":1446,"misses":0,"rssi":-9,"tx":{"frames":1070,"cb_ok":1070,"cb_fail":0,"enqueue_err":0,"pdr_ppm":1000000},"rx":{"frames":4256,"lost_seqgap":0,"reorder_dup":0,"dropped_bad":0,"hb_lost":6,"bcast_frames":3029,"pdr_ppm":1000000},"rtt":{"samples":152,"min_us":5368,"max_us":53247,"timeouts":0,"txq_last_us":2788,"txq_max_us":16261,"remote_turnaround_us":844,"remote_turnaround_max_us":1282,"p50_us":[4000,6000],"p99_us":[16000,22000],"hist":[0,0,0,0,123,21,6,0,1,0,0,1,0,0,0,0]}}
1791638250.174 {"t":"link","up_ms":305390,"node":33120,"peer":25344,"mac":"b8:1f:3f:da:63:00","state":"alive","epoch":245,"espnow_ver":2,"mtu":1446,"misses":0,"rssi":-20,"tx":{"frames":1017,"cb_ok":1016,"cb_fail":1,"enqueue_err":0,"pdr_ppm":999016},"rx":{"frames":4078,"lost_seqgap":1,"reorder_dup":0,"dropped_bad":0,"hb_lost":13,"bcast_frames":2987,"pdr_ppm":999754},"rtt":{"samples":150,"min_us":5745,"max_us":37069,"timeouts":1,"txq_last_us":3580,"txq_max_us":11076,"remote_turnaround_us":1058,"remote_turnaround_max_us":9219,"p50_us":[4000,6000],"p99_us":[22000,30000],"hist":[0,0,0,0,106,32,5,3,1,2,1,0,0,0,0,0]}}
1791638250.174 {"t":"auth","node":33120,"up_ms":305445,"enrolled":1,"required":1,"verified_peers":2,"verified":3,"cache_hits":306,"refused":0,"rate_limited":0,"stale_epoch":0,"verify_us_max":84770,"link_stack_free_b":1524,"crypto_stack_free_b":1268,"tags_ok":2010,"bad_tag":0,"replayed":0,"untagged":0,"bcast_dropped":0,"beacon_epoch_ignored":0,"tag_us_max":971}
1791638250.174 {"t":"act","node":33120,"setpoint":0,"has_value":0,"writes_served":0}
1791638250.174 {"t":"peers","node":33120,"own_period_ms":100,"own_busy":0,"channel":1,"scanning":0,"scans":0,"hops":0,"found":0,"lost_to_found_ms":0,"moves_followed":0,"moves_refused":0,"sweeps":0,"sweep_found":0,"sweeping":0,"search_visits":0,"relay":0,"fwd_u":0,"fwd_b":0,"fwd_h":0,"relay_dup":3140,"list":[{"id":29544,"state":"alive","via_relay":0,"period_ms":100,"misses":6,"busy":1,"rtt_n":152},{"id":25344,"state":"alive","via_relay":0,"period_ms":100,"misses":6,"busy":0,"rtt_n":150}]}
1791638250.174 {"t":"ss","node":33120,"accepted":0,"unsigned":0,"unknown_sender":0,"bad_signature":0,"replayed":0,"rate_limited":0,"verify_us_max":0,"floors":[{"src":25344,"epoch":139,"counter":1}]}
1791638250.174 {"t":"rec","node":33120,"up_ms":305540,"settled":1,"sent":1218,"received":1141,"malformed":0,"views":3,"replies_fenced":0,"actors":[{"key":1245650351,"running":0,"term":0,"owner":25344,"owner_term":11,"assigned":25344,"starts":0,"fenced":0,"released":0}]}
1791638250.510 {"t":"node","up_ms":305555,"node":33120,"epoch":294,"peers_alive":2,"peers_dead":0,"no_radio":0,"free_dram":250307,"largest_block":172032,"rx":{"total":14653,"bad_frame":0,"unknown_peer":12,"wrong_dst":0,"short_payload":0,"unknown_opcode":0,"queue_dropped":50},"tx":{"total":5280,"enqueue_err":0,"done_queue_dropped":0},"membership":{"deaths":1,"revivals":0,"reboots_seen":1,"table_full":0,"events_dropped":0}}
1791638250.510 {"t":"ns","node":33120,"hash":13581963,"owner":33120,"kind":"sampled","unit":100,"class":4,"bound_ms":5000,"quality":"GOOD","age_ms":354,"ts":305241,"updates":29,"value":2}
1791638250.510 {"t":"ns","node":33120,"hash":3142365229,"owner":33120,"kind":"sampled","unit":101,"class":4,"bound_ms":30000,"quality":"GOOD","age_ms":370,"ts":305240,"updates":29,"value":172032}
1791638250.510 {"t":"ns","node":33120,"hash":1245650351,"owner":25344,"kind":"sampled","unit":0,"class":3,"bound_ms":500,"quality":"NO_DATA","age_ms":0,"ts":0,"updates":0,"value":null}
1791638250.510 {"t":"ns","node":33120,"hash":2033492666,"owner":33120,"kind":"sampled","unit":0,"class":3,"bound_ms":0,"quality":"NO_DATA","age_ms":0,"ts":0,"updates":0,"value":null}
1791638250.510 {"t":"ns","node":33120,"hash":2347817554,"owner":33120,"kind":"sampled","unit":100,"class":4,"bound_ms":0,"quality":"GOOD","age_ms":410,"ts":305241,"updates":29,"value":294}
1791638250.510 {"t":"ns","node":33120,"hash":1170356950,"owner":33120,"kind":"sampled","unit":80,"class":4,"bound_ms":30000,"quality":"GOOD","age_ms":425,"ts":305240,"updates":29,"value":305}
1791638250.510 {"t":"ns","node":33120,"hash":3085599597,"owner":33120,"kind":"sampled","unit":0,"class":4,"bound_ms":5000,"quality":"GOOD","age_ms":449,"ts":305241,"updates":29,"value":-20}
1791638250.510 {"t":"ns","node":33120,"hash":2486014333,"owner":33120,"kind":"sampled","unit":101,"class":4,"bound_ms":30000,"quality":"GOOD","age_ms":465,"ts":305240,"updates":29,"value":250307}
1791638260.655 {"t":"clk","node":33120,"up_ms":315720}
1791638260.655 {"t":"led","node":33120,"shows":"green","app":0}
1791638260.655 {"t":"event","at_ms":306482,"node":33120,"kind":"peer_admitted","peer":29544,"slot":0,"a":0,"b":0}
1791638260.655 {"t":"event","at_ms":307037,"node":33120,"kind":"peer_admitted","peer":25344,"slot":1,"a":0,"b":0}
1791638260.655 {"t":"event","at_ms":308482,"node":33120,"kind":"peer_admitted","peer":29544,"slot":0,"a":0,"b":0}
1791638260.655 {"t":"event","at_ms":309037,"node":33120,"kind":"peer_admitted","peer":25344,"slot":1,"a":0,"b":0}
1791638260.655 {"t":"event","at_ms":310482,"node":33120,"kind":"peer_admitted","peer":29544,"slot":0,"a":0,"b":0}
1791638260.655 {"t":"event","at_ms":311037,"node":33120,"kind":"peer_admitted","peer":25344,"slot":1,"a":0,"b":0}
1791638260.655 {"t":"event","at_ms":312482,"node":33120,"kind":"peer_admitted","peer":29544,"slot":0,"a":0,"b":0}
1791638260.655 {"t":"event","at_ms":313037,"node":33120,"kind":"peer_admitted","peer":25344,"slot":1,"a":0,"b":0}
1791638260.655 {"t":"event","at_ms":314482,"node":33120,"kind":"peer_admitted","peer":29544,"slot":0,"a":0,"b":0}
1791638260.655 {"t":"event","at_ms":315037,"node":33120,"kind":"peer_admitted","peer":25344,"slot":1,"a":0,"b":0}
1791638260.655 {"t":"link","up_ms":315805,"node":33120,"peer":29544,"mac":"b8:1f:3f:da:73:68","state":"alive","epoch":172,"espnow_ver":2,"mtu":1446,"misses":0,"rssi":-10,"tx":{"frames":1106,"cb_ok":1106,"cb_fail":0,"enqueue_err":0,"pdr_ppm":1000000},"rx":{"frames":4402,"lost_seqgap":0,"reorder_dup":0,"dropped_bad":0,"hb_lost":6,"bcast_frames":3134,"pdr_ppm":1000000},"rtt":{"samples":157,"min_us":5368,"max_us":53247,"timeouts":0,"txq_last_us":2788,"txq_max_us":16261,"remote_turnaround_us":836,"remote_turnaround_max_us":1282,"p50_us":[4000,6000],"p99_us":[16000,22000],"hist":[0,0,0,0,128,21,6,0,1,0,0,1,0,0,0,0]}}
1791638260.655 {"t":"link","up_ms":315859,"node":33120,"peer":25344,"mac":"b8:1f:3f:da:63:00","state":"alive","epoch":245,"espnow_ver":2,"mtu":1446,"misses":0,"rssi":-20,"tx":{"frames":1052,"cb_ok":1051,"cb_fail":1,"enqueue_err":0,"pdr_ppm":999049},"rx":{"frames":4223,"lost_seqgap":1,"reorder_dup":0,"dropped_bad":0,"hb_lost":13,"bcast_frames":3091,"pdr_ppm":999763},"rtt":{"samples":156,"min_us":5745,"max_us":37069,"timeouts":1,"txq_last_us":3580,"txq_max_us":11076,"remote_turnaround_us":1016,"remote_turnaround_max_us":9219,"p50_us":[4000,6000],"p99_us":[22000,30000],"hist":[0,0,0,0,109,35,5,3,1,2,1,0,0,0,0,0]}}
1791638260.655 {"t":"auth","node":33120,"up_ms":315913,"enrolled":1,"required":1,"verified_peers":2,"verified":3,"cache_hits":316,"refused":0,"rate_limited":0,"stale_epoch":0,"verify_us_max":84770,"link_stack_free_b":1524,"crypto_stack_free_b":1268,"tags_ok":2082,"bad_tag":0,"replayed":0,"untagged":0,"bcast_dropped":0,"beacon_epoch_ignored":0,"tag_us_max":971}
1791638260.655 {"t":"act","node":33120,"setpoint":0,"has_value":0,"writes_served":0}
1791638260.655 {"t":"peers","node":33120,"own_period_ms":100,"own_busy":0,"channel":1,"scanning":0,"scans":0,"hops":0,"found":0,"lost_to_found_ms":0,"moves_followed":0,"moves_refused":0,"sweeps":0,"sweep_found":0,"sweeping":0,"search_visits":0,"relay":0,"fwd_u":0,"fwd_b":0,"fwd_h":0,"relay_dup":3249,"list":[{"id":29544,"state":"alive","via_relay":0,"period_ms":100,"misses":6,"busy":1,"rtt_n":157},{"id":25344,"state":"alive","via_relay":0,"period_ms":100,"misses":6,"busy":0,"rtt_n":156}]}
1791638260.655 {"t":"ss","node":33120,"accepted":0,"unsigned":0,"unknown_sender":0,"bad_signature":0,"replayed":0,"rate_limited":0,"verify_us_max":0,"floors":[{"src":25344,"epoch":139,"counter":1}]}
1791638260.655 {"t":"rec","node":33120,"up_ms":316010,"settled":1,"sent":1260,"received":1183,"malformed":0,"views":3,"replies_fenced":0,"actors":[{"key":1245650351,"running":0,"term":0,"owner":25344,"owner_term":11,"assigned":25344,"starts":0,"fenced":0,"released":0}]}
1791638260.655 {"t":"node","up_ms":316026,"node":33120,"epoch":294,"peers_alive":2,"peers_dead":0,"no_radio":0,"free_dram":250307,"largest_block":172032,"rx":{"total":15166,"bad_frame":0,"unknown_peer":12,"wrong_dst":0,"short_payload":0,"unknown_opcode":0,"queue_dropped":50},"tx":{"total":5462,"enqueue_err":0,"done_queue_dropped":0},"membership":{"deaths":1,"revivals":0,"reboots_seen":1,"table_full":0,"events_dropped":0}}
1791638260.989 {"t":"ns","node":33120,"hash":13581963,"owner":33120,"kind":"sampled","unit":100,"class":4,"bound_ms":5000,"quality":"GOOD","age_ms":344,"ts":315722,"updates":30,"value":2}
1791638260.989 {"t":"ns","node":33120,"hash":3142365229,"owner":33120,"kind":"sampled","unit":101,"class":4,"bound_ms":30000,"quality":"GOOD","age_ms":359,"ts":315721,"updates":30,"value":172032}
1791638260.989 {"t":"ns","node":33120,"hash":1245650351,"owner":25344,"kind":"sampled","unit":0,"class":3,"bound_ms":500,"quality":"NO_DATA","age_ms":0,"ts":0,"updates":0,"value":null}
1791638260.989 {"t":"ns","node":33120,"hash":2033492666,"owner":33120,"kind":"sampled","unit":0,"class":3,"bound_ms":0,"quality":"NO_DATA","age_ms":0,"ts":0,"updates":0,"value":null}
1791638260.989 {"t":"ns","node":33120,"hash":2347817554,"owner":33120,"kind":"sampled","unit":100,"class":4,"bound_ms":0,"quality":"GOOD","age_ms":400,"ts":315722,"updates":30,"value":294}
1791638260.989 {"t":"ns","node":33120,"hash":1170356950,"owner":33120,"kind":"sampled","unit":80,"class":4,"bound_ms":30000,"quality":"GOOD","age_ms":426,"ts":315721,"updates":30,"value":315}
1791638260.989 {"t":"ns","node":33120,"hash":3085599597,"owner":33120,"kind":"sampled","unit":0,"class":4,"bound_ms":5000,"quality":"GOOD","age_ms":439,"ts":315722,"updates":30,"value":-21}
1791638260.989 {"t":"ns","node":33120,"hash":2486014333,"owner":33120,"kind":"sampled","unit":101,"class":4,"bound_ms":30000,"quality":"GOOD","age_ms":454,"ts":315721,"updates":30,"value":250307}
1791638271.124 {"t":"clk","node":33120,"up_ms":326190}
1791638271.124 {"t":"led","node":33120,"shows":"green","app":0}
1791638271.124 {"t":"event","at_ms":316484,"node":33120,"kind":"peer_admitted","peer":29544,"slot":0,"a":0,"b":0}
1791638271.124 {"t":"event","at_ms":317037,"node":33120,"kind":"peer_admitted","peer":25344,"slot":1,"a":0,"b":0}
1791638271.124 {"t":"event","at_ms":318482,"node":33120,"kind":"peer_admitted","peer":29544,"slot":0,"a":0,"b":0}
1791638271.124 {"t":"event","at_ms":319037,"node":33120,"kind":"peer_admitted","peer":25344,"slot":1,"a":0,"b":0}
1791638271.124 {"t":"event","at_ms":320482,"node":33120,"kind":"peer_admitted","peer":29544,"slot":0,"a":0,"b":0}
1791638271.124 {"t":"event","at_ms":321037,"node":33120,"kind":"peer_admitted","peer":25344,"slot":1,"a":0,"b":0}
1791638271.124 {"t":"event","at_ms":322484,"node":33120,"kind":"peer_admitted","peer":29544,"slot":0,"a":0,"b":0}
1791638271.124 {"t":"event","at_ms":323037,"node":33120,"kind":"peer_admitted","peer":25344,"slot":1,"a":0,"b":0}
1791638271.124 {"t":"event","at_ms":324482,"node":33120,"kind":"peer_admitted","peer":29544,"slot":0,"a":0,"b":0}
1791638271.124 {"t":"event","at_ms":325037,"node":33120,"kind":"peer_admitted","peer":25344,"slot":1,"a":0,"b":0}
1791638271.124 {"t":"link","up_ms":326276,"node":33120,"peer":29544,"mac":"b8:1f:3f:da:73:68","state":"alive","epoch":172,"espnow_ver":2,"mtu":1446,"misses":0,"rssi":-11,"tx":{"frames":1142,"cb_ok":1142,"cb_fail":0,"enqueue_err":0,"pdr_ppm":1000000},"rx":{"frames":4549,"lost_seqgap":0,"reorder_dup":0,"dropped_bad":0,"hb_lost":6,"bcast_frames":3239,"pdr_ppm":1000000},"rtt":{"samples":162,"min_us":5368,"max_us":53247,"timeouts":0,"txq_last_us":10023,"txq_max_us":16261,"remote_turnaround_us":856,"remote_turnaround_max_us":1282,"p50_us":[4000,6000],"p99_us":[16000,22000],"hist":[0,0,0,0,131,22,6,1,1,0,0,1,0,0,0,0]}}
1791638271.124 {"t":"link","up_ms":326330,"node":33120,"peer":25344,"mac":"b8:1f:3f:da:63:00","state":"alive","epoch":245,"espnow_ver":2,"mtu":1446,"misses":0,"rssi":-20,"tx":{"frames":1087,"cb_ok":1086,"cb_fail":1,"enqueue_err":0,"pdr_ppm":999080},"rx":{"frames":4368,"lost_seqgap":1,"reorder_dup":0,"dropped_bad":0,"hb_lost":13,"bcast_frames":3196,"pdr_ppm":999771},"rtt":{"samples":161,"min_us":5745,"max_us":37069,"timeouts":1,"txq_last_us":3580,"txq_max_us":11076,"remote_turnaround_us":1003,"remote_turnaround_max_us":9219,"p50_us":[4000,6000],"p99_us":[22000,30000],"hist":[0,0,0,0,113,36,5,3,1,2,1,0,0,0,0,0]}}
1791638271.124 {"t":"auth","node":33120,"up_ms":326384,"enrolled":1,"required":1,"verified_peers":2,"verified":3,"cache_hits":326,"refused":0,"rate_limited":0,"stale_epoch":0,"verify_us_max":84770,"link_stack_free_b":1524,"crypto_stack_free_b":1268,"tags_ok":2154,"bad_tag":0,"replayed":0,"untagged":0,"bcast_dropped":0,"beacon_epoch_ignored":0,"tag_us_max":971}
1791638271.124 {"t":"act","node":33120,"setpoint":0,"has_value":0,"writes_served":0}
1791638271.124 {"t":"peers","node":33120,"own_period_ms":100,"own_busy":0,"channel":1,"scanning":0,"scans":0,"hops":0,"found":0,"lost_to_found_ms":0,"moves_followed":0,"moves_refused":0,"sweeps":0,"sweep_found":0,"sweeping":0,"search_visits":0,"relay":0,"fwd_u":0,"fwd_b":0,"fwd_h":0,"relay_dup":3359,"list":[{"id":29544,"state":"alive","via_relay":0,"period_ms":100,"misses":6,"busy":1,"rtt_n":162},{"id":25344,"state":"alive","via_relay":0,"period_ms":100,"misses":6,"busy":0,"rtt_n":161}]}
1791638271.125 {"t":"ss","node":33120,"accepted":0,"unsigned":0,"unknown_sender":0,"bad_signature":0,"replayed":0,"rate_limited":0,"verify_us_max":0,"floors":[{"src":25344,"epoch":139,"counter":1}]}
1791638271.125 {"t":"rec","node":33120,"up_ms":326479,"settled":1,"sent":1301,"received":1225,"malformed":0,"views":3,"replies_fenced":0,"actors":[{"key":1245650351,"running":0,"term":0,"owner":25344,"owner_term":11,"assigned":25344,"starts":0,"fenced":0,"released":0}]}
1791638271.125 {"t":"node","up_ms":326495,"node":33120,"epoch":294,"peers_alive":2,"peers_dead":0,"no_radio":0,"free_dram":250307,"largest_block":172032,"rx":{"total":15678,"bad_frame":0,"unknown_peer":12,"wrong_dst":0,"short_payload":0,"unknown_opcode":0,"queue_dropped":50},"tx":{"total":5644,"enqueue_err":0,"done_queue_dropped":0},"membership":{"deaths":1,"revivals":0,"reboots_seen":1,"table_full":0,"events_dropped":0}}
1791638271.448 {"t":"ns","node":33120,"hash":13581963,"owner":33120,"kind":"sampled","unit":100,"class":4,"bound_ms":5000,"quality":"GOOD","age_ms":343,"ts":326192,"updates":31,"value":2}
1791638271.448 {"t":"ns","node":33120,"hash":3142365229,"owner":33120,"kind":"sampled","unit":101,"class":4,"bound_ms":30000,"quality":"GOOD","age_ms":358,"ts":326192,"updates":31,"value":172032}
1791638271.448 {"t":"ns","node":33120,"hash":1245650351,"owner":25344,"kind":"sampled","unit":0,"class":3,"bound_ms":500,"quality":"NO_DATA","age_ms":0,"ts":0,"updates":0,"value":null}
1791638271.448 {"t":"ns","node":33120,"hash":2033492666,"owner":33120,"kind":"sampled","unit":0,"class":3,"bound_ms":0,"quality":"NO_DATA","age_ms":0,"ts":0,"updates":0,"value":null}
1791638271.448 {"t":"ns","node":33120,"hash":2347817554,"owner":33120,"kind":"sampled","unit":100,"class":4,"bound_ms":0,"quality":"GOOD","age_ms":400,"ts":326192,"updates":31,"value":294}
1791638271.448 {"t":"ns","node":33120,"hash":1170356950,"owner":33120,"kind":"sampled","unit":80,"class":4,"bound_ms":30000,"quality":"GOOD","age_ms":425,"ts":326192,"updates":31,"value":326}
1791638271.448 {"t":"ns","node":33120,"hash":3085599597,"owner":33120,"kind":"sampled","unit":0,"class":4,"bound_ms":5000,"quality":"GOOD","age_ms":439,"ts":326192,"updates":31,"value":-20}
1791638271.448 {"t":"ns","node":33120,"hash":2486014333,"owner":33120,"kind":"sampled","unit":101,"class":4,"bound_ms":30000,"quality":"GOOD","age_ms":454,"ts":326191,"updates":31,"value":250307}
1791638281.594 {"t":"clk","node":33120,"up_ms":336660}
1791638281.594 {"t":"led","node":33120,"shows":"green","app":0}
1791638281.594 {"t":"event","at_ms":326482,"node":33120,"kind":"peer_admitted","peer":29544,"slot":0,"a":0,"b":0}
1791638281.594 {"t":"event","at_ms":327037,"node":33120,"kind":"peer_admitted","peer":25344,"slot":1,"a":0,"b":0}
1791638281.594 {"t":"event","at_ms":328482,"node":33120,"kind":"peer_admitted","peer":29544,"slot":0,"a":0,"b":0}
1791638281.594 {"t":"event","at_ms":329038,"node":33120,"kind":"peer_admitted","peer":25344,"slot":1,"a":0,"b":0}
1791638281.594 {"t":"event","at_ms":330482,"node":33120,"kind":"peer_admitted","peer":29544,"slot":0,"a":0,"b":0}
1791638281.594 {"t":"event","at_ms":331037,"node":33120,"kind":"peer_admitted","peer":25344,"slot":1,"a":0,"b":0}
1791638281.594 {"t":"event","at_ms":332482,"node":33120,"kind":"peer_admitted","peer":29544,"slot":0,"a":0,"b":0}
1791638281.594 {"t":"event","at_ms":333037,"node":33120,"kind":"peer_admitted","peer":25344,"slot":1,"a":0,"b":0}
1791638281.594 {"t":"event","at_ms":334482,"node":33120,"kind":"peer_admitted","peer":29544,"slot":0,"a":0,"b":0}
1791638281.594 {"t":"event","at_ms":335037,"node":33120,"kind":"peer_admitted","peer":25344,"slot":1,"a":0,"b":0}
1791638281.594 {"t":"event","at_ms":336482,"node":33120,"kind":"peer_admitted","peer":29544,"slot":0,"a":0,"b":0}
1791638281.594 {"t":"link","up_ms":336759,"node":33120,"peer":29544,"mac":"b8:1f:3f:da:73:68","state":"alive","epoch":172,"espnow_ver":2,"mtu":1446,"misses":0,"rssi":-10,"tx":{"frames":1180,"cb_ok":1180,"cb_fail":0,"enqueue_err":0,"pdr_ppm":1000000},"rx":{"frames":4696,"lost_seqgap":0,"reorder_dup":0,"dropped_bad":0,"hb_lost":7,"bcast_frames":3343,"pdr_ppm":1000000},"rtt":{"samples":167,"min_us":5368,"max_us":53247,"timeouts":0,"txq_last_us":10023,"txq_max_us":16261,"remote_turnaround_us":859,"remote_turnaround_max_us":1282,"p50_us":[4000,6000],"p99_us":[16000,22000],"hist":[0,0,0,0,136,22,6,1,1,0,0,1,0,0,0,0]}}
1791638281.594 {"t":"link","up_ms":336813,"node":33120,"peer":25344,"mac":"b8:1f:3f:da:63:00","state":"alive","epoch":245,"espnow_ver":2,"mtu":1446,"misses":0,"rssi":-20,"tx":{"frames":1121,"cb_ok":1120,"cb_fail":1,"enqueue_err":0,"pdr_ppm":999107},"rx":{"frames":4512,"lost_seqgap":1,"reorder_dup":0,"dropped_bad":0,"hb_lost":13,"bcast_frames":3301,"pdr_ppm":999778},"rtt":{"samples":166,"min_us":5745,"max_us":37069,"timeouts":1,"txq_last_us":3580,"txq_max_us":11076,"remote_turnaround_us":1003,"remote_turnaround_max_us":9219,"p50_us":[4000,6000],"p99_us":[22000,30000],"hist":[0,0,0,0,117,37,5,3,1,2,1,0,0,0,0,0]}}
1791638281.594 {"t":"auth","node":33120,"up_ms":336868,"enrolled":1,"required":1,"verified_peers":2,"verified":3,"cache_hits":337,"refused":0,"rate_limited":0,"stale_epoch":0,"verify_us_max":84770,"link_stack_free_b":1524,"crypto_stack_free_b":1268,"tags_ok":2225,"bad_tag":0,"replayed":0,"untagged":0,"bcast_dropped":0,"beacon_epoch_ignored":0,"tag_us_max":971}
1791638281.594 {"t":"act","node":33120,"setpoint":0,"has_value":0,"writes_served":0}
1791638281.594 {"t":"peers","node":33120,"own_period_ms":100,"own_busy":0,"channel":1,"scanning":0,"scans":0,"hops":0,"found":0,"lost_to_found_ms":0,"moves_followed":0,"moves_refused":0,"sweeps":0,"sweep_found":0,"sweeping":0,"search_visits":0,"relay":0,"fwd_u":0,"fwd_b":0,"fwd_h":0,"relay_dup":3469,"list":[{"id":29544,"state":"alive","via_relay":0,"period_ms":100,"misses":6,"busy":1,"rtt_n":168},{"id":25344,"state":"alive","via_relay":0,"period_ms":100,"misses":6,"busy":0,"rtt_n":166}]}
1791638281.594 {"t":"ss","node":33120,"accepted":0,"unsigned":0,"unknown_sender":0,"bad_signature":0,"replayed":0,"rate_limited":0,"verify_us_max":0,"floors":[{"src":25344,"epoch":139,"counter":1}]}
1791638281.594 {"t":"rec","node":33120,"up_ms":336952,"settled":1,"sent":1343,"received":1267,"malformed":0,"views":3,"replies_fenced":0,"actors":[{"key":1245650351,"running":0,"term":0,"owner":25344,"owner_term":11,"assigned":25344,"starts":0,"fenced":0,"released":0}]}
1791638281.926 {"t":"node","up_ms":336978,"node":33120,"epoch":294,"peers_alive":2,"peers_dead":0,"no_radio":0,"free_dram":250307,"largest_block":172032,"rx":{"total":16188,"bad_frame":0,"unknown_peer":12,"wrong_dst":0,"short_payload":0,"unknown_opcode":0,"queue_dropped":50},"tx":{"total":5824,"enqueue_err":0,"done_queue_dropped":0},"membership":{"deaths":1,"revivals":0,"reboots_seen":1,"table_full":0,"events_dropped":0}}
1791638281.926 {"t":"ns","node":33120,"hash":13581963,"owner":33120,"kind":"sampled","unit":100,"class":4,"bound_ms":5000,"quality":"GOOD","age_ms":356,"ts":336662,"updates":32,"value":2}
1791638281.926 {"t":"ns","node":33120,"hash":3142365229,"owner":33120,"kind":"sampled","unit":101,"class":4,"bound_ms":30000,"quality":"GOOD","age_ms":371,"ts":336661,"updates":32,"value":172032}
1791638281.926 {"t":"ns","node":33120,"hash":1245650351,"owner":25344,"kind":"sampled","unit":0,"class":3,"bound_ms":500,"quality":"NO_DATA","age_ms":0,"ts":0,"updates":0,"value":null}
1791638281.926 {"t":"ns","node":33120,"hash":2033492666,"owner":33120,"kind":"sampled","unit":0,"class":3,"bound_ms":0,"quality":"NO_DATA","age_ms":0,"ts":0,"updates":0,"value":null}
1791638281.926 {"t":"ns","node":33120,"hash":2347817554,"owner":33120,"kind":"sampled","unit":100,"class":4,"bound_ms":0,"quality":"GOOD","age_ms":414,"ts":336661,"updates":32,"value":294}
1791638281.926 {"t":"ns","node":33120,"hash":1170356950,"owner":33120,"kind":"sampled","unit":80,"class":4,"bound_ms":30000,"quality":"GOOD","age_ms":428,"ts":336661,"updates":32,"value":336}
1791638281.926 {"t":"ns","node":33120,"hash":3085599597,"owner":33120,"kind":"sampled","unit":0,"class":4,"bound_ms":5000,"quality":"GOOD","age_ms":441,"ts":336662,"updates":32,"value":-20}
1791638281.926 {"t":"ns","node":33120,"hash":2486014333,"owner":33120,"kind":"sampled","unit":101,"class":4,"bound_ms":30000,"quality":"GOOD","age_ms":455,"ts":336661,"updates":32,"value":250307}
1791638292.077 {"t":"clk","node":33120,"up_ms":347143}
1791638292.077 {"t":"led","node":33120,"shows":"green","app":0}
1791638292.077 {"t":"event","at_ms":337037,"node":33120,"kind":"peer_admitted","peer":25344,"slot":1,"a":0,"b":0}
1791638292.077 {"t":"event","at_ms":338482,"node":33120,"kind":"peer_admitted","peer":29544,"slot":0,"a":0,"b":0}
1791638292.077 {"t":"event","at_ms":339037,"node":33120,"kind":"peer_admitted","peer":25344,"slot":1,"a":0,"b":0}
1791638292.077 {"t":"event","at_ms":340482,"node":33120,"kind":"peer_admitted","peer":29544,"slot":0,"a":0,"b":0}
1791638292.077 {"t":"event","at_ms":341037,"node":33120,"kind":"peer_admitted","peer":25344,"slot":1,"a":0,"b":0}
1791638292.077 {"t":"event","at_ms":342482,"node":33120,"kind":"peer_admitted","peer":29544,"slot":0,"a":0,"b":0}
1791638292.077 {"t":"event","at_ms":343037,"node":33120,"kind":"peer_admitted","peer":25344,"slot":1,"a":0,"b":0}
1791638292.077 {"t":"event","at_ms":344482,"node":33120,"kind":"peer_admitted","peer":29544,"slot":0,"a":0,"b":0}
1791638292.077 {"t":"event","at_ms":345037,"node":33120,"kind":"peer_admitted","peer":25344,"slot":1,"a":0,"b":0}
1791638292.077 {"t":"event","at_ms":346482,"node":33120,"kind":"peer_admitted","peer":29544,"slot":0,"a":0,"b":0}
1791638292.077 {"t":"event","at_ms":347037,"node":33120,"kind":"peer_admitted","peer":25344,"slot":1,"a":0,"b":0}
1791638292.077 {"t":"link","up_ms":347241,"node":33120,"peer":29544,"mac":"b8:1f:3f:da:73:68","state":"alive","epoch":172,"espnow_ver":2,"mtu":1446,"misses":0,"rssi":-9,"tx":{"frames":1217,"cb_ok":1217,"cb_fail":0,"enqueue_err":0,"pdr_ppm":1000000},"rx":{"frames":4842,"lost_seqgap":0,"reorder_dup":0,"dropped_bad":0,"hb_lost":7,"bcast_frames":3447,"pdr_ppm":1000000},"rtt":{"samples":173,"min_us":5368,"max_us":53247,"timeouts":0,"txq_last_us":20848,"txq_max_us":20848,"remote_turnaround_us":837,"remote_turnaround_max_us":1716,"p50_us":[4000,6000],"p99_us":[22000,30000],"hist":[0,0,0,0,141,22,6,1,1,1,0,1,0,0,0,0]}}
1791638292.077 {"t":"link","up_ms":347295,"node":33120,"peer":25344,"mac":"b8:1f:3f:da:63:00","state":"alive","epoch":245,"espnow_ver":2,"mtu":1446,"misses":0,"rssi":-20,"tx":{"frames":1157,"cb_ok":1156,"cb_fail":1,"enqueue_err":0,"pdr_ppm":999135},"rx":{"frames":4658,"lost_seqgap":1,"reorder_dup":0,"dropped_bad":0,"hb_lost":13,"bcast_frames":3406,"pdr_ppm":999785},"rtt":{"samples":171,"min_us":5745,"max_us":37069,"timeouts":1,"txq_last_us":3580,"txq_max_us":11076,"remote_turnaround_us":997,"remote_turnaround_max_us":9219,"p50_us":[4000,6000],"p99_us":[22000,30000],"hist":[0,0,0,0,120,39,5,3,1,2,1,0,0,0,0,0]}}
1791638292.077 {"t":"auth","node":33120,"up_ms":347350,"enrolled":1,"required":1,"verified_peers":2,"verified":3,"cache_hits":348,"refused":0,"rate_limited":0,"stale_epoch":0,"verify_us_max":84770,"link_stack_free_b":1524,"crypto_stack_free_b":1268,"tags_ok":2296,"bad_tag":0,"replayed":0,"untagged":0,"bcast_dropped":0,"beacon_epoch_ignored":0,"tag_us_max":971}
1791638292.077 {"t":"act","node":33120,"setpoint":0,"has_value":0,"writes_served":0}
1791638292.077 {"t":"peers","node":33120,"own_period_ms":100,"own_busy":0,"channel":1,"scanning":0,"scans":0,"hops":0,"found":0,"lost_to_found_ms":0,"moves_followed":0,"moves_refused":0,"sweeps":0,"sweep_found":0,"sweeping":0,"search_visits":0,"relay":0,"fwd_u":0,"fwd_b":0,"fwd_h":0,"relay_dup":3580,"list":[{"id":29544,"state":"alive","via_relay":0,"period_ms":100,"misses":6,"busy":1,"rtt_n":173},{"id":25344,"state":"alive","via_relay":0,"period_ms":100,"misses":6,"busy":0,"rtt_n":171}]}
1791638292.077 {"t":"ss","node":33120,"accepted":0,"unsigned":0,"unknown_sender":0,"bad_signature":0,"replayed":0,"rate_limited":0,"verify_us_max":0,"floors":[{"src":25344,"epoch":139,"counter":1}]}
1791638292.077 {"t":"rec","node":33120,"up_ms":347444,"settled":1,"sent":1385,"received":1309,"malformed":0,"views":3,"replies_fenced":0,"actors":[{"key":1245650351,"running":0,"term":0,"owner":25344,"owner_term":11,"assigned":25344,"starts":0,"fenced":0,"released":0}]}
1791638292.418 {"t":"node","up_ms":347460,"node":33120,"epoch":294,"peers_alive":2,"peers_dead":0,"no_radio":0,"free_dram":250307,"largest_block":172032,"rx":{"total":16699,"bad_frame":0,"unknown_peer":12,"wrong_dst":0,"short_payload":0,"unknown_opcode":0,"queue_dropped":50},"tx":{"total":6006,"enqueue_err":0,"done_queue_dropped":0},"membership":{"deaths":1,"revivals":0,"reboots_seen":1,"table_full":0,"events_dropped":0}}
1791638292.418 {"t":"ns","node":33120,"hash":13581963,"owner":33120,"kind":"sampled","unit":100,"class":4,"bound_ms":5000,"quality":"GOOD","age_ms":355,"ts":347145,"updates":33,"value":2}
1791638292.418 {"t":"ns","node":33120,"hash":3142365229,"owner":33120,"kind":"sampled","unit":101,"class":4,"bound_ms":30000,"quality":"GOOD","age_ms":369,"ts":347145,"updates":33,"value":172032}
1791638292.418 {"t":"ns","node":33120,"hash":1245650351,"owner":25344,"kind":"sampled","unit":0,"class":3,"bound_ms":500,"quality":"NO_DATA","age_ms":0,"ts":0,"updates":0,"value":null}
1791638292.418 {"t":"ns","node":33120,"hash":2033492666,"owner":33120,"kind":"sampled","unit":0,"class":3,"bound_ms":0,"quality":"NO_DATA","age_ms":0,"ts":0,"updates":0,"value":null}
1791638292.418 {"t":"ns","node":33120,"hash":2347817554,"owner":33120,"kind":"sampled","unit":100,"class":4,"bound_ms":0,"quality":"GOOD","age_ms":411,"ts":347145,"updates":33,"value":294}
1791638292.418 {"t":"ns","node":33120,"hash":1170356950,"owner":33120,"kind":"sampled","unit":80,"class":4,"bound_ms":30000,"quality":"GOOD","age_ms":425,"ts":347145,"updates":33,"value":347}
1791638292.418 {"t":"ns","node":33120,"hash":3085599597,"owner":33120,"kind":"sampled","unit":0,"class":4,"bound_ms":5000,"quality":"GOOD","age_ms":440,"ts":347145,"updates":33,"value":-20}
1791638292.418 {"t":"ns","node":33120,"hash":2486014333,"owner":33120,"kind":"sampled","unit":101,"class":4,"bound_ms":30000,"quality":"GOOD","age_ms":465,"ts":347145,"updates":33,"value":250307}
1791638302.557 {"t":"clk","node":33120,"up_ms":357624}
1791638302.558 {"t":"led","node":33120,"shows":"green","app":0}
1791638302.558 {"t":"event","at_ms":348482,"node":33120,"kind":"peer_admitted","peer":29544,"slot":0,"a":0,"b":0}
1791638302.558 {"t":"event","at_ms":349037,"node":33120,"kind":"peer_admitted","peer":25344,"slot":1,"a":0,"b":0}
1791638302.558 {"t":"event","at_ms":350482,"node":33120,"kind":"peer_admitted","peer":29544,"slot":0,"a":0,"b":0}
1791638302.558 {"t":"event","at_ms":351037,"node":33120,"kind":"peer_admitted","peer":25344,"slot":1,"a":0,"b":0}
1791638302.558 {"t":"event","at_ms":352482,"node":33120,"kind":"peer_admitted","peer":29544,"slot":0,"a":0,"b":0}
1791638302.558 {"t":"event","at_ms":353037,"node":33120,"kind":"peer_admitted","peer":25344,"slot":1,"a":0,"b":0}
1791638302.558 {"t":"event","at_ms":354482,"node":33120,"kind":"peer_admitted","peer":29544,"slot":0,"a":0,"b":0}
1791638302.558 {"t":"event","at_ms":355037,"node":33120,"kind":"peer_admitted","peer":25344,"slot":1,"a":0,"b":0}
1791638302.558 {"t":"event","at_ms":356482,"node":33120,"kind":"peer_admitted","peer":29544,"slot":0,"a":0,"b":0}
1791638302.558 {"t":"event","at_ms":357037,"node":33120,"kind":"peer_admitted","peer":25344,"slot":1,"a":0,"b":0}
1791638302.558 {"t":"link","up_ms":357709,"node":33120,"peer":29544,"mac":"b8:1f:3f:da:73:68","state":"alive","epoch":172,"espnow_ver":2,"mtu":1446,"misses":0,"rssi":-10,"tx":{"frames":1253,"cb_ok":1253,"cb_fail":0,"enqueue_err":0,"pdr_ppm":1000000},"rx":{"frames":4987,"lost_seqgap":0,"reorder_dup":0,"dropped_bad":0,"hb_lost":8,"bcast_frames":3551,"pdr_ppm":1000000},"rtt":{"samples":178,"min_us":5368,"max_us":53247,"timeouts":0,"txq_last_us":20848,"txq_max_us":20848,"remote_turnaround_us":856,"remote_turnaround_max_us":1716,"p50_us":[4000,6000],"p99_us":[22000,30000],"hist":[0,0,0,0,143,24,6,2,1,1,0,1,0,0,0,0]}}
1791638302.558 {"t":"link","up_ms":357764,"node":33120,"peer":25344,"mac":"b8:1f:3f:da:63:00","state":"alive","epoch":245,"espnow_ver":2,"mtu":1446,"misses":0,"rssi":-19,"tx":{"frames":1191,"cb_ok":1190,"cb_fail":1,"enqueue_err":0,"pdr_ppm":999160},"rx":{"frames":4801,"lost_seqgap":1,"reorder_dup":0,"dropped_bad":0,"hb_lost":13,"bcast_frames":3510,"pdr_ppm":999791},"rtt":{"samples":176,"min_us":5745,"max_us":37069,"timeouts":1,"txq_last_us":3580,"txq_max_us":11076,"remote_turnaround_us":1001,"remote_turnaround_max_us":9219,"p50_us":[4000,6000],"p99_us":[22000,30000],"hist":[0,0,0,0,125,39,5,3,1,2,1,0,0,0,0,0]}}
1791638302.558 {"t":"auth","node":33120,"up_ms":357818,"enrolled":1,"required":1,"verified_peers":2,"verified":3,"cache_hits":358,"refused":0,"rate_limited":0,"stale_epoch":0,"verify_us_max":84770,"link_stack_free_b":1524,"crypto_stack_free_b":1268,"tags_ok":2369,"bad_tag":0,"replayed":0,"untagged":0,"bcast_dropped":0,"beacon_epoch_ignored":0,"tag_us_max":971}
1791638302.558 {"t":"act","node":33120,"setpoint":0,"has_value":0,"writes_served":0}
1791638302.558 {"t":"peers","node":33120,"own_period_ms":100,"own_busy":0,"channel":1,"scanning":0,"scans":0,"hops":0,"found":0,"lost_to_found_ms":0,"moves_followed":0,"moves_refused":0,"sweeps":0,"sweep_found":0,"sweeping":0,"search_visits":0,"relay":0,"fwd_u":0,"fwd_b":0,"fwd_h":0,"relay_dup":3687,"list":[{"id":29544,"state":"alive","via_relay":0,"period_ms":100,"misses":6,"busy":1,"rtt_n":178},{"id":25344,"state":"alive","via_relay":0,"period_ms":100,"misses":6,"busy":0,"rtt_n":177}]}
1791638302.558 {"t":"ss","node":33120,"accepted":0,"unsigned":0,"unknown_sender":0,"bad_signature":0,"replayed":0,"rate_limited":0,"verify_us_max":0,"floors":[{"src":25344,"epoch":139,"counter":1}]}
1791638302.558 {"t":"rec","node":33120,"up_ms":357913,"settled":1,"sent":1427,"received":1350,"malformed":0,"views":3,"replies_fenced":0,"actors":[{"key":1245650351,"running":0,"term":0,"owner":25344,"owner_term":11,"assigned":25344,"starts":0,"fenced":0,"released":0}]}
1791638302.558 {"t":"node","up_ms":357939,"node":33120,"epoch":294,"peers_alive":2,"peers_dead":0,"no_radio":0,"free_dram":250307,"largest_block":172032,"rx":{"total":17208,"bad_frame":0,"unknown_peer":12,"wrong_dst":0,"short_payload":0,"unknown_opcode":0,"queue_dropped":50},"tx":{"total":6187,"enqueue_err":0,"done_queue_dropped":0},"membership":{"deaths":1,"revivals":0,"reboots_seen":1,"table_full":0,"events_dropped":0}}
1791638302.882 {"t":"ns","node":33120,"hash":13581963,"owner":33120,"kind":"sampled","unit":100,"class":4,"bound_ms":5000,"quality":"GOOD","age_ms":343,"ts":357626,"updates":34,"value":2}
1791638302.882 {"t":"ns","node":33120,"hash":3142365229,"owner":33120,"kind":"sampled","unit":101,"class":4,"bound_ms":30000,"quality":"GOOD","age_ms":358,"ts":357625,"updates":34,"value":172032}
1791638302.882 {"t":"ns","node":33120,"hash":1245650351,"owner":25344,"kind":"sampled","unit":0,"class":3,"bound_ms":500,"quality":"NO_DATA","age_ms":0,"ts":0,"updates":0,"value":null}
1791638302.882 {"t":"ns","node":33120,"hash":2033492666,"owner":33120,"kind":"sampled","unit":0,"class":3,"bound_ms":0,"quality":"NO_DATA","age_ms":0,"ts":0,"updates":0,"value":null}
1791638302.882 {"t":"ns","node":33120,"hash":2347817554,"owner":33120,"kind":"sampled","unit":100,"class":4,"bound_ms":0,"quality":"GOOD","age_ms":401,"ts":357625,"updates":34,"value":294}
1791638302.882 {"t":"ns","node":33120,"hash":1170356950,"owner":33120,"kind":"sampled","unit":80,"class":4,"bound_ms":30000,"quality":"GOOD","age_ms":426,"ts":357625,"updates":34,"value":357}
1791638302.882 {"t":"ns","node":33120,"hash":3085599597,"owner":33120,"kind":"sampled","unit":0,"class":4,"bound_ms":5000,"quality":"GOOD","age_ms":439,"ts":357626,"updates":34,"value":-20}
1791638302.882 {"t":"ns","node":33120,"hash":2486014333,"owner":33120,"kind":"sampled","unit":101,"class":4,"bound_ms":30000,"quality":"GOOD","age_ms":454,"ts":357625,"updates":34,"value":250307}
1791638313.026 {"t":"clk","node":33120,"up_ms":368093}
1791638313.026 {"t":"led","node":33120,"shows":"green","app":0}
1791638313.026 {"t":"event","at_ms":358482,"node":33120,"kind":"peer_admitted","peer":29544,"slot":0,"a":0,"b":0}
1791638313.026 {"t":"event","at_ms":359039,"node":33120,"kind":"peer_admitted","peer":25344,"slot":1,"a":0,"b":0}
1791638313.026 {"t":"event","at_ms":360482,"node":33120,"kind":"peer_admitted","peer":29544,"slot":0,"a":0,"b":0}
1791638313.026 {"t":"event","at_ms":361039,"node":33120,"kind":"peer_admitted","peer":25344,"slot":1,"a":0,"b":0}
1791638313.026 {"t":"event","at_ms":362482,"node":33120,"kind":"peer_admitted","peer":29544,"slot":0,"a":0,"b":0}
1791638313.026 {"t":"event","at_ms":363037,"node":33120,"kind":"peer_admitted","peer":25344,"slot":1,"a":0,"b":0}
1791638313.026 {"t":"event","at_ms":365037,"node":33120,"kind":"peer_admitted","peer":25344,"slot":1,"a":0,"b":0}
1791638313.026 {"t":"event","at_ms":366482,"node":33120,"kind":"peer_admitted","peer":29544,"slot":0,"a":0,"b":0}
1791638313.026 {"t":"event","at_ms":367041,"node":33120,"kind":"peer_admitted","peer":25344,"slot":1,"a":0,"b":0}
1791638313.026 {"t":"link","up_ms":368176,"node":33120,"peer":29544,"mac":"b8:1f:3f:da:73:68","state":"alive","epoch":172,"espnow_ver":2,"mtu":1446,"misses":0,"rssi":-10,"tx":{"frames":1288,"cb_ok":1288,"cb_fail":0,"enqueue_err":0,"pdr_ppm":1000000},"rx":{"frames":5133,"lost_seqgap":0,"reorder_dup":0,"dropped_bad":0,"hb_lost":8,"bcast_frames":3656,"pdr_ppm":1000000},"rtt":{"samples":183,"min_us":5368,"max_us":53247,"timeouts":0,"txq_last_us":20848,"txq_max_us":20848,"remote_turnaround_us":841,"remote_turnaround_max_us":1716,"p50_us":[4000,6000],"p99_us":[22000,30000],"hist":[0,0,0,0,147,25,6,2,1,1,0,1,0,0,0,0]}}
1791638313.026 {"t":"link","up_ms":368230,"node":33120,"peer":25344,"mac":"b8:1f:3f:da:63:00","state":"alive","epoch":245,"espnow_ver":2,"mtu":1446,"misses":0,"rssi":-20,"tx":{"frames":1226,"cb_ok":1225,"cb_fail":1,"enqueue_err":0,"pdr_ppm":999184},"rx":{"frames":4946,"lost_seqgap":1,"reorder_dup":0,"dropped_bad":0,"hb_lost":15,"bcast_frames":3613,"pdr_ppm":999797},"rtt":{"samples":182,"min_us":5745,"max_us":37069,"timeouts":1,"txq_last_us":3580,"txq_max_us":11076,"remote_turnaround_us":1007,"remote_turnaround_max_us":9219,"p50_us":[4000,6000],"p99_us":[22000,30000],"hist":[0,0,0,0,128,42,5,3,1,2,1,0,0,0,0,0]}}
1791638313.026 {"t":"auth","node":33120,"up_ms":368274,"enrolled":1,"required":1,"verified_peers":2,"verified":3,"cache_hits":367,"refused":0,"rate_limited":0,"stale_epoch":0,"verify_us_max":84770,"link_stack_free_b":1524,"crypto_stack_free_b":1268,"tags_ok":2440,"bad_tag":0,"replayed":0,"untagged":0,"bcast_dropped":0,"beacon_epoch_ignored":0,"tag_us_max":971}
1791638313.026 {"t":"act","node":33120,"setpoint":0,"has_value":0,"writes_served":0}
1791638313.026 {"t":"peers","node":33120,"own_period_ms":100,"own_busy":0,"channel":1,"scanning":0,"scans":0,"hops":0,"found":0,"lost_to_found_ms":0,"moves_followed":0,"moves_refused":0,"sweeps":0,"sweep_found":0,"sweeping":0,"search_visits":0,"relay":0,"fwd_u":0,"fwd_b":0,"fwd_h":0,"relay_dup":3795,"list":[{"id":29544,"state":"alive","via_relay":0,"period_ms":100,"misses":6,"busy":1,"rtt_n":183},{"id":25344,"state":"alive","via_relay":0,"period_ms":100,"misses":6,"busy":0,"rtt_n":182}]}
1791638313.026 {"t":"ss","node":33120,"accepted":0,"unsigned":0,"unknown_sender":0,"bad_signature":0,"replayed":0,"rate_limited":0,"verify_us_max":0,"floors":[{"src":25344,"epoch":139,"counter":1}]}
1791638313.026 {"t":"rec","node":33120,"up_ms":368368,"settled":1,"sent":1469,"received":1392,"malformed":0,"views":3,"replies_fenced":0,"actors":[{"key":1245650351,"running":0,"term":0,"owner":25344,"owner_term":11,"assigned":25344,"starts":0,"fenced":0,"released":0}]}
1791638313.026 {"t":"node","up_ms":368395,"node":33120,"epoch":294,"peers_alive":2,"peers_dead":0,"no_radio":0,"free_dram":250307,"largest_block":172032,"rx":{"total":17714,"bad_frame":0,"unknown_peer":12,"wrong_dst":0,"short_payload":0,"unknown_opcode":0,"queue_dropped":50},"tx":{"total":6368,"enqueue_err":0,"done_queue_dropped":0},"membership":{"deaths":1,"revivals":0,"reboots_seen":1,"table_full":0,"events_dropped":0}}
1791638313.342 {"t":"ns","node":33120,"hash":13581963,"owner":33120,"kind":"sampled","unit":100,"class":4,"bound_ms":5000,"quality":"GOOD","age_ms":340,"ts":368095,"updates":35,"value":2}
1791638313.342 {"t":"ns","node":33120,"hash":3142365229,"owner":33120,"kind":"sampled","unit":101,"class":4,"bound_ms":30000,"quality":"GOOD","age_ms":355,"ts":368094,"updates":35,"value":172032}
1791638313.342 {"t":"ns","node":33120,"hash":1245650351,"owner":25344,"kind":"sampled","unit":0,"class":3,"bound_ms":500,"quality":"NO_DATA","age_ms":0,"ts":0,"updates":0,"value":null}
1791638313.342 {"t":"ns","node":33120,"hash":2033492666,"owner":33120,"kind":"sampled","unit":0,"class":3,"bound_ms":0,"quality":"NO_DATA","age_ms":0,"ts":0,"updates":0,"value":null}
1791638313.342 {"t":"ns","node":33120,"hash":2347817554,"owner":33120,"kind":"sampled","unit":100,"class":4,"bound_ms":0,"quality":"GOOD","age_ms":399,"ts":368094,"updates":35,"value":294}
1791638313.342 {"t":"ns","node":33120,"hash":1170356950,"owner":33120,"kind":"sampled","unit":80,"class":4,"bound_ms":30000,"quality":"GOOD","age_ms":413,"ts":368094,"updates":35,"value":368}
1791638313.342 {"t":"ns","node":33120,"hash":3085599597,"owner":33120,"kind":"sampled","unit":0,"class":4,"bound_ms":5000,"quality":"GOOD","age_ms":426,"ts":368095,"updates":35,"value":-20}
1791638313.342 {"t":"ns","node":33120,"hash":2486014333,"owner":33120,"kind":"sampled","unit":101,"class":4,"bound_ms":30000,"quality":"GOOD","age_ms":441,"ts":368094,"updates":35,"value":250307}
1791638323.485 {"t":"clk","node":33120,"up_ms":378550}
1791638323.485 {"t":"led","node":33120,"shows":"green","app":0}
1791638323.485 {"t":"event","at_ms":368482,"node":33120,"kind":"peer_admitted","peer":29544,"slot":0,"a":0,"b":0}
1791638323.485 {"t":"event","at_ms":369037,"node":33120,"kind":"peer_admitted","peer":25344,"slot":1,"a":0,"b":0}
1791638323.485 {"t":"event","at_ms":370482,"node":33120,"kind":"peer_admitted","peer":29544,"slot":0,"a":0,"b":0}
1791638323.485 {"t":"event","at_ms":371057,"node":33120,"kind":"peer_admitted","peer":25344,"slot":1,"a":0,"b":0}
1791638323.485 {"t":"event","at_ms":372482,"node":33120,"kind":"peer_admitted","peer":29544,"slot":0,"a":0,"b":0}
1791638323.485 {"t":"event","at_ms":373037,"node":33120,"kind":"peer_admitted","peer":25344,"slot":1,"a":0,"b":0}
1791638323.485 {"t":"event","at_ms":374482,"node":33120,"kind":"peer_admitted","peer":29544,"slot":0,"a":0,"b":0}
1791638323.485 {"t":"event","at_ms":375037,"node":33120,"kind":"peer_admitted","peer":25344,"slot":1,"a":0,"b":0}
1791638323.485 {"t":"event","at_ms":376482,"node":33120,"kind":"peer_admitted","peer":29544,"slot":0,"a":0,"b":0}
1791638323.485 {"t":"event","at_ms":377037,"node":33120,"kind":"peer_admitted","peer":25344,"slot":1,"a":0,"b":0}
1791638323.485 {"t":"event","at_ms":378482,"node":33120,"kind":"peer_admitted","peer":29544,"slot":0,"a":0,"b":0}
1791638323.485 {"t":"link","up_ms":378647,"node":33120,"peer":29544,"mac":"b8:1f:3f:da:73:68","state":"alive","epoch":172,"espnow_ver":2,"mtu":1446,"misses":0,"rssi":-10,"tx":{"frames":1326,"cb_ok":1326,"cb_fail":0,"enqueue_err":0,"pdr_ppm":1000000},"rx":{"frames":5280,"lost_seqgap":0,"reorder_dup":0,"dropped_bad":0,"hb_lost":8,"bcast_frames":3760,"pdr_ppm":1000000},"rtt":{"samples":188,"min_us":5368,"max_us":53247,"timeouts":0,"txq_last_us":20848,"txq_max_us":20848,"remote_turnaround_us":877,"remote_turnaround_max_us":1716,"p50_us":[4000,6000],"p99_us":[22000,30000],"hist":[0,0,0,0,152,25,6,2,1,1,0,1,0,0,0,0]}}
1791638323.485 {"t":"link","up_ms":378701,"node":33120,"peer":25344,"mac":"b8:1f:3f:da:63:00","state":"alive","epoch":245,"espnow_ver":2,"mtu":1446,"misses":0,"rssi":-20,"tx":{"frames":1260,"cb_ok":1259,"cb_fail":1,"enqueue_err":0,"pdr_ppm":999206},"rx":{"frames":5088,"lost_seqgap":1,"reorder_dup":0,"dropped_bad":0,"hb_lost":16,"bcast_frames":3717,"pdr_ppm":999803},"rtt":{"samples":187,"min_us":5745,"max_us":37069,"timeouts":1,"txq_last_us":3580,"txq_max_us":11076,"remote_turnaround_us":1005,"remote_turnaround_max_us":9219,"p50_us":[4000,6000],"p99_us":[22000,30000],"hist":[0,0,0,0,131,43,6,3,1,2,1,0,0,0,0,0]}}
1791638323.485 {"t":"auth","node":33120,"up_ms":378756,"enrolled":1,"required":1,"verified_peers":2,"verified":3,"cache_hits":378,"refused":0,"rate_limited":0,"stale_epoch":0,"verify_us_max":84770,"link_stack_free_b":1524,"crypto_stack_free_b":1268,"tags_ok":2511,"bad_tag":0,"replayed":0,"untagged":0,"bcast_dropped":0,"beacon_epoch_ignored":0,"tag_us_max":971}
1791638323.485 {"t":"act","node":33120,"setpoint":0,"has_value":0,"writes_served":0}
1791638323.485 {"t":"peers","node":33120,"own_period_ms":100,"own_busy":0,"channel":1,"scanning":0,"scans":0,"hops":0,"found":0,"lost_to_found_ms":0,"moves_followed":0,"moves_refused":0,"sweeps":0,"sweep_found":0,"sweeping":0,"search_visits":0,"relay":0,"fwd_u":0,"fwd_b":0,"fwd_h":0,"relay_dup":3904,"list":[{"id":29544,"state":"alive","via_relay":0,"period_ms":100,"misses":6,"busy":1,"rtt_n":189},{"id":25344,"state":"alive","via_relay":0,"period_ms":100,"misses":6,"busy":0,"rtt_n":187}]}
1791638323.485 {"t":"ss","node":33120,"accepted":0,"unsigned":0,"unknown_sender":0,"bad_signature":0,"replayed":0,"rate_limited":0,"verify_us_max":0,"floors":[{"src":25344,"epoch":139,"counter":1}]}
1791638323.485 {"t":"rec","node":33120,"up_ms":378851,"settled":1,"sent":1511,"received":1434,"malformed":0,"views":3,"replies_fenced":0,"actors":[{"key":1245650351,"running":0,"term":0,"owner":25344,"owner_term":11,"assigned":25344,"starts":0,"fenced":0,"released":0}]}
1791638323.826 {"t":"node","up_ms":378866,"node":33120,"epoch":294,"peers_alive":2,"peers_dead":0,"no_radio":0,"free_dram":250307,"largest_block":172032,"rx":{"total":18220,"bad_frame":0,"unknown_peer":12,"wrong_dst":0,"short_payload":0,"unknown_opcode":0,"queue_dropped":50},"tx":{"total":6550,"enqueue_err":0,"done_queue_dropped":0},"membership":{"deaths":1,"revivals":0,"reboots_seen":1,"table_full":0,"events_dropped":0}}
1791638323.826 {"t":"ns","node":33120,"hash":13581963,"owner":33120,"kind":"sampled","unit":100,"class":4,"bound_ms":5000,"quality":"GOOD","age_ms":354,"ts":378552,"updates":36,"value":2}
1791638323.826 {"t":"ns","node":33120,"hash":3142365229,"owner":33120,"kind":"sampled","unit":101,"class":4,"bound_ms":30000,"quality":"GOOD","age_ms":369,"ts":378551,"updates":36,"value":172032}
1791638323.826 {"t":"ns","node":33120,"hash":1245650351,"owner":25344,"kind":"sampled","unit":0,"class":3,"bound_ms":500,"quality":"NO_DATA","age_ms":0,"ts":0,"updates":0,"value":null}
1791638323.826 {"t":"ns","node":33120,"hash":2033492666,"owner":33120,"kind":"sampled","unit":0,"class":3,"bound_ms":0,"quality":"NO_DATA","age_ms":0,"ts":0,"updates":0,"value":null}
1791638323.826 {"t":"ns","node":33120,"hash":2347817554,"owner":33120,"kind":"sampled","unit":100,"class":4,"bound_ms":0,"quality":"GOOD","age_ms":411,"ts":378551,"updates":36,"value":294}
1791638323.826 {"t":"ns","node":33120,"hash":1170356950,"owner":33120,"kind":"sampled","unit":80,"class":4,"bound_ms":30000,"quality":"GOOD","age_ms":425,"ts":378551,"updates":36,"value":378}
1791638323.826 {"t":"ns","node":33120,"hash":3085599597,"owner":33120,"kind":"sampled","unit":0,"class":4,"bound_ms":5000,"quality":"GOOD","age_ms":449,"ts":378552,"updates":36,"value":-20}
1791638323.826 {"t":"ns","node":33120,"hash":2486014333,"owner":33120,"kind":"sampled","unit":101,"class":4,"bound_ms":30000,"quality":"GOOD","age_ms":465,"ts":378551,"updates":36,"value":250307}
1791638333.965 {"t":"clk","node":33120,"up_ms":389030}
1791638333.965 {"t":"led","node":33120,"shows":"green","app":0}
1791638333.965 {"t":"event","at_ms":379037,"node":33120,"kind":"peer_admitted","peer":25344,"slot":1,"a":0,"b":0}
1791638333.965 {"t":"event","at_ms":380484,"node":33120,"kind":"peer_admitted","peer":29544,"slot":0,"a":0,"b":0}
1791638333.965 {"t":"event","at_ms":381037,"node":33120,"kind":"peer_admitted","peer":25344,"slot":1,"a":0,"b":0}
1791638333.965 {"t":"event","at_ms":382482,"node":33120,"kind":"peer_admitted","peer":29544,"slot":0,"a":0,"b":0}
1791638333.965 {"t":"event","at_ms":383037,"node":33120,"kind":"peer_admitted","peer":25344,"slot":1,"a":0,"b":0}
1791638333.965 {"t":"event","at_ms":384482,"node":33120,"kind":"peer_admitted","peer":29544,"slot":0,"a":0,"b":0}
1791638333.965 {"t":"event","at_ms":385037,"node":33120,"kind":"peer_admitted","peer":25344,"slot":1,"a":0,"b":0}
1791638333.965 {"t":"event","at_ms":386482,"node":33120,"kind":"peer_admitted","peer":29544,"slot":0,"a":0,"b":0}
1791638333.965 {"t":"event","at_ms":387038,"node":33120,"kind":"peer_admitted","peer":25344,"slot":1,"a":0,"b":0}
1791638333.965 {"t":"event","at_ms":388483,"node":33120,"kind":"peer_admitted","peer":29544,"slot":0,"a":0,"b":0}
1791638333.965 {"t":"event","at_ms":389037,"node":33120,"kind":"peer_admitted","peer":25344,"slot":1,"a":0,"b":0}
1791638333.965 {"t":"link","up_ms":389127,"node":33120,"peer":29544,"mac":"b8:1f:3f:da:73:68","state":"alive","epoch":172,"espnow_ver":2,"mtu":1446,"misses":0,"rssi":-10,"tx":{"frames":1363,"cb_ok":1363,"cb_fail":0,"enqueue_err":0,"pdr_ppm":1000000},"rx":{"frames":5427,"lost_seqgap":0,"reorder_dup":0,"dropped_bad":0,"hb_lost":8,"bcast_frames":3865,"pdr_ppm":1000000},"rtt":{"samples":194,"min_us":5368,"max_us":53247,"timeouts":0,"txq_last_us":20848,"txq_max_us":20848,"remote_turnaround_us":1036,"remote_turnaround_max_us":1716,"p50_us":[4000,6000],"p99_us":[22000,30000],"hist":[0,0,0,0,156,27,6,2,1,1,0,1,0,0,0,0]}}
1791638333.965 {"t":"link","up_ms":389182,"node":33120,"peer":25344,"mac":"b8:1f:3f:da:63:00","state":"alive","epoch":245,"espnow_ver":2,"mtu":1446,"misses":0,"rssi":-20,"tx":{"frames":1296,"cb_ok":1295,"cb_fail":1,"enqueue_err":0,"pdr_ppm":999228},"rx":{"frames":5234,"lost_seqgap":1,"reorder_dup":0,"dropped_bad":0,"hb_lost":16,"bcast_frames":3822,"pdr_ppm":999808},"rtt":{"samples":192,"min_us":5745,"max_us":37069,"timeouts":1,"txq_last_us":3580,"txq_max_us":11076,"remote_turnaround_us":998,"remote_turnaround_max_us":9219,"p50_us":[4000,6000],"p99_us":[22000,30000],"hist":[0,0,0,0,136,43,6,3,1,2,1,0,0,0,0,0]}}
1791638333.965 {"t":"auth","node":33120,"up_ms":389236,"enrolled":1,"required":1,"verified_peers":2,"verified":3,"cache_hits":389,"refused":0,"rate_limited":0,"stale_epoch":0,"verify_us_max":84770,"link_stack_free_b":1524,"crypto_stack_free_b":1268,"tags_ok":2583,"bad_tag":0,"replayed":0,"untagged":0,"bcast_dropped":0,"beacon_epoch_ignored":0,"tag_us_max":971}
1791638333.965 {"t":"act","node":33120,"setpoint":0,"has_value":0,"writes_served":0}
1791638333.965 {"t":"peers","node":33120,"own_period_ms":100,"own_busy":0,"channel":1,"scanning":0,"scans":0,"hops":0,"found":0,"lost_to_found_ms":0,"moves_followed":0,"moves_refused":0,"sweeps":0,"sweep_found":0,"sweeping":0,"search_visits":0,"relay":0,"fwd_u":0,"fwd_b":0,"fwd_h":0,"relay_dup":4014,"list":[{"id":29544,"state":"alive","via_relay":0,"period_ms":100,"misses":6,"busy":1,"rtt_n":194},{"id":25344,"state":"alive","via_relay":0,"period_ms":100,"misses":6,"busy":0,"rtt_n":192}]}
1791638333.965 {"t":"ss","node":33120,"accepted":0,"unsigned":0,"unknown_sender":0,"bad_signature":0,"replayed":0,"rate_limited":0,"verify_us_max":0,"floors":[{"src":25344,"epoch":139,"counter":1}]}
1791638333.965 {"t":"rec","node":33120,"up_ms":389331,"settled":1,"sent":1553,"received":1476,"malformed":0,"views":3,"replies_fenced":0,"actors":[{"key":1245650351,"running":0,"term":0,"owner":25344,"owner_term":11,"assigned":25344,"starts":0,"fenced":0,"released":0}]}
1791638334.299 {"t":"node","up_ms":389346,"node":33120,"epoch":294,"peers_alive":2,"peers_dead":0,"no_radio":0,"free_dram":250307,"largest_block":172032,"rx":{"total":18732,"bad_frame":0,"unknown_peer":12,"wrong_dst":0,"short_payload":0,"unknown_opcode":0,"queue_dropped":50},"tx":{"total":6732,"enqueue_err":0,"done_queue_dropped":0},"membership":{"deaths":1,"revivals":0,"reboots_seen":1,"table_full":0,"events_dropped":0}}
1791638334.299 {"t":"ns","node":33120,"hash":13581963,"owner":33120,"kind":"sampled","unit":100,"class":4,"bound_ms":5000,"quality":"GOOD","age_ms":354,"ts":389032,"updates":37,"value":2}
1791638334.299 {"t":"ns","node":33120,"hash":3142365229,"owner":33120,"kind":"sampled","unit":101,"class":4,"bound_ms":30000,"quality":"GOOD","age_ms":369,"ts":389031,"updates":37,"value":172032}
1791638334.299 {"t":"ns","node":33120,"hash":1245650351,"owner":25344,"kind":"sampled","unit":0,"class":3,"bound_ms":500,"quality":"NO_DATA","age_ms":0,"ts":0,"updates":0,"value":null}
1791638334.299 {"t":"ns","node":33120,"hash":2033492666,"owner":33120,"kind":"sampled","unit":0,"class":3,"bound_ms":0,"quality":"NO_DATA","age_ms":0,"ts":0,"updates":0,"value":null}
1791638334.299 {"t":"ns","node":33120,"hash":2347817554,"owner":33120,"kind":"sampled","unit":100,"class":4,"bound_ms":0,"quality":"GOOD","age_ms":410,"ts":389032,"updates":37,"value":294}
1791638334.299 {"t":"ns","node":33120,"hash":1170356950,"owner":33120,"kind":"sampled","unit":80,"class":4,"bound_ms":30000,"quality":"GOOD","age_ms":426,"ts":389031,"updates":37,"value":389}
1791638334.299 {"t":"ns","node":33120,"hash":3085599597,"owner":33120,"kind":"sampled","unit":0,"class":4,"bound_ms":5000,"quality":"GOOD","age_ms":439,"ts":389032,"updates":37,"value":-20}
1791638334.299 {"t":"ns","node":33120,"hash":2486014333,"owner":33120,"kind":"sampled","unit":101,"class":4,"bound_ms":30000,"quality":"GOOD","age_ms":465,"ts":389031,"updates":37,"value":250307}
1791638344.443 {"t":"clk","node":33120,"up_ms":399511}
1791638344.443 {"t":"led","node":33120,"shows":"green","app":0}
1791638344.443 {"t":"event","at_ms":390482,"node":33120,"kind":"peer_admitted","peer":29544,"slot":0,"a":0,"b":0}
1791638344.443 {"t":"event","at_ms":391037,"node":33120,"kind":"peer_admitted","peer":25344,"slot":1,"a":0,"b":0}
1791638344.443 {"t":"event","at_ms":392482,"node":33120,"kind":"peer_admitted","peer":29544,"slot":0,"a":0,"b":0}
1791638344.443 {"t":"event","at_ms":393037,"node":33120,"kind":"peer_admitted","peer":25344,"slot":1,"a":0,"b":0}
1791638344.443 {"t":"event","at_ms":394482,"node":33120,"kind":"peer_admitted","peer":29544,"slot":0,"a":0,"b":0}
1791638344.443 {"t":"event","at_ms":395037,"node":33120,"kind":"peer_admitted","peer":25344,"slot":1,"a":0,"b":0}
1791638344.443 {"t":"event","at_ms":396482,"node":33120,"kind":"peer_admitted","peer":29544,"slot":0,"a":0,"b":0}
1791638344.443 {"t":"event","at_ms":397037,"node":33120,"kind":"peer_admitted","peer":25344,"slot":1,"a":0,"b":0}
1791638344.443 {"t":"event","at_ms":398482,"node":33120,"kind":"peer_admitted","peer":29544,"slot":0,"a":0,"b":0}
1791638344.443 {"t":"event","at_ms":399037,"node":33120,"kind":"peer_admitted","peer":25344,"slot":1,"a":0,"b":0}
1791638344.443 {"t":"link","up_ms":399596,"node":33120,"peer":29544,"mac":"b8:1f:3f:da:73:68","state":"alive","epoch":172,"espnow_ver":2,"mtu":1446,"misses":0,"rssi":-10,"tx":{"frames":1399,"cb_ok":1399,"cb_fail":0,"enqueue_err":0,"pdr_ppm":1000000},"rx":{"frames":5573,"lost_seqgap":0,"reorder_dup":0,"dropped_bad":0,"hb_lost":8,"bcast_frames":3970,"pdr_ppm":1000000},"rtt":{"samples":199,"min_us":5368,"max_us":53247,"timeouts":0,"txq_last_us":20848,"txq_max_us":20848,"remote_turnaround_us":878,"remote_turnaround_max_us":1716,"p50_us":[4000,6000],"p99_us":[22000,30000],"hist":[0,0,0,0,160,28,6,2,1,1,0,1,0,0,0,0]}}
1791638344.443 {"t":"link","up_ms":399650,"node":33120,"peer":25344,"mac":"b8:1f:3f:da:63:00","state":"alive","epoch":245,"espnow_ver":2,"mtu":1446,"misses":0,"rssi":-20,"tx":{"frames":1330,"cb_ok":1329,"cb_fail":1,"enqueue_err":0,"pdr_ppm":999248},"rx":{"frames":5377,"lost_seqgap":1,"reorder_dup":0,"dropped_bad":0,"hb_lost":16,"bcast_frames":3926,"pdr_ppm":999814},"rtt":{"samples":197,"min_us":5745,"max_us":37069,"timeouts":1,"txq_last_us":3580,"txq_max_us":11076,"remote_turnaround_us":998,"remote_turnaround_max_us":9219,"p50_us":[4000,6000],"p99_us":[22000,30000],"hist":[0,0,0,0,137,47,6,3,1,2,1,0,0,0,0,0]}}
1791638344.443 {"t":"auth","node":33120,"up_ms":399704,"enrolled":1,"required":1,"verified_peers":2,"verified":3,"cache_hits":399,"refused":0,"rate_limited":0,"stale_epoch":0,"verify_us_max":84770,"link_stack_free_b":1524,"crypto_stack_free_b":1268,"tags_ok":2652,"bad_tag":0,"replayed":0,"untagged":0,"bcast_dropped":0,"beacon_epoch_ignored":0,"tag_us_max":971}
1791638344.443 {"t":"act","node":33120,"setpoint":0,"has_value":0,"writes_served":0}
1791638344.443 {"t":"peers","node":33120,"own_period_ms":100,"own_busy":0,"channel":1,"scanning":0,"scans":0,"hops":0,"found":0,"lost_to_found_ms":0,"moves_followed":0,"moves_refused":0,"sweeps":0,"sweep_found":0,"sweeping":0,"search_visits":0,"relay":0,"fwd_u":0,"fwd_b":0,"fwd_h":0,"relay_dup":4124,"list":[{"id":29544,"state":"alive","via_relay":0,"period_ms":100,"misses":6,"busy":1,"rtt_n":199},{"id":25344,"state":"alive","via_relay":0,"period_ms":100,"misses":6,"busy":0,"rtt_n":197}]}
1791638344.443 {"t":"ss","node":33120,"accepted":0,"unsigned":0,"unknown_sender":0,"bad_signature":0,"replayed":0,"rate_limited":0,"verify_us_max":0,"floors":[{"src":25344,"epoch":139,"counter":1}]}
1791638344.443 {"t":"rec","node":33120,"up_ms":399799,"settled":1,"sent":1595,"received":1518,"malformed":0,"views":3,"replies_fenced":0,"actors":[{"key":1245650351,"running":0,"term":0,"owner":25344,"owner_term":11,"assigned":25344,"starts":0,"fenced":0,"released":0}]}
1791638344.443 {"t":"node","up_ms":399826,"node":33120,"epoch":294,"peers_alive":2,"peers_dead":0,"no_radio":0,"free_dram":250307,"largest_block":172032,"rx":{"total":19245,"bad_frame":0,"unknown_peer":12,"wrong_dst":0,"short_payload":0,"unknown_opcode":0,"queue_dropped":50},"tx":{"total":6913,"enqueue_err":0,"done_queue_dropped":0},"membership":{"deaths":1,"revivals":0,"reboots_seen":1,"table_full":0,"events_dropped":0}}
1791638344.767 {"t":"ns","node":33120,"hash":13581963,"owner":33120,"kind":"sampled","unit":100,"class":4,"bound_ms":5000,"quality":"GOOD","age_ms":343,"ts":399513,"updates":38,"value":2}
1791638344.767 {"t":"ns","node":33120,"hash":3142365229,"owner":33120,"kind":"sampled","unit":101,"class":4,"bound_ms":30000,"quality":"GOOD","age_ms":357,"ts":399513,"updates":38,"value":172032}
1791638344.767 {"t":"ns","node":33120,"hash":1245650351,"owner":25344,"kind":"sampled","unit":0,"class":3,"bound_ms":500,"quality":"NO_DATA","age_ms":0,"ts":0,"updates":0,"value":null}
1791638344.767 {"t":"ns","node":33120,"hash":2033492666,"owner":33120,"kind":"sampled","unit":0,"class":3,"bound_ms":0,"quality":"NO_DATA","age_ms":0,"ts":0,"updates":0,"value":null}
1791638344.767 {"t":"ns","node":33120,"hash":2347817554,"owner":33120,"kind":"sampled","unit":100,"class":4,"bound_ms":0,"quality":"GOOD","age_ms":399,"ts":399513,"updates":38,"value":294}
1791638344.767 {"t":"ns","node":33120,"hash":1170356950,"owner":33120,"kind":"sampled","unit":80,"class":4,"bound_ms":30000,"quality":"GOOD","age_ms":424,"ts":399513,"updates":38,"value":399}
1791638344.767 {"t":"ns","node":33120,"hash":3085599597,"owner":33120,"kind":"sampled","unit":0,"class":4,"bound_ms":5000,"quality":"GOOD","age_ms":438,"ts":399513,"updates":38,"value":-20}
1791638344.767 {"t":"ns","node":33120,"hash":2486014333,"owner":33120,"kind":"sampled","unit":101,"class":4,"bound_ms":30000,"quality":"GOOD","age_ms":452,"ts":399513,"updates":38,"value":250307}
1791638354.912 {"t":"clk","node":33120,"up_ms":409980}
1791638354.912 {"t":"led","node":33120,"shows":"green","app":0}
1791638354.912 {"t":"event","at_ms":400482,"node":33120,"kind":"peer_admitted","peer":29544,"slot":0,"a":0,"b":0}
1791638354.912 {"t":"event","at_ms":401037,"node":33120,"kind":"peer_admitted","peer":25344,"slot":1,"a":0,"b":0}
1791638354.912 {"t":"event","at_ms":402482,"node":33120,"kind":"peer_admitted","peer":29544,"slot":0,"a":0,"b":0}
1791638354.912 {"t":"event","at_ms":403037,"node":33120,"kind":"peer_admitted","peer":25344,"slot":1,"a":0,"b":0}
1791638354.912 {"t":"event","at_ms":404482,"node":33120,"kind":"peer_admitted","peer":29544,"slot":0,"a":0,"b":0}
1791638354.912 {"t":"event","at_ms":405037,"node":33120,"kind":"peer_admitted","peer":25344,"slot":1,"a":0,"b":0}
1791638354.912 {"t":"event","at_ms":406482,"node":33120,"kind":"peer_admitted","peer":29544,"slot":0,"a":0,"b":0}
1791638354.912 {"t":"event","at_ms":407037,"node":33120,"kind":"peer_admitted","peer":25344,"slot":1,"a":0,"b":0}
1791638354.912 {"t":"event","at_ms":408482,"node":33120,"kind":"peer_admitted","peer":29544,"slot":0,"a":0,"b":0}
1791638354.912 {"t":"event","at_ms":409037,"node":33120,"kind":"peer_admitted","peer":25344,"slot":1,"a":0,"b":0}
1791638354.912 {"t":"link","up_ms":410065,"node":33120,"peer":29544,"mac":"b8:1f:3f:da:73:68","state":"alive","epoch":172,"espnow_ver":2,"mtu":1446,"misses":0,"rssi":-11,"tx":{"frames":1435,"cb_ok":1435,"cb_fail":0,"enqueue_err":0,"pdr_ppm":1000000},"rx":{"frames":5720,"lost_seqgap":0,"reorder_dup":0,"dropped_bad":0,"hb_lost":8,"bcast_frames":4075,"pdr_ppm":1000000},"rtt":{"samples":204,"min_us":5368,"max_us":54362,"timeouts":0,"txq_last_us":2803,"txq_max_us":20848,"remote_turnaround_us":853,"remote_turnaround_max_us":1716,"p50_us":[4000,6000],"p99_us":[22000,30000],"hist":[0,0,0,0,164,28,6,2,1,1,0,2,0,0,0,0]}}
1791638354.912 {"t":"link","up_ms":410119,"node":33120,"peer":25344,"mac":"b8:1f:3f:da:63:00","state":"alive","epoch":245,"espnow_ver":2,"mtu":1446,"misses":0,"rssi":-20,"tx":{"frames":1366,"cb_ok":1365,"cb_fail":1,"enqueue_err":0,"pdr_ppm":999267},"rx":{"frames":5524,"lost_seqgap":1,"reorder_dup":0,"dropped_bad":0,"hb_lost":16,"bcast_frames":4031,"pdr_ppm":999819},"rtt":{"samples":203,"min_us":5745,"max_us":37069,"timeouts":1,"txq_last_us":3580,"txq_max_us":11076,"remote_turnaround_us":1008,"remote_turnaround_max_us":9219,"p50_us":[4000,6000],"p99_us":[22000,30000],"hist":[0,0,0,0,141,49,6,3,1,2,1,0,0,0,0,0]}}
1791638354.912 {"t":"auth","node":33120,"up_ms":410173,"enrolled":1,"required":1,"verified_peers":2,"verified":3,"cache_hits":409,"refused":0,"rate_limited":0,"stale_epoch":0,"verify_us_max":84770,"link_stack_free_b":1524,"crypto_stack_free_b":1268,"tags_ok":2726,"bad_tag":0,"replayed":0,"untagged":0,"bcast_dropped":0,"beacon_epoch_ignored":0,"tag_us_max":1106}
1791638354.912 {"t":"act","node":33120,"setpoint":0,"has_value":0,"writes_served":0}
1791638354.912 {"t":"peers","node":33120,"own_period_ms":100,"own_busy":0,"channel":1,"scanning":0,"scans":0,"hops":0,"found":0,"lost_to_found_ms":0,"moves_followed":0,"moves_refused":0,"sweeps":0,"sweep_found":0,"sweeping":0,"search_visits":0,"relay":0,"fwd_u":0,"fwd_b":0,"fwd_h":0,"relay_dup":4234,"list":[{"id":29544,"state":"alive","via_relay":0,"period_ms":100,"misses":6,"busy":1,"rtt_n":204},{"id":25344,"state":"alive","via_relay":0,"period_ms":100,"misses":6,"busy":0,"rtt_n":203}]}
1791638354.912 {"t":"ss","node":33120,"accepted":0,"unsigned":0,"unknown_sender":0,"bad_signature":0,"replayed":0,"rate_limited":0,"verify_us_max":0,"floors":[{"src":25344,"epoch":139,"counter":1}]}
1791638354.912 {"t":"rec","node":33120,"up_ms":410268,"settled":1,"sent":1637,"received":1560,"malformed":0,"views":3,"replies_fenced":0,"actors":[{"key":1245650351,"running":0,"term":0,"owner":25344,"owner_term":11,"assigned":25344,"starts":0,"fenced":0,"released":0}]}
1791638354.912 {"t":"node","up_ms":410294,"node":33120,"epoch":294,"peers_alive":2,"peers_dead":0,"no_radio":0,"free_dram":250307,"largest_block":172032,"rx":{"total":19756,"bad_frame":0,"unknown_peer":12,"wrong_dst":0,"short_payload":0,"unknown_opcode":0,"queue_dropped":50},"tx":{"total":7094,"enqueue_err":0,"done_queue_dropped":0},"membership":{"deaths":1,"revivals":0,"reboots_seen":1,"table_full":0,"events_dropped":0}}
1791638355.235 {"t":"ns","node":33120,"hash":13581963,"owner":33120,"kind":"sampled","unit":100,"class":4,"bound_ms":5000,"quality":"GOOD","age_ms":341,"ts":409982,"updates":39,"value":2}
1791638355.235 {"t":"ns","node":33120,"hash":3142365229,"owner":33120,"kind":"sampled","unit":101,"class":4,"bound_ms":30000,"quality":"GOOD","age_ms":356,"ts":409981,"updates":39,"value":172032}
1791638355.235 {"t":"ns","node":33120,"hash":1245650351,"owner":25344,"kind":"sampled","unit":0,"class":3,"bound_ms":500,"quality":"NO_DATA","age_ms":0,"ts":0,"updates":0,"value":null}
1791638355.235 {"t":"ns","node":33120,"hash":2033492666,"owner":33120,"kind":"sampled","unit":0,"class":3,"bound_ms":0,"quality":"NO_DATA","age_ms":0,"ts":0,"updates":0,"value":null}
1791638355.235 {"t":"ns","node":33120,"hash":2347817554,"owner":33120,"kind":"sampled","unit":100,"class":4,"bound_ms":0,"quality":"GOOD","age_ms":410,"ts":409981,"updates":39,"value":294}
1791638355.235 {"t":"ns","node":33120,"hash":1170356950,"owner":33120,"kind":"sampled","unit":80,"class":4,"bound_ms":30000,"quality":"GOOD","age_ms":424,"ts":409981,"updates":39,"value":409}
1791638355.235 {"t":"ns","node":33120,"hash":3085599597,"owner":33120,"kind":"sampled","unit":0,"class":4,"bound_ms":5000,"quality":"GOOD","age_ms":437,"ts":409982,"updates":39,"value":-20}
1791638355.235 {"t":"ns","node":33120,"hash":2486014333,"owner":33120,"kind":"sampled","unit":101,"class":4,"bound_ms":30000,"quality":"GOOD","age_ms":452,"ts":409981,"updates":39,"value":250307}
1791638365.378 {"t":"clk","node":33120,"up_ms":420447}
1791638365.378 {"t":"led","node":33120,"shows":"green","app":0}
1791638365.378 {"t":"event","at_ms":410482,"node":33120,"kind":"peer_admitted","peer":29544,"slot":0,"a":0,"b":0}
1791638365.378 {"t":"event","at_ms":411037,"node":33120,"kind":"peer_admitted","peer":25344,"slot":1,"a":0,"b":0}
1791638365.378 {"t":"event","at_ms":412482,"node":33120,"kind":"peer_admitted","peer":29544,"slot":0,"a":0,"b":0}
1791638365.378 {"t":"event","at_ms":413037,"node":33120,"kind":"peer_admitted","peer":25344,"slot":1,"a":0,"b":0}
1791638365.378 {"t":"event","at_ms":414485,"node":33120,"kind":"peer_admitted","peer":29544,"slot":0,"a":0,"b":0}
1791638365.378 {"t":"event","at_ms":415037,"node":33120,"kind":"peer_admitted","peer":25344,"slot":1,"a":0,"b":0}
1791638365.378 {"t":"event","at_ms":416482,"node":33120,"kind":"peer_admitted","peer":29544,"slot":0,"a":0,"b":0}
1791638365.378 {"t":"event","at_ms":417037,"node":33120,"kind":"peer_admitted","peer":25344,"slot":1,"a":0,"b":0}
1791638365.378 {"t":"event","at_ms":418482,"node":33120,"kind":"peer_admitted","peer":29544,"slot":0,"a":0,"b":0}
1791638365.378 {"t":"event","at_ms":419037,"node":33120,"kind":"peer_admitted","peer":25344,"slot":1,"a":0,"b":0}
1791638365.378 {"t":"event","at_ms":420484,"node":33120,"kind":"peer_admitted","peer":29544,"slot":0,"a":0,"b":0}
1791638365.378 {"t":"link","up_ms":420545,"node":33120,"peer":29544,"mac":"b8:1f:3f:da:73:68","state":"alive","epoch":172,"espnow_ver":2,"mtu":1446,"misses":0,"rssi":-10,"tx":{"frames":1473,"cb_ok":1473,"cb_fail":0,"enqueue_err":0,"pdr_ppm":1000000},"rx":{"frames":5867,"lost_seqgap":0,"reorder_dup":0,"dropped_bad":0,"hb_lost":8,"bcast_frames":4179,"pdr_ppm":1000000},"rtt":{"samples":209,"min_us":5368,"max_us":54362,"timeouts":0,"txq_last_us":13924,"txq_max_us":20848,"remote_turnaround_us":883,"remote_turnaround_max_us":1716,"p50_us":[4000,6000],"p99_us":[22000,30000],"hist":[0,0,0,0,168,28,6,2,2,1,0,2,0,0,0,0]}}
1791638365.378 {"t":"link","up_ms":420599,"node":33120,"peer":25344,"mac":"b8:1f:3f:da:63:00","state":"alive","epoch":245,"espnow_ver":2,"mtu":1446,"misses":0,"rssi":-20,"tx":{"frames":1400,"cb_ok":1399,"cb_fail":1,"enqueue_err":0,"pdr_ppm":999285},"rx":{"frames":5668,"lost_seqgap":1,"reorder_dup":0,"dropped_bad":0,"hb_lost":16,"bcast_frames":4136,"pdr_ppm":999823},"rtt":{"samples":208,"min_us":5745,"max_us":37069,"timeouts":1,"txq_last_us":3580,"txq_max_us":11076,"remote_turnaround_us":1020,"remote_turnaround_max_us":9219,"p50_us":[4000,6000],"p99_us":[22000,30000],"hist":[0,0,0,0,146,49,6,3,1,2,1,0,0,0,0,0]}}
1791638365.378 {"t":"auth","node":33120,"up_ms":420653,"enrolled":1,"required":1,"verified_peers":2,"verified":3,"cache_hits":420,"refused":0,"rate_limited":0,"stale_epoch":0,"verify_us_max":84770,"link_stack_free_b":1524,"crypto_stack_free_b":1268,"tags_ok":2797,"bad_tag":0,"replayed":0,"untagged":0,"bcast_dropped":0,"beacon_epoch_ignored":0,"tag_us_max":1106}
1791638365.378 {"t":"act","node":33120,"setpoint":0,"has_value":0,"writes_served":0}
1791638365.378 {"t":"peers","node":33120,"own_period_ms":100,"own_busy":0,"channel":1,"scanning":0,"scans":0,"hops":0,"found":0,"lost_to_found_ms":0,"moves_followed":0,"moves_refused":0,"sweeps":0,"sweep_found":0,"sweeping":0,"search_visits":0,"relay":0,"fwd_u":0,"fwd_b":0,"fwd_h":0,"relay_dup":4344,"list":[{"id":29544,"state":"alive","via_relay":0,"period_ms":100,"misses":6,"busy":1,"rtt_n":209},{"id":25344,"state":"alive","via_relay":0,"period_ms":100,"misses":6,"busy":0,"rtt_n":208}]}
1791638365.378 {"t":"ss","node":33120,"accepted":0,"unsigned":0,"unknown_sender":0,"bad_signature":0,"replayed":0,"rate_limited":0,"verify_us_max":0,"floors":[{"src":25344,"epoch":139,"counter":1}]}
1791638365.378 {"t":"rec","node":33120,"up_ms":420748,"settled":1,"sent":1679,"received":1602,"malformed":0,"views":3,"replies_fenced":0,"actors":[{"key":1245650351,"running":0,"term":0,"owner":25344,"owner_term":11,"assigned":25344,"starts":0,"fenced":0,"released":0}]}
1791638365.719 {"t":"node","up_ms":420763,"node":33120,"epoch":294,"peers_alive":2,"peers_dead":0,"no_radio":0,"free_dram":250307,"largest_block":172032,"rx":{"total":20266,"bad_frame":0,"unknown_peer":12,"wrong_dst":0,"short_payload":0,"unknown_opcode":0,"queue_dropped":50},"tx":{"total":7276,"enqueue_err":0,"done_queue_dropped":0},"membership":{"deaths":1,"revivals":0,"reboots_seen":1,"table_full":0,"events_dropped":0}}
1791638365.719 {"t":"ns","node":33120,"hash":13581963,"owner":33120,"kind":"sampled","unit":100,"class":4,"bound_ms":5000,"quality":"GOOD","age_ms":354,"ts":420449,"updates":40,"value":2}
1791638365.719 {"t":"ns","node":33120,"hash":3142365229,"owner":33120,"kind":"sampled","unit":101,"class":4,"bound_ms":30000,"quality":"GOOD","age_ms":369,"ts":420448,"updates":40,"value":172032}
1791638365.719 {"t":"ns","node":33120,"hash":1245650351,"owner":25344,"kind":"sampled","unit":0,"class":3,"bound_ms":500,"quality":"NO_DATA","age_ms":0,"ts":0,"updates":0,"value":null}
1791638365.719 {"t":"ns","node":33120,"hash":2033492666,"owner":33120,"kind":"sampled","unit":0,"class":3,"bound_ms":0,"quality":"NO_DATA","age_ms":0,"ts":0,"updates":0,"value":null}
1791638365.719 {"t":"ns","node":33120,"hash":2347817554,"owner":33120,"kind":"sampled","unit":100,"class":4,"bound_ms":0,"quality":"GOOD","age_ms":412,"ts":420448,"updates":40,"value":294}
1791638365.719 {"t":"ns","node":33120,"hash":1170356950,"owner":33120,"kind":"sampled","unit":80,"class":4,"bound_ms":30000,"quality":"GOOD","age_ms":426,"ts":420448,"updates":40,"value":420}
1791638365.719 {"t":"ns","node":33120,"hash":3085599597,"owner":33120,"kind":"sampled","unit":0,"class":4,"bound_ms":5000,"quality":"GOOD","age_ms":439,"ts":420449,"updates":40,"value":-20}
1791638365.719 {"t":"ns","node":33120,"hash":2486014333,"owner":33120,"kind":"sampled","unit":101,"class":4,"bound_ms":30000,"quality":"GOOD","age_ms":465,"ts":420448,"updates":40,"value":250307}
1791638375.858 {"t":"clk","node":33120,"up_ms":430927}
1791638375.858 {"t":"led","node":33120,"shows":"green","app":0}
1791638375.858 {"t":"event","at_ms":421037,"node":33120,"kind":"peer_admitted","peer":25344,"slot":1,"a":0,"b":0}
1791638375.858 {"t":"event","at_ms":422482,"node":33120,"kind":"peer_admitted","peer":29544,"slot":0,"a":0,"b":0}
1791638375.858 {"t":"event","at_ms":423037,"node":33120,"kind":"peer_admitted","peer":25344,"slot":1,"a":0,"b":0}
1791638375.858 {"t":"event","at_ms":424482,"node":33120,"kind":"peer_admitted","peer":29544,"slot":0,"a":0,"b":0}
1791638375.858 {"t":"event","at_ms":425037,"node":33120,"kind":"peer_admitted","peer":25344,"slot":1,"a":0,"b":0}
1791638375.858 {"t":"event","at_ms":426482,"node":33120,"kind":"peer_admitted","peer":29544,"slot":0,"a":0,"b":0}
1791638375.858 {"t":"event","at_ms":427038,"node":33120,"kind":"peer_admitted","peer":25344,"slot":1,"a":0,"b":0}
1791638375.858 {"t":"event","at_ms":428482,"node":33120,"kind":"peer_admitted","peer":29544,"slot":0,"a":0,"b":0}
1791638375.858 {"t":"event","at_ms":429037,"node":33120,"kind":"peer_admitted","peer":25344,"slot":1,"a":0,"b":0}
1791638375.858 {"t":"event","at_ms":430482,"node":33120,"kind":"peer_admitted","peer":29544,"slot":0,"a":0,"b":0}
1791638375.858 {"t":"link","up_ms":431013,"node":33120,"peer":29544,"mac":"b8:1f:3f:da:73:68","state":"alive","epoch":172,"espnow_ver":2,"mtu":1446,"misses":0,"rssi":-10,"tx":{"frames":1510,"cb_ok":1510,"cb_fail":0,"enqueue_err":0,"pdr_ppm":1000000},"rx":{"frames":6014,"lost_seqgap":0,"reorder_dup":0,"dropped_bad":0,"hb_lost":8,"bcast_frames":4284,"pdr_ppm":1000000},"rtt":{"samples":215,"min_us":5368,"max_us":54362,"timeouts":0,"txq_last_us":13924,"txq_max_us":20848,"remote_turnaround_us":846,"remote_turnaround_max_us":1716,"p50_us":[4000,6000],"p99_us":[22000,30000],"hist":[0,0,0,0,173,29,6,2,2,1,0,2,0,0,0,0]}}
1791638375.858 {"t":"link","up_ms":431068,"node":33120,"peer":25344,"mac":"b8:1f:3f:da:63:00","state":"alive","epoch":245,"espnow_ver":2,"mtu":1446,"misses":0,"rssi":-20,"tx":{"frames":1436,"cb_ok":1435,"cb_fail":1,"enqueue_err":0,"pdr_ppm":999303},"rx":{"frames":5813,"lost_seqgap":1,"reorder_dup":0,"dropped_bad":0,"hb_lost":16,"bcast_frames":4240,"pdr_ppm":999828},"rtt":{"samples":213,"min_us":5745,"max_us":37069,"timeouts":1,"txq_last_us":3580,"txq_max_us":11076,"remote_turnaround_us":1011,"remote_turnaround_max_us":9219,"p50_us":[4000,6000],"p99_us":[22000,30000],"hist":[0,0,0,0,149,51,6,3,1,2,1,0,0,0,0,0]}}
1791638375.858 {"t":"auth","node":33120,"up_ms":431122,"enrolled":1,"required":1,"verified_peers":2,"verified":3,"cache_hits":431,"refused":0,"rate_limited":0,"stale_epoch":0,"verify_us_max":84770,"link_stack_free_b":1524,"crypto_stack_free_b":1268,"tags_ok":2869,"bad_tag":0,"replayed":0,"untagged":0,"bcast_dropped":0,"beacon_epoch_ignored":0,"tag_us_max":1106}
1791638375.858 {"t":"act","node":33120,"setpoint":0,"has_value":0,"writes_served":0}
1791638375.858 {"t":"peers","node":33120,"own_period_ms":100,"own_busy":0,"channel":1,"scanning":0,"scans":0,"hops":0,"found":0,"lost_to_found_ms":0,"moves_followed":0,"moves_refused":0,"sweeps":0,"sweep_found":0,"sweeping":0,"search_visits":0,"relay":0,"fwd_u":0,"fwd_b":0,"fwd_h":0,"relay_dup":4454,"list":[{"id":29544,"state":"alive","via_relay":0,"period_ms":100,"misses":6,"busy":1,"rtt_n":215},{"id":25344,"state":"alive","via_relay":0,"period_ms":100,"misses":6,"busy":0,"rtt_n":213}]}
1791638375.858 {"t":"ss","node":33120,"accepted":0,"unsigned":0,"unknown_sender":0,"bad_signature":0,"replayed":0,"rate_limited":0,"verify_us_max":0,"floors":[{"src":25344,"epoch":139,"counter":1}]}
1791638375.858 {"t":"rec","node":33120,"up_ms":431217,"settled":1,"sent":1720,"received":1644,"malformed":0,"views":3,"replies_fenced":0,"actors":[{"key":1245650351,"running":0,"term":0,"owner":25344,"owner_term":11,"assigned":25344,"starts":0,"fenced":0,"released":0}]}
1791638375.858 {"t":"node","up_ms":431232,"node":33120,"epoch":294,"peers_alive":2,"peers_dead":0,"no_radio":0,"free_dram":250307,"largest_block":172032,"rx":{"total":20777,"bad_frame":0,"unknown_peer":12,"wrong_dst":0,"short_payload":0,"unknown_opcode":0,"queue_dropped":50},"tx":{"total":7457,"enqueue_err":0,"done_queue_dropped":0},"membership":{"deaths":1,"revivals":0,"reboots_seen":1,"table_full":0,"events_dropped":0}}
1791638376.183 {"t":"ns","node":33120,"hash":13581963,"owner":33120,"kind":"sampled","unit":100,"class":4,"bound_ms":5000,"quality":"GOOD","age_ms":344,"ts":430929,"updates":41,"value":2}
1791638376.183 {"t":"ns","node":33120,"hash":3142365229,"owner":33120,"kind":"sampled","unit":101,"class":4,"bound_ms":30000,"quality":"GOOD","age_ms":359,"ts":430928,"updates":41,"value":172032}
1791638376.183 {"t":"ns","node":33120,"hash":1245650351,"owner":25344,"kind":"sampled","unit":0,"class":3,"bound_ms":500,"quality":"NO_DATA","age_ms":0,"ts":0,"updates":0,"value":null}
1791638376.183 {"t":"ns","node":33120,"hash":2033492666,"owner":33120,"kind":"sampled","unit":0,"class":3,"bound_ms":0,"quality":"NO_DATA","age_ms":0,"ts":0,"updates":0,"value":null}
1791638376.183 {"t":"ns","node":33120,"hash":2347817554,"owner":33120,"kind":"sampled","unit":100,"class":4,"bound_ms":0,"quality":"GOOD","age_ms":400,"ts":430928,"updates":41,"value":294}
1791638376.183 {"t":"ns","node":33120,"hash":1170356950,"owner":33120,"kind":"sampled","unit":80,"class":4,"bound_ms":30000,"quality":"GOOD","age_ms":426,"ts":430928,"updates":41,"value":430}
1791638376.183 {"t":"ns","node":33120,"hash":3085599597,"owner":33120,"kind":"sampled","unit":0,"class":4,"bound_ms":5000,"quality":"GOOD","age_ms":439,"ts":430929,"updates":41,"value":-20}
1791638376.183 {"t":"ns","node":33120,"hash":2486014333,"owner":33120,"kind":"sampled","unit":101,"class":4,"bound_ms":30000,"quality":"GOOD","age_ms":454,"ts":430928,"updates":41,"value":250307}
1791638386.327 {"t":"clk","node":33120,"up_ms":441396}
1791638386.327 {"t":"led","node":33120,"shows":"green","app":0}
1791638386.327 {"t":"event","at_ms":431037,"node":33120,"kind":"peer_admitted","peer":25344,"slot":1,"a":0,"b":0}
1791638386.327 {"t":"event","at_ms":432482,"node":33120,"kind":"peer_admitted","peer":29544,"slot":0,"a":0,"b":0}
1791638386.327 {"t":"event","at_ms":433041,"node":33120,"kind":"peer_admitted","peer":25344,"slot":1,"a":0,"b":0}
1791638386.327 {"t":"event","at_ms":434482,"node":33120,"kind":"peer_admitted","peer":29544,"slot":0,"a":0,"b":0}
1791638386.327 {"t":"event","at_ms":435037,"node":33120,"kind":"peer_admitted","peer":25344,"slot":1,"a":0,"b":0}
1791638386.327 {"t":"event","at_ms":436482,"node":33120,"kind":"peer_admitted","peer":29544,"slot":0,"a":0,"b":0}
1791638386.327 {"t":"event","at_ms":437037,"node":33120,"kind":"peer_admitted","peer":25344,"slot":1,"a":0,"b":0}
1791638386.327 {"t":"event","at_ms":438482,"node":33120,"kind":"peer_admitted","peer":29544,"slot":0,"a":0,"b":0}
1791638386.327 {"t":"event","at_ms":439037,"node":33120,"kind":"peer_admitted","peer":25344,"slot":1,"a":0,"b":0}
1791638386.327 {"t":"event","at_ms":440482,"node":33120,"kind":"peer_admitted","peer":29544,"slot":0,"a":0,"b":0}
1791638386.327 {"t":"event","at_ms":441037,"node":33120,"kind":"peer_admitted","peer":25344,"slot":1,"a":0,"b":0}
1791638386.327 {"t":"link","up_ms":441493,"node":33120,"peer":29544,"mac":"b8:1f:3f:da:73:68","state":"alive","epoch":172,"espnow_ver":2,"mtu":1446,"misses":0,"rssi":-10,"tx":{"frames":1546,"cb_ok":1545,"cb_fail":0,"enqueue_err":0,"pdr_ppm":1000000},"rx":{"frames":6159,"lost_seqgap":0,"reorder_dup":0,"dropped_bad":0,"hb_lost":9,"bcast_frames":4388,"pdr_ppm":1000000},"rtt":{"samples":220,"min_us":5368,"max_us":54362,"timeouts":0,"txq_last_us":13924,"txq_max_us":20848,"remote_turnaround_us":851,"remote_turnaround_max_us":1716,"p50_us":[4000,6000],"p99_us":[22000,30000],"hist":[0,0,0,0,178,29,6,2,2,1,0,2,0,0,0,0]}}
1791638386.327 {"t":"link","up_ms":441548,"node":33120,"peer":25344,"mac":"b8:1f:3f:da:63:00","state":"alive","epoch":245,"espnow_ver":2,"mtu":1446,"misses":0,"rssi":-20,"tx":{"frames":1470,"cb_ok":1469,"cb_fail":1,"enqueue_err":0,"pdr_ppm":999319},"rx":{"frames":5957,"lost_seqgap":1,"reorder_dup":0,"dropped_bad":0,"hb_lost":16,"bcast_frames":4345,"pdr_ppm":999832},"rtt":{"samples":218,"min_us":5745,"max_us":37069,"timeouts":1,"txq_last_us":3580,"txq_max_us":11076,"remote_turnaround_us":1030,"remote_turnaround_max_us":9219,"p50_us":[4000,6000],"p99_us":[22000,30000],"hist":[0,0,0,0,151,54,6,3,1,2,1,0,0,0,0,0]}}
1791638386.327 {"t":"auth","node":33120,"up_ms":441602,"enrolled":1,"required":1,"verified_peers":2,"verified":3,"cache_hits":441,"refused":0,"rate_limited":0,"stale_epoch":0,"verify_us_max":84770,"link_stack_free_b":1524,"crypto_stack_free_b":1268,"tags_ok":2939,"bad_tag":0,"replayed":0,"untagged":0,"bcast_dropped":0,"beacon_epoch_ignored":0,"tag_us_max":1106}
1791638386.327 {"t":"act","node":33120,"setpoint":0,"has_value":0,"writes_served":0}
1791638386.327 {"t":"peers","node":33120,"own_period_ms":100,"own_busy":0,"channel":1,"scanning":0,"scans":0,"hops":0,"found":0,"lost_to_found_ms":0,"moves_followed":0,"moves_refused":0,"sweeps":0,"sweep_found":0,"sweeping":0,"search_visits":0,"relay":0,"fwd_u":0,"fwd_b":0,"fwd_h":0,"relay_dup":4564,"list":[{"id":29544,"state":"alive","via_relay":0,"period_ms":100,"misses":6,"busy":1,"rtt_n":220},{"id":25344,"state":"alive","via_relay":0,"period_ms":100,"misses":6,"busy":0,"rtt_n":218}]}
1791638386.327 {"t":"ss","node":33120,"accepted":0,"unsigned":0,"unknown_sender":0,"bad_signature":0,"replayed":0,"rate_limited":0,"verify_us_max":0,"floors":[{"src":25344,"epoch":139,"counter":1}]}
1791638386.327 {"t":"rec","node":33120,"up_ms":441697,"settled":1,"sent":1762,"received":1685,"malformed":0,"views":3,"replies_fenced":0,"actors":[{"key":1245650351,"running":0,"term":0,"owner":25344,"owner_term":11,"assigned":25344,"starts":0,"fenced":0,"released":0}]}
1791638386.665 {"t":"node","up_ms":441712,"node":33120,"epoch":294,"peers_alive":2,"peers_dead":0,"no_radio":0,"free_dram":250307,"largest_block":172032,"rx":{"total":21285,"bad_frame":0,"unknown_peer":12,"wrong_dst":0,"short_payload":0,"unknown_opcode":0,"queue_dropped":50},"tx":{"total":7637,"enqueue_err":0,"done_queue_dropped":0},"membership":{"deaths":1,"revivals":0,"reboots_seen":1,"table_full":0,"events_dropped":0}}
1791638386.665 {"t":"ns","node":33120,"hash":13581963,"owner":33120,"kind":"sampled","unit":100,"class":4,"bound_ms":5000,"quality":"GOOD","age_ms":354,"ts":441398,"updates":42,"value":2}
1791638386.665 {"t":"ns","node":33120,"hash":3142365229,"owner":33120,"kind":"sampled","unit":101,"class":4,"bound_ms":30000,"quality":"GOOD","age_ms":369,"ts":441397,"updates":42,"value":172032}
1791638386.665 {"t":"ns","node":33120,"hash":1245650351,"owner":25344,"kind":"sampled","unit":0,"class":3,"bound_ms":500,"quality":"NO_DATA","age_ms":0,"ts":0,"updates":0,"value":null}
1791638386.665 {"t":"ns","node":33120,"hash":2033492666,"owner":33120,"kind":"sampled","unit":0,"class":3,"bound_ms":0,"quality":"NO_DATA","age_ms":0,"ts":0,"updates":0,"value":null}
1791638386.665 {"t":"ns","node":33120,"hash":2347817554,"owner":33120,"kind":"sampled","unit":100,"class":4,"bound_ms":0,"quality":"GOOD","age_ms":413,"ts":441397,"updates":42,"value":294}
1791638386.665 {"t":"ns","node":33120,"hash":1170356950,"owner":33120,"kind":"sampled","unit":80,"class":4,"bound_ms":30000,"quality":"GOOD","age_ms":427,"ts":441397,"updates":42,"value":441}
1791638386.665 {"t":"ns","node":33120,"hash":3085599597,"owner":33120,"kind":"sampled","unit":0,"class":4,"bound_ms":5000,"quality":"GOOD","age_ms":441,"ts":441398,"updates":42,"value":-19}
1791638386.665 {"t":"ns","node":33120,"hash":2486014333,"owner":33120,"kind":"sampled","unit":101,"class":4,"bound_ms":30000,"quality":"GOOD","age_ms":456,"ts":441397,"updates":42,"value":250307}
1791638396.811 {"t":"clk","node":33120,"up_ms":451878}
1791638396.811 {"t":"led","node":33120,"shows":"green","app":0}
1791638396.811 {"t":"event","at_ms":442482,"node":33120,"kind":"peer_admitted","peer":29544,"slot":0,"a":0,"b":0}
1791638396.811 {"t":"event","at_ms":443037,"node":33120,"kind":"peer_admitted","peer":25344,"slot":1,"a":0,"b":0}
1791638396.811 {"t":"event","at_ms":444484,"node":33120,"kind":"peer_admitted","peer":29544,"slot":0,"a":0,"b":0}
1791638396.811 {"t":"event","at_ms":445037,"node":33120,"kind":"peer_admitted","peer":25344,"slot":1,"a":0,"b":0}
1791638396.811 {"t":"event","at_ms":446482,"node":33120,"kind":"peer_admitted","peer":29544,"slot":0,"a":0,"b":0}
1791638396.811 {"t":"event","at_ms":447037,"node":33120,"kind":"peer_admitted","peer":25344,"slot":1,"a":0,"b":0}
1791638396.811 {"t":"event","at_ms":448482,"node":33120,"kind":"peer_admitted","peer":29544,"slot":0,"a":0,"b":0}
1791638396.811 {"t":"event","at_ms":449037,"node":33120,"kind":"peer_admitted","peer":25344,"slot":1,"a":0,"b":0}
1791638396.811 {"t":"event","at_ms":450482,"node":33120,"kind":"peer_admitted","peer":29544,"slot":0,"a":0,"b":0}
1791638396.811 {"t":"event","at_ms":451038,"node":33120,"kind":"peer_admitted","peer":25344,"slot":1,"a":0,"b":0}
1791638396.811 {"t":"link","up_ms":451962,"node":33120,"peer":29544,"mac":"b8:1f:3f:da:73:68","state":"alive","epoch":172,"espnow_ver":2,"mtu":1446,"misses":0,"rssi":-10,"tx":{"frames":1581,"cb_ok":1581,"cb_fail":0,"enqueue_err":0,"pdr_ppm":1000000},"rx":{"frames":6305,"lost_seqgap":0,"reorder_dup":0,"dropped_bad":0,"hb_lost":10,"bcast_frames":4492,"pdr_ppm":1000000},"rtt":{"samples":225,"min_us":5368,"max_us":54362,"timeouts":0,"txq_last_us":13924,"txq_max_us":20848,"remote_turnaround_us":841,"remote_turnaround_max_us":1716,"p50_us":[4000,6000],"p99_us":[22000,30000],"hist":[0,0,0,0,183,29,6,2,2,1,0,2,0,0,0,0]}}
1791638396.811 {"t":"link","up_ms":452016,"node":33120,"peer":25344,"mac":"b8:1f:3f:da:63:00","state":"alive","epoch":245,"espnow_ver":2,"mtu":1446,"misses":0,"rssi":-20,"tx":{"frames":1506,"cb_ok":1505,"cb_fail":1,"enqueue_err":0,"pdr_ppm":999335},"rx":{"frames":6104,"lost_seqgap":1,"reorder_dup":0,"dropped_bad":0,"hb_lost":16,"bcast_frames":4450,"pdr_ppm":999836},"rtt":{"samples":224,"min_us":5745,"max_us":37069,"timeouts":1,"txq_last_us":3580,"txq_max_us":11076,"remote_turnaround_us":1012,"remote_turnaround_max_us":9219,"p50_us":[4000,6000],"p99_us":[22000,30000],"hist":[0,0,0,0,155,56,6,3,1,2,1,0,0,0,0,0]}}
1791638396.811 {"t":"auth","node":33120,"up_ms":452071,"enrolled":1,"required":1,"verified_peers":2,"verified":3,"cache_hits":451,"refused":0,"rate_limited":0,"stale_epoch":0,"verify_us_max":84770,"link_stack_free_b":1524,"crypto_stack_free_b":1268,"tags_ok":3013,"bad_tag":0,"replayed":0,"untagged":0,"bcast_dropped":0,"beacon_epoch_ignored":0,"tag_us_max":1106}
1791638396.811 {"t":"act","node":33120,"setpoint":0,"has_value":0,"writes_served":0}
1791638396.811 {"t":"peers","node":33120,"own_period_ms":100,"own_busy":0,"channel":1,"scanning":0,"scans":0,"hops":0,"found":0,"lost_to_found_ms":0,"moves_followed":0,"moves_refused":0,"sweeps":0,"sweep_found":0,"sweeping":0,"search_visits":0,"relay":0,"fwd_u":0,"fwd_b":0,"fwd_h":0,"relay_dup":4674,"list":[{"id":29544,"state":"alive","via_relay":0,"period_ms":100,"misses":6,"busy":1,"rtt_n":225},{"id":25344,"state":"alive","via_relay":0,"period_ms":100,"misses":6,"busy":0,"rtt_n":224}]}
1791638396.811 {"t":"ss","node":33120,"accepted":0,"unsigned":0,"unknown_sender":0,"bad_signature":0,"replayed":0,"rate_limited":0,"verify_us_max":0,"floors":[{"src":25344,"epoch":139,"counter":1}]}
1791638396.811 {"t":"rec","node":33120,"up_ms":452166,"settled":1,"sent":1804,"received":1727,"malformed":0,"views":3,"replies_fenced":0,"actors":[{"key":1245650351,"running":0,"term":0,"owner":25344,"owner_term":11,"assigned":25344,"starts":0,"fenced":0,"released":0}]}
1791638396.811 {"t":"node","up_ms":452192,"node":33120,"epoch":294,"peers_alive":2,"peers_dead":0,"no_radio":0,"free_dram":250307,"largest_block":172032,"rx":{"total":21797,"bad_frame":0,"unknown_peer":12,"wrong_dst":0,"short_payload":0,"unknown_opcode":0,"queue_dropped":50},"tx":{"total":7820,"enqueue_err":0,"done_queue_dropped":0},"membership":{"deaths":1,"revivals":0,"reboots_seen":1,"table_full":0,"events_dropped":0}}
1791638397.138 {"t":"ns","node":33120,"hash":13581963,"owner":33120,"kind":"sampled","unit":100,"class":4,"bound_ms":5000,"quality":"GOOD","age_ms":341,"ts":451880,"updates":43,"value":2}
1791638397.138 {"t":"ns","node":33120,"hash":3142365229,"owner":33120,"kind":"sampled","unit":101,"class":4,"bound_ms":30000,"quality":"GOOD","age_ms":356,"ts":451879,"updates":43,"value":172032}
1791638397.138 {"t":"ns","node":33120,"hash":1245650351,"owner":25344,"kind":"sampled","unit":0,"class":3,"bound_ms":500,"quality":"NO_DATA","age_ms":0,"ts":0,"updates":0,"value":null}
1791638397.138 {"t":"ns","node":33120,"hash":2033492666,"owner":33120,"kind":"sampled","unit":0,"class":3,"bound_ms":0,"quality":"NO_DATA","age_ms":0,"ts":0,"updates":0,"value":null}
1791638397.138 {"t":"ns","node":33120,"hash":2347817554,"owner":33120,"kind":"sampled","unit":100,"class":4,"bound_ms":0,"quality":"GOOD","age_ms":409,"ts":451879,"updates":43,"value":294}
1791638397.138 {"t":"ns","node":33120,"hash":1170356950,"owner":33120,"kind":"sampled","unit":80,"class":4,"bound_ms":30000,"quality":"GOOD","age_ms":423,"ts":451879,"updates":43,"value":451}
1791638397.138 {"t":"ns","node":33120,"hash":3085599597,"owner":33120,"kind":"sampled","unit":0,"class":4,"bound_ms":5000,"quality":"GOOD","age_ms":436,"ts":451880,"updates":43,"value":-20}
1791638397.138 {"t":"ns","node":33120,"hash":2486014333,"owner":33120,"kind":"sampled","unit":101,"class":4,"bound_ms":30000,"quality":"GOOD","age_ms":451,"ts":451879,"updates":43,"value":250307}
1791638407.275 {"t":"clk","node":33120,"up_ms":462345}
1791638407.275 {"t":"led","node":33120,"shows":"green","app":0}
1791638407.275 {"t":"event","at_ms":452482,"node":33120,"kind":"peer_admitted","peer":29544,"slot":0,"a":0,"b":0}
1791638407.275 {"t":"event","at_ms":453037,"node":33120,"kind":"peer_admitted","peer":25344,"slot":1,"a":0,"b":0}
1791638407.275 {"t":"event","at_ms":454482,"node":33120,"kind":"peer_admitted","peer":29544,"slot":0,"a":0,"b":0}
1791638407.275 {"t":"event","at_ms":455037,"node":33120,"kind":"peer_admitted","peer":25344,"slot":1,"a":0,"b":0}
1791638407.275 {"t":"event","at_ms":456482,"node":33120,"kind":"peer_admitted","peer":29544,"slot":0,"a":0,"b":0}
1791638407.275 {"t":"event","at_ms":457037,"node":33120,"kind":"peer_admitted","peer":25344,"slot":1,"a":0,"b":0}
1791638407.275 {"t":"event","at_ms":458482,"node":33120,"kind":"peer_admitted","peer":29544,"slot":0,"a":0,"b":0}
1791638407.275 {"t":"event","at_ms":459039,"node":33120,"kind":"peer_admitted","peer":25344,"slot":1,"a":0,"b":0}
1791638407.275 {"t":"event","at_ms":460482,"node":33120,"kind":"peer_admitted","peer":29544,"slot":0,"a":0,"b":0}
1791638407.275 {"t":"event","at_ms":461037,"node":33120,"kind":"peer_admitted","peer":25344,"slot":1,"a":0,"b":0}
1791638407.275 {"t":"link","up_ms":462430,"node":33120,"peer":29544,"mac":"b8:1f:3f:da:73:68","state":"alive","epoch":172,"espnow_ver":2,"mtu":1446,"misses":0,"rssi":-10,"tx":{"frames":1618,"cb_ok":1618,"cb_fail":0,"enqueue_err":0,"pdr_ppm":1000000},"rx":{"frames":6450,"lost_seqgap":0,"reorder_dup":0,"dropped_bad":0,"hb_lost":10,"bcast_frames":4596,"pdr_ppm":1000000},"rtt":{"samples":230,"min_us":5368,"max_us":54362,"timeouts":0,"txq_last_us":13924,"txq_max_us":20848,"remote_turnaround_us":843,"remote_turnaround_max_us":1716,"p50_us":[4000,6000],"p99_us":[22000,30000],"hist":[0,0,0,0,186,31,6,2,2,1,0,2,0,0,0,0]}}
1791638407.275 {"t":"link","up_ms":462484,"node":33120,"peer":25344,"mac":"b8:1f:3f:da:63:00","state":"alive","epoch":245,"espnow_ver":2,"mtu":1446,"misses":0,"rssi":-20,"tx":{"frames":1540,"cb_ok":1539,"cb_fail":1,"enqueue_err":0,"pdr_ppm":999350},"rx":{"frames":6247,"lost_seqgap":1,"reorder_dup":0,"dropped_bad":0,"hb_lost":17,"bcast_frames":4554,"pdr_ppm":999839},"rtt":{"samples":229,"min_us":5745,"max_us":37069,"timeouts":1,"txq_last_us":3580,"txq_max_us":11076,"remote_turnaround_us":1012,"remote_turnaround_max_us":9219,"p50_us":[4000,6000],"p99_us":[22000,30000],"hist":[0,0,0,0,159,57,6,3,1,2,1,0,0,0,0,0]}}
1791638407.275 {"t":"auth","node":33120,"up_ms":462539,"enrolled":1,"required":1,"verified_peers":2,"verified":3,"cache_hits":462,"refused":0,"rate_limited":0,"stale_epoch":0,"verify_us_max":84770,"link_stack_free_b":1524,"crypto_stack_free_b":1268,"tags_ok":3084,"bad_tag":0,"replayed":0,"untagged":0,"bcast_dropped":0,"beacon_epoch_ignored":0,"tag_us_max":1106}
1791638407.275 {"t":"act","node":33120,"setpoint":0,"has_value":0,"writes_served":0}
1791638407.275 {"t":"peers","node":33120,"own_period_ms":100,"own_busy":0,"channel":1,"scanning":0,"scans":0,"hops":0,"found":0,"lost_to_found_ms":0,"moves_followed":0,"moves_refused":0,"sweeps":0,"sweep_found":0,"sweeping":0,"search_visits":0,"relay":0,"fwd_u":0,"fwd_b":0,"fwd_h":0,"relay_dup":4783,"list":[{"id":29544,"state":"alive","via_relay":0,"period_ms":100,"misses":6,"busy":1,"rtt_n":230},{"id":25344,"state":"alive","via_relay":0,"period_ms":100,"misses":6,"busy":0,"rtt_n":229}]}
1791638407.275 {"t":"ss","node":33120,"accepted":0,"unsigned":0,"unknown_sender":0,"bad_signature":0,"replayed":0,"rate_limited":0,"verify_us_max":0,"floors":[{"src":25344,"epoch":139,"counter":1}]}
1791638407.275 {"t":"rec","node":33120,"up_ms":462633,"settled":1,"sent":1846,"received":1769,"malformed":0,"views":3,"replies_fenced":0,"actors":[{"key":1245650351,"running":0,"term":0,"owner":25344,"owner_term":11,"assigned":25344,"starts":0,"fenced":0,"released":0}]}
1791638407.275 {"t":"node","up_ms":462660,"node":33120,"epoch":294,"peers_alive":2,"peers_dead":0,"no_radio":0,"free_dram":250307,"largest_block":172032,"rx":{"total":22305,"bad_frame":0,"unknown_peer":12,"wrong_dst":0,"short_payload":0,"unknown_opcode":0,"queue_dropped":50},"tx":{"total":8002,"enqueue_err":0,"done_queue_dropped":0},"membership":{"deaths":1,"revivals":0,"reboots_seen":1,"table_full":0,"events_dropped":0}}
1791638407.596 {"t":"ns","node":33120,"hash":13581963,"owner":33120,"kind":"sampled","unit":100,"class":4,"bound_ms":5000,"quality":"GOOD","age_ms":341,"ts":462347,"updates":44,"value":2}
1791638407.596 {"t":"ns","node":33120,"hash":3142365229,"owner":33120,"kind":"sampled","unit":101,"class":4,"bound_ms":30000,"quality":"GOOD","age_ms":356,"ts":462346,"updates":44,"value":172032}
1791638407.596 {"t":"ns","node":33120,"hash":1245650351,"owner":25344,"kind":"sampled","unit":0,"class":3,"bound_ms":500,"quality":"NO_DATA","age_ms":0,"ts":0,"updates":0,"value":null}
1791638407.596 {"t":"ns","node":33120,"hash":2033492666,"owner":33120,"kind":"sampled","unit":0,"class":3,"bound_ms":0,"quality":"NO_DATA","age_ms":0,"ts":0,"updates":0,"value":null}
1791638407.596 {"t":"ns","node":33120,"hash":2347817554,"owner":33120,"kind":"sampled","unit":100,"class":4,"bound_ms":0,"quality":"GOOD","age_ms":411,"ts":462347,"updates":44,"value":294}
1791638407.596 {"t":"ns","node":33120,"hash":1170356950,"owner":33120,"kind":"sampled","unit":80,"class":4,"bound_ms":30000,"quality":"GOOD","age_ms":425,"ts":462347,"updates":44,"value":462}
1791638407.596 {"t":"ns","node":33120,"hash":3085599597,"owner":33120,"kind":"sampled","unit":0,"class":4,"bound_ms":5000,"quality":"GOOD","age_ms":440,"ts":462347,"updates":44,"value":-20}
1791638407.596 {"t":"ns","node":33120,"hash":2486014333,"owner":33120,"kind":"sampled","unit":101,"class":4,"bound_ms":30000,"quality":"GOOD","age_ms":456,"ts":462346,"updates":44,"value":250307}
1791638417.749 {"t":"clk","node":33120,"up_ms":472816}
1791638417.749 {"t":"led","node":33120,"shows":"green","app":0}
1791638417.749 {"t":"event","at_ms":462482,"node":33120,"kind":"peer_admitted","peer":29544,"slot":0,"a":0,"b":0}
1791638417.749 {"t":"event","at_ms":463037,"node":33120,"kind":"peer_admitted","peer":25344,"slot":1,"a":0,"b":0}
1791638417.749 {"t":"event","at_ms":464482,"node":33120,"kind":"peer_admitted","peer":29544,"slot":0,"a":0,"b":0}
1791638417.749 {"t":"event","at_ms":465037,"node":33120,"kind":"peer_admitted","peer":25344,"slot":1,"a":0,"b":0}
1791638417.749 {"t":"event","at_ms":466482,"node":33120,"kind":"peer_admitted","peer":29544,"slot":0,"a":0,"b":0}
1791638417.749 {"t":"event","at_ms":467037,"node":33120,"kind":"peer_admitted","peer":25344,"slot":1,"a":0,"b":0}
1791638417.749 {"t":"event","at_ms":468482,"node":33120,"kind":"peer_admitted","peer":29544,"slot":0,"a":0,"b":0}
1791638417.749 {"t":"event","at_ms":469037,"node":33120,"kind":"peer_admitted","peer":25344,"slot":1,"a":0,"b":0}
1791638417.749 {"t":"event","at_ms":470482,"node":33120,"kind":"peer_admitted","peer":29544,"slot":0,"a":0,"b":0}
1791638417.749 {"t":"event","at_ms":471037,"node":33120,"kind":"peer_admitted","peer":25344,"slot":1,"a":0,"b":0}
1791638417.749 {"t":"event","at_ms":472482,"node":33120,"kind":"peer_admitted","peer":29544,"slot":0,"a":0,"b":0}
1791638417.749 {"t":"link","up_ms":472913,"node":33120,"peer":29544,"mac":"b8:1f:3f:da:73:68","state":"alive","epoch":172,"espnow_ver":2,"mtu":1446,"misses":0,"rssi":-10,"tx":{"frames":1656,"cb_ok":1656,"cb_fail":0,"enqueue_err":0,"pdr_ppm":1000000},"rx":{"frames":6598,"lost_seqgap":0,"reorder_dup":0,"dropped_bad":0,"hb_lost":10,"bcast_frames":4701,"pdr_ppm":1000000},"rtt":{"samples":236,"min_us":5368,"max_us":54362,"timeouts":0,"txq_last_us":13924,"txq_max_us":20848,"remote_turnaround_us":857,"remote_turnaround_max_us":1716,"p50_us":[4000,6000],"p99_us":[22000,30000],"hist":[0,0,0,0,192,31,6,2,2,1,0,2,0,0,0,0]}}
1791638417.749 {"t":"link","up_ms":472968,"node":33120,"peer":25344,"mac":"b8:1f:3f:da:63:00","state":"alive","epoch":245,"espnow_ver":2,"mtu":1446,"misses":0,"rssi":-20,"tx":{"frames":1575,"cb_ok":1574,"cb_fail":1,"enqueue_err":0,"pdr_ppm":999365},"rx":{"frames":6391,"lost_seqgap":1,"reorder_dup":0,"dropped_bad":0,"hb_lost":17,"bcast_frames":4658,"pdr_ppm":999843},"rtt":{"samples":234,"min_us":5745,"max_us":37069,"timeouts":1,"txq_last_us":8396,"txq_max_us":11076,"remote_turnaround_us":1015,"remote_turnaround_max_us":9219,"p50_us":[4000,6000],"p99_us":[22000,30000],"hist":[0,0,0,0,161,57,8,4,1,2,1,0,0,0,0,0]}}
1791638417.749 {"t":"auth","node":33120,"up_ms":473022,"enrolled":1,"required":1,"verified_peers":2,"verified":3,"cache_hits":472,"refused":0,"rate_limited":0,"stale_epoch":0,"verify_us_max":84770,"link_stack_free_b":1524,"crypto_stack_free_b":1268,"tags_ok":3156,"bad_tag":0,"replayed":0,"untagged":0,"bcast_dropped":0,"beacon_epoch_ignored":0,"tag_us_max":1106}
1791638417.749 {"t":"act","node":33120,"setpoint":0,"has_value":0,"writes_served":0}
1791638417.749 {"t":"peers","node":33120,"own_period_ms":100,"own_busy":0,"channel":1,"scanning":0,"scans":0,"hops":0,"found":0,"lost_to_found_ms":0,"moves_followed":0,"moves_refused":0,"sweeps":0,"sweep_found":0,"sweeping":0,"search_visits":0,"relay":0,"fwd_u":0,"fwd_b":0,"fwd_h":0,"relay_dup":4893,"list":[{"id":29544,"state":"alive","via_relay":0,"period_ms":100,"misses":6,"busy":1,"rtt_n":236},{"id":25344,"state":"alive","via_relay":0,"period_ms":100,"misses":6,"busy":0,"rtt_n":234}]}
1791638417.749 {"t":"ss","node":33120,"accepted":0,"unsigned":0,"unknown_sender":0,"bad_signature":0,"replayed":0,"rate_limited":0,"verify_us_max":0,"floors":[{"src":25344,"epoch":139,"counter":1}]}
1791638417.749 {"t":"rec","node":33120,"up_ms":473118,"settled":1,"sent":1888,"received":1811,"malformed":0,"views":3,"replies_fenced":0,"actors":[{"key":1245650351,"running":0,"term":0,"owner":25344,"owner_term":11,"assigned":25344,"starts":0,"fenced":0,"released":0}]}
1791638418.088 {"t":"node","up_ms":473133,"node":33120,"epoch":294,"peers_alive":2,"peers_dead":0,"no_radio":0,"free_dram":250307,"largest_block":172032,"rx":{"total":22816,"bad_frame":0,"unknown_peer":12,"wrong_dst":0,"short_payload":0,"unknown_opcode":0,"queue_dropped":50},"tx":{"total":8184,"enqueue_err":0,"done_queue_dropped":0},"membership":{"deaths":1,"revivals":0,"reboots_seen":1,"table_full":0,"events_dropped":0}}
1791638418.088 {"t":"ns","node":33120,"hash":13581963,"owner":33120,"kind":"sampled","unit":100,"class":4,"bound_ms":5000,"quality":"GOOD","age_ms":355,"ts":472818,"updates":45,"value":2}
1791638418.088 {"t":"ns","node":33120,"hash":3142365229,"owner":33120,"kind":"sampled","unit":101,"class":4,"bound_ms":30000,"quality":"GOOD","age_ms":370,"ts":472817,"updates":45,"value":172032}
1791638418.088 {"t":"ns","node":33120,"hash":1245650351,"owner":25344,"kind":"sampled","unit":0,"class":3,"bound_ms":500,"quality":"NO_DATA","age_ms":0,"ts":0,"updates":0,"value":null}
1791638418.088 {"t":"ns","node":33120,"hash":2033492666,"owner":33120,"kind":"sampled","unit":0,"class":3,"bound_ms":0,"quality":"NO_DATA","age_ms":0,"ts":0,"updates":0,"value":null}
1791638418.088 {"t":"ns","node":33120,"hash":2347817554,"owner":33120,"kind":"sampled","unit":100,"class":4,"bound_ms":0,"quality":"GOOD","age_ms":411,"ts":472818,"updates":45,"value":294}
1791638418.088 {"t":"ns","node":33120,"hash":1170356950,"owner":33120,"kind":"sampled","unit":80,"class":4,"bound_ms":30000,"quality":"GOOD","age_ms":427,"ts":472817,"updates":45,"value":472}
1791638418.088 {"t":"ns","node":33120,"hash":3085599597,"owner":33120,"kind":"sampled","unit":0,"class":4,"bound_ms":5000,"quality":"GOOD","age_ms":440,"ts":472818,"updates":45,"value":-20}
1791638418.088 {"t":"ns","node":33120,"hash":2486014333,"owner":33120,"kind":"sampled","unit":101,"class":4,"bound_ms":30000,"quality":"GOOD","age_ms":456,"ts":472817,"updates":45,"value":250307}
1791638428.230 {"t":"clk","node":33120,"up_ms":483298}
1791638428.230 {"t":"led","node":33120,"shows":"green","app":0}
1791638428.230 {"t":"event","at_ms":473037,"node":33120,"kind":"peer_admitted","peer":25344,"slot":1,"a":0,"b":0}
1791638428.230 {"t":"event","at_ms":474482,"node":33120,"kind":"peer_admitted","peer":29544,"slot":0,"a":0,"b":0}
1791638428.230 {"t":"event","at_ms":475037,"node":33120,"kind":"peer_admitted","peer":25344,"slot":1,"a":0,"b":0}
1791638428.230 {"t":"event","at_ms":476482,"node":33120,"kind":"peer_admitted","peer":29544,"slot":0,"a":0,"b":0}
1791638428.230 {"t":"event","at_ms":477037,"node":33120,"kind":"peer_admitted","peer":25344,"slot":1,"a":0,"b":0}
1791638428.230 {"t":"event","at_ms":478482,"node":33120,"kind":"peer_admitted","peer":29544,"slot":0,"a":0,"b":0}
1791638428.230 {"t":"event","at_ms":479037,"node":33120,"kind":"peer_admitted","peer":25344,"slot":1,"a":0,"b":0}
1791638428.230 {"t":"event","at_ms":480482,"node":33120,"kind":"peer_admitted","peer":29544,"slot":0,"a":0,"b":0}
1791638428.230 {"t":"event","at_ms":481037,"node":33120,"kind":"peer_admitted","peer":25344,"slot":1,"a":0,"b":0}
1791638428.230 {"t":"event","at_ms":482482,"node":33120,"kind":"peer_admitted","peer":29544,"slot":0,"a":0,"b":0}
1791638428.230 {"t":"event","at_ms":483037,"node":33120,"kind":"peer_admitted","peer":25344,"slot":1,"a":0,"b":0}
1791638428.230 {"t":"link","up_ms":483395,"node":33120,"peer":29544,"mac":"b8:1f:3f:da:73:68","state":"alive","epoch":172,"espnow_ver":2,"mtu":1446,"misses":0,"rssi":-10,"tx":{"frames":1692,"cb_ok":1692,"cb_fail":0,"enqueue_err":0,"pdr_ppm":1000000},"rx":{"frames":6744,"lost_seqgap":0,"reorder_dup":0,"dropped_bad":0,"hb_lost":10,"bcast_frames":4806,"pdr_ppm":1000000},"rtt":{"samples":241,"min_us":5368,"max_us":54362,"timeouts":0,"txq_last_us":27307,"txq_max_us":27307,"remote_turnaround_us":873,"remote_turnaround_max_us":1716,"p50_us":[4000,6000],"p99_us":[30000,42000],"hist":[0,0,0,0,195,32,6,2,2,1,1,2,0,0,0,0]}}
1791638428.230 {"t":"link","up_ms":483449,"node":33120,"peer":25344,"mac":"b8:1f:3f:da:63:00","state":"alive","epoch":245,"espnow_ver":2,"mtu":1446,"misses":0,"rssi":-20,"tx":{"frames":1610,"cb_ok":1609,"cb_fail":1,"enqueue_err":0,"pdr_ppm":999378},"rx":{"frames":6536,"lost_seqgap":1,"reorder_dup":0,"dropped_bad":0,"hb_lost":17,"bcast_frames":4763,"pdr_ppm":999847},"rtt":{"samples":239,"min_us":5745,"max_us":37069,"timeouts":1,"txq_last_us":8396,"txq_max_us":11076,"remote_turnaround_us":1023,"remote_turnaround_max_us":9219,"p50_us":[4000,6000],"p99_us":[22000,30000],"hist":[0,0,0,0,166,57,8,4,1,2,1,0,0,0,0,0]}}
1791638428.230 {"t":"auth","node":33120,"up_ms":483504,"enrolled":1,"required":1,"verified_peers":2,"verified":3,"cache_hits":483,"refused":0,"rate_limited":0,"stale_epoch":0,"verify_us_max":84770,"link_stack_free_b":1524,"crypto_stack_free_b":1268,"tags_ok":3226,"bad_tag":0,"replayed":0,"untagged":0,"bcast_dropped":0,"beacon_epoch_ignored":0,"tag_us_max":1106}
1791638428.230 {"t":"act","node":33120,"setpoint":0,"has_value":0,"writes_served":0}
1791638428.230 {"t":"peers","node":33120,"own_period_ms":100,"own_busy":0,"channel":1,"scanning":0,"scans":0,"hops":0,"found":0,"lost_to_found_ms":0,"moves_followed":0,"moves_refused":0,"sweeps":0,"sweep_found":0,"sweeping":0,"search_visits":0,"relay":0,"fwd_u":0,"fwd_b":0,"fwd_h":0,"relay_dup":5003,"list":[{"id":29544,"state":"alive","via_relay":0,"period_ms":100,"misses":6,"busy":1,"rtt_n":241},{"id":25344,"state":"alive","via_relay":0,"period_ms":100,"misses":6,"busy":0,"rtt_n":239}]}
1791638428.230 {"t":"ss","node":33120,"accepted":0,"unsigned":0,"unknown_sender":0,"bad_signature":0,"replayed":0,"rate_limited":0,"verify_us_max":0,"floors":[{"src":25344,"epoch":139,"counter":1}]}
1791638428.230 {"t":"rec","node":33120,"up_ms":483598,"settled":1,"sent":1930,"received":1853,"malformed":0,"views":3,"replies_fenced":0,"actors":[{"key":1245650351,"running":0,"term":0,"owner":25344,"owner_term":11,"assigned":25344,"starts":0,"fenced":0,"released":0}]}
1791638428.563 {"t":"node","up_ms":483613,"node":33120,"epoch":294,"peers_alive":2,"peers_dead":0,"no_radio":0,"free_dram":250307,"largest_block":172032,"rx":{"total":23326,"bad_frame":0,"unknown_peer":12,"wrong_dst":0,"short_payload":0,"unknown_opcode":0,"queue_dropped":50},"tx":{"total":8364,"enqueue_err":0,"done_queue_dropped":0},"membership":{"deaths":1,"revivals":0,"reboots_seen":1,"table_full":0,"events_dropped":0}}
1791638428.563 {"t":"ns","node":33120,"hash":13581963,"owner":33120,"kind":"sampled","unit":100,"class":4,"bound_ms":5000,"quality":"GOOD","age_ms":353,"ts":483300,"updates":46,"value":2}
1791638428.563 {"t":"ns","node":33120,"hash":3142365229,"owner":33120,"kind":"sampled","unit":101,"class":4,"bound_ms":30000,"quality":"GOOD","age_ms":368,"ts":483299,"updates":46,"value":172032}
1791638428.563 {"t":"ns","node":33120,"hash":1245650351,"owner":25344,"kind":"sampled","unit":0,"class":3,"bound_ms":500,"quality":"NO_DATA","age_ms":0,"ts":0,"updates":0,"value":null}
1791638428.563 {"t":"ns","node":33120,"hash":2033492666,"owner":33120,"kind":"sampled","unit":0,"class":3,"bound_ms":0,"quality":"NO_DATA","age_ms":0,"ts":0,"updates":0,"value":null}
1791638428.563 {"t":"ns","node":33120,"hash":2347817554,"owner":33120,"kind":"sampled","unit":100,"class":4,"bound_ms":0,"quality":"GOOD","age_ms":410,"ts":483299,"updates":46,"value":294}
1791638428.563 {"t":"ns","node":33120,"hash":1170356950,"owner":33120,"kind":"sampled","unit":80,"class":4,"bound_ms":30000,"quality":"GOOD","age_ms":424,"ts":483299,"updates":46,"value":483}
1791638428.563 {"t":"ns","node":33120,"hash":3085599597,"owner":33120,"kind":"sampled","unit":0,"class":4,"bound_ms":5000,"quality":"GOOD","age_ms":448,"ts":483300,"updates":46,"value":-20}
1791638428.563 {"t":"ns","node":33120,"hash":2486014333,"owner":33120,"kind":"sampled","unit":101,"class":4,"bound_ms":30000,"quality":"GOOD","age_ms":464,"ts":483299,"updates":46,"value":250307}
1791638438.706 {"t":"clk","node":33120,"up_ms":493777}
1791638438.706 {"t":"led","node":33120,"shows":"green","app":0}
1791638438.706 {"t":"event","at_ms":484482,"node":33120,"kind":"peer_admitted","peer":29544,"slot":0,"a":0,"b":0}
1791638438.706 {"t":"event","at_ms":485037,"node":33120,"kind":"peer_admitted","peer":25344,"slot":1,"a":0,"b":0}
1791638438.706 {"t":"event","at_ms":486483,"node":33120,"kind":"peer_admitted","peer":29544,"slot":0,"a":0,"b":0}
1791638438.706 {"t":"event","at_ms":487037,"node":33120,"kind":"peer_admitted","peer":25344,"slot":1,"a":0,"b":0}
1791638438.706 {"t":"event","at_ms":488483,"node":33120,"kind":"peer_admitted","peer":29544,"slot":0,"a":0,"b":0}
1791638438.706 {"t":"event","at_ms":489037,"node":33120,"kind":"peer_admitted","peer":25344,"slot":1,"a":0,"b":0}
1791638438.706 {"t":"event","at_ms":490482,"node":33120,"kind":"peer_admitted","peer":29544,"slot":0,"a":0,"b":0}
1791638438.706 {"t":"event","at_ms":491037,"node":33120,"kind":"peer_admitted","peer":25344,"slot":1,"a":0,"b":0}
1791638438.706 {"t":"event","at_ms":492482,"node":33120,"kind":"peer_admitted","peer":29544,"slot":0,"a":0,"b":0}
1791638438.706 {"t":"event","at_ms":493037,"node":33120,"kind":"peer_admitted","peer":25344,"slot":1,"a":0,"b":0}
1791638438.706 {"t":"link","up_ms":493862,"node":33120,"peer":29544,"mac":"b8:1f:3f:da:73:68","state":"alive","epoch":172,"espnow_ver":2,"mtu":1446,"misses":0,"rssi":-11,"tx":{"frames":1728,"cb_ok":1728,"cb_fail":0,"enqueue_err":0,"pdr_ppm":1000000},"rx":{"frames":6891,"lost_seqgap":0,"reorder_dup":0,"dropped_bad":0,"hb_lost":10,"bcast_frames":4911,"pdr_ppm":1000000},"rtt":{"samples":246,"min_us":5368,"max_us":54362,"timeouts":0,"txq_last_us":27307,"txq_max_us":27307,"remote_turnaround_us":886,"remote_turnaround_max_us":1716,"p50_us":[4000,6000],"p99_us":[30000,42000],"hist":[0,0,0,0,198,34,6,2,2,1,1,2,0,0,0,0]}}
1791638438.706 {"t":"link","up_ms":493916,"node":33120,"peer":25344,"mac":"b8:1f:3f:da:63:00","state":"alive","epoch":245,"espnow_ver":2,"mtu":1446,"misses":0,"rssi":-20,"tx":{"frames":1646,"cb_ok":1645,"cb_fail":1,"enqueue_err":0,"pdr_ppm":999392},"rx":{"frames":6683,"lost_seqgap":1,"reorder_dup":0,"dropped_bad":0,"hb_lost":17,"bcast_frames":4868,"pdr_ppm":999850},"rtt":{"samples":245,"min_us":5745,"max_us":37069,"timeouts":1,"txq_last_us":8396,"txq_max_us":11076,"remote_turnaround_us":1013,"remote_turnaround_max_us":9219,"p50_us":[4000,6000],"p99_us":[22000,30000],"hist":[0,0,0,0,170,59,8,4,1,2,1,0,0,0,0,0]}}
1791638438.706 {"t":"auth","node":33120,"up_ms":493970,"enrolled":1,"required":1,"verified_peers":2,"verified":3,"cache_hits":493,"refused":0,"rate_limited":0,"stale_epoch":0,"verify_us_max":84770,"link_stack_free_b":1524,"crypto_stack_free_b":1268,"tags_ok":3300,"bad_tag":0,"replayed":0,"untagged":0,"bcast_dropped":0,"beacon_epoch_ignored":0,"tag_us_max":1106}
1791638438.706 {"t":"act","node":33120,"setpoint":0,"has_value":0,"writes_served":0}
1791638438.706 {"t":"peers","node":33120,"own_period_ms":100,"own_busy":0,"channel":1,"scanning":0,"scans":0,"hops":0,"found":0,"lost_to_found_ms":0,"moves_followed":0,"moves_refused":0,"sweeps":0,"sweep_found":0,"sweeping":0,"search_visits":0,"relay":0,"fwd_u":0,"fwd_b":0,"fwd_h":0,"relay_dup":5113,"list":[{"id":29544,"state":"alive","via_relay":0,"period_ms":100,"misses":6,"busy":1,"rtt_n":246},{"id":25344,"state":"alive","via_relay":0,"period_ms":100,"misses":6,"busy":0,"rtt_n":245}]}
1791638438.706 {"t":"ss","node":33120,"accepted":0,"unsigned":0,"unknown_sender":0,"bad_signature":0,"replayed":0,"rate_limited":0,"verify_us_max":0,"floors":[{"src":25344,"epoch":139,"counter":1}]}
1791638438.706 {"t":"rec","node":33120,"up_ms":494065,"settled":1,"sent":1972,"received":1895,"malformed":0,"views":3,"replies_fenced":0,"actors":[{"key":1245650351,"running":0,"term":0,"owner":25344,"owner_term":11,"assigned":25344,"starts":0,"fenced":0,"released":0}]}
1791638438.706 {"t":"node","up_ms":494092,"node":33120,"epoch":294,"peers_alive":2,"peers_dead":0,"no_radio":0,"free_dram":250307,"largest_block":172032,"rx":{"total":23841,"bad_frame":0,"unknown_peer":12,"wrong_dst":0,"short_payload":0,"unknown_opcode":0,"queue_dropped":50},"tx":{"total":8547,"enqueue_err":0,"done_queue_dropped":0},"membership":{"deaths":1,"revivals":0,"reboots_seen":1,"table_full":0,"events_dropped":0}}
1791638439.033 {"t":"ns","node":33120,"hash":13581963,"owner":33120,"kind":"sampled","unit":100,"class":4,"bound_ms":5000,"quality":"GOOD","age_ms":341,"ts":493779,"updates":47,"value":2}
1791638439.033 {"t":"ns","node":33120,"hash":3142365229,"owner":33120,"kind":"sampled","unit":101,"class":4,"bound_ms":30000,"quality":"GOOD","age_ms":356,"ts":493778,"updates":47,"value":172032}
1791638439.033 {"t":"ns","node":33120,"hash":1245650351,"owner":25344,"kind":"sampled","unit":0,"class":3,"bound_ms":500,"quality":"NO_DATA","age_ms":0,"ts":0,"updates":0,"value":null}
1791638439.033 {"t":"ns","node":33120,"hash":2033492666,"owner":33120,"kind":"sampled","unit":0,"class":3,"bound_ms":0,"quality":"NO_DATA","age_ms":0,"ts":0,"updates":0,"value":null}
1791638439.033 {"t":"ns","node":33120,"hash":2347817554,"owner":33120,"kind":"sampled","unit":100,"class":4,"bound_ms":0,"quality":"GOOD","age_ms":409,"ts":493778,"updates":47,"value":294}
1791638439.033 {"t":"ns","node":33120,"hash":1170356950,"owner":33120,"kind":"sampled","unit":80,"class":4,"bound_ms":30000,"quality":"GOOD","age_ms":423,"ts":493778,"updates":47,"value":493}
1791638439.033 {"t":"ns","node":33120,"hash":3085599597,"owner":33120,"kind":"sampled","unit":0,"class":4,"bound_ms":5000,"quality":"GOOD","age_ms":436,"ts":493779,"updates":47,"value":-20}
1791638439.033 {"t":"ns","node":33120,"hash":2486014333,"owner":33120,"kind":"sampled","unit":101,"class":4,"bound_ms":30000,"quality":"GOOD","age_ms":451,"ts":493778,"updates":47,"value":250307}
1791638449.179 {"t":"clk","node":33120,"up_ms":504244}
1791638449.179 {"t":"led","node":33120,"shows":"green","app":0}
1791638449.179 {"t":"event","at_ms":494482,"node":33120,"kind":"peer_admitted","peer":29544,"slot":0,"a":0,"b":0}
1791638449.179 {"t":"event","at_ms":495037,"node":33120,"kind":"peer_admitted","peer":25344,"slot":1,"a":0,"b":0}
1791638449.179 {"t":"event","at_ms":496482,"node":33120,"kind":"peer_admitted","peer":29544,"slot":0,"a":0,"b":0}
1791638449.179 {"t":"event","at_ms":497037,"node":33120,"kind":"peer_admitted","peer":25344,"slot":1,"a":0,"b":0}
1791638449.179 {"t":"event","at_ms":498482,"node":33120,"kind":"peer_admitted","peer":29544,"slot":0,"a":0,"b":0}
1791638449.179 {"t":"event","at_ms":499037,"node":33120,"kind":"peer_admitted","peer":25344,"slot":1,"a":0,"b":0}
1791638449.179 {"t":"event","at_ms":500482,"node":33120,"kind":"peer_admitted","peer":29544,"slot":0,"a":0,"b":0}
1791638449.179 {"t":"event","at_ms":501037,"node":33120,"kind":"peer_admitted","peer":25344,"slot":1,"a":0,"b":0}
1791638449.179 {"t":"event","at_ms":502482,"node":33120,"kind":"peer_admitted","peer":29544,"slot":0,"a":0,"b":0}
1791638449.179 {"t":"event","at_ms":503037,"node":33120,"kind":"peer_admitted","peer":25344,"slot":1,"a":0,"b":0}
1791638449.179 {"t":"link","up_ms":504329,"node":33120,"peer":29544,"mac":"b8:1f:3f:da:73:68","state":"alive","epoch":172,"espnow_ver":2,"mtu":1446,"misses":0,"rssi":-10,"tx":{"frames":1764,"cb_ok":1764,"cb_fail":0,"enqueue_err":0,"pdr_ppm":1000000},"rx":{"frames":7036,"lost_seqgap":0,"reorder_dup":0,"dropped_bad":0,"hb_lost":10,"bcast_frames":5015,"pdr_ppm":1000000},"rtt":{"samples":251,"min_us":5368,"max_us":54362,"timeouts":0,"txq_last_us":27307,"txq_max_us":27307,"remote_turnaround_us":842,"remote_turnaround_max_us":1716,"p50_us":[4000,6000],"p99_us":[30000,42000],"hist":[0,0,0,0,203,34,6,2,2,1,1,2,0,0,0,0]}}
1791638449.179 {"t":"link","up_ms":504384,"node":33120,"peer":25344,"mac":"b8:1f:3f:da:63:00","state":"alive","epoch":245,"espnow_ver":2,"mtu":1446,"misses":0,"rssi":-20,"tx":{"frames":1680,"cb_ok":1679,"cb_fail":1,"enqueue_err":0,"pdr_ppm":999404},"rx":{"frames":6827,"lost_seqgap":1,"reorder_dup":0,"dropped_bad":0,"hb_lost":17,"bcast_frames":4973,"pdr_ppm":999853},"rtt":{"samples":250,"min_us":5745,"max_us":37069,"timeouts":1,"txq_last_us":8396,"txq_max_us":11076,"remote_turnaround_us":1025,"remote_turnaround_max_us":9219,"p50_us":[4000,6000],"p99_us":[22000,30000],"hist":[0,0,0,0,174,60,8,4,1,2,1,0,0,0,0,0]}}
1791638449.179 {"t":"auth","node":33120,"up_ms":504438,"enrolled":1,"required":1,"verified_peers":2,"verified":3,"cache_hits":503,"refused":0,"rate_limited":0,"stale_epoch":0,"verify_us_max":84770,"link_stack_free_b":1524,"crypto_stack_free_b":1268,"tags_ok":3370,"bad_tag":0,"replayed":0,"untagged":0,"bcast_dropped":0,"beacon_epoch_ignored":0,"tag_us_max":1106}
1791638449.179 {"t":"act","node":33120,"setpoint":0,"has_value":0,"writes_served":0}
1791638449.179 {"t":"peers","node":33120,"own_period_ms":100,"own_busy":0,"channel":1,"scanning":0,"scans":0,"hops":0,"found":0,"lost_to_found_ms":0,"moves_followed":0,"moves_refused":0,"sweeps":0,"sweep_found":0,"sweeping":0,"search_visits":0,"relay":0,"fwd_u":0,"fwd_b":0,"fwd_h":0,"relay_dup":5223,"list":[{"id":29544,"state":"alive","via_relay":0,"period_ms":100,"misses":6,"busy":1,"rtt_n":251},{"id":25344,"state":"alive","via_relay":0,"period_ms":100,"misses":6,"busy":0,"rtt_n":250}]}
1791638449.179 {"t":"ss","node":33120,"accepted":0,"unsigned":0,"unknown_sender":0,"bad_signature":0,"replayed":0,"rate_limited":0,"verify_us_max":0,"floors":[{"src":25344,"epoch":139,"counter":1}]}
1791638449.179 {"t":"rec","node":33120,"up_ms":504534,"settled":1,"sent":2014,"received":1937,"malformed":0,"views":3,"replies_fenced":0,"actors":[{"key":1245650351,"running":0,"term":0,"owner":25344,"owner_term":11,"assigned":25344,"starts":0,"fenced":0,"released":0}]}
1791638449.179 {"t":"node","up_ms":504560,"node":33120,"epoch":294,"peers_alive":2,"peers_dead":0,"no_radio":0,"free_dram":250307,"largest_block":172032,"rx":{"total":24351,"bad_frame":0,"unknown_peer":12,"wrong_dst":0,"short_payload":0,"unknown_opcode":0,"queue_dropped":50},"tx":{"total":8729,"enqueue_err":0,"done_queue_dropped":0},"membership":{"deaths":1,"revivals":0,"reboots_seen":1,"table_full":0,"events_dropped":0}}
1791638449.497 {"t":"ns","node":33120,"hash":13581963,"owner":33120,"kind":"sampled","unit":100,"class":4,"bound_ms":5000,"quality":"GOOD","age_ms":343,"ts":504246,"updates":48,"value":2}
1791638449.497 {"t":"ns","node":33120,"hash":3142365229,"owner":33120,"kind":"sampled","unit":101,"class":4,"bound_ms":30000,"quality":"GOOD","age_ms":357,"ts":504246,"updates":48,"value":172032}
1791638449.497 {"t":"ns","node":33120,"hash":1245650351,"owner":25344,"kind":"sampled","unit":0,"class":3,"bound_ms":500,"quality":"NO_DATA","age_ms":0,"ts":0,"updates":0,"value":null}
1791638449.497 {"t":"ns","node":33120,"hash":2033492666,"owner":33120,"kind":"sampled","unit":0,"class":3,"bound_ms":0,"quality":"NO_DATA","age_ms":0,"ts":0,"updates":0,"value":null}
1791638449.497 {"t":"ns","node":33120,"hash":2347817554,"owner":33120,"kind":"sampled","unit":100,"class":4,"bound_ms":0,"quality":"GOOD","age_ms":411,"ts":504246,"updates":48,"value":294}
1791638449.497 {"t":"ns","node":33120,"hash":1170356950,"owner":33120,"kind":"sampled","unit":80,"class":4,"bound_ms":30000,"quality":"GOOD","age_ms":425,"ts":504246,"updates":48,"value":504}
1791638449.497 {"t":"ns","node":33120,"hash":3085599597,"owner":33120,"kind":"sampled","unit":0,"class":4,"bound_ms":5000,"quality":"GOOD","age_ms":439,"ts":504246,"updates":48,"value":-19}
1791638449.497 {"t":"ns","node":33120,"hash":2486014333,"owner":33120,"kind":"sampled","unit":101,"class":4,"bound_ms":30000,"quality":"GOOD","age_ms":453,"ts":504246,"updates":48,"value":250307}
