1791634959.740 I (2308653) pot.m0: fw: begin counter 3, 887040 B: ok
1791634961.034 {"t":"clk","node":29544,"up_ms":2308604}
1791634961.034 {"t":"hs","up_s":2308,"running":1,"sta":1,"has_ip":1,"ch":1,"rssi":-46,"clients":1,"reconnects":0,"int_free":203003,"psram_free":8336684,"boot_pick":1}
1791634961.034 {"t":"led","node":29544,"shows":"green","app":0}
1791634961.034 {"t":"event","at_ms":2299009,"node":29544,"kind":"peer_admitted","peer":25344,"slot":0,"a":0,"b":0}
1791634961.034 {"t":"event","at_ms":2299803,"node":29544,"kind":"peer_admitted","peer":33120,"slot":1,"a":0,"b":0}
1791634961.034 {"t":"event","at_ms":2301008,"node":29544,"kind":"peer_admitted","peer":25344,"slot":0,"a":0,"b":0}
1791634961.034 {"t":"event","at_ms":2301803,"node":29544,"kind":"peer_admitted","peer":33120,"slot":1,"a":0,"b":0}
1791634961.034 {"t":"event","at_ms":2303009,"node":29544,"kind":"peer_admitted","peer":25344,"slot":0,"a":0,"b":0}
1791634961.034 {"t":"event","at_ms":2303803,"node":29544,"kind":"peer_admitted","peer":33120,"slot":1,"a":0,"b":0}
1791634961.034 {"t":"event","at_ms":2305008,"node":29544,"kind":"peer_admitted","peer":25344,"slot":0,"a":0,"b":0}
1791634961.034 {"t":"event","at_ms":2305803,"node":29544,"kind":"peer_admitted","peer":33120,"slot":1,"a":0,"b":0}
1791634961.034 {"t":"event","at_ms":2307008,"node":29544,"kind":"peer_admitted","peer":25344,"slot":0,"a":0,"b":0}
1791634961.034 {"t":"event","at_ms":2307804,"node":29544,"kind":"peer_admitted","peer":33120,"slot":1,"a":0,"b":0}
1791634961.034 {"t":"link","up_ms":2308703,"node":29544,"peer":25344,"mac":"b8:1f:3f:da:63:00","state":"alive","epoch":243,"espnow_ver":2,"mtu":1446,"misses":0,"rssi":-27,"tx":{"frames":8288,"cb_ok":8278,"cb_fail":10,"enqueue_err":0,"pdr_ppm":998793},"rx":{"frames":31733,"lost_seqgap":7,"reorder_dup":0,"dropped_bad":0,"hb_lost":110,"bcast_frames":22911,"pdr_ppm":999779},"rtt":{"samples":1149,"min_us":5296,"max_us":40521,"timeouts":3,"txq_last_us":2564,"txq_max_us":24581,"remote_turnaround_us":985,"remote_turnaround_max_us":9506,"p50_us":[4000,6000],"p99_us":[16000,22000],"hist":[0,0,0,0,850,217,46,22,5,6,3,0,0,0,0,0]}}
1791634961.034 {"t":"link","up_ms":2308766,"node":29544,"peer":33120,"mac":"b8:1f:3f:da:81:60","state":"alive","epoch":289,"espnow_ver":2,"mtu":1446,"misses":0,"rssi":-10,"tx":{"frames":7319,"cb_ok":7176,"cb_fail":143,"enqueue_err":0,"pdr_ppm":980461},"rx":{"frames":28550,"lost_seqgap":6,"reorder_dup":0,"dropped_bad":0,"hb_lost":81,"bcast_frames":20362,"pdr_ppm":999789},"rtt":{"samples":1020,"min_us":5371,"max_us":94540,"timeouts":132,"txq_last_us":4393,"txq_max_us":59661,"remote_turnaround_us":1009,"remote_turnaround_max_us":82645,"p50_us":[4000,6000],"p99_us":[22000,30000],"hist":[0,0,0,0,753,162,38,32,20,7,4,2,1,1,0,0]}}
1791634961.034 {"t":"auth","node":29544,"up_ms":2308817,"enrolled":1,"required":1,"verified_peers":2,"verified":10,"cache_hits":2182,"refused":0,"rate_limited":0,"stale_epoch":0,"verify_us_max":71607,"link_stack_free_b":1516,"crypto_stack_free_b":1196,"tags_ok":14820,"bad_tag":0,"replayed":1,"untagged":0,"bcast_dropped":0,"beacon_epoch_ignored":0,"tag_us_max":2563}
1791634961.034 {"t":"act","node":29544,"setpoint":0,"has_value":0,"writes_served":0}
1791634961.034 {"t":"peers","node":29544,"own_period_ms":100,"own_busy":1,"channel":1,"scanning":0,"scans":0,"hops":0,"found":0,"lost_to_found_ms":0,"moves_followed":0,"moves_refused":0,"sweeps":0,"sweep_found":0,"sweeping":0,"search_visits":0,"relay":1,"fwd_u":0,"fwd_b":43276,"fwd_h":2192,"relay_dup":0,"list":[{"id":25344,"state":"alive","via_relay":0,"period_ms":100,"misses":6,"busy":0,"rtt_n":1150},{"id":33120,"state":"alive","via_relay":0,"period_ms":100,"misses":6,"busy":0,"rtt_n":1020}]}
1791634961.034 {"t":"ss","node":29544,"accepted":0,"unsigned":0,"unknown_sender":0,"bad_signature":0,"replayed":0,"rate_limited":0,"verify_us_max":0,"floors":[]}
1791634961.034 {"t":"rec","node":29544,"up_ms":2308928,"settled":1,"sent":9231,"received":8577,"malformed":0,"views":20,"replies_fenced":0,"actors":[{"key":1245650351,"running":0,"term":0,"owner":25344,"owner_term":7,"assigned":25344,"starts":1,"fenced":0,"released":1}]}
1791634961.363 {"t":"node","up_ms":2308953,"node":29544,"epoch":170,"peers_alive":2,"peers_dead":0,"no_radio":0,"free_dram":203003,"largest_block":126976,"rx":{"total":60300,"bad_frame":0,"unknown_peer":8,"wrong_dst":0,"short_payload":0,"unknown_opcode":0,"queue_dropped":8},"tx":{"total":39853,"enqueue_err":0,"done_queue_dropped":0},"membership":{"deaths":10,"revivals":4,"reboots_seen":6,"table_full":0,"events_dropped":1}}
1791634961.363 {"t":"ns","node":29544,"hash":96177158,"owner":29544,"kind":"sampled","unit":0,"class":4,"bound_ms":5000,"quality":"GOOD","age_ms":355,"ts":2308625,"updates":220,"value":-27}
1791634961.363 {"t":"ns","node":29544,"hash":1162973580,"owner":29544,"kind":"sampled","unit":101,"class":4,"bound_ms":30000,"quality":"GOOD","age_ms":379,"ts":2308625,"updates":220,"value":202751}
1791634961.363 {"t":"ns","node":29544,"hash":4013525678,"owner":29544,"kind":"sampled","unit":101,"class":4,"bound_ms":30000,"quality":"GOOD","age_ms":393,"ts":2308625,"updates":220,"value":126976}
1791634961.363 {"t":"ns","node":29544,"hash":1245650351,"owner":25344,"kind":"sampled","unit":0,"class":3,"bound_ms":500,"quality":"NO_DATA","age_ms":0,"ts":0,"updates":0,"value":null}
1791634961.363 {"t":"ns","node":29544,"hash":2033492666,"owner":29544,"kind":"sampled","unit":0,"class":3,"bound_ms":0,"quality":"NO_DATA","age_ms":0,"ts":0,"updates":0,"value":null}
1791634961.363 {"t":"ns","node":29544,"hash":1303338069,"owner":29544,"kind":"sampled","unit":100,"class":4,"bound_ms":0,"quality":"GOOD","age_ms":440,"ts":2308625,"updates":220,"value":170}
1791634961.363 {"t":"ns","node":29544,"hash":288706273,"owner":29544,"kind":"sampled","unit":80,"class":4,"bound_ms":30000,"quality":"GOOD","age_ms":453,"ts":2308625,"updates":220,"value":2308}
1791634961.363 {"t":"ns","node":29544,"hash":2548334194,"owner":29544,"kind":"sampled","unit":100,"class":4,"bound_ms":5000,"quality":"GOOD","age_ms":466,"ts":2308625,"updates":220,"value":2}
1791634971.527 {"t":"clk","node":29544,"up_ms":2319104}
1791634971.527 {"t":"hs","up_s":2319,"running":1,"sta":1,"has_ip":1,"ch":1,"rssi":-46,"clients":1,"reconnects":0,"int_free":203003,"psram_free":8336684,"boot_pick":1}
1791634971.527 {"t":"led","node":29544,"shows":"green","app":0}
1791634971.527 {"t":"event","at_ms":2309010,"node":29544,"kind":"peer_admitted","peer":25344,"slot":0,"a":0,"b":0}
1791634971.527 {"t":"event","at_ms":2309803,"node":29544,"kind":"peer_admitted","peer":33120,"slot":1,"a":0,"b":0}
1791634971.527 {"t":"event","at_ms":2311010,"node":29544,"kind":"peer_admitted","peer":25344,"slot":0,"a":0,"b":0}
1791634971.527 {"t":"event","at_ms":2311803,"node":29544,"kind":"peer_admitted","peer":33120,"slot":1,"a":0,"b":0}
1791634971.527 {"t":"event","at_ms":2313009,"node":29544,"kind":"peer_admitted","peer":25344,"slot":0,"a":0,"b":0}
1791634971.527 {"t":"event","at_ms":2313803,"node":29544,"kind":"peer_admitted","peer":33120,"slot":1,"a":0,"b":0}
1791634971.527 {"t":"event","at_ms":2315009,"node":29544,"kind":"peer_admitted","peer":25344,"slot":0,"a":0,"b":0}
1791634971.527 {"t":"event","at_ms":2315803,"node":29544,"kind":"peer_admitted","peer":33120,"slot":1,"a":0,"b":0}
1791634971.527 {"t":"event","at_ms":2317009,"node":29544,"kind":"peer_admitted","peer":25344,"slot":0,"a":0,"b":0}
1791634971.527 {"t":"event","at_ms":2317808,"node":29544,"kind":"peer_admitted","peer":33120,"slot":1,"a":0,"b":0}
1791634971.527 {"t":"event","at_ms":2319025,"node":29544,"kind":"peer_admitted","peer":25344,"slot":0,"a":0,"b":0}
1791634971.527 {"t":"link","up_ms":2319211,"node":29544,"peer":25344,"mac":"b8:1f:3f:da:63:00","state":"alive","epoch":243,"espnow_ver":2,"mtu":1446,"misses":0,"rssi":-27,"tx":{"frames":8422,"cb_ok":8412,"cb_fail":10,"enqueue_err":0,"pdr_ppm":998812},"rx":{"frames":31970,"lost_seqgap":7,"reorder_dup":0,"dropped_bad":0,"hb_lost":110,"bcast_frames":23016,"pdr_ppm":999781},"rtt":{"samples":1155,"min_us":5296,"max_us":40521,"timeouts":3,"txq_last_us":15338,"txq_max_us":24581,"remote_turnaround_us":858,"remote_turnaround_max_us":9506,"p50_us":[4000,6000],"p99_us":[16000,22000],"hist":[0,0,0,0,853,217,47,22,6,6,4,0,0,0,0,0]}}
1791634971.527 {"t":"link","up_ms":2319286,"node":29544,"peer":33120,"mac":"b8:1f:3f:da:81:60","state":"alive","epoch":289,"espnow_ver":2,"mtu":1446,"misses":0,"rssi":-9,"tx":{"frames":7355,"cb_ok":7212,"cb_fail":143,"enqueue_err":0,"pdr_ppm":980557},"rx":{"frames":28697,"lost_seqgap":6,"reorder_dup":0,"dropped_bad":0,"hb_lost":81,"bcast_frames":20467,"pdr_ppm":999790},"rtt":{"samples":1025,"min_us":5371,"max_us":94540,"timeouts":132,"txq_last_us":4393,"txq_max_us":59661,"remote_turnaround_us":886,"remote_turnaround_max_us":82645,"p50_us":[4000,6000],"p99_us":[22000,30000],"hist":[0,0,0,0,757,162,39,32,20,7,4,2,1,1,0,0]}}
1791634971.527 {"t":"auth","node":29544,"up_ms":2319338,"enrolled":1,"required":1,"verified_peers":2,"verified":10,"cache_hits":2193,"refused":0,"rate_limited":0,"stale_epoch":0,"verify_us_max":71607,"link_stack_free_b":1516,"crypto_stack_free_b":1196,"tags_ok":14982,"bad_tag":0,"replayed":1,"untagged":0,"bcast_dropped":0,"beacon_epoch_ignored":0,"tag_us_max":2563}
1791634971.527 {"t":"act","node":29544,"setpoint":0,"has_value":0,"writes_served":0}
1791634971.527 {"t":"peers","node":29544,"own_period_ms":100,"own_busy":1,"channel":1,"scanning":0,"scans":0,"hops":0,"found":0,"lost_to_found_ms":0,"moves_followed":0,"moves_refused":0,"sweeps":0,"sweep_found":0,"sweeping":0,"search_visits":0,"relay":1,"fwd_u":0,"fwd_b":43486,"fwd_h":2203,"relay_dup":0,"list":[{"id":25344,"state":"alive","via_relay":0,"period_ms":100,"misses":6,"busy":0,"rtt_n":1155},{"id":33120,"state":"alive","via_relay":0,"period_ms":100,"misses":6,"busy":0,"rtt_n":1025}]}
1791634971.527 {"t":"ss","node":29544,"accepted":0,"unsigned":0,"unknown_sender":0,"bad_signature":0,"replayed":0,"rate_limited":0,"verify_us_max":0,"floors":[]}
1791634971.527 {"t":"rec","node":29544,"up_ms":2319428,"settled":1,"sent":9272,"received":8612,"malformed":0,"views":20,"replies_fenced":0,"actors":[{"key":1245650351,"running":0,"term":0,"owner":25344,"owner_term":7,"assigned":25344,"starts":1,"fenced":0,"released":1}]}
1791634971.879 {"t":"node","up_ms":2319453,"node":29544,"epoch":170,"peers_alive":2,"peers_dead":0,"no_radio":0,"free_dram":202343,"largest_block":126976,"rx":{"total":60682,"bad_frame":0,"unknown_peer":8,"wrong_dst":0,"short_payload":0,"unknown_opcode":0,"queue_dropped":8},"tx":{"total":40131,"enqueue_err":0,"done_queue_dropped":0},"membership":{"deaths":10,"revivals":4,"reboots_seen":6,"table_full":0,"events_dropped":1}}
1791634971.879 {"t":"ns","node":29544,"hash":96177158,"owner":29544,"kind":"sampled","unit":0,"class":4,"bound_ms":5000,"quality":"GOOD","age_ms":372,"ts":2319119,"updates":221,"value":-27}
1791634971.879 {"t":"ns","node":29544,"hash":1162973580,"owner":29544,"kind":"sampled","unit":101,"class":4,"bound_ms":30000,"quality":"GOOD","age_ms":385,"ts":2319119,"updates":221,"value":203003}
1791634971.879 {"t":"ns","node":29544,"hash":4013525678,"owner":29544,"kind":"sampled","unit":101,"class":4,"bound_ms":30000,"quality":"GOOD","age_ms":399,"ts":2319119,"updates":221,"value":126976}
1791634971.879 {"t":"ns","node":29544,"hash":1245650351,"owner":25344,"kind":"sampled","unit":0,"class":3,"bound_ms":500,"quality":"NO_DATA","age_ms":0,"ts":0,"updates":0,"value":null}
1791634971.879 {"t":"ns","node":29544,"hash":2033492666,"owner":29544,"kind":"sampled","unit":0,"class":3,"bound_ms":0,"quality":"NO_DATA","age_ms":0,"ts":0,"updates":0,"value":null}
1791634971.879 {"t":"ns","node":29544,"hash":1303338069,"owner":29544,"kind":"sampled","unit":100,"class":4,"bound_ms":0,"quality":"GOOD","age_ms":449,"ts":2319119,"updates":221,"value":170}
1791634971.879 {"t":"ns","node":29544,"hash":288706273,"owner":29544,"kind":"sampled","unit":80,"class":4,"bound_ms":30000,"quality":"GOOD","age_ms":462,"ts":2319119,"updates":221,"value":2319}
1791634971.879 {"t":"ns","node":29544,"hash":2548334194,"owner":29544,"kind":"sampled","unit":100,"class":4,"bound_ms":5000,"quality":"GOOD","age_ms":476,"ts":2319119,"updates":221,"value":2}
1791634982.041 {"t":"clk","node":29544,"up_ms":2329608}
1791634982.041 {"t":"hs","up_s":2329,"running":1,"sta":1,"has_ip":1,"ch":1,"rssi":-46,"clients":1,"reconnects":0,"int_free":203003,"psram_free":8336684,"boot_pick":1}
1791634982.041 {"t":"led","node":29544,"shows":"green","app":0}
1791634982.041 {"t":"event","at_ms":2319803,"node":29544,"kind":"peer_admitted","peer":33120,"slot":1,"a":0,"b":0}
1791634982.041 {"t":"event","at_ms":2321009,"node":29544,"kind":"peer_admitted","peer":25344,"slot":0,"a":0,"b":0}
1791634982.041 {"t":"event","at_ms":2321803,"node":29544,"kind":"peer_admitted","peer":33120,"slot":1,"a":0,"b":0}
1791634982.041 {"t":"event","at_ms":2323023,"node":29544,"kind":"peer_admitted","peer":25344,"slot":0,"a":0,"b":0}
1791634982.041 {"t":"event","at_ms":2323803,"node":29544,"kind":"peer_admitted","peer":33120,"slot":1,"a":0,"b":0}
1791634982.041 {"t":"event","at_ms":2325011,"node":29544,"kind":"peer_admitted","peer":25344,"slot":0,"a":0,"b":0}
1791634982.041 {"t":"event","at_ms":2325804,"node":29544,"kind":"peer_admitted","peer":33120,"slot":1,"a":0,"b":0}
1791634982.041 {"t":"event","at_ms":2327011,"node":29544,"kind":"peer_admitted","peer":25344,"slot":0,"a":0,"b":0}
1791634982.041 {"t":"event","at_ms":2327813,"node":29544,"kind":"peer_admitted","peer":33120,"slot":1,"a":0,"b":0}
1791634982.041 {"t":"event","at_ms":2329011,"node":29544,"kind":"peer_admitted","peer":25344,"slot":0,"a":0,"b":0}
1791634982.041 {"t":"link","up_ms":2329742,"node":29544,"peer":25344,"mac":"b8:1f:3f:da:63:00","state":"alive","epoch":243,"espnow_ver":2,"mtu":1446,"misses":0,"rssi":-27,"tx":{"frames":8552,"cb_ok":8542,"cb_fail":10,"enqueue_err":0,"pdr_ppm":998830},"rx":{"frames":32201,"lost_seqgap":7,"reorder_dup":0,"dropped_bad":0,"hb_lost":113,"bcast_frames":23119,"pdr_ppm":999782},"rtt":{"samples":1160,"min_us":5296,"max_us":40521,"timeouts":3,"txq_last_us":2633,"txq_max_us":24581,"remote_turnaround_us":1383,"remote_turnaround_max_us":9506,"p50_us":[4000,6000],"p99_us":[16000,22000],"hist":[0,0,0,0,856,219,47,22,6,6,4,0,0,0,0,0]}}
1791634982.041 {"t":"link","up_ms":2329794,"node":29544,"peer":33120,"mac":"b8:1f:3f:da:81:60","state":"alive","epoch":289,"espnow_ver":2,"mtu":1446,"misses":0,"rssi":-9,"tx":{"frames":7391,"cb_ok":7248,"cb_fail":143,"enqueue_err":0,"pdr_ppm":980652},"rx":{"frames":28841,"lost_seqgap":6,"reorder_dup":0,"dropped_bad":0,"hb_lost":83,"bcast_frames":20570,"pdr_ppm":999792},"rtt":{"samples":1030,"min_us":5371,"max_us":94540,"timeouts":132,"txq_last_us":5219,"txq_max_us":59661,"remote_turnaround_us":997,"remote_turnaround_max_us":82645,"p50_us":[4000,6000],"p99_us":[22000,30000],"hist":[0,0,0,0,759,163,41,32,20,7,4,2,1,1,0,0]}}
1791634982.041 {"t":"auth","node":29544,"up_ms":2329846,"enrolled":1,"required":1,"verified_peers":2,"verified":10,"cache_hits":2204,"refused":0,"rate_limited":0,"stale_epoch":0,"verify_us_max":71607,"link_stack_free_b":1516,"crypto_stack_free_b":1196,"tags_ok":15142,"bad_tag":0,"replayed":1,"untagged":0,"bcast_dropped":0,"beacon_epoch_ignored":0,"tag_us_max":2682}
1791634982.041 {"t":"act","node":29544,"setpoint":0,"has_value":0,"writes_served":0}
1791634982.041 {"t":"peers","node":29544,"own_period_ms":100,"own_busy":1,"channel":1,"scanning":0,"scans":0,"hops":0,"found":0,"lost_to_found_ms":0,"moves_followed":0,"moves_refused":0,"sweeps":0,"sweep_found":0,"sweeping":0,"search_visits":0,"relay":1,"fwd_u":0,"fwd_b":43691,"fwd_h":2214,"relay_dup":0,"list":[{"id":25344,"state":"alive","via_relay":0,"period_ms":100,"misses":6,"busy":0,"rtt_n":1160},{"id":33120,"state":"alive","via_relay":0,"period_ms":100,"misses":6,"busy":0,"rtt_n":1031}]}
1791634982.041 {"t":"ss","node":29544,"accepted":0,"unsigned":0,"unknown_sender":0,"bad_signature":0,"replayed":0,"rate_limited":0,"verify_us_max":0,"floors":[]}
1791634982.041 {"t":"rec","node":29544,"up_ms":2329937,"settled":1,"sent":9313,"received":8647,"malformed":0,"views":20,"replies_fenced":0,"actors":[{"key":1245650351,"running":0,"term":0,"owner":25344,"owner_term":7,"assigned":25344,"starts":1,"fenced":0,"released":1}]}
1791634982.397 {"t":"node","up_ms":2329962,"node":29544,"epoch":170,"peers_alive":2,"peers_dead":0,"no_radio":0,"free_dram":203003,"largest_block":126976,"rx":{"total":61059,"bad_frame":0,"unknown_peer":8,"wrong_dst":0,"short_payload":0,"unknown_opcode":0,"queue_dropped":8},"tx":{"total":40409,"enqueue_err":0,"done_queue_dropped":0},"membership":{"deaths":10,"revivals":4,"reboots_seen":6,"table_full":0,"events_dropped":1}}
1791634982.397 {"t":"ns","node":29544,"hash":96177158,"owner":29544,"kind":"sampled","unit":0,"class":4,"bound_ms":5000,"quality":"GOOD","age_ms":367,"ts":2329623,"updates":222,"value":-28}
1791634982.397 {"t":"ns","node":29544,"hash":1162973580,"owner":29544,"kind":"sampled","unit":101,"class":4,"bound_ms":30000,"quality":"GOOD","age_ms":391,"ts":2329623,"updates":222,"value":203003}
1791634982.397 {"t":"ns","node":29544,"hash":4013525678,"owner":29544,"kind":"sampled","unit":101,"class":4,"bound_ms":30000,"quality":"GOOD","age_ms":405,"ts":2329623,"updates":222,"value":126976}
1791634982.397 {"t":"ns","node":29544,"hash":1245650351,"owner":25344,"kind":"sampled","unit":0,"class":3,"bound_ms":500,"quality":"NO_DATA","age_ms":0,"ts":0,"updates":0,"value":null}
1791634982.397 {"t":"ns","node":29544,"hash":2033492666,"owner":29544,"kind":"sampled","unit":0,"class":3,"bound_ms":0,"quality":"NO_DATA","age_ms":0,"ts":0,"updates":0,"value":null}
1791634982.397 {"t":"ns","node":29544,"hash":1303338069,"owner":29544,"kind":"sampled","unit":100,"class":4,"bound_ms":0,"quality":"GOOD","age_ms":445,"ts":2329623,"updates":222,"value":170}
1791634982.397 {"t":"ns","node":29544,"hash":288706273,"owner":29544,"kind":"sampled","unit":80,"class":4,"bound_ms":30000,"quality":"GOOD","age_ms":485,"ts":2329623,"updates":222,"value":2329}
1791634982.397 {"t":"ns","node":29544,"hash":2548334194,"owner":29544,"kind":"sampled","unit":100,"class":4,"bound_ms":5000,"quality":"GOOD","age_ms":499,"ts":2329623,"updates":222,"value":2}
1791634992.541 {"t":"clk","node":29544,"up_ms":2340135}
1791634992.541 {"t":"hs","up_s":2340,"running":1,"sta":1,"has_ip":1,"ch":1,"rssi":-46,"clients":1,"reconnects":0,"int_free":203007,"psram_free":8336684,"boot_pick":1}
1791634992.541 {"t":"led","node":29544,"shows":"green","app":0}
1791634992.541 {"t":"event","at_ms":2329803,"node":29544,"kind":"peer_admitted","peer":33120,"slot":1,"a":0,"b":0}
1791634992.541 {"t":"event","at_ms":2331011,"node":29544,"kind":"peer_admitted","peer":25344,"slot":0,"a":0,"b":0}
1791634992.541 {"t":"event","at_ms":2331803,"node":29544,"kind":"peer_admitted","peer":33120,"slot":1,"a":0,"b":0}
1791634992.541 {"t":"event","at_ms":2333013,"node":29544,"kind":"peer_admitted","peer":25344,"slot":0,"a":0,"b":0}
1791634992.541 {"t":"event","at_ms":2333803,"node":29544,"kind":"peer_admitted","peer":33120,"slot":1,"a":0,"b":0}
1791634992.541 {"t":"event","at_ms":2335011,"node":29544,"kind":"peer_admitted","peer":25344,"slot":0,"a":0,"b":0}
1791634992.541 {"t":"event","at_ms":2335803,"node":29544,"kind":"peer_admitted","peer":33120,"slot":1,"a":0,"b":0}
1791634992.541 {"t":"event","at_ms":2337011,"node":29544,"kind":"peer_admitted","peer":25344,"slot":0,"a":0,"b":0}
1791634992.541 {"t":"event","at_ms":2337803,"node":29544,"kind":"peer_admitted","peer":33120,"slot":1,"a":0,"b":0}
1791634992.541 {"t":"event","at_ms":2339011,"node":29544,"kind":"peer_admitted","peer":25344,"slot":0,"a":0,"b":0}
1791634992.541 {"t":"event","at_ms":2339805,"node":29544,"kind":"peer_admitted","peer":33120,"slot":1,"a":0,"b":0}
1791634992.541 {"t":"link","up_ms":2340244,"node":29544,"peer":25344,"mac":"b8:1f:3f:da:63:00","state":"alive","epoch":243,"espnow_ver":2,"mtu":1446,"misses":0,"rssi":-27,"tx":{"frames":8684,"cb_ok":8674,"cb_fail":10,"enqueue_err":0,"pdr_ppm":998848},"rx":{"frames":32435,"lost_seqgap":7,"reorder_dup":0,"dropped_bad":0,"hb_lost":115,"bcast_frames":23222,"pdr_ppm":999784},"rtt":{"samples":1165,"min_us":5296,"max_us":40521,"timeouts":3,"txq_last_us":1417,"txq_max_us":24581,"remote_turnaround_us":3003,"remote_turnaround_max_us":9506,"p50_us":[4000,6000],"p99_us":[16000,22000],"hist":[0,0,0,0,858,221,48,22,6,6,4,0,0,0,0,0]}}
1791634992.541 {"t":"link","up_ms":2340307,"node":29544,"peer":33120,"mac":"b8:1f:3f:da:81:60","state":"alive","epoch":289,"espnow_ver":2,"mtu":1446,"misses":0,"rssi":-9,"tx":{"frames":7428,"cb_ok":7285,"cb_fail":143,"enqueue_err":0,"pdr_ppm":980748},"rx":{"frames":28988,"lost_seqgap":6,"reorder_dup":0,"dropped_bad":0,"hb_lost":85,"bcast_frames":20673,"pdr_ppm":999793},"rtt":{"samples":1036,"min_us":5371,"max_us":94540,"timeouts":132,"txq_last_us":2569,"txq_max_us":59661,"remote_turnaround_us":1037,"remote_turnaround_max_us":82645,"p50_us":[4000,6000],"p99_us":[22000,30000],"hist":[0,0,0,0,762,165,41,32,20,7,5,2,1,1,0,0]}}
1791634992.541 {"t":"auth","node":29544,"up_ms":2340358,"enrolled":1,"required":1,"verified_peers":2,"verified":10,"cache_hits":2214,"refused":0,"rate_limited":0,"stale_epoch":0,"verify_us_max":71607,"link_stack_free_b":1516,"crypto_stack_free_b":1196,"tags_ok":15305,"bad_tag":0,"replayed":1,"untagged":0,"bcast_dropped":0,"beacon_epoch_ignored":0,"tag_us_max":2682}
1791634992.541 {"t":"act","node":29544,"setpoint":0,"has_value":0,"writes_served":0}
1791634992.541 {"t":"peers","node":29544,"own_period_ms":100,"own_busy":1,"channel":1,"scanning":0,"scans":0,"hops":0,"found":0,"lost_to_found_ms":0,"moves_followed":0,"moves_refused":0,"sweeps":0,"sweep_found":0,"sweeping":0,"search_visits":0,"relay":1,"fwd_u":0,"fwd_b":43897,"fwd_h":2224,"relay_dup":0,"list":[{"id":25344,"state":"alive","via_relay":0,"period_ms":100,"misses":6,"busy":0,"rtt_n":1165},{"id":33120,"state":"alive","via_relay":0,"period_ms":100,"misses":6,"busy":0,"rtt_n":1036}]}
1791634992.541 {"t":"ss","node":29544,"accepted":0,"unsigned":0,"unknown_sender":0,"bad_signature":0,"replayed":0,"rate_limited":0,"verify_us_max":0,"floors":[]}
1791634992.541 {"t":"rec","node":29544,"up_ms":2340448,"settled":1,"sent":9354,"received":8682,"malformed":0,"views":20,"replies_fenced":0,"actors":[{"key":1245650351,"running":0,"term":0,"owner":25344,"owner_term":7,"assigned":25344,"starts":1,"fenced":0,"released":1}]}
1791634992.916 {"t":"node","up_ms":2340473,"node":29544,"epoch":170,"peers_alive":2,"peers_dead":0,"no_radio":0,"free_dram":202999,"largest_block":126976,"rx":{"total":61437,"bad_frame":0,"unknown_peer":8,"wrong_dst":0,"short_payload":0,"unknown_opcode":0,"queue_dropped":8},"tx":{"total":40686,"enqueue_err":0,"done_queue_dropped":0},"membership":{"deaths":10,"revivals":4,"reboots_seen":6,"table_full":0,"events_dropped":1}}
1791634992.916 {"t":"ns","node":29544,"hash":96177158,"owner":29544,"kind":"sampled","unit":0,"class":4,"bound_ms":5000,"quality":"GOOD","age_ms":371,"ts":2340150,"updates":223,"value":-28}
1791634992.916 {"t":"ns","node":29544,"hash":1162973580,"owner":29544,"kind":"sampled","unit":101,"class":4,"bound_ms":30000,"quality":"GOOD","age_ms":395,"ts":2340150,"updates":223,"value":203007}
1791634992.916 {"t":"ns","node":29544,"hash":4013525678,"owner":29544,"kind":"sampled","unit":101,"class":4,"bound_ms":30000,"quality":"GOOD","age_ms":409,"ts":2340150,"updates":223,"value":126976}
1791634992.916 {"t":"ns","node":29544,"hash":1245650351,"owner":25344,"kind":"sampled","unit":0,"class":3,"bound_ms":500,"quality":"NO_DATA","age_ms":0,"ts":0,"updates":0,"value":null}
1791634992.916 {"t":"ns","node":29544,"hash":2033492666,"owner":29544,"kind":"sampled","unit":0,"class":3,"bound_ms":0,"quality":"NO_DATA","age_ms":0,"ts":0,"updates":0,"value":null}
1791634992.916 {"t":"ns","node":29544,"hash":1303338069,"owner":29544,"kind":"sampled","unit":100,"class":4,"bound_ms":0,"quality":"GOOD","age_ms":448,"ts":2340150,"updates":223,"value":170}
1791634992.916 {"t":"ns","node":29544,"hash":288706273,"owner":29544,"kind":"sampled","unit":80,"class":4,"bound_ms":30000,"quality":"GOOD","age_ms":473,"ts":2340150,"updates":223,"value":2340}
1791634992.916 {"t":"ns","node":29544,"hash":2548334194,"owner":29544,"kind":"sampled","unit":100,"class":4,"bound_ms":5000,"quality":"GOOD","age_ms":487,"ts":2340150,"updates":223,"value":2}
1791635003.055 {"t":"clk","node":29544,"up_ms":2350650}
1791635003.055 {"t":"hs","up_s":2350,"running":1,"sta":1,"has_ip":1,"ch":1,"rssi":-46,"clients":1,"reconnects":0,"int_free":203003,"psram_free":8336684,"boot_pick":1}
1791635003.055 {"t":"led","node":29544,"shows":"yellow","app":0}
1791635003.055 {"t":"event","at_ms":2341011,"node":29544,"kind":"peer_admitted","peer":25344,"slot":0,"a":0,"b":0}
1791635003.055 {"t":"event","at_ms":2341808,"node":29544,"kind":"peer_admitted","peer":33120,"slot":1,"a":0,"b":0}
1791635003.055 {"t":"event","at_ms":2343012,"node":29544,"kind":"peer_admitted","peer":25344,"slot":0,"a":0,"b":0}
1791635003.055 {"t":"event","at_ms":2343803,"node":29544,"kind":"peer_admitted","peer":33120,"slot":1,"a":0,"b":0}
1791635003.055 {"t":"event","at_ms":2345011,"node":29544,"kind":"peer_admitted","peer":25344,"slot":0,"a":0,"b":0}
1791635003.055 {"t":"event","at_ms":2345803,"node":29544,"kind":"peer_admitted","peer":33120,"slot":1,"a":0,"b":0}
1791635003.055 {"t":"event","at_ms":2347018,"node":29544,"kind":"peer_admitted","peer":25344,"slot":0,"a":0,"b":0}
1791635003.055 {"t":"event","at_ms":2347803,"node":29544,"kind":"peer_admitted","peer":33120,"slot":1,"a":0,"b":0}
1791635003.055 {"t":"event","at_ms":2349011,"node":29544,"kind":"peer_admitted","peer":25344,"slot":0,"a":0,"b":0}
1791635003.055 {"t":"event","at_ms":2349803,"node":29544,"kind":"peer_admitted","peer":33120,"slot":1,"a":0,"b":0}
1791635003.055 {"t":"link","up_ms":2350755,"node":29544,"peer":25344,"mac":"b8:1f:3f:da:63:00","state":"alive","epoch":243,"espnow_ver":2,"mtu":1446,"misses":0,"rssi":-27,"tx":{"frames":8813,"cb_ok":8803,"cb_fail":10,"enqueue_err":0,"pdr_ppm":998865},"rx":{"frames":32667,"lost_seqgap":7,"reorder_dup":0,"dropped_bad":0,"hb_lost":116,"bcast_frames":23326,"pdr_ppm":999785},"rtt":{"samples":1170,"min_us":5296,"max_us":40521,"timeouts":3,"txq_last_us":2552,"txq_max_us":24581,"remote_turnaround_us":1024,"remote_turnaround_max_us":9506,"p50_us":[4000,6000],"p99_us":[16000,22000],"hist":[0,0,0,0,859,223,48,22,8,6,4,0,0,0,0,0]}}
1791635003.055 {"t":"link","up_ms":2350806,"node":29544,"peer":33120,"mac":"b8:1f:3f:da:81:60","state":"alive","epoch":289,"espnow_ver":2,"mtu":1446,"misses":0,"rssi":-10,"tx":{"frames":7465,"cb_ok":7322,"cb_fail":143,"enqueue_err":0,"pdr_ppm":980843},"rx":{"frames":29131,"lost_seqgap":6,"reorder_dup":0,"dropped_bad":0,"hb_lost":89,"bcast_frames":20774,"pdr_ppm":999794},"rtt":{"samples":1041,"min_us":5371,"max_us":94540,"timeouts":132,"txq_last_us":2640,"txq_max_us":59661,"remote_turnaround_us":914,"remote_turnaround_max_us":82645,"p50_us":[4000,6000],"p99_us":[22000,30000],"hist":[0,0,0,0,763,167,42,33,20,7,5,2,1,1,0,0]}}
1791635003.055 {"t":"auth","node":29544,"up_ms":2350858,"enrolled":1,"required":1,"verified_peers":2,"verified":10,"cache_hits":2224,"refused":0,"rate_limited":0,"stale_epoch":0,"verify_us_max":71607,"link_stack_free_b":1516,"crypto_stack_free_b":1196,"tags_ok":15465,"bad_tag":0,"replayed":1,"untagged":0,"bcast_dropped":0,"beacon_epoch_ignored":0,"tag_us_max":2682}
1791635003.055 {"t":"act","node":29544,"setpoint":0,"has_value":0,"writes_served":0}
1791635003.055 {"t":"peers","node":29544,"own_period_ms":100,"own_busy":1,"channel":1,"scanning":0,"scans":0,"hops":0,"found":0,"lost_to_found_ms":0,"moves_followed":0,"moves_refused":0,"sweeps":0,"sweep_found":0,"sweeping":0,"search_visits":0,"relay":1,"fwd_u":0,"fwd_b":44102,"fwd_h":2234,"relay_dup":0,"list":[{"id":25344,"state":"alive","via_relay":0,"period_ms":100,"misses":6,"busy":0,"rtt_n":1171},{"id":33120,"state":"alive","via_relay":0,"period_ms":100,"misses":6,"busy":0,"rtt_n":1041}]}
1791635003.055 {"t":"ss","node":29544,"accepted":0,"unsigned":0,"unknown_sender":0,"bad_signature":0,"replayed":0,"rate_limited":0,"verify_us_max":0,"floors":[]}
1791635003.055 {"t":"rec","node":29544,"up_ms":2350948,"settled":1,"sent":9395,"received":8716,"malformed":0,"views":20,"replies_fenced":0,"actors":[{"key":1245650351,"running":0,"term":0,"owner":25344,"owner_term":7,"assigned":25344,"starts":1,"fenced":0,"released":1}]}
1791635003.430 {"t":"node","up_ms":2350972,"node":29544,"epoch":170,"peers_alive":2,"peers_dead":0,"no_radio":0,"free_dram":203003,"largest_block":126976,"rx":{"total":61812,"bad_frame":0,"unknown_peer":8,"wrong_dst":0,"short_payload":0,"unknown_opcode":0,"queue_dropped":8},"tx":{"total":40963,"enqueue_err":0,"done_queue_dropped":0},"membership":{"deaths":10,"revivals":4,"reboots_seen":6,"table_full":0,"events_dropped":1}}
1791635003.430 {"t":"ns","node":29544,"hash":96177158,"owner":29544,"kind":"sampled","unit":0,"class":4,"bound_ms":5000,"quality":"GOOD","age_ms":345,"ts":2350665,"updates":224,"value":-28}
1791635003.430 {"t":"ns","node":29544,"hash":1162973580,"owner":29544,"kind":"sampled","unit":101,"class":4,"bound_ms":30000,"quality":"GOOD","age_ms":390,"ts":2350665,"updates":224,"value":203003}
1791635003.430 {"t":"ns","node":29544,"hash":4013525678,"owner":29544,"kind":"sampled","unit":101,"class":4,"bound_ms":30000,"quality":"GOOD","age_ms":403,"ts":2350665,"updates":224,"value":126976}
1791635003.430 {"t":"ns","node":29544,"hash":1245650351,"owner":25344,"kind":"sampled","unit":0,"class":3,"bound_ms":500,"quality":"NO_DATA","age_ms":0,"ts":0,"updates":0,"value":null}
1791635003.430 {"t":"ns","node":29544,"hash":2033492666,"owner":29544,"kind":"sampled","unit":0,"class":3,"bound_ms":0,"quality":"NO_DATA","age_ms":0,"ts":0,"updates":0,"value":null}
1791635003.430 {"t":"ns","node":29544,"hash":1303338069,"owner":29544,"kind":"sampled","unit":100,"class":4,"bound_ms":0,"quality":"GOOD","age_ms":444,"ts":2350665,"updates":224,"value":170}
1791635003.430 {"t":"ns","node":29544,"hash":288706273,"owner":29544,"kind":"sampled","unit":80,"class":4,"bound_ms":30000,"quality":"GOOD","age_ms":457,"ts":2350665,"updates":224,"value":2350}
1791635003.430 {"t":"ns","node":29544,"hash":2548334194,"owner":29544,"kind":"sampled","unit":100,"class":4,"bound_ms":5000,"quality":"GOOD","age_ms":487,"ts":2350665,"updates":224,"value":2}
1791635013.588 {"t":"clk","node":29544,"up_ms":2361165}
1791635013.588 {"t":"hs","up_s":2361,"running":1,"sta":1,"has_ip":1,"ch":1,"rssi":-46,"clients":1,"reconnects":0,"int_free":203003,"psram_free":8336684,"boot_pick":1}
1791635013.588 {"t":"led","node":29544,"shows":"green","app":0}
1791635013.588 {"t":"event","at_ms":2351052,"node":29544,"kind":"peer_admitted","peer":25344,"slot":0,"a":0,"b":0}
1791635013.588 {"t":"event","at_ms":2351803,"node":29544,"kind":"peer_admitted","peer":33120,"slot":1,"a":0,"b":0}
1791635013.588 {"t":"event","at_ms":2353015,"node":29544,"kind":"peer_admitted","peer":25344,"slot":0,"a":0,"b":0}
1791635013.588 {"t":"event","at_ms":2353803,"node":29544,"kind":"peer_admitted","peer":33120,"slot":1,"a":0,"b":0}
1791635013.588 {"t":"event","at_ms":2355021,"node":29544,"kind":"peer_admitted","peer":25344,"slot":0,"a":0,"b":0}
1791635013.588 {"t":"event","at_ms":2355836,"node":29544,"kind":"peer_admitted","peer":33120,"slot":1,"a":0,"b":0}
1791635013.588 {"t":"event","at_ms":2357012,"node":29544,"kind":"peer_admitted","peer":25344,"slot":0,"a":0,"b":0}
1791635013.588 {"t":"event","at_ms":2357803,"node":29544,"kind":"peer_admitted","peer":33120,"slot":1,"a":0,"b":0}
1791635013.588 {"t":"event","at_ms":2359013,"node":29544,"kind":"peer_admitted","peer":25344,"slot":0,"a":0,"b":0}
1791635013.588 {"t":"event","at_ms":2359803,"node":29544,"kind":"peer_admitted","peer":33120,"slot":1,"a":0,"b":0}
1791635013.588 {"t":"event","at_ms":2361013,"node":29544,"kind":"peer_admitted","peer":25344,"slot":0,"a":0,"b":0}
1791635013.588 {"t":"link","up_ms":2361282,"node":29544,"peer":25344,"mac":"b8:1f:3f:da:63:00","state":"alive","epoch":243,"espnow_ver":2,"mtu":1446,"misses":0,"rssi":-28,"tx":{"frames":8947,"cb_ok":8937,"cb_fail":10,"enqueue_err":0,"pdr_ppm":998882},"rx":{"frames":32904,"lost_seqgap":7,"reorder_dup":0,"dropped_bad":0,"hb_lost":116,"bcast_frames":23431,"pdr_ppm":999787},"rtt":{"samples":1176,"min_us":5296,"max_us":40521,"timeouts":3,"txq_last_us":376,"txq_max_us":24581,"remote_turnaround_us":1044,"remote_turnaround_max_us":9506,"p50_us":[4000,6000],"p99_us":[16000,22000],"hist":[0,0,0,0,863,224,48,22,9,6,4,0,0,0,0,0]}}
1791635013.588 {"t":"link","up_ms":2361333,"node":29544,"peer":33120,"mac":"b8:1f:3f:da:81:60","state":"alive","epoch":289,"espnow_ver":2,"mtu":1446,"misses":0,"rssi":-10,"tx":{"frames":7501,"cb_ok":7358,"cb_fail":143,"enqueue_err":0,"pdr_ppm":980935},"rx":{"frames":29277,"lost_seqgap":6,"reorder_dup":0,"dropped_bad":0,"hb_lost":89,"bcast_frames":20879,"pdr_ppm":999795},"rtt":{"samples":1046,"min_us":5371,"max_us":94540,"timeouts":132,"txq_last_us":2498,"txq_max_us":59661,"remote_turnaround_us":969,"remote_turnaround_max_us":82645,"p50_us":[4000,6000],"p99_us":[22000,30000],"hist":[0,0,0,0,767,168,42,33,20,7,5,2,1,1,0,0]}}
1791635013.588 {"t":"auth","node":29544,"up_ms":2361387,"enrolled":1,"required":1,"verified_peers":2,"verified":10,"cache_hits":2235,"refused":0,"rate_limited":0,"stale_epoch":0,"verify_us_max":71607,"link_stack_free_b":1516,"crypto_stack_free_b":1196,"tags_ok":15627,"bad_tag":0,"replayed":1,"untagged":0,"bcast_dropped":0,"beacon_epoch_ignored":0,"tag_us_max":2682}
1791635013.588 {"t":"act","node":29544,"setpoint":0,"has_value":0,"writes_served":0}
1791635013.588 {"t":"peers","node":29544,"own_period_ms":100,"own_busy":1,"channel":1,"scanning":0,"scans":0,"hops":0,"found":0,"lost_to_found_ms":0,"moves_followed":0,"moves_refused":0,"sweeps":0,"sweep_found":0,"sweeping":0,"search_visits":0,"relay":1,"fwd_u":0,"fwd_b":44312,"fwd_h":2245,"relay_dup":0,"list":[{"id":25344,"state":"alive","via_relay":0,"period_ms":100,"misses":6,"busy":0,"rtt_n":1176},{"id":33120,"state":"alive","via_relay":0,"period_ms":100,"misses":6,"busy":0,"rtt_n":1046}]}
1791635013.588 {"t":"ss","node":29544,"accepted":0,"unsigned":0,"unknown_sender":0,"bad_signature":0,"replayed":0,"rate_limited":0,"verify_us_max":0,"floors":[]}
1791635013.588 {"t":"rec","node":29544,"up_ms":2361492,"settled":1,"sent":9436,"received":8751,"malformed":0,"views":20,"replies_fenced":0,"actors":[{"key":1245650351,"running":0,"term":0,"owner":25344,"owner_term":7,"assigned":25344,"starts":1,"fenced":0,"released":1}]}
1791635013.933 {"t":"node","up_ms":2361518,"node":29544,"epoch":170,"peers_alive":2,"peers_dead":0,"no_radio":0,"free_dram":203003,"largest_block":126976,"rx":{"total":62194,"bad_frame":0,"unknown_peer":8,"wrong_dst":0,"short_payload":0,"unknown_opcode":0,"queue_dropped":8},"tx":{"total":41242,"enqueue_err":0,"done_queue_dropped":0},"membership":{"deaths":10,"revivals":4,"reboots_seen":6,"table_full":0,"events_dropped":1}}
1791635013.933 {"t":"ns","node":29544,"hash":96177158,"owner":29544,"kind":"sampled","unit":0,"class":4,"bound_ms":5000,"quality":"GOOD","age_ms":365,"ts":2361180,"updates":225,"value":-28}
1791635013.933 {"t":"ns","node":29544,"hash":1162973580,"owner":29544,"kind":"sampled","unit":101,"class":4,"bound_ms":30000,"quality":"GOOD","age_ms":389,"ts":2361180,"updates":225,"value":203003}
1791635013.933 {"t":"ns","node":29544,"hash":4013525678,"owner":29544,"kind":"sampled","unit":101,"class":4,"bound_ms":30000,"quality":"GOOD","age_ms":402,"ts":2361180,"updates":225,"value":126976}
1791635013.933 {"t":"ns","node":29544,"hash":1245650351,"owner":25344,"kind":"sampled","unit":0,"class":3,"bound_ms":500,"quality":"NO_DATA","age_ms":0,"ts":0,"updates":0,"value":null}
1791635013.933 {"t":"ns","node":29544,"hash":2033492666,"owner":29544,"kind":"sampled","unit":0,"class":3,"bound_ms":0,"quality":"NO_DATA","age_ms":0,"ts":0,"updates":0,"value":null}
1791635013.933 {"t":"ns","node":29544,"hash":1303338069,"owner":29544,"kind":"sampled","unit":100,"class":4,"bound_ms":0,"quality":"GOOD","age_ms":442,"ts":2361180,"updates":225,"value":170}
1791635013.933 {"t":"ns","node":29544,"hash":288706273,"owner":29544,"kind":"sampled","unit":80,"class":4,"bound_ms":30000,"quality":"GOOD","age_ms":455,"ts":2361180,"updates":225,"value":2361}
1791635013.933 {"t":"ns","node":29544,"hash":2548334194,"owner":29544,"kind":"sampled","unit":100,"class":4,"bound_ms":5000,"quality":"GOOD","age_ms":479,"ts":2361180,"updates":225,"value":2}
1791635024.097 {"t":"clk","node":29544,"up_ms":2371672}
1791635024.097 {"t":"hs","up_s":2371,"running":1,"sta":1,"has_ip":1,"ch":1,"rssi":-47,"clients":1,"reconnects":0,"int_free":203003,"psram_free":8336684,"boot_pick":1}
1791635024.097 {"t":"led","node":29544,"shows":"yellow","app":0}
1791635024.097 {"t":"event","at_ms":2361803,"node":29544,"kind":"peer_admitted","peer":33120,"slot":1,"a":0,"b":0}
1791635024.097 {"t":"event","at_ms":2363013,"node":29544,"kind":"peer_admitted","peer":25344,"slot":0,"a":0,"b":0}
1791635024.097 {"t":"event","at_ms":2363803,"node":29544,"kind":"peer_admitted","peer":33120,"slot":1,"a":0,"b":0}
1791635024.097 {"t":"event","at_ms":2365013,"node":29544,"kind":"peer_admitted","peer":25344,"slot":0,"a":0,"b":0}
1791635024.097 {"t":"event","at_ms":2365839,"node":29544,"kind":"peer_admitted","peer":33120,"slot":1,"a":0,"b":0}
1791635024.097 {"t":"event","at_ms":2367012,"node":29544,"kind":"peer_admitted","peer":25344,"slot":0,"a":0,"b":0}
1791635024.097 {"t":"event","at_ms":2367803,"node":29544,"kind":"peer_admitted","peer":33120,"slot":1,"a":0,"b":0}
1791635024.097 {"t":"event","at_ms":2369012,"node":29544,"kind":"peer_admitted","peer":25344,"slot":0,"a":0,"b":0}
1791635024.097 {"t":"event","at_ms":2369815,"node":29544,"kind":"peer_admitted","peer":33120,"slot":1,"a":0,"b":0}
1791635024.097 {"t":"event","at_ms":2371032,"node":29544,"kind":"peer_admitted","peer":25344,"slot":0,"a":0,"b":0}
1791635024.097 {"t":"link","up_ms":2371782,"node":29544,"peer":25344,"mac":"b8:1f:3f:da:63:00","state":"alive","epoch":243,"espnow_ver":2,"mtu":1446,"misses":0,"rssi":-27,"tx":{"frames":9077,"cb_ok":9066,"cb_fail":10,"enqueue_err":0,"pdr_ppm":998898},"rx":{"frames":33137,"lost_seqgap":7,"reorder_dup":0,"dropped_bad":0,"hb_lost":117,"bcast_frames":23535,"pdr_ppm":999788},"rtt":{"samples":1181,"min_us":5296,"max_us":40521,"timeouts":3,"txq_last_us":2549,"txq_max_us":24581,"remote_turnaround_us":1023,"remote_turnaround_max_us":9506,"p50_us":[4000,6000],"p99_us":[16000,22000],"hist":[0,0,0,0,867,224,48,23,9,6,4,0,0,0,0,0]}}
1791635024.097 {"t":"link","up_ms":2371833,"node":29544,"peer":33120,"mac":"b8:1f:3f:da:81:60","state":"alive","epoch":289,"espnow_ver":2,"mtu":1446,"misses":0,"rssi":-10,"tx":{"frames":7537,"cb_ok":7394,"cb_fail":143,"enqueue_err":0,"pdr_ppm":981026},"rx":{"frames":29421,"lost_seqgap":6,"reorder_dup":0,"dropped_bad":0,"hb_lost":92,"bcast_frames":20981,"pdr_ppm":999796},"rtt":{"samples":1051,"min_us":5371,"max_us":94540,"timeouts":132,"txq_last_us":2498,"txq_max_us":59661,"remote_turnaround_us":969,"remote_turnaround_max_us":82645,"p50_us":[4000,6000],"p99_us":[22000,30000],"hist":[0,0,0,0,770,169,43,33,20,7,5,2,1,1,0,0]}}
1791635024.097 {"t":"auth","node":29544,"up_ms":2371904,"enrolled":1,"required":1,"verified_peers":2,"verified":10,"cache_hits":2246,"refused":0,"rate_limited":0,"stale_epoch":0,"verify_us_max":71607,"link_stack_free_b":1516,"crypto_stack_free_b":1196,"tags_ok":15787,"bad_tag":0,"replayed":1,"untagged":0,"bcast_dropped":0,"beacon_epoch_ignored":0,"tag_us_max":2682}
1791635024.097 {"t":"act","node":29544,"setpoint":0,"has_value":0,"writes_served":0}
1791635024.097 {"t":"peers","node":29544,"own_period_ms":100,"own_busy":1,"channel":1,"scanning":0,"scans":0,"hops":0,"found":0,"lost_to_found_ms":0,"moves_followed":0,"moves_refused":0,"sweeps":0,"sweep_found":0,"sweeping":0,"search_visits":0,"relay":1,"fwd_u":0,"fwd_b":44518,"fwd_h":2256,"relay_dup":0,"list":[{"id":25344,"state":"alive","via_relay":0,"period_ms":100,"misses":6,"busy":0,"rtt_n":1181},{"id":33120,"state":"alive","via_relay":0,"period_ms":100,"misses":6,"busy":0,"rtt_n":1052}]}
1791635024.097 {"t":"ss","node":29544,"accepted":0,"unsigned":0,"unknown_sender":0,"bad_signature":0,"replayed":0,"rate_limited":0,"verify_us_max":0,"floors":[]}
1791635024.097 {"t":"rec","node":29544,"up_ms":2371996,"settled":1,"sent":9477,"received":8786,"malformed":0,"views":20,"replies_fenced":0,"actors":[{"key":1245650351,"running":0,"term":0,"owner":25344,"owner_term":7,"assigned":25344,"starts":1,"fenced":0,"released":1}]}
1791635024.433 {"t":"node","up_ms":2372010,"node":29544,"epoch":170,"peers_alive":2,"peers_dead":0,"no_radio":0,"free_dram":203003,"largest_block":126976,"rx":{"total":62574,"bad_frame":0,"unknown_peer":8,"wrong_dst":0,"short_payload":0,"unknown_opcode":0,"queue_dropped":8},"tx":{"total":41521,"enqueue_err":0,"done_queue_dropped":0},"membership":{"deaths":10,"revivals":4,"reboots_seen":6,"table_full":0,"events_dropped":1}}
1791635024.433 {"t":"ns","node":29544,"hash":96177158,"owner":29544,"kind":"sampled","unit":0,"class":4,"bound_ms":5000,"quality":"GOOD","age_ms":361,"ts":2371687,"updates":226,"value":-27}
1791635024.433 {"t":"ns","node":29544,"hash":1162973580,"owner":29544,"kind":"sampled","unit":101,"class":4,"bound_ms":30000,"quality":"GOOD","age_ms":375,"ts":2371687,"updates":226,"value":203003}
1791635024.433 {"t":"ns","node":29544,"hash":4013525678,"owner":29544,"kind":"sampled","unit":101,"class":4,"bound_ms":30000,"quality":"GOOD","age_ms":399,"ts":2371687,"updates":226,"value":126976}
1791635024.433 {"t":"ns","node":29544,"hash":1245650351,"owner":25344,"kind":"sampled","unit":0,"class":3,"bound_ms":500,"quality":"NO_DATA","age_ms":0,"ts":0,"updates":0,"value":null}
1791635024.433 {"t":"ns","node":29544,"hash":2033492666,"owner":29544,"kind":"sampled","unit":0,"class":3,"bound_ms":0,"quality":"NO_DATA","age_ms":0,"ts":0,"updates":0,"value":null}
1791635024.433 {"t":"ns","node":29544,"hash":1303338069,"owner":29544,"kind":"sampled","unit":100,"class":4,"bound_ms":0,"quality":"GOOD","age_ms":439,"ts":2371687,"updates":226,"value":170}
1791635024.433 {"t":"ns","node":29544,"hash":288706273,"owner":29544,"kind":"sampled","unit":80,"class":4,"bound_ms":30000,"quality":"GOOD","age_ms":452,"ts":2371687,"updates":226,"value":2371}
1791635024.433 {"t":"ns","node":29544,"hash":2548334194,"owner":29544,"kind":"sampled","unit":100,"class":4,"bound_ms":5000,"quality":"GOOD","age_ms":465,"ts":2371687,"updates":226,"value":2}
1791635034.602 {"t":"clk","node":29544,"up_ms":2382176}
1791635034.602 {"t":"hs","up_s":2382,"running":1,"sta":1,"has_ip":1,"ch":1,"rssi":-46,"clients":1,"reconnects":0,"int_free":203003,"psram_free":8336684,"boot_pick":1}
1791635034.602 {"t":"led","node":29544,"shows":"green","app":0}
1791635034.602 {"t":"event","at_ms":2371803,"node":29544,"kind":"peer_admitted","peer":33120,"slot":1,"a":0,"b":0}
1791635034.602 {"t":"event","at_ms":2373013,"node":29544,"kind":"peer_admitted","peer":25344,"slot":0,"a":0,"b":0}
1791635034.602 {"t":"event","at_ms":2373803,"node":29544,"kind":"peer_admitted","peer":33120,"slot":1,"a":0,"b":0}
1791635034.602 {"t":"event","at_ms":2375025,"node":29544,"kind":"peer_admitted","peer":25344,"slot":0,"a":0,"b":0}
1791635034.602 {"t":"event","at_ms":2375812,"node":29544,"kind":"peer_admitted","peer":33120,"slot":1,"a":0,"b":0}
1791635034.602 {"t":"event","at_ms":2377015,"node":29544,"kind":"peer_admitted","peer":25344,"slot":0,"a":0,"b":0}
1791635034.602 {"t":"event","at_ms":2377803,"node":29544,"kind":"peer_admitted","peer":33120,"slot":1,"a":0,"b":0}
1791635034.602 {"t":"event","at_ms":2379019,"node":29544,"kind":"peer_admitted","peer":25344,"slot":0,"a":0,"b":0}
1791635034.602 {"t":"event","at_ms":2379813,"node":29544,"kind":"peer_admitted","peer":33120,"slot":1,"a":0,"b":0}
1791635034.602 {"t":"event","at_ms":2381036,"node":29544,"kind":"peer_admitted","peer":25344,"slot":0,"a":0,"b":0}
1791635034.602 {"t":"event","at_ms":2381803,"node":29544,"kind":"peer_admitted","peer":33120,"slot":1,"a":0,"b":0}
1791635034.602 {"t":"link","up_ms":2382294,"node":29544,"peer":25344,"mac":"b8:1f:3f:da:63:00","state":"alive","epoch":243,"espnow_ver":2,"mtu":1446,"misses":0,"rssi":-27,"tx":{"frames":9208,"cb_ok":9198,"cb_fail":10,"enqueue_err":0,"pdr_ppm":998913},"rx":{"frames":33371,"lost_seqgap":7,"reorder_dup":0,"dropped_bad":0,"hb_lost":118,"bcast_frames":23639,"pdr_ppm":999790},"rtt":{"samples":1186,"min_us":5296,"max_us":40521,"timeouts":3,"txq_last_us":2596,"txq_max_us":24581,"remote_turnaround_us":1342,"remote_turnaround_max_us":9506,"p50_us":[4000,6000],"p99_us":[16000,22000],"hist":[0,0,0,0,867,226,50,23,10,6,4,0,0,0,0,0]}}
1791635034.602 {"t":"link","up_ms":2382351,"node":29544,"peer":33120,"mac":"b8:1f:3f:da:81:60","state":"alive","epoch":289,"espnow_ver":2,"mtu":1446,"misses":0,"rssi":-9,"tx":{"frames":7573,"cb_ok":7430,"cb_fail":143,"enqueue_err":0,"pdr_ppm":981117},"rx":{"frames":29570,"lost_seqgap":6,"reorder_dup":0,"dropped_bad":0,"hb_lost":92,"bcast_frames":21087,"pdr_ppm":999797},"rtt":{"samples":1057,"min_us":5371,"max_us":94540,"timeouts":132,"txq_last_us":2825,"txq_max_us":59661,"remote_turnaround_us":838,"remote_turnaround_max_us":82645,"p50_us":[4000,6000],"p99_us":[22000,30000],"hist":[0,0,0,0,771,173,44,33,20,7,5,2,1,1,0,0]}}
1791635034.602 {"t":"auth","node":29544,"up_ms":2382414,"enrolled":1,"required":1,"verified_peers":2,"verified":10,"cache_hits":2256,"refused":0,"rate_limited":0,"stale_epoch":0,"verify_us_max":71607,"link_stack_free_b":1516,"crypto_stack_free_b":1196,"tags_ok":15950,"bad_tag":0,"replayed":1,"untagged":0,"bcast_dropped":0,"beacon_epoch_ignored":0,"tag_us_max":2682}
1791635034.602 {"t":"act","node":29544,"setpoint":0,"has_value":0,"writes_served":0}
1791635034.602 {"t":"peers","node":29544,"own_period_ms":100,"own_busy":1,"channel":1,"scanning":0,"scans":0,"hops":0,"found":0,"lost_to_found_ms":0,"moves_followed":0,"moves_refused":0,"sweeps":0,"sweep_found":0,"sweeping":0,"search_visits":0,"relay":1,"fwd_u":0,"fwd_b":44729,"fwd_h":2266,"relay_dup":0,"list":[{"id":25344,"state":"alive","via_relay":0,"period_ms":100,"misses":6,"busy":0,"rtt_n":1186},{"id":33120,"state":"alive","via_relay":0,"period_ms":100,"misses":6,"busy":0,"rtt_n":1057}]}
1791635034.602 {"t":"ss","node":29544,"accepted":0,"unsigned":0,"unknown_sender":0,"bad_signature":0,"replayed":0,"rate_limited":0,"verify_us_max":0,"floors":[]}
1791635034.602 {"t":"rec","node":29544,"up_ms":2382503,"settled":1,"sent":9518,"received":8821,"malformed":0,"views":20,"replies_fenced":0,"actors":[{"key":1245650351,"running":0,"term":0,"owner":25344,"owner_term":7,"assigned":25344,"starts":1,"fenced":0,"released":1}]}
1791635034.953 {"t":"node","up_ms":2382531,"node":29544,"epoch":170,"peers_alive":2,"peers_dead":0,"no_radio":0,"free_dram":202751,"largest_block":126976,"rx":{"total":62954,"bad_frame":0,"unknown_peer":8,"wrong_dst":0,"short_payload":0,"unknown_opcode":0,"queue_dropped":8},"tx":{"total":41798,"enqueue_err":0,"done_queue_dropped":0},"membership":{"deaths":10,"revivals":4,"reboots_seen":6,"table_full":0,"events_dropped":1}}
1791635034.953 {"t":"ns","node":29544,"hash":96177158,"owner":29544,"kind":"sampled","unit":0,"class":4,"bound_ms":5000,"quality":"GOOD","age_ms":367,"ts":2382191,"updates":227,"value":-28}
1791635034.953 {"t":"ns","node":29544,"hash":1162973580,"owner":29544,"kind":"sampled","unit":101,"class":4,"bound_ms":30000,"quality":"GOOD","age_ms":392,"ts":2382191,"updates":227,"value":203003}
1791635034.953 {"t":"ns","node":29544,"hash":4013525678,"owner":29544,"kind":"sampled","unit":101,"class":4,"bound_ms":30000,"quality":"GOOD","age_ms":405,"ts":2382191,"updates":227,"value":126976}
1791635034.953 {"t":"ns","node":29544,"hash":1245650351,"owner":25344,"kind":"sampled","unit":0,"class":3,"bound_ms":500,"quality":"NO_DATA","age_ms":0,"ts":0,"updates":0,"value":null}
1791635034.953 {"t":"ns","node":29544,"hash":2033492666,"owner":29544,"kind":"sampled","unit":0,"class":3,"bound_ms":0,"quality":"NO_DATA","age_ms":0,"ts":0,"updates":0,"value":null}
1791635034.953 {"t":"ns","node":29544,"hash":1303338069,"owner":29544,"kind":"sampled","unit":100,"class":4,"bound_ms":0,"quality":"GOOD","age_ms":444,"ts":2382191,"updates":227,"value":170}
1791635034.953 {"t":"ns","node":29544,"hash":288706273,"owner":29544,"kind":"sampled","unit":80,"class":4,"bound_ms":30000,"quality":"GOOD","age_ms":461,"ts":2382191,"updates":227,"value":2382}
1791635034.953 {"t":"ns","node":29544,"hash":2548334194,"owner":29544,"kind":"sampled","unit":100,"class":4,"bound_ms":5000,"quality":"GOOD","age_ms":475,"ts":2382191,"updates":227,"value":2}
1791635045.107 {"t":"clk","node":29544,"up_ms":2392690}
1791635045.107 {"t":"hs","up_s":2392,"running":1,"sta":1,"has_ip":1,"ch":1,"rssi":-46,"clients":1,"reconnects":0,"int_free":203003,"psram_free":8336684,"boot_pick":1}
1791635045.107 {"t":"led","node":29544,"shows":"green","app":0}
1791635045.107 {"t":"event","at_ms":2383014,"node":29544,"kind":"peer_admitted","peer":25344,"slot":0,"a":0,"b":0}
1791635045.107 {"t":"event","at_ms":2383803,"node":29544,"kind":"peer_admitted","peer":33120,"slot":1,"a":0,"b":0}
1791635045.107 {"t":"event","at_ms":2385028,"node":29544,"kind":"peer_admitted","peer":25344,"slot":0,"a":0,"b":0}
1791635045.107 {"t":"event","at_ms":2385808,"node":29544,"kind":"peer_admitted","peer":33120,"slot":1,"a":0,"b":0}
1791635045.107 {"t":"event","at_ms":2387016,"node":29544,"kind":"peer_admitted","peer":25344,"slot":0,"a":0,"b":0}
1791635045.107 {"t":"event","at_ms":2387803,"node":29544,"kind":"peer_admitted","peer":33120,"slot":1,"a":0,"b":0}
1791635045.107 {"t":"event","at_ms":2389029,"node":29544,"kind":"peer_admitted","peer":25344,"slot":0,"a":0,"b":0}
1791635045.107 {"t":"event","at_ms":2389813,"node":29544,"kind":"peer_admitted","peer":33120,"slot":1,"a":0,"b":0}
1791635045.107 {"t":"event","at_ms":2391019,"node":29544,"kind":"peer_admitted","peer":25344,"slot":0,"a":0,"b":0}
1791635045.107 {"t":"event","at_ms":2391803,"node":29544,"kind":"peer_admitted","peer":33120,"slot":1,"a":0,"b":0}
1791635045.107 {"t":"link","up_ms":2392810,"node":29544,"peer":25344,"mac":"b8:1f:3f:da:63:00","state":"alive","epoch":243,"espnow_ver":2,"mtu":1446,"misses":0,"rssi":-28,"tx":{"frames":9338,"cb_ok":9328,"cb_fail":10,"enqueue_err":0,"pdr_ppm":998929},"rx":{"frames":33603,"lost_seqgap":7,"reorder_dup":0,"dropped_bad":0,"hb_lost":120,"bcast_frames":23742,"pdr_ppm":999791},"rtt":{"samples":1191,"min_us":5296,"max_us":40521,"timeouts":3,"txq_last_us":443,"txq_max_us":24581,"remote_turnaround_us":1019,"remote_turnaround_max_us":9506,"p50_us":[4000,6000],"p99_us":[16000,22000],"hist":[0,0,0,0,868,230,50,23,10,6,4,0,0,0,0,0]}}
1791635045.107 {"t":"link","up_ms":2392861,"node":29544,"peer":33120,"mac":"b8:1f:3f:da:81:60","state":"alive","epoch":289,"espnow_ver":2,"mtu":1446,"misses":0,"rssi":-10,"tx":{"frames":7610,"cb_ok":7467,"cb_fail":143,"enqueue_err":0,"pdr_ppm":981208},"rx":{"frames":29717,"lost_seqgap":6,"reorder_dup":0,"dropped_bad":0,"hb_lost":92,"bcast_frames":21192,"pdr_ppm":999798},"rtt":{"samples":1062,"min_us":5371,"max_us":94540,"timeouts":132,"txq_last_us":7797,"txq_max_us":59661,"remote_turnaround_us":951,"remote_turnaround_max_us":82645,"p50_us":[4000,6000],"p99_us":[22000,30000],"hist":[0,0,0,0,774,173,44,34,20,7,6,2,1,1,0,0]}}
1791635045.107 {"t":"auth","node":29544,"up_ms":2392912,"enrolled":1,"required":1,"verified_peers":2,"verified":10,"cache_hits":2266,"refused":0,"rate_limited":0,"stale_epoch":0,"verify_us_max":71607,"link_stack_free_b":1516,"crypto_stack_free_b":1196,"tags_ok":16111,"bad_tag":0,"replayed":1,"untagged":0,"bcast_dropped":0,"beacon_epoch_ignored":0,"tag_us_max":2682}
1791635045.107 {"t":"act","node":29544,"setpoint":0,"has_value":0,"writes_served":0}
1791635045.107 {"t":"peers","node":29544,"own_period_ms":100,"own_busy":1,"channel":1,"scanning":0,"scans":0,"hops":0,"found":0,"lost_to_found_ms":0,"moves_followed":0,"moves_refused":0,"sweeps":0,"sweep_found":0,"sweeping":0,"search_visits":0,"relay":1,"fwd_u":0,"fwd_b":44937,"fwd_h":2276,"relay_dup":0,"list":[{"id":25344,"state":"alive","via_relay":0,"period_ms":100,"misses":6,"busy":0,"rtt_n":1192},{"id":33120,"state":"alive","via_relay":0,"period_ms":100,"misses":6,"busy":0,"rtt_n":1062}]}
1791635045.107 {"t":"ss","node":29544,"accepted":0,"unsigned":0,"unknown_sender":0,"bad_signature":0,"replayed":0,"rate_limited":0,"verify_us_max":0,"floors":[]}
1791635045.107 {"t":"rec","node":29544,"up_ms":2393002,"settled":1,"sent":9559,"received":8856,"malformed":0,"views":20,"replies_fenced":0,"actors":[{"key":1245650351,"running":0,"term":0,"owner":25344,"owner_term":7,"assigned":25344,"starts":1,"fenced":0,"released":1}]}
1791635045.463 {"t":"node","up_ms":2393027,"node":29544,"epoch":170,"peers_alive":2,"peers_dead":0,"no_radio":0,"free_dram":203003,"largest_block":126976,"rx":{"total":63334,"bad_frame":0,"unknown_peer":8,"wrong_dst":0,"short_payload":0,"unknown_opcode":0,"queue_dropped":8},"tx":{"total":42076,"enqueue_err":0,"done_queue_dropped":0},"membership":{"deaths":10,"revivals":4,"reboots_seen":6,"table_full":0,"events_dropped":1}}
1791635045.463 {"t":"ns","node":29544,"hash":96177158,"owner":29544,"kind":"sampled","unit":0,"class":4,"bound_ms":5000,"quality":"GOOD","age_ms":360,"ts":2392705,"updates":228,"value":-27}
1791635045.463 {"t":"ns","node":29544,"hash":1162973580,"owner":29544,"kind":"sampled","unit":101,"class":4,"bound_ms":30000,"quality":"GOOD","age_ms":374,"ts":2392705,"updates":228,"value":203003}
1791635045.463 {"t":"ns","node":29544,"hash":4013525678,"owner":29544,"kind":"sampled","unit":101,"class":4,"bound_ms":30000,"quality":"GOOD","age_ms":387,"ts":2392705,"updates":228,"value":126976}
1791635045.463 {"t":"ns","node":29544,"hash":1245650351,"owner":25344,"kind":"sampled","unit":0,"class":3,"bound_ms":500,"quality":"NO_DATA","age_ms":0,"ts":0,"updates":0,"value":null}
1791635045.463 {"t":"ns","node":29544,"hash":2033492666,"owner":29544,"kind":"sampled","unit":0,"class":3,"bound_ms":0,"quality":"NO_DATA","age_ms":0,"ts":0,"updates":0,"value":null}
1791635045.463 {"t":"ns","node":29544,"hash":1303338069,"owner":29544,"kind":"sampled","unit":100,"class":4,"bound_ms":0,"quality":"GOOD","age_ms":437,"ts":2392705,"updates":228,"value":170}
1791635045.463 {"t":"ns","node":29544,"hash":288706273,"owner":29544,"kind":"sampled","unit":80,"class":4,"bound_ms":30000,"quality":"GOOD","age_ms":466,"ts":2392705,"updates":228,"value":2392}
1791635045.463 {"t":"ns","node":29544,"hash":2548334194,"owner":29544,"kind":"sampled","unit":100,"class":4,"bound_ms":5000,"quality":"GOOD","age_ms":480,"ts":2392705,"updates":228,"value":2}
1791635054.244 I (2402891) esp_image: segment 0: paddr=00340020 vaddr=3c0a0020 size=220a8h (139432) map
1791635054.244 I (2402908) esp_image: segment 1: paddr=003620d0 vaddr=3fc98900 size=05508h ( 21768)
1791635054.244 I (2402912) esp_image: segment 2: paddr=003675e0 vaddr=40374000 size=08a38h ( 35384)
1791635054.244 I (2402917) esp_image: segment 3: paddr=00370020 vaddr=42000020 size=9ca5ch (641628) map
1791635054.244 I (2403000) esp_image: segment 4: paddr=0040ca84 vaddr=4037ca38 size=0be2ch ( 48684)
1791635054.244 I (2403007) esp_image: segment 5: paddr=004188b8 vaddr=50000000 size=00024h (    36)
1791635054.244 I (2403009) esp_image: segment 0: paddr=00340020 vaddr=3c0a0020 size=220a8h (139432) map
1791635054.244 I (2403036) esp_image: segment 1: paddr=003620d0 vaddr=3fc98900 size=05508h ( 21768)
1791635054.244 I (2403040) esp_image: segment 2: paddr=003675e0 vaddr=40374000 size=08a38h ( 35384)
1791635054.244 I (2403045) esp_image: segment 3: paddr=00370020 vaddr=42000020 size=9ca5ch (641628) map
1791635054.244 I (2403128) esp_image: segment 4: paddr=0040ca84 vaddr=4037ca38 size=0be2ch ( 48684)
1791635054.244 I (2403135) esp_image: segment 5: paddr=004188b8 vaddr=50000000 size=00024h (    36)
1791635054.244 I (2403165) pot.m0: fw: commit of counter 3: ok (313 ms)
1791635055.649 {"t":"clk","node":29544,"up_ms":2403198}
1791635055.649 {"t":"hs","up_s":2403,"running":1,"sta":1,"has_ip":1,"ch":1,"rssi":-47,"clients":1,"reconnects":0,"int_free":203071,"psram_free":8336684,"boot_pick":1}
1791635055.649 {"t":"led","node":29544,"shows":"green","app":0}
1791635055.649 {"t":"event","at_ms":2393019,"node":29544,"kind":"peer_admitted","peer":25344,"slot":0,"a":0,"b":0}
1791635055.649 {"t":"event","at_ms":2393810,"node":29544,"kind":"peer_admitted","peer":33120,"slot":1,"a":0,"b":0}
1791635055.649 {"t":"event","at_ms":2395018,"node":29544,"kind":"peer_admitted","peer":25344,"slot":0,"a":0,"b":0}
1791635055.649 {"t":"event","at_ms":2395802,"node":29544,"kind":"peer_admitted","peer":33120,"slot":1,"a":0,"b":0}
1791635055.649 {"t":"event","at_ms":2397019,"node":29544,"kind":"peer_admitted","peer":25344,"slot":0,"a":0,"b":0}
1791635055.649 {"t":"event","at_ms":2397813,"node":29544,"kind":"peer_admitted","peer":33120,"slot":1,"a":0,"b":0}
1791635055.649 {"t":"event","at_ms":2399019,"node":29544,"kind":"peer_admitted","peer":25344,"slot":0,"a":0,"b":0}
1791635055.649 {"t":"event","at_ms":2399802,"node":29544,"kind":"peer_admitted","peer":33120,"slot":1,"a":0,"b":0}
1791635055.650 {"t":"event","at_ms":2401018,"node":29544,"kind":"peer_admitted","peer":25344,"slot":0,"a":0,"b":0}
1791635055.650 {"t":"event","at_ms":2401987,"node":29544,"kind":"peer_admitted","peer":33120,"slot":1,"a":0,"b":0}
1791635055.650 {"t":"event","at_ms":2403018,"node":29544,"kind":"peer_admitted","peer":25344,"slot":0,"a":0,"b":0}
1791635055.650 {"t":"link","up_ms":2403315,"node":29544,"peer":25344,"mac":"b8:1f:3f:da:63:00","state":"alive","epoch":243,"espnow_ver":2,"mtu":1446,"misses":0,"rssi":-28,"tx":{"frames":9458,"cb_ok":9448,"cb_fail":10,"enqueue_err":0,"pdr_ppm":998942},"rx":{"frames":33822,"lost_seqgap":7,"reorder_dup":0,"dropped_bad":0,"hb_lost":123,"bcast_frames":23844,"pdr_ppm":999793},"rtt":{"samples":1197,"min_us":5296,"max_us":40521,"timeouts":3,"txq_last_us":2968,"txq_max_us":24581,"remote_turnaround_us":867,"remote_turnaround_max_us":9506,"p50_us":[4000,6000],"p99_us":[16000,22000],"hist":[0,0,0,0,868,233,51,24,10,6,5,0,0,0,0,0]}}
1791635055.650 {"t":"link","up_ms":2403366,"node":29544,"peer":33120,"mac":"b8:1f:3f:da:81:60","state":"alive","epoch":289,"espnow_ver":2,"mtu":1446,"misses":0,"rssi":-9,"tx":{"frames":7645,"cb_ok":7502,"cb_fail":143,"enqueue_err":0,"pdr_ppm":981294},"rx":{"frames":29862,"lost_seqgap":6,"reorder_dup":0,"dropped_bad":0,"hb_lost":93,"bcast_frames":21296,"pdr_ppm":999799},"rtt":{"samples":1067,"min_us":5371,"max_us":94540,"timeouts":132,"txq_last_us":1148,"txq_max_us":59661,"remote_turnaround_us":841,"remote_turnaround_max_us":82645,"p50_us":[4000,6000],"p99_us":[22000,30000],"hist":[0,0,0,0,776,174,44,36,20,7,6,2,1,1,0,0]}}
1791635055.650 {"t":"auth","node":29544,"up_ms":2403418,"enrolled":1,"required":1,"verified_peers":2,"verified":10,"cache_hits":2277,"refused":0,"rate_limited":0,"stale_epoch":0,"verify_us_max":71607,"link_stack_free_b":1516,"crypto_stack_free_b":1196,"tags_ok":16258,"bad_tag":0,"replayed":1,"untagged":0,"bcast_dropped":0,"beacon_epoch_ignored":0,"tag_us_max":2682}
1791635055.650 {"t":"act","node":29544,"setpoint":0,"has_value":0,"writes_served":0}
1791635055.650 {"t":"peers","node":29544,"own_period_ms":100,"own_busy":1,"channel":1,"scanning":0,"scans":0,"hops":0,"found":0,"lost_to_found_ms":0,"moves_followed":0,"moves_refused":0,"sweeps":0,"sweep_found":0,"sweeping":0,"search_visits":0,"relay":1,"fwd_u":0,"fwd_b":45143,"fwd_h":2287,"relay_dup":0,"list":[{"id":25344,"state":"alive","via_relay":0,"period_ms":100,"misses":6,"busy":0,"rtt_n":1197},{"id":33120,"state":"alive","via_relay":0,"period_ms":100,"misses":6,"busy":0,"rtt_n":1067}]}
1791635055.650 W (2404667) pot.m0: deploy: rebooting into the new slot
1791635055.650 W (2404695) pme_hotspot: router lost (reason 8); retrying in 2 s
1791635055.650 x�ESP-ROM:esp32s3-20210327
1791635055.650 Build:Mar 27 2021
1791635055.650 rst:0xc (RTC_SW_CPU_RST),boot:0x8 (SPI_FAST_FLASH_BOOT)
1791635055.650 Saved PC:0x4037ea72
1791635055.650 SPIWP:0xee
1791635055.650 mode:DIO, clock div:1
1791635055.650 load:0x3fce2820,len:0x14f0
1791635055.650 load:0x403c8700,len:0xda0
1791635055.650 load:0x403cb700,len:0x2f9c
1791635055.650 entry 0x403c8908
1791635055.650 I (29) boot: ESP-IDF v6.0.2 2nd stage bootloader
1791635055.650 I (29) boot: compile time Oct 10 2026 13:26:32
1791635055.650 I (29) boot: Multicore bootloader
1791635055.650 I (29) boot: chip revision: v0.2
1791635055.650 I (32) boot: efuse block revision: v1.4
1791635056.184 I (36) boot.esp32s3: Boot SPI Speed : 80MHz
1791635056.184 I (40) boot.esp32s3: SPI Mode       : DIO
1791635056.184 I (43) boot.esp32s3: SPI Flash Size : 16MB
1791635056.184 I (47) boot: Enabling RNG early entropy source...
1791635056.184 I (52) boot: Partition Table:
1791635056.184 I (54) boot: ## Label            Usage          Type ST Offset   Length
1791635056.184 I (61) boot:  0 nvs              WiFi data        01 02 00009000 00006000
1791635056.184 I (67) boot:  1 phy_init         RF data          01 01 0000f000 00001000
1791635056.184 I (74) boot:  2 factory          factory app      00 00 00010000 00100000
1791635056.184 I (80) boot:  3 modA             Unknown data     01 40 00110000 00010000
1791635056.184 I (87) boot:  4 modB             Unknown data     01 40 00120000 00010000
1791635056.184 I (93) boot:  5 otadata          OTA data         01 00 00130000 00002000
1791635056.184 I (100) boot:  6 ota_0            OTA app          00 10 00140000 00200000
1791635056.184 I (106) boot:  7 ota_1            OTA app          00 11 00340000 00200000
1791635056.184 I (113) boot: End of partition table
1791635056.184 I (134) esp_image: segment 0: paddr=00340020 vaddr=3c0a0020 size=220a8h (139432) map
1791635056.184 I (160) esp_image: segment 1: paddr=003620d0 vaddr=3fc98900 size=05508h ( 21768) load
1791635056.184 I (165) esp_image: segment 2: paddr=003675e0 vaddr=40374000 size=08a38h ( 35384) load
1791635056.184 I (174) esp_image: segment 3: paddr=00370020 vaddr=42000020 size=9ca5ch (641628) map
1791635056.184 I (291) esp_image: segment 4: paddr=0040ca84 vaddr=4037ca38 size=0be2ch ( 48684) load
1791635056.184 I (302) esp_image: segment 5: paddr=004188b8 vaddr=50000000 size=00024h (    36) load
1791635056.184 I (311) boot: Loaded app from partition at offset 0x340000
1791635056.184 I (312) boot: Disabling RNG early entropy source...
1791635056.184 I (322) octal_psram: vendor id    : 0x0d (AP)
1791635056.184 I (322) octal_psram: dev id       : 0x02 (generation 3)
1791635056.184 I (322) octal_psram: density      : 0x03 (64 Mbit)
1791635056.184 I (324) octal_psram: good-die     : 0x01 (Pass)
1791635056.184 I (329) octal_psram: Latency      : 0x01 (Fixed)
1791635056.184 I (333) octal_psram: VCC          : 0x01 (3V)
1791635056.184 I (337) octal_psram: SRF          : 0x01 (Fast Refresh)
1791635056.184 I (342) octal_psram: BurstType    : 0x01 (Hybrid Wrap)
1791635056.184 I (347) octal_psram: BurstLen     : 0x01 (32 Byte)
1791635056.184 I (351) octal_psram: Readlatency  : 0x02 (10 cycles@Fixed)
1791635056.184 I (357) octal_psram: DriveStrength: 0x00 (1/1)
1791635056.184 I (361) esp_psram: Found 8MB PSRAM device
1791635056.184 I (364) esp_psram: Speed: 40MHz
1791635056.184 I (367) cpu_start: Multicore app
1791635057.233 I (1101) esp_psram: SPI SRAM memory test OK
1791635057.233 I (1111) cpu_start: GPIO 44 and 43 are used as console UART I/O pins
1791635057.233 I (1112) cpu_start: Pro cpu start user code
1791635057.233 I (1112) cpu_start: cpu freq: 240000000 Hz
1791635057.233 I (1114) app_init: Application information:
1791635057.233 I (1118) app_init: Project name:     potluck_m0
1791635057.233 I (1122) app_init: App version:      deploy-and-detach-165-g237f874-
1791635057.233 I (1128) app_init: Compile time:     Oct 10 2026 14:21:22
1791635057.233 I (1133) app_init: ELF file SHA256:  523810d40...
1791635057.233 I (1137) app_init: ESP-IDF:          v6.0.2
1791635057.233 I (1141) efuse_init: Min chip rev:     v0.0
1791635057.233 I (1145) efuse_init: Max chip rev:     v0.99
1791635057.233 I (1149) efuse_init: Chip rev:         v0.2
1791635057.233 I (1153) heap_init: Initializing. RAM available for dynamic allocation:
1791635057.233 I (1160) heap_init: At 3FCACF30 len 0003C7E0 (241 KiB): RAM
1791635057.233 I (1165) heap_init: At 3FCE9710 len 00005724 (21 KiB): RAM
1791635057.233 I (1170) heap_init: At 3FCF0000 len 00008000 (32 KiB): DRAM
1791635057.233 I (1175) heap_init: At 600FE000 len 00001FE8 (7 KiB): RTCRAM
1791635057.233 I (1181) esp_psram: Adding pool of 8151K of PSRAM memory to heap allocator
1791635057.233 I (1188) spi_flash: detected chip: generic
1791635057.233 I (1191) spi_flash: flash io: dio
1791635057.233 I (1195) sleep_gpio: Configure to isolate all GPIO pins in sleep state
1791635057.233 I (1201) sleep_gpio: Enable automatic switching of GPIO sleep configuration
1791635057.233 I (1208) main_task: Started on CPU0
1791635057.233 I (1231) esp_psram: Reserving pool of 32K of internal memory for DMA/internal allocations
1791635057.233 I (1232) main_task: Calling app_main()
1791635057.233 I (1244) pot.m0: channel 1 from the last boot (build default 1)
1791635057.233 I (1247) pp: pp rom version: e7ae62f
1791635057.233 I (1247) net80211: net80211 rom version: e7ae62f
1791635057.233 I (1251) wifi_init: rx ba win: 16
1791635057.233 I (1251) wifi_init: accept mbox: 6
1791635057.233 I (1252) wifi_init: tcpip mbox: 32
1791635057.233 I (1255) wifi_init: udp mbox: 6
1791635057.233 I (1258) wifi_init: tcp mbox: 6
1791635057.233 I (1261) wifi_init: tcp tx win: 5760
1791635057.233 I (1264) wifi_init: tcp rx win: 5760
1791635057.233 I (1268) wifi_init: tcp mss: 1440
1791635057.233 I (1271) wifi_init: WiFi IRAM OP enabled
1791635057.233 I (1274) wifi_init: WiFi RX IRAM OP enabled
1791635057.233 I (1328) phy_init: phy_version 712,87e8c20e,Apr 13 2026,18:51:10
1791635057.233 I (1372) pme_hotspot: hotspot up: SoftAP (WPA2, max 4 phones), joining the house Wi-Fi
1791635057.233 I (1374) esp_netif_lwip: DHCP server started on interface WIFI_AP_DEF with IP: 192.168.4.1
1791635057.233 I (1375) pot.extender: hotspot up; ESP-NOW attaches to its radio and follows the router's channel
1791635057.233 I (1388) ESPNOW: espnow [version: 2.0] init
1791635057.233 I (1391) pot.espnow: esp-now v2 up on channel 1 (attached: the application owns Wi-Fi), mac b8:1f:3f:da:73:68
1791635057.233 I (1403) pot.epoch: boot epoch 171
1791635057.233 I (1405) pot.m0: namespace: 6 resources declared
1791635057.233 I (1409) pot.serial: frame link on UART1, tx=17 rx=18, 921600 baud
1791635057.233 I (1415) pot.m0: status LED on GPIO48 and GPIO38; self-test red, green, blue
1791635058.836 I (2923) pot.m0: deploy: image counter 24, digest 682b3a05..., 1 actor(s) in the image
1791635058.836 I (2924) pot.m0: deploy: boot confirmed, running slot A, trial boot 0/3, counter 24
1791635058.836 I (2928) pot.m0: fw: running ota_1 (deploy-and-detach-165-g237f874-), counter 3, floor 2, ON TRIAL; spare slot ota_0, 2048 KB
1791635058.836 I (2938) pot.m0: reconciler: 1 portable actor(s)
1791635058.836 {"t":"enrol","node":29544,"pub":"5ecb83413668a3d727418766cf96ecc0830f0e7ded64731901917c1211573c23","enrolled":1,"ca_fp":"ef76cc2e"}
1791635058.836 I (2954) pot.m0: auth: enrolled, required
1791635058.836 I (2958) pot.m0: extender: declared BUSY and RELAY; channel 1 from the router
1791635058.836 I (2965) pot.m0: Potluck M0 node 0x7368 epoch 171, heartbeat 100 ms x 60 misses = 6000 ms
1791635058.836 I (2973) main_task: Returned from app_main()
1791635058.836 {"t":"boot","node":29544,"epoch":171,"mac":"b8:1f:3f:da:73:68","espnow_ver":2,"chan":1,"hb_period_ms":100,"hb_miss_limit":60,"fw":"deploy-and-detach-165-g237f874-","idf":"v6.0.2","dram":{"at_boot":222007,"after_nvs":222007,"after_netif":222007,"after_wifi_init":222007,"after_wifi_start":222007,"after_espnow":221903,"largest_block":147456,"wifi_stack":0,"espnow":104,"total_to_radio":104}}
1791635058.836 I (3014) pot.m0: beacon mode: broadcast_beacon
1791635059.175 I (3295) pot.m0: discovered peer 0x6300
1791635059.175 I (3296) pot.m0: peer 0x6300 pinned to ESP-NOW v2, payload cap 1446 B
1791635059.175 I (3357) pot.m0: discovered peer 0x8160
1791635059.175 I (3357) pot.m0: peer 0x8160 pinned to ESP-NOW v2, payload cap 1446 B
1791635060.021 W (4073) pot.m0: peer 0x6300 declared DEAD after 6 misses (687 ms silent)
1791635060.021 I (4184) pot.m0: peer 0x6300 revived
1791635060.021 I (4209) pme_hotspot: boot pick: preferred, channel 1 at -46 dBm (strongest: channel 1 at -46 dBm, 4 APs seen)
1791635060.989 W (5173) pot.m0: peer 0x6300 declared DEAD after 6 misses (688 ms silent)
1791635062.192 W (6373) pot.m0: peer 0x8160 declared DEAD after 6 misses (677 ms silent)
1791635063.120 I (7025) pot.m0: peer 0x8160 revived
1791635063.120 I (7028) pot.m0: peer 0x6300 revived
1791635063.120 I (7146) pme_hotspot: associated to the router on channel 1
1791635063.120 I (7302) pot.m0: extender: station associated; declaring 6 x 100 ms
1791635064.489 I (8658) esp_netif_handlers: sta ip: 192.168.86.36, mask: 255.255.255.0, gw: 192.168.86.1
1791635064.489 I (8659) pme_hotspot: station address 192.168.86.36
1791635064.489 I (8660) pme_hotspot: NAT on: phones on the hotspot reach the house network
1791635068.964 I (13004) pot.m0: fw: trial passed after 100 heartbeats with 2 radio peer(s) - counter 3 CONFIRMED
1791635068.964 {"t":"clk","node":29544,"up_ms":11833}
1791635068.964 {"t":"hs","up_s":11,"running":1,"sta":1,"has_ip":1,"ch":1,"rssi":-46,"clients":0,"reconnects":0,"int_free":205967,"psram_free":8336684,"boot_pick":1}
1791635068.964 {"t":"led","node":29544,"shows":"green","app":0}
1791635068.964 {"t":"event","at_ms":2113,"node":29544,"kind":"peer_discovered","peer":25344,"slot":0,"a":243,"b":0}
1791635068.964 {"t":"event","at_ms":2114,"node":29544,"kind":"version_pinned","peer":25344,"slot":0,"a":2,"b":1446}
1791635068.964 {"t":"event","at_ms":2115,"node":29544,"kind":"peer_alive","peer":25344,"slot":0,"a":0,"b":0}
1791635068.964 {"t":"event","at_ms":2116,"node":29544,"kind":"peer_admitted","peer":25344,"slot":0,"a":0,"b":0}
1791635068.964 {"t":"event","at_ms":2175,"node":29544,"kind":"peer_discovered","peer":33120,"slot":1,"a":289,"b":0}
1791635068.964 {"t":"event","at_ms":2176,"node":29544,"kind":"version_pinned","peer":33120,"slot":1,"a":2,"b":1446}
1791635068.964 {"t":"event","at_ms":2177,"node":29544,"kind":"peer_alive","peer":33120,"slot":1,"a":0,"b":0}
1791635068.964 {"t":"event","at_ms":2177,"node":29544,"kind":"peer_admitted","peer":33120,"slot":1,"a":0,"b":0}
1791635068.964 {"t":"event","at_ms":2179,"node":29544,"kind":"peer_admitted","peer":25344,"slot":0,"a":0,"b":0}
1791635068.964 {"t":"event","at_ms":2181,"node":29544,"kind":"actor_owner","peer":25344,"slot":255,"a":1245650351,"b":7}
1791635068.964 {"t":"event","at_ms":2891,"node":29544,"kind":"peer_dead","peer":25344,"slot":0,"a":6,"b":687}
1791635068.964 {"t":"event","at_ms":2893,"node":29544,"kind":"actor_owner","peer":0,"slot":255,"a":1245650351,"b":0}
1791635068.964 {"t":"event","at_ms":3003,"node":29544,"kind":"peer_revived","peer":25344,"slot":0,"a":0,"b":0}
1791635068.964 {"t":"event","at_ms":3128,"node":29544,"kind":"peer_admitted","peer":33120,"slot":1,"a":0,"b":0}
1791635068.964 {"t":"event","at_ms":3318,"node":29544,"kind":"actor_owner","peer":25344,"slot":255,"a":1245650351,"b":7}
1791635068.964 {"t":"event","at_ms":3792,"node":29544,"kind":"probe_timeout","peer":25344,"slot":0,"a":3,"b":0}
1791635068.964 {"t":"event","at_ms":3991,"node":29544,"kind":"peer_dead","peer":25344,"slot":0,"a":6,"b":688}
1791635068.964 {"t":"event","at_ms":3993,"node":29544,"kind":"actor_owner","peer":0,"slot":255,"a":1245650351,"b":0}
1791635068.964 {"t":"event","at_ms":4448,"node":29544,"kind":"peer_admitted","peer":33120,"slot":1,"a":0,"b":0}
1791635068.964 {"t":"event","at_ms":4792,"node":29544,"kind":"probe_timeout","peer":33120,"slot":1,"a":7,"b":0}
1791635068.964 {"t":"event","at_ms":5191,"node":29544,"kind":"peer_dead","peer":33120,"slot":1,"a":6,"b":677}
1791635068.964 {"t":"event","at_ms":5791,"node":29544,"kind":"probe_timeout","peer":25344,"slot":0,"a":7,"b":0}
1791635068.964 {"t":"event","at_ms":5844,"node":29544,"kind":"peer_revived","peer":33120,"slot":1,"a":0,"b":0}
1791635068.964 {"t":"event","at_ms":5846,"node":29544,"kind":"peer_revived","peer":25344,"slot":0,"a":0,"b":0}
1791635068.964 {"t":"event","at_ms":6364,"node":29544,"kind":"peer_admitted","peer":25344,"slot":0,"a":0,"b":0}
1791635068.964 {"t":"event","at_ms":6368,"node":29544,"kind":"actor_owner","peer":25344,"slot":255,"a":1245650351,"b":7}
1791635068.964 {"t":"event","at_ms":7128,"node":29544,"kind":"peer_admitted","peer":33120,"slot":1,"a":0,"b":0}
1791635068.964 {"t":"event","at_ms":8286,"node":29544,"kind":"peer_admitted","peer":25344,"slot":0,"a":0,"b":0}
1791635068.964 {"t":"event","at_ms":9070,"node":29544,"kind":"peer_admitted","peer":33120,"slot":1,"a":0,"b":0}
1791635068.964 {"t":"event","at_ms":10287,"node":29544,"kind":"peer_admitted","peer":25344,"slot":0,"a":0,"b":0}
1791635068.964 {"t":"event","at_ms":11070,"node":29544,"kind":"peer_admitted","peer":33120,"slot":1,"a":0,"b":0}
1791635068.965 {"t":"link","up_ms":12120,"node":29544,"peer":25344,"mac":"b8:1f:3f:da:63:00","state":"alive","epoch":243,"espnow_ver":2,"mtu":1446,"misses":0,"rssi":-27,"tx":{"frames":34,"cb_ok":30,"cb_fail":4,"enqueue_err":0,"pdr_ppm":882352},"rx":{"frames":105,"lost_seqgap":5,"reorder_dup":0,"dropped_bad":0,"hb_lost":32,"bcast_frames":71,"pdr_ppm":954545},"rtt":{"samples":3,"min_us":5672,"max_us":8400,"timeouts":2,"txq_last_us":0,"txq_max_us":0,"remote_turnaround_us":937,"remote_turnaround_max_us":963,"p50_us":[6000,8000],"p99_us":[8000,11000],"hist":[0,0,0,0,1,1,1,0,0,0,0,0,0,0,0,0]}}
1791635069.484 {"t":"link","up_ms":12171,"node":29544,"peer":33120,"mac":"b8:1f:3f:da:81:60","state":"alive","epoch":289,"espnow_ver":2,"mtu":1446,"misses":0,"rssi":-9,"tx":{"frames":41,"cb_ok":34,"cb_fail":7,"enqueue_err":0,"pdr_ppm":829268},"rx":{"frames":108,"lost_seqgap":6,"reorder_dup":0,"dropped_bad":0,"hb_lost":29,"bcast_frames":71,"pdr_ppm":947368},"rtt":{"samples":4,"min_us":5400,"max_us":51379,"timeouts":1,"txq_last_us":27351,"txq_max_us":27351,"remote_turnaround_us":945,"remote_turnaround_max_us":1036,"p50_us":[4000,6000],"p99_us":[42000,60000],"hist":[0,0,0,0,2,0,0,0,0,1,0,1,0,0,0,0]}}
1791635069.484 {"t":"auth","node":29544,"up_ms":12223,"enrolled":1,"required":1,"verified_peers":2,"verified":6,"cache_hits":5,"refused":0,"rate_limited":0,"stale_epoch":0,"verify_us_max":58621,"link_stack_free_b":1516,"crypto_stack_free_b":1228,"tags_ok":60,"bad_tag":0,"replayed":0,"untagged":0,"bcast_dropped":0,"beacon_epoch_ignored":0,"tag_us_max":1472}
1791635069.484 {"t":"act","node":29544,"setpoint":0,"has_value":0,"writes_served":0}
1791635069.484 {"t":"peers","node":29544,"own_period_ms":100,"own_busy":1,"channel":1,"scanning":0,"scans":0,"hops":0,"found":0,"lost_to_found_ms":0,"moves_followed":0,"moves_refused":0,"sweeps":0,"sweep_found":0,"sweeping":0,"search_visits":0,"relay":1,"fwd_u":0,"fwd_b":144,"fwd_h":11,"relay_dup":0,"list":[{"id":25344,"state":"alive","via_relay":0,"period_ms":100,"misses":6,"busy":0,"rtt_n":3},{"id":33120,"state":"alive","via_relay":0,"period_ms":100,"misses":6,"busy":0,"rtt_n":4}]}
1791635069.484 {"t":"ss","node":29544,"accepted":0,"unsigned":0,"unknown_sender":0,"bad_signature":0,"replayed":0,"rate_limited":0,"verify_us_max":0,"floors":[]}
1791635069.484 {"t":"rec","node":29544,"up_ms":12312,"settled":1,"sent":44,"received":24,"malformed":0,"views":6,"replies_fenced":0,"actors":[{"key":1245650351,"running":0,"term":0,"owner":25344,"owner_term":7,"assigned":25344,"starts":0,"fenced":0,"released":0}]}
1791635069.484 {"t":"node","up_ms":12326,"node":29544,"epoch":171,"peers_alive":2,"peers_dead":0,"no_radio":0,"free_dram":205967,"largest_block":131072,"rx":{"total":232,"bad_frame":0,"unknown_peer":16,"wrong_dst":0,"short_payload":0,"unknown_opcode":0,"queue_dropped":8},"tx":{"total":196,"enqueue_err":0,"done_queue_dropped":0},"membership":{"deaths":3,"revivals":3,"reboots_seen":0,"table_full":0,"events_dropped":0}}
1791635069.484 {"t":"ns","node":29544,"hash":96177158,"owner":29544,"kind":"sampled","unit":0,"class":4,"bound_ms":5000,"quality":"GOOD","age_ms":515,"ts":11849,"updates":1,"value":-27}
1791635069.484 {"t":"ns","node":29544,"hash":1162973580,"owner":29544,"kind":"sampled","unit":101,"class":4,"bound_ms":30000,"quality":"GOOD","age_ms":528,"ts":11849,"updates":1,"value":205967}
1791635069.484 {"t":"ns","node":29544,"hash":4013525678,"owner":29544,"kind":"sampled","unit":101,"class":4,"bound_ms":30000,"quality":"GOOD","age_ms":542,"ts":11849,"updates":1,"value":131072}
1791635069.484 {"t":"ns","node":29544,"hash":1245650351,"owner":25344,"kind":"sampled","unit":0,"class":3,"bound_ms":500,"quality":"NO_DATA","age_ms":0,"ts":0,"updates":0,"value":null}
1791635069.484 {"t":"ns","node":29544,"hash":2033492666,"owner":29544,"kind":"sampled","unit":0,"class":3,"bound_ms":0,"quality":"NO_DATA","age_ms":0,"ts":0,"updates":0,"value":null}
1791635069.484 {"t":"ns","node":29544,"hash":1303338069,"owner":29544,"kind":"sampled","unit":100,"class":4,"bound_ms":0,"quality":"GOOD","age_ms":593,"ts":11849,"updates":1,"value":171}
1791635069.484 {"t":"ns","node":29544,"hash":288706273,"owner":29544,"kind":"sampled","unit":80,"class":4,"bound_ms":30000,"quality":"GOOD","age_ms":606,"ts":11849,"updates":1,"value":11}
1791635069.484 {"t":"ns","node":29544,"hash":2548334194,"owner":29544,"kind":"sampled","unit":100,"class":4,"bound_ms":5000,"quality":"GOOD","age_ms":619,"ts":11849,"updates":1,"value":2}
1791635079.616 {"t":"clk","node":29544,"up_ms":22481}
1791635079.616 {"t":"hs","up_s":22,"running":1,"sta":1,"has_ip":1,"ch":1,"rssi":-46,"clients":0,"reconnects":0,"int_free":205967,"psram_free":8336684,"boot_pick":1}
1791635079.616 {"t":"led","node":29544,"shows":"green","app":0}
1791635079.616 {"t":"event","at_ms":12286,"node":29544,"kind":"peer_admitted","peer":25344,"slot":0,"a":0,"b":0}
1791635079.616 {"t":"event","at_ms":13070,"node":29544,"kind":"peer_admitted","peer":33120,"slot":1,"a":0,"b":0}
1791635079.616 {"t":"event","at_ms":14286,"node":29544,"kind":"peer_admitted","peer":25344,"slot":0,"a":0,"b":0}
1791635079.616 {"t":"event","at_ms":15070,"node":29544,"kind":"peer_admitted","peer":33120,"slot":1,"a":0,"b":0}
1791635079.616 {"t":"event","at_ms":16286,"node":29544,"kind":"peer_admitted","peer":25344,"slot":0,"a":0,"b":0}
1791635079.616 {"t":"event","at_ms":17070,"node":29544,"kind":"peer_admitted","peer":33120,"slot":1,"a":0,"b":0}
1791635079.616 {"t":"event","at_ms":18286,"node":29544,"kind":"peer_admitted","peer":25344,"slot":0,"a":0,"b":0}
1791635079.616 {"t":"event","at_ms":19070,"node":29544,"kind":"peer_admitted","peer":33120,"slot":1,"a":0,"b":0}
1791635079.616 {"t":"event","at_ms":20286,"node":29544,"kind":"peer_admitted","peer":25344,"slot":0,"a":0,"b":0}
1791635079.616 {"t":"event","at_ms":21085,"node":29544,"kind":"peer_admitted","peer":33120,"slot":1,"a":0,"b":0}
1791635079.616 {"t":"event","at_ms":22286,"node":29544,"kind":"peer_admitted","peer":25344,"slot":0,"a":0,"b":0}
1791635079.616 {"t":"link","up_ms":22587,"node":29544,"peer":25344,"mac":"b8:1f:3f:da:63:00","state":"alive","epoch":243,"espnow_ver":2,"mtu":1446,"misses":0,"rssi":-28,"tx":{"frames":71,"cb_ok":67,"cb_fail":4,"enqueue_err":0,"pdr_ppm":943661},"rx":{"frames":243,"lost_seqgap":5,"reorder_dup":0,"dropped_bad":0,"hb_lost":33,"bcast_frames":174,"pdr_ppm":979838},"rtt":{"samples":8,"min_us":5359,"max_us":9736,"timeouts":2,"txq_last_us":0,"txq_max_us":0,"remote_turnaround_us":956,"remote_turnaround_max_us":986,"p50_us":[4000,6000],"p99_us":[8000,11000],"hist":[0,0,0,0,5,1,2,0,0,0,0,0,0,0,0,0]}}
1791635079.616 {"t":"link","up_ms":22638,"node":29544,"peer":33120,"mac":"b8:1f:3f:da:81:60","state":"alive","epoch":289,"espnow_ver":2,"mtu":1446,"misses":0,"rssi":-9,"tx":{"frames":77,"cb_ok":70,"cb_fail":7,"enqueue_err":0,"pdr_ppm":909090},"rx":{"frames":253,"lost_seqgap":6,"reorder_dup":0,"dropped_bad":0,"hb_lost":30,"bcast_frames":175,"pdr_ppm":976833},"rtt":{"samples":9,"min_us":5400,"max_us":51379,"timeouts":1,"txq_last_us":2727,"txq_max_us":27351,"remote_turnaround_us":910,"remote_turnaround_max_us":5406,"p50_us":[8000,11000],"p99_us":[42000,60000],"hist":[0,0,0,0,4,0,1,2,0,1,0,1,0,0,0,0]}}
1791635079.616 {"t":"auth","node":29544,"up_ms":22689,"enrolled":1,"required":1,"verified_peers":2,"verified":6,"cache_hits":16,"refused":0,"rate_limited":0,"stale_epoch":0,"verify_us_max":58621,"link_stack_free_b":1516,"crypto_stack_free_b":1228,"tags_ok":125,"bad_tag":0,"replayed":0,"untagged":0,"bcast_dropped":0,"beacon_epoch_ignored":0,"tag_us_max":1472}
1791635079.616 {"t":"act","node":29544,"setpoint":0,"has_value":0,"writes_served":0}
1791635079.616 {"t":"peers","node":29544,"own_period_ms":100,"own_busy":1,"channel":1,"scanning":0,"scans":0,"hops":0,"found":0,"lost_to_found_ms":0,"moves_followed":0,"moves_refused":0,"sweeps":0,"sweep_found":0,"sweeping":0,"search_visits":0,"relay":1,"fwd_u":0,"fwd_b":352,"fwd_h":22,"relay_dup":0,"list":[{"id":25344,"state":"alive","via_relay":0,"period_ms":100,"misses":6,"busy":0,"rtt_n":8},{"id":33120,"state":"alive","via_relay":0,"period_ms":100,"misses":6,"busy":0,"rtt_n":9}]}
1791635079.616 {"t":"ss","node":29544,"accepted":0,"unsigned":0,"unknown_sender":0,"bad_signature":0,"replayed":0,"rate_limited":0,"verify_us_max":0,"floors":[]}
1791635079.616 {"t":"rec","node":29544,"up_ms":22789,"settled":1,"sent":86,"received":59,"malformed":0,"views":6,"replies_fenced":0,"actors":[{"key":1245650351,"running":0,"term":0,"owner":25344,"owner_term":7,"assigned":25344,"starts":0,"fenced":0,"released":0}]}
1791635079.953 {"t":"node","up_ms":22803,"node":29544,"epoch":171,"peers_alive":2,"peers_dead":0,"no_radio":0,"free_dram":205763,"largest_block":131072,"rx":{"total":515,"bad_frame":0,"unknown_peer":16,"wrong_dst":0,"short_payload":0,"unknown_opcode":0,"queue_dropped":8},"tx":{"total":379,"enqueue_err":0,"done_queue_dropped":0},"membership":{"deaths":3,"revivals":3,"reboots_seen":0,"table_full":0,"events_dropped":0}}
1791635079.953 {"t":"ns","node":29544,"hash":96177158,"owner":29544,"kind":"sampled","unit":0,"class":4,"bound_ms":5000,"quality":"GOOD","age_ms":345,"ts":22496,"updates":2,"value":-27}
1791635079.953 {"t":"ns","node":29544,"hash":1162973580,"owner":29544,"kind":"sampled","unit":101,"class":4,"bound_ms":30000,"quality":"GOOD","age_ms":359,"ts":22496,"updates":2,"value":205967}
1791635079.953 {"t":"ns","node":29544,"hash":4013525678,"owner":29544,"kind":"sampled","unit":101,"class":4,"bound_ms":30000,"quality":"GOOD","age_ms":372,"ts":22496,"updates":2,"value":131072}
1791635079.953 {"t":"ns","node":29544,"hash":1245650351,"owner":25344,"kind":"sampled","unit":0,"class":3,"bound_ms":500,"quality":"NO_DATA","age_ms":0,"ts":0,"updates":0,"value":null}
1791635079.953 {"t":"ns","node":29544,"hash":2033492666,"owner":29544,"kind":"sampled","unit":0,"class":3,"bound_ms":0,"quality":"NO_DATA","age_ms":0,"ts":0,"updates":0,"value":null}
1791635079.953 {"t":"ns","node":29544,"hash":1303338069,"owner":29544,"kind":"sampled","unit":100,"class":4,"bound_ms":0,"quality":"GOOD","age_ms":423,"ts":22496,"updates":2,"value":171}
1791635079.953 {"t":"ns","node":29544,"hash":288706273,"owner":29544,"kind":"sampled","unit":80,"class":4,"bound_ms":30000,"quality":"GOOD","age_ms":437,"ts":22496,"updates":2,"value":22}
1791635079.953 {"t":"ns","node":29544,"hash":2548334194,"owner":29544,"kind":"sampled","unit":100,"class":4,"bound_ms":5000,"quality":"GOOD","age_ms":450,"ts":22496,"updates":2,"value":2}
1791635090.093 {"t":"clk","node":29544,"up_ms":32958}
1791635090.093 {"t":"hs","up_s":32,"running":1,"sta":1,"has_ip":1,"ch":1,"rssi":-46,"clients":0,"reconnects":0,"int_free":205967,"psram_free":8336684,"boot_pick":1}
1791635090.093 {"t":"led","node":29544,"shows":"green","app":0}
1791635090.093 {"t":"event","at_ms":23083,"node":29544,"kind":"peer_admitted","peer":33120,"slot":1,"a":0,"b":0}
1791635090.093 {"t":"event","at_ms":24297,"node":29544,"kind":"peer_admitted","peer":25344,"slot":0,"a":0,"b":0}
1791635090.093 {"t":"event","at_ms":25088,"node":29544,"kind":"peer_admitted","peer":33120,"slot":1,"a":0,"b":0}
1791635090.093 {"t":"event","at_ms":26289,"node":29544,"kind":"peer_admitted","peer":25344,"slot":0,"a":0,"b":0}
1791635090.093 {"t":"event","at_ms":27088,"node":29544,"kind":"peer_admitted","peer":33120,"slot":1,"a":0,"b":0}
1791635090.093 {"t":"event","at_ms":28301,"node":29544,"kind":"peer_admitted","peer":25344,"slot":0,"a":0,"b":0}
1791635090.093 {"t":"event","at_ms":29087,"node":29544,"kind":"peer_admitted","peer":33120,"slot":1,"a":0,"b":0}
1791635090.093 {"t":"event","at_ms":30291,"node":29544,"kind":"peer_admitted","peer":25344,"slot":0,"a":0,"b":0}
1791635090.093 {"t":"event","at_ms":31088,"node":29544,"kind":"peer_admitted","peer":33120,"slot":1,"a":0,"b":0}
1791635090.093 {"t":"event","at_ms":32292,"node":29544,"kind":"peer_admitted","peer":25344,"slot":0,"a":0,"b":0}
1791635090.093 {"t":"link","up_ms":33062,"node":29544,"peer":25344,"mac":"b8:1f:3f:da:63:00","state":"alive","epoch":243,"espnow_ver":2,"mtu":1446,"misses":0,"rssi":-28,"tx":{"frames":106,"cb_ok":102,"cb_fail":4,"enqueue_err":0,"pdr_ppm":962264},"rx":{"frames":381,"lost_seqgap":5,"reorder_dup":0,"dropped_bad":0,"hb_lost":33,"bcast_frames":279,"pdr_ppm":987046},"rtt":{"samples":14,"min_us":5359,"max_us":14395,"timeouts":2,"txq_last_us":0,"txq_max_us":0,"remote_turnaround_us":967,"remote_turnaround_max_us":2711,"p50_us":[4000,6000],"p99_us":[11000,16000],"hist":[0,0,0,0,10,1,2,1,0,0,0,0,0,0,0,0]}}
1791635090.093 {"t":"link","up_ms":33114,"node":29544,"peer":33120,"mac":"b8:1f:3f:da:81:60","state":"alive","epoch":289,"espnow_ver":2,"mtu":1446,"misses":0,"rssi":-9,"tx":{"frames":113,"cb_ok":106,"cb_fail":7,"enqueue_err":0,"pdr_ppm":938053},"rx":{"frames":398,"lost_seqgap":6,"reorder_dup":0,"dropped_bad":0,"hb_lost":31,"bcast_frames":279,"pdr_ppm":985148},"rtt":{"samples":14,"min_us":5400,"max_us":51379,"timeouts":1,"txq_last_us":3859,"txq_max_us":27351,"remote_turnaround_us":1241,"remote_turnaround_max_us":6216,"p50_us":[6000,8000],"p99_us":[42000,60000],"hist":[0,0,0,0,6,2,1,2,0,1,0,2,0,0,0,0]}}
1791635090.093 {"t":"auth","node":29544,"up_ms":33165,"enrolled":1,"required":1,"verified_peers":2,"verified":6,"cache_hits":27,"refused":0,"rate_limited":0,"stale_epoch":0,"verify_us_max":58621,"link_stack_free_b":1516,"crypto_stack_free_b":1228,"tags_ok":188,"bad_tag":0,"replayed":0,"untagged":0,"bcast_dropped":0,"beacon_epoch_ignored":0,"tag_us_max":1472}
1791635090.093 {"t":"act","node":29544,"setpoint":0,"has_value":0,"writes_served":0}
1791635090.093 {"t":"peers","node":29544,"own_period_ms":100,"own_busy":1,"channel":1,"scanning":0,"scans":0,"hops":0,"found":0,"lost_to_found_ms":0,"moves_followed":0,"moves_refused":0,"sweeps":0,"sweep_found":0,"sweeping":0,"search_visits":0,"relay":1,"fwd_u":0,"fwd_b":559,"fwd_h":33,"relay_dup":0,"list":[{"id":25344,"state":"alive","via_relay":0,"period_ms":100,"misses":6,"busy":0,"rtt_n":14},{"id":33120,"state":"alive","via_relay":0,"period_ms":100,"misses":6,"busy":0,"rtt_n":14}]}
1791635090.093 {"t":"ss","node":29544,"accepted":0,"unsigned":0,"unknown_sender":0,"bad_signature":0,"replayed":0,"rate_limited":0,"verify_us_max":0,"floors":[]}
1791635090.093 {"t":"rec","node":29544,"up_ms":33254,"settled":1,"sent":128,"received":93,"malformed":0,"views":6,"replies_fenced":0,"actors":[{"key":1245650351,"running":0,"term":0,"owner":25344,"owner_term":7,"assigned":25344,"starts":0,"fenced":0,"released":0}]}
1791635090.422 {"t":"node","up_ms":33280,"node":29544,"epoch":171,"peers_alive":2,"peers_dead":0,"no_radio":0,"free_dram":205967,"largest_block":131072,"rx":{"total":796,"bad_frame":0,"unknown_peer":16,"wrong_dst":0,"short_payload":0,"unknown_opcode":0,"queue_dropped":8},"tx":{"total":559,"enqueue_err":0,"done_queue_dropped":0},"membership":{"deaths":3,"revivals":3,"reboots_seen":0,"table_full":0,"events_dropped":0}}
1791635090.422 {"t":"ns","node":29544,"hash":96177158,"owner":29544,"kind":"sampled","unit":0,"class":4,"bound_ms":5000,"quality":"GOOD","age_ms":333,"ts":32973,"updates":3,"value":-28}
1791635090.422 {"t":"ns","node":29544,"hash":1162973580,"owner":29544,"kind":"sampled","unit":101,"class":4,"bound_ms":30000,"quality":"GOOD","age_ms":358,"ts":32973,"updates":3,"value":205967}
1791635090.422 {"t":"ns","node":29544,"hash":4013525678,"owner":29544,"kind":"sampled","unit":101,"class":4,"bound_ms":30000,"quality":"GOOD","age_ms":372,"ts":32973,"updates":3,"value":131072}
1791635090.422 {"t":"ns","node":29544,"hash":1245650351,"owner":25344,"kind":"sampled","unit":0,"class":3,"bound_ms":500,"quality":"NO_DATA","age_ms":0,"ts":0,"updates":0,"value":null}
1791635090.422 {"t":"ns","node":29544,"hash":2033492666,"owner":29544,"kind":"sampled","unit":0,"class":3,"bound_ms":0,"quality":"NO_DATA","age_ms":0,"ts":0,"updates":0,"value":null}
1791635090.422 {"t":"ns","node":29544,"hash":1303338069,"owner":29544,"kind":"sampled","unit":100,"class":4,"bound_ms":0,"quality":"GOOD","age_ms":412,"ts":32973,"updates":3,"value":171}
1791635090.422 {"t":"ns","node":29544,"hash":288706273,"owner":29544,"kind":"sampled","unit":80,"class":4,"bound_ms":30000,"quality":"GOOD","age_ms":425,"ts":32973,"updates":3,"value":32}
1791635090.422 {"t":"ns","node":29544,"hash":2548334194,"owner":29544,"kind":"sampled","unit":100,"class":4,"bound_ms":5000,"quality":"GOOD","age_ms":438,"ts":32973,"updates":3,"value":2}
1791635100.570 {"t":"clk","node":29544,"up_ms":43435}
1791635100.570 {"t":"hs","up_s":43,"running":1,"sta":1,"has_ip":1,"ch":1,"rssi":-45,"clients":0,"reconnects":0,"int_free":205967,"psram_free":8336684,"boot_pick":1}
1791635100.570 {"t":"led","node":29544,"shows":"green","app":0}
1791635100.570 {"t":"event","at_ms":33089,"node":29544,"kind":"peer_admitted","peer":33120,"slot":1,"a":0,"b":0}
1791635100.570 {"t":"event","at_ms":34292,"node":29544,"kind":"peer_admitted","peer":25344,"slot":0,"a":0,"b":0}
1791635100.570 {"t":"event","at_ms":35104,"node":29544,"kind":"peer_admitted","peer":33120,"slot":1,"a":0,"b":0}
1791635100.570 {"t":"event","at_ms":36292,"node":29544,"kind":"peer_admitted","peer":25344,"slot":0,"a":0,"b":0}
1791635100.570 {"t":"event","at_ms":37109,"node":29544,"kind":"peer_admitted","peer":33120,"slot":1,"a":0,"b":0}
1791635100.570 {"t":"event","at_ms":38294,"node":29544,"kind":"peer_admitted","peer":25344,"slot":0,"a":0,"b":0}
1791635100.570 {"t":"event","at_ms":39103,"node":29544,"kind":"peer_admitted","peer":33120,"slot":1,"a":0,"b":0}
1791635100.570 {"t":"event","at_ms":40294,"node":29544,"kind":"peer_admitted","peer":25344,"slot":0,"a":0,"b":0}
1791635100.570 {"t":"event","at_ms":41110,"node":29544,"kind":"peer_admitted","peer":33120,"slot":1,"a":0,"b":0}
1791635100.570 {"t":"event","at_ms":42304,"node":29544,"kind":"peer_admitted","peer":25344,"slot":0,"a":0,"b":0}
1791635100.570 {"t":"event","at_ms":43108,"node":29544,"kind":"peer_admitted","peer":33120,"slot":1,"a":0,"b":0}
1791635100.570 {"t":"link","up_ms":43540,"node":29544,"peer":25344,"mac":"b8:1f:3f:da:63:00","state":"alive","epoch":243,"espnow_ver":2,"mtu":1446,"misses":0,"rssi":-28,"tx":{"frames":141,"cb_ok":137,"cb_fail":4,"enqueue_err":0,"pdr_ppm":971631},"rx":{"frames":517,"lost_seqgap":5,"reorder_dup":0,"dropped_bad":0,"hb_lost":35,"bcast_frames":382,"pdr_ppm":990421},"rtt":{"samples":19,"min_us":5359,"max_us":27753,"timeouts":2,"txq_last_us":8533,"txq_max_us":8533,"remote_turnaround_us":4141,"remote_turnaround_max_us":4141,"p50_us":[4000,6000],"p99_us":[22000,30000],"hist":[0,0,0,0,11,1,4,2,0,1,0,0,0,0,0,0]}}
1791635100.570 {"t":"link","up_ms":43602,"node":29544,"peer":33120,"mac":"b8:1f:3f:da:81:60","state":"alive","epoch":289,"espnow_ver":2,"mtu":1446,"misses":0,"rssi":-9,"tx":{"frames":149,"cb_ok":142,"cb_fail":7,"enqueue_err":0,"pdr_ppm":953020},"rx":{"frames":541,"lost_seqgap":6,"reorder_dup":0,"dropped_bad":0,"hb_lost":32,"bcast_frames":382,"pdr_ppm":989031},"rtt":{"samples":19,"min_us":5400,"max_us":51379,"timeouts":1,"txq_last_us":9959,"txq_max_us":27351,"remote_turnaround_us":956,"remote_turnaround_max_us":32696,"p50_us":[6000,8000],"p99_us":[42000,60000],"hist":[0,0,0,0,9,2,1,2,1,1,0,3,0,0,0,0]}}
1791635100.570 {"t":"auth","node":29544,"up_ms":43654,"enrolled":1,"required":1,"verified_peers":2,"verified":6,"cache_hits":37,"refused":0,"rate_limited":0,"stale_epoch":0,"verify_us_max":58621,"link_stack_free_b":1516,"crypto_stack_free_b":1228,"tags_ok":252,"bad_tag":0,"replayed":0,"untagged":0,"bcast_dropped":0,"beacon_epoch_ignored":0,"tag_us_max":1472}
1791635100.570 {"t":"act","node":29544,"setpoint":0,"has_value":0,"writes_served":0}
1791635100.570 {"t":"peers","node":29544,"own_period_ms":100,"own_busy":1,"channel":1,"scanning":0,"scans":0,"hops":0,"found":0,"lost_to_found_ms":0,"moves_followed":0,"moves_refused":0,"sweeps":0,"sweep_found":0,"sweeping":0,"search_visits":0,"relay":1,"fwd_u":0,"fwd_b":766,"fwd_h":43,"relay_dup":0,"list":[{"id":25344,"state":"alive","via_relay":0,"period_ms":100,"misses":6,"busy":0,"rtt_n":19},{"id":33120,"state":"alive","via_relay":0,"period_ms":100,"misses":6,"busy":0,"rtt_n":19}]}
1791635100.570 {"t":"ss","node":29544,"accepted":0,"unsigned":0,"unknown_sender":0,"bad_signature":0,"replayed":0,"rate_limited":0,"verify_us_max":0,"floors":[]}
1791635100.570 {"t":"rec","node":29544,"up_ms":43743,"settled":1,"sent":170,"received":128,"malformed":0,"views":6,"replies_fenced":0,"actors":[{"key":1245650351,"running":0,"term":0,"owner":25344,"owner_term":7,"assigned":25344,"starts":0,"fenced":0,"released":0}]}
1791635100.909 {"t":"node","up_ms":43757,"node":29544,"epoch":171,"peers_alive":2,"peers_dead":0,"no_radio":0,"free_dram":205967,"largest_block":131072,"rx":{"total":1077,"bad_frame":0,"unknown_peer":16,"wrong_dst":0,"short_payload":0,"unknown_opcode":0,"queue_dropped":8},"tx":{"total":740,"enqueue_err":0,"done_queue_dropped":0},"membership":{"deaths":3,"revivals":3,"reboots_seen":0,"table_full":0,"events_dropped":0}}
1791635100.909 {"t":"ns","node":29544,"hash":96177158,"owner":29544,"kind":"sampled","unit":0,"class":4,"bound_ms":5000,"quality":"GOOD","age_ms":345,"ts":43450,"updates":4,"value":-28}
1791635100.909 {"t":"ns","node":29544,"hash":1162973580,"owner":29544,"kind":"sampled","unit":101,"class":4,"bound_ms":30000,"quality":"GOOD","age_ms":359,"ts":43450,"updates":4,"value":205967}
1791635100.909 {"t":"ns","node":29544,"hash":4013525678,"owner":29544,"kind":"sampled","unit":101,"class":4,"bound_ms":30000,"quality":"GOOD","age_ms":383,"ts":43450,"updates":4,"value":131072}
1791635100.909 {"t":"ns","node":29544,"hash":1245650351,"owner":25344,"kind":"sampled","unit":0,"class":3,"bound_ms":500,"quality":"NO_DATA","age_ms":0,"ts":0,"updates":0,"value":null}
1791635100.909 {"t":"ns","node":29544,"hash":2033492666,"owner":29544,"kind":"sampled","unit":0,"class":3,"bound_ms":0,"quality":"NO_DATA","age_ms":0,"ts":0,"updates":0,"value":null}
1791635100.909 {"t":"ns","node":29544,"hash":1303338069,"owner":29544,"kind":"sampled","unit":100,"class":4,"bound_ms":0,"quality":"GOOD","age_ms":422,"ts":43450,"updates":4,"value":171}
1791635100.909 {"t":"ns","node":29544,"hash":288706273,"owner":29544,"kind":"sampled","unit":80,"class":4,"bound_ms":30000,"quality":"GOOD","age_ms":435,"ts":43450,"updates":4,"value":43}
1791635100.909 {"t":"ns","node":29544,"hash":2548334194,"owner":29544,"kind":"sampled","unit":100,"class":4,"bound_ms":5000,"quality":"GOOD","age_ms":449,"ts":43450,"updates":4,"value":2}
1791635111.057 {"t":"clk","node":29544,"up_ms":53923}
1791635111.058 {"t":"hs","up_s":53,"running":1,"sta":1,"has_ip":1,"ch":1,"rssi":-46,"clients":0,"reconnects":0,"int_free":205967,"psram_free":8336684,"boot_pick":1}
1791635111.058 {"t":"led","node":29544,"shows":"green","app":0}
1791635111.058 {"t":"event","at_ms":44295,"node":29544,"kind":"peer_admitted","peer":25344,"slot":0,"a":0,"b":0}
1791635111.058 {"t":"event","at_ms":45109,"node":29544,"kind":"peer_admitted","peer":33120,"slot":1,"a":0,"b":0}
1791635111.058 {"t":"event","at_ms":46297,"node":29544,"kind":"peer_admitted","peer":25344,"slot":0,"a":0,"b":0}
1791635111.058 {"t":"event","at_ms":47108,"node":29544,"kind":"peer_admitted","peer":33120,"slot":1,"a":0,"b":0}
1791635111.058 {"t":"event","at_ms":48296,"node":29544,"kind":"peer_admitted","peer":25344,"slot":0,"a":0,"b":0}
1791635111.058 {"t":"event","at_ms":49117,"node":29544,"kind":"peer_admitted","peer":33120,"slot":1,"a":0,"b":0}
1791635111.058 {"t":"event","at_ms":50296,"node":29544,"kind":"peer_admitted","peer":25344,"slot":0,"a":0,"b":0}
1791635111.058 {"t":"event","at_ms":51112,"node":29544,"kind":"peer_admitted","peer":33120,"slot":1,"a":0,"b":0}
1791635111.058 {"t":"event","at_ms":52296,"node":29544,"kind":"peer_admitted","peer":25344,"slot":0,"a":0,"b":0}
1791635111.058 {"t":"event","at_ms":53126,"node":29544,"kind":"peer_admitted","peer":33120,"slot":1,"a":0,"b":0}
1791635111.058 {"t":"link","up_ms":54028,"node":29544,"peer":25344,"mac":"b8:1f:3f:da:63:00","state":"alive","epoch":243,"espnow_ver":2,"mtu":1446,"misses":0,"rssi":-27,"tx":{"frames":175,"cb_ok":171,"cb_fail":4,"enqueue_err":0,"pdr_ppm":977142},"rx":{"frames":655,"lost_seqgap":5,"reorder_dup":0,"dropped_bad":0,"hb_lost":35,"bcast_frames":487,"pdr_ppm":992424},"rtt":{"samples":24,"min_us":5359,"max_us":27753,"timeouts":2,"txq_last_us":8533,"txq_max_us":8533,"remote_turnaround_us":1509,"remote_turnaround_max_us":4141,"p50_us":[4000,6000],"p99_us":[22000,30000],"hist":[0,0,0,0,13,2,4,4,0,1,0,0,0,0,0,0]}}
1791635111.058 {"t":"link","up_ms":54079,"node":29544,"peer":33120,"mac":"b8:1f:3f:da:81:60","state":"alive","epoch":289,"espnow_ver":2,"mtu":1446,"misses":0,"rssi":-9,"tx":{"frames":187,"cb_ok":180,"cb_fail":7,"enqueue_err":0,"pdr_ppm":962566},"rx":{"frames":690,"lost_seqgap":6,"reorder_dup":0,"dropped_bad":0,"hb_lost":32,"bcast_frames":487,"pdr_ppm":991379},"rtt":{"samples":25,"min_us":5400,"max_us":51379,"timeouts":1,"txq_last_us":9959,"txq_max_us":27351,"remote_turnaround_us":1058,"remote_turnaround_max_us":32696,"p50_us":[4000,6000],"p99_us":[42000,60000],"hist":[0,0,0,0,14,2,1,3,1,1,0,3,0,0,0,0]}}
1791635111.058 {"t":"auth","node":29544,"up_ms":54131,"enrolled":1,"required":1,"verified_peers":2,"verified":6,"cache_hits":47,"refused":0,"rate_limited":0,"stale_epoch":0,"verify_us_max":58621,"link_stack_free_b":1516,"crypto_stack_free_b":1228,"tags_ok":318,"bad_tag":0,"replayed":0,"untagged":0,"bcast_dropped":0,"beacon_epoch_ignored":0,"tag_us_max":1472}
1791635111.058 {"t":"act","node":29544,"setpoint":0,"has_value":0,"writes_served":0}
1791635111.058 {"t":"peers","node":29544,"own_period_ms":100,"own_busy":1,"channel":1,"scanning":0,"scans":0,"hops":0,"found":0,"lost_to_found_ms":0,"moves_followed":0,"moves_refused":0,"sweeps":0,"sweep_found":0,"sweeping":0,"search_visits":0,"relay":1,"fwd_u":0,"fwd_b":976,"fwd_h":53,"relay_dup":0,"list":[{"id":25344,"state":"alive","via_relay":0,"period_ms":100,"misses":6,"busy":0,"rtt_n":24},{"id":33120,"state":"alive","via_relay":0,"period_ms":100,"misses":6,"busy":0,"rtt_n":25}]}
1791635111.058 {"t":"ss","node":29544,"accepted":0,"unsigned":0,"unknown_sender":0,"bad_signature":0,"replayed":0,"rate_limited":0,"verify_us_max":0,"floors":[]}
1791635111.058 {"t":"rec","node":29544,"up_ms":54220,"settled":1,"sent":212,"received":162,"malformed":0,"views":6,"replies_fenced":0,"actors":[{"key":1245650351,"running":0,"term":0,"owner":25344,"owner_term":7,"assigned":25344,"starts":0,"fenced":0,"released":0}]}
1791635111.394 {"t":"node","up_ms":54245,"node":29544,"epoch":171,"peers_alive":2,"peers_dead":0,"no_radio":0,"free_dram":205967,"largest_block":131072,"rx":{"total":1362,"bad_frame":0,"unknown_peer":16,"wrong_dst":0,"short_payload":0,"unknown_opcode":0,"queue_dropped":8},"tx":{"total":923,"enqueue_err":0,"done_queue_dropped":0},"membership":{"deaths":3,"revivals":3,"reboots_seen":0,"table_full":0,"events_dropped":0}}
1791635111.394 {"t":"ns","node":29544,"hash":96177158,"owner":29544,"kind":"sampled","unit":0,"class":4,"bound_ms":5000,"quality":"GOOD","age_ms":334,"ts":53938,"updates":5,"value":-28}
1791635111.394 {"t":"ns","node":29544,"hash":1162973580,"owner":29544,"kind":"sampled","unit":101,"class":4,"bound_ms":30000,"quality":"GOOD","age_ms":358,"ts":53938,"updates":5,"value":205967}
1791635111.394 {"t":"ns","node":29544,"hash":4013525678,"owner":29544,"kind":"sampled","unit":101,"class":4,"bound_ms":30000,"quality":"GOOD","age_ms":372,"ts":53938,"updates":5,"value":131072}
1791635111.394 {"t":"ns","node":29544,"hash":1245650351,"owner":25344,"kind":"sampled","unit":0,"class":3,"bound_ms":500,"quality":"NO_DATA","age_ms":0,"ts":0,"updates":0,"value":null}
1791635111.394 {"t":"ns","node":29544,"hash":2033492666,"owner":29544,"kind":"sampled","unit":0,"class":3,"bound_ms":0,"quality":"NO_DATA","age_ms":0,"ts":0,"updates":0,"value":null}
1791635111.394 {"t":"ns","node":29544,"hash":1303338069,"owner":29544,"kind":"sampled","unit":100,"class":4,"bound_ms":0,"quality":"GOOD","age_ms":414,"ts":53938,"updates":5,"value":171}
1791635111.394 {"t":"ns","node":29544,"hash":288706273,"owner":29544,"kind":"sampled","unit":80,"class":4,"bound_ms":30000,"quality":"GOOD","age_ms":427,"ts":53938,"updates":5,"value":53}
1791635111.394 {"t":"ns","node":29544,"hash":2548334194,"owner":29544,"kind":"sampled","unit":100,"class":4,"bound_ms":5000,"quality":"GOOD","age_ms":440,"ts":53938,"updates":5,"value":2}
1791635121.536 {"t":"clk","node":29544,"up_ms":64402}
1791635121.536 {"t":"hs","up_s":64,"running":1,"sta":1,"has_ip":1,"ch":1,"rssi":-46,"clients":0,"reconnects":0,"int_free":205967,"psram_free":8336684,"boot_pick":1}
1791635121.536 {"t":"led","node":29544,"shows":"green","app":0}
1791635121.536 {"t":"event","at_ms":54296,"node":29544,"kind":"peer_admitted","peer":25344,"slot":0,"a":0,"b":0}
1791635121.536 {"t":"event","at_ms":55111,"node":29544,"kind":"peer_admitted","peer":33120,"slot":1,"a":0,"b":0}
1791635121.536 {"t":"event","at_ms":56299,"node":29544,"kind":"peer_admitted","peer":25344,"slot":0,"a":0,"b":0}
1791635121.536 {"t":"event","at_ms":57111,"node":29544,"kind":"peer_admitted","peer":33120,"slot":1,"a":0,"b":0}
1791635121.536 {"t":"event","at_ms":58296,"node":29544,"kind":"peer_admitted","peer":25344,"slot":0,"a":0,"b":0}
1791635121.536 {"t":"event","at_ms":59117,"node":29544,"kind":"peer_admitted","peer":33120,"slot":1,"a":0,"b":0}
1791635121.536 {"t":"event","at_ms":60295,"node":29544,"kind":"peer_admitted","peer":25344,"slot":0,"a":0,"b":0}
1791635121.536 {"t":"event","at_ms":61111,"node":29544,"kind":"peer_admitted","peer":33120,"slot":1,"a":0,"b":0}
1791635121.536 {"t":"event","at_ms":63111,"node":29544,"kind":"peer_admitted","peer":33120,"slot":1,"a":0,"b":0}
1791635121.536 {"t":"event","at_ms":64296,"node":29544,"kind":"peer_admitted","peer":25344,"slot":0,"a":0,"b":0}
1791635121.536 {"t":"link","up_ms":64506,"node":29544,"peer":25344,"mac":"b8:1f:3f:da:63:00","state":"alive","epoch":243,"espnow_ver":2,"mtu":1446,"misses":0,"rssi":-28,"tx":{"frames":210,"cb_ok":206,"cb_fail":4,"enqueue_err":0,"pdr_ppm":980952},"rx":{"frames":787,"lost_seqgap":5,"reorder_dup":0,"dropped_bad":0,"hb_lost":40,"bcast_frames":587,"pdr_ppm":993686},"rtt":{"samples":29,"min_us":5359,"max_us":27753,"timeouts":2,"txq_last_us":8533,"txq_max_us":8533,"remote_turnaround_us":2747,"remote_turnaround_max_us":4141,"p50_us":[4000,6000],"p99_us":[22000,30000],"hist":[0,0,0,0,16,2,4,6,0,1,0,0,0,0,0,0]}}
1791635121.536 {"t":"link","up_ms":64557,"node":29544,"peer":33120,"mac":"b8:1f:3f:da:81:60","state":"alive","epoch":289,"espnow_ver":2,"mtu":1446,"misses":0,"rssi":-9,"tx":{"frames":223,"cb_ok":216,"cb_fail":7,"enqueue_err":0,"pdr_ppm":968609},"rx":{"frames":835,"lost_seqgap":6,"reorder_dup":0,"dropped_bad":0,"hb_lost":32,"bcast_frames":592,"pdr_ppm":992865},"rtt":{"samples":30,"min_us":5400,"max_us":51379,"timeouts":1,"txq_last_us":12976,"txq_max_us":27351,"remote_turnaround_us":950,"remote_turnaround_max_us":32696,"p50_us":[4000,6000],"p99_us":[42000,60000],"hist":[0,0,0,0,15,4,1,4,2,1,0,3,0,0,0,0]}}
1791635121.536 {"t":"auth","node":29544,"up_ms":64609,"enrolled":1,"required":1,"verified_peers":2,"verified":6,"cache_hits":57,"refused":0,"rate_limited":0,"stale_epoch":0,"verify_us_max":58621,"link_stack_free_b":1516,"crypto_stack_free_b":1228,"tags_ok":380,"bad_tag":0,"replayed":0,"untagged":0,"bcast_dropped":0,"beacon_epoch_ignored":0,"tag_us_max":1472}
1791635121.536 {"t":"act","node":29544,"setpoint":0,"has_value":0,"writes_served":0}
1791635121.536 {"t":"peers","node":29544,"own_period_ms":100,"own_busy":1,"channel":1,"scanning":0,"scans":0,"hops":0,"found":0,"lost_to_found_ms":0,"moves_followed":0,"moves_refused":0,"sweeps":0,"sweep_found":0,"sweeping":0,"search_visits":0,"relay":1,"fwd_u":0,"fwd_b":1181,"fwd_h":63,"relay_dup":0,"list":[{"id":25344,"state":"alive","via_relay":0,"period_ms":100,"misses":6,"busy":0,"rtt_n":29},{"id":33120,"state":"alive","via_relay":0,"period_ms":100,"misses":6,"busy":0,"rtt_n":30}]}
1791635121.536 {"t":"ss","node":29544,"accepted":0,"unsigned":0,"unknown_sender":0,"bad_signature":0,"replayed":0,"rate_limited":0,"verify_us_max":0,"floors":[]}
1791635121.536 {"t":"rec","node":29544,"up_ms":64698,"settled":1,"sent":254,"received":195,"malformed":0,"views":6,"replies_fenced":0,"actors":[{"key":1245650351,"running":0,"term":0,"owner":25344,"owner_term":7,"assigned":25344,"starts":0,"fenced":0,"released":0}]}
1791635121.869 {"t":"node","up_ms":64723,"node":29544,"epoch":171,"peers_alive":2,"peers_dead":0,"no_radio":0,"free_dram":205967,"largest_block":131072,"rx":{"total":1642,"bad_frame":0,"unknown_peer":16,"wrong_dst":0,"short_payload":0,"unknown_opcode":0,"queue_dropped":8},"tx":{"total":1104,"enqueue_err":0,"done_queue_dropped":0},"membership":{"deaths":3,"revivals":3,"reboots_seen":0,"table_full":0,"events_dropped":0}}
1791635121.869 {"t":"ns","node":29544,"hash":96177158,"owner":29544,"kind":"sampled","unit":0,"class":4,"bound_ms":5000,"quality":"GOOD","age_ms":333,"ts":64417,"updates":6,"value":-27}
1791635121.869 {"t":"ns","node":29544,"hash":1162973580,"owner":29544,"kind":"sampled","unit":101,"class":4,"bound_ms":30000,"quality":"GOOD","age_ms":357,"ts":64417,"updates":6,"value":205967}
1791635121.869 {"t":"ns","node":29544,"hash":4013525678,"owner":29544,"kind":"sampled","unit":101,"class":4,"bound_ms":30000,"quality":"GOOD","age_ms":370,"ts":64417,"updates":6,"value":131072}
1791635121.869 {"t":"ns","node":29544,"hash":1245650351,"owner":25344,"kind":"sampled","unit":0,"class":3,"bound_ms":500,"quality":"NO_DATA","age_ms":0,"ts":0,"updates":0,"value":null}
1791635121.869 {"t":"ns","node":29544,"hash":2033492666,"owner":29544,"kind":"sampled","unit":0,"class":3,"bound_ms":0,"quality":"NO_DATA","age_ms":0,"ts":0,"updates":0,"value":null}
1791635121.869 {"t":"ns","node":29544,"hash":1303338069,"owner":29544,"kind":"sampled","unit":100,"class":4,"bound_ms":0,"quality":"GOOD","age_ms":410,"ts":64417,"updates":6,"value":171}
1791635121.869 {"t":"ns","node":29544,"hash":288706273,"owner":29544,"kind":"sampled","unit":80,"class":4,"bound_ms":30000,"quality":"GOOD","age_ms":434,"ts":64417,"updates":6,"value":64}
1791635121.869 {"t":"ns","node":29544,"hash":2548334194,"owner":29544,"kind":"sampled","unit":100,"class":4,"bound_ms":5000,"quality":"GOOD","age_ms":447,"ts":64417,"updates":6,"value":2}
1791635132.011 {"t":"clk","node":29544,"up_ms":74877}
1791635132.011 {"t":"hs","up_s":74,"running":1,"sta":1,"has_ip":1,"ch":1,"rssi":-46,"clients":0,"reconnects":0,"int_free":205967,"psram_free":8336684,"boot_pick":1}
1791635132.011 {"t":"led","node":29544,"shows":"green","app":0}
1791635132.011 {"t":"event","at_ms":65111,"node":29544,"kind":"peer_admitted","peer":33120,"slot":1,"a":0,"b":0}
1791635132.011 {"t":"event","at_ms":66298,"node":29544,"kind":"peer_admitted","peer":25344,"slot":0,"a":0,"b":0}
1791635132.011 {"t":"event","at_ms":67112,"node":29544,"kind":"peer_admitted","peer":33120,"slot":1,"a":0,"b":0}
1791635132.011 {"t":"event","at_ms":68295,"node":29544,"kind":"peer_admitted","peer":25344,"slot":0,"a":0,"b":0}
1791635132.011 {"t":"event","at_ms":69121,"node":29544,"kind":"peer_admitted","peer":33120,"slot":1,"a":0,"b":0}
1791635132.011 {"t":"event","at_ms":70296,"node":29544,"kind":"peer_admitted","peer":25344,"slot":0,"a":0,"b":0}
1791635132.011 {"t":"event","at_ms":71111,"node":29544,"kind":"peer_admitted","peer":33120,"slot":1,"a":0,"b":0}
1791635132.011 {"t":"event","at_ms":72302,"node":29544,"kind":"peer_admitted","peer":25344,"slot":0,"a":0,"b":0}
1791635132.011 {"t":"event","at_ms":73111,"node":29544,"kind":"peer_admitted","peer":33120,"slot":1,"a":0,"b":0}
1791635132.011 {"t":"event","at_ms":74296,"node":29544,"kind":"peer_admitted","peer":25344,"slot":0,"a":0,"b":0}
1791635132.011 {"t":"link","up_ms":74982,"node":29544,"peer":25344,"mac":"b8:1f:3f:da:63:00","state":"alive","epoch":243,"espnow_ver":2,"mtu":1446,"misses":0,"rssi":-28,"tx":{"frames":245,"cb_ok":241,"cb_fail":4,"enqueue_err":0,"pdr_ppm":983673},"rx":{"frames":922,"lost_seqgap":5,"reorder_dup":0,"dropped_bad":0,"hb_lost":42,"bcast_frames":689,"pdr_ppm":994606},"rtt":{"samples":35,"min_us":5348,"max_us":27753,"timeouts":2,"txq_last_us":3672,"txq_max_us":8533,"remote_turnaround_us":925,"remote_turnaround_max_us":4141,"p50_us":[4000,6000],"p99_us":[22000,30000],"hist":[0,0,0,0,19,4,4,6,1,1,0,0,0,0,0,0]}}
1791635132.011 {"t":"link","up_ms":75033,"node":29544,"peer":33120,"mac":"b8:1f:3f:da:81:60","state":"alive","epoch":289,"espnow_ver":2,"mtu":1446,"misses":0,"rssi":-9,"tx":{"frames":259,"cb_ok":252,"cb_fail":7,"enqueue_err":0,"pdr_ppm":972972},"rx":{"frames":980,"lost_seqgap":6,"reorder_dup":0,"dropped_bad":0,"hb_lost":32,"bcast_frames":697,"pdr_ppm":993914},"rtt":{"samples":35,"min_us":5367,"max_us":51379,"timeouts":1,"txq_last_us":7899,"txq_max_us":27351,"remote_turnaround_us":5851,"remote_turnaround_max_us":34040,"p50_us":[6000,8000],"p99_us":[42000,60000],"hist":[0,0,0,0,17,4,1,5,3,1,0,4,0,0,0,0]}}
1791635132.011 {"t":"auth","node":29544,"up_ms":75084,"enrolled":1,"required":1,"verified_peers":2,"verified":6,"cache_hits":67,"refused":0,"rate_limited":0,"stale_epoch":0,"verify_us_max":58621,"link_stack_free_b":1516,"crypto_stack_free_b":1228,"tags_ok":444,"bad_tag":0,"replayed":0,"untagged":0,"bcast_dropped":0,"beacon_epoch_ignored":0,"tag_us_max":1472}
1791635132.011 {"t":"act","node":29544,"setpoint":0,"has_value":0,"writes_served":0}
1791635132.011 {"t":"peers","node":29544,"own_period_ms":100,"own_busy":1,"channel":1,"scanning":0,"scans":0,"hops":0,"found":0,"lost_to_found_ms":0,"moves_followed":0,"moves_refused":0,"sweeps":0,"sweep_found":0,"sweeping":0,"search_visits":0,"relay":1,"fwd_u":0,"fwd_b":1389,"fwd_h":74,"relay_dup":0,"list":[{"id":25344,"state":"alive","via_relay":0,"period_ms":100,"misses":6,"busy":0,"rtt_n":35},{"id":33120,"state":"alive","via_relay":0,"period_ms":100,"misses":6,"busy":0,"rtt_n":35}]}
1791635132.011 {"t":"ss","node":29544,"accepted":0,"unsigned":0,"unknown_sender":0,"bad_signature":0,"replayed":0,"rate_limited":0,"verify_us_max":0,"floors":[]}
1791635132.011 {"t":"rec","node":29544,"up_ms":75173,"settled":1,"sent":296,"received":230,"malformed":0,"views":6,"replies_fenced":0,"actors":[{"key":1245650351,"running":0,"term":0,"owner":25344,"owner_term":7,"assigned":25344,"starts":0,"fenced":0,"released":0}]}
1791635132.341 {"t":"node","up_ms":75198,"node":29544,"epoch":171,"peers_alive":2,"peers_dead":0,"no_radio":0,"free_dram":205763,"largest_block":131072,"rx":{"total":1921,"bad_frame":0,"unknown_peer":16,"wrong_dst":0,"short_payload":0,"unknown_opcode":0,"queue_dropped":8},"tx":{"total":1286,"enqueue_err":0,"done_queue_dropped":0},"membership":{"deaths":3,"revivals":3,"reboots_seen":0,"table_full":0,"events_dropped":0}}
1791635132.341 {"t":"ns","node":29544,"hash":96177158,"owner":29544,"kind":"sampled","unit":0,"class":4,"bound_ms":5000,"quality":"GOOD","age_ms":333,"ts":74892,"updates":7,"value":-28}
1791635132.341 {"t":"ns","node":29544,"hash":1162973580,"owner":29544,"kind":"sampled","unit":101,"class":4,"bound_ms":30000,"quality":"GOOD","age_ms":358,"ts":74892,"updates":7,"value":205763}
1791635132.341 {"t":"ns","node":29544,"hash":4013525678,"owner":29544,"kind":"sampled","unit":101,"class":4,"bound_ms":30000,"quality":"GOOD","age_ms":371,"ts":74892,"updates":7,"value":131072}
1791635132.341 {"t":"ns","node":29544,"hash":1245650351,"owner":25344,"kind":"sampled","unit":0,"class":3,"bound_ms":500,"quality":"NO_DATA","age_ms":0,"ts":0,"updates":0,"value":null}
1791635132.341 {"t":"ns","node":29544,"hash":2033492666,"owner":29544,"kind":"sampled","unit":0,"class":3,"bound_ms":0,"quality":"NO_DATA","age_ms":0,"ts":0,"updates":0,"value":null}
1791635132.341 {"t":"ns","node":29544,"hash":1303338069,"owner":29544,"kind":"sampled","unit":100,"class":4,"bound_ms":0,"quality":"GOOD","age_ms":411,"ts":74892,"updates":7,"value":171}
1791635132.341 {"t":"ns","node":29544,"hash":288706273,"owner":29544,"kind":"sampled","unit":80,"class":4,"bound_ms":30000,"quality":"GOOD","age_ms":424,"ts":74892,"updates":7,"value":74}
1791635132.341 {"t":"ns","node":29544,"hash":2548334194,"owner":29544,"kind":"sampled","unit":100,"class":4,"bound_ms":5000,"quality":"GOOD","age_ms":448,"ts":74892,"updates":7,"value":2}
1791635142.486 {"t":"clk","node":29544,"up_ms":85353}
1791635142.486 {"t":"hs","up_s":85,"running":1,"sta":1,"has_ip":1,"ch":1,"rssi":-46,"clients":0,"reconnects":0,"int_free":205967,"psram_free":8336684,"boot_pick":1}
1791635142.486 {"t":"led","node":29544,"shows":"green","app":0}
1791635142.486 {"t":"event","at_ms":75112,"node":29544,"kind":"peer_admitted","peer":33120,"slot":1,"a":0,"b":0}
1791635142.486 {"t":"event","at_ms":76306,"node":29544,"kind":"peer_admitted","peer":25344,"slot":0,"a":0,"b":0}
1791635142.486 {"t":"event","at_ms":77111,"node":29544,"kind":"peer_admitted","peer":33120,"slot":1,"a":0,"b":0}
1791635142.486 {"t":"event","at_ms":78297,"node":29544,"kind":"peer_admitted","peer":25344,"slot":0,"a":0,"b":0}
1791635142.486 {"t":"event","at_ms":79112,"node":29544,"kind":"peer_admitted","peer":33120,"slot":1,"a":0,"b":0}
1791635142.486 {"t":"event","at_ms":80308,"node":29544,"kind":"peer_admitted","peer":25344,"slot":0,"a":0,"b":0}
1791635142.486 {"t":"event","at_ms":81111,"node":29544,"kind":"peer_admitted","peer":33120,"slot":1,"a":0,"b":0}
1791635142.486 {"t":"event","at_ms":82299,"node":29544,"kind":"peer_admitted","peer":25344,"slot":0,"a":0,"b":0}
1791635142.486 {"t":"event","at_ms":83157,"node":29544,"kind":"peer_admitted","peer":33120,"slot":1,"a":0,"b":0}
1791635142.486 {"t":"event","at_ms":84299,"node":29544,"kind":"peer_admitted","peer":25344,"slot":0,"a":0,"b":0}
1791635142.486 {"t":"event","at_ms":85113,"node":29544,"kind":"peer_admitted","peer":33120,"slot":1,"a":0,"b":0}
1791635142.486 {"t":"link","up_ms":85460,"node":29544,"peer":25344,"mac":"b8:1f:3f:da:63:00","state":"alive","epoch":243,"espnow_ver":2,"mtu":1446,"misses":0,"rssi":-29,"tx":{"frames":280,"cb_ok":276,"cb_fail":4,"enqueue_err":0,"pdr_ppm":985714},"rx":{"frames":1059,"lost_seqgap":5,"reorder_dup":0,"dropped_bad":0,"hb_lost":43,"bcast_frames":793,"pdr_ppm":995300},"rtt":{"samples":40,"min_us":5348,"max_us":27753,"timeouts":2,"txq_last_us":3672,"txq_max_us":8533,"remote_turnaround_us":971,"remote_turnaround_max_us":4141,"p50_us":[4000,6000],"p99_us":[22000,30000],"hist":[0,0,0,0,20,6,6,6,1,1,0,0,0,0,0,0]}}
1791635142.486 {"t":"link","up_ms":85511,"node":29544,"peer":33120,"mac":"b8:1f:3f:da:81:60","state":"alive","epoch":289,"espnow_ver":2,"mtu":1446,"misses":0,"rssi":-10,"tx":{"frames":296,"cb_ok":289,"cb_fail":7,"enqueue_err":0,"pdr_ppm":976351},"rx":{"frames":1126,"lost_seqgap":6,"reorder_dup":0,"dropped_bad":0,"hb_lost":32,"bcast_frames":801,"pdr_ppm":994699},"rtt":{"samples":40,"min_us":5367,"max_us":51379,"timeouts":1,"txq_last_us":7899,"txq_max_us":27351,"remote_turnaround_us":965,"remote_turnaround_max_us":34040,"p50_us":[4000,6000],"p99_us":[42000,60000],"hist":[0,0,0,0,20,5,1,6,3,1,0,4,0,0,0,0]}}
1791635142.486 {"t":"auth","node":29544,"up_ms":85562,"enrolled":1,"required":1,"verified_peers":2,"verified":6,"cache_hits":78,"refused":0,"rate_limited":0,"stale_epoch":0,"verify_us_max":58621,"link_stack_free_b":1516,"crypto_stack_free_b":1228,"tags_ok":507,"bad_tag":0,"replayed":0,"untagged":0,"bcast_dropped":0,"beacon_epoch_ignored":0,"tag_us_max":1472}
1791635142.486 {"t":"act","node":29544,"setpoint":0,"has_value":0,"writes_served":0}
1791635142.486 {"t":"peers","node":29544,"own_period_ms":100,"own_busy":1,"channel":1,"scanning":0,"scans":0,"hops":0,"found":0,"lost_to_found_ms":0,"moves_followed":0,"moves_refused":0,"sweeps":0,"sweep_found":0,"sweeping":0,"search_visits":0,"relay":1,"fwd_u":0,"fwd_b":1596,"fwd_h":84,"relay_dup":0,"list":[{"id":25344,"state":"alive","via_relay":0,"period_ms":100,"misses":6,"busy":0,"rtt_n":40},{"id":33120,"state":"alive","via_relay":0,"period_ms":100,"misses":6,"busy":0,"rtt_n":40}]}
1791635142.486 {"t":"ss","node":29544,"accepted":0,"unsigned":0,"unknown_sender":0,"bad_signature":0,"replayed":0,"rate_limited":0,"verify_us_max":0,"floors":[]}
1791635142.486 {"t":"rec","node":29544,"up_ms":85663,"settled":1,"sent":337,"received":264,"malformed":0,"views":6,"replies_fenced":0,"actors":[{"key":1245650351,"running":0,"term":0,"owner":25344,"owner_term":7,"assigned":25344,"starts":0,"fenced":0,"released":0}]}
1791635142.825 {"t":"node","up_ms":85676,"node":29544,"epoch":171,"peers_alive":2,"peers_dead":0,"no_radio":0,"free_dram":205967,"largest_block":131072,"rx":{"total":2203,"bad_frame":0,"unknown_peer":16,"wrong_dst":0,"short_payload":0,"unknown_opcode":0,"queue_dropped":8},"tx":{"total":1465,"enqueue_err":0,"done_queue_dropped":0},"membership":{"deaths":3,"revivals":3,"reboots_seen":0,"table_full":0,"events_dropped":0}}
1791635142.825 {"t":"ns","node":29544,"hash":96177158,"owner":29544,"kind":"sampled","unit":0,"class":4,"bound_ms":5000,"quality":"GOOD","age_ms":346,"ts":85368,"updates":8,"value":-28}
1791635142.825 {"t":"ns","node":29544,"hash":1162973580,"owner":29544,"kind":"sampled","unit":101,"class":4,"bound_ms":30000,"quality":"GOOD","age_ms":359,"ts":85368,"updates":8,"value":205967}
1791635142.825 {"t":"ns","node":29544,"hash":4013525678,"owner":29544,"kind":"sampled","unit":101,"class":4,"bound_ms":30000,"quality":"GOOD","age_ms":372,"ts":85368,"updates":8,"value":131072}
1791635142.825 {"t":"ns","node":29544,"hash":1245650351,"owner":25344,"kind":"sampled","unit":0,"class":3,"bound_ms":500,"quality":"NO_DATA","age_ms":0,"ts":0,"updates":0,"value":null}
1791635142.825 {"t":"ns","node":29544,"hash":2033492666,"owner":29544,"kind":"sampled","unit":0,"class":3,"bound_ms":0,"quality":"NO_DATA","age_ms":0,"ts":0,"updates":0,"value":null}
1791635142.825 {"t":"ns","node":29544,"hash":1303338069,"owner":29544,"kind":"sampled","unit":100,"class":4,"bound_ms":0,"quality":"GOOD","age_ms":423,"ts":85368,"updates":8,"value":171}
1791635142.825 {"t":"ns","node":29544,"hash":288706273,"owner":29544,"kind":"sampled","unit":80,"class":4,"bound_ms":30000,"quality":"GOOD","age_ms":437,"ts":85368,"updates":8,"value":85}
1791635142.825 {"t":"ns","node":29544,"hash":2548334194,"owner":29544,"kind":"sampled","unit":100,"class":4,"bound_ms":5000,"quality":"GOOD","age_ms":450,"ts":85368,"updates":8,"value":2}
1791635145.498 I (89681) esp_netif_lwip: DHCP server assigned IP to a client, IP is: 192.168.4.2
1791635152.965 {"t":"clk","node":29544,"up_ms":95832}
1791635152.965 {"t":"hs","up_s":95,"running":1,"sta":1,"has_ip":1,"ch":1,"rssi":-45,"clients":1,"reconnects":0,"int_free":203131,"psram_free":8336684,"boot_pick":1}
1791635152.965 {"t":"led","node":29544,"shows":"green","app":0}
1791635152.965 {"t":"event","at_ms":86300,"node":29544,"kind":"peer_admitted","peer":25344,"slot":0,"a":0,"b":0}
1791635152.965 {"t":"event","at_ms":87113,"node":29544,"kind":"peer_admitted","peer":33120,"slot":1,"a":0,"b":0}
1791635152.965 {"t":"event","at_ms":88300,"node":29544,"kind":"peer_admitted","peer":25344,"slot":0,"a":0,"b":0}
1791635152.965 {"t":"event","at_ms":89133,"node":29544,"kind":"peer_admitted","peer":33120,"slot":1,"a":0,"b":0}
1791635152.965 {"t":"event","at_ms":90300,"node":29544,"kind":"peer_admitted","peer":25344,"slot":0,"a":0,"b":0}
1791635152.965 {"t":"event","at_ms":91134,"node":29544,"kind":"peer_admitted","peer":33120,"slot":1,"a":0,"b":0}
1791635152.965 {"t":"event","at_ms":92300,"node":29544,"kind":"peer_admitted","peer":25344,"slot":0,"a":0,"b":0}
1791635152.965 {"t":"event","at_ms":93132,"node":29544,"kind":"peer_admitted","peer":33120,"slot":1,"a":0,"b":0}
1791635152.965 {"t":"event","at_ms":94311,"node":29544,"kind":"peer_admitted","peer":25344,"slot":0,"a":0,"b":0}
1791635152.965 {"t":"event","at_ms":95132,"node":29544,"kind":"peer_admitted","peer":33120,"slot":1,"a":0,"b":0}
1791635152.965 {"t":"link","up_ms":95936,"node":29544,"peer":25344,"mac":"b8:1f:3f:da:63:00","state":"alive","epoch":243,"espnow_ver":2,"mtu":1446,"misses":0,"rssi":-27,"tx":{"frames":313,"cb_ok":309,"cb_fail":4,"enqueue_err":0,"pdr_ppm":987220},"rx":{"frames":1193,"lost_seqgap":5,"reorder_dup":0,"dropped_bad":0,"hb_lost":47,"bcast_frames":894,"pdr_ppm":995826},"rtt":{"samples":45,"min_us":5334,"max_us":27753,"timeouts":2,"txq_last_us":11750,"txq_max_us":11750,"remote_turnaround_us":949,"remote_turnaround_max_us":4141,"p50_us":[4000,6000],"p99_us":[22000,30000],"hist":[0,0,0,0,24,6,6,7,1,1,0,0,0,0,0,0]}}
1791635152.965 {"t":"link","up_ms":95987,"node":29544,"peer":33120,"mac":"b8:1f:3f:da:81:60","state":"alive","epoch":289,"espnow_ver":2,"mtu":1446,"misses":0,"rssi":-10,"tx":{"frames":333,"cb_ok":326,"cb_fail":7,"enqueue_err":0,"pdr_ppm":978978},"rx":{"frames":1272,"lost_seqgap":6,"reorder_dup":0,"dropped_bad":0,"hb_lost":33,"bcast_frames":905,"pdr_ppm":995305},"rtt":{"samples":46,"min_us":5367,"max_us":51379,"timeouts":1,"txq_last_us":2293,"txq_max_us":27351,"remote_turnaround_us":1029,"remote_turnaround_max_us":34040,"p50_us":[6000,8000],"p99_us":[42000,60000],"hist":[0,0,0,0,21,7,3,6,3,2,0,4,0,0,0,0]}}
1791635152.965 {"t":"auth","node":29544,"up_ms":96038,"enrolled":1,"required":1,"verified_peers":2,"verified":6,"cache_hits":88,"refused":0,"rate_limited":0,"stale_epoch":0,"verify_us_max":58621,"link_stack_free_b":1516,"crypto_stack_free_b":1228,"tags_ok":572,"bad_tag":0,"replayed":0,"untagged":0,"bcast_dropped":0,"beacon_epoch_ignored":0,"tag_us_max":1472}
1791635152.965 {"t":"act","node":29544,"setpoint":0,"has_value":0,"writes_served":0}
1791635152.965 {"t":"peers","node":29544,"own_period_ms":100,"own_busy":1,"channel":1,"scanning":0,"scans":0,"hops":0,"found":0,"lost_to_found_ms":0,"moves_followed":0,"moves_refused":0,"sweeps":0,"sweep_found":0,"sweeping":0,"search_visits":0,"relay":1,"fwd_u":0,"fwd_b":1801,"fwd_h":94,"relay_dup":0,"list":[{"id":25344,"state":"alive","via_relay":0,"period_ms":100,"misses":6,"busy":0,"rtt_n":45},{"id":33120,"state":"alive","via_relay":0,"period_ms":100,"misses":6,"busy":0,"rtt_n":46}]}
1791635152.965 {"t":"ss","node":29544,"accepted":0,"unsigned":0,"unknown_sender":0,"bad_signature":0,"replayed":0,"rate_limited":0,"verify_us_max":0,"floors":[]}
1791635152.965 {"t":"rec","node":29544,"up_ms":96129,"settled":1,"sent":379,"received":298,"malformed":0,"views":6,"replies_fenced":0,"actors":[{"key":1245650351,"running":0,"term":0,"owner":25344,"owner_term":7,"assigned":25344,"starts":0,"fenced":0,"released":0}]}
1791635153.295 {"t":"node","up_ms":96154,"node":29544,"epoch":171,"peers_alive":2,"peers_dead":0,"no_radio":0,"free_dram":203131,"largest_block":131072,"rx":{"total":2484,"bad_frame":0,"unknown_peer":16,"wrong_dst":0,"short_payload":0,"unknown_opcode":0,"queue_dropped":8},"tx":{"total":1648,"enqueue_err":0,"done_queue_dropped":0},"membership":{"deaths":3,"revivals":3,"reboots_seen":0,"table_full":0,"events_dropped":0}}
1791635153.295 {"t":"ns","node":29544,"hash":96177158,"owner":29544,"kind":"sampled","unit":0,"class":4,"bound_ms":5000,"quality":"GOOD","age_ms":333,"ts":95847,"updates":9,"value":-28}
1791635153.295 {"t":"ns","node":29544,"hash":1162973580,"owner":29544,"kind":"sampled","unit":101,"class":4,"bound_ms":30000,"quality":"GOOD","age_ms":358,"ts":95847,"updates":9,"value":203131}
1791635153.295 {"t":"ns","node":29544,"hash":4013525678,"owner":29544,"kind":"sampled","unit":101,"class":4,"bound_ms":30000,"quality":"GOOD","age_ms":371,"ts":95847,"updates":9,"value":131072}
1791635153.295 {"t":"ns","node":29544,"hash":1245650351,"owner":25344,"kind":"sampled","unit":0,"class":3,"bound_ms":500,"quality":"NO_DATA","age_ms":0,"ts":0,"updates":0,"value":null}
1791635153.295 {"t":"ns","node":29544,"hash":2033492666,"owner":29544,"kind":"sampled","unit":0,"class":3,"bound_ms":0,"quality":"NO_DATA","age_ms":0,"ts":0,"updates":0,"value":null}
1791635153.295 {"t":"ns","node":29544,"hash":1303338069,"owner":29544,"kind":"sampled","unit":100,"class":4,"bound_ms":0,"quality":"GOOD","age_ms":411,"ts":95847,"updates":9,"value":171}
1791635153.296 {"t":"ns","node":29544,"hash":288706273,"owner":29544,"kind":"sampled","unit":80,"class":4,"bound_ms":30000,"quality":"GOOD","age_ms":435,"ts":95847,"updates":9,"value":95}
1791635153.296 {"t":"ns","node":29544,"hash":2548334194,"owner":29544,"kind":"sampled","unit":100,"class":4,"bound_ms":5000,"quality":"GOOD","age_ms":448,"ts":95847,"updates":9,"value":2}
1791635163.441 {"t":"clk","node":29544,"up_ms":106308}
1791635163.441 {"t":"hs","up_s":106,"running":1,"sta":1,"has_ip":1,"ch":1,"rssi":-46,"clients":1,"reconnects":0,"int_free":203131,"psram_free":8336684,"boot_pick":1}
1791635163.441 {"t":"led","node":29544,"shows":"yellow","app":0}
1791635163.441 {"t":"event","at_ms":96300,"node":29544,"kind":"peer_admitted","peer":25344,"slot":0,"a":0,"b":0}
1791635163.441 {"t":"event","at_ms":97132,"node":29544,"kind":"peer_admitted","peer":33120,"slot":1,"a":0,"b":0}
1791635163.441 {"t":"event","at_ms":98302,"node":29544,"kind":"peer_admitted","peer":25344,"slot":0,"a":0,"b":0}
1791635163.441 {"t":"event","at_ms":99138,"node":29544,"kind":"peer_admitted","peer":33120,"slot":1,"a":0,"b":0}
1791635163.441 {"t":"event","at_ms":100307,"node":29544,"kind":"peer_admitted","peer":25344,"slot":0,"a":0,"b":0}
1791635163.441 {"t":"event","at_ms":101136,"node":29544,"kind":"peer_admitted","peer":33120,"slot":1,"a":0,"b":0}
1791635163.441 {"t":"event","at_ms":102300,"node":29544,"kind":"peer_admitted","peer":25344,"slot":0,"a":0,"b":0}
1791635163.441 {"t":"event","at_ms":103136,"node":29544,"kind":"peer_admitted","peer":33120,"slot":1,"a":0,"b":0}
1791635163.441 {"t":"event","at_ms":104300,"node":29544,"kind":"peer_admitted","peer":25344,"slot":0,"a":0,"b":0}
1791635163.441 {"t":"event","at_ms":105136,"node":29544,"kind":"peer_admitted","peer":33120,"slot":1,"a":0,"b":0}
1791635163.441 {"t":"event","at_ms":106300,"node":29544,"kind":"peer_admitted","peer":25344,"slot":0,"a":0,"b":0}
1791635163.441 {"t":"link","up_ms":106424,"node":29544,"peer":25344,"mac":"b8:1f:3f:da:63:00","state":"alive","epoch":243,"espnow_ver":2,"mtu":1446,"misses":0,"rssi":-29,"tx":{"frames":349,"cb_ok":345,"cb_fail":4,"enqueue_err":0,"pdr_ppm":988538},"rx":{"frames":1328,"lost_seqgap":5,"reorder_dup":0,"dropped_bad":0,"hb_lost":51,"bcast_frames":995,"pdr_ppm":996249},"rtt":{"samples":50,"min_us":5334,"max_us":27753,"timeouts":2,"txq_last_us":11750,"txq_max_us":11750,"remote_turnaround_us":875,"remote_turnaround_max_us":4141,"p50_us":[4000,6000],"p99_us":[22000,30000],"hist":[0,0,0,0,27,6,6,9,1,1,0,0,0,0,0,0]}}
1791635163.441 {"t":"link","up_ms":106475,"node":29544,"peer":33120,"mac":"b8:1f:3f:da:81:60","state":"alive","epoch":289,"espnow_ver":2,"mtu":1446,"misses":1,"rssi":-10,"tx":{"frames":370,"cb_ok":363,"cb_fail":7,"enqueue_err":0,"pdr_ppm":981081},"rx":{"frames":1413,"lost_seqgap":6,"reorder_dup":0,"dropped_bad":0,"hb_lost":34,"bcast_frames":1005,"pdr_ppm":995771},"rtt":{"samples":51,"min_us":5367,"max_us":51379,"timeouts":1,"txq_last_us":2395,"txq_max_us":27351,"remote_turnaround_us":989,"remote_turnaround_max_us":34040,"p50_us":[6000,8000],"p99_us":[42000,60000],"hist":[0,0,0,0,25,7,3,6,3,3,0,4,0,0,0,0]}}
1791635163.441 {"t":"auth","node":29544,"up_ms":106526,"enrolled":1,"required":1,"verified_peers":2,"verified":6,"cache_hits":99,"refused":0,"rate_limited":0,"stale_epoch":0,"verify_us_max":58621,"link_stack_free_b":1516,"crypto_stack_free_b":1228,"tags_ok":636,"bad_tag":0,"replayed":0,"untagged":0,"bcast_dropped":0,"beacon_epoch_ignored":0,"tag_us_max":1472}
1791635163.441 {"t":"act","node":29544,"setpoint":0,"has_value":0,"writes_served":0}
1791635163.441 {"t":"peers","node":29544,"own_period_ms":100,"own_busy":1,"channel":1,"scanning":0,"scans":0,"hops":0,"found":0,"lost_to_found_ms":0,"moves_followed":0,"moves_refused":0,"sweeps":0,"sweep_found":0,"sweeping":0,"search_visits":0,"relay":1,"fwd_u":0,"fwd_b":2001,"fwd_h":105,"relay_dup":0,"list":[{"id":25344,"state":"alive","via_relay":0,"period_ms":100,"misses":6,"busy":0,"rtt_n":50},{"id":33120,"state":"alive","via_relay":0,"period_ms":100,"misses":6,"busy":0,"rtt_n":51}]}
1791635163.441 {"t":"ss","node":29544,"accepted":0,"unsigned":0,"unknown_sender":0,"bad_signature":0,"replayed":0,"rate_limited":0,"verify_us_max":0,"floors":[]}
1791635163.441 {"t":"rec","node":29544,"up_ms":106616,"settled":1,"sent":421,"received":332,"malformed":0,"views":6,"replies_fenced":0,"actors":[{"key":1245650351,"running":0,"term":0,"owner":25344,"owner_term":7,"assigned":25344,"starts":0,"fenced":0,"released":0}]}
1791635163.889 {"t":"node","up_ms":106641,"node":29544,"epoch":171,"peers_alive":2,"peers_dead":0,"no_radio":0,"free_dram":203131,"largest_block":131072,"rx":{"total":2757,"bad_frame":0,"unknown_peer":16,"wrong_dst":0,"short_payload":0,"unknown_opcode":0,"queue_dropped":8},"tx":{"total":1830,"enqueue_err":0,"done_queue_dropped":0},"membership":{"deaths":3,"revivals":3,"reboots_seen":0,"table_full":0,"events_dropped":0}}
1791635163.889 {"t":"ns","node":29544,"hash":96177158,"owner":29544,"kind":"sampled","unit":0,"class":4,"bound_ms":5000,"quality":"GOOD","age_ms":345,"ts":106323,"updates":10,"value":-28}
1791635163.889 {"t":"ns","node":29544,"hash":1162973580,"owner":29544,"kind":"sampled","unit":101,"class":4,"bound_ms":30000,"quality":"GOOD","age_ms":369,"ts":106323,"updates":10,"value":203131}
1791635163.889 {"t":"ns","node":29544,"hash":4013525678,"owner":29544,"kind":"sampled","unit":101,"class":4,"bound_ms":30000,"quality":"GOOD","age_ms":382,"ts":106323,"updates":10,"value":131072}
1791635163.889 {"t":"ns","node":29544,"hash":1245650351,"owner":25344,"kind":"sampled","unit":0,"class":3,"bound_ms":500,"quality":"NO_DATA","age_ms":0,"ts":0,"updates":0,"value":null}
1791635163.889 {"t":"ns","node":29544,"hash":2033492666,"owner":29544,"kind":"sampled","unit":0,"class":3,"bound_ms":0,"quality":"NO_DATA","age_ms":0,"ts":0,"updates":0,"value":null}
1791635163.889 {"t":"ns","node":29544,"hash":1303338069,"owner":29544,"kind":"sampled","unit":100,"class":4,"bound_ms":0,"quality":"GOOD","age_ms":422,"ts":106323,"updates":10,"value":171}
1791635163.889 {"t":"ns","node":29544,"hash":288706273,"owner":29544,"kind":"sampled","unit":80,"class":4,"bound_ms":30000,"quality":"GOOD","age_ms":446,"ts":106323,"updates":10,"value":106}
1791635163.889 {"t":"ns","node":29544,"hash":2548334194,"owner":29544,"kind":"sampled","unit":100,"class":4,"bound_ms":5000,"quality":"GOOD","age_ms":459,"ts":106323,"updates":10,"value":2}
1791635163.889 W (108073) pot.m0: peer 0x8160 declared DEAD after 6 misses (603 ms silent)
1791635166.337 W (110532) pot.m0: peer 0x8160 rebooted, epoch now 290
1791635173.928 {"t":"clk","node":29544,"up_ms":116795}
1791635173.928 {"t":"hs","up_s":116,"running":1,"sta":1,"has_ip":1,"ch":1,"rssi":-45,"clients":1,"reconnects":0,"int_free":203131,"psram_free":8336684,"boot_pick":1}
1791635173.928 {"t":"led","node":29544,"shows":"yellow","app":0}
1791635173.928 {"t":"event","at_ms":106891,"node":29544,"kind":"peer_dead","peer":33120,"slot":1,"a":6,"b":603}
1791635173.928 {"t":"event","at_ms":108300,"node":29544,"kind":"peer_admitted","peer":25344,"slot":0,"a":0,"b":0}
1791635173.928 {"t":"event","at_ms":108792,"node":29544,"kind":"probe_timeout","peer":33120,"slot":1,"a":267,"b":0}
1791635173.928 {"t":"event","at_ms":109351,"node":29544,"kind":"peer_rebooted","peer":33120,"slot":1,"a":290,"b":0}
1791635173.928 {"t":"event","at_ms":109353,"node":29544,"kind":"peer_admitted","peer":33120,"slot":1,"a":0,"b":0}
1791635173.928 {"t":"event","at_ms":109386,"node":29544,"kind":"peer_admitted","peer":25344,"slot":0,"a":0,"b":0}
1791635173.928 {"t":"event","at_ms":109392,"node":29544,"kind":"peer_admitted","peer":33120,"slot":1,"a":0,"b":0}
1791635173.928 {"t":"event","at_ms":109477,"node":29544,"kind":"peer_admitted","peer":33120,"slot":1,"a":0,"b":0}
1791635173.928 {"t":"event","at_ms":110300,"node":29544,"kind":"peer_admitted","peer":25344,"slot":0,"a":0,"b":0}
1791635173.928 {"t":"event","at_ms":111390,"node":29544,"kind":"peer_admitted","peer":33120,"slot":1,"a":0,"b":0}
1791635173.928 {"t":"event","at_ms":112300,"node":29544,"kind":"peer_admitted","peer":25344,"slot":0,"a":0,"b":0}
1791635173.928 {"t":"event","at_ms":113390,"node":29544,"kind":"peer_admitted","peer":33120,"slot":1,"a":0,"b":0}
1791635173.928 {"t":"event","at_ms":114300,"node":29544,"kind":"peer_admitted","peer":25344,"slot":0,"a":0,"b":0}
1791635173.928 {"t":"event","at_ms":115391,"node":29544,"kind":"peer_admitted","peer":33120,"slot":1,"a":0,"b":0}
1791635173.928 {"t":"event","at_ms":116300,"node":29544,"kind":"peer_admitted","peer":25344,"slot":0,"a":0,"b":0}
1791635173.928 {"t":"link","up_ms":116939,"node":29544,"peer":25344,"mac":"b8:1f:3f:da:63:00","state":"alive","epoch":243,"espnow_ver":2,"mtu":1446,"misses":0,"rssi":-28,"tx":{"frames":390,"cb_ok":386,"cb_fail":4,"enqueue_err":0,"pdr_ppm":989743},"rx":{"frames":1467,"lost_seqgap":5,"reorder_dup":0,"dropped_bad":0,"hb_lost":53,"bcast_frames":1098,"pdr_ppm":996603},"rtt":{"samples":56,"min_us":5334,"max_us":27753,"timeouts":2,"txq_last_us":2452,"txq_max_us":11750,"remote_turnaround_us":956,"remote_turnaround_max_us":4141,"p50_us":[4000,6000],"p99_us":[22000,30000],"hist":[0,0,0,0,30,7,8,9,1,1,0,0,0,0,0,0]}}
1791635173.928 {"t":"link","up_ms":116989,"node":29544,"peer":33120,"mac":"b8:1f:3f:da:81:60","state":"alive","epoch":290,"espnow_ver":2,"mtu":1446,"misses":0,"rssi":-9,"tx":{"frames":402,"cb_ok":394,"cb_fail":8,"enqueue_err":0,"pdr_ppm":980099},"rx":{"frames":1526,"lost_seqgap":6,"reorder_dup":0,"dropped_bad":0,"hb_lost":34,"bcast_frames":1082,"pdr_ppm":996083},"rtt":{"samples":55,"min_us":5367,"max_us":51379,"timeouts":2,"txq_last_us":2395,"txq_max_us":27351,"remote_turnaround_us":951,"remote_turnaround_max_us":34040,"p50_us":[4000,6000],"p99_us":[42000,60000],"hist":[0,0,0,0,29,7,3,6,3,3,0,4,0,0,0,0]}}
1791635173.928 {"t":"auth","node":29544,"up_ms":117041,"enrolled":1,"required":1,"verified_peers":2,"verified":7,"cache_hits":110,"refused":0,"rate_limited":0,"stale_epoch":0,"verify_us_max":58621,"link_stack_free_b":1516,"crypto_stack_free_b":1228,"tags_ok":696,"bad_tag":0,"replayed":0,"untagged":0,"bcast_dropped":0,"beacon_epoch_ignored":0,"tag_us_max":1472}
1791635173.928 {"t":"act","node":29544,"setpoint":0,"has_value":0,"writes_served":0}
1791635173.928 {"t":"peers","node":29544,"own_period_ms":100,"own_busy":1,"channel":1,"scanning":0,"scans":0,"hops":0,"found":0,"lost_to_found_ms":0,"moves_followed":0,"moves_refused":0,"sweeps":0,"sweep_found":0,"sweeping":0,"search_visits":0,"relay":1,"fwd_u":0,"fwd_b":2182,"fwd_h":117,"relay_dup":0,"list":[{"id":25344,"state":"alive","via_relay":0,"period_ms":100,"misses":6,"busy":0,"rtt_n":56},{"id":33120,"state":"alive","via_relay":0,"period_ms":100,"misses":6,"busy":0,"rtt_n":55}]}
1791635173.928 {"t":"ss","node":29544,"accepted":0,"unsigned":0,"unknown_sender":0,"bad_signature":0,"replayed":0,"rate_limited":0,"verify_us_max":0,"floors":[]}
1791635174.312 {"t":"rec","node":29544,"up_ms":117131,"settled":1,"sent":464,"received":364,"malformed":0,"views":8,"replies_fenced":0,"actors":[{"key":1245650351,"running":0,"term":0,"owner":25344,"owner_term":7,"assigned":25344,"starts":0,"fenced":0,"released":0}]}
1791635174.312 {"t":"node","up_ms":117156,"node":29544,"epoch":171,"peers_alive":2,"peers_dead":0,"no_radio":0,"free_dram":203131,"largest_block":131072,"rx":{"total":3011,"bad_frame":0,"unknown_peer":16,"wrong_dst":0,"short_payload":0,"unknown_opcode":0,"queue_dropped":8},"tx":{"total":2014,"enqueue_err":0,"done_queue_dropped":0},"membership":{"deaths":4,"revivals":3,"reboots_seen":1,"table_full":0,"events_dropped":0}}
1791635174.312 {"t":"ns","node":29544,"hash":96177158,"owner":29544,"kind":"sampled","unit":0,"class":4,"bound_ms":5000,"quality":"GOOD","age_ms":384,"ts":116810,"updates":11,"value":-28}
1791635174.312 {"t":"ns","node":29544,"hash":1162973580,"owner":29544,"kind":"sampled","unit":101,"class":4,"bound_ms":30000,"quality":"GOOD","age_ms":397,"ts":116810,"updates":11,"value":203131}
1791635174.312 {"t":"ns","node":29544,"hash":4013525678,"owner":29544,"kind":"sampled","unit":101,"class":4,"bound_ms":30000,"quality":"GOOD","age_ms":411,"ts":116810,"updates":11,"value":131072}
1791635174.312 {"t":"ns","node":29544,"hash":1245650351,"owner":25344,"kind":"sampled","unit":0,"class":3,"bound_ms":500,"quality":"NO_DATA","age_ms":0,"ts":0,"updates":0,"value":null}
1791635174.312 {"t":"ns","node":29544,"hash":2033492666,"owner":29544,"kind":"sampled","unit":0,"class":3,"bound_ms":0,"quality":"NO_DATA","age_ms":0,"ts":0,"updates":0,"value":null}
1791635174.312 {"t":"ns","node":29544,"hash":1303338069,"owner":29544,"kind":"sampled","unit":100,"class":4,"bound_ms":0,"quality":"GOOD","age_ms":461,"ts":116810,"updates":11,"value":171}
1791635174.312 {"t":"ns","node":29544,"hash":288706273,"owner":29544,"kind":"sampled","unit":80,"class":4,"bound_ms":30000,"quality":"GOOD","age_ms":474,"ts":116810,"updates":11,"value":116}
1791635174.312 {"t":"ns","node":29544,"hash":2548334194,"owner":29544,"kind":"sampled","unit":100,"class":4,"bound_ms":5000,"quality":"GOOD","age_ms":488,"ts":116810,"updates":11,"value":2}
1791635184.442 {"t":"clk","node":29544,"up_ms":127310}
1791635184.442 {"t":"hs","up_s":127,"running":1,"sta":1,"has_ip":1,"ch":1,"rssi":-46,"clients":1,"reconnects":0,"int_free":203151,"psram_free":8336684,"boot_pick":1}
1791635184.442 {"t":"led","node":29544,"shows":"green","app":0}
1791635184.442 {"t":"event","at_ms":117391,"node":29544,"kind":"peer_admitted","peer":33120,"slot":1,"a":0,"b":0}
1791635184.442 {"t":"event","at_ms":118300,"node":29544,"kind":"peer_admitted","peer":25344,"slot":0,"a":0,"b":0}
1791635184.442 {"t":"event","at_ms":119390,"node":29544,"kind":"peer_admitted","peer":33120,"slot":1,"a":0,"b":0}
1791635184.442 {"t":"event","at_ms":120300,"node":29544,"kind":"peer_admitted","peer":25344,"slot":0,"a":0,"b":0}
1791635184.442 {"t":"event","at_ms":121390,"node":29544,"kind":"peer_admitted","peer":33120,"slot":1,"a":0,"b":0}
1791635184.442 {"t":"event","at_ms":122300,"node":29544,"kind":"peer_admitted","peer":25344,"slot":0,"a":0,"b":0}
1791635184.442 {"t":"event","at_ms":123391,"node":29544,"kind":"peer_admitted","peer":33120,"slot":1,"a":0,"b":0}
1791635184.442 {"t":"event","at_ms":124302,"node":29544,"kind":"peer_admitted","peer":25344,"slot":0,"a":0,"b":0}
1791635184.442 {"t":"event","at_ms":125390,"node":29544,"kind":"peer_admitted","peer":33120,"slot":1,"a":0,"b":0}
1791635184.442 {"t":"event","at_ms":126302,"node":29544,"kind":"peer_admitted","peer":25344,"slot":0,"a":0,"b":0}
1791635184.442 {"t":"event","at_ms":127390,"node":29544,"kind":"peer_admitted","peer":33120,"slot":1,"a":0,"b":0}
1791635184.442 {"t":"link","up_ms":127418,"node":29544,"peer":25344,"mac":"b8:1f:3f:da:63:00","state":"alive","epoch":243,"espnow_ver":2,"mtu":1446,"misses":0,"rssi":-28,"tx":{"frames":425,"cb_ok":421,"cb_fail":4,"enqueue_err":0,"pdr_ppm":990588},"rx":{"frames":1603,"lost_seqgap":5,"reorder_dup":0,"dropped_bad":0,"hb_lost":54,"bcast_frames":1202,"pdr_ppm":996890},"rtt":{"samples":61,"min_us":5334,"max_us":27753,"timeouts":2,"txq_last_us":2452,"txq_max_us":11750,"remote_turnaround_us":5178,"remote_turnaround_max_us":6145,"p50_us":[4000,6000],"p99_us":[22000,30000],"hist":[0,0,0,0,33,7,9,10,1,1,0,0,0,0,0,0]}}
1791635184.442 {"t":"link","up_ms":127468,"node":29544,"peer":33120,"mac":"b8:1f:3f:da:81:60","state":"alive","epoch":290,"espnow_ver":2,"mtu":1446,"misses":0,"rssi":-9,"tx":{"frames":439,"cb_ok":431,"cb_fail":8,"enqueue_err":0,"pdr_ppm":981776},"rx":{"frames":1672,"lost_seqgap":6,"reorder_dup":0,"dropped_bad":0,"hb_lost":34,"bcast_frames":1186,"pdr_ppm":996424},"rtt":{"samples":60,"min_us":5367,"max_us":51379,"timeouts":2,"txq_last_us":9929,"txq_max_us":27351,"remote_turnaround_us":963,"remote_turnaround_max_us":34040,"p50_us":[4000,6000],"p99_us":[42000,60000],"hist":[0,0,0,0,31,9,3,7,3,3,0,4,0,0,0,0]}}
1791635184.442 {"t":"auth","node":29544,"up_ms":127531,"enrolled":1,"required":1,"verified_peers":2,"verified":7,"cache_hits":121,"refused":0,"rate_limited":0,"stale_epoch":0,"verify_us_max":58621,"link_stack_free_b":1516,"crypto_stack_free_b":1228,"tags_ok":759,"bad_tag":0,"replayed":0,"untagged":0,"bcast_dropped":0,"beacon_epoch_ignored":0,"tag_us_max":1472}
1791635184.442 {"t":"act","node":29544,"setpoint":0,"has_value":0,"writes_served":0}
1791635184.442 {"t":"peers","node":29544,"own_period_ms":100,"own_busy":1,"channel":1,"scanning":0,"scans":0,"hops":0,"found":0,"lost_to_found_ms":0,"moves_followed":0,"moves_refused":0,"sweeps":0,"sweep_found":0,"sweeping":0,"search_visits":0,"relay":1,"fwd_u":0,"fwd_b":2390,"fwd_h":128,"relay_dup":0,"list":[{"id":25344,"state":"alive","via_relay":0,"period_ms":100,"misses":6,"busy":0,"rtt_n":61},{"id":33120,"state":"alive","via_relay":0,"period_ms":100,"misses":6,"busy":0,"rtt_n":60}]}
1791635184.442 {"t":"ss","node":29544,"accepted":0,"unsigned":0,"unknown_sender":0,"bad_signature":0,"replayed":0,"rate_limited":0,"verify_us_max":0,"floors":[]}
1791635184.442 {"t":"rec","node":29544,"up_ms":127620,"settled":1,"sent":506,"received":398,"malformed":0,"views":8,"replies_fenced":0,"actors":[{"key":1245650351,"running":0,"term":0,"owner":25344,"owner_term":7,"assigned":25344,"starts":0,"fenced":0,"released":0}]}
1791635184.784 {"t":"node","up_ms":127634,"node":29544,"epoch":171,"peers_alive":2,"peers_dead":0,"no_radio":0,"free_dram":203151,"largest_block":131072,"rx":{"total":3295,"bad_frame":0,"unknown_peer":16,"wrong_dst":0,"short_payload":0,"unknown_opcode":0,"queue_dropped":8},"tx":{"total":2196,"enqueue_err":0,"done_queue_dropped":0},"membership":{"deaths":4,"revivals":3,"reboots_seen":1,"table_full":0,"events_dropped":0}}
1791635184.784 {"t":"ns","node":29544,"hash":96177158,"owner":29544,"kind":"sampled","unit":0,"class":4,"bound_ms":5000,"quality":"GOOD","age_ms":346,"ts":127326,"updates":12,"value":-27}
1791635184.784 {"t":"ns","node":29544,"hash":1162973580,"owner":29544,"kind":"sampled","unit":101,"class":4,"bound_ms":30000,"quality":"GOOD","age_ms":359,"ts":127326,"updates":12,"value":202931}
1791635184.784 {"t":"ns","node":29544,"hash":4013525678,"owner":29544,"kind":"sampled","unit":101,"class":4,"bound_ms":30000,"quality":"GOOD","age_ms":384,"ts":127326,"updates":12,"value":126976}
1791635184.784 {"t":"ns","node":29544,"hash":1245650351,"owner":25344,"kind":"sampled","unit":0,"class":3,"bound_ms":500,"quality":"NO_DATA","age_ms":0,"ts":0,"updates":0,"value":null}
1791635184.784 {"t":"ns","node":29544,"hash":2033492666,"owner":29544,"kind":"sampled","unit":0,"class":3,"bound_ms":0,"quality":"NO_DATA","age_ms":0,"ts":0,"updates":0,"value":null}
1791635184.784 {"t":"ns","node":29544,"hash":1303338069,"owner":29544,"kind":"sampled","unit":100,"class":4,"bound_ms":0,"quality":"GOOD","age_ms":423,"ts":127326,"updates":12,"value":171}
1791635184.784 {"t":"ns","node":29544,"hash":288706273,"owner":29544,"kind":"sampled","unit":80,"class":4,"bound_ms":30000,"quality":"GOOD","age_ms":436,"ts":127326,"updates":12,"value":127}
1791635184.784 {"t":"ns","node":29544,"hash":2548334194,"owner":29544,"kind":"sampled","unit":100,"class":4,"bound_ms":5000,"quality":"GOOD","age_ms":461,"ts":127326,"updates":12,"value":2}
1791635194.932 {"t":"clk","node":29544,"up_ms":137800}
1791635194.932 {"t":"hs","up_s":137,"running":1,"sta":1,"has_ip":1,"ch":1,"rssi":-45,"clients":1,"reconnects":0,"int_free":203151,"psram_free":8336684,"boot_pick":1}
1791635194.932 {"t":"led","node":29544,"shows":"green","app":0}
1791635194.932 {"t":"event","at_ms":128307,"node":29544,"kind":"peer_admitted","peer":25344,"slot":0,"a":0,"b":0}
1791635194.932 {"t":"event","at_ms":129389,"node":29544,"kind":"peer_admitted","peer":33120,"slot":1,"a":0,"b":0}
1791635194.932 {"t":"event","at_ms":130304,"node":29544,"kind":"peer_admitted","peer":25344,"slot":0,"a":0,"b":0}
1791635194.932 {"t":"event","at_ms":131389,"node":29544,"kind":"peer_admitted","peer":33120,"slot":1,"a":0,"b":0}
1791635194.932 {"t":"event","at_ms":132340,"node":29544,"kind":"peer_admitted","peer":25344,"slot":0,"a":0,"b":0}
1791635194.932 {"t":"event","at_ms":133389,"node":29544,"kind":"peer_admitted","peer":33120,"slot":1,"a":0,"b":0}
1791635194.932 {"t":"event","at_ms":134340,"node":29544,"kind":"peer_admitted","peer":25344,"slot":0,"a":0,"b":0}
1791635194.932 {"t":"event","at_ms":135389,"node":29544,"kind":"peer_admitted","peer":33120,"slot":1,"a":0,"b":0}
1791635194.932 {"t":"event","at_ms":136339,"node":29544,"kind":"peer_admitted","peer":25344,"slot":0,"a":0,"b":0}
1791635194.932 {"t":"event","at_ms":137389,"node":29544,"kind":"peer_admitted","peer":33120,"slot":1,"a":0,"b":0}
1791635194.932 {"t":"link","up_ms":137905,"node":29544,"peer":25344,"mac":"b8:1f:3f:da:63:00","state":"alive","epoch":243,"espnow_ver":2,"mtu":1446,"misses":0,"rssi":-28,"tx":{"frames":459,"cb_ok":455,"cb_fail":4,"enqueue_err":0,"pdr_ppm":991285},"rx":{"frames":1741,"lost_seqgap":5,"reorder_dup":0,"dropped_bad":0,"hb_lost":54,"bcast_frames":1307,"pdr_ppm":997136},"rtt":{"samples":66,"min_us":5334,"max_us":27753,"timeouts":2,"txq_last_us":2452,"txq_max_us":11750,"remote_turnaround_us":945,"remote_turnaround_max_us":6145,"p50_us":[4000,6000],"p99_us":[22000,30000],"hist":[0,0,0,0,35,9,10,10,1,1,0,0,0,0,0,0]}}
1791635194.932 {"t":"link","up_ms":137956,"node":29544,"peer":33120,"mac":"b8:1f:3f:da:81:60","state":"alive","epoch":290,"espnow_ver":2,"mtu":1446,"misses":0,"rssi":-9,"tx":{"frames":476,"cb_ok":468,"cb_fail":8,"enqueue_err":0,"pdr_ppm":983193},"rx":{"frames":1820,"lost_seqgap":6,"reorder_dup":0,"dropped_bad":0,"hb_lost":34,"bcast_frames":1291,"pdr_ppm":996714},"rtt":{"samples":66,"min_us":5351,"max_us":51379,"timeouts":2,"txq_last_us":9929,"txq_max_us":27351,"remote_turnaround_us":960,"remote_turnaround_max_us":34040,"p50_us":[4000,6000],"p99_us":[42000,60000],"hist":[0,0,0,0,37,9,3,7,3,3,0,4,0,0,0,0]}}
1791635194.932 {"t":"auth","node":29544,"up_ms":138007,"enrolled":1,"required":1,"verified_peers":2,"verified":7,"cache_hits":131,"refused":0,"rate_limited":0,"stale_epoch":0,"verify_us_max":58621,"link_stack_free_b":1516,"crypto_stack_free_b":1228,"tags_ok":825,"bad_tag":0,"replayed":0,"untagged":0,"bcast_dropped":0,"beacon_epoch_ignored":0,"tag_us_max":1472}
1791635194.932 {"t":"act","node":29544,"setpoint":0,"has_value":0,"writes_served":0}
1791635194.932 {"t":"peers","node":29544,"own_period_ms":100,"own_busy":1,"channel":1,"scanning":0,"scans":0,"hops":0,"found":0,"lost_to_found_ms":0,"moves_followed":0,"moves_refused":0,"sweeps":0,"sweep_found":0,"sweeping":0,"search_visits":0,"relay":1,"fwd_u":0,"fwd_b":2600,"fwd_h":138,"relay_dup":0,"list":[{"id":25344,"state":"alive","via_relay":0,"period_ms":100,"misses":6,"busy":0,"rtt_n":66},{"id":33120,"state":"alive","via_relay":0,"period_ms":100,"misses":6,"busy":0,"rtt_n":66}]}
1791635194.932 {"t":"ss","node":29544,"accepted":0,"unsigned":0,"unknown_sender":0,"bad_signature":0,"replayed":0,"rate_limited":0,"verify_us_max":0,"floors":[]}
1791635194.932 {"t":"rec","node":29544,"up_ms":138097,"settled":1,"sent":548,"received":432,"malformed":0,"views":8,"replies_fenced":0,"actors":[{"key":1245650351,"running":0,"term":0,"owner":25344,"owner_term":7,"assigned":25344,"starts":0,"fenced":0,"released":0}]}
1791635195.262 {"t":"node","up_ms":138122,"node":29544,"epoch":171,"peers_alive":2,"peers_dead":0,"no_radio":0,"free_dram":203151,"largest_block":131072,"rx":{"total":3579,"bad_frame":0,"unknown_peer":16,"wrong_dst":0,"short_payload":0,"unknown_opcode":0,"queue_dropped":8},"tx":{"total":2378,"enqueue_err":0,"done_queue_dropped":0},"membership":{"deaths":4,"revivals":3,"reboots_seen":1,"table_full":0,"events_dropped":0}}
1791635195.262 {"t":"ns","node":29544,"hash":96177158,"owner":29544,"kind":"sampled","unit":0,"class":4,"bound_ms":5000,"quality":"GOOD","age_ms":345,"ts":137815,"updates":13,"value":-27}
1791635195.262 {"t":"ns","node":29544,"hash":1162973580,"owner":29544,"kind":"sampled","unit":101,"class":4,"bound_ms":30000,"quality":"GOOD","age_ms":358,"ts":137815,"updates":13,"value":203151}
1791635195.262 {"t":"ns","node":29544,"hash":4013525678,"owner":29544,"kind":"sampled","unit":101,"class":4,"bound_ms":30000,"quality":"GOOD","age_ms":372,"ts":137815,"updates":13,"value":131072}
1791635195.262 {"t":"ns","node":29544,"hash":1245650351,"owner":25344,"kind":"sampled","unit":0,"class":3,"bound_ms":500,"quality":"NO_DATA","age_ms":0,"ts":0,"updates":0,"value":null}
1791635195.262 {"t":"ns","node":29544,"hash":2033492666,"owner":29544,"kind":"sampled","unit":0,"class":3,"bound_ms":0,"quality":"NO_DATA","age_ms":0,"ts":0,"updates":0,"value":null}
1791635195.262 {"t":"ns","node":29544,"hash":1303338069,"owner":29544,"kind":"sampled","unit":100,"class":4,"bound_ms":0,"quality":"GOOD","age_ms":412,"ts":137815,"updates":13,"value":171}
1791635195.262 {"t":"ns","node":29544,"hash":288706273,"owner":29544,"kind":"sampled","unit":80,"class":4,"bound_ms":30000,"quality":"GOOD","age_ms":436,"ts":137815,"updates":13,"value":137}
1791635195.262 {"t":"ns","node":29544,"hash":2548334194,"owner":29544,"kind":"sampled","unit":100,"class":4,"bound_ms":5000,"quality":"GOOD","age_ms":449,"ts":137815,"updates":13,"value":2}
1791635205.409 {"t":"clk","node":29544,"up_ms":148277}
1791635205.409 {"t":"hs","up_s":148,"running":1,"sta":1,"has_ip":1,"ch":1,"rssi":-45,"clients":1,"reconnects":0,"int_free":203151,"psram_free":8336684,"boot_pick":1}
1791635205.409 {"t":"led","node":29544,"shows":"green","app":0}
1791635205.409 {"t":"event","at_ms":138339,"node":29544,"kind":"peer_admitted","peer":25344,"slot":0,"a":0,"b":0}
1791635205.409 {"t":"event","at_ms":139389,"node":29544,"kind":"peer_admitted","peer":33120,"slot":1,"a":0,"b":0}
1791635205.409 {"t":"event","at_ms":140339,"node":29544,"kind":"peer_admitted","peer":25344,"slot":0,"a":0,"b":0}
1791635205.409 {"t":"event","at_ms":141389,"node":29544,"kind":"peer_admitted","peer":33120,"slot":1,"a":0,"b":0}
1791635205.409 {"t":"event","at_ms":142345,"node":29544,"kind":"peer_admitted","peer":25344,"slot":0,"a":0,"b":0}
1791635205.409 {"t":"event","at_ms":143389,"node":29544,"kind":"peer_admitted","peer":33120,"slot":1,"a":0,"b":0}
1791635205.409 {"t":"event","at_ms":144345,"node":29544,"kind":"peer_admitted","peer":25344,"slot":0,"a":0,"b":0}
1791635205.409 {"t":"event","at_ms":145389,"node":29544,"kind":"peer_admitted","peer":33120,"slot":1,"a":0,"b":0}
1791635205.409 {"t":"event","at_ms":146345,"node":29544,"kind":"peer_admitted","peer":25344,"slot":0,"a":0,"b":0}
1791635205.409 {"t":"event","at_ms":147389,"node":29544,"kind":"peer_admitted","peer":33120,"slot":1,"a":0,"b":0}
1791635205.409 {"t":"event","at_ms":148345,"node":29544,"kind":"peer_admitted","peer":25344,"slot":0,"a":0,"b":0}
1791635205.409 {"t":"link","up_ms":148383,"node":29544,"peer":25344,"mac":"b8:1f:3f:da:63:00","state":"alive","epoch":243,"espnow_ver":2,"mtu":1446,"misses":0,"rssi":-28,"tx":{"frames":495,"cb_ok":491,"cb_fail":4,"enqueue_err":0,"pdr_ppm":991919},"rx":{"frames":1878,"lost_seqgap":5,"reorder_dup":0,"dropped_bad":0,"hb_lost":54,"bcast_frames":1411,"pdr_ppm":997344},"rtt":{"samples":71,"min_us":5334,"max_us":28948,"timeouts":2,"txq_last_us":2883,"txq_max_us":11750,"remote_turnaround_us":932,"remote_turnaround_max_us":8987,"p50_us":[4000,6000],"p99_us":[22000,30000],"hist":[0,0,0,0,37,10,11,10,1,2,0,0,0,0,0,0]}}
1791635205.410 {"t":"link","up_ms":148445,"node":29544,"peer":33120,"mac":"b8:1f:3f:da:81:60","state":"alive","epoch":290,"espnow_ver":2,"mtu":1446,"misses":0,"rssi":-9,"tx":{"frames":513,"cb_ok":505,"cb_fail":8,"enqueue_err":0,"pdr_ppm":984405},"rx":{"frames":1967,"lost_seqgap":6,"reorder_dup":0,"dropped_bad":0,"hb_lost":34,"bcast_frames":1396,"pdr_ppm":996958},"rtt":{"samples":71,"min_us":5351,"max_us":51379,"timeouts":2,"txq_last_us":9929,"txq_max_us":27351,"remote_turnaround_us":968,"remote_turnaround_max_us":34040,"p50_us":[4000,6000],"p99_us":[42000,60000],"hist":[0,0,0,0,42,9,3,7,3,3,0,4,0,0,0,0]}}
1791635205.410 {"t":"auth","node":29544,"up_ms":148496,"enrolled":1,"required":1,"verified_peers":2,"verified":7,"cache_hits":142,"refused":0,"rate_limited":0,"stale_epoch":0,"verify_us_max":58621,"link_stack_free_b":1516,"crypto_stack_free_b":1228,"tags_ok":889,"bad_tag":0,"replayed":0,"untagged":0,"bcast_dropped":0,"beacon_epoch_ignored":0,"tag_us_max":1472}
1791635205.410 {"t":"act","node":29544,"setpoint":0,"has_value":0,"writes_served":0}
1791635205.410 {"t":"peers","node":29544,"own_period_ms":100,"own_busy":1,"channel":1,"scanning":0,"scans":0,"hops":0,"found":0,"lost_to_found_ms":0,"moves_followed":0,"moves_refused":0,"sweeps":0,"sweep_found":0,"sweeping":0,"search_visits":0,"relay":1,"fwd_u":0,"fwd_b":2810,"fwd_h":149,"relay_dup":0,"list":[{"id":25344,"state":"alive","via_relay":0,"period_ms":100,"misses":6,"busy":0,"rtt_n":71},{"id":33120,"state":"alive","via_relay":0,"period_ms":100,"misses":6,"busy":0,"rtt_n":71}]}
1791635205.410 {"t":"ss","node":29544,"accepted":0,"unsigned":0,"unknown_sender":0,"bad_signature":0,"replayed":0,"rate_limited":0,"verify_us_max":0,"floors":[]}
1791635205.410 {"t":"rec","node":29544,"up_ms":148586,"settled":1,"sent":590,"received":467,"malformed":0,"views":8,"replies_fenced":0,"actors":[{"key":1245650351,"running":0,"term":0,"owner":25344,"owner_term":7,"assigned":25344,"starts":0,"fenced":0,"released":0}]}
1791635205.758 {"t":"node","up_ms":148611,"node":29544,"epoch":171,"peers_alive":2,"peers_dead":0,"no_radio":0,"free_dram":203151,"largest_block":131072,"rx":{"total":3865,"bad_frame":0,"unknown_peer":16,"wrong_dst":0,"short_payload":0,"unknown_opcode":0,"queue_dropped":8},"tx":{"total":2561,"enqueue_err":0,"done_queue_dropped":0},"membership":{"deaths":4,"revivals":3,"reboots_seen":1,"table_full":0,"events_dropped":0}}
1791635205.758 {"t":"ns","node":29544,"hash":96177158,"owner":29544,"kind":"sampled","unit":0,"class":4,"bound_ms":5000,"quality":"GOOD","age_ms":346,"ts":148292,"updates":14,"value":-27}
1791635205.758 {"t":"ns","node":29544,"hash":1162973580,"owner":29544,"kind":"sampled","unit":101,"class":4,"bound_ms":30000,"quality":"GOOD","age_ms":359,"ts":148292,"updates":14,"value":202947}
1791635205.758 {"t":"ns","node":29544,"hash":4013525678,"owner":29544,"kind":"sampled","unit":101,"class":4,"bound_ms":30000,"quality":"GOOD","age_ms":384,"ts":148292,"updates":14,"value":126976}
1791635205.758 {"t":"ns","node":29544,"hash":1245650351,"owner":25344,"kind":"sampled","unit":0,"class":3,"bound_ms":500,"quality":"NO_DATA","age_ms":0,"ts":0,"updates":0,"value":null}
1791635205.758 {"t":"ns","node":29544,"hash":2033492666,"owner":29544,"kind":"sampled","unit":0,"class":3,"bound_ms":0,"quality":"NO_DATA","age_ms":0,"ts":0,"updates":0,"value":null}
1791635205.758 {"t":"ns","node":29544,"hash":1303338069,"owner":29544,"kind":"sampled","unit":100,"class":4,"bound_ms":0,"quality":"GOOD","age_ms":423,"ts":148292,"updates":14,"value":171}
1791635205.758 {"t":"ns","node":29544,"hash":288706273,"owner":29544,"kind":"sampled","unit":80,"class":4,"bound_ms":30000,"quality":"GOOD","age_ms":436,"ts":148292,"updates":14,"value":148}
1791635205.758 {"t":"ns","node":29544,"hash":2548334194,"owner":29544,"kind":"sampled","unit":100,"class":4,"bound_ms":5000,"quality":"GOOD","age_ms":460,"ts":148292,"updates":14,"value":2}
1791635215.896 {"t":"clk","node":29544,"up_ms":158765}
1791635215.896 {"t":"hs","up_s":158,"running":1,"sta":1,"has_ip":1,"ch":1,"rssi":-45,"clients":1,"reconnects":0,"int_free":203151,"psram_free":8336684,"boot_pick":1}
1791635215.896 {"t":"led","node":29544,"shows":"green","app":0}
1791635215.896 {"t":"event","at_ms":149389,"node":29544,"kind":"peer_admitted","peer":33120,"slot":1,"a":0,"b":0}
1791635215.896 {"t":"event","at_ms":150345,"node":29544,"kind":"peer_admitted","peer":25344,"slot":0,"a":0,"b":0}
1791635215.896 {"t":"event","at_ms":151390,"node":29544,"kind":"peer_admitted","peer":33120,"slot":1,"a":0,"b":0}
1791635215.896 {"t":"event","at_ms":152345,"node":29544,"kind":"peer_admitted","peer":25344,"slot":0,"a":0,"b":0}
1791635215.896 {"t":"event","at_ms":153390,"node":29544,"kind":"peer_admitted","peer":33120,"slot":1,"a":0,"b":0}
1791635215.896 {"t":"event","at_ms":154359,"node":29544,"kind":"peer_admitted","peer":25344,"slot":0,"a":0,"b":0}
1791635215.896 {"t":"event","at_ms":155392,"node":29544,"kind":"peer_admitted","peer":33120,"slot":1,"a":0,"b":0}
1791635215.896 {"t":"event","at_ms":156358,"node":29544,"kind":"peer_admitted","peer":25344,"slot":0,"a":0,"b":0}
1791635215.896 {"t":"event","at_ms":157390,"node":29544,"kind":"peer_admitted","peer":33120,"slot":1,"a":0,"b":0}
1791635215.896 {"t":"event","at_ms":158358,"node":29544,"kind":"peer_admitted","peer":25344,"slot":0,"a":0,"b":0}
1791635215.896 {"t":"link","up_ms":158871,"node":29544,"peer":25344,"mac":"b8:1f:3f:da:63:00","state":"alive","epoch":243,"espnow_ver":2,"mtu":1446,"misses":0,"rssi":-28,"tx":{"frames":530,"cb_ok":526,"cb_fail":4,"enqueue_err":0,"pdr_ppm":992452},"rx":{"frames":2016,"lost_seqgap":5,"reorder_dup":0,"dropped_bad":0,"hb_lost":54,"bcast_frames":1516,"pdr_ppm":997525},"rtt":{"samples":77,"min_us":5334,"max_us":28948,"timeouts":2,"txq_last_us":2883,"txq_max_us":11750,"remote_turnaround_us":935,"remote_turnaround_max_us":8987,"p50_us":[4000,6000],"p99_us":[22000,30000],"hist":[0,0,0,0,42,10,12,10,1,2,0,0,0,0,0,0]}}
1791635215.896 {"t":"link","up_ms":158922,"node":29544,"peer":33120,"mac":"b8:1f:3f:da:81:60","state":"alive","epoch":290,"espnow_ver":2,"mtu":1446,"misses":0,"rssi":-9,"tx":{"frames":549,"cb_ok":541,"cb_fail":8,"enqueue_err":0,"pdr_ppm":985428},"rx":{"frames":2112,"lost_seqgap":6,"reorder_dup":0,"dropped_bad":0,"hb_lost":35,"bcast_frames":1500,"pdr_ppm":997167},"rtt":{"samples":76,"min_us":5351,"max_us":51379,"timeouts":2,"txq_last_us":9929,"txq_max_us":27351,"remote_turnaround_us":957,"remote_turnaround_max_us":34040,"p50_us":[4000,6000],"p99_us":[42000,60000],"hist":[0,0,0,0,45,11,3,7,3,3,0,4,0,0,0,0]}}
1791635215.896 {"t":"auth","node":29544,"up_ms":158973,"enrolled":1,"required":1,"verified_peers":2,"verified":7,"cache_hits":152,"refused":0,"rate_limited":0,"stale_epoch":0,"verify_us_max":58621,"link_stack_free_b":1516,"crypto_stack_free_b":1228,"tags_ok":953,"bad_tag":0,"replayed":0,"untagged":0,"bcast_dropped":0,"beacon_epoch_ignored":0,"tag_us_max":1472}
1791635215.896 {"t":"act","node":29544,"setpoint":0,"has_value":0,"writes_served":0}
1791635215.896 {"t":"peers","node":29544,"own_period_ms":100,"own_busy":1,"channel":1,"scanning":0,"scans":0,"hops":0,"found":0,"lost_to_found_ms":0,"moves_followed":0,"moves_refused":0,"sweeps":0,"sweep_found":0,"sweeping":0,"search_visits":0,"relay":1,"fwd_u":0,"fwd_b":3019,"fwd_h":159,"relay_dup":0,"list":[{"id":25344,"state":"alive","via_relay":0,"period_ms":100,"misses":6,"busy":0,"rtt_n":77},{"id":33120,"state":"alive","via_relay":0,"period_ms":100,"misses":6,"busy":0,"rtt_n":76}]}
1791635215.896 {"t":"ss","node":29544,"accepted":0,"unsigned":0,"unknown_sender":0,"bad_signature":0,"replayed":0,"rate_limited":0,"verify_us_max":0,"floors":[]}
1791635215.896 {"t":"rec","node":29544,"up_ms":159062,"settled":1,"sent":631,"received":501,"malformed":0,"views":8,"replies_fenced":0,"actors":[{"key":1245650351,"running":0,"term":0,"owner":25344,"owner_term":7,"assigned":25344,"starts":0,"fenced":0,"released":0}]}
1791635216.227 {"t":"node","up_ms":159087,"node":29544,"epoch":171,"peers_alive":2,"peers_dead":0,"no_radio":0,"free_dram":203151,"largest_block":131072,"rx":{"total":4146,"bad_frame":0,"unknown_peer":16,"wrong_dst":0,"short_payload":0,"unknown_opcode":0,"queue_dropped":8},"tx":{"total":2741,"enqueue_err":0,"done_queue_dropped":0},"membership":{"deaths":4,"revivals":3,"reboots_seen":1,"table_full":0,"events_dropped":0}}
1791635216.227 {"t":"ns","node":29544,"hash":96177158,"owner":29544,"kind":"sampled","unit":0,"class":4,"bound_ms":5000,"quality":"GOOD","age_ms":345,"ts":158780,"updates":15,"value":-27}
1791635216.227 {"t":"ns","node":29544,"hash":1162973580,"owner":29544,"kind":"sampled","unit":101,"class":4,"bound_ms":30000,"quality":"GOOD","age_ms":359,"ts":158780,"updates":15,"value":203151}
1791635216.227 {"t":"ns","node":29544,"hash":4013525678,"owner":29544,"kind":"sampled","unit":101,"class":4,"bound_ms":30000,"quality":"GOOD","age_ms":372,"ts":158780,"updates":15,"value":131072}
1791635216.227 {"t":"ns","node":29544,"hash":1245650351,"owner":25344,"kind":"sampled","unit":0,"class":3,"bound_ms":500,"quality":"NO_DATA","age_ms":0,"ts":0,"updates":0,"value":null}
1791635216.227 {"t":"ns","node":29544,"hash":2033492666,"owner":29544,"kind":"sampled","unit":0,"class":3,"bound_ms":0,"quality":"NO_DATA","age_ms":0,"ts":0,"updates":0,"value":null}
1791635216.227 {"t":"ns","node":29544,"hash":1303338069,"owner":29544,"kind":"sampled","unit":100,"class":4,"bound_ms":0,"quality":"GOOD","age_ms":423,"ts":158780,"updates":15,"value":171}
1791635216.227 {"t":"ns","node":29544,"hash":288706273,"owner":29544,"kind":"sampled","unit":80,"class":4,"bound_ms":30000,"quality":"GOOD","age_ms":437,"ts":158780,"updates":15,"value":158}
1791635216.227 {"t":"ns","node":29544,"hash":2548334194,"owner":29544,"kind":"sampled","unit":100,"class":4,"bound_ms":5000,"quality":"GOOD","age_ms":450,"ts":158780,"updates":15,"value":2}
1791635226.374 {"t":"clk","node":29544,"up_ms":169243}
1791635226.374 {"t":"hs","up_s":169,"running":1,"sta":1,"has_ip":1,"ch":1,"rssi":-46,"clients":1,"reconnects":0,"int_free":203151,"psram_free":8336684,"boot_pick":1}
1791635226.374 {"t":"led","node":29544,"shows":"green","app":0}
1791635226.374 {"t":"event","at_ms":159389,"node":29544,"kind":"peer_admitted","peer":33120,"slot":1,"a":0,"b":0}
1791635226.374 {"t":"event","at_ms":160394,"node":29544,"kind":"peer_admitted","peer":25344,"slot":0,"a":0,"b":0}
1791635226.374 {"t":"event","at_ms":161389,"node":29544,"kind":"peer_admitted","peer":33120,"slot":1,"a":0,"b":0}
1791635226.374 {"t":"event","at_ms":162394,"node":29544,"kind":"peer_admitted","peer":25344,"slot":0,"a":0,"b":0}
1791635226.374 {"t":"event","at_ms":163389,"node":29544,"kind":"peer_admitted","peer":33120,"slot":1,"a":0,"b":0}
1791635226.374 {"t":"event","at_ms":164394,"node":29544,"kind":"peer_admitted","peer":25344,"slot":0,"a":0,"b":0}
1791635226.374 {"t":"event","at_ms":165389,"node":29544,"kind":"peer_admitted","peer":33120,"slot":1,"a":0,"b":0}
1791635226.374 {"t":"event","at_ms":166393,"node":29544,"kind":"peer_admitted","peer":25344,"slot":0,"a":0,"b":0}
1791635226.374 {"t":"event","at_ms":167389,"node":29544,"kind":"peer_admitted","peer":33120,"slot":1,"a":0,"b":0}
1791635226.374 {"t":"event","at_ms":168393,"node":29544,"kind":"peer_admitted","peer":25344,"slot":0,"a":0,"b":0}
1791635226.374 {"t":"link","up_ms":169347,"node":29544,"peer":25344,"mac":"b8:1f:3f:da:63:00","state":"alive","epoch":243,"espnow_ver":2,"mtu":1446,"misses":0,"rssi":-27,"tx":{"frames":565,"cb_ok":561,"cb_fail":4,"enqueue_err":0,"pdr_ppm":992920},"rx":{"frames":2152,"lost_seqgap":5,"reorder_dup":0,"dropped_bad":0,"hb_lost":55,"bcast_frames":1620,"pdr_ppm":997681},"rtt":{"samples":82,"min_us":5334,"max_us":38138,"timeouts":2,"txq_last_us":2641,"txq_max_us":11750,"remote_turnaround_us":2206,"remote_turnaround_max_us":9684,"p50_us":[4000,6000],"p99_us":[30000,42000],"hist":[0,0,0,0,44,12,12,10,1,2,1,0,0,0,0,0]}}
1791635226.374 {"t":"link","up_ms":169398,"node":29544,"peer":33120,"mac":"b8:1f:3f:da:81:60","state":"alive","epoch":290,"espnow_ver":2,"mtu":1446,"misses":0,"rssi":-9,"tx":{"frames":586,"cb_ok":578,"cb_fail":8,"enqueue_err":0,"pdr_ppm":986348},"rx":{"frames":2259,"lost_seqgap":6,"reorder_dup":0,"dropped_bad":0,"hb_lost":35,"bcast_frames":1605,"pdr_ppm":997350},"rtt":{"samples":81,"min_us":5351,"max_us":51379,"timeouts":2,"txq_last_us":9929,"txq_max_us":27351,"remote_turnaround_us":955,"remote_turnaround_max_us":34040,"p50_us":[4000,6000],"p99_us":[42000,60000],"hist":[0,0,0,0,49,11,3,7,3,3,1,4,0,0,0,0]}}
1791635226.374 {"t":"auth","node":29544,"up_ms":169450,"enrolled":1,"required":1,"verified_peers":2,"verified":7,"cache_hits":163,"refused":0,"rate_limited":0,"stale_epoch":0,"verify_us_max":58621,"link_stack_free_b":1516,"crypto_stack_free_b":1228,"tags_ok":1016,"bad_tag":0,"replayed":0,"untagged":0,"bcast_dropped":0,"beacon_epoch_ignored":0,"tag_us_max":1472}
1791635226.374 {"t":"act","node":29544,"setpoint":0,"has_value":0,"writes_served":0}
1791635226.374 {"t":"peers","node":29544,"own_period_ms":100,"own_busy":1,"channel":1,"scanning":0,"scans":0,"hops":0,"found":0,"lost_to_found_ms":0,"moves_followed":0,"moves_refused":0,"sweeps":0,"sweep_found":0,"sweeping":0,"search_visits":0,"relay":1,"fwd_u":0,"fwd_b":3227,"fwd_h":170,"relay_dup":0,"list":[{"id":25344,"state":"alive","via_relay":0,"period_ms":100,"misses":6,"busy":0,"rtt_n":82},{"id":33120,"state":"alive","via_relay":0,"period_ms":100,"misses":6,"busy":0,"rtt_n":81}]}
1791635226.374 {"t":"ss","node":29544,"accepted":0,"unsigned":0,"unknown_sender":0,"bad_signature":0,"replayed":0,"rate_limited":0,"verify_us_max":0,"floors":[]}
1791635226.374 {"t":"rec","node":29544,"up_ms":169539,"settled":1,"sent":673,"received":536,"malformed":0,"views":8,"replies_fenced":0,"actors":[{"key":1245650351,"running":0,"term":0,"owner":25344,"owner_term":7,"assigned":25344,"starts":0,"fenced":0,"released":0}]}
1791635226.703 {"t":"node","up_ms":169564,"node":29544,"epoch":171,"peers_alive":2,"peers_dead":0,"no_radio":0,"free_dram":203151,"largest_block":131072,"rx":{"total":4429,"bad_frame":0,"unknown_peer":16,"wrong_dst":0,"short_payload":0,"unknown_opcode":0,"queue_dropped":8},"tx":{"total":2922,"enqueue_err":0,"done_queue_dropped":0},"membership":{"deaths":4,"revivals":3,"reboots_seen":1,"table_full":0,"events_dropped":0}}
1791635226.703 {"t":"ns","node":29544,"hash":96177158,"owner":29544,"kind":"sampled","unit":0,"class":4,"bound_ms":5000,"quality":"GOOD","age_ms":345,"ts":169258,"updates":16,"value":-27}
1791635226.703 {"t":"ns","node":29544,"hash":1162973580,"owner":29544,"kind":"sampled","unit":101,"class":4,"bound_ms":30000,"quality":"GOOD","age_ms":359,"ts":169258,"updates":16,"value":203151}
1791635226.703 {"t":"ns","node":29544,"hash":4013525678,"owner":29544,"kind":"sampled","unit":101,"class":4,"bound_ms":30000,"quality":"GOOD","age_ms":372,"ts":169258,"updates":16,"value":131072}
1791635226.703 {"t":"ns","node":29544,"hash":1245650351,"owner":25344,"kind":"sampled","unit":0,"class":3,"bound_ms":500,"quality":"NO_DATA","age_ms":0,"ts":0,"updates":0,"value":null}
1791635226.703 {"t":"ns","node":29544,"hash":2033492666,"owner":29544,"kind":"sampled","unit":0,"class":3,"bound_ms":0,"quality":"NO_DATA","age_ms":0,"ts":0,"updates":0,"value":null}
1791635226.703 {"t":"ns","node":29544,"hash":1303338069,"owner":29544,"kind":"sampled","unit":100,"class":4,"bound_ms":0,"quality":"GOOD","age_ms":423,"ts":169258,"updates":16,"value":171}
1791635226.703 {"t":"ns","node":29544,"hash":288706273,"owner":29544,"kind":"sampled","unit":80,"class":4,"bound_ms":30000,"quality":"GOOD","age_ms":436,"ts":169258,"updates":16,"value":169}
1791635226.703 {"t":"ns","node":29544,"hash":2548334194,"owner":29544,"kind":"sampled","unit":100,"class":4,"bound_ms":5000,"quality":"GOOD","age_ms":449,"ts":169258,"updates":16,"value":2}
1791635236.853 {"t":"clk","node":29544,"up_ms":179720}
1791635236.853 {"t":"hs","up_s":179,"running":1,"sta":1,"has_ip":1,"ch":1,"rssi":-45,"clients":1,"reconnects":0,"int_free":203151,"psram_free":8336684,"boot_pick":1}
1791635236.853 {"t":"led","node":29544,"shows":"green","app":0}
1791635236.853 {"t":"event","at_ms":169389,"node":29544,"kind":"peer_admitted","peer":33120,"slot":1,"a":0,"b":0}
1791635236.853 {"t":"event","at_ms":170394,"node":29544,"kind":"peer_admitted","peer":25344,"slot":0,"a":0,"b":0}
1791635236.853 {"t":"event","at_ms":171389,"node":29544,"kind":"peer_admitted","peer":33120,"slot":1,"a":0,"b":0}
1791635236.853 {"t":"event","at_ms":172393,"node":29544,"kind":"peer_admitted","peer":25344,"slot":0,"a":0,"b":0}
1791635236.853 {"t":"event","at_ms":173389,"node":29544,"kind":"peer_admitted","peer":33120,"slot":1,"a":0,"b":0}
1791635236.853 {"t":"event","at_ms":174393,"node":29544,"kind":"peer_admitted","peer":25344,"slot":0,"a":0,"b":0}
1791635236.853 {"t":"event","at_ms":175389,"node":29544,"kind":"peer_admitted","peer":33120,"slot":1,"a":0,"b":0}
1791635236.853 {"t":"event","at_ms":176419,"node":29544,"kind":"peer_admitted","peer":25344,"slot":0,"a":0,"b":0}
1791635236.853 {"t":"event","at_ms":177389,"node":29544,"kind":"peer_admitted","peer":33120,"slot":1,"a":0,"b":0}
1791635236.853 {"t":"event","at_ms":178418,"node":29544,"kind":"peer_admitted","peer":25344,"slot":0,"a":0,"b":0}
1791635236.853 {"t":"event","at_ms":179389,"node":29544,"kind":"peer_admitted","peer":33120,"slot":1,"a":0,"b":0}
1791635236.853 {"t":"link","up_ms":179827,"node":29544,"peer":25344,"mac":"b8:1f:3f:da:63:00","state":"alive","epoch":243,"espnow_ver":2,"mtu":1446,"misses":0,"rssi":-28,"tx":{"frames":598,"cb_ok":594,"cb_fail":4,"enqueue_err":0,"pdr_ppm":993311},"rx":{"frames":2289,"lost_seqgap":5,"reorder_dup":0,"dropped_bad":0,"hb_lost":55,"bcast_frames":1725,"pdr_ppm":997820},"rtt":{"samples":87,"min_us":5334,"max_us":38138,"timeouts":2,"txq_last_us":2641,"txq_max_us":11750,"remote_turnaround_us":950,"remote_turnaround_max_us":9684,"p50_us":[4000,6000],"p99_us":[30000,42000],"hist":[0,0,0,0,47,13,12,11,1,2,1,0,0,0,0,0]}}
1791635236.853 {"t":"link","up_ms":179889,"node":29544,"peer":33120,"mac":"b8:1f:3f:da:81:60","state":"alive","epoch":290,"espnow_ver":2,"mtu":1446,"misses":0,"rssi":-9,"tx":{"frames":623,"cb_ok":615,"cb_fail":8,"enqueue_err":0,"pdr_ppm":987158},"rx":{"frames":2406,"lost_seqgap":6,"reorder_dup":0,"dropped_bad":0,"hb_lost":35,"bcast_frames":1709,"pdr_ppm":997512},"rtt":{"samples":87,"min_us":5351,"max_us":51379,"timeouts":2,"txq_last_us":9929,"txq_max_us":27351,"remote_turnaround_us":943,"remote_turnaround_max_us":34040,"p50_us":[4000,6000],"p99_us":[42000,60000],"hist":[0,0,0,0,55,11,3,7,3,3,1,4,0,0,0,0]}}
1791635236.853 {"t":"auth","node":29544,"up_ms":179940,"enrolled":1,"required":1,"verified_peers":2,"verified":7,"cache_hits":173,"refused":0,"rate_limited":0,"stale_epoch":0,"verify_us_max":58621,"link_stack_free_b":1516,"crypto_stack_free_b":1228,"tags_ok":1082,"bad_tag":0,"replayed":0,"untagged":0,"bcast_dropped":0,"beacon_epoch_ignored":0,"tag_us_max":1472}
1791635236.853 {"t":"act","node":29544,"setpoint":0,"has_value":0,"writes_served":0}
1791635236.853 {"t":"peers","node":29544,"own_period_ms":100,"own_busy":1,"channel":1,"scanning":0,"scans":0,"hops":0,"found":0,"lost_to_found_ms":0,"moves_followed":0,"moves_refused":0,"sweeps":0,"sweep_found":0,"sweeping":0,"search_visits":0,"relay":1,"fwd_u":0,"fwd_b":3436,"fwd_h":180,"relay_dup":0,"list":[{"id":25344,"state":"alive","via_relay":0,"period_ms":100,"misses":6,"busy":0,"rtt_n":87},{"id":33120,"state":"alive","via_relay":0,"period_ms":100,"misses":6,"busy":0,"rtt_n":87}]}
1791635236.853 {"t":"ss","node":29544,"accepted":0,"unsigned":0,"unknown_sender":0,"bad_signature":0,"replayed":0,"rate_limited":0,"verify_us_max":0,"floors":[]}
1791635236.853 {"t":"rec","node":29544,"up_ms":180030,"settled":1,"sent":715,"received":570,"malformed":0,"views":8,"replies_fenced":0,"actors":[{"key":1245650351,"running":0,"term":0,"owner":25344,"owner_term":7,"assigned":25344,"starts":0,"fenced":0,"released":0}]}
1791635237.188 {"t":"node","up_ms":180044,"node":29544,"epoch":171,"peers_alive":2,"peers_dead":0,"no_radio":0,"free_dram":203151,"largest_block":131072,"rx":{"total":4713,"bad_frame":0,"unknown_peer":16,"wrong_dst":0,"short_payload":0,"unknown_opcode":0,"queue_dropped":8},"tx":{"total":3104,"enqueue_err":0,"done_queue_dropped":0},"membership":{"deaths":4,"revivals":3,"reboots_seen":1,"table_full":0,"events_dropped":0}}
1791635237.188 {"t":"ns","node":29544,"hash":96177158,"owner":29544,"kind":"sampled","unit":0,"class":4,"bound_ms":5000,"quality":"GOOD","age_ms":347,"ts":179735,"updates":17,"value":-28}
1791635237.188 {"t":"ns","node":29544,"hash":1162973580,"owner":29544,"kind":"sampled","unit":101,"class":4,"bound_ms":30000,"quality":"GOOD","age_ms":360,"ts":179735,"updates":17,"value":203151}
1791635237.188 {"t":"ns","node":29544,"hash":4013525678,"owner":29544,"kind":"sampled","unit":101,"class":4,"bound_ms":30000,"quality":"GOOD","age_ms":385,"ts":179735,"updates":17,"value":131072}
1791635237.188 {"t":"ns","node":29544,"hash":1245650351,"owner":25344,"kind":"sampled","unit":0,"class":3,"bound_ms":500,"quality":"NO_DATA","age_ms":0,"ts":0,"updates":0,"value":null}
1791635237.188 {"t":"ns","node":29544,"hash":2033492666,"owner":29544,"kind":"sampled","unit":0,"class":3,"bound_ms":0,"quality":"NO_DATA","age_ms":0,"ts":0,"updates":0,"value":null}
1791635237.188 {"t":"ns","node":29544,"hash":1303338069,"owner":29544,"kind":"sampled","unit":100,"class":4,"bound_ms":0,"quality":"GOOD","age_ms":424,"ts":179735,"updates":17,"value":171}
1791635237.188 {"t":"ns","node":29544,"hash":288706273,"owner":29544,"kind":"sampled","unit":80,"class":4,"bound_ms":30000,"quality":"GOOD","age_ms":438,"ts":179735,"updates":17,"value":179}
1791635237.188 {"t":"ns","node":29544,"hash":2548334194,"owner":29544,"kind":"sampled","unit":100,"class":4,"bound_ms":5000,"quality":"GOOD","age_ms":462,"ts":179735,"updates":17,"value":2}
1791635247.340 {"t":"clk","node":29544,"up_ms":190210}
1791635247.340 {"t":"hs","up_s":190,"running":1,"sta":1,"has_ip":1,"ch":1,"rssi":-46,"clients":1,"reconnects":0,"int_free":203151,"psram_free":8336684,"boot_pick":1}
1791635247.340 {"t":"led","node":29544,"shows":"green","app":0}
1791635247.340 {"t":"event","at_ms":180424,"node":29544,"kind":"peer_admitted","peer":25344,"slot":0,"a":0,"b":0}
1791635247.340 {"t":"event","at_ms":181389,"node":29544,"kind":"peer_admitted","peer":33120,"slot":1,"a":0,"b":0}
1791635247.340 {"t":"event","at_ms":182426,"node":29544,"kind":"peer_admitted","peer":25344,"slot":0,"a":0,"b":0}
1791635247.340 {"t":"event","at_ms":183390,"node":29544,"kind":"peer_admitted","peer":33120,"slot":1,"a":0,"b":0}
1791635247.340 {"t":"event","at_ms":184428,"node":29544,"kind":"peer_admitted","peer":25344,"slot":0,"a":0,"b":0}
1791635247.340 {"t":"event","at_ms":185389,"node":29544,"kind":"peer_admitted","peer":33120,"slot":1,"a":0,"b":0}
1791635247.340 {"t":"event","at_ms":186428,"node":29544,"kind":"peer_admitted","peer":25344,"slot":0,"a":0,"b":0}
1791635247.340 {"t":"event","at_ms":187389,"node":29544,"kind":"peer_admitted","peer":33120,"slot":1,"a":0,"b":0}
1791635247.340 {"t":"event","at_ms":188428,"node":29544,"kind":"peer_admitted","peer":25344,"slot":0,"a":0,"b":0}
1791635247.340 {"t":"event","at_ms":189390,"node":29544,"kind":"peer_admitted","peer":33120,"slot":1,"a":0,"b":0}
1791635247.340 {"t":"link","up_ms":190315,"node":29544,"peer":25344,"mac":"b8:1f:3f:da:63:00","state":"alive","epoch":243,"espnow_ver":2,"mtu":1446,"misses":0,"rssi":-28,"tx":{"frames":633,"cb_ok":629,"cb_fail":4,"enqueue_err":0,"pdr_ppm":993680},"rx":{"frames":2426,"lost_seqgap":5,"reorder_dup":0,"dropped_bad":0,"hb_lost":56,"bcast_frames":1829,"pdr_ppm":997943},"rtt":{"samples":92,"min_us":5334,"max_us":38138,"timeouts":2,"txq_last_us":2723,"txq_max_us":11750,"remote_turnaround_us":918,"remote_turnaround_max_us":9684,"p50_us":[4000,6000],"p99_us":[30000,42000],"hist":[0,0,0,0,51,13,12,11,1,2,2,0,0,0,0,0]}}
1791635247.340 {"t":"link","up_ms":190366,"node":29544,"peer":33120,"mac":"b8:1f:3f:da:81:60","state":"alive","epoch":290,"espnow_ver":2,"mtu":1446,"misses":0,"rssi":-10,"tx":{"frames":660,"cb_ok":652,"cb_fail":8,"enqueue_err":0,"pdr_ppm":987878},"rx":{"frames":2553,"lost_seqgap":6,"reorder_dup":0,"dropped_bad":0,"hb_lost":35,"bcast_frames":1814,"pdr_ppm":997655},"rtt":{"samples":92,"min_us":5351,"max_us":51379,"timeouts":2,"txq_last_us":9929,"txq_max_us":27351,"remote_turnaround_us":968,"remote_turnaround_max_us":34040,"p50_us":[4000,6000],"p99_us":[42000,60000],"hist":[0,0,0,0,58,13,3,7,3,3,1,4,0,0,0,0]}}
1791635247.340 {"t":"auth","node":29544,"up_ms":190418,"enrolled":1,"required":1,"verified_peers":2,"verified":7,"cache_hits":183,"refused":0,"rate_limited":0,"stale_epoch":0,"verify_us_max":58621,"link_stack_free_b":1516,"crypto_stack_free_b":1228,"tags_ok":1146,"bad_tag":0,"replayed":0,"untagged":0,"bcast_dropped":0,"beacon_epoch_ignored":0,"tag_us_max":1472}
1791635247.340 {"t":"act","node":29544,"setpoint":0,"has_value":0,"writes_served":0}
1791635247.340 {"t":"peers","node":29544,"own_period_ms":100,"own_busy":1,"channel":1,"scanning":0,"scans":0,"hops":0,"found":0,"lost_to_found_ms":0,"moves_followed":0,"moves_refused":0,"sweeps":0,"sweep_found":0,"sweeping":0,"search_visits":0,"relay":1,"fwd_u":0,"fwd_b":3645,"fwd_h":191,"relay_dup":0,"list":[{"id":25344,"state":"alive","via_relay":0,"period_ms":100,"misses":6,"busy":0,"rtt_n":92},{"id":33120,"state":"alive","via_relay":0,"period_ms":100,"misses":6,"busy":0,"rtt_n":92}]}
1791635247.340 {"t":"ss","node":29544,"accepted":0,"unsigned":0,"unknown_sender":0,"bad_signature":0,"replayed":0,"rate_limited":0,"verify_us_max":0,"floors":[]}
1791635247.340 {"t":"rec","node":29544,"up_ms":190508,"settled":1,"sent":757,"received":604,"malformed":0,"views":8,"replies_fenced":0,"actors":[{"key":1245650351,"running":0,"term":0,"owner":25344,"owner_term":7,"assigned":25344,"starts":0,"fenced":0,"released":0}]}
1791635247.674 {"t":"node","up_ms":190532,"node":29544,"epoch":171,"peers_alive":2,"peers_dead":0,"no_radio":0,"free_dram":203151,"largest_block":131072,"rx":{"total":4998,"bad_frame":0,"unknown_peer":16,"wrong_dst":0,"short_payload":0,"unknown_opcode":0,"queue_dropped":8},"tx":{"total":3287,"enqueue_err":0,"done_queue_dropped":0},"membership":{"deaths":4,"revivals":3,"reboots_seen":1,"table_full":0,"events_dropped":0}}
1791635247.674 {"t":"ns","node":29544,"hash":96177158,"owner":29544,"kind":"sampled","unit":0,"class":4,"bound_ms":5000,"quality":"GOOD","age_ms":345,"ts":190225,"updates":18,"value":-27}
1791635247.674 {"t":"ns","node":29544,"hash":1162973580,"owner":29544,"kind":"sampled","unit":101,"class":4,"bound_ms":30000,"quality":"GOOD","age_ms":359,"ts":190225,"updates":18,"value":203151}
1791635247.674 {"t":"ns","node":29544,"hash":4013525678,"owner":29544,"kind":"sampled","unit":101,"class":4,"bound_ms":30000,"quality":"GOOD","age_ms":372,"ts":190225,"updates":18,"value":131072}
1791635247.674 {"t":"ns","node":29544,"hash":1245650351,"owner":25344,"kind":"sampled","unit":0,"class":3,"bound_ms":500,"quality":"NO_DATA","age_ms":0,"ts":0,"updates":0,"value":null}
1791635247.674 {"t":"ns","node":29544,"hash":2033492666,"owner":29544,"kind":"sampled","unit":0,"class":3,"bound_ms":0,"quality":"NO_DATA","age_ms":0,"ts":0,"updates":0,"value":null}
1791635247.674 {"t":"ns","node":29544,"hash":1303338069,"owner":29544,"kind":"sampled","unit":100,"class":4,"bound_ms":0,"quality":"GOOD","age_ms":422,"ts":190225,"updates":18,"value":171}
1791635247.674 {"t":"ns","node":29544,"hash":288706273,"owner":29544,"kind":"sampled","unit":80,"class":4,"bound_ms":30000,"quality":"GOOD","age_ms":436,"ts":190225,"updates":18,"value":190}
1791635247.674 {"t":"ns","node":29544,"hash":2548334194,"owner":29544,"kind":"sampled","unit":100,"class":4,"bound_ms":5000,"quality":"GOOD","age_ms":449,"ts":190225,"updates":18,"value":2}
1791635257.818 {"t":"clk","node":29544,"up_ms":200687}
1791635257.818 {"t":"hs","up_s":200,"running":1,"sta":1,"has_ip":1,"ch":1,"rssi":-46,"clients":1,"reconnects":0,"int_free":203151,"psram_free":8336684,"boot_pick":1}
1791635257.818 {"t":"led","node":29544,"shows":"green","app":0}
1791635257.818 {"t":"event","at_ms":190428,"node":29544,"kind":"peer_admitted","peer":25344,"slot":0,"a":0,"b":0}
1791635257.818 {"t":"event","at_ms":191389,"node":29544,"kind":"peer_admitted","peer":33120,"slot":1,"a":0,"b":0}
1791635257.818 {"t":"event","at_ms":192428,"node":29544,"kind":"peer_admitted","peer":25344,"slot":0,"a":0,"b":0}
1791635257.818 {"t":"event","at_ms":193389,"node":29544,"kind":"peer_admitted","peer":33120,"slot":1,"a":0,"b":0}
1791635257.818 {"t":"event","at_ms":194428,"node":29544,"kind":"peer_admitted","peer":25344,"slot":0,"a":0,"b":0}
1791635257.818 {"t":"event","at_ms":195389,"node":29544,"kind":"peer_admitted","peer":33120,"slot":1,"a":0,"b":0}
1791635257.818 {"t":"event","at_ms":196428,"node":29544,"kind":"peer_admitted","peer":25344,"slot":0,"a":0,"b":0}
1791635257.818 {"t":"event","at_ms":197389,"node":29544,"kind":"peer_admitted","peer":33120,"slot":1,"a":0,"b":0}
1791635257.818 {"t":"event","at_ms":198441,"node":29544,"kind":"peer_admitted","peer":25344,"slot":0,"a":0,"b":0}
1791635257.818 {"t":"event","at_ms":199389,"node":29544,"kind":"peer_admitted","peer":33120,"slot":1,"a":0,"b":0}
1791635257.818 {"t":"event","at_ms":200439,"node":29544,"kind":"peer_admitted","peer":25344,"slot":0,"a":0,"b":0}
1791635257.818 {"t":"link","up_ms":200795,"node":29544,"peer":25344,"mac":"b8:1f:3f:da:63:00","state":"alive","epoch":243,"espnow_ver":2,"mtu":1446,"misses":0,"rssi":-27,"tx":{"frames":669,"cb_ok":664,"cb_fail":4,"enqueue_err":0,"pdr_ppm":994011},"rx":{"frames":2563,"lost_seqgap":5,"reorder_dup":0,"dropped_bad":0,"hb_lost":56,"bcast_frames":1933,"pdr_ppm":998052},"rtt":{"samples":97,"min_us":5334,"max_us":38138,"timeouts":2,"txq_last_us":2666,"txq_max_us":11750,"remote_turnaround_us":947,"remote_turnaround_max_us":9684,"p50_us":[4000,6000],"p99_us":[30000,42000],"hist":[0,0,0,0,54,14,12,12,1,2,2,0,0,0,0,0]}}
1791635257.818 {"t":"link","up_ms":200846,"node":29544,"peer":33120,"mac":"b8:1f:3f:da:81:60","state":"alive","epoch":290,"espnow_ver":2,"mtu":1446,"misses":0,"rssi":-9,"tx":{"frames":696,"cb_ok":688,"cb_fail":8,"enqueue_err":0,"pdr_ppm":988505},"rx":{"frames":2699,"lost_seqgap":6,"reorder_dup":0,"dropped_bad":0,"hb_lost":35,"bcast_frames":1919,"pdr_ppm":997781},"rtt":{"samples":97,"min_us":5351,"max_us":51379,"timeouts":2,"txq_last_us":9929,"txq_max_us":27351,"remote_turnaround_us":955,"remote_turnaround_max_us":34040,"p50_us":[4000,6000],"p99_us":[42000,60000],"hist":[0,0,0,0,61,14,4,7,3,3,1,4,0,0,0,0]}}
1791635257.818 {"t":"auth","node":29544,"up_ms":200908,"enrolled":1,"required":1,"verified_peers":2,"verified":7,"cache_hits":194,"refused":0,"rate_limited":0,"stale_epoch":0,"verify_us_max":58621,"link_stack_free_b":1516,"crypto_stack_free_b":1228,"tags_ok":1210,"bad_tag":0,"replayed":0,"untagged":0,"bcast_dropped":0,"beacon_epoch_ignored":0,"tag_us_max":1472}
1791635257.818 {"t":"act","node":29544,"setpoint":0,"has_value":0,"writes_served":0}
1791635257.818 {"t":"peers","node":29544,"own_period_ms":100,"own_busy":1,"channel":1,"scanning":0,"scans":0,"hops":0,"found":0,"lost_to_found_ms":0,"moves_followed":0,"moves_refused":0,"sweeps":0,"sweep_found":0,"sweeping":0,"search_visits":0,"relay":1,"fwd_u":0,"fwd_b":3855,"fwd_h":201,"relay_dup":0,"list":[{"id":25344,"state":"alive","via_relay":0,"period_ms":100,"misses":6,"busy":0,"rtt_n":98},{"id":33120,"state":"alive","via_relay":0,"period_ms":100,"misses":6,"busy":0,"rtt_n":97}]}
1791635257.818 {"t":"ss","node":29544,"accepted":0,"unsigned":0,"unknown_sender":0,"bad_signature":0,"replayed":0,"rate_limited":0,"verify_us_max":0,"floors":[]}
1791635257.818 {"t":"rec","node":29544,"up_ms":200998,"settled":1,"sent":799,"received":639,"malformed":0,"views":8,"replies_fenced":0,"actors":[{"key":1245650351,"running":0,"term":0,"owner":25344,"owner_term":7,"assigned":25344,"starts":0,"fenced":0,"released":0}]}
1791635258.164 {"t":"node","up_ms":201012,"node":29544,"epoch":171,"peers_alive":2,"peers_dead":0,"no_radio":0,"free_dram":203151,"largest_block":131072,"rx":{"total":5282,"bad_frame":0,"unknown_peer":16,"wrong_dst":0,"short_payload":0,"unknown_opcode":0,"queue_dropped":8},"tx":{"total":3468,"enqueue_err":0,"done_queue_dropped":0},"membership":{"deaths":4,"revivals":3,"reboots_seen":1,"table_full":0,"events_dropped":0}}
1791635258.164 {"t":"ns","node":29544,"hash":96177158,"owner":29544,"kind":"sampled","unit":0,"class":4,"bound_ms":5000,"quality":"GOOD","age_ms":348,"ts":200702,"updates":19,"value":-27}
1791635258.164 {"t":"ns","node":29544,"hash":1162973580,"owner":29544,"kind":"sampled","unit":101,"class":4,"bound_ms":30000,"quality":"GOOD","age_ms":361,"ts":200702,"updates":19,"value":203151}
1791635258.164 {"t":"ns","node":29544,"hash":4013525678,"owner":29544,"kind":"sampled","unit":101,"class":4,"bound_ms":30000,"quality":"GOOD","age_ms":386,"ts":200702,"updates":19,"value":131072}
1791635258.164 {"t":"ns","node":29544,"hash":1245650351,"owner":25344,"kind":"sampled","unit":0,"class":3,"bound_ms":500,"quality":"NO_DATA","age_ms":0,"ts":0,"updates":0,"value":null}
1791635258.164 {"t":"ns","node":29544,"hash":2033492666,"owner":29544,"kind":"sampled","unit":0,"class":3,"bound_ms":0,"quality":"NO_DATA","age_ms":0,"ts":0,"updates":0,"value":null}
1791635258.164 {"t":"ns","node":29544,"hash":1303338069,"owner":29544,"kind":"sampled","unit":100,"class":4,"bound_ms":0,"quality":"GOOD","age_ms":426,"ts":200702,"updates":19,"value":171}
1791635258.164 {"t":"ns","node":29544,"hash":288706273,"owner":29544,"kind":"sampled","unit":80,"class":4,"bound_ms":30000,"quality":"GOOD","age_ms":439,"ts":200702,"updates":19,"value":200}
1791635258.164 {"t":"ns","node":29544,"hash":2548334194,"owner":29544,"kind":"sampled","unit":100,"class":4,"bound_ms":5000,"quality":"GOOD","age_ms":452,"ts":200702,"updates":19,"value":2}
1791635268.308 {"t":"clk","node":29544,"up_ms":211178}
1791635268.308 {"t":"hs","up_s":211,"running":1,"sta":1,"has_ip":1,"ch":1,"rssi":-45,"clients":1,"reconnects":0,"int_free":203151,"psram_free":8336684,"boot_pick":1}
1791635268.308 {"t":"led","node":29544,"shows":"green","app":0}
1791635268.308 {"t":"event","at_ms":201389,"node":29544,"kind":"peer_admitted","peer":33120,"slot":1,"a":0,"b":0}
1791635268.308 {"t":"event","at_ms":202439,"node":29544,"kind":"peer_admitted","peer":25344,"slot":0,"a":0,"b":0}
1791635268.308 {"t":"event","at_ms":203389,"node":29544,"kind":"peer_admitted","peer":33120,"slot":1,"a":0,"b":0}
1791635268.308 {"t":"event","at_ms":204439,"node":29544,"kind":"peer_admitted","peer":25344,"slot":0,"a":0,"b":0}
1791635268.308 {"t":"event","at_ms":205389,"node":29544,"kind":"peer_admitted","peer":33120,"slot":1,"a":0,"b":0}
1791635268.308 {"t":"event","at_ms":206441,"node":29544,"kind":"peer_admitted","peer":25344,"slot":0,"a":0,"b":0}
1791635268.308 {"t":"event","at_ms":207389,"node":29544,"kind":"peer_admitted","peer":33120,"slot":1,"a":0,"b":0}
1791635268.308 {"t":"event","at_ms":208462,"node":29544,"kind":"peer_admitted","peer":25344,"slot":0,"a":0,"b":0}
1791635268.308 {"t":"event","at_ms":209389,"node":29544,"kind":"peer_admitted","peer":33120,"slot":1,"a":0,"b":0}
1791635268.308 {"t":"event","at_ms":210462,"node":29544,"kind":"peer_admitted","peer":25344,"slot":0,"a":0,"b":0}
1791635268.308 {"t":"link","up_ms":211283,"node":29544,"peer":25344,"mac":"b8:1f:3f:da:63:00","state":"alive","epoch":243,"espnow_ver":2,"mtu":1446,"misses":0,"rssi":-27,"tx":{"frames":704,"cb_ok":700,"cb_fail":4,"enqueue_err":0,"pdr_ppm":994318},"rx":{"frames":2700,"lost_seqgap":5,"reorder_dup":0,"dropped_bad":0,"hb_lost":56,"bcast_frames":2037,"pdr_ppm":998151},"rtt":{"samples":103,"min_us":5334,"max_us":38138,"timeouts":2,"txq_last_us":2703,"txq_max_us":11750,"remote_turnaround_us":971,"remote_turnaround_max_us":9684,"p50_us":[4000,6000],"p99_us":[30000,42000],"hist":[0,0,0,0,56,17,12,13,1,2,2,0,0,0,0,0]}}
1791635268.308 {"t":"link","up_ms":211333,"node":29544,"peer":33120,"mac":"b8:1f:3f:da:81:60","state":"alive","epoch":290,"espnow_ver":2,"mtu":1446,"misses":0,"rssi":-9,"tx":{"frames":732,"cb_ok":724,"cb_fail":8,"enqueue_err":0,"pdr_ppm":989071},"rx":{"frames":2845,"lost_seqgap":6,"reorder_dup":0,"dropped_bad":0,"hb_lost":35,"bcast_frames":2024,"pdr_ppm":997895},"rtt":{"samples":102,"min_us":5351,"max_us":51379,"timeouts":2,"txq_last_us":2673,"txq_max_us":27351,"remote_turnaround_us":953,"remote_turnaround_max_us":34040,"p50_us":[4000,6000],"p99_us":[42000,60000],"hist":[0,0,0,0,65,15,4,7,3,3,1,4,0,0,0,0]}}
1791635268.308 {"t":"auth","node":29544,"up_ms":211385,"enrolled":1,"required":1,"verified_peers":2,"verified":7,"cache_hits":204,"refused":0,"rate_limited":0,"stale_epoch":0,"verify_us_max":58621,"link_stack_free_b":1516,"crypto_stack_free_b":1228,"tags_ok":1273,"bad_tag":0,"replayed":0,"untagged":0,"bcast_dropped":0,"beacon_epoch_ignored":0,"tag_us_max":1472}
1791635268.308 {"t":"act","node":29544,"setpoint":0,"has_value":0,"writes_served":0}
1791635268.308 {"t":"peers","node":29544,"own_period_ms":100,"own_busy":1,"channel":1,"scanning":0,"scans":0,"hops":0,"found":0,"lost_to_found_ms":0,"moves_followed":0,"moves_refused":0,"sweeps":0,"sweep_found":0,"sweeping":0,"search_visits":0,"relay":1,"fwd_u":0,"fwd_b":4062,"fwd_h":212,"relay_dup":0,"list":[{"id":25344,"state":"alive","via_relay":0,"period_ms":100,"misses":6,"busy":0,"rtt_n":103},{"id":33120,"state":"alive","via_relay":0,"period_ms":100,"misses":6,"busy":0,"rtt_n":102}]}
1791635268.308 {"t":"ss","node":29544,"accepted":0,"unsigned":0,"unknown_sender":0,"bad_signature":0,"replayed":0,"rate_limited":0,"verify_us_max":0,"floors":[]}
1791635268.308 {"t":"rec","node":29544,"up_ms":211475,"settled":1,"sent":841,"received":673,"malformed":0,"views":8,"replies_fenced":0,"actors":[{"key":1245650351,"running":0,"term":0,"owner":25344,"owner_term":7,"assigned":25344,"starts":0,"fenced":0,"released":0}]}
1791635268.642 {"t":"node","up_ms":211500,"node":29544,"epoch":171,"peers_alive":2,"peers_dead":0,"no_radio":0,"free_dram":203151,"largest_block":131072,"rx":{"total":5562,"bad_frame":0,"unknown_peer":16,"wrong_dst":0,"short_payload":0,"unknown_opcode":0,"queue_dropped":8},"tx":{"total":3650,"enqueue_err":0,"done_queue_dropped":0},"membership":{"deaths":4,"revivals":3,"reboots_seen":1,"table_full":0,"events_dropped":0}}
1791635268.642 {"t":"ns","node":29544,"hash":96177158,"owner":29544,"kind":"sampled","unit":0,"class":4,"bound_ms":5000,"quality":"GOOD","age_ms":344,"ts":211193,"updates":20,"value":-27}
1791635268.642 {"t":"ns","node":29544,"hash":1162973580,"owner":29544,"kind":"sampled","unit":101,"class":4,"bound_ms":30000,"quality":"GOOD","age_ms":358,"ts":211193,"updates":20,"value":203151}
1791635268.642 {"t":"ns","node":29544,"hash":4013525678,"owner":29544,"kind":"sampled","unit":101,"class":4,"bound_ms":30000,"quality":"GOOD","age_ms":371,"ts":211193,"updates":20,"value":131072}
1791635268.642 {"t":"ns","node":29544,"hash":1245650351,"owner":25344,"kind":"sampled","unit":0,"class":3,"bound_ms":500,"quality":"NO_DATA","age_ms":0,"ts":0,"updates":0,"value":null}
1791635268.642 {"t":"ns","node":29544,"hash":2033492666,"owner":29544,"kind":"sampled","unit":0,"class":3,"bound_ms":0,"quality":"NO_DATA","age_ms":0,"ts":0,"updates":0,"value":null}
1791635268.642 {"t":"ns","node":29544,"hash":1303338069,"owner":29544,"kind":"sampled","unit":100,"class":4,"bound_ms":0,"quality":"GOOD","age_ms":422,"ts":211193,"updates":20,"value":171}
1791635268.642 {"t":"ns","node":29544,"hash":288706273,"owner":29544,"kind":"sampled","unit":80,"class":4,"bound_ms":30000,"quality":"GOOD","age_ms":435,"ts":211193,"updates":20,"value":211}
1791635268.642 {"t":"ns","node":29544,"hash":2548334194,"owner":29544,"kind":"sampled","unit":100,"class":4,"bound_ms":5000,"quality":"GOOD","age_ms":448,"ts":211193,"updates":20,"value":2}
1791635270.675 W (214873) pot.m0: peer 0x6300 declared DEAD after 6 misses (689 ms silent)
1791635273.036 W (217227) pot.m0: peer 0x6300 rebooted, epoch now 244
1791635278.784 {"t":"clk","node":29544,"up_ms":221654}
1791635278.784 {"t":"hs","up_s":221,"running":1,"sta":1,"has_ip":1,"ch":1,"rssi":-46,"clients":1,"reconnects":0,"int_free":203151,"psram_free":8336684,"boot_pick":1}
1791635278.784 {"t":"led","node":29544,"shows":"green","app":0}
1791635278.784 {"t":"event","at_ms":211389,"node":29544,"kind":"peer_admitted","peer":33120,"slot":1,"a":0,"b":0}
1791635278.784 {"t":"event","at_ms":212462,"node":29544,"kind":"peer_admitted","peer":25344,"slot":0,"a":0,"b":0}
1791635278.784 {"t":"event","at_ms":213389,"node":29544,"kind":"peer_admitted","peer":33120,"slot":1,"a":0,"b":0}
1791635278.784 {"t":"event","at_ms":213691,"node":29544,"kind":"peer_dead","peer":25344,"slot":0,"a":6,"b":689}
1791635278.784 {"t":"event","at_ms":213693,"node":29544,"kind":"actor_owner","peer":0,"slot":255,"a":1245650351,"b":0}
1791635278.784 {"t":"event","at_ms":213693,"node":29544,"kind":"actor_started","peer":29544,"slot":255,"a":1245650351,"b":8}
1791635278.784 {"t":"event","at_ms":213693,"node":29544,"kind":"actor_owner","peer":29544,"slot":255,"a":1245650351,"b":8}
1791635278.784 {"t":"event","at_ms":215389,"node":29544,"kind":"peer_admitted","peer":33120,"slot":1,"a":0,"b":0}
1791635278.784 {"t":"event","at_ms":215792,"node":29544,"kind":"probe_timeout","peer":25344,"slot":0,"a":533,"b":0}
1791635278.784 {"t":"event","at_ms":216045,"node":29544,"kind":"peer_rebooted","peer":25344,"slot":0,"a":244,"b":0}
1791635278.784 {"t":"event","at_ms":216047,"node":29544,"kind":"peer_admitted","peer":25344,"slot":0,"a":0,"b":0}
1791635278.784 {"t":"event","at_ms":216049,"node":29544,"kind":"peer_admitted","peer":25344,"slot":0,"a":0,"b":0}
1791635278.784 {"t":"event","at_ms":216079,"node":29544,"kind":"peer_admitted","peer":33120,"slot":1,"a":0,"b":0}
1791635278.784 {"t":"event","at_ms":216143,"node":29544,"kind":"peer_admitted","peer":25344,"slot":0,"a":0,"b":0}
1791635278.784 {"t":"event","at_ms":216230,"node":29544,"kind":"peer_admitted","peer":25344,"slot":0,"a":0,"b":0}
1791635278.784 {"t":"event","at_ms":217389,"node":29544,"kind":"peer_admitted","peer":33120,"slot":1,"a":0,"b":0}
1791635278.784 {"t":"event","at_ms":217994,"node":29544,"kind":"peer_admitted","peer":25344,"slot":0,"a":0,"b":0}
1791635278.784 {"t":"event","at_ms":219389,"node":29544,"kind":"peer_admitted","peer":33120,"slot":1,"a":0,"b":0}
1791635278.784 {"t":"event","at_ms":219994,"node":29544,"kind":"peer_admitted","peer":25344,"slot":0,"a":0,"b":0}
1791635278.784 {"t":"event","at_ms":221390,"node":29544,"kind":"peer_admitted","peer":33120,"slot":1,"a":0,"b":0}
1791635278.784 {"t":"link","up_ms":221849,"node":29544,"peer":25344,"mac":"b8:1f:3f:da:63:00","state":"alive","epoch":244,"espnow_ver":2,"mtu":1446,"misses":0,"rssi":-27,"tx":{"frames":736,"cb_ok":731,"cb_fail":5,"enqueue_err":0,"pdr_ppm":993206},"rx":{"frames":2806,"lost_seqgap":5,"reorder_dup":0,"dropped_bad":0,"hb_lost":56,"bcast_frames":2110,"pdr_ppm":998221},"rtt":{"samples":107,"min_us":5334,"max_us":38138,"timeouts":3,"txq_last_us":2703,"txq_max_us":11750,"remote_turnaround_us":957,"remote_turnaround_max_us":9684,"p50_us":[4000,6000],"p99_us":[30000,42000],"hist":[0,0,0,0,60,17,12,13,1,2,2,0,0,0,0,0]}}
1791635278.784 {"t":"link","up_ms":221900,"node":29544,"peer":33120,"mac":"b8:1f:3f:da:81:60","state":"alive","epoch":290,"espnow_ver":2,"mtu":1446,"misses":0,"rssi":-9,"tx":{"frames":777,"cb_ok":769,"cb_fail":8,"enqueue_err":0,"pdr_ppm":989703},"rx":{"frames":3001,"lost_seqgap":6,"reorder_dup":0,"dropped_bad":0,"hb_lost":35,"bcast_frames":2130,"pdr_ppm":998004},"rtt":{"samples":108,"min_us":5351,"max_us":51379,"timeouts":2,"txq_last_us":2673,"txq_max_us":27351,"remote_turnaround_us":816,"remote_turnaround_max_us":34040,"p50_us":[4000,6000],"p99_us":[42000,60000],"hist":[0,0,0,0,69,17,4,7,3,3,1,4,0,0,0,0]}}
1791635278.784 {"t":"auth","node":29544,"up_ms":221951,"enrolled":1,"required":1,"verified_peers":2,"verified":8,"cache_hits":217,"refused":0,"rate_limited":0,"stale_epoch":0,"verify_us_max":58621,"link_stack_free_b":1516,"crypto_stack_free_b":1228,"tags_ok":1342,"bad_tag":0,"replayed":0,"untagged":0,"bcast_dropped":0,"beacon_epoch_ignored":0,"tag_us_max":1472}
1791635278.784 {"t":"act","node":29544,"setpoint":0,"has_value":0,"writes_served":0}
1791635279.205 {"t":"peers","node":29544,"own_period_ms":100,"own_busy":1,"channel":1,"scanning":0,"scans":0,"hops":0,"found":0,"lost_to_found_ms":0,"moves_followed":0,"moves_refused":0,"sweeps":0,"sweep_found":0,"sweeping":0,"search_visits":0,"relay":1,"fwd_u":0,"fwd_b":4242,"fwd_h":225,"relay_dup":0,"list":[{"id":25344,"state":"alive","via_relay":0,"period_ms":100,"misses":6,"busy":0,"rtt_n":107},{"id":33120,"state":"alive","via_relay":0,"period_ms":100,"misses":6,"busy":0,"rtt_n":108}]}
1791635279.205 {"t":"ss","node":29544,"accepted":0,"unsigned":0,"unknown_sender":0,"bad_signature":0,"replayed":0,"rate_limited":0,"verify_us_max":0,"floors":[]}
1791635279.205 {"t":"rec","node":29544,"up_ms":222041,"settled":1,"sent":887,"received":715,"malformed":0,"views":10,"replies_fenced":0,"actors":[{"key":1245650351,"running":0,"term":0,"owner":25344,"owner_term":9,"assigned":25344,"starts":1,"fenced":0,"released":1}]}
1791635279.205 {"t":"node","up_ms":222066,"node":29544,"epoch":171,"peers_alive":2,"peers_dead":0,"no_radio":0,"free_dram":203151,"largest_block":131072,"rx":{"total":5828,"bad_frame":0,"unknown_peer":16,"wrong_dst":0,"short_payload":0,"unknown_opcode":0,"queue_dropped":8},"tx":{"total":3841,"enqueue_err":0,"done_queue_dropped":0},"membership":{"deaths":5,"revivals":3,"reboots_seen":2,"table_full":0,"events_dropped":0}}
1791635279.205 {"t":"ns","node":29544,"hash":96177158,"owner":29544,"kind":"sampled","unit":0,"class":4,"bound_ms":5000,"quality":"GOOD","age_ms":436,"ts":221669,"updates":21,"value":-27}
1791635279.205 {"t":"ns","node":29544,"hash":1162973580,"owner":29544,"kind":"sampled","unit":101,"class":4,"bound_ms":30000,"quality":"GOOD","age_ms":449,"ts":221669,"updates":21,"value":203151}
1791635279.205 {"t":"ns","node":29544,"hash":4013525678,"owner":29544,"kind":"sampled","unit":101,"class":4,"bound_ms":30000,"quality":"GOOD","age_ms":462,"ts":221669,"updates":21,"value":131072}
1791635279.205 {"t":"ns","node":29544,"hash":1245650351,"owner":25344,"kind":"sampled","unit":0,"class":3,"bound_ms":500,"quality":"NO_DATA","age_ms":0,"ts":0,"updates":0,"value":null}
1791635279.205 {"t":"ns","node":29544,"hash":2033492666,"owner":29544,"kind":"sampled","unit":0,"class":3,"bound_ms":0,"quality":"NO_DATA","age_ms":0,"ts":0,"updates":0,"value":null}
1791635279.205 {"t":"ns","node":29544,"hash":1303338069,"owner":29544,"kind":"sampled","unit":100,"class":4,"bound_ms":0,"quality":"GOOD","age_ms":501,"ts":221669,"updates":21,"value":171}
1791635279.205 {"t":"ns","node":29544,"hash":288706273,"owner":29544,"kind":"sampled","unit":80,"class":4,"bound_ms":30000,"quality":"GOOD","age_ms":526,"ts":221669,"updates":21,"value":221}
1791635279.205 {"t":"ns","node":29544,"hash":2548334194,"owner":29544,"kind":"sampled","unit":100,"class":4,"bound_ms":5000,"quality":"GOOD","age_ms":539,"ts":221669,"updates":21,"value":2}
1791635289.350 {"t":"clk","node":29544,"up_ms":232221}
1791635289.350 {"t":"hs","up_s":232,"running":1,"sta":1,"has_ip":1,"ch":1,"rssi":-45,"clients":1,"reconnects":0,"int_free":203151,"psram_free":8336684,"boot_pick":1}
1791635289.350 {"t":"led","node":29544,"shows":"green","app":0}
1791635289.350 {"t":"event","at_ms":221995,"node":29544,"kind":"peer_admitted","peer":25344,"slot":0,"a":0,"b":0}
1791635289.350 {"t":"event","at_ms":221997,"node":29544,"kind":"actor_stopped","peer":29544,"slot":255,"a":1245650351,"b":2}
1791635289.350 {"t":"event","at_ms":221997,"node":29544,"kind":"actor_owner","peer":0,"slot":255,"a":1245650351,"b":0}
1791635289.350 {"t":"event","at_ms":222010,"node":29544,"kind":"actor_owner","peer":25344,"slot":255,"a":1245650351,"b":9}
1791635289.350 {"t":"event","at_ms":223389,"node":29544,"kind":"peer_admitted","peer":33120,"slot":1,"a":0,"b":0}
1791635289.350 {"t":"event","at_ms":223994,"node":29544,"kind":"peer_admitted","peer":25344,"slot":0,"a":0,"b":0}
1791635289.350 {"t":"event","at_ms":225389,"node":29544,"kind":"peer_admitted","peer":33120,"slot":1,"a":0,"b":0}
1791635289.350 {"t":"event","at_ms":225994,"node":29544,"kind":"peer_admitted","peer":25344,"slot":0,"a":0,"b":0}
1791635289.350 {"t":"event","at_ms":227389,"node":29544,"kind":"peer_admitted","peer":33120,"slot":1,"a":0,"b":0}
1791635289.350 {"t":"event","at_ms":227996,"node":29544,"kind":"peer_admitted","peer":25344,"slot":0,"a":0,"b":0}
1791635289.350 {"t":"event","at_ms":229389,"node":29544,"kind":"peer_admitted","peer":33120,"slot":1,"a":0,"b":0}
1791635289.350 {"t":"event","at_ms":229994,"node":29544,"kind":"peer_admitted","peer":25344,"slot":0,"a":0,"b":0}
1791635289.350 {"t":"event","at_ms":231389,"node":29544,"kind":"peer_admitted","peer":33120,"slot":1,"a":0,"b":0}
1791635289.350 {"t":"event","at_ms":231994,"node":29544,"kind":"peer_admitted","peer":25344,"slot":0,"a":0,"b":0}
1791635289.350 {"t":"link","up_ms":232364,"node":29544,"peer":25344,"mac":"b8:1f:3f:da:63:00","state":"alive","epoch":244,"espnow_ver":2,"mtu":1446,"misses":0,"rssi":-28,"tx":{"frames":772,"cb_ok":767,"cb_fail":5,"enqueue_err":0,"pdr_ppm":993523},"rx":{"frames":2949,"lost_seqgap":5,"reorder_dup":0,"dropped_bad":0,"hb_lost":56,"bcast_frames":2215,"pdr_ppm":998307},"rtt":{"samples":112,"min_us":5334,"max_us":38138,"timeouts":3,"txq_last_us":10516,"txq_max_us":11750,"remote_turnaround_us":965,"remote_turnaround_max_us":9684,"p50_us":[4000,6000],"p99_us":[30000,42000],"hist":[0,0,0,0,64,17,12,14,1,2,2,0,0,0,0,0]}}
1791635289.350 {"t":"link","up_ms":232415,"node":29544,"peer":33120,"mac":"b8:1f:3f:da:81:60","state":"alive","epoch":290,"espnow_ver":2,"mtu":1446,"misses":0,"rssi":-10,"tx":{"frames":815,"cb_ok":807,"cb_fail":8,"enqueue_err":0,"pdr_ppm":990184},"rx":{"frames":3147,"lost_seqgap":6,"reorder_dup":0,"dropped_bad":0,"hb_lost":36,"bcast_frames":2234,"pdr_ppm":998097},"rtt":{"samples":113,"min_us":5351,"max_us":51379,"timeouts":2,"txq_last_us":2673,"txq_max_us":27351,"remote_turnaround_us":968,"remote_turnaround_max_us":34040,"p50_us":[4000,6000],"p99_us":[42000,60000],"hist":[0,0,0,0,73,18,4,7,3,3,1,4,0,0,0,0]}}
1791635289.350 {"t":"auth","node":29544,"up_ms":232466,"enrolled":1,"required":1,"verified_peers":2,"verified":8,"cache_hits":228,"refused":0,"rate_limited":0,"stale_epoch":0,"verify_us_max":58621,"link_stack_free_b":1516,"crypto_stack_free_b":1228,"tags_ok":1411,"bad_tag":0,"replayed":0,"untagged":0,"bcast_dropped":0,"beacon_epoch_ignored":0,"tag_us_max":1472}
1791635289.350 {"t":"act","node":29544,"setpoint":0,"has_value":0,"writes_served":0}
1791635289.350 {"t":"peers","node":29544,"own_period_ms":100,"own_busy":1,"channel":1,"scanning":0,"scans":0,"hops":0,"found":0,"lost_to_found_ms":0,"moves_followed":0,"moves_refused":0,"sweeps":0,"sweep_found":0,"sweeping":0,"search_visits":0,"relay":1,"fwd_u":0,"fwd_b":4451,"fwd_h":236,"relay_dup":0,"list":[{"id":25344,"state":"alive","via_relay":0,"period_ms":100,"misses":6,"busy":0,"rtt_n":112},{"id":33120,"state":"alive","via_relay":0,"period_ms":100,"misses":6,"busy":0,"rtt_n":113}]}
1791635289.350 {"t":"ss","node":29544,"accepted":0,"unsigned":0,"unknown_sender":0,"bad_signature":0,"replayed":0,"rate_limited":0,"verify_us_max":0,"floors":[]}
1791635289.720 {"t":"rec","node":29544,"up_ms":232557,"settled":1,"sent":928,"received":753,"malformed":0,"views":10,"replies_fenced":0,"actors":[{"key":1245650351,"running":0,"term":0,"owner":25344,"owner_term":9,"assigned":25344,"starts":1,"fenced":0,"released":1}]}
1791635289.720 {"t":"node","up_ms":232582,"node":29544,"epoch":171,"peers_alive":2,"peers_dead":0,"no_radio":0,"free_dram":203151,"largest_block":131072,"rx":{"total":6115,"bad_frame":0,"unknown_peer":16,"wrong_dst":0,"short_payload":0,"unknown_opcode":0,"queue_dropped":8},"tx":{"total":4022,"enqueue_err":0,"done_queue_dropped":0},"membership":{"deaths":5,"revivals":3,"reboots_seen":2,"table_full":0,"events_dropped":0}}
1791635289.720 {"t":"ns","node":29544,"hash":96177158,"owner":29544,"kind":"sampled","unit":0,"class":4,"bound_ms":5000,"quality":"GOOD","age_ms":383,"ts":232236,"updates":22,"value":-27}
1791635289.720 {"t":"ns","node":29544,"hash":1162973580,"owner":29544,"kind":"sampled","unit":101,"class":4,"bound_ms":30000,"quality":"GOOD","age_ms":397,"ts":232236,"updates":22,"value":203151}
1791635289.720 {"t":"ns","node":29544,"hash":4013525678,"owner":29544,"kind":"sampled","unit":101,"class":4,"bound_ms":30000,"quality":"GOOD","age_ms":410,"ts":232236,"updates":22,"value":131072}
1791635289.720 {"t":"ns","node":29544,"hash":1245650351,"owner":25344,"kind":"sampled","unit":0,"class":3,"bound_ms":500,"quality":"NO_DATA","age_ms":0,"ts":0,"updates":0,"value":null}
1791635289.720 {"t":"ns","node":29544,"hash":2033492666,"owner":29544,"kind":"sampled","unit":0,"class":3,"bound_ms":0,"quality":"NO_DATA","age_ms":0,"ts":0,"updates":0,"value":null}
1791635289.720 {"t":"ns","node":29544,"hash":1303338069,"owner":29544,"kind":"sampled","unit":100,"class":4,"bound_ms":0,"quality":"GOOD","age_ms":449,"ts":232236,"updates":22,"value":171}
1791635289.720 {"t":"ns","node":29544,"hash":288706273,"owner":29544,"kind":"sampled","unit":80,"class":4,"bound_ms":30000,"quality":"GOOD","age_ms":474,"ts":232236,"updates":22,"value":232}
1791635289.720 {"t":"ns","node":29544,"hash":2548334194,"owner":29544,"kind":"sampled","unit":100,"class":4,"bound_ms":5000,"quality":"GOOD","age_ms":487,"ts":232236,"updates":22,"value":2}
1791635299.868 {"t":"clk","node":29544,"up_ms":242736}
1791635299.868 {"t":"hs","up_s":242,"running":1,"sta":1,"has_ip":1,"ch":1,"rssi":-45,"clients":1,"reconnects":0,"int_free":203151,"psram_free":8336684,"boot_pick":1}
1791635299.868 {"t":"led","node":29544,"shows":"green","app":0}
1791635299.868 {"t":"event","at_ms":233389,"node":29544,"kind":"peer_admitted","peer":33120,"slot":1,"a":0,"b":0}
1791635299.868 {"t":"event","at_ms":233994,"node":29544,"kind":"peer_admitted","peer":25344,"slot":0,"a":0,"b":0}
1791635299.868 {"t":"event","at_ms":235389,"node":29544,"kind":"peer_admitted","peer":33120,"slot":1,"a":0,"b":0}
1791635299.868 {"t":"event","at_ms":235994,"node":29544,"kind":"peer_admitted","peer":25344,"slot":0,"a":0,"b":0}
1791635299.868 {"t":"event","at_ms":237389,"node":29544,"kind":"peer_admitted","peer":33120,"slot":1,"a":0,"b":0}
1791635299.868 {"t":"event","at_ms":237993,"node":29544,"kind":"peer_admitted","peer":25344,"slot":0,"a":0,"b":0}
1791635299.868 {"t":"event","at_ms":239389,"node":29544,"kind":"peer_admitted","peer":33120,"slot":1,"a":0,"b":0}
1791635299.868 {"t":"event","at_ms":240023,"node":29544,"kind":"peer_admitted","peer":25344,"slot":0,"a":0,"b":0}
1791635299.868 {"t":"event","at_ms":241389,"node":29544,"kind":"peer_admitted","peer":33120,"slot":1,"a":0,"b":0}
1791635299.868 {"t":"event","at_ms":241993,"node":29544,"kind":"peer_admitted","peer":25344,"slot":0,"a":0,"b":0}
1791635299.868 {"t":"link","up_ms":242841,"node":29544,"peer":25344,"mac":"b8:1f:3f:da:63:00","state":"alive","epoch":244,"espnow_ver":2,"mtu":1446,"misses":0,"rssi":-27,"tx":{"frames":808,"cb_ok":803,"cb_fail":5,"enqueue_err":0,"pdr_ppm":993811},"rx":{"frames":3093,"lost_seqgap":5,"reorder_dup":0,"dropped_bad":0,"hb_lost":58,"bcast_frames":2318,"pdr_ppm":998386},"rtt":{"samples":118,"min_us":5334,"max_us":38138,"timeouts":3,"txq_last_us":10516,"txq_max_us":11750,"remote_turnaround_us":827,"remote_turnaround_max_us":9684,"p50_us":[4000,6000],"p99_us":[30000,42000],"hist":[0,0,0,0,68,19,12,14,1,2,2,0,0,0,0,0]}}
1791635299.868 {"t":"link","up_ms":242893,"node":29544,"peer":33120,"mac":"b8:1f:3f:da:81:60","state":"alive","epoch":290,"espnow_ver":2,"mtu":1446,"misses":0,"rssi":-9,"tx":{"frames":851,"cb_ok":843,"cb_fail":8,"enqueue_err":0,"pdr_ppm":990599},"rx":{"frames":3293,"lost_seqgap":6,"reorder_dup":0,"dropped_bad":0,"hb_lost":36,"bcast_frames":2339,"pdr_ppm":998181},"rtt":{"samples":118,"min_us":5351,"max_us":51379,"timeouts":2,"txq_last_us":2568,"txq_max_us":27351,"remote_turnaround_us":925,"remote_turnaround_max_us":34040,"p50_us":[4000,6000],"p99_us":[42000,60000],"hist":[0,0,0,0,78,18,4,7,3,3,1,4,0,0,0,0]}}
1791635299.868 {"t":"auth","node":29544,"up_ms":242944,"enrolled":1,"required":1,"verified_peers":2,"verified":8,"cache_hits":238,"refused":0,"rate_limited":0,"stale_epoch":0,"verify_us_max":58621,"link_stack_free_b":1516,"crypto_stack_free_b":1228,"tags_ok":1483,"bad_tag":0,"replayed":0,"untagged":0,"bcast_dropped":0,"beacon_epoch_ignored":0,"tag_us_max":1472}
1791635299.868 {"t":"act","node":29544,"setpoint":0,"has_value":0,"writes_served":0}
1791635299.868 {"t":"peers","node":29544,"own_period_ms":100,"own_busy":1,"channel":1,"scanning":0,"scans":0,"hops":0,"found":0,"lost_to_found_ms":0,"moves_followed":0,"moves_refused":0,"sweeps":0,"sweep_found":0,"sweeping":0,"search_visits":0,"relay":1,"fwd_u":0,"fwd_b":4659,"fwd_h":246,"relay_dup":0,"list":[{"id":25344,"state":"alive","via_relay":0,"period_ms":100,"misses":6,"busy":0,"rtt_n":118},{"id":33120,"state":"alive","via_relay":0,"period_ms":100,"misses":6,"busy":0,"rtt_n":118}]}
1791635299.868 {"t":"ss","node":29544,"accepted":0,"unsigned":0,"unknown_sender":0,"bad_signature":0,"replayed":0,"rate_limited":0,"verify_us_max":0,"floors":[]}
1791635299.868 {"t":"rec","node":29544,"up_ms":243034,"settled":1,"sent":970,"received":795,"malformed":0,"views":10,"replies_fenced":0,"actors":[{"key":1245650351,"running":0,"term":0,"owner":25344,"owner_term":9,"assigned":25344,"starts":1,"fenced":0,"released":1}]}
1791635300.198 {"t":"node","up_ms":243059,"node":29544,"epoch":171,"peers_alive":2,"peers_dead":0,"no_radio":0,"free_dram":203151,"largest_block":131072,"rx":{"total":6404,"bad_frame":0,"unknown_peer":16,"wrong_dst":0,"short_payload":0,"unknown_opcode":0,"queue_dropped":8},"tx":{"total":4203,"enqueue_err":0,"done_queue_dropped":0},"membership":{"deaths":5,"revivals":3,"reboots_seen":2,"table_full":0,"events_dropped":0}}
1791635300.198 {"t":"ns","node":29544,"hash":96177158,"owner":29544,"kind":"sampled","unit":0,"class":4,"bound_ms":5000,"quality":"GOOD","age_ms":346,"ts":242751,"updates":23,"value":-28}
1791635300.198 {"t":"ns","node":29544,"hash":1162973580,"owner":29544,"kind":"sampled","unit":101,"class":4,"bound_ms":30000,"quality":"GOOD","age_ms":359,"ts":242751,"updates":23,"value":203151}
1791635300.198 {"t":"ns","node":29544,"hash":4013525678,"owner":29544,"kind":"sampled","unit":101,"class":4,"bound_ms":30000,"quality":"GOOD","age_ms":372,"ts":242751,"updates":23,"value":131072}
1791635300.198 {"t":"ns","node":29544,"hash":1245650351,"owner":25344,"kind":"sampled","unit":0,"class":3,"bound_ms":500,"quality":"NO_DATA","age_ms":0,"ts":0,"updates":0,"value":null}
1791635300.198 {"t":"ns","node":29544,"hash":2033492666,"owner":29544,"kind":"sampled","unit":0,"class":3,"bound_ms":0,"quality":"NO_DATA","age_ms":0,"ts":0,"updates":0,"value":null}
1791635300.198 {"t":"ns","node":29544,"hash":1303338069,"owner":29544,"kind":"sampled","unit":100,"class":4,"bound_ms":0,"quality":"GOOD","age_ms":423,"ts":242751,"updates":23,"value":171}
1791635300.198 {"t":"ns","node":29544,"hash":288706273,"owner":29544,"kind":"sampled","unit":80,"class":4,"bound_ms":30000,"quality":"GOOD","age_ms":436,"ts":242751,"updates":23,"value":242}
1791635300.198 {"t":"ns","node":29544,"hash":2548334194,"owner":29544,"kind":"sampled","unit":100,"class":4,"bound_ms":5000,"quality":"GOOD","age_ms":450,"ts":242751,"updates":23,"value":2}
1791635310.342 {"t":"clk","node":29544,"up_ms":253213}
1791635310.342 {"t":"hs","up_s":253,"running":1,"sta":1,"has_ip":1,"ch":1,"rssi":-46,"clients":1,"reconnects":0,"int_free":203151,"psram_free":8336684,"boot_pick":1}
1791635310.342 {"t":"led","node":29544,"shows":"green","app":0}
1791635310.342 {"t":"event","at_ms":243389,"node":29544,"kind":"peer_admitted","peer":33120,"slot":1,"a":0,"b":0}
1791635310.342 {"t":"event","at_ms":243993,"node":29544,"kind":"peer_admitted","peer":25344,"slot":0,"a":0,"b":0}
1791635310.342 {"t":"event","at_ms":245389,"node":29544,"kind":"peer_admitted","peer":33120,"slot":1,"a":0,"b":0}
1791635310.342 {"t":"event","at_ms":245993,"node":29544,"kind":"peer_admitted","peer":25344,"slot":0,"a":0,"b":0}
1791635310.342 {"t":"event","at_ms":247389,"node":29544,"kind":"peer_admitted","peer":33120,"slot":1,"a":0,"b":0}
1791635310.342 {"t":"event","at_ms":247993,"node":29544,"kind":"peer_admitted","peer":25344,"slot":0,"a":0,"b":0}
1791635310.342 {"t":"event","at_ms":249389,"node":29544,"kind":"peer_admitted","peer":33120,"slot":1,"a":0,"b":0}
1791635310.342 {"t":"event","at_ms":249993,"node":29544,"kind":"peer_admitted","peer":25344,"slot":0,"a":0,"b":0}
1791635310.342 {"t":"event","at_ms":251389,"node":29544,"kind":"peer_admitted","peer":33120,"slot":1,"a":0,"b":0}
1791635310.342 {"t":"event","at_ms":251994,"node":29544,"kind":"peer_admitted","peer":25344,"slot":0,"a":0,"b":0}
1791635310.342 {"t":"link","up_ms":253319,"node":29544,"peer":25344,"mac":"b8:1f:3f:da:63:00","state":"alive","epoch":244,"espnow_ver":2,"mtu":1446,"misses":0,"rssi":-27,"tx":{"frames":842,"cb_ok":837,"cb_fail":5,"enqueue_err":0,"pdr_ppm":994061},"rx":{"frames":3236,"lost_seqgap":5,"reorder_dup":0,"dropped_bad":0,"hb_lost":58,"bcast_frames":2422,"pdr_ppm":998457},"rtt":{"samples":123,"min_us":5334,"max_us":38138,"timeouts":3,"txq_last_us":10516,"txq_max_us":11750,"remote_turnaround_us":837,"remote_turnaround_max_us":9684,"p50_us":[4000,6000],"p99_us":[30000,42000],"hist":[0,0,0,0,72,20,12,14,1,2,2,0,0,0,0,0]}}
1791635310.342 {"t":"link","up_ms":253370,"node":29544,"peer":33120,"mac":"b8:1f:3f:da:81:60","state":"alive","epoch":290,"espnow_ver":2,"mtu":1446,"misses":0,"rssi":-9,"tx":{"frames":887,"cb_ok":879,"cb_fail":8,"enqueue_err":0,"pdr_ppm":990980},"rx":{"frames":3439,"lost_seqgap":6,"reorder_dup":0,"dropped_bad":0,"hb_lost":36,"bcast_frames":2444,"pdr_ppm":998258},"rtt":{"samples":123,"min_us":5351,"max_us":51379,"timeouts":2,"txq_last_us":2551,"txq_max_us":27351,"remote_turnaround_us":925,"remote_turnaround_max_us":34040,"p50_us":[4000,6000],"p99_us":[42000,60000],"hist":[0,0,0,0,81,19,5,7,3,3,1,4,0,0,0,0]}}
1791635310.342 {"t":"auth","node":29544,"up_ms":253421,"enrolled":1,"required":1,"verified_peers":2,"verified":8,"cache_hits":249,"refused":0,"rate_limited":0,"stale_epoch":0,"verify_us_max":58621,"link_stack_free_b":1516,"crypto_stack_free_b":1228,"tags_ok":1553,"bad_tag":0,"replayed":0,"untagged":0,"bcast_dropped":0,"beacon_epoch_ignored":0,"tag_us_max":1472}
1791635310.342 {"t":"act","node":29544,"setpoint":0,"has_value":0,"writes_served":0}
1791635310.342 {"t":"peers","node":29544,"own_period_ms":100,"own_busy":1,"channel":1,"scanning":0,"scans":0,"hops":0,"found":0,"lost_to_found_ms":0,"moves_followed":0,"moves_refused":0,"sweeps":0,"sweep_found":0,"sweeping":0,"search_visits":0,"relay":1,"fwd_u":0,"fwd_b":4868,"fwd_h":257,"relay_dup":0,"list":[{"id":25344,"state":"alive","via_relay":0,"period_ms":100,"misses":6,"busy":0,"rtt_n":123},{"id":33120,"state":"alive","via_relay":0,"period_ms":100,"misses":6,"busy":0,"rtt_n":123}]}
1791635310.342 {"t":"ss","node":29544,"accepted":0,"unsigned":0,"unknown_sender":0,"bad_signature":0,"replayed":0,"rate_limited":0,"verify_us_max":0,"floors":[]}
1791635310.342 {"t":"rec","node":29544,"up_ms":253510,"settled":1,"sent":1012,"received":836,"malformed":0,"views":10,"replies_fenced":0,"actors":[{"key":1245650351,"running":0,"term":0,"owner":25344,"owner_term":9,"assigned":25344,"starts":1,"fenced":0,"released":1}]}
1791635310.677 {"t":"node","up_ms":253535,"node":29544,"epoch":171,"peers_alive":2,"peers_dead":0,"no_radio":0,"free_dram":203151,"largest_block":131072,"rx":{"total":6695,"bad_frame":0,"unknown_peer":16,"wrong_dst":0,"short_payload":0,"unknown_opcode":0,"queue_dropped":8},"tx":{"total":4384,"enqueue_err":0,"done_queue_dropped":0},"membership":{"deaths":5,"revivals":3,"reboots_seen":2,"table_full":0,"events_dropped":0}}
1791635310.677 {"t":"ns","node":29544,"hash":96177158,"owner":29544,"kind":"sampled","unit":0,"class":4,"bound_ms":5000,"quality":"GOOD","age_ms":344,"ts":253229,"updates":24,"value":-27}
1791635310.677 {"t":"ns","node":29544,"hash":1162973580,"owner":29544,"kind":"sampled","unit":101,"class":4,"bound_ms":30000,"quality":"GOOD","age_ms":358,"ts":253228,"updates":24,"value":202947}
1791635310.677 {"t":"ns","node":29544,"hash":4013525678,"owner":29544,"kind":"sampled","unit":101,"class":4,"bound_ms":30000,"quality":"GOOD","age_ms":371,"ts":253229,"updates":24,"value":126976}
1791635310.677 {"t":"ns","node":29544,"hash":1245650351,"owner":25344,"kind":"sampled","unit":0,"class":3,"bound_ms":500,"quality":"NO_DATA","age_ms":0,"ts":0,"updates":0,"value":null}
1791635310.677 {"t":"ns","node":29544,"hash":2033492666,"owner":29544,"kind":"sampled","unit":0,"class":3,"bound_ms":0,"quality":"NO_DATA","age_ms":0,"ts":0,"updates":0,"value":null}
1791635310.677 {"t":"ns","node":29544,"hash":1303338069,"owner":29544,"kind":"sampled","unit":100,"class":4,"bound_ms":0,"quality":"GOOD","age_ms":421,"ts":253229,"updates":24,"value":171}
1791635310.677 {"t":"ns","node":29544,"hash":288706273,"owner":29544,"kind":"sampled","unit":80,"class":4,"bound_ms":30000,"quality":"GOOD","age_ms":434,"ts":253229,"updates":24,"value":253}
1791635310.677 {"t":"ns","node":29544,"hash":2548334194,"owner":29544,"kind":"sampled","unit":100,"class":4,"bound_ms":5000,"quality":"GOOD","age_ms":447,"ts":253229,"updates":24,"value":2}
1791635320.820 {"t":"clk","node":29544,"up_ms":263689}
1791635320.820 {"t":"hs","up_s":263,"running":1,"sta":1,"has_ip":1,"ch":1,"rssi":-46,"clients":1,"reconnects":0,"int_free":203151,"psram_free":8336684,"boot_pick":1}
1791635320.820 {"t":"led","node":29544,"shows":"green","app":0}
1791635320.820 {"t":"event","at_ms":253391,"node":29544,"kind":"peer_admitted","peer":33120,"slot":1,"a":0,"b":0}
1791635320.820 {"t":"event","at_ms":253993,"node":29544,"kind":"peer_admitted","peer":25344,"slot":0,"a":0,"b":0}
1791635320.820 {"t":"event","at_ms":255389,"node":29544,"kind":"peer_admitted","peer":33120,"slot":1,"a":0,"b":0}
1791635320.820 {"t":"event","at_ms":255993,"node":29544,"kind":"peer_admitted","peer":25344,"slot":0,"a":0,"b":0}
1791635320.820 {"t":"event","at_ms":257389,"node":29544,"kind":"peer_admitted","peer":33120,"slot":1,"a":0,"b":0}
1791635320.820 {"t":"event","at_ms":257994,"node":29544,"kind":"peer_admitted","peer":25344,"slot":0,"a":0,"b":0}
1791635320.820 {"t":"event","at_ms":259389,"node":29544,"kind":"peer_admitted","peer":33120,"slot":1,"a":0,"b":0}
1791635320.820 {"t":"event","at_ms":259993,"node":29544,"kind":"peer_admitted","peer":25344,"slot":0,"a":0,"b":0}
1791635320.820 {"t":"event","at_ms":261389,"node":29544,"kind":"peer_admitted","peer":33120,"slot":1,"a":0,"b":0}
1791635320.820 {"t":"event","at_ms":261993,"node":29544,"kind":"peer_admitted","peer":25344,"slot":0,"a":0,"b":0}
1791635320.820 {"t":"event","at_ms":263389,"node":29544,"kind":"peer_admitted","peer":33120,"slot":1,"a":0,"b":0}
1791635320.820 {"t":"link","up_ms":263796,"node":29544,"peer":25344,"mac":"b8:1f:3f:da:63:00","state":"alive","epoch":244,"espnow_ver":2,"mtu":1446,"misses":0,"rssi":-28,"tx":{"frames":877,"cb_ok":872,"cb_fail":5,"enqueue_err":0,"pdr_ppm":994298},"rx":{"frames":3380,"lost_seqgap":5,"reorder_dup":0,"dropped_bad":0,"hb_lost":58,"bcast_frames":2527,"pdr_ppm":998522},"rtt":{"samples":128,"min_us":5334,"max_us":38138,"timeouts":3,"txq_last_us":10516,"txq_max_us":11750,"remote_turnaround_us":826,"remote_turnaround_max_us":9684,"p50_us":[4000,6000],"p99_us":[30000,42000],"hist":[0,0,0,0,77,20,12,14,1,2,2,0,0,0,0,0]}}
1791635320.820 {"t":"link","up_ms":263858,"node":29544,"peer":33120,"mac":"b8:1f:3f:da:81:60","state":"alive","epoch":290,"espnow_ver":2,"mtu":1446,"misses":0,"rssi":-9,"tx":{"frames":925,"cb_ok":917,"cb_fail":8,"enqueue_err":0,"pdr_ppm":991351},"rx":{"frames":3587,"lost_seqgap":6,"reorder_dup":0,"dropped_bad":0,"hb_lost":36,"bcast_frames":2548,"pdr_ppm":998330},"rtt":{"samples":129,"min_us":5351,"max_us":51379,"timeouts":2,"txq_last_us":2551,"txq_max_us":27351,"remote_turnaround_us":944,"remote_turnaround_max_us":34040,"p50_us":[4000,6000],"p99_us":[42000,60000],"hist":[0,0,0,0,85,21,5,7,3,3,1,4,0,0,0,0]}}
1791635320.820 {"t":"auth","node":29544,"up_ms":263909,"enrolled":1,"required":1,"verified_peers":2,"verified":8,"cache_hits":259,"refused":0,"rate_limited":0,"stale_epoch":0,"verify_us_max":58621,"link_stack_free_b":1516,"crypto_stack_free_b":1228,"tags_ok":1627,"bad_tag":0,"replayed":0,"untagged":0,"bcast_dropped":0,"beacon_epoch_ignored":0,"tag_us_max":1472}
1791635320.820 {"t":"act","node":29544,"setpoint":0,"has_value":0,"writes_served":0}
1791635320.820 {"t":"peers","node":29544,"own_period_ms":100,"own_busy":1,"channel":1,"scanning":0,"scans":0,"hops":0,"found":0,"lost_to_found_ms":0,"moves_followed":0,"moves_refused":0,"sweeps":0,"sweep_found":0,"sweeping":0,"search_visits":0,"relay":1,"fwd_u":0,"fwd_b":5078,"fwd_h":267,"relay_dup":0,"list":[{"id":25344,"state":"alive","via_relay":0,"period_ms":100,"misses":6,"busy":0,"rtt_n":128},{"id":33120,"state":"alive","via_relay":0,"period_ms":100,"misses":6,"busy":0,"rtt_n":129}]}
1791635320.820 {"t":"ss","node":29544,"accepted":0,"unsigned":0,"unknown_sender":0,"bad_signature":0,"replayed":0,"rate_limited":0,"verify_us_max":0,"floors":[]}
1791635320.820 {"t":"rec","node":29544,"up_ms":263999,"settled":1,"sent":1054,"received":878,"malformed":0,"views":10,"replies_fenced":0,"actors":[{"key":1245650351,"running":0,"term":0,"owner":25344,"owner_term":9,"assigned":25344,"starts":1,"fenced":0,"released":1}]}
1791635321.157 {"t":"node","up_ms":264024,"node":29544,"epoch":171,"peers_alive":2,"peers_dead":0,"no_radio":0,"free_dram":203151,"largest_block":131072,"rx":{"total":6988,"bad_frame":0,"unknown_peer":16,"wrong_dst":0,"short_payload":0,"unknown_opcode":0,"queue_dropped":8},"tx":{"total":4568,"enqueue_err":0,"done_queue_dropped":0},"membership":{"deaths":5,"revivals":3,"reboots_seen":2,"table_full":0,"events_dropped":0}}
1791635321.157 {"t":"ns","node":29544,"hash":96177158,"owner":29544,"kind":"sampled","unit":0,"class":4,"bound_ms":5000,"quality":"GOOD","age_ms":346,"ts":263704,"updates":25,"value":-27}
1791635321.157 {"t":"ns","node":29544,"hash":1162973580,"owner":29544,"kind":"sampled","unit":101,"class":4,"bound_ms":30000,"quality":"GOOD","age_ms":371,"ts":263704,"updates":25,"value":203151}
1791635321.157 {"t":"ns","node":29544,"hash":4013525678,"owner":29544,"kind":"sampled","unit":101,"class":4,"bound_ms":30000,"quality":"GOOD","age_ms":384,"ts":263704,"updates":25,"value":131072}
1791635321.157 {"t":"ns","node":29544,"hash":1245650351,"owner":25344,"kind":"sampled","unit":0,"class":3,"bound_ms":500,"quality":"NO_DATA","age_ms":0,"ts":0,"updates":0,"value":null}
1791635321.157 {"t":"ns","node":29544,"hash":2033492666,"owner":29544,"kind":"sampled","unit":0,"class":3,"bound_ms":0,"quality":"NO_DATA","age_ms":0,"ts":0,"updates":0,"value":null}
1791635321.157 {"t":"ns","node":29544,"hash":1303338069,"owner":29544,"kind":"sampled","unit":100,"class":4,"bound_ms":0,"quality":"GOOD","age_ms":424,"ts":263704,"updates":25,"value":171}
1791635321.157 {"t":"ns","node":29544,"hash":288706273,"owner":29544,"kind":"sampled","unit":80,"class":4,"bound_ms":30000,"quality":"GOOD","age_ms":438,"ts":263704,"updates":25,"value":263}
1791635321.157 {"t":"ns","node":29544,"hash":2548334194,"owner":29544,"kind":"sampled","unit":100,"class":4,"bound_ms":5000,"quality":"GOOD","age_ms":462,"ts":263704,"updates":25,"value":2}
1791635331.314 {"t":"clk","node":29544,"up_ms":274179}
1791635331.314 {"t":"hs","up_s":274,"running":1,"sta":1,"has_ip":1,"ch":1,"rssi":-45,"clients":1,"reconnects":0,"int_free":203151,"psram_free":8336684,"boot_pick":1}
1791635331.314 {"t":"led","node":29544,"shows":"green","app":0}
1791635331.314 {"t":"event","at_ms":263994,"node":29544,"kind":"peer_admitted","peer":25344,"slot":0,"a":0,"b":0}
1791635331.314 {"t":"event","at_ms":265389,"node":29544,"kind":"peer_admitted","peer":33120,"slot":1,"a":0,"b":0}
1791635331.314 {"t":"event","at_ms":265993,"node":29544,"kind":"peer_admitted","peer":25344,"slot":0,"a":0,"b":0}
1791635331.314 {"t":"event","at_ms":267389,"node":29544,"kind":"peer_admitted","peer":33120,"slot":1,"a":0,"b":0}
1791635331.314 {"t":"event","at_ms":267993,"node":29544,"kind":"peer_admitted","peer":25344,"slot":0,"a":0,"b":0}
1791635331.314 {"t":"event","at_ms":269389,"node":29544,"kind":"peer_admitted","peer":33120,"slot":1,"a":0,"b":0}
1791635331.314 {"t":"event","at_ms":269993,"node":29544,"kind":"peer_admitted","peer":25344,"slot":0,"a":0,"b":0}
1791635331.314 {"t":"event","at_ms":271389,"node":29544,"kind":"peer_admitted","peer":33120,"slot":1,"a":0,"b":0}
1791635331.314 {"t":"event","at_ms":271993,"node":29544,"kind":"peer_admitted","peer":25344,"slot":0,"a":0,"b":0}
1791635331.314 {"t":"event","at_ms":273389,"node":29544,"kind":"peer_admitted","peer":33120,"slot":1,"a":0,"b":0}
1791635331.314 {"t":"event","at_ms":273993,"node":29544,"kind":"peer_admitted","peer":25344,"slot":0,"a":0,"b":0}
1791635331.314 {"t":"link","up_ms":274297,"node":29544,"peer":25344,"mac":"b8:1f:3f:da:63:00","state":"alive","epoch":244,"espnow_ver":2,"mtu":1446,"misses":0,"rssi":-27,"tx":{"frames":912,"cb_ok":907,"cb_fail":5,"enqueue_err":0,"pdr_ppm":994517},"rx":{"frames":3526,"lost_seqgap":5,"reorder_dup":0,"dropped_bad":0,"hb_lost":58,"bcast_frames":2632,"pdr_ppm":998583},"rtt":{"samples":133,"min_us":5334,"max_us":38138,"timeouts":3,"txq_last_us":10516,"txq_max_us":11750,"remote_turnaround_us":810,"remote_turnaround_max_us":9684,"p50_us":[4000,6000],"p99_us":[30000,42000],"hist":[0,0,0,0,80,22,12,14,1,2,2,0,0,0,0,0]}}
1791635331.314 {"t":"link","up_ms":274348,"node":29544,"peer":33120,"mac":"b8:1f:3f:da:81:60","state":"alive","epoch":290,"espnow_ver":2,"mtu":1446,"misses":0,"rssi":-9,"tx":{"frames":962,"cb_ok":954,"cb_fail":8,"enqueue_err":0,"pdr_ppm":991683},"rx":{"frames":3734,"lost_seqgap":6,"reorder_dup":0,"dropped_bad":0,"hb_lost":36,"bcast_frames":2653,"pdr_ppm":998395},"rtt":{"samples":134,"min_us":5351,"max_us":51379,"timeouts":2,"txq_last_us":2551,"txq_max_us":27351,"remote_turnaround_us":939,"remote_turnaround_max_us":34040,"p50_us":[4000,6000],"p99_us":[42000,60000],"hist":[0,0,0,0,90,21,5,7,3,3,1,4,0,0,0,0]}}
1791635331.314 {"t":"auth","node":29544,"up_ms":274400,"enrolled":1,"required":1,"verified_peers":2,"verified":8,"cache_hits":270,"refused":0,"rate_limited":0,"stale_epoch":0,"verify_us_max":58621,"link_stack_free_b":1516,"crypto_stack_free_b":1228,"tags_ok":1698,"bad_tag":0,"replayed":0,"untagged":0,"bcast_dropped":0,"beacon_epoch_ignored":0,"tag_us_max":1472}
1791635331.314 {"t":"act","node":29544,"setpoint":0,"has_value":0,"writes_served":0}
1791635331.314 {"t":"peers","node":29544,"own_period_ms":100,"own_busy":1,"channel":1,"scanning":0,"scans":0,"hops":0,"found":0,"lost_to_found_ms":0,"moves_followed":0,"moves_refused":0,"sweeps":0,"sweep_found":0,"sweeping":0,"search_visits":0,"relay":1,"fwd_u":0,"fwd_b":5288,"fwd_h":278,"relay_dup":0,"list":[{"id":25344,"state":"alive","via_relay":0,"period_ms":100,"misses":6,"busy":0,"rtt_n":133},{"id":33120,"state":"alive","via_relay":0,"period_ms":100,"misses":6,"busy":0,"rtt_n":134}]}
1791635331.314 {"t":"ss","node":29544,"accepted":0,"unsigned":0,"unknown_sender":0,"bad_signature":0,"replayed":0,"rate_limited":0,"verify_us_max":0,"floors":[]}
1791635331.314 {"t":"rec","node":29544,"up_ms":274489,"settled":1,"sent":1096,"received":920,"malformed":0,"views":10,"replies_fenced":0,"actors":[{"key":1245650351,"running":0,"term":0,"owner":25344,"owner_term":9,"assigned":25344,"starts":1,"fenced":0,"released":1}]}
1791635331.661 {"t":"node","up_ms":274514,"node":29544,"epoch":171,"peers_alive":2,"peers_dead":0,"no_radio":0,"free_dram":203151,"largest_block":131072,"rx":{"total":7279,"bad_frame":0,"unknown_peer":16,"wrong_dst":0,"short_payload":0,"unknown_opcode":0,"queue_dropped":8},"tx":{"total":4749,"enqueue_err":0,"done_queue_dropped":0},"membership":{"deaths":5,"revivals":3,"reboots_seen":2,"table_full":0,"events_dropped":0}}
1791635331.661 {"t":"ns","node":29544,"hash":96177158,"owner":29544,"kind":"sampled","unit":0,"class":4,"bound_ms":5000,"quality":"GOOD","age_ms":347,"ts":274194,"updates":26,"value":-27}
1791635331.661 {"t":"ns","node":29544,"hash":1162973580,"owner":29544,"kind":"sampled","unit":101,"class":4,"bound_ms":30000,"quality":"GOOD","age_ms":372,"ts":274194,"updates":26,"value":203151}
1791635331.661 {"t":"ns","node":29544,"hash":4013525678,"owner":29544,"kind":"sampled","unit":101,"class":4,"bound_ms":30000,"quality":"GOOD","age_ms":385,"ts":274194,"updates":26,"value":131072}
1791635331.661 {"t":"ns","node":29544,"hash":1245650351,"owner":25344,"kind":"sampled","unit":0,"class":3,"bound_ms":500,"quality":"NO_DATA","age_ms":0,"ts":0,"updates":0,"value":null}
1791635331.661 {"t":"ns","node":29544,"hash":2033492666,"owner":29544,"kind":"sampled","unit":0,"class":3,"bound_ms":0,"quality":"NO_DATA","age_ms":0,"ts":0,"updates":0,"value":null}
1791635331.661 {"t":"ns","node":29544,"hash":1303338069,"owner":29544,"kind":"sampled","unit":100,"class":4,"bound_ms":0,"quality":"GOOD","age_ms":425,"ts":274194,"updates":26,"value":171}
1791635331.661 {"t":"ns","node":29544,"hash":288706273,"owner":29544,"kind":"sampled","unit":80,"class":4,"bound_ms":30000,"quality":"GOOD","age_ms":438,"ts":274194,"updates":26,"value":274}
1791635331.661 {"t":"ns","node":29544,"hash":2548334194,"owner":29544,"kind":"sampled","unit":100,"class":4,"bound_ms":5000,"quality":"GOOD","age_ms":462,"ts":274194,"updates":26,"value":2}
1791635341.797 {"t":"clk","node":29544,"up_ms":284669}
1791635341.797 {"t":"hs","up_s":284,"running":1,"sta":1,"has_ip":1,"ch":1,"rssi":-46,"clients":1,"reconnects":0,"int_free":203151,"psram_free":8336684,"boot_pick":1}
1791635341.797 {"t":"led","node":29544,"shows":"green","app":0}
1791635341.797 {"t":"event","at_ms":275389,"node":29544,"kind":"peer_admitted","peer":33120,"slot":1,"a":0,"b":0}
1791635341.797 {"t":"event","at_ms":275993,"node":29544,"kind":"peer_admitted","peer":25344,"slot":0,"a":0,"b":0}
1791635341.797 {"t":"event","at_ms":277389,"node":29544,"kind":"peer_admitted","peer":33120,"slot":1,"a":0,"b":0}
1791635341.797 {"t":"event","at_ms":277993,"node":29544,"kind":"peer_admitted","peer":25344,"slot":0,"a":0,"b":0}
1791635341.797 {"t":"event","at_ms":279389,"node":29544,"kind":"peer_admitted","peer":33120,"slot":1,"a":0,"b":0}
1791635341.797 {"t":"event","at_ms":279993,"node":29544,"kind":"peer_admitted","peer":25344,"slot":0,"a":0,"b":0}
1791635341.797 {"t":"event","at_ms":281389,"node":29544,"kind":"peer_admitted","peer":33120,"slot":1,"a":0,"b":0}
1791635341.797 {"t":"event","at_ms":281993,"node":29544,"kind":"peer_admitted","peer":25344,"slot":0,"a":0,"b":0}
1791635341.797 {"t":"event","at_ms":283389,"node":29544,"kind":"peer_admitted","peer":33120,"slot":1,"a":0,"b":0}
1791635341.797 {"t":"event","at_ms":283993,"node":29544,"kind":"peer_admitted","peer":25344,"slot":0,"a":0,"b":0}
1791635341.797 {"t":"link","up_ms":284774,"node":29544,"peer":25344,"mac":"b8:1f:3f:da:63:00","state":"alive","epoch":244,"espnow_ver":2,"mtu":1446,"misses":0,"rssi":-27,"tx":{"frames":947,"cb_ok":942,"cb_fail":5,"enqueue_err":0,"pdr_ppm":994720},"rx":{"frames":3671,"lost_seqgap":5,"reorder_dup":0,"dropped_bad":0,"hb_lost":58,"bcast_frames":2737,"pdr_ppm":998639},"rtt":{"samples":138,"min_us":5334,"max_us":38138,"timeouts":3,"txq_last_us":10516,"txq_max_us":11750,"remote_turnaround_us":871,"remote_turnaround_max_us":9684,"p50_us":[4000,6000],"p99_us":[30000,42000],"hist":[0,0,0,0,85,22,12,14,1,2,2,0,0,0,0,0]}}
1791635341.797 {"t":"link","up_ms":284825,"node":29544,"peer":33120,"mac":"b8:1f:3f:da:81:60","state":"alive","epoch":290,"espnow_ver":2,"mtu":1446,"misses":0,"rssi":-10,"tx":{"frames":998,"cb_ok":989,"cb_fail":8,"enqueue_err":0,"pdr_ppm":991975},"rx":{"frames":3879,"lost_seqgap":6,"reorder_dup":0,"dropped_bad":0,"hb_lost":37,"bcast_frames":2757,"pdr_ppm":998455},"rtt":{"samples":139,"min_us":5351,"max_us":51379,"timeouts":2,"txq_last_us":2551,"txq_max_us":27351,"remote_turnaround_us":929,"remote_turnaround_max_us":34040,"p50_us":[4000,6000],"p99_us":[42000,60000],"hist":[0,0,0,0,94,22,5,7,3,3,1,4,0,0,0,0]}}
1791635341.797 {"t":"auth","node":29544,"up_ms":284876,"enrolled":1,"required":1,"verified_peers":2,"verified":8,"cache_hits":280,"refused":0,"rate_limited":0,"stale_epoch":0,"verify_us_max":58621,"link_stack_free_b":1516,"crypto_stack_free_b":1228,"tags_ok":1770,"bad_tag":0,"replayed":0,"untagged":0,"bcast_dropped":0,"beacon_epoch_ignored":0,"tag_us_max":1472}
1791635341.797 {"t":"act","node":29544,"setpoint":0,"has_value":0,"writes_served":0}
1791635341.797 {"t":"peers","node":29544,"own_period_ms":100,"own_busy":1,"channel":1,"scanning":0,"scans":0,"hops":0,"found":0,"lost_to_found_ms":0,"moves_followed":0,"moves_refused":0,"sweeps":0,"sweep_found":0,"sweeping":0,"search_visits":0,"relay":1,"fwd_u":0,"fwd_b":5496,"fwd_h":288,"relay_dup":0,"list":[{"id":25344,"state":"alive","via_relay":0,"period_ms":100,"misses":6,"busy":0,"rtt_n":139},{"id":33120,"state":"alive","via_relay":0,"period_ms":100,"misses":6,"busy":0,"rtt_n":139}]}
1791635341.797 {"t":"ss","node":29544,"accepted":0,"unsigned":0,"unknown_sender":0,"bad_signature":0,"replayed":0,"rate_limited":0,"verify_us_max":0,"floors":[]}
1791635341.797 {"t":"rec","node":29544,"up_ms":284966,"settled":1,"sent":1138,"received":962,"malformed":0,"views":10,"replies_fenced":0,"actors":[{"key":1245650351,"running":0,"term":0,"owner":25344,"owner_term":9,"assigned":25344,"starts":1,"fenced":0,"released":1}]}
1791635342.125 {"t":"node","up_ms":284991,"node":29544,"epoch":171,"peers_alive":2,"peers_dead":0,"no_radio":0,"free_dram":203151,"largest_block":131072,"rx":{"total":7570,"bad_frame":0,"unknown_peer":16,"wrong_dst":0,"short_payload":0,"unknown_opcode":0,"queue_dropped":8},"tx":{"total":4930,"enqueue_err":0,"done_queue_dropped":0},"membership":{"deaths":5,"revivals":3,"reboots_seen":2,"table_full":0,"events_dropped":0}}
1791635342.126 {"t":"ns","node":29544,"hash":96177158,"owner":29544,"kind":"sampled","unit":0,"class":4,"bound_ms":5000,"quality":"GOOD","age_ms":345,"ts":284684,"updates":27,"value":-27}
1791635342.126 {"t":"ns","node":29544,"hash":1162973580,"owner":29544,"kind":"sampled","unit":101,"class":4,"bound_ms":30000,"quality":"GOOD","age_ms":358,"ts":284684,"updates":27,"value":203151}
1791635342.126 {"t":"ns","node":29544,"hash":4013525678,"owner":29544,"kind":"sampled","unit":101,"class":4,"bound_ms":30000,"quality":"GOOD","age_ms":372,"ts":284684,"updates":27,"value":131072}
1791635342.126 {"t":"ns","node":29544,"hash":1245650351,"owner":25344,"kind":"sampled","unit":0,"class":3,"bound_ms":500,"quality":"NO_DATA","age_ms":0,"ts":0,"updates":0,"value":null}
1791635342.126 {"t":"ns","node":29544,"hash":2033492666,"owner":29544,"kind":"sampled","unit":0,"class":3,"bound_ms":0,"quality":"NO_DATA","age_ms":0,"ts":0,"updates":0,"value":null}
1791635342.126 {"t":"ns","node":29544,"hash":1303338069,"owner":29544,"kind":"sampled","unit":100,"class":4,"bound_ms":0,"quality":"GOOD","age_ms":423,"ts":284684,"updates":27,"value":171}
1791635342.126 {"t":"ns","node":29544,"hash":288706273,"owner":29544,"kind":"sampled","unit":80,"class":4,"bound_ms":30000,"quality":"GOOD","age_ms":436,"ts":284684,"updates":27,"value":284}
1791635342.126 {"t":"ns","node":29544,"hash":2548334194,"owner":29544,"kind":"sampled","unit":100,"class":4,"bound_ms":5000,"quality":"GOOD","age_ms":449,"ts":284684,"updates":27,"value":2}
1791635352.275 {"t":"clk","node":29544,"up_ms":295146}
1791635352.275 {"t":"hs","up_s":295,"running":1,"sta":1,"has_ip":1,"ch":1,"rssi":-46,"clients":1,"reconnects":0,"int_free":203151,"psram_free":8336684,"boot_pick":1}
1791635352.275 {"t":"led","node":29544,"shows":"green","app":0}
1791635352.275 {"t":"event","at_ms":285389,"node":29544,"kind":"peer_admitted","peer":33120,"slot":1,"a":0,"b":0}
1791635352.275 {"t":"event","at_ms":285995,"node":29544,"kind":"peer_admitted","peer":25344,"slot":0,"a":0,"b":0}
1791635352.275 {"t":"event","at_ms":287389,"node":29544,"kind":"peer_admitted","peer":33120,"slot":1,"a":0,"b":0}
1791635352.275 {"t":"event","at_ms":287994,"node":29544,"kind":"peer_admitted","peer":25344,"slot":0,"a":0,"b":0}
1791635352.275 {"t":"event","at_ms":289389,"node":29544,"kind":"peer_admitted","peer":33120,"slot":1,"a":0,"b":0}
1791635352.275 {"t":"event","at_ms":289993,"node":29544,"kind":"peer_admitted","peer":25344,"slot":0,"a":0,"b":0}
1791635352.275 {"t":"event","at_ms":291389,"node":29544,"kind":"peer_admitted","peer":33120,"slot":1,"a":0,"b":0}
1791635352.275 {"t":"event","at_ms":291993,"node":29544,"kind":"peer_admitted","peer":25344,"slot":0,"a":0,"b":0}
1791635352.275 {"t":"event","at_ms":293389,"node":29544,"kind":"peer_admitted","peer":33120,"slot":1,"a":0,"b":0}
1791635352.275 {"t":"event","at_ms":293994,"node":29544,"kind":"peer_admitted","peer":25344,"slot":0,"a":0,"b":0}
1791635352.275 {"t":"link","up_ms":295250,"node":29544,"peer":25344,"mac":"b8:1f:3f:da:63:00","state":"alive","epoch":244,"espnow_ver":2,"mtu":1446,"misses":0,"rssi":-27,"tx":{"frames":982,"cb_ok":977,"cb_fail":5,"enqueue_err":0,"pdr_ppm":994908},"rx":{"frames":3816,"lost_seqgap":5,"reorder_dup":0,"dropped_bad":0,"hb_lost":58,"bcast_frames":2842,"pdr_ppm":998691},"rtt":{"samples":144,"min_us":5334,"max_us":38138,"timeouts":3,"txq_last_us":10516,"txq_max_us":11750,"remote_turnaround_us":878,"remote_turnaround_max_us":9684,"p50_us":[4000,6000],"p99_us":[30000,42000],"hist":[0,0,0,0,90,22,12,14,1,2,3,0,0,0,0,0]}}
1791635352.275 {"t":"link","up_ms":295302,"node":29544,"peer":33120,"mac":"b8:1f:3f:da:81:60","state":"alive","epoch":290,"espnow_ver":2,"mtu":1446,"misses":0,"rssi":-9,"tx":{"frames":1033,"cb_ok":1025,"cb_fail":8,"enqueue_err":0,"pdr_ppm":992255},"rx":{"frames":4025,"lost_seqgap":6,"reorder_dup":0,"dropped_bad":0,"hb_lost":37,"bcast_frames":2862,"pdr_ppm":998511},"rtt":{"samples":144,"min_us":5351,"max_us":51379,"timeouts":2,"txq_last_us":2551,"txq_max_us":27351,"remote_turnaround_us":922,"remote_turnaround_max_us":34040,"p50_us":[4000,6000],"p99_us":[42000,60000],"hist":[0,0,0,0,97,24,5,7,3,3,1,4,0,0,0,0]}}
1791635352.275 {"t":"auth","node":29544,"up_ms":295353,"enrolled":1,"required":1,"verified_peers":2,"verified":8,"cache_hits":290,"refused":0,"rate_limited":0,"stale_epoch":0,"verify_us_max":58621,"link_stack_free_b":1516,"crypto_stack_free_b":1228,"tags_ok":1840,"bad_tag":0,"replayed":0,"untagged":0,"bcast_dropped":0,"beacon_epoch_ignored":0,"tag_us_max":1472}
1791635352.275 {"t":"act","node":29544,"setpoint":0,"has_value":0,"writes_served":0}
1791635352.275 {"t":"peers","node":29544,"own_period_ms":100,"own_busy":1,"channel":1,"scanning":0,"scans":0,"hops":0,"found":0,"lost_to_found_ms":0,"moves_followed":0,"moves_refused":0,"sweeps":0,"sweep_found":0,"sweeping":0,"search_visits":0,"relay":1,"fwd_u":0,"fwd_b":5706,"fwd_h":299,"relay_dup":0,"list":[{"id":25344,"state":"alive","via_relay":0,"period_ms":100,"misses":6,"busy":0,"rtt_n":144},{"id":33120,"state":"alive","via_relay":0,"period_ms":100,"misses":6,"busy":0,"rtt_n":144}]}
1791635352.275 {"t":"ss","node":29544,"accepted":0,"unsigned":0,"unknown_sender":0,"bad_signature":0,"replayed":0,"rate_limited":0,"verify_us_max":0,"floors":[]}
1791635352.275 {"t":"rec","node":29544,"up_ms":295443,"settled":1,"sent":1180,"received":1004,"malformed":0,"views":10,"replies_fenced":0,"actors":[{"key":1245650351,"running":0,"term":0,"owner":25344,"owner_term":9,"assigned":25344,"starts":1,"fenced":0,"released":1}]}
1791635352.606 {"t":"node","up_ms":295468,"node":29544,"epoch":171,"peers_alive":2,"peers_dead":0,"no_radio":0,"free_dram":202947,"largest_block":126976,"rx":{"total":7861,"bad_frame":0,"unknown_peer":16,"wrong_dst":0,"short_payload":0,"unknown_opcode":0,"queue_dropped":8},"tx":{"total":5111,"enqueue_err":0,"done_queue_dropped":0},"membership":{"deaths":5,"revivals":3,"reboots_seen":2,"table_full":0,"events_dropped":0}}
1791635352.606 {"t":"ns","node":29544,"hash":96177158,"owner":29544,"kind":"sampled","unit":0,"class":4,"bound_ms":5000,"quality":"GOOD","age_ms":345,"ts":295161,"updates":28,"value":-27}
1791635352.606 {"t":"ns","node":29544,"hash":1162973580,"owner":29544,"kind":"sampled","unit":101,"class":4,"bound_ms":30000,"quality":"GOOD","age_ms":358,"ts":295161,"updates":28,"value":203151}
1791635352.606 {"t":"ns","node":29544,"hash":4013525678,"owner":29544,"kind":"sampled","unit":101,"class":4,"bound_ms":30000,"quality":"GOOD","age_ms":372,"ts":295161,"updates":28,"value":131072}
1791635352.606 {"t":"ns","node":29544,"hash":1245650351,"owner":25344,"kind":"sampled","unit":0,"class":3,"bound_ms":500,"quality":"NO_DATA","age_ms":0,"ts":0,"updates":0,"value":null}
1791635352.606 {"t":"ns","node":29544,"hash":2033492666,"owner":29544,"kind":"sampled","unit":0,"class":3,"bound_ms":0,"quality":"NO_DATA","age_ms":0,"ts":0,"updates":0,"value":null}
1791635352.606 {"t":"ns","node":29544,"hash":1303338069,"owner":29544,"kind":"sampled","unit":100,"class":4,"bound_ms":0,"quality":"GOOD","age_ms":422,"ts":295161,"updates":28,"value":171}
1791635352.606 {"t":"ns","node":29544,"hash":288706273,"owner":29544,"kind":"sampled","unit":80,"class":4,"bound_ms":30000,"quality":"GOOD","age_ms":435,"ts":295161,"updates":28,"value":295}
1791635352.606 {"t":"ns","node":29544,"hash":2548334194,"owner":29544,"kind":"sampled","unit":100,"class":4,"bound_ms":5000,"quality":"GOOD","age_ms":449,"ts":295161,"updates":28,"value":2}
1791635362.749 {"t":"clk","node":29544,"up_ms":305622}
1791635362.749 {"t":"hs","up_s":305,"running":1,"sta":1,"has_ip":1,"ch":1,"rssi":-46,"clients":1,"reconnects":0,"int_free":203151,"psram_free":8336684,"boot_pick":1}
1791635362.749 {"t":"led","node":29544,"shows":"green","app":0}
1791635362.749 {"t":"event","at_ms":295389,"node":29544,"kind":"peer_admitted","peer":33120,"slot":1,"a":0,"b":0}
1791635362.749 {"t":"event","at_ms":295993,"node":29544,"kind":"peer_admitted","peer":25344,"slot":0,"a":0,"b":0}
1791635362.749 {"t":"event","at_ms":297389,"node":29544,"kind":"peer_admitted","peer":33120,"slot":1,"a":0,"b":0}
1791635362.749 {"t":"event","at_ms":297993,"node":29544,"kind":"peer_admitted","peer":25344,"slot":0,"a":0,"b":0}
1791635362.749 {"t":"event","at_ms":299389,"node":29544,"kind":"peer_admitted","peer":33120,"slot":1,"a":0,"b":0}
1791635362.749 {"t":"event","at_ms":300031,"node":29544,"kind":"peer_admitted","peer":25344,"slot":0,"a":0,"b":0}
1791635362.749 {"t":"event","at_ms":301389,"node":29544,"kind":"peer_admitted","peer":33120,"slot":1,"a":0,"b":0}
1791635362.749 {"t":"event","at_ms":301993,"node":29544,"kind":"peer_admitted","peer":25344,"slot":0,"a":0,"b":0}
1791635362.749 {"t":"event","at_ms":303389,"node":29544,"kind":"peer_admitted","peer":33120,"slot":1,"a":0,"b":0}
1791635362.749 {"t":"event","at_ms":303993,"node":29544,"kind":"peer_admitted","peer":25344,"slot":0,"a":0,"b":0}
1791635362.749 {"t":"event","at_ms":305389,"node":29544,"kind":"peer_admitted","peer":33120,"slot":1,"a":0,"b":0}
1791635362.749 {"t":"link","up_ms":305728,"node":29544,"peer":25344,"mac":"b8:1f:3f:da:63:00","state":"alive","epoch":244,"espnow_ver":2,"mtu":1446,"misses":0,"rssi":-27,"tx":{"frames":1017,"cb_ok":1012,"cb_fail":5,"enqueue_err":0,"pdr_ppm":995083},"rx":{"frames":3961,"lost_seqgap":5,"reorder_dup":0,"dropped_bad":0,"hb_lost":58,"bcast_frames":2947,"pdr_ppm":998739},"rtt":{"samples":149,"min_us":5334,"max_us":38138,"timeouts":3,"txq_last_us":10516,"txq_max_us":11750,"remote_turnaround_us":856,"remote_turnaround_max_us":9684,"p50_us":[4000,6000],"p99_us":[30000,42000],"hist":[0,0,0,0,92,23,14,14,1,2,3,0,0,0,0,0]}}
1791635362.749 {"t":"link","up_ms":305791,"node":29544,"peer":33120,"mac":"b8:1f:3f:da:81:60","state":"alive","epoch":290,"espnow_ver":2,"mtu":1446,"misses":0,"rssi":-9,"tx":{"frames":1070,"cb_ok":1062,"cb_fail":8,"enqueue_err":0,"pdr_ppm":992523},"rx":{"frames":4172,"lost_seqgap":6,"reorder_dup":0,"dropped_bad":0,"hb_lost":37,"bcast_frames":2967,"pdr_ppm":998563},"rtt":{"samples":149,"min_us":5351,"max_us":51379,"timeouts":2,"txq_last_us":2551,"txq_max_us":27351,"remote_turnaround_us":948,"remote_turnaround_max_us":34040,"p50_us":[4000,6000],"p99_us":[42000,60000],"hist":[0,0,0,0,102,24,5,7,3,3,1,4,0,0,0,0]}}
1791635362.749 {"t":"auth","node":29544,"up_ms":305842,"enrolled":1,"required":1,"verified_peers":2,"verified":8,"cache_hits":301,"refused":0,"rate_limited":0,"stale_epoch":0,"verify_us_max":58621,"link_stack_free_b":1516,"crypto_stack_free_b":1228,"tags_ok":1913,"bad_tag":0,"replayed":0,"untagged":0,"bcast_dropped":0,"beacon_epoch_ignored":0,"tag_us_max":1472}
1791635362.749 {"t":"act","node":29544,"setpoint":0,"has_value":0,"writes_served":0}
1791635362.749 {"t":"peers","node":29544,"own_period_ms":100,"own_busy":1,"channel":1,"scanning":0,"scans":0,"hops":0,"found":0,"lost_to_found_ms":0,"moves_followed":0,"moves_refused":0,"sweeps":0,"sweep_found":0,"sweeping":0,"search_visits":0,"relay":1,"fwd_u":0,"fwd_b":5916,"fwd_h":309,"relay_dup":0,"list":[{"id":25344,"state":"alive","via_relay":0,"period_ms":100,"misses":6,"busy":0,"rtt_n":149},{"id":33120,"state":"alive","via_relay":0,"period_ms":100,"misses":6,"busy":0,"rtt_n":150}]}
1791635362.749 {"t":"ss","node":29544,"accepted":0,"unsigned":0,"unknown_sender":0,"bad_signature":0,"replayed":0,"rate_limited":0,"verify_us_max":0,"floors":[]}
1791635362.749 {"t":"rec","node":29544,"up_ms":305932,"settled":1,"sent":1222,"received":1046,"malformed":0,"views":10,"replies_fenced":0,"actors":[{"key":1245650351,"running":0,"term":0,"owner":25344,"owner_term":9,"assigned":25344,"starts":1,"fenced":0,"released":1}]}
1791635363.102 {"t":"node","up_ms":305957,"node":29544,"epoch":171,"peers_alive":2,"peers_dead":0,"no_radio":0,"free_dram":203151,"largest_block":131072,"rx":{"total":8154,"bad_frame":0,"unknown_peer":16,"wrong_dst":0,"short_payload":0,"unknown_opcode":0,"queue_dropped":8},"tx":{"total":5294,"enqueue_err":0,"done_queue_dropped":0},"membership":{"deaths":5,"revivals":3,"reboots_seen":2,"table_full":0,"events_dropped":0}}
1791635363.102 {"t":"ns","node":29544,"hash":96177158,"owner":29544,"kind":"sampled","unit":0,"class":4,"bound_ms":5000,"quality":"GOOD","age_ms":346,"ts":305637,"updates":29,"value":-28}
1791635363.102 {"t":"ns","node":29544,"hash":1162973580,"owner":29544,"kind":"sampled","unit":101,"class":4,"bound_ms":30000,"quality":"GOOD","age_ms":371,"ts":305637,"updates":29,"value":203151}
1791635363.102 {"t":"ns","node":29544,"hash":4013525678,"owner":29544,"kind":"sampled","unit":101,"class":4,"bound_ms":30000,"quality":"GOOD","age_ms":384,"ts":305637,"updates":29,"value":131072}
1791635363.102 {"t":"ns","node":29544,"hash":1245650351,"owner":25344,"kind":"sampled","unit":0,"class":3,"bound_ms":500,"quality":"NO_DATA","age_ms":0,"ts":0,"updates":0,"value":null}
1791635363.102 {"t":"ns","node":29544,"hash":2033492666,"owner":29544,"kind":"sampled","unit":0,"class":3,"bound_ms":0,"quality":"NO_DATA","age_ms":0,"ts":0,"updates":0,"value":null}
1791635363.102 {"t":"ns","node":29544,"hash":1303338069,"owner":29544,"kind":"sampled","unit":100,"class":4,"bound_ms":0,"quality":"GOOD","age_ms":423,"ts":305637,"updates":29,"value":171}
1791635363.102 {"t":"ns","node":29544,"hash":288706273,"owner":29544,"kind":"sampled","unit":80,"class":4,"bound_ms":30000,"quality":"GOOD","age_ms":448,"ts":305637,"updates":29,"value":305}
1791635363.102 {"t":"ns","node":29544,"hash":2548334194,"owner":29544,"kind":"sampled","unit":100,"class":4,"bound_ms":5000,"quality":"GOOD","age_ms":461,"ts":305637,"updates":29,"value":2}
1791635373.244 {"t":"clk","node":29544,"up_ms":316111}
1791635373.244 {"t":"hs","up_s":316,"running":1,"sta":1,"has_ip":1,"ch":1,"rssi":-45,"clients":1,"reconnects":0,"int_free":203151,"psram_free":8336684,"boot_pick":1}
1791635373.244 {"t":"led","node":29544,"shows":"green","app":0}
1791635373.244 {"t":"event","at_ms":305993,"node":29544,"kind":"peer_admitted","peer":25344,"slot":0,"a":0,"b":0}
1791635373.244 {"t":"event","at_ms":307389,"node":29544,"kind":"peer_admitted","peer":33120,"slot":1,"a":0,"b":0}
1791635373.244 {"t":"event","at_ms":307993,"node":29544,"kind":"peer_admitted","peer":25344,"slot":0,"a":0,"b":0}
1791635373.244 {"t":"event","at_ms":309389,"node":29544,"kind":"peer_admitted","peer":33120,"slot":1,"a":0,"b":0}
1791635373.244 {"t":"event","at_ms":309993,"node":29544,"kind":"peer_admitted","peer":25344,"slot":0,"a":0,"b":0}
1791635373.244 {"t":"event","at_ms":311390,"node":29544,"kind":"peer_admitted","peer":33120,"slot":1,"a":0,"b":0}
1791635373.244 {"t":"event","at_ms":311993,"node":29544,"kind":"peer_admitted","peer":25344,"slot":0,"a":0,"b":0}
1791635373.244 {"t":"event","at_ms":313389,"node":29544,"kind":"peer_admitted","peer":33120,"slot":1,"a":0,"b":0}
1791635373.244 {"t":"event","at_ms":313993,"node":29544,"kind":"peer_admitted","peer":25344,"slot":0,"a":0,"b":0}
1791635373.244 {"t":"event","at_ms":315389,"node":29544,"kind":"peer_admitted","peer":33120,"slot":1,"a":0,"b":0}
1791635373.244 {"t":"event","at_ms":315994,"node":29544,"kind":"peer_admitted","peer":25344,"slot":0,"a":0,"b":0}
1791635373.244 {"t":"link","up_ms":316228,"node":29544,"peer":25344,"mac":"b8:1f:3f:da:63:00","state":"alive","epoch":244,"espnow_ver":2,"mtu":1446,"misses":0,"rssi":-28,"tx":{"frames":1052,"cb_ok":1047,"cb_fail":5,"enqueue_err":0,"pdr_ppm":995247},"rx":{"frames":4107,"lost_seqgap":5,"reorder_dup":0,"dropped_bad":0,"hb_lost":58,"bcast_frames":3052,"pdr_ppm":998784},"rtt":{"samples":154,"min_us":5334,"max_us":38138,"timeouts":3,"txq_last_us":10516,"txq_max_us":11750,"remote_turnaround_us":958,"remote_turnaround_max_us":9684,"p50_us":[4000,6000],"p99_us":[30000,42000],"hist":[0,0,0,0,96,24,14,14,1,2,3,0,0,0,0,0]}}
1791635373.244 {"t":"link","up_ms":316280,"node":29544,"peer":33120,"mac":"b8:1f:3f:da:81:60","state":"alive","epoch":290,"espnow_ver":2,"mtu":1446,"misses":0,"rssi":-10,"tx":{"frames":1108,"cb_ok":1099,"cb_fail":8,"enqueue_err":0,"pdr_ppm":992773},"rx":{"frames":4321,"lost_seqgap":6,"reorder_dup":0,"dropped_bad":0,"hb_lost":37,"bcast_frames":3072,"pdr_ppm":998613},"rtt":{"samples":155,"min_us":5351,"max_us":51379,"timeouts":2,"txq_last_us":2551,"txq_max_us":27351,"remote_turnaround_us":970,"remote_turnaround_max_us":34040,"p50_us":[4000,6000],"p99_us":[42000,60000],"hist":[0,0,0,0,107,25,5,7,3,3,1,4,0,0,0,0]}}
1791635373.244 {"t":"auth","node":29544,"up_ms":316331,"enrolled":1,"required":1,"verified_peers":2,"verified":8,"cache_hits":312,"refused":0,"rate_limited":0,"stale_epoch":0,"verify_us_max":58621,"link_stack_free_b":1516,"crypto_stack_free_b":1228,"tags_ok":1984,"bad_tag":0,"replayed":0,"untagged":0,"bcast_dropped":0,"beacon_epoch_ignored":0,"tag_us_max":1472}
1791635373.244 {"t":"act","node":29544,"setpoint":0,"has_value":0,"writes_served":0}
1791635373.244 {"t":"peers","node":29544,"own_period_ms":100,"own_busy":1,"channel":1,"scanning":0,"scans":0,"hops":0,"found":0,"lost_to_found_ms":0,"moves_followed":0,"moves_refused":0,"sweeps":0,"sweep_found":0,"sweeping":0,"search_visits":0,"relay":1,"fwd_u":0,"fwd_b":6126,"fwd_h":320,"relay_dup":0,"list":[{"id":25344,"state":"alive","via_relay":0,"period_ms":100,"misses":6,"busy":0,"rtt_n":154},{"id":33120,"state":"alive","via_relay":0,"period_ms":100,"misses":6,"busy":0,"rtt_n":155}]}
1791635373.244 {"t":"ss","node":29544,"accepted":0,"unsigned":0,"unknown_sender":0,"bad_signature":0,"replayed":0,"rate_limited":0,"verify_us_max":0,"floors":[]}
1791635373.244 {"t":"rec","node":29544,"up_ms":316420,"settled":1,"sent":1264,"received":1088,"malformed":0,"views":10,"replies_fenced":0,"actors":[{"key":1245650351,"running":0,"term":0,"owner":25344,"owner_term":9,"assigned":25344,"starts":1,"fenced":0,"released":1}]}
1791635373.586 {"t":"node","up_ms":316445,"node":29544,"epoch":171,"peers_alive":2,"peers_dead":0,"no_radio":0,"free_dram":203151,"largest_block":131072,"rx":{"total":8446,"bad_frame":0,"unknown_peer":16,"wrong_dst":0,"short_payload":0,"unknown_opcode":0,"queue_dropped":8},"tx":{"total":5476,"enqueue_err":0,"done_queue_dropped":0},"membership":{"deaths":5,"revivals":3,"reboots_seen":2,"table_full":0,"events_dropped":0}}
1791635373.586 {"t":"ns","node":29544,"hash":96177158,"owner":29544,"kind":"sampled","unit":0,"class":4,"bound_ms":5000,"quality":"GOOD","age_ms":346,"ts":316126,"updates":30,"value":-28}
1791635373.586 {"t":"ns","node":29544,"hash":1162973580,"owner":29544,"kind":"sampled","unit":101,"class":4,"bound_ms":30000,"quality":"GOOD","age_ms":371,"ts":316125,"updates":30,"value":203151}
1791635373.586 {"t":"ns","node":29544,"hash":4013525678,"owner":29544,"kind":"sampled","unit":101,"class":4,"bound_ms":30000,"quality":"GOOD","age_ms":383,"ts":316126,"updates":30,"value":131072}
1791635373.586 {"t":"ns","node":29544,"hash":1245650351,"owner":25344,"kind":"sampled","unit":0,"class":3,"bound_ms":500,"quality":"NO_DATA","age_ms":0,"ts":0,"updates":0,"value":null}
1791635373.586 {"t":"ns","node":29544,"hash":2033492666,"owner":29544,"kind":"sampled","unit":0,"class":3,"bound_ms":0,"quality":"NO_DATA","age_ms":0,"ts":0,"updates":0,"value":null}
1791635373.586 {"t":"ns","node":29544,"hash":1303338069,"owner":29544,"kind":"sampled","unit":100,"class":4,"bound_ms":0,"quality":"GOOD","age_ms":423,"ts":316126,"updates":30,"value":171}
1791635373.586 {"t":"ns","node":29544,"hash":288706273,"owner":29544,"kind":"sampled","unit":80,"class":4,"bound_ms":30000,"quality":"GOOD","age_ms":448,"ts":316126,"updates":30,"value":316}
1791635373.586 {"t":"ns","node":29544,"hash":2548334194,"owner":29544,"kind":"sampled","unit":100,"class":4,"bound_ms":5000,"quality":"GOOD","age_ms":461,"ts":316126,"updates":30,"value":2}
1791635383.726 {"t":"clk","node":29544,"up_ms":326599}
1791635383.726 {"t":"hs","up_s":326,"running":1,"sta":1,"has_ip":1,"ch":1,"rssi":-45,"clients":1,"reconnects":0,"int_free":203151,"psram_free":8336684,"boot_pick":1}
1791635383.726 {"t":"led","node":29544,"shows":"green","app":0}
1791635383.726 {"t":"event","at_ms":317389,"node":29544,"kind":"peer_admitted","peer":33120,"slot":1,"a":0,"b":0}
1791635383.726 {"t":"event","at_ms":317993,"node":29544,"kind":"peer_admitted","peer":25344,"slot":0,"a":0,"b":0}
1791635383.726 {"t":"event","at_ms":319390,"node":29544,"kind":"peer_admitted","peer":33120,"slot":1,"a":0,"b":0}
1791635383.726 {"t":"event","at_ms":319993,"node":29544,"kind":"peer_admitted","peer":25344,"slot":0,"a":0,"b":0}
1791635383.726 {"t":"event","at_ms":321389,"node":29544,"kind":"peer_admitted","peer":33120,"slot":1,"a":0,"b":0}
1791635383.726 {"t":"event","at_ms":321994,"node":29544,"kind":"peer_admitted","peer":25344,"slot":0,"a":0,"b":0}
1791635383.726 {"t":"event","at_ms":323389,"node":29544,"kind":"peer_admitted","peer":33120,"slot":1,"a":0,"b":0}
1791635383.726 {"t":"event","at_ms":323993,"node":29544,"kind":"peer_admitted","peer":25344,"slot":0,"a":0,"b":0}
1791635383.726 {"t":"event","at_ms":325389,"node":29544,"kind":"peer_admitted","peer":33120,"slot":1,"a":0,"b":0}
1791635383.726 {"t":"event","at_ms":325995,"node":29544,"kind":"peer_admitted","peer":25344,"slot":0,"a":0,"b":0}
1791635383.726 {"t":"link","up_ms":326704,"node":29544,"peer":25344,"mac":"b8:1f:3f:da:63:00","state":"alive","epoch":244,"espnow_ver":2,"mtu":1446,"misses":0,"rssi":-27,"tx":{"frames":1087,"cb_ok":1082,"cb_fail":5,"enqueue_err":0,"pdr_ppm":995400},"rx":{"frames":4251,"lost_seqgap":5,"reorder_dup":0,"dropped_bad":0,"hb_lost":58,"bcast_frames":3156,"pdr_ppm":998825},"rtt":{"samples":159,"min_us":5334,"max_us":38138,"timeouts":3,"txq_last_us":10516,"txq_max_us":11750,"remote_turnaround_us":949,"remote_turnaround_max_us":9684,"p50_us":[4000,6000],"p99_us":[30000,42000],"hist":[0,0,0,0,101,24,14,14,1,2,3,0,0,0,0,0]}}
1791635383.726 {"t":"link","up_ms":326755,"node":29544,"peer":33120,"mac":"b8:1f:3f:da:81:60","state":"alive","epoch":290,"espnow_ver":2,"mtu":1446,"misses":0,"rssi":-9,"tx":{"frames":1144,"cb_ok":1136,"cb_fail":8,"enqueue_err":0,"pdr_ppm":993006},"rx":{"frames":4465,"lost_seqgap":6,"reorder_dup":0,"dropped_bad":0,"hb_lost":38,"bcast_frames":3175,"pdr_ppm":998658},"rtt":{"samples":160,"min_us":5351,"max_us":51379,"timeouts":2,"txq_last_us":2551,"txq_max_us":27351,"remote_turnaround_us":959,"remote_turnaround_max_us":34040,"p50_us":[4000,6000],"p99_us":[42000,60000],"hist":[0,0,0,0,110,27,5,7,3,3,1,4,0,0,0,0]}}
1791635383.726 {"t":"auth","node":29544,"up_ms":326807,"enrolled":1,"required":1,"verified_peers":2,"verified":8,"cache_hits":322,"refused":0,"rate_limited":0,"stale_epoch":0,"verify_us_max":58621,"link_stack_free_b":1516,"crypto_stack_free_b":1228,"tags_ok":2056,"bad_tag":0,"replayed":0,"untagged":0,"bcast_dropped":0,"beacon_epoch_ignored":0,"tag_us_max":1472}
1791635383.726 {"t":"act","node":29544,"setpoint":0,"has_value":0,"writes_served":0}
1791635383.726 {"t":"peers","node":29544,"own_period_ms":100,"own_busy":1,"channel":1,"scanning":0,"scans":0,"hops":0,"found":0,"lost_to_found_ms":0,"moves_followed":0,"moves_refused":0,"sweeps":0,"sweep_found":0,"sweeping":0,"search_visits":0,"relay":1,"fwd_u":0,"fwd_b":6334,"fwd_h":330,"relay_dup":0,"list":[{"id":25344,"state":"alive","via_relay":0,"period_ms":100,"misses":6,"busy":0,"rtt_n":160},{"id":33120,"state":"alive","via_relay":0,"period_ms":100,"misses":6,"busy":0,"rtt_n":160}]}
1791635383.726 {"t":"ss","node":29544,"accepted":0,"unsigned":0,"unknown_sender":0,"bad_signature":0,"replayed":0,"rate_limited":0,"verify_us_max":0,"floors":[]}
1791635383.726 {"t":"rec","node":29544,"up_ms":326897,"settled":1,"sent":1306,"received":1130,"malformed":0,"views":10,"replies_fenced":0,"actors":[{"key":1245650351,"running":0,"term":0,"owner":25344,"owner_term":9,"assigned":25344,"starts":1,"fenced":0,"released":1}]}
1791635384.056 {"t":"node","up_ms":326922,"node":29544,"epoch":171,"peers_alive":2,"peers_dead":0,"no_radio":0,"free_dram":203151,"largest_block":131072,"rx":{"total":8736,"bad_frame":0,"unknown_peer":16,"wrong_dst":0,"short_payload":0,"unknown_opcode":0,"queue_dropped":8},"tx":{"total":5658,"enqueue_err":0,"done_queue_dropped":0},"membership":{"deaths":5,"revivals":3,"reboots_seen":2,"table_full":0,"events_dropped":0}}
1791635384.056 {"t":"ns","node":29544,"hash":96177158,"owner":29544,"kind":"sampled","unit":0,"class":4,"bound_ms":5000,"quality":"GOOD","age_ms":346,"ts":326614,"updates":31,"value":-27}
1791635384.056 {"t":"ns","node":29544,"hash":1162973580,"owner":29544,"kind":"sampled","unit":101,"class":4,"bound_ms":30000,"quality":"GOOD","age_ms":359,"ts":326614,"updates":31,"value":203151}
1791635384.056 {"t":"ns","node":29544,"hash":4013525678,"owner":29544,"kind":"sampled","unit":101,"class":4,"bound_ms":30000,"quality":"GOOD","age_ms":372,"ts":326614,"updates":31,"value":131072}
1791635384.056 {"t":"ns","node":29544,"hash":1245650351,"owner":25344,"kind":"sampled","unit":0,"class":3,"bound_ms":500,"quality":"NO_DATA","age_ms":0,"ts":0,"updates":0,"value":null}
1791635384.056 {"t":"ns","node":29544,"hash":2033492666,"owner":29544,"kind":"sampled","unit":0,"class":3,"bound_ms":0,"quality":"NO_DATA","age_ms":0,"ts":0,"updates":0,"value":null}
1791635384.056 {"t":"ns","node":29544,"hash":1303338069,"owner":29544,"kind":"sampled","unit":100,"class":4,"bound_ms":0,"quality":"GOOD","age_ms":423,"ts":326614,"updates":31,"value":171}
1791635384.056 {"t":"ns","node":29544,"hash":288706273,"owner":29544,"kind":"sampled","unit":80,"class":4,"bound_ms":30000,"quality":"GOOD","age_ms":436,"ts":326614,"updates":31,"value":326}
1791635384.056 {"t":"ns","node":29544,"hash":2548334194,"owner":29544,"kind":"sampled","unit":100,"class":4,"bound_ms":5000,"quality":"GOOD","age_ms":449,"ts":326614,"updates":31,"value":2}
1791635394.208 {"t":"clk","node":29544,"up_ms":337076}
1791635394.208 {"t":"hs","up_s":337,"running":1,"sta":1,"has_ip":1,"ch":1,"rssi":-45,"clients":1,"reconnects":0,"int_free":203151,"psram_free":8336684,"boot_pick":1}
1791635394.208 {"t":"led","node":29544,"shows":"green","app":0}
1791635394.208 {"t":"event","at_ms":327389,"node":29544,"kind":"peer_admitted","peer":33120,"slot":1,"a":0,"b":0}
1791635394.208 {"t":"event","at_ms":327993,"node":29544,"kind":"peer_admitted","peer":25344,"slot":0,"a":0,"b":0}
1791635394.208 {"t":"event","at_ms":329389,"node":29544,"kind":"peer_admitted","peer":33120,"slot":1,"a":0,"b":0}
1791635394.208 {"t":"event","at_ms":329995,"node":29544,"kind":"peer_admitted","peer":25344,"slot":0,"a":0,"b":0}
1791635394.208 {"t":"event","at_ms":331389,"node":29544,"kind":"peer_admitted","peer":33120,"slot":1,"a":0,"b":0}
1791635394.208 {"t":"event","at_ms":331993,"node":29544,"kind":"peer_admitted","peer":25344,"slot":0,"a":0,"b":0}
1791635394.208 {"t":"event","at_ms":333389,"node":29544,"kind":"peer_admitted","peer":33120,"slot":1,"a":0,"b":0}
1791635394.208 {"t":"event","at_ms":333994,"node":29544,"kind":"peer_admitted","peer":25344,"slot":0,"a":0,"b":0}
1791635394.208 {"t":"event","at_ms":335389,"node":29544,"kind":"peer_admitted","peer":33120,"slot":1,"a":0,"b":0}
1791635394.208 {"t":"event","at_ms":335993,"node":29544,"kind":"peer_admitted","peer":25344,"slot":0,"a":0,"b":0}
1791635394.208 {"t":"link","up_ms":337182,"node":29544,"peer":25344,"mac":"b8:1f:3f:da:63:00","state":"alive","epoch":244,"espnow_ver":2,"mtu":1446,"misses":0,"rssi":-27,"tx":{"frames":1122,"cb_ok":1117,"cb_fail":5,"enqueue_err":0,"pdr_ppm":995543},"rx":{"frames":4396,"lost_seqgap":5,"reorder_dup":0,"dropped_bad":0,"hb_lost":58,"bcast_frames":3261,"pdr_ppm":998863},"rtt":{"samples":165,"min_us":5334,"max_us":38138,"timeouts":3,"txq_last_us":10516,"txq_max_us":11750,"remote_turnaround_us":956,"remote_turnaround_max_us":9684,"p50_us":[4000,6000],"p99_us":[30000,42000],"hist":[0,0,0,0,105,26,14,14,1,2,3,0,0,0,0,0]}}
1791635394.208 {"t":"link","up_ms":337233,"node":29544,"peer":33120,"mac":"b8:1f:3f:da:81:60","state":"alive","epoch":290,"espnow_ver":2,"mtu":1446,"misses":0,"rssi":-9,"tx":{"frames":1180,"cb_ok":1172,"cb_fail":8,"enqueue_err":0,"pdr_ppm":993220},"rx":{"frames":4610,"lost_seqgap":6,"reorder_dup":0,"dropped_bad":0,"hb_lost":39,"bcast_frames":3279,"pdr_ppm":998700},"rtt":{"samples":165,"min_us":5351,"max_us":51379,"timeouts":2,"txq_last_us":2551,"txq_max_us":27351,"remote_turnaround_us":965,"remote_turnaround_max_us":34040,"p50_us":[4000,6000],"p99_us":[42000,60000],"hist":[0,0,0,0,115,27,5,7,3,3,1,4,0,0,0,0]}}
1791635394.208 {"t":"auth","node":29544,"up_ms":337284,"enrolled":1,"required":1,"verified_peers":2,"verified":8,"cache_hits":332,"refused":0,"rate_limited":0,"stale_epoch":0,"verify_us_max":58621,"link_stack_free_b":1516,"crypto_stack_free_b":1228,"tags_ok":2126,"bad_tag":0,"replayed":0,"untagged":0,"bcast_dropped":0,"beacon_epoch_ignored":0,"tag_us_max":1472}
1791635394.208 {"t":"act","node":29544,"setpoint":0,"has_value":0,"writes_served":0}
1791635394.208 {"t":"peers","node":29544,"own_period_ms":100,"own_busy":1,"channel":1,"scanning":0,"scans":0,"hops":0,"found":0,"lost_to_found_ms":0,"moves_followed":0,"moves_refused":0,"sweeps":0,"sweep_found":0,"sweeping":0,"search_visits":0,"relay":1,"fwd_u":0,"fwd_b":6542,"fwd_h":340,"relay_dup":0,"list":[{"id":25344,"state":"alive","via_relay":0,"period_ms":100,"misses":6,"busy":0,"rtt_n":165},{"id":33120,"state":"alive","via_relay":0,"period_ms":100,"misses":6,"busy":0,"rtt_n":165}]}
1791635394.208 {"t":"ss","node":29544,"accepted":0,"unsigned":0,"unknown_sender":0,"bad_signature":0,"replayed":0,"rate_limited":0,"verify_us_max":0,"floors":[]}
1791635394.208 {"t":"rec","node":29544,"up_ms":337374,"settled":1,"sent":1348,"received":1172,"malformed":0,"views":10,"replies_fenced":0,"actors":[{"key":1245650351,"running":0,"term":0,"owner":25344,"owner_term":9,"assigned":25344,"starts":1,"fenced":0,"released":1}]}
1791635394.545 {"t":"node","up_ms":337398,"node":29544,"epoch":171,"peers_alive":2,"peers_dead":0,"no_radio":0,"free_dram":203151,"largest_block":131072,"rx":{"total":9026,"bad_frame":0,"unknown_peer":16,"wrong_dst":0,"short_payload":0,"unknown_opcode":0,"queue_dropped":8},"tx":{"total":5839,"enqueue_err":0,"done_queue_dropped":0},"membership":{"deaths":5,"revivals":3,"reboots_seen":2,"table_full":0,"events_dropped":0}}
1791635394.545 {"t":"ns","node":29544,"hash":96177158,"owner":29544,"kind":"sampled","unit":0,"class":4,"bound_ms":5000,"quality":"GOOD","age_ms":345,"ts":337091,"updates":32,"value":-28}
1791635394.545 {"t":"ns","node":29544,"hash":1162973580,"owner":29544,"kind":"sampled","unit":101,"class":4,"bound_ms":30000,"quality":"GOOD","age_ms":359,"ts":337091,"updates":32,"value":203151}
1791635394.545 {"t":"ns","node":29544,"hash":4013525678,"owner":29544,"kind":"sampled","unit":101,"class":4,"bound_ms":30000,"quality":"GOOD","age_ms":372,"ts":337091,"updates":32,"value":131072}
1791635394.545 {"t":"ns","node":29544,"hash":1245650351,"owner":25344,"kind":"sampled","unit":0,"class":3,"bound_ms":500,"quality":"NO_DATA","age_ms":0,"ts":0,"updates":0,"value":null}
1791635394.545 {"t":"ns","node":29544,"hash":2033492666,"owner":29544,"kind":"sampled","unit":0,"class":3,"bound_ms":0,"quality":"NO_DATA","age_ms":0,"ts":0,"updates":0,"value":null}
1791635394.545 {"t":"ns","node":29544,"hash":1303338069,"owner":29544,"kind":"sampled","unit":100,"class":4,"bound_ms":0,"quality":"GOOD","age_ms":423,"ts":337091,"updates":32,"value":171}
1791635394.545 {"t":"ns","node":29544,"hash":288706273,"owner":29544,"kind":"sampled","unit":80,"class":4,"bound_ms":30000,"quality":"GOOD","age_ms":436,"ts":337091,"updates":32,"value":337}
1791635394.545 {"t":"ns","node":29544,"hash":2548334194,"owner":29544,"kind":"sampled","unit":100,"class":4,"bound_ms":5000,"quality":"GOOD","age_ms":449,"ts":337091,"updates":32,"value":2}
1791635404.684 {"t":"clk","node":29544,"up_ms":347553}
1791635404.684 {"t":"hs","up_s":347,"running":1,"sta":1,"has_ip":1,"ch":1,"rssi":-46,"clients":1,"reconnects":0,"int_free":203151,"psram_free":8336684,"boot_pick":1}
1791635404.684 {"t":"led","node":29544,"shows":"green","app":0}
1791635404.684 {"t":"event","at_ms":337389,"node":29544,"kind":"peer_admitted","peer":33120,"slot":1,"a":0,"b":0}
1791635404.684 {"t":"event","at_ms":337993,"node":29544,"kind":"peer_admitted","peer":25344,"slot":0,"a":0,"b":0}
1791635404.684 {"t":"event","at_ms":339389,"node":29544,"kind":"peer_admitted","peer":33120,"slot":1,"a":0,"b":0}
1791635404.684 {"t":"event","at_ms":339993,"node":29544,"kind":"peer_admitted","peer":25344,"slot":0,"a":0,"b":0}
1791635404.684 {"t":"event","at_ms":341389,"node":29544,"kind":"peer_admitted","peer":33120,"slot":1,"a":0,"b":0}
1791635404.684 {"t":"event","at_ms":341993,"node":29544,"kind":"peer_admitted","peer":25344,"slot":0,"a":0,"b":0}
1791635404.684 {"t":"event","at_ms":343388,"node":29544,"kind":"peer_admitted","peer":33120,"slot":1,"a":0,"b":0}
1791635404.684 {"t":"event","at_ms":343993,"node":29544,"kind":"peer_admitted","peer":25344,"slot":0,"a":0,"b":0}
1791635404.684 {"t":"event","at_ms":345389,"node":29544,"kind":"peer_admitted","peer":33120,"slot":1,"a":0,"b":0}
1791635404.684 {"t":"event","at_ms":345993,"node":29544,"kind":"peer_admitted","peer":25344,"slot":0,"a":0,"b":0}
1791635404.684 {"t":"event","at_ms":347389,"node":29544,"kind":"peer_admitted","peer":33120,"slot":1,"a":0,"b":0}
1791635404.684 {"t":"link","up_ms":347659,"node":29544,"peer":25344,"mac":"b8:1f:3f:da:63:00","state":"alive","epoch":244,"espnow_ver":2,"mtu":1446,"misses":0,"rssi":-27,"tx":{"frames":1157,"cb_ok":1152,"cb_fail":5,"enqueue_err":0,"pdr_ppm":995678},"rx":{"frames":4540,"lost_seqgap":5,"reorder_dup":0,"dropped_bad":0,"hb_lost":59,"bcast_frames":3365,"pdr_ppm":998899},"rtt":{"samples":170,"min_us":5334,"max_us":38138,"timeouts":3,"txq_last_us":10516,"txq_max_us":11750,"remote_turnaround_us":967,"remote_turnaround_max_us":9684,"p50_us":[4000,6000],"p99_us":[30000,42000],"hist":[0,0,0,0,110,26,14,14,1,2,3,0,0,0,0,0]}}
1791635404.684 {"t":"link","up_ms":347721,"node":29544,"peer":33120,"mac":"b8:1f:3f:da:81:60","state":"alive","epoch":290,"espnow_ver":2,"mtu":1446,"misses":0,"rssi":-9,"tx":{"frames":1217,"cb_ok":1209,"cb_fail":8,"enqueue_err":0,"pdr_ppm":993426},"rx":{"frames":4757,"lost_seqgap":6,"reorder_dup":0,"dropped_bad":0,"hb_lost":39,"bcast_frames":3384,"pdr_ppm":998740},"rtt":{"samples":170,"min_us":5351,"max_us":51379,"timeouts":2,"txq_last_us":2551,"txq_max_us":27351,"remote_turnaround_us":976,"remote_turnaround_max_us":34040,"p50_us":[4000,6000],"p99_us":[42000,60000],"hist":[0,0,0,0,119,28,5,7,3,3,1,4,0,0,0,0]}}
1791635404.684 {"t":"auth","node":29544,"up_ms":347773,"enrolled":1,"required":1,"verified_peers":2,"verified":8,"cache_hits":343,"refused":0,"rate_limited":0,"stale_epoch":0,"verify_us_max":58621,"link_stack_free_b":1516,"crypto_stack_free_b":1228,"tags_ok":2197,"bad_tag":0,"replayed":0,"untagged":0,"bcast_dropped":0,"beacon_epoch_ignored":0,"tag_us_max":1472}
1791635404.684 {"t":"act","node":29544,"setpoint":0,"has_value":0,"writes_served":0}
1791635404.684 {"t":"peers","node":29544,"own_period_ms":100,"own_busy":1,"channel":1,"scanning":0,"scans":0,"hops":0,"found":0,"lost_to_found_ms":0,"moves_followed":0,"moves_refused":0,"sweeps":0,"sweep_found":0,"sweeping":0,"search_visits":0,"relay":1,"fwd_u":0,"fwd_b":6751,"fwd_h":351,"relay_dup":0,"list":[{"id":25344,"state":"alive","via_relay":0,"period_ms":100,"misses":6,"busy":0,"rtt_n":170},{"id":33120,"state":"alive","via_relay":0,"period_ms":100,"misses":6,"busy":0,"rtt_n":171}]}
1791635404.684 {"t":"ss","node":29544,"accepted":0,"unsigned":0,"unknown_sender":0,"bad_signature":0,"replayed":0,"rate_limited":0,"verify_us_max":0,"floors":[]}
1791635404.684 {"t":"rec","node":29544,"up_ms":347863,"settled":1,"sent":1390,"received":1213,"malformed":0,"views":10,"replies_fenced":0,"actors":[{"key":1245650351,"running":0,"term":0,"owner":25344,"owner_term":9,"assigned":25344,"starts":1,"fenced":0,"released":1}]}
1791635405.031 {"t":"node","up_ms":347888,"node":29544,"epoch":171,"peers_alive":2,"peers_dead":0,"no_radio":0,"free_dram":203151,"largest_block":131072,"rx":{"total":9319,"bad_frame":0,"unknown_peer":16,"wrong_dst":0,"short_payload":0,"unknown_opcode":0,"queue_dropped":8},"tx":{"total":6021,"enqueue_err":0,"done_queue_dropped":0},"membership":{"deaths":5,"revivals":3,"reboots_seen":2,"table_full":0,"events_dropped":0}}
1791635405.031 {"t":"ns","node":29544,"hash":96177158,"owner":29544,"kind":"sampled","unit":0,"class":4,"bound_ms":5000,"quality":"GOOD","age_ms":346,"ts":347569,"updates":33,"value":-28}
1791635405.031 {"t":"ns","node":29544,"hash":1162973580,"owner":29544,"kind":"sampled","unit":101,"class":4,"bound_ms":30000,"quality":"GOOD","age_ms":360,"ts":347569,"updates":33,"value":203151}
1791635405.031 {"t":"ns","node":29544,"hash":4013525678,"owner":29544,"kind":"sampled","unit":101,"class":4,"bound_ms":30000,"quality":"GOOD","age_ms":384,"ts":347569,"updates":33,"value":131072}
1791635405.031 {"t":"ns","node":29544,"hash":1245650351,"owner":25344,"kind":"sampled","unit":0,"class":3,"bound_ms":500,"quality":"NO_DATA","age_ms":0,"ts":0,"updates":0,"value":null}
1791635405.031 {"t":"ns","node":29544,"hash":2033492666,"owner":29544,"kind":"sampled","unit":0,"class":3,"bound_ms":0,"quality":"NO_DATA","age_ms":0,"ts":0,"updates":0,"value":null}
1791635405.031 {"t":"ns","node":29544,"hash":1303338069,"owner":29544,"kind":"sampled","unit":100,"class":4,"bound_ms":0,"quality":"GOOD","age_ms":426,"ts":347569,"updates":33,"value":171}
1791635405.031 {"t":"ns","node":29544,"hash":288706273,"owner":29544,"kind":"sampled","unit":80,"class":4,"bound_ms":30000,"quality":"GOOD","age_ms":439,"ts":347569,"updates":33,"value":347}
1791635405.031 {"t":"ns","node":29544,"hash":2548334194,"owner":29544,"kind":"sampled","unit":100,"class":4,"bound_ms":5000,"quality":"GOOD","age_ms":452,"ts":347569,"updates":33,"value":2}
1791635415.172 {"t":"clk","node":29544,"up_ms":358045}
1791635415.172 {"t":"hs","up_s":358,"running":1,"sta":1,"has_ip":1,"ch":1,"rssi":-46,"clients":1,"reconnects":0,"int_free":203151,"psram_free":8336684,"boot_pick":1}
1791635415.172 {"t":"led","node":29544,"shows":"green","app":0}
1791635415.172 {"t":"event","at_ms":347994,"node":29544,"kind":"peer_admitted","peer":25344,"slot":0,"a":0,"b":0}
1791635415.172 {"t":"event","at_ms":349389,"node":29544,"kind":"peer_admitted","peer":33120,"slot":1,"a":0,"b":0}
1791635415.172 {"t":"event","at_ms":349993,"node":29544,"kind":"peer_admitted","peer":25344,"slot":0,"a":0,"b":0}
1791635415.172 {"t":"event","at_ms":351391,"node":29544,"kind":"peer_admitted","peer":33120,"slot":1,"a":0,"b":0}
1791635415.172 {"t":"event","at_ms":351993,"node":29544,"kind":"peer_admitted","peer":25344,"slot":0,"a":0,"b":0}
1791635415.172 {"t":"event","at_ms":353389,"node":29544,"kind":"peer_admitted","peer":33120,"slot":1,"a":0,"b":0}
1791635415.172 {"t":"event","at_ms":353994,"node":29544,"kind":"peer_admitted","peer":25344,"slot":0,"a":0,"b":0}
1791635415.172 {"t":"event","at_ms":355389,"node":29544,"kind":"peer_admitted","peer":33120,"slot":1,"a":0,"b":0}
1791635415.172 {"t":"event","at_ms":355994,"node":29544,"kind":"peer_admitted","peer":25344,"slot":0,"a":0,"b":0}
1791635415.172 {"t":"event","at_ms":357389,"node":29544,"kind":"peer_admitted","peer":33120,"slot":1,"a":0,"b":0}
1791635415.172 {"t":"event","at_ms":357993,"node":29544,"kind":"peer_admitted","peer":25344,"slot":0,"a":0,"b":0}
1791635415.172 {"t":"link","up_ms":358162,"node":29544,"peer":25344,"mac":"b8:1f:3f:da:63:00","state":"alive","epoch":244,"espnow_ver":2,"mtu":1446,"misses":0,"rssi":-27,"tx":{"frames":1192,"cb_ok":1187,"cb_fail":5,"enqueue_err":0,"pdr_ppm":995805},"rx":{"frames":4686,"lost_seqgap":5,"reorder_dup":0,"dropped_bad":0,"hb_lost":59,"bcast_frames":3470,"pdr_ppm":998934},"rtt":{"samples":175,"min_us":5334,"max_us":38138,"timeouts":3,"txq_last_us":10516,"txq_max_us":11750,"remote_turnaround_us":957,"remote_turnaround_max_us":9684,"p50_us":[4000,6000],"p99_us":[30000,42000],"hist":[0,0,0,0,114,27,14,14,1,2,3,0,0,0,0,0]}}
1791635415.172 {"t":"link","up_ms":358213,"node":29544,"peer":33120,"mac":"b8:1f:3f:da:81:60","state":"alive","epoch":290,"espnow_ver":2,"mtu":1446,"misses":0,"rssi":-9,"tx":{"frames":1254,"cb_ok":1246,"cb_fail":8,"enqueue_err":0,"pdr_ppm":993620},"rx":{"frames":4905,"lost_seqgap":6,"reorder_dup":0,"dropped_bad":0,"hb_lost":39,"bcast_frames":3489,"pdr_ppm":998778},"rtt":{"samples":176,"min_us":5351,"max_us":51379,"timeouts":2,"txq_last_us":44448,"txq_max_us":44448,"remote_turnaround_us":1167,"remote_turnaround_max_us":34040,"p50_us":[4000,6000],"p99_us":[42000,60000],"hist":[0,0,0,0,121,30,6,7,3,3,1,5,0,0,0,0]}}
1791635415.172 {"t":"auth","node":29544,"up_ms":358264,"enrolled":1,"required":1,"verified_peers":2,"verified":8,"cache_hits":354,"refused":0,"rate_limited":0,"stale_epoch":0,"verify_us_max":58621,"link_stack_free_b":1516,"crypto_stack_free_b":1228,"tags_ok":2270,"bad_tag":0,"replayed":0,"untagged":0,"bcast_dropped":0,"beacon_epoch_ignored":0,"tag_us_max":1472}
1791635415.173 {"t":"act","node":29544,"setpoint":0,"has_value":0,"writes_served":0}
1791635415.173 {"t":"peers","node":29544,"own_period_ms":100,"own_busy":1,"channel":1,"scanning":0,"scans":0,"hops":0,"found":0,"lost_to_found_ms":0,"moves_followed":0,"moves_refused":0,"sweeps":0,"sweep_found":0,"sweeping":0,"search_visits":0,"relay":1,"fwd_u":0,"fwd_b":6961,"fwd_h":362,"relay_dup":0,"list":[{"id":25344,"state":"alive","via_relay":0,"period_ms":100,"misses":6,"busy":0,"rtt_n":175},{"id":33120,"state":"alive","via_relay":0,"period_ms":100,"misses":6,"busy":0,"rtt_n":176}]}
1791635415.173 {"t":"ss","node":29544,"accepted":0,"unsigned":0,"unknown_sender":0,"bad_signature":0,"replayed":0,"rate_limited":0,"verify_us_max":0,"floors":[]}
1791635415.173 {"t":"rec","node":29544,"up_ms":358354,"settled":1,"sent":1432,"received":1255,"malformed":0,"views":10,"replies_fenced":0,"actors":[{"key":1245650351,"running":0,"term":0,"owner":25344,"owner_term":9,"assigned":25344,"starts":1,"fenced":0,"released":1}]}
1791635415.510 {"t":"node","up_ms":358379,"node":29544,"epoch":171,"peers_alive":2,"peers_dead":0,"no_radio":0,"free_dram":203151,"largest_block":131072,"rx":{"total":9610,"bad_frame":0,"unknown_peer":16,"wrong_dst":0,"short_payload":0,"unknown_opcode":0,"queue_dropped":8},"tx":{"total":6203,"enqueue_err":0,"done_queue_dropped":0},"membership":{"deaths":5,"revivals":3,"reboots_seen":2,"table_full":0,"events_dropped":0}}
1791635415.510 {"t":"ns","node":29544,"hash":96177158,"owner":29544,"kind":"sampled","unit":0,"class":4,"bound_ms":5000,"quality":"GOOD","age_ms":346,"ts":358060,"updates":34,"value":-27}
1791635415.510 {"t":"ns","node":29544,"hash":1162973580,"owner":29544,"kind":"sampled","unit":101,"class":4,"bound_ms":30000,"quality":"GOOD","age_ms":371,"ts":358060,"updates":34,"value":203151}
1791635415.510 {"t":"ns","node":29544,"hash":4013525678,"owner":29544,"kind":"sampled","unit":101,"class":4,"bound_ms":30000,"quality":"GOOD","age_ms":384,"ts":358060,"updates":34,"value":131072}
1791635415.510 {"t":"ns","node":29544,"hash":1245650351,"owner":25344,"kind":"sampled","unit":0,"class":3,"bound_ms":500,"quality":"NO_DATA","age_ms":0,"ts":0,"updates":0,"value":null}
1791635415.510 {"t":"ns","node":29544,"hash":2033492666,"owner":29544,"kind":"sampled","unit":0,"class":3,"bound_ms":0,"quality":"NO_DATA","age_ms":0,"ts":0,"updates":0,"value":null}
1791635415.510 {"t":"ns","node":29544,"hash":1303338069,"owner":29544,"kind":"sampled","unit":100,"class":4,"bound_ms":0,"quality":"GOOD","age_ms":423,"ts":358060,"updates":34,"value":171}
1791635415.510 {"t":"ns","node":29544,"hash":288706273,"owner":29544,"kind":"sampled","unit":80,"class":4,"bound_ms":30000,"quality":"GOOD","age_ms":447,"ts":358060,"updates":34,"value":358}
1791635415.510 {"t":"ns","node":29544,"hash":2548334194,"owner":29544,"kind":"sampled","unit":100,"class":4,"bound_ms":5000,"quality":"GOOD","age_ms":460,"ts":358060,"updates":34,"value":2}
1791635425.658 {"t":"clk","node":29544,"up_ms":368533}
1791635425.658 {"t":"hs","up_s":368,"running":1,"sta":1,"has_ip":1,"ch":1,"rssi":-47,"clients":1,"reconnects":0,"int_free":203151,"psram_free":8336684,"boot_pick":1}
1791635425.658 {"t":"led","node":29544,"shows":"green","app":0}
1791635425.658 {"t":"event","at_ms":359389,"node":29544,"kind":"peer_admitted","peer":33120,"slot":1,"a":0,"b":0}
1791635425.658 {"t":"event","at_ms":360039,"node":29544,"kind":"peer_admitted","peer":25344,"slot":0,"a":0,"b":0}
1791635425.658 {"t":"event","at_ms":361388,"node":29544,"kind":"peer_admitted","peer":33120,"slot":1,"a":0,"b":0}
1791635425.658 {"t":"event","at_ms":361994,"node":29544,"kind":"peer_admitted","peer":25344,"slot":0,"a":0,"b":0}
1791635425.658 {"t":"event","at_ms":363389,"node":29544,"kind":"peer_admitted","peer":33120,"slot":1,"a":0,"b":0}
1791635425.658 {"t":"event","at_ms":363994,"node":29544,"kind":"peer_admitted","peer":25344,"slot":0,"a":0,"b":0}
1791635425.658 {"t":"event","at_ms":365388,"node":29544,"kind":"peer_admitted","peer":33120,"slot":1,"a":0,"b":0}
1791635425.658 {"t":"event","at_ms":365993,"node":29544,"kind":"peer_admitted","peer":25344,"slot":0,"a":0,"b":0}
1791635425.658 {"t":"event","at_ms":367389,"node":29544,"kind":"peer_admitted","peer":33120,"slot":1,"a":0,"b":0}
1791635425.658 {"t":"event","at_ms":367994,"node":29544,"kind":"peer_admitted","peer":25344,"slot":0,"a":0,"b":0}
1791635425.658 {"t":"link","up_ms":368638,"node":29544,"peer":25344,"mac":"b8:1f:3f:da:63:00","state":"alive","epoch":244,"espnow_ver":2,"mtu":1446,"misses":0,"rssi":-27,"tx":{"frames":1227,"cb_ok":1222,"cb_fail":5,"enqueue_err":0,"pdr_ppm":995925},"rx":{"frames":4828,"lost_seqgap":5,"reorder_dup":0,"dropped_bad":0,"hb_lost":61,"bcast_frames":3572,"pdr_ppm":998965},"rtt":{"samples":180,"min_us":5334,"max_us":38138,"timeouts":3,"txq_last_us":10516,"txq_max_us":11750,"remote_turnaround_us":954,"remote_turnaround_max_us":9684,"p50_us":[4000,6000],"p99_us":[30000,42000],"hist":[0,0,0,0,118,28,14,14,1,2,3,0,0,0,0,0]}}
1791635425.658 {"t":"link","up_ms":368689,"node":29544,"peer":33120,"mac":"b8:1f:3f:da:81:60","state":"alive","epoch":290,"espnow_ver":2,"mtu":1446,"misses":0,"rssi":-10,"tx":{"frames":1291,"cb_ok":1283,"cb_fail":8,"enqueue_err":0,"pdr_ppm":993803},"rx":{"frames":5052,"lost_seqgap":6,"reorder_dup":0,"dropped_bad":0,"hb_lost":39,"bcast_frames":3594,"pdr_ppm":998813},"rtt":{"samples":181,"min_us":5351,"max_us":51379,"timeouts":2,"txq_last_us":44448,"txq_max_us":44448,"remote_turnaround_us":950,"remote_turnaround_max_us":34040,"p50_us":[4000,6000],"p99_us":[42000,60000],"hist":[0,0,0,0,126,30,6,7,3,3,1,5,0,0,0,0]}}
1791635425.658 {"t":"auth","node":29544,"up_ms":368741,"enrolled":1,"required":1,"verified_peers":2,"verified":8,"cache_hits":364,"refused":0,"rate_limited":0,"stale_epoch":0,"verify_us_max":58621,"link_stack_free_b":1516,"crypto_stack_free_b":1228,"tags_ok":2342,"bad_tag":0,"replayed":0,"untagged":0,"bcast_dropped":0,"beacon_epoch_ignored":0,"tag_us_max":1472}
1791635425.658 {"t":"act","node":29544,"setpoint":0,"has_value":0,"writes_served":0}
1791635425.658 {"t":"peers","node":29544,"own_period_ms":100,"own_busy":1,"channel":1,"scanning":0,"scans":0,"hops":0,"found":0,"lost_to_found_ms":0,"moves_followed":0,"moves_refused":0,"sweeps":0,"sweep_found":0,"sweeping":0,"search_visits":0,"relay":1,"fwd_u":0,"fwd_b":7168,"fwd_h":372,"relay_dup":0,"list":[{"id":25344,"state":"alive","via_relay":0,"period_ms":100,"misses":6,"busy":0,"rtt_n":181},{"id":33120,"state":"alive","via_relay":0,"period_ms":100,"misses":6,"busy":0,"rtt_n":181}]}
1791635425.658 {"t":"ss","node":29544,"accepted":0,"unsigned":0,"unknown_sender":0,"bad_signature":0,"replayed":0,"rate_limited":0,"verify_us_max":0,"floors":[]}
1791635425.658 {"t":"rec","node":29544,"up_ms":368832,"settled":1,"sent":1474,"received":1297,"malformed":0,"views":10,"replies_fenced":0,"actors":[{"key":1245650351,"running":0,"term":0,"owner":25344,"owner_term":9,"assigned":25344,"starts":1,"fenced":0,"released":1}]}
1791635425.990 {"t":"node","up_ms":368856,"node":29544,"epoch":171,"peers_alive":2,"peers_dead":0,"no_radio":0,"free_dram":203151,"largest_block":131072,"rx":{"total":9898,"bad_frame":0,"unknown_peer":16,"wrong_dst":0,"short_payload":0,"unknown_opcode":0,"queue_dropped":8},"tx":{"total":6385,"enqueue_err":0,"done_queue_dropped":0},"membership":{"deaths":5,"revivals":3,"reboots_seen":2,"table_full":0,"events_dropped":0}}
1791635425.990 {"t":"ns","node":29544,"hash":96177158,"owner":29544,"kind":"sampled","unit":0,"class":4,"bound_ms":5000,"quality":"GOOD","age_ms":346,"ts":368548,"updates":35,"value":-27}
1791635425.990 {"t":"ns","node":29544,"hash":1162973580,"owner":29544,"kind":"sampled","unit":101,"class":4,"bound_ms":30000,"quality":"GOOD","age_ms":360,"ts":368548,"updates":35,"value":203151}
1791635425.990 {"t":"ns","node":29544,"hash":4013525678,"owner":29544,"kind":"sampled","unit":101,"class":4,"bound_ms":30000,"quality":"GOOD","age_ms":373,"ts":368548,"updates":35,"value":131072}
1791635425.990 {"t":"ns","node":29544,"hash":1245650351,"owner":25344,"kind":"sampled","unit":0,"class":3,"bound_ms":500,"quality":"NO_DATA","age_ms":0,"ts":0,"updates":0,"value":null}
1791635425.990 {"t":"ns","node":29544,"hash":2033492666,"owner":29544,"kind":"sampled","unit":0,"class":3,"bound_ms":0,"quality":"NO_DATA","age_ms":0,"ts":0,"updates":0,"value":null}
1791635425.990 {"t":"ns","node":29544,"hash":1303338069,"owner":29544,"kind":"sampled","unit":100,"class":4,"bound_ms":0,"quality":"GOOD","age_ms":424,"ts":368548,"updates":35,"value":171}
1791635425.990 {"t":"ns","node":29544,"hash":288706273,"owner":29544,"kind":"sampled","unit":80,"class":4,"bound_ms":30000,"quality":"GOOD","age_ms":437,"ts":368548,"updates":35,"value":368}
1791635425.990 {"t":"ns","node":29544,"hash":2548334194,"owner":29544,"kind":"sampled","unit":100,"class":4,"bound_ms":5000,"quality":"GOOD","age_ms":450,"ts":368548,"updates":35,"value":2}
1791635436.141 {"t":"clk","node":29544,"up_ms":379011}
1791635436.141 {"t":"hs","up_s":379,"running":1,"sta":1,"has_ip":1,"ch":1,"rssi":-46,"clients":1,"reconnects":0,"int_free":203151,"psram_free":8336684,"boot_pick":1}
1791635436.141 {"t":"led","node":29544,"shows":"green","app":0}
1791635436.141 {"t":"event","at_ms":369993,"node":29544,"kind":"peer_admitted","peer":25344,"slot":0,"a":0,"b":0}
1791635436.141 {"t":"event","at_ms":371388,"node":29544,"kind":"peer_admitted","peer":33120,"slot":1,"a":0,"b":0}
1791635436.141 {"t":"event","at_ms":371993,"node":29544,"kind":"peer_admitted","peer":25344,"slot":0,"a":0,"b":0}
1791635436.141 {"t":"event","at_ms":373389,"node":29544,"kind":"peer_admitted","peer":33120,"slot":1,"a":0,"b":0}
1791635436.141 {"t":"event","at_ms":373993,"node":29544,"kind":"peer_admitted","peer":25344,"slot":0,"a":0,"b":0}
1791635436.141 {"t":"event","at_ms":375390,"node":29544,"kind":"peer_admitted","peer":33120,"slot":1,"a":0,"b":0}
1791635436.141 {"t":"event","at_ms":375993,"node":29544,"kind":"peer_admitted","peer":25344,"slot":0,"a":0,"b":0}
1791635436.141 {"t":"event","at_ms":377388,"node":29544,"kind":"peer_admitted","peer":33120,"slot":1,"a":0,"b":0}
1791635436.141 {"t":"event","at_ms":377993,"node":29544,"kind":"peer_admitted","peer":25344,"slot":0,"a":0,"b":0}
1791635436.141 {"t":"link","up_ms":379104,"node":29544,"peer":25344,"mac":"b8:1f:3f:da:63:00","state":"alive","epoch":244,"espnow_ver":2,"mtu":1446,"misses":0,"rssi":-27,"tx":{"frames":1262,"cb_ok":1257,"cb_fail":5,"enqueue_err":0,"pdr_ppm":996038},"rx":{"frames":4971,"lost_seqgap":5,"reorder_dup":0,"dropped_bad":0,"hb_lost":63,"bcast_frames":3675,"pdr_ppm":998995},"rtt":{"samples":186,"min_us":5334,"max_us":38138,"timeouts":3,"txq_last_us":10516,"txq_max_us":11750,"remote_turnaround_us":970,"remote_turnaround_max_us":9684,"p50_us":[4000,6000],"p99_us":[30000,42000],"hist":[0,0,0,0,123,29,14,14,1,2,3,0,0,0,0,0]}}
1791635436.141 {"t":"link","up_ms":379155,"node":29544,"peer":33120,"mac":"b8:1f:3f:da:81:60","state":"alive","epoch":290,"espnow_ver":2,"mtu":1446,"misses":0,"rssi":-9,"tx":{"frames":1326,"cb_ok":1318,"cb_fail":8,"enqueue_err":0,"pdr_ppm":993966},"rx":{"frames":5194,"lost_seqgap":6,"reorder_dup":0,"dropped_bad":0,"hb_lost":41,"bcast_frames":3696,"pdr_ppm":998846},"rtt":{"samples":186,"min_us":5351,"max_us":51379,"timeouts":2,"txq_last_us":44448,"txq_max_us":44448,"remote_turnaround_us":949,"remote_turnaround_max_us":34040,"p50_us":[4000,6000],"p99_us":[42000,60000],"hist":[0,0,0,0,130,31,6,7,3,3,1,5,0,0,0,0]}}
1791635436.141 {"t":"auth","node":29544,"up_ms":379207,"enrolled":1,"required":1,"verified_peers":2,"verified":8,"cache_hits":373,"refused":0,"rate_limited":0,"stale_epoch":0,"verify_us_max":58621,"link_stack_free_b":1516,"crypto_stack_free_b":1228,"tags_ok":2413,"bad_tag":0,"replayed":0,"untagged":0,"bcast_dropped":0,"beacon_epoch_ignored":0,"tag_us_max":1472}
1791635436.141 {"t":"act","node":29544,"setpoint":0,"has_value":0,"writes_served":0}
1791635436.141 {"t":"peers","node":29544,"own_period_ms":100,"own_busy":1,"channel":1,"scanning":0,"scans":0,"hops":0,"found":0,"lost_to_found_ms":0,"moves_followed":0,"moves_refused":0,"sweeps":0,"sweep_found":0,"sweeping":0,"search_visits":0,"relay":1,"fwd_u":0,"fwd_b":7374,"fwd_h":381,"relay_dup":0,"list":[{"id":25344,"state":"alive","via_relay":0,"period_ms":100,"misses":6,"busy":0,"rtt_n":186},{"id":33120,"state":"alive","via_relay":0,"period_ms":100,"misses":6,"busy":0,"rtt_n":186}]}
1791635436.141 {"t":"ss","node":29544,"accepted":0,"unsigned":0,"unknown_sender":0,"bad_signature":0,"replayed":0,"rate_limited":0,"verify_us_max":0,"floors":[]}
1791635436.141 {"t":"rec","node":29544,"up_ms":379307,"settled":1,"sent":1515,"received":1339,"malformed":0,"views":10,"replies_fenced":0,"actors":[{"key":1245650351,"running":0,"term":0,"owner":25344,"owner_term":9,"assigned":25344,"starts":1,"fenced":0,"released":1}]}
1791635436.141 {"t":"node","up_ms":379321,"node":29544,"epoch":171,"peers_alive":2,"peers_dead":0,"no_radio":0,"free_dram":203151,"largest_block":131072,"rx":{"total":10183,"bad_frame":0,"unknown_peer":16,"wrong_dst":0,"short_payload":0,"unknown_opcode":0,"queue_dropped":8},"tx":{"total":6564,"enqueue_err":0,"done_queue_dropped":0},"membership":{"deaths":5,"revivals":3,"reboots_seen":2,"table_full":0,"events_dropped":0}}
1791635436.468 {"t":"ns","node":29544,"hash":96177158,"owner":29544,"kind":"sampled","unit":0,"class":4,"bound_ms":5000,"quality":"GOOD","age_ms":333,"ts":379026,"updates":36,"value":-28}
1791635436.468 {"t":"ns","node":29544,"hash":1162973580,"owner":29544,"kind":"sampled","unit":101,"class":4,"bound_ms":30000,"quality":"GOOD","age_ms":346,"ts":379026,"updates":36,"value":203151}
1791635436.468 {"t":"ns","node":29544,"hash":4013525678,"owner":29544,"kind":"sampled","unit":101,"class":4,"bound_ms":30000,"quality":"GOOD","age_ms":359,"ts":379026,"updates":36,"value":131072}
1791635436.468 {"t":"ns","node":29544,"hash":1245650351,"owner":25344,"kind":"sampled","unit":0,"class":3,"bound_ms":500,"quality":"NO_DATA","age_ms":0,"ts":0,"updates":0,"value":null}
1791635436.468 {"t":"ns","node":29544,"hash":2033492666,"owner":29544,"kind":"sampled","unit":0,"class":3,"bound_ms":0,"quality":"NO_DATA","age_ms":0,"ts":0,"updates":0,"value":null}
1791635436.468 {"t":"ns","node":29544,"hash":1303338069,"owner":29544,"kind":"sampled","unit":100,"class":4,"bound_ms":0,"quality":"GOOD","age_ms":410,"ts":379026,"updates":36,"value":171}
1791635436.468 {"t":"ns","node":29544,"hash":288706273,"owner":29544,"kind":"sampled","unit":80,"class":4,"bound_ms":30000,"quality":"GOOD","age_ms":423,"ts":379026,"updates":36,"value":379}
1791635436.468 {"t":"ns","node":29544,"hash":2548334194,"owner":29544,"kind":"sampled","unit":100,"class":4,"bound_ms":5000,"quality":"GOOD","age_ms":437,"ts":379026,"updates":36,"value":2}
1791635446.612 {"t":"clk","node":29544,"up_ms":389487}
1791635446.612 {"t":"hs","up_s":389,"running":1,"sta":1,"has_ip":1,"ch":1,"rssi":-46,"clients":1,"reconnects":0,"int_free":203151,"psram_free":8336684,"boot_pick":1}
1791635446.612 {"t":"led","node":29544,"shows":"green","app":0}
1791635446.612 {"t":"event","at_ms":379389,"node":29544,"kind":"peer_admitted","peer":33120,"slot":1,"a":0,"b":0}
1791635446.612 {"t":"event","at_ms":379994,"node":29544,"kind":"peer_admitted","peer":25344,"slot":0,"a":0,"b":0}
1791635446.612 {"t":"event","at_ms":381389,"node":29544,"kind":"peer_admitted","peer":33120,"slot":1,"a":0,"b":0}
1791635446.612 {"t":"event","at_ms":381995,"node":29544,"kind":"peer_admitted","peer":25344,"slot":0,"a":0,"b":0}
1791635446.612 {"t":"event","at_ms":383389,"node":29544,"kind":"peer_admitted","peer":33120,"slot":1,"a":0,"b":0}
1791635446.612 {"t":"event","at_ms":383993,"node":29544,"kind":"peer_admitted","peer":25344,"slot":0,"a":0,"b":0}
1791635446.612 {"t":"event","at_ms":385389,"node":29544,"kind":"peer_admitted","peer":33120,"slot":1,"a":0,"b":0}
1791635446.612 {"t":"event","at_ms":385994,"node":29544,"kind":"peer_admitted","peer":25344,"slot":0,"a":0,"b":0}
1791635446.612 {"t":"event","at_ms":387388,"node":29544,"kind":"peer_admitted","peer":33120,"slot":1,"a":0,"b":0}
1791635446.612 {"t":"event","at_ms":387994,"node":29544,"kind":"peer_admitted","peer":25344,"slot":0,"a":0,"b":0}
1791635446.612 {"t":"event","at_ms":389389,"node":29544,"kind":"peer_admitted","peer":33120,"slot":1,"a":0,"b":0}
1791635446.612 {"t":"link","up_ms":389594,"node":29544,"peer":25344,"mac":"b8:1f:3f:da:63:00","state":"alive","epoch":244,"espnow_ver":2,"mtu":1446,"misses":0,"rssi":-27,"tx":{"frames":1297,"cb_ok":1292,"cb_fail":5,"enqueue_err":0,"pdr_ppm":996144},"rx":{"frames":5116,"lost_seqgap":5,"reorder_dup":0,"dropped_bad":0,"hb_lost":63,"bcast_frames":3780,"pdr_ppm":999023},"rtt":{"samples":191,"min_us":5334,"max_us":38138,"timeouts":3,"txq_last_us":10516,"txq_max_us":11750,"remote_turnaround_us":968,"remote_turnaround_max_us":9684,"p50_us":[4000,6000],"p99_us":[30000,42000],"hist":[0,0,0,0,128,29,14,14,1,2,3,0,0,0,0,0]}}
1791635446.612 {"t":"link","up_ms":389656,"node":29544,"peer":33120,"mac":"b8:1f:3f:da:81:60","state":"alive","epoch":290,"espnow_ver":2,"mtu":1446,"misses":0,"rssi":-10,"tx":{"frames":1363,"cb_ok":1355,"cb_fail":8,"enqueue_err":0,"pdr_ppm":994130},"rx":{"frames":5341,"lost_seqgap":6,"reorder_dup":0,"dropped_bad":0,"hb_lost":41,"bcast_frames":3801,"pdr_ppm":998877},"rtt":{"samples":191,"min_us":5351,"max_us":51379,"timeouts":2,"txq_last_us":44448,"txq_max_us":44448,"remote_turnaround_us":958,"remote_turnaround_max_us":34040,"p50_us":[4000,6000],"p99_us":[42000,60000],"hist":[0,0,0,0,134,32,6,7,3,3,1,5,0,0,0,0]}}
1791635446.612 {"t":"auth","node":29544,"up_ms":389707,"enrolled":1,"required":1,"verified_peers":2,"verified":8,"cache_hits":384,"refused":0,"rate_limited":0,"stale_epoch":0,"verify_us_max":58621,"link_stack_free_b":1516,"crypto_stack_free_b":1228,"tags_ok":2484,"bad_tag":0,"replayed":0,"untagged":0,"bcast_dropped":0,"beacon_epoch_ignored":0,"tag_us_max":1472}
1791635446.612 {"t":"act","node":29544,"setpoint":0,"has_value":0,"writes_served":0}
1791635446.612 {"t":"peers","node":29544,"own_period_ms":100,"own_busy":1,"channel":1,"scanning":0,"scans":0,"hops":0,"found":0,"lost_to_found_ms":0,"moves_followed":0,"moves_refused":0,"sweeps":0,"sweep_found":0,"sweeping":0,"search_visits":0,"relay":1,"fwd_u":0,"fwd_b":7584,"fwd_h":392,"relay_dup":0,"list":[{"id":25344,"state":"alive","via_relay":0,"period_ms":100,"misses":6,"busy":0,"rtt_n":191},{"id":33120,"state":"alive","via_relay":0,"period_ms":100,"misses":6,"busy":0,"rtt_n":191}]}
1791635446.612 {"t":"ss","node":29544,"accepted":0,"unsigned":0,"unknown_sender":0,"bad_signature":0,"replayed":0,"rate_limited":0,"verify_us_max":0,"floors":[]}
1791635446.612 {"t":"rec","node":29544,"up_ms":389796,"settled":1,"sent":1557,"received":1381,"malformed":0,"views":10,"replies_fenced":0,"actors":[{"key":1245650351,"running":0,"term":0,"owner":25344,"owner_term":9,"assigned":25344,"starts":1,"fenced":0,"released":1}]}
1791635446.961 {"t":"node","up_ms":389822,"node":29544,"epoch":171,"peers_alive":2,"peers_dead":0,"no_radio":0,"free_dram":203151,"largest_block":131072,"rx":{"total":10476,"bad_frame":0,"unknown_peer":16,"wrong_dst":0,"short_payload":0,"unknown_opcode":0,"queue_dropped":8},"tx":{"total":6747,"enqueue_err":0,"done_queue_dropped":0},"membership":{"deaths":5,"revivals":3,"reboots_seen":2,"table_full":0,"events_dropped":0}}
1791635446.961 {"t":"ns","node":29544,"hash":96177158,"owner":29544,"kind":"sampled","unit":0,"class":4,"bound_ms":5000,"quality":"GOOD","age_ms":347,"ts":389502,"updates":37,"value":-28}
1791635446.961 {"t":"ns","node":29544,"hash":1162973580,"owner":29544,"kind":"sampled","unit":101,"class":4,"bound_ms":30000,"quality":"GOOD","age_ms":371,"ts":389502,"updates":37,"value":203151}
1791635446.961 {"t":"ns","node":29544,"hash":4013525678,"owner":29544,"kind":"sampled","unit":101,"class":4,"bound_ms":30000,"quality":"GOOD","age_ms":384,"ts":389502,"updates":37,"value":131072}
1791635446.961 {"t":"ns","node":29544,"hash":1245650351,"owner":25344,"kind":"sampled","unit":0,"class":3,"bound_ms":500,"quality":"NO_DATA","age_ms":0,"ts":0,"updates":0,"value":null}
1791635446.961 {"t":"ns","node":29544,"hash":2033492666,"owner":29544,"kind":"sampled","unit":0,"class":3,"bound_ms":0,"quality":"NO_DATA","age_ms":0,"ts":0,"updates":0,"value":null}
1791635446.961 {"t":"ns","node":29544,"hash":1303338069,"owner":29544,"kind":"sampled","unit":100,"class":4,"bound_ms":0,"quality":"GOOD","age_ms":424,"ts":389502,"updates":37,"value":171}
1791635446.961 {"t":"ns","node":29544,"hash":288706273,"owner":29544,"kind":"sampled","unit":80,"class":4,"bound_ms":30000,"quality":"GOOD","age_ms":438,"ts":389502,"updates":37,"value":389}
1791635446.961 {"t":"ns","node":29544,"hash":2548334194,"owner":29544,"kind":"sampled","unit":100,"class":4,"bound_ms":5000,"quality":"GOOD","age_ms":462,"ts":389502,"updates":37,"value":2}
1791635457.104 {"t":"clk","node":29544,"up_ms":399977}
1791635457.104 {"t":"hs","up_s":399,"running":1,"sta":1,"has_ip":1,"ch":1,"rssi":-45,"clients":1,"reconnects":0,"int_free":203151,"psram_free":8336684,"boot_pick":1}
1791635457.104 {"t":"led","node":29544,"shows":"green","app":0}
1791635457.104 {"t":"event","at_ms":389994,"node":29544,"kind":"peer_admitted","peer":25344,"slot":0,"a":0,"b":0}
1791635457.104 {"t":"event","at_ms":391388,"node":29544,"kind":"peer_admitted","peer":33120,"slot":1,"a":0,"b":0}
1791635457.104 {"t":"event","at_ms":391994,"node":29544,"kind":"peer_admitted","peer":25344,"slot":0,"a":0,"b":0}
1791635457.104 {"t":"event","at_ms":393388,"node":29544,"kind":"peer_admitted","peer":33120,"slot":1,"a":0,"b":0}
1791635457.104 {"t":"event","at_ms":393993,"node":29544,"kind":"peer_admitted","peer":25344,"slot":0,"a":0,"b":0}
1791635457.104 {"t":"event","at_ms":395388,"node":29544,"kind":"peer_admitted","peer":33120,"slot":1,"a":0,"b":0}
1791635457.104 {"t":"event","at_ms":395992,"node":29544,"kind":"peer_admitted","peer":25344,"slot":0,"a":0,"b":0}
1791635457.104 {"t":"event","at_ms":397388,"node":29544,"kind":"peer_admitted","peer":33120,"slot":1,"a":0,"b":0}
1791635457.104 {"t":"event","at_ms":397993,"node":29544,"kind":"peer_admitted","peer":25344,"slot":0,"a":0,"b":0}
1791635457.104 {"t":"event","at_ms":399388,"node":29544,"kind":"peer_admitted","peer":33120,"slot":1,"a":0,"b":0}
1791635457.104 {"t":"event","at_ms":399993,"node":29544,"kind":"peer_admitted","peer":25344,"slot":0,"a":0,"b":0}
1791635457.104 {"t":"link","up_ms":400085,"node":29544,"peer":25344,"mac":"b8:1f:3f:da:63:00","state":"alive","epoch":244,"espnow_ver":2,"mtu":1446,"misses":0,"rssi":-27,"tx":{"frames":1332,"cb_ok":1327,"cb_fail":5,"enqueue_err":0,"pdr_ppm":996246},"rx":{"frames":5262,"lost_seqgap":5,"reorder_dup":0,"dropped_bad":0,"hb_lost":63,"bcast_frames":3885,"pdr_ppm":999050},"rtt":{"samples":196,"min_us":5334,"max_us":38138,"timeouts":3,"txq_last_us":10516,"txq_max_us":11750,"remote_turnaround_us":949,"remote_turnaround_max_us":9684,"p50_us":[4000,6000],"p99_us":[30000,42000],"hist":[0,0,0,0,132,30,14,14,1,2,3,0,0,0,0,0]}}
1791635457.104 {"t":"link","up_ms":400136,"node":29544,"peer":33120,"mac":"b8:1f:3f:da:81:60","state":"alive","epoch":290,"espnow_ver":2,"mtu":1446,"misses":0,"rssi":-9,"tx":{"frames":1400,"cb_ok":1392,"cb_fail":8,"enqueue_err":0,"pdr_ppm":994285},"rx":{"frames":5489,"lost_seqgap":6,"reorder_dup":0,"dropped_bad":0,"hb_lost":41,"bcast_frames":3906,"pdr_ppm":998908},"rtt":{"samples":197,"min_us":5351,"max_us":51379,"timeouts":2,"txq_last_us":44448,"txq_max_us":44448,"remote_turnaround_us":962,"remote_turnaround_max_us":34040,"p50_us":[4000,6000],"p99_us":[42000,60000],"hist":[0,0,0,0,140,32,6,7,3,3,1,5,0,0,0,0]}}
1791635457.104 {"t":"auth","node":29544,"up_ms":400198,"enrolled":1,"required":1,"verified_peers":2,"verified":8,"cache_hits":395,"refused":0,"rate_limited":0,"stale_epoch":0,"verify_us_max":58621,"link_stack_free_b":1516,"crypto_stack_free_b":1228,"tags_ok":2557,"bad_tag":0,"replayed":0,"untagged":0,"bcast_dropped":0,"beacon_epoch_ignored":0,"tag_us_max":1472}
1791635457.104 {"t":"act","node":29544,"setpoint":0,"has_value":0,"writes_served":0}
1791635457.104 {"t":"peers","node":29544,"own_period_ms":100,"own_busy":1,"channel":1,"scanning":0,"scans":0,"hops":0,"found":0,"lost_to_found_ms":0,"moves_followed":0,"moves_refused":0,"sweeps":0,"sweep_found":0,"sweeping":0,"search_visits":0,"relay":1,"fwd_u":0,"fwd_b":7793,"fwd_h":403,"relay_dup":0,"list":[{"id":25344,"state":"alive","via_relay":0,"period_ms":100,"misses":6,"busy":0,"rtt_n":196},{"id":33120,"state":"alive","via_relay":0,"period_ms":100,"misses":6,"busy":0,"rtt_n":197}]}
1791635457.104 {"t":"ss","node":29544,"accepted":0,"unsigned":0,"unknown_sender":0,"bad_signature":0,"replayed":0,"rate_limited":0,"verify_us_max":0,"floors":[]}
1791635457.104 {"t":"rec","node":29544,"up_ms":400287,"settled":1,"sent":1599,"received":1423,"malformed":0,"views":10,"replies_fenced":0,"actors":[{"key":1245650351,"running":0,"term":0,"owner":25344,"owner_term":9,"assigned":25344,"starts":1,"fenced":0,"released":1}]}
1791635457.441 {"t":"node","up_ms":400313,"node":29544,"epoch":171,"peers_alive":2,"peers_dead":0,"no_radio":0,"free_dram":202931,"largest_block":126976,"rx":{"total":10770,"bad_frame":0,"unknown_peer":16,"wrong_dst":0,"short_payload":0,"unknown_opcode":0,"queue_dropped":8},"tx":{"total":6930,"enqueue_err":0,"done_queue_dropped":0},"membership":{"deaths":5,"revivals":3,"reboots_seen":2,"table_full":0,"events_dropped":0}}
1791635457.441 {"t":"ns","node":29544,"hash":96177158,"owner":29544,"kind":"sampled","unit":0,"class":4,"bound_ms":5000,"quality":"GOOD","age_ms":347,"ts":399993,"updates":38,"value":-28}
1791635457.441 {"t":"ns","node":29544,"hash":1162973580,"owner":29544,"kind":"sampled","unit":101,"class":4,"bound_ms":30000,"quality":"GOOD","age_ms":360,"ts":399993,"updates":38,"value":202527}
1791635457.441 {"t":"ns","node":29544,"hash":4013525678,"owner":29544,"kind":"sampled","unit":101,"class":4,"bound_ms":30000,"quality":"GOOD","age_ms":385,"ts":399993,"updates":38,"value":126976}
1791635457.441 {"t":"ns","node":29544,"hash":1245650351,"owner":25344,"kind":"sampled","unit":0,"class":3,"bound_ms":500,"quality":"NO_DATA","age_ms":0,"ts":0,"updates":0,"value":null}
1791635457.441 {"t":"ns","node":29544,"hash":2033492666,"owner":29544,"kind":"sampled","unit":0,"class":3,"bound_ms":0,"quality":"NO_DATA","age_ms":0,"ts":0,"updates":0,"value":null}
1791635457.441 {"t":"ns","node":29544,"hash":1303338069,"owner":29544,"kind":"sampled","unit":100,"class":4,"bound_ms":0,"quality":"GOOD","age_ms":424,"ts":399993,"updates":38,"value":171}
1791635457.441 {"t":"ns","node":29544,"hash":288706273,"owner":29544,"kind":"sampled","unit":80,"class":4,"bound_ms":30000,"quality":"GOOD","age_ms":437,"ts":399993,"updates":38,"value":399}
1791635457.441 {"t":"ns","node":29544,"hash":2548334194,"owner":29544,"kind":"sampled","unit":100,"class":4,"bound_ms":5000,"quality":"GOOD","age_ms":462,"ts":399993,"updates":38,"value":2}
1791635467.597 {"t":"clk","node":29544,"up_ms":410468}
1791635467.597 {"t":"hs","up_s":410,"running":1,"sta":1,"has_ip":1,"ch":1,"rssi":-46,"clients":1,"reconnects":0,"int_free":203151,"psram_free":8336684,"boot_pick":1}
1791635467.597 {"t":"led","node":29544,"shows":"green","app":0}
1791635467.597 {"t":"event","at_ms":401388,"node":29544,"kind":"peer_admitted","peer":33120,"slot":1,"a":0,"b":0}
1791635467.597 {"t":"event","at_ms":401993,"node":29544,"kind":"peer_admitted","peer":25344,"slot":0,"a":0,"b":0}
1791635467.597 {"t":"event","at_ms":403388,"node":29544,"kind":"peer_admitted","peer":33120,"slot":1,"a":0,"b":0}
1791635467.597 {"t":"event","at_ms":403993,"node":29544,"kind":"peer_admitted","peer":25344,"slot":0,"a":0,"b":0}
1791635467.597 {"t":"event","at_ms":405388,"node":29544,"kind":"peer_admitted","peer":33120,"slot":1,"a":0,"b":0}
1791635467.597 {"t":"event","at_ms":405993,"node":29544,"kind":"peer_admitted","peer":25344,"slot":0,"a":0,"b":0}
1791635467.597 {"t":"event","at_ms":407388,"node":29544,"kind":"peer_admitted","peer":33120,"slot":1,"a":0,"b":0}
1791635467.597 {"t":"event","at_ms":407992,"node":29544,"kind":"peer_admitted","peer":25344,"slot":0,"a":0,"b":0}
1791635467.597 {"t":"event","at_ms":409388,"node":29544,"kind":"peer_admitted","peer":33120,"slot":1,"a":0,"b":0}
1791635467.597 {"t":"event","at_ms":409993,"node":29544,"kind":"peer_admitted","peer":25344,"slot":0,"a":0,"b":0}
1791635467.597 {"t":"link","up_ms":410572,"node":29544,"peer":25344,"mac":"b8:1f:3f:da:63:00","state":"alive","epoch":244,"espnow_ver":2,"mtu":1446,"misses":0,"rssi":-27,"tx":{"frames":1367,"cb_ok":1362,"cb_fail":5,"enqueue_err":0,"pdr_ppm":996342},"rx":{"frames":5407,"lost_seqgap":5,"reorder_dup":0,"dropped_bad":0,"hb_lost":63,"bcast_frames":3990,"pdr_ppm":999076},"rtt":{"samples":201,"min_us":5334,"max_us":38138,"timeouts":3,"txq_last_us":10516,"txq_max_us":11750,"remote_turnaround_us":973,"remote_turnaround_max_us":9684,"p50_us":[4000,6000],"p99_us":[30000,42000],"hist":[0,0,0,0,135,32,14,14,1,2,3,0,0,0,0,0]}}
1791635467.597 {"t":"link","up_ms":410623,"node":29544,"peer":33120,"mac":"b8:1f:3f:da:81:60","state":"alive","epoch":290,"espnow_ver":2,"mtu":1446,"misses":0,"rssi":-9,"tx":{"frames":1437,"cb_ok":1429,"cb_fail":8,"enqueue_err":0,"pdr_ppm":994432},"rx":{"frames":5636,"lost_seqgap":6,"reorder_dup":0,"dropped_bad":0,"hb_lost":41,"bcast_frames":4011,"pdr_ppm":998936},"rtt":{"samples":202,"min_us":5351,"max_us":51379,"timeouts":2,"txq_last_us":44448,"txq_max_us":44448,"remote_turnaround_us":947,"remote_turnaround_max_us":34040,"p50_us":[4000,6000],"p99_us":[42000,60000],"hist":[0,0,0,0,144,33,6,7,3,3,1,5,0,0,0,0]}}
1791635467.597 {"t":"auth","node":29544,"up_ms":410675,"enrolled":1,"required":1,"verified_peers":2,"verified":8,"cache_hits":405,"refused":0,"rate_limited":0,"stale_epoch":0,"verify_us_max":58621,"link_stack_free_b":1516,"crypto_stack_free_b":1228,"tags_ok":2629,"bad_tag":0,"replayed":0,"untagged":0,"bcast_dropped":0,"beacon_epoch_ignored":0,"tag_us_max":1472}
1791635467.597 {"t":"act","node":29544,"setpoint":0,"has_value":0,"writes_served":0}
1791635467.597 {"t":"peers","node":29544,"own_period_ms":100,"own_busy":1,"channel":1,"scanning":0,"scans":0,"hops":0,"found":0,"lost_to_found_ms":0,"moves_followed":0,"moves_refused":0,"sweeps":0,"sweep_found":0,"sweeping":0,"search_visits":0,"relay":1,"fwd_u":0,"fwd_b":8003,"fwd_h":413,"relay_dup":0,"list":[{"id":25344,"state":"alive","via_relay":0,"period_ms":100,"misses":6,"busy":0,"rtt_n":201},{"id":33120,"state":"alive","via_relay":0,"period_ms":100,"misses":6,"busy":0,"rtt_n":202}]}
1791635467.597 {"t":"ss","node":29544,"accepted":0,"unsigned":0,"unknown_sender":0,"bad_signature":0,"replayed":0,"rate_limited":0,"verify_us_max":0,"floors":[]}
1791635467.597 {"t":"rec","node":29544,"up_ms":410764,"settled":1,"sent":1641,"received":1465,"malformed":0,"views":10,"replies_fenced":0,"actors":[{"key":1245650351,"running":0,"term":0,"owner":25344,"owner_term":9,"assigned":25344,"starts":1,"fenced":0,"released":1}]}
1791635467.926 {"t":"node","up_ms":410789,"node":29544,"epoch":171,"peers_alive":2,"peers_dead":0,"no_radio":0,"free_dram":203151,"largest_block":131072,"rx":{"total":11061,"bad_frame":0,"unknown_peer":16,"wrong_dst":0,"short_payload":0,"unknown_opcode":0,"queue_dropped":8},"tx":{"total":7109,"enqueue_err":0,"done_queue_dropped":0},"membership":{"deaths":5,"revivals":3,"reboots_seen":2,"table_full":0,"events_dropped":0}}
1791635467.926 {"t":"ns","node":29544,"hash":96177158,"owner":29544,"kind":"sampled","unit":0,"class":4,"bound_ms":5000,"quality":"GOOD","age_ms":345,"ts":410483,"updates":39,"value":-27}
1791635467.926 {"t":"ns","node":29544,"hash":1162973580,"owner":29544,"kind":"sampled","unit":101,"class":4,"bound_ms":30000,"quality":"GOOD","age_ms":358,"ts":410483,"updates":39,"value":203151}
1791635467.926 {"t":"ns","node":29544,"hash":4013525678,"owner":29544,"kind":"sampled","unit":101,"class":4,"bound_ms":30000,"quality":"GOOD","age_ms":371,"ts":410483,"updates":39,"value":131072}
1791635467.926 {"t":"ns","node":29544,"hash":1245650351,"owner":25344,"kind":"sampled","unit":0,"class":3,"bound_ms":500,"quality":"NO_DATA","age_ms":0,"ts":0,"updates":0,"value":null}
1791635467.926 {"t":"ns","node":29544,"hash":2033492666,"owner":29544,"kind":"sampled","unit":0,"class":3,"bound_ms":0,"quality":"NO_DATA","age_ms":0,"ts":0,"updates":0,"value":null}
1791635467.926 {"t":"ns","node":29544,"hash":1303338069,"owner":29544,"kind":"sampled","unit":100,"class":4,"bound_ms":0,"quality":"GOOD","age_ms":423,"ts":410483,"updates":39,"value":171}
1791635467.926 {"t":"ns","node":29544,"hash":288706273,"owner":29544,"kind":"sampled","unit":80,"class":4,"bound_ms":30000,"quality":"GOOD","age_ms":436,"ts":410483,"updates":39,"value":410}
1791635467.926 {"t":"ns","node":29544,"hash":2548334194,"owner":29544,"kind":"sampled","unit":100,"class":4,"bound_ms":5000,"quality":"GOOD","age_ms":449,"ts":410483,"updates":39,"value":2}
1791635478.069 {"t":"clk","node":29544,"up_ms":420945}
1791635478.069 {"t":"hs","up_s":420,"running":1,"sta":1,"has_ip":1,"ch":1,"rssi":-46,"clients":1,"reconnects":0,"int_free":203151,"psram_free":8336684,"boot_pick":1}
1791635478.069 {"t":"led","node":29544,"shows":"green","app":0}
1791635478.069 {"t":"event","at_ms":411388,"node":29544,"kind":"peer_admitted","peer":33120,"slot":1,"a":0,"b":0}
1791635478.069 {"t":"event","at_ms":411992,"node":29544,"kind":"peer_admitted","peer":25344,"slot":0,"a":0,"b":0}
1791635478.069 {"t":"event","at_ms":413388,"node":29544,"kind":"peer_admitted","peer":33120,"slot":1,"a":0,"b":0}
1791635478.069 {"t":"event","at_ms":413994,"node":29544,"kind":"peer_admitted","peer":25344,"slot":0,"a":0,"b":0}
1791635478.069 {"t":"event","at_ms":415388,"node":29544,"kind":"peer_admitted","peer":33120,"slot":1,"a":0,"b":0}
1791635478.069 {"t":"event","at_ms":415993,"node":29544,"kind":"peer_admitted","peer":25344,"slot":0,"a":0,"b":0}
1791635478.069 {"t":"event","at_ms":417390,"node":29544,"kind":"peer_admitted","peer":33120,"slot":1,"a":0,"b":0}
1791635478.069 {"t":"event","at_ms":417993,"node":29544,"kind":"peer_admitted","peer":25344,"slot":0,"a":0,"b":0}
1791635478.069 {"t":"event","at_ms":419388,"node":29544,"kind":"peer_admitted","peer":33120,"slot":1,"a":0,"b":0}
1791635478.069 {"t":"event","at_ms":419993,"node":29544,"kind":"peer_admitted","peer":25344,"slot":0,"a":0,"b":0}
1791635478.069 {"t":"link","up_ms":421049,"node":29544,"peer":25344,"mac":"b8:1f:3f:da:63:00","state":"alive","epoch":244,"espnow_ver":2,"mtu":1446,"misses":0,"rssi":-27,"tx":{"frames":1401,"cb_ok":1396,"cb_fail":5,"enqueue_err":0,"pdr_ppm":996431},"rx":{"frames":5552,"lost_seqgap":5,"reorder_dup":0,"dropped_bad":0,"hb_lost":63,"bcast_frames":4095,"pdr_ppm":999100},"rtt":{"samples":207,"min_us":5334,"max_us":38138,"timeouts":3,"txq_last_us":10516,"txq_max_us":11750,"remote_turnaround_us":964,"remote_turnaround_max_us":9684,"p50_us":[4000,6000],"p99_us":[30000,42000],"hist":[0,0,0,0,141,32,14,14,1,2,3,0,0,0,0,0]}}
1791635478.069 {"t":"link","up_ms":421101,"node":29544,"peer":33120,"mac":"b8:1f:3f:da:81:60","state":"alive","epoch":290,"espnow_ver":2,"mtu":1446,"misses":0,"rssi":-9,"tx":{"frames":1473,"cb_ok":1465,"cb_fail":8,"enqueue_err":0,"pdr_ppm":994568},"rx":{"frames":5782,"lost_seqgap":6,"reorder_dup":0,"dropped_bad":0,"hb_lost":41,"bcast_frames":4116,"pdr_ppm":998963},"rtt":{"samples":207,"min_us":5351,"max_us":51379,"timeouts":2,"txq_last_us":44448,"txq_max_us":44448,"remote_turnaround_us":948,"remote_turnaround_max_us":34040,"p50_us":[4000,6000],"p99_us":[42000,60000],"hist":[0,0,0,0,147,34,6,8,3,3,1,5,0,0,0,0]}}
1791635478.069 {"t":"auth","node":29544,"up_ms":421152,"enrolled":1,"required":1,"verified_peers":2,"verified":8,"cache_hits":415,"refused":0,"rate_limited":0,"stale_epoch":0,"verify_us_max":58621,"link_stack_free_b":1516,"crypto_stack_free_b":1228,"tags_ok":2700,"bad_tag":0,"replayed":0,"untagged":0,"bcast_dropped":0,"beacon_epoch_ignored":0,"tag_us_max":1472}
1791635478.069 {"t":"act","node":29544,"setpoint":0,"has_value":0,"writes_served":0}
1791635478.069 {"t":"peers","node":29544,"own_period_ms":100,"own_busy":1,"channel":1,"scanning":0,"scans":0,"hops":0,"found":0,"lost_to_found_ms":0,"moves_followed":0,"moves_refused":0,"sweeps":0,"sweep_found":0,"sweeping":0,"search_visits":0,"relay":1,"fwd_u":0,"fwd_b":8213,"fwd_h":423,"relay_dup":0,"list":[{"id":25344,"state":"alive","via_relay":0,"period_ms":100,"misses":6,"busy":0,"rtt_n":207},{"id":33120,"state":"alive","via_relay":0,"period_ms":100,"misses":6,"busy":0,"rtt_n":207}]}
1791635478.069 {"t":"ss","node":29544,"accepted":0,"unsigned":0,"unknown_sender":0,"bad_signature":0,"replayed":0,"rate_limited":0,"verify_us_max":0,"floors":[]}
1791635478.069 {"t":"rec","node":29544,"up_ms":421242,"settled":1,"sent":1683,"received":1507,"malformed":0,"views":10,"replies_fenced":0,"actors":[{"key":1245650351,"running":0,"term":0,"owner":25344,"owner_term":9,"assigned":25344,"starts":1,"fenced":0,"released":1}]}
1791635478.401 {"t":"node","up_ms":421267,"node":29544,"epoch":171,"peers_alive":2,"peers_dead":0,"no_radio":0,"free_dram":202947,"largest_block":126976,"rx":{"total":11352,"bad_frame":0,"unknown_peer":16,"wrong_dst":0,"short_payload":0,"unknown_opcode":0,"queue_dropped":8},"tx":{"total":7290,"enqueue_err":0,"done_queue_dropped":0},"membership":{"deaths":5,"revivals":3,"reboots_seen":2,"table_full":0,"events_dropped":0}}
1791635478.401 {"t":"ns","node":29544,"hash":96177158,"owner":29544,"kind":"sampled","unit":0,"class":4,"bound_ms":5000,"quality":"GOOD","age_ms":345,"ts":420960,"updates":40,"value":-27}
1791635478.401 {"t":"ns","node":29544,"hash":1162973580,"owner":29544,"kind":"sampled","unit":101,"class":4,"bound_ms":30000,"quality":"GOOD","age_ms":359,"ts":420960,"updates":40,"value":203151}
1791635478.401 {"t":"ns","node":29544,"hash":4013525678,"owner":29544,"kind":"sampled","unit":101,"class":4,"bound_ms":30000,"quality":"GOOD","age_ms":372,"ts":420960,"updates":40,"value":131072}
1791635478.401 {"t":"ns","node":29544,"hash":1245650351,"owner":25344,"kind":"sampled","unit":0,"class":3,"bound_ms":500,"quality":"NO_DATA","age_ms":0,"ts":0,"updates":0,"value":null}
1791635478.401 {"t":"ns","node":29544,"hash":2033492666,"owner":29544,"kind":"sampled","unit":0,"class":3,"bound_ms":0,"quality":"NO_DATA","age_ms":0,"ts":0,"updates":0,"value":null}
1791635478.401 {"t":"ns","node":29544,"hash":1303338069,"owner":29544,"kind":"sampled","unit":100,"class":4,"bound_ms":0,"quality":"GOOD","age_ms":422,"ts":420960,"updates":40,"value":171}
1791635478.401 {"t":"ns","node":29544,"hash":288706273,"owner":29544,"kind":"sampled","unit":80,"class":4,"bound_ms":30000,"quality":"GOOD","age_ms":436,"ts":420960,"updates":40,"value":420}
1791635478.401 {"t":"ns","node":29544,"hash":2548334194,"owner":29544,"kind":"sampled","unit":100,"class":4,"bound_ms":5000,"quality":"GOOD","age_ms":449,"ts":420960,"updates":40,"value":2}
1791635488.550 {"t":"clk","node":29544,"up_ms":431421}
1791635488.550 {"t":"hs","up_s":431,"running":1,"sta":1,"has_ip":1,"ch":1,"rssi":-46,"clients":1,"reconnects":0,"int_free":203151,"psram_free":8336684,"boot_pick":1}
1791635488.550 {"t":"led","node":29544,"shows":"green","app":0}
1791635488.550 {"t":"event","at_ms":421388,"node":29544,"kind":"peer_admitted","peer":33120,"slot":1,"a":0,"b":0}
1791635488.550 {"t":"event","at_ms":421993,"node":29544,"kind":"peer_admitted","peer":25344,"slot":0,"a":0,"b":0}
1791635488.550 {"t":"event","at_ms":423388,"node":29544,"kind":"peer_admitted","peer":33120,"slot":1,"a":0,"b":0}
1791635488.550 {"t":"event","at_ms":423995,"node":29544,"kind":"peer_admitted","peer":25344,"slot":0,"a":0,"b":0}
1791635488.550 {"t":"event","at_ms":425388,"node":29544,"kind":"peer_admitted","peer":33120,"slot":1,"a":0,"b":0}
1791635488.550 {"t":"event","at_ms":425992,"node":29544,"kind":"peer_admitted","peer":25344,"slot":0,"a":0,"b":0}
1791635488.550 {"t":"event","at_ms":427388,"node":29544,"kind":"peer_admitted","peer":33120,"slot":1,"a":0,"b":0}
1791635488.550 {"t":"event","at_ms":427993,"node":29544,"kind":"peer_admitted","peer":25344,"slot":0,"a":0,"b":0}
1791635488.550 {"t":"event","at_ms":429388,"node":29544,"kind":"peer_admitted","peer":33120,"slot":1,"a":0,"b":0}
1791635488.550 {"t":"event","at_ms":429992,"node":29544,"kind":"peer_admitted","peer":25344,"slot":0,"a":0,"b":0}
1791635488.550 {"t":"event","at_ms":431388,"node":29544,"kind":"peer_admitted","peer":33120,"slot":1,"a":0,"b":0}
1791635488.550 {"t":"link","up_ms":431538,"node":29544,"peer":25344,"mac":"b8:1f:3f:da:63:00","state":"alive","epoch":244,"espnow_ver":2,"mtu":1446,"misses":0,"rssi":-27,"tx":{"frames":1436,"cb_ok":1431,"cb_fail":5,"enqueue_err":0,"pdr_ppm":996518},"rx":{"frames":5695,"lost_seqgap":5,"reorder_dup":0,"dropped_bad":0,"hb_lost":64,"bcast_frames":4199,"pdr_ppm":999122},"rtt":{"samples":212,"min_us":5334,"max_us":38138,"timeouts":3,"txq_last_us":10516,"txq_max_us":11750,"remote_turnaround_us":961,"remote_turnaround_max_us":9684,"p50_us":[4000,6000],"p99_us":[30000,42000],"hist":[0,0,0,0,146,32,14,14,1,2,3,0,0,0,0,0]}}
1791635488.550 {"t":"link","up_ms":431589,"node":29544,"peer":33120,"mac":"b8:1f:3f:da:81:60","state":"alive","epoch":290,"espnow_ver":2,"mtu":1446,"misses":0,"rssi":-9,"tx":{"frames":1510,"cb_ok":1502,"cb_fail":8,"enqueue_err":0,"pdr_ppm":994701},"rx":{"frames":5929,"lost_seqgap":6,"reorder_dup":0,"dropped_bad":0,"hb_lost":41,"bcast_frames":4221,"pdr_ppm":998989},"rtt":{"samples":212,"min_us":5351,"max_us":51379,"timeouts":2,"txq_last_us":44448,"txq_max_us":44448,"remote_turnaround_us":952,"remote_turnaround_max_us":34040,"p50_us":[4000,6000],"p99_us":[42000,60000],"hist":[0,0,0,0,151,34,6,9,3,3,1,5,0,0,0,0]}}
1791635488.550 {"t":"auth","node":29544,"up_ms":431641,"enrolled":1,"required":1,"verified_peers":2,"verified":8,"cache_hits":426,"refused":0,"rate_limited":0,"stale_epoch":0,"verify_us_max":58621,"link_stack_free_b":1516,"crypto_stack_free_b":1228,"tags_ok":2770,"bad_tag":0,"replayed":0,"untagged":0,"bcast_dropped":0,"beacon_epoch_ignored":0,"tag_us_max":1472}
1791635488.550 {"t":"act","node":29544,"setpoint":0,"has_value":0,"writes_served":0}
1791635488.550 {"t":"peers","node":29544,"own_period_ms":100,"own_busy":1,"channel":1,"scanning":0,"scans":0,"hops":0,"found":0,"lost_to_found_ms":0,"moves_followed":0,"moves_refused":0,"sweeps":0,"sweep_found":0,"sweeping":0,"search_visits":0,"relay":1,"fwd_u":0,"fwd_b":8422,"fwd_h":434,"relay_dup":0,"list":[{"id":25344,"state":"alive","via_relay":0,"period_ms":100,"misses":6,"busy":0,"rtt_n":212},{"id":33120,"state":"alive","via_relay":0,"period_ms":100,"misses":6,"busy":0,"rtt_n":212}]}
1791635488.550 {"t":"ss","node":29544,"accepted":0,"unsigned":0,"unknown_sender":0,"bad_signature":0,"replayed":0,"rate_limited":0,"verify_us_max":0,"floors":[]}
1791635488.550 {"t":"rec","node":29544,"up_ms":431731,"settled":1,"sent":1725,"received":1549,"malformed":0,"views":10,"replies_fenced":0,"actors":[{"key":1245650351,"running":0,"term":0,"owner":25344,"owner_term":9,"assigned":25344,"starts":1,"fenced":0,"released":1}]}
1791635488.883 {"t":"node","up_ms":431756,"node":29544,"epoch":171,"peers_alive":2,"peers_dead":0,"no_radio":0,"free_dram":203151,"largest_block":131072,"rx":{"total":11641,"bad_frame":0,"unknown_peer":16,"wrong_dst":0,"short_payload":0,"unknown_opcode":0,"queue_dropped":8},"tx":{"total":7472,"enqueue_err":0,"done_queue_dropped":0},"membership":{"deaths":5,"revivals":3,"reboots_seen":2,"table_full":0,"events_dropped":0}}
1791635488.883 {"t":"ns","node":29544,"hash":96177158,"owner":29544,"kind":"sampled","unit":0,"class":4,"bound_ms":5000,"quality":"GOOD","age_ms":346,"ts":431436,"updates":41,"value":-27}
1791635488.883 {"t":"ns","node":29544,"hash":1162973580,"owner":29544,"kind":"sampled","unit":101,"class":4,"bound_ms":30000,"quality":"GOOD","age_ms":371,"ts":431436,"updates":41,"value":203151}
1791635488.883 {"t":"ns","node":29544,"hash":4013525678,"owner":29544,"kind":"sampled","unit":101,"class":4,"bound_ms":30000,"quality":"GOOD","age_ms":385,"ts":431436,"updates":41,"value":131072}
1791635488.883 {"t":"ns","node":29544,"hash":1245650351,"owner":25344,"kind":"sampled","unit":0,"class":3,"bound_ms":500,"quality":"NO_DATA","age_ms":0,"ts":0,"updates":0,"value":null}
1791635488.883 {"t":"ns","node":29544,"hash":2033492666,"owner":29544,"kind":"sampled","unit":0,"class":3,"bound_ms":0,"quality":"NO_DATA","age_ms":0,"ts":0,"updates":0,"value":null}
1791635488.883 {"t":"ns","node":29544,"hash":1303338069,"owner":29544,"kind":"sampled","unit":100,"class":4,"bound_ms":0,"quality":"GOOD","age_ms":425,"ts":431436,"updates":41,"value":171}
1791635488.883 {"t":"ns","node":29544,"hash":288706273,"owner":29544,"kind":"sampled","unit":80,"class":4,"bound_ms":30000,"quality":"GOOD","age_ms":438,"ts":431436,"updates":41,"value":431}
1791635488.883 {"t":"ns","node":29544,"hash":2548334194,"owner":29544,"kind":"sampled","unit":100,"class":4,"bound_ms":5000,"quality":"GOOD","age_ms":462,"ts":431436,"updates":41,"value":2}
1791635499.040 {"t":"clk","node":29544,"up_ms":441911}
1791635499.040 {"t":"hs","up_s":441,"running":1,"sta":1,"has_ip":1,"ch":1,"rssi":-45,"clients":1,"reconnects":0,"int_free":203151,"psram_free":8336684,"boot_pick":1}
1791635499.040 {"t":"led","node":29544,"shows":"green","app":0}
1791635499.040 {"t":"event","at_ms":431992,"node":29544,"kind":"peer_admitted","peer":25344,"slot":0,"a":0,"b":0}
1791635499.040 {"t":"event","at_ms":433388,"node":29544,"kind":"peer_admitted","peer":33120,"slot":1,"a":0,"b":0}
1791635499.040 {"t":"event","at_ms":433992,"node":29544,"kind":"peer_admitted","peer":25344,"slot":0,"a":0,"b":0}
1791635499.040 {"t":"event","at_ms":435388,"node":29544,"kind":"peer_admitted","peer":33120,"slot":1,"a":0,"b":0}
1791635499.040 {"t":"event","at_ms":435992,"node":29544,"kind":"peer_admitted","peer":25344,"slot":0,"a":0,"b":0}
1791635499.040 {"t":"event","at_ms":437388,"node":29544,"kind":"peer_admitted","peer":33120,"slot":1,"a":0,"b":0}
1791635499.040 {"t":"event","at_ms":437992,"node":29544,"kind":"peer_admitted","peer":25344,"slot":0,"a":0,"b":0}
1791635499.040 {"t":"event","at_ms":439390,"node":29544,"kind":"peer_admitted","peer":33120,"slot":1,"a":0,"b":0}
1791635499.040 {"t":"event","at_ms":439992,"node":29544,"kind":"peer_admitted","peer":25344,"slot":0,"a":0,"b":0}
1791635499.040 {"t":"event","at_ms":441388,"node":29544,"kind":"peer_admitted","peer":33120,"slot":1,"a":0,"b":0}
1791635499.040 {"t":"event","at_ms":441994,"node":29544,"kind":"peer_admitted","peer":25344,"slot":0,"a":0,"b":0}
1791635499.040 {"t":"link","up_ms":442028,"node":29544,"peer":25344,"mac":"b8:1f:3f:da:63:00","state":"alive","epoch":244,"espnow_ver":2,"mtu":1446,"misses":0,"rssi":-27,"tx":{"frames":1471,"cb_ok":1466,"cb_fail":5,"enqueue_err":0,"pdr_ppm":996600},"rx":{"frames":5841,"lost_seqgap":5,"reorder_dup":0,"dropped_bad":0,"hb_lost":64,"bcast_frames":4304,"pdr_ppm":999144},"rtt":{"samples":217,"min_us":5334,"max_us":38138,"timeouts":3,"txq_last_us":10516,"txq_max_us":11750,"remote_turnaround_us":950,"remote_turnaround_max_us":9684,"p50_us":[4000,6000],"p99_us":[30000,42000],"hist":[0,0,0,0,149,34,14,14,1,2,3,0,0,0,0,0]}}
1791635499.040 {"t":"link","up_ms":442080,"node":29544,"peer":33120,"mac":"b8:1f:3f:da:81:60","state":"alive","epoch":290,"espnow_ver":2,"mtu":1446,"misses":0,"rssi":-10,"tx":{"frames":1547,"cb_ok":1539,"cb_fail":8,"enqueue_err":0,"pdr_ppm":994828},"rx":{"frames":6077,"lost_seqgap":6,"reorder_dup":0,"dropped_bad":0,"hb_lost":41,"bcast_frames":4326,"pdr_ppm":999013},"rtt":{"samples":218,"min_us":5351,"max_us":51379,"timeouts":2,"txq_last_us":44448,"txq_max_us":44448,"remote_turnaround_us":951,"remote_turnaround_max_us":34040,"p50_us":[4000,6000],"p99_us":[42000,60000],"hist":[0,0,0,0,156,35,6,9,3,3,1,5,0,0,0,0]}}
1791635499.040 {"t":"auth","node":29544,"up_ms":442131,"enrolled":1,"required":1,"verified_peers":2,"verified":8,"cache_hits":437,"refused":0,"rate_limited":0,"stale_epoch":0,"verify_us_max":58621,"link_stack_free_b":1516,"crypto_stack_free_b":1228,"tags_ok":2843,"bad_tag":0,"replayed":0,"untagged":0,"bcast_dropped":0,"beacon_epoch_ignored":0,"tag_us_max":1472}
1791635499.040 {"t":"act","node":29544,"setpoint":0,"has_value":0,"writes_served":0}
1791635499.040 {"t":"peers","node":29544,"own_period_ms":100,"own_busy":1,"channel":1,"scanning":0,"scans":0,"hops":0,"found":0,"lost_to_found_ms":0,"moves_followed":0,"moves_refused":0,"sweeps":0,"sweep_found":0,"sweeping":0,"search_visits":0,"relay":1,"fwd_u":0,"fwd_b":8632,"fwd_h":445,"relay_dup":0,"list":[{"id":25344,"state":"alive","via_relay":0,"period_ms":100,"misses":6,"busy":0,"rtt_n":217},{"id":33120,"state":"alive","via_relay":0,"period_ms":100,"misses":6,"busy":0,"rtt_n":218}]}
1791635499.040 {"t":"ss","node":29544,"accepted":0,"unsigned":0,"unknown_sender":0,"bad_signature":0,"replayed":0,"rate_limited":0,"verify_us_max":0,"floors":[]}
1791635499.040 {"t":"rec","node":29544,"up_ms":442220,"settled":1,"sent":1767,"received":1591,"malformed":0,"views":10,"replies_fenced":0,"actors":[{"key":1245650351,"running":0,"term":0,"owner":25344,"owner_term":9,"assigned":25344,"starts":1,"fenced":0,"released":1}]}
1791635499.380 {"t":"node","up_ms":442245,"node":29544,"epoch":171,"peers_alive":2,"peers_dead":0,"no_radio":0,"free_dram":203151,"largest_block":131072,"rx":{"total":11935,"bad_frame":0,"unknown_peer":16,"wrong_dst":0,"short_payload":0,"unknown_opcode":0,"queue_dropped":8},"tx":{"total":7655,"enqueue_err":0,"done_queue_dropped":0},"membership":{"deaths":5,"revivals":3,"reboots_seen":2,"table_full":0,"events_dropped":0}}
1791635499.380 {"t":"ns","node":29544,"hash":96177158,"owner":29544,"kind":"sampled","unit":0,"class":4,"bound_ms":5000,"quality":"GOOD","age_ms":348,"ts":441926,"updates":42,"value":-27}
1791635499.380 {"t":"ns","node":29544,"hash":1162973580,"owner":29544,"kind":"sampled","unit":101,"class":4,"bound_ms":30000,"quality":"GOOD","age_ms":361,"ts":441926,"updates":42,"value":203151}
1791635499.380 {"t":"ns","node":29544,"hash":4013525678,"owner":29544,"kind":"sampled","unit":101,"class":4,"bound_ms":30000,"quality":"GOOD","age_ms":387,"ts":441926,"updates":42,"value":131072}
1791635499.380 {"t":"ns","node":29544,"hash":1245650351,"owner":25344,"kind":"sampled","unit":0,"class":3,"bound_ms":500,"quality":"NO_DATA","age_ms":0,"ts":0,"updates":0,"value":null}
1791635499.380 {"t":"ns","node":29544,"hash":2033492666,"owner":29544,"kind":"sampled","unit":0,"class":3,"bound_ms":0,"quality":"NO_DATA","age_ms":0,"ts":0,"updates":0,"value":null}
1791635499.380 {"t":"ns","node":29544,"hash":1303338069,"owner":29544,"kind":"sampled","unit":100,"class":4,"bound_ms":0,"quality":"GOOD","age_ms":427,"ts":441926,"updates":42,"value":171}
1791635499.380 {"t":"ns","node":29544,"hash":288706273,"owner":29544,"kind":"sampled","unit":80,"class":4,"bound_ms":30000,"quality":"GOOD","age_ms":441,"ts":441926,"updates":42,"value":441}
1791635499.380 {"t":"ns","node":29544,"hash":2548334194,"owner":29544,"kind":"sampled","unit":100,"class":4,"bound_ms":5000,"quality":"GOOD","age_ms":455,"ts":441926,"updates":42,"value":2}
1791635509.519 {"t":"clk","node":29544,"up_ms":452393}
1791635509.519 {"t":"hs","up_s":452,"running":1,"sta":1,"has_ip":1,"ch":1,"rssi":-46,"clients":1,"reconnects":0,"int_free":203151,"psram_free":8336684,"boot_pick":1}
1791635509.519 {"t":"led","node":29544,"shows":"green","app":0}
1791635509.519 {"t":"event","at_ms":443388,"node":29544,"kind":"peer_admitted","peer":33120,"slot":1,"a":0,"b":0}
1791635509.519 {"t":"event","at_ms":443993,"node":29544,"kind":"peer_admitted","peer":25344,"slot":0,"a":0,"b":0}
1791635509.519 {"t":"event","at_ms":445388,"node":29544,"kind":"peer_admitted","peer":33120,"slot":1,"a":0,"b":0}
1791635509.519 {"t":"event","at_ms":445992,"node":29544,"kind":"peer_admitted","peer":25344,"slot":0,"a":0,"b":0}
1791635509.519 {"t":"event","at_ms":447388,"node":29544,"kind":"peer_admitted","peer":33120,"slot":1,"a":0,"b":0}
1791635509.519 {"t":"event","at_ms":447994,"node":29544,"kind":"peer_admitted","peer":25344,"slot":0,"a":0,"b":0}
1791635509.519 {"t":"event","at_ms":449390,"node":29544,"kind":"peer_admitted","peer":33120,"slot":1,"a":0,"b":0}
1791635509.519 {"t":"event","at_ms":449994,"node":29544,"kind":"peer_admitted","peer":25344,"slot":0,"a":0,"b":0}
1791635509.519 {"t":"event","at_ms":451388,"node":29544,"kind":"peer_admitted","peer":33120,"slot":1,"a":0,"b":0}
1791635509.519 {"t":"event","at_ms":451994,"node":29544,"kind":"peer_admitted","peer":25344,"slot":0,"a":0,"b":0}
1791635509.519 {"t":"link","up_ms":452497,"node":29544,"peer":25344,"mac":"b8:1f:3f:da:63:00","state":"alive","epoch":244,"espnow_ver":2,"mtu":1446,"misses":0,"rssi":-27,"tx":{"frames":1506,"cb_ok":1501,"cb_fail":5,"enqueue_err":0,"pdr_ppm":996679},"rx":{"frames":5985,"lost_seqgap":5,"reorder_dup":0,"dropped_bad":0,"hb_lost":64,"bcast_frames":4408,"pdr_ppm":999165},"rtt":{"samples":222,"min_us":5334,"max_us":38138,"timeouts":3,"txq_last_us":10516,"txq_max_us":11750,"remote_turnaround_us":932,"remote_turnaround_max_us":9684,"p50_us":[4000,6000],"p99_us":[30000,42000],"hist":[0,0,0,0,154,34,14,14,1,2,3,0,0,0,0,0]}}
1791635509.519 {"t":"link","up_ms":452548,"node":29544,"peer":33120,"mac":"b8:1f:3f:da:81:60","state":"alive","epoch":290,"espnow_ver":2,"mtu":1446,"misses":0,"rssi":-9,"tx":{"frames":1584,"cb_ok":1576,"cb_fail":8,"enqueue_err":0,"pdr_ppm":994949},"rx":{"frames":6221,"lost_seqgap":6,"reorder_dup":0,"dropped_bad":0,"hb_lost":42,"bcast_frames":4429,"pdr_ppm":999036},"rtt":{"samples":223,"min_us":5351,"max_us":51379,"timeouts":2,"txq_last_us":44448,"txq_max_us":44448,"remote_turnaround_us":938,"remote_turnaround_max_us":34040,"p50_us":[4000,6000],"p99_us":[42000,60000],"hist":[0,0,0,0,159,37,6,9,3,3,1,5,0,0,0,0]}}
1791635509.519 {"t":"auth","node":29544,"up_ms":452600,"enrolled":1,"required":1,"verified_peers":2,"verified":8,"cache_hits":447,"refused":0,"rate_limited":0,"stale_epoch":0,"verify_us_max":58621,"link_stack_free_b":1516,"crypto_stack_free_b":1228,"tags_ok":2915,"bad_tag":0,"replayed":0,"untagged":0,"bcast_dropped":0,"beacon_epoch_ignored":0,"tag_us_max":1472}
1791635509.519 {"t":"act","node":29544,"setpoint":0,"has_value":0,"writes_served":0}
1791635509.519 {"t":"peers","node":29544,"own_period_ms":100,"own_busy":1,"channel":1,"scanning":0,"scans":0,"hops":0,"found":0,"lost_to_found_ms":0,"moves_followed":0,"moves_refused":0,"sweeps":0,"sweep_found":0,"sweeping":0,"search_visits":0,"relay":1,"fwd_u":0,"fwd_b":8840,"fwd_h":455,"relay_dup":0,"list":[{"id":25344,"state":"alive","via_relay":0,"period_ms":100,"misses":6,"busy":0,"rtt_n":222},{"id":33120,"state":"alive","via_relay":0,"period_ms":100,"misses":6,"busy":0,"rtt_n":223}]}
1791635509.519 {"t":"ss","node":29544,"accepted":0,"unsigned":0,"unknown_sender":0,"bad_signature":0,"replayed":0,"rate_limited":0,"verify_us_max":0,"floors":[]}
1791635509.519 {"t":"rec","node":29544,"up_ms":452689,"settled":1,"sent":1809,"received":1633,"malformed":0,"views":10,"replies_fenced":0,"actors":[{"key":1245650351,"running":0,"term":0,"owner":25344,"owner_term":9,"assigned":25344,"starts":1,"fenced":0,"released":1}]}
1791635509.855 {"t":"node","up_ms":452714,"node":29544,"epoch":171,"peers_alive":2,"peers_dead":0,"no_radio":0,"free_dram":203151,"largest_block":131072,"rx":{"total":12225,"bad_frame":0,"unknown_peer":16,"wrong_dst":0,"short_payload":0,"unknown_opcode":0,"queue_dropped":8},"tx":{"total":7837,"enqueue_err":0,"done_queue_dropped":0},"membership":{"deaths":5,"revivals":3,"reboots_seen":2,"table_full":0,"events_dropped":0}}
1791635509.855 {"t":"ns","node":29544,"hash":96177158,"owner":29544,"kind":"sampled","unit":0,"class":4,"bound_ms":5000,"quality":"GOOD","age_ms":344,"ts":452408,"updates":43,"value":-27}
1791635509.855 {"t":"ns","node":29544,"hash":1162973580,"owner":29544,"kind":"sampled","unit":101,"class":4,"bound_ms":30000,"quality":"GOOD","age_ms":357,"ts":452408,"updates":43,"value":203151}
1791635509.855 {"t":"ns","node":29544,"hash":4013525678,"owner":29544,"kind":"sampled","unit":101,"class":4,"bound_ms":30000,"quality":"GOOD","age_ms":371,"ts":452408,"updates":43,"value":131072}
1791635509.855 {"t":"ns","node":29544,"hash":1245650351,"owner":25344,"kind":"sampled","unit":0,"class":3,"bound_ms":500,"quality":"NO_DATA","age_ms":0,"ts":0,"updates":0,"value":null}
1791635509.855 {"t":"ns","node":29544,"hash":2033492666,"owner":29544,"kind":"sampled","unit":0,"class":3,"bound_ms":0,"quality":"NO_DATA","age_ms":0,"ts":0,"updates":0,"value":null}
1791635509.855 {"t":"ns","node":29544,"hash":1303338069,"owner":29544,"kind":"sampled","unit":100,"class":4,"bound_ms":0,"quality":"GOOD","age_ms":422,"ts":452408,"updates":43,"value":171}
1791635509.855 {"t":"ns","node":29544,"hash":288706273,"owner":29544,"kind":"sampled","unit":80,"class":4,"bound_ms":30000,"quality":"GOOD","age_ms":435,"ts":452408,"updates":43,"value":452}
1791635509.855 {"t":"ns","node":29544,"hash":2548334194,"owner":29544,"kind":"sampled","unit":100,"class":4,"bound_ms":5000,"quality":"GOOD","age_ms":448,"ts":452408,"updates":43,"value":2}
1791635519.992 {"t":"clk","node":29544,"up_ms":462869}
1791635519.992 {"t":"hs","up_s":462,"running":1,"sta":1,"has_ip":1,"ch":1,"rssi":-45,"clients":1,"reconnects":0,"int_free":203151,"psram_free":8336684,"boot_pick":1}
1791635519.992 {"t":"led","node":29544,"shows":"green","app":0}
1791635519.992 {"t":"event","at_ms":453388,"node":29544,"kind":"peer_admitted","peer":33120,"slot":1,"a":0,"b":0}
1791635519.992 {"t":"event","at_ms":453993,"node":29544,"kind":"peer_admitted","peer":25344,"slot":0,"a":0,"b":0}
1791635519.992 {"t":"event","at_ms":455388,"node":29544,"kind":"peer_admitted","peer":33120,"slot":1,"a":0,"b":0}
1791635519.992 {"t":"event","at_ms":455996,"node":29544,"kind":"peer_admitted","peer":25344,"slot":0,"a":0,"b":0}
1791635519.992 {"t":"event","at_ms":457388,"node":29544,"kind":"peer_admitted","peer":33120,"slot":1,"a":0,"b":0}
1791635519.992 {"t":"event","at_ms":457994,"node":29544,"kind":"peer_admitted","peer":25344,"slot":0,"a":0,"b":0}
1791635519.992 {"t":"event","at_ms":459388,"node":29544,"kind":"peer_admitted","peer":33120,"slot":1,"a":0,"b":0}
1791635519.992 {"t":"event","at_ms":459994,"node":29544,"kind":"peer_admitted","peer":25344,"slot":0,"a":0,"b":0}
1791635519.992 {"t":"event","at_ms":461388,"node":29544,"kind":"peer_admitted","peer":33120,"slot":1,"a":0,"b":0}
1791635519.992 {"t":"event","at_ms":461994,"node":29544,"kind":"peer_admitted","peer":25344,"slot":0,"a":0,"b":0}
1791635519.992 {"t":"link","up_ms":462973,"node":29544,"peer":25344,"mac":"b8:1f:3f:da:63:00","state":"alive","epoch":244,"espnow_ver":2,"mtu":1446,"misses":0,"rssi":-27,"tx":{"frames":1541,"cb_ok":1536,"cb_fail":5,"enqueue_err":0,"pdr_ppm":996755},"rx":{"frames":6129,"lost_seqgap":5,"reorder_dup":0,"dropped_bad":0,"hb_lost":64,"bcast_frames":4513,"pdr_ppm":999184},"rtt":{"samples":228,"min_us":5334,"max_us":38138,"timeouts":3,"txq_last_us":10516,"txq_max_us":11750,"remote_turnaround_us":919,"remote_turnaround_max_us":9684,"p50_us":[4000,6000],"p99_us":[30000,42000],"hist":[0,0,0,0,160,34,14,14,1,2,3,0,0,0,0,0]}}
1791635519.992 {"t":"link","up_ms":463025,"node":29544,"peer":33120,"mac":"b8:1f:3f:da:81:60","state":"alive","epoch":290,"espnow_ver":2,"mtu":1446,"misses":0,"rssi":-10,"tx":{"frames":1620,"cb_ok":1612,"cb_fail":8,"enqueue_err":0,"pdr_ppm":995061},"rx":{"frames":6366,"lost_seqgap":6,"reorder_dup":0,"dropped_bad":0,"hb_lost":43,"bcast_frames":4533,"pdr_ppm":999058},"rtt":{"samples":228,"min_us":5351,"max_us":51379,"timeouts":2,"txq_last_us":44448,"txq_max_us":44448,"remote_turnaround_us":954,"remote_turnaround_max_us":34040,"p50_us":[4000,6000],"p99_us":[42000,60000],"hist":[0,0,0,0,164,37,6,9,3,3,1,5,0,0,0,0]}}
1791635519.992 {"t":"auth","node":29544,"up_ms":463076,"enrolled":1,"required":1,"verified_peers":2,"verified":8,"cache_hits":457,"refused":0,"rate_limited":0,"stale_epoch":0,"verify_us_max":58621,"link_stack_free_b":1516,"crypto_stack_free_b":1228,"tags_ok":2985,"bad_tag":0,"replayed":0,"untagged":0,"bcast_dropped":0,"beacon_epoch_ignored":0,"tag_us_max":1472}
1791635519.992 {"t":"act","node":29544,"setpoint":0,"has_value":0,"writes_served":0}
1791635519.992 {"t":"peers","node":29544,"own_period_ms":100,"own_busy":1,"channel":1,"scanning":0,"scans":0,"hops":0,"found":0,"lost_to_found_ms":0,"moves_followed":0,"moves_refused":0,"sweeps":0,"sweep_found":0,"sweeping":0,"search_visits":0,"relay":1,"fwd_u":0,"fwd_b":9048,"fwd_h":465,"relay_dup":0,"list":[{"id":25344,"state":"alive","via_relay":0,"period_ms":100,"misses":6,"busy":0,"rtt_n":228},{"id":33120,"state":"alive","via_relay":0,"period_ms":100,"misses":6,"busy":0,"rtt_n":228}]}
1791635519.992 {"t":"ss","node":29544,"accepted":0,"unsigned":0,"unknown_sender":0,"bad_signature":0,"replayed":0,"rate_limited":0,"verify_us_max":0,"floors":[]}
1791635519.992 {"t":"rec","node":29544,"up_ms":463167,"settled":1,"sent":1851,"received":1675,"malformed":0,"views":10,"replies_fenced":0,"actors":[{"key":1245650351,"running":0,"term":0,"owner":25344,"owner_term":9,"assigned":25344,"starts":1,"fenced":0,"released":1}]}
1791635520.323 {"t":"node","up_ms":463192,"node":29544,"epoch":171,"peers_alive":2,"peers_dead":0,"no_radio":0,"free_dram":203151,"largest_block":131072,"rx":{"total":12515,"bad_frame":0,"unknown_peer":16,"wrong_dst":0,"short_payload":0,"unknown_opcode":0,"queue_dropped":8},"tx":{"total":8018,"enqueue_err":0,"done_queue_dropped":0},"membership":{"deaths":5,"revivals":3,"reboots_seen":2,"table_full":0,"events_dropped":0}}
1791635520.323 {"t":"ns","node":29544,"hash":96177158,"owner":29544,"kind":"sampled","unit":0,"class":4,"bound_ms":5000,"quality":"GOOD","age_ms":346,"ts":462884,"updates":44,"value":-27}
1791635520.323 {"t":"ns","node":29544,"hash":1162973580,"owner":29544,"kind":"sampled","unit":101,"class":4,"bound_ms":30000,"quality":"GOOD","age_ms":360,"ts":462884,"updates":44,"value":203151}
1791635520.323 {"t":"ns","node":29544,"hash":4013525678,"owner":29544,"kind":"sampled","unit":101,"class":4,"bound_ms":30000,"quality":"GOOD","age_ms":373,"ts":462884,"updates":44,"value":131072}
1791635520.323 {"t":"ns","node":29544,"hash":1245650351,"owner":25344,"kind":"sampled","unit":0,"class":3,"bound_ms":500,"quality":"NO_DATA","age_ms":0,"ts":0,"updates":0,"value":null}
1791635520.323 {"t":"ns","node":29544,"hash":2033492666,"owner":29544,"kind":"sampled","unit":0,"class":3,"bound_ms":0,"quality":"NO_DATA","age_ms":0,"ts":0,"updates":0,"value":null}
1791635520.323 {"t":"ns","node":29544,"hash":1303338069,"owner":29544,"kind":"sampled","unit":100,"class":4,"bound_ms":0,"quality":"GOOD","age_ms":423,"ts":462884,"updates":44,"value":171}
1791635520.323 {"t":"ns","node":29544,"hash":288706273,"owner":29544,"kind":"sampled","unit":80,"class":4,"bound_ms":30000,"quality":"GOOD","age_ms":437,"ts":462884,"updates":44,"value":462}
1791635520.323 {"t":"ns","node":29544,"hash":2548334194,"owner":29544,"kind":"sampled","unit":100,"class":4,"bound_ms":5000,"quality":"GOOD","age_ms":450,"ts":462884,"updates":44,"value":2}
1791635530.469 {"t":"clk","node":29544,"up_ms":473347}
1791635530.469 {"t":"hs","up_s":473,"running":1,"sta":1,"has_ip":1,"ch":1,"rssi":-45,"clients":1,"reconnects":0,"int_free":203151,"psram_free":8336684,"boot_pick":1}
1791635530.469 {"t":"led","node":29544,"shows":"green","app":0}
1791635530.469 {"t":"event","at_ms":463388,"node":29544,"kind":"peer_admitted","peer":33120,"slot":1,"a":0,"b":0}
1791635530.469 {"t":"event","at_ms":463994,"node":29544,"kind":"peer_admitted","peer":25344,"slot":0,"a":0,"b":0}
1791635530.469 {"t":"event","at_ms":465388,"node":29544,"kind":"peer_admitted","peer":33120,"slot":1,"a":0,"b":0}
1791635530.469 {"t":"event","at_ms":465994,"node":29544,"kind":"peer_admitted","peer":25344,"slot":0,"a":0,"b":0}
1791635530.469 {"t":"event","at_ms":467388,"node":29544,"kind":"peer_admitted","peer":33120,"slot":1,"a":0,"b":0}
1791635530.469 {"t":"event","at_ms":467994,"node":29544,"kind":"peer_admitted","peer":25344,"slot":0,"a":0,"b":0}
1791635530.469 {"t":"event","at_ms":469388,"node":29544,"kind":"peer_admitted","peer":33120,"slot":1,"a":0,"b":0}
1791635530.469 {"t":"event","at_ms":469994,"node":29544,"kind":"peer_admitted","peer":25344,"slot":0,"a":0,"b":0}
1791635530.469 {"t":"event","at_ms":471388,"node":29544,"kind":"peer_admitted","peer":33120,"slot":1,"a":0,"b":0}
1791635530.469 {"t":"event","at_ms":471994,"node":29544,"kind":"peer_admitted","peer":25344,"slot":0,"a":0,"b":0}
1791635530.469 {"t":"event","at_ms":473388,"node":29544,"kind":"peer_admitted","peer":33120,"slot":1,"a":0,"b":0}
1791635530.469 {"t":"link","up_ms":473454,"node":29544,"peer":25344,"mac":"b8:1f:3f:da:63:00","state":"alive","epoch":244,"espnow_ver":2,"mtu":1446,"misses":0,"rssi":-27,"tx":{"frames":1576,"cb_ok":1571,"cb_fail":5,"enqueue_err":0,"pdr_ppm":996827},"rx":{"frames":6274,"lost_seqgap":5,"reorder_dup":0,"dropped_bad":0,"hb_lost":64,"bcast_frames":4618,"pdr_ppm":999203},"rtt":{"samples":233,"min_us":5334,"max_us":38138,"timeouts":3,"txq_last_us":10516,"txq_max_us":11750,"remote_turnaround_us":938,"remote_turnaround_max_us":9684,"p50_us":[4000,6000],"p99_us":[30000,42000],"hist":[0,0,0,0,163,36,14,14,1,2,3,0,0,0,0,0]}}
1791635530.469 {"t":"link","up_ms":473506,"node":29544,"peer":33120,"mac":"b8:1f:3f:da:81:60","state":"alive","epoch":290,"espnow_ver":2,"mtu":1446,"misses":0,"rssi":-9,"tx":{"frames":1657,"cb_ok":1649,"cb_fail":8,"enqueue_err":0,"pdr_ppm":995171},"rx":{"frames":6513,"lost_seqgap":6,"reorder_dup":0,"dropped_bad":0,"hb_lost":43,"bcast_frames":4638,"pdr_ppm":999079},"rtt":{"samples":233,"min_us":5351,"max_us":51379,"timeouts":2,"txq_last_us":44448,"txq_max_us":44448,"remote_turnaround_us":948,"remote_turnaround_max_us":34040,"p50_us":[4000,6000],"p99_us":[42000,60000],"hist":[0,0,0,0,168,38,6,9,3,3,1,5,0,0,0,0]}}
1791635530.469 {"t":"auth","node":29544,"up_ms":473568,"enrolled":1,"required":1,"verified_peers":2,"verified":8,"cache_hits":468,"refused":0,"rate_limited":0,"stale_epoch":0,"verify_us_max":58621,"link_stack_free_b":1516,"crypto_stack_free_b":1228,"tags_ok":3056,"bad_tag":0,"replayed":0,"untagged":0,"bcast_dropped":0,"beacon_epoch_ignored":0,"tag_us_max":1472}
1791635530.469 {"t":"act","node":29544,"setpoint":0,"has_value":0,"writes_served":0}
1791635530.469 {"t":"peers","node":29544,"own_period_ms":100,"own_busy":1,"channel":1,"scanning":0,"scans":0,"hops":0,"found":0,"lost_to_found_ms":0,"moves_followed":0,"moves_refused":0,"sweeps":0,"sweep_found":0,"sweeping":0,"search_visits":0,"relay":1,"fwd_u":0,"fwd_b":9258,"fwd_h":476,"relay_dup":0,"list":[{"id":25344,"state":"alive","via_relay":0,"period_ms":100,"misses":6,"busy":0,"rtt_n":233},{"id":33120,"state":"alive","via_relay":0,"period_ms":100,"misses":6,"busy":0,"rtt_n":233}]}
1791635530.469 {"t":"ss","node":29544,"accepted":0,"unsigned":0,"unknown_sender":0,"bad_signature":0,"replayed":0,"rate_limited":0,"verify_us_max":0,"floors":[]}
1791635530.469 {"t":"rec","node":29544,"up_ms":473657,"settled":1,"sent":1893,"received":1717,"malformed":0,"views":10,"replies_fenced":0,"actors":[{"key":1245650351,"running":0,"term":0,"owner":25344,"owner_term":9,"assigned":25344,"starts":1,"fenced":0,"released":1}]}
1791635530.815 {"t":"node","up_ms":473682,"node":29544,"epoch":171,"peers_alive":2,"peers_dead":0,"no_radio":0,"free_dram":203151,"largest_block":131072,"rx":{"total":12807,"bad_frame":0,"unknown_peer":16,"wrong_dst":0,"short_payload":0,"unknown_opcode":0,"queue_dropped":8},"tx":{"total":8199,"enqueue_err":0,"done_queue_dropped":0},"membership":{"deaths":5,"revivals":3,"reboots_seen":2,"table_full":0,"events_dropped":0}}
1791635530.815 {"t":"ns","node":29544,"hash":96177158,"owner":29544,"kind":"sampled","unit":0,"class":4,"bound_ms":5000,"quality":"GOOD","age_ms":347,"ts":473362,"updates":45,"value":-28}
1791635530.815 {"t":"ns","node":29544,"hash":1162973580,"owner":29544,"kind":"sampled","unit":101,"class":4,"bound_ms":30000,"quality":"GOOD","age_ms":371,"ts":473362,"updates":45,"value":203151}
1791635530.815 {"t":"ns","node":29544,"hash":4013525678,"owner":29544,"kind":"sampled","unit":101,"class":4,"bound_ms":30000,"quality":"GOOD","age_ms":384,"ts":473362,"updates":45,"value":131072}
1791635530.815 {"t":"ns","node":29544,"hash":1245650351,"owner":25344,"kind":"sampled","unit":0,"class":3,"bound_ms":500,"quality":"NO_DATA","age_ms":0,"ts":0,"updates":0,"value":null}
1791635530.815 {"t":"ns","node":29544,"hash":2033492666,"owner":29544,"kind":"sampled","unit":0,"class":3,"bound_ms":0,"quality":"NO_DATA","age_ms":0,"ts":0,"updates":0,"value":null}
1791635530.815 {"t":"ns","node":29544,"hash":1303338069,"owner":29544,"kind":"sampled","unit":100,"class":4,"bound_ms":0,"quality":"GOOD","age_ms":424,"ts":473362,"updates":45,"value":171}
1791635530.815 {"t":"ns","node":29544,"hash":288706273,"owner":29544,"kind":"sampled","unit":80,"class":4,"bound_ms":30000,"quality":"GOOD","age_ms":438,"ts":473362,"updates":45,"value":473}
1791635530.815 {"t":"ns","node":29544,"hash":2548334194,"owner":29544,"kind":"sampled","unit":100,"class":4,"bound_ms":5000,"quality":"GOOD","age_ms":463,"ts":473362,"updates":45,"value":2}
1791635540.960 {"t":"clk","node":29544,"up_ms":483838}
1791635540.960 {"t":"hs","up_s":483,"running":1,"sta":1,"has_ip":1,"ch":1,"rssi":-45,"clients":1,"reconnects":0,"int_free":203151,"psram_free":8336684,"boot_pick":1}
1791635540.960 {"t":"led","node":29544,"shows":"green","app":0}
1791635540.960 {"t":"event","at_ms":473994,"node":29544,"kind":"peer_admitted","peer":25344,"slot":0,"a":0,"b":0}
1791635540.960 {"t":"event","at_ms":475388,"node":29544,"kind":"peer_admitted","peer":33120,"slot":1,"a":0,"b":0}
1791635540.960 {"t":"event","at_ms":475994,"node":29544,"kind":"peer_admitted","peer":25344,"slot":0,"a":0,"b":0}
1791635540.960 {"t":"event","at_ms":477388,"node":29544,"kind":"peer_admitted","peer":33120,"slot":1,"a":0,"b":0}
1791635540.960 {"t":"event","at_ms":477995,"node":29544,"kind":"peer_admitted","peer":25344,"slot":0,"a":0,"b":0}
1791635540.960 {"t":"event","at_ms":479388,"node":29544,"kind":"peer_admitted","peer":33120,"slot":1,"a":0,"b":0}
1791635540.960 {"t":"event","at_ms":479994,"node":29544,"kind":"peer_admitted","peer":25344,"slot":0,"a":0,"b":0}
1791635540.960 {"t":"event","at_ms":481388,"node":29544,"kind":"peer_admitted","peer":33120,"slot":1,"a":0,"b":0}
1791635540.960 {"t":"event","at_ms":481993,"node":29544,"kind":"peer_admitted","peer":25344,"slot":0,"a":0,"b":0}
1791635540.960 {"t":"event","at_ms":483388,"node":29544,"kind":"peer_admitted","peer":33120,"slot":1,"a":0,"b":0}
1791635540.960 {"t":"link","up_ms":483943,"node":29544,"peer":25344,"mac":"b8:1f:3f:da:63:00","state":"alive","epoch":244,"espnow_ver":2,"mtu":1446,"misses":0,"rssi":-27,"tx":{"frames":1610,"cb_ok":1605,"cb_fail":5,"enqueue_err":0,"pdr_ppm":996894},"rx":{"frames":6419,"lost_seqgap":5,"reorder_dup":0,"dropped_bad":0,"hb_lost":64,"bcast_frames":4723,"pdr_ppm":999221},"rtt":{"samples":238,"min_us":5334,"max_us":38138,"timeouts":3,"txq_last_us":10516,"txq_max_us":11750,"remote_turnaround_us":936,"remote_turnaround_max_us":9684,"p50_us":[4000,6000],"p99_us":[30000,42000],"hist":[0,0,0,0,168,36,14,14,1,2,3,0,0,0,0,0]}}
1791635540.960 {"t":"link","up_ms":483995,"node":29544,"peer":33120,"mac":"b8:1f:3f:da:81:60","state":"alive","epoch":290,"espnow_ver":2,"mtu":1446,"misses":0,"rssi":-9,"tx":{"frames":1694,"cb_ok":1686,"cb_fail":8,"enqueue_err":0,"pdr_ppm":995277},"rx":{"frames":6661,"lost_seqgap":6,"reorder_dup":0,"dropped_bad":0,"hb_lost":43,"bcast_frames":4743,"pdr_ppm":999100},"rtt":{"samples":239,"min_us":5351,"max_us":51379,"timeouts":2,"txq_last_us":44448,"txq_max_us":44448,"remote_turnaround_us":934,"remote_turnaround_max_us":34040,"p50_us":[4000,6000],"p99_us":[42000,60000],"hist":[0,0,0,0,171,40,7,9,3,3,1,5,0,0,0,0]}}
1791635540.960 {"t":"auth","node":29544,"up_ms":484046,"enrolled":1,"required":1,"verified_peers":2,"verified":8,"cache_hits":479,"refused":0,"rate_limited":0,"stale_epoch":0,"verify_us_max":58621,"link_stack_free_b":1516,"crypto_stack_free_b":1228,"tags_ok":3129,"bad_tag":0,"replayed":0,"untagged":0,"bcast_dropped":0,"beacon_epoch_ignored":0,"tag_us_max":1472}
1791635540.960 {"t":"act","node":29544,"setpoint":0,"has_value":0,"writes_served":0}
1791635540.960 {"t":"peers","node":29544,"own_period_ms":100,"own_busy":1,"channel":1,"scanning":0,"scans":0,"hops":0,"found":0,"lost_to_found_ms":0,"moves_followed":0,"moves_refused":0,"sweeps":0,"sweep_found":0,"sweeping":0,"search_visits":0,"relay":1,"fwd_u":0,"fwd_b":9468,"fwd_h":487,"relay_dup":0,"list":[{"id":25344,"state":"alive","via_relay":0,"period_ms":100,"misses":6,"busy":0,"rtt_n":238},{"id":33120,"state":"alive","via_relay":0,"period_ms":100,"misses":6,"busy":0,"rtt_n":239}]}
1791635540.960 {"t":"ss","node":29544,"accepted":0,"unsigned":0,"unknown_sender":0,"bad_signature":0,"replayed":0,"rate_limited":0,"verify_us_max":0,"floors":[]}
1791635540.960 {"t":"rec","node":29544,"up_ms":484136,"settled":1,"sent":1935,"received":1759,"malformed":0,"views":10,"replies_fenced":0,"actors":[{"key":1245650351,"running":0,"term":0,"owner":25344,"owner_term":9,"assigned":25344,"starts":1,"fenced":0,"released":1}]}
1791635541.293 {"t":"node","up_ms":484161,"node":29544,"epoch":171,"peers_alive":2,"peers_dead":0,"no_radio":0,"free_dram":203151,"largest_block":131072,"rx":{"total":13100,"bad_frame":0,"unknown_peer":16,"wrong_dst":0,"short_payload":0,"unknown_opcode":0,"queue_dropped":8},"tx":{"total":8382,"enqueue_err":0,"done_queue_dropped":0},"membership":{"deaths":5,"revivals":3,"reboots_seen":2,"table_full":0,"events_dropped":0}}
1791635541.293 {"t":"ns","node":29544,"hash":96177158,"owner":29544,"kind":"sampled","unit":0,"class":4,"bound_ms":5000,"quality":"GOOD","age_ms":346,"ts":483853,"updates":46,"value":-27}
1791635541.293 {"t":"ns","node":29544,"hash":1162973580,"owner":29544,"kind":"sampled","unit":101,"class":4,"bound_ms":30000,"quality":"GOOD","age_ms":359,"ts":483853,"updates":46,"value":203151}
1791635541.293 {"t":"ns","node":29544,"hash":4013525678,"owner":29544,"kind":"sampled","unit":101,"class":4,"bound_ms":30000,"quality":"GOOD","age_ms":372,"ts":483853,"updates":46,"value":131072}
1791635541.293 {"t":"ns","node":29544,"hash":1245650351,"owner":25344,"kind":"sampled","unit":0,"class":3,"bound_ms":500,"quality":"NO_DATA","age_ms":0,"ts":0,"updates":0,"value":null}
1791635541.293 {"t":"ns","node":29544,"hash":2033492666,"owner":29544,"kind":"sampled","unit":0,"class":3,"bound_ms":0,"quality":"NO_DATA","age_ms":0,"ts":0,"updates":0,"value":null}
1791635541.293 {"t":"ns","node":29544,"hash":1303338069,"owner":29544,"kind":"sampled","unit":100,"class":4,"bound_ms":0,"quality":"GOOD","age_ms":422,"ts":483853,"updates":46,"value":171}
1791635541.293 {"t":"ns","node":29544,"hash":288706273,"owner":29544,"kind":"sampled","unit":80,"class":4,"bound_ms":30000,"quality":"GOOD","age_ms":435,"ts":483853,"updates":46,"value":483}
1791635541.293 {"t":"ns","node":29544,"hash":2548334194,"owner":29544,"kind":"sampled","unit":100,"class":4,"bound_ms":5000,"quality":"GOOD","age_ms":449,"ts":483853,"updates":46,"value":2}
1791635551.442 {"t":"clk","node":29544,"up_ms":494314}
1791635551.442 {"t":"hs","up_s":494,"running":1,"sta":1,"has_ip":1,"ch":1,"rssi":-45,"clients":1,"reconnects":0,"int_free":203151,"psram_free":8336684,"boot_pick":1}
1791635551.442 {"t":"led","node":29544,"shows":"green","app":0}
1791635551.442 {"t":"event","at_ms":483994,"node":29544,"kind":"peer_admitted","peer":25344,"slot":0,"a":0,"b":0}
1791635551.442 {"t":"event","at_ms":485388,"node":29544,"kind":"peer_admitted","peer":33120,"slot":1,"a":0,"b":0}
1791635551.442 {"t":"event","at_ms":485994,"node":29544,"kind":"peer_admitted","peer":25344,"slot":0,"a":0,"b":0}
1791635551.442 {"t":"event","at_ms":487388,"node":29544,"kind":"peer_admitted","peer":33120,"slot":1,"a":0,"b":0}
1791635551.442 {"t":"event","at_ms":487993,"node":29544,"kind":"peer_admitted","peer":25344,"slot":0,"a":0,"b":0}
1791635551.442 {"t":"event","at_ms":489388,"node":29544,"kind":"peer_admitted","peer":33120,"slot":1,"a":0,"b":0}
1791635551.442 {"t":"event","at_ms":489994,"node":29544,"kind":"peer_admitted","peer":25344,"slot":0,"a":0,"b":0}
1791635551.442 {"t":"event","at_ms":491388,"node":29544,"kind":"peer_admitted","peer":33120,"slot":1,"a":0,"b":0}
1791635551.442 {"t":"event","at_ms":491994,"node":29544,"kind":"peer_admitted","peer":25344,"slot":0,"a":0,"b":0}
1791635551.442 {"t":"event","at_ms":493388,"node":29544,"kind":"peer_admitted","peer":33120,"slot":1,"a":0,"b":0}
1791635551.442 {"t":"event","at_ms":493994,"node":29544,"kind":"peer_admitted","peer":25344,"slot":0,"a":0,"b":0}
1791635551.442 {"t":"link","up_ms":494431,"node":29544,"peer":25344,"mac":"b8:1f:3f:da:63:00","state":"alive","epoch":244,"espnow_ver":2,"mtu":1446,"misses":0,"rssi":-27,"tx":{"frames":1646,"cb_ok":1641,"cb_fail":5,"enqueue_err":0,"pdr_ppm":996962},"rx":{"frames":6564,"lost_seqgap":5,"reorder_dup":0,"dropped_bad":0,"hb_lost":65,"bcast_frames":4827,"pdr_ppm":999238},"rtt":{"samples":243,"min_us":5334,"max_us":38138,"timeouts":3,"txq_last_us":2479,"txq_max_us":11750,"remote_turnaround_us":936,"remote_turnaround_max_us":9684,"p50_us":[4000,6000],"p99_us":[30000,42000],"hist":[0,0,0,0,173,36,14,14,1,2,3,0,0,0,0,0]}}
1791635551.442 {"t":"link","up_ms":494482,"node":29544,"peer":33120,"mac":"b8:1f:3f:da:81:60","state":"alive","epoch":290,"espnow_ver":2,"mtu":1446,"misses":0,"rssi":-10,"tx":{"frames":1731,"cb_ok":1723,"cb_fail":8,"enqueue_err":0,"pdr_ppm":995378},"rx":{"frames":6808,"lost_seqgap":6,"reorder_dup":0,"dropped_bad":0,"hb_lost":43,"bcast_frames":4848,"pdr_ppm":999119},"rtt":{"samples":244,"min_us":5351,"max_us":51379,"timeouts":2,"txq_last_us":44448,"txq_max_us":44448,"remote_turnaround_us":844,"remote_turnaround_max_us":34040,"p50_us":[4000,6000],"p99_us":[42000,60000],"hist":[0,0,0,0,176,40,7,9,3,3,1,5,0,0,0,0]}}
1791635551.442 {"t":"auth","node":29544,"up_ms":494533,"enrolled":1,"required":1,"verified_peers":2,"verified":8,"cache_hits":489,"refused":0,"rate_limited":0,"stale_epoch":0,"verify_us_max":58621,"link_stack_free_b":1516,"crypto_stack_free_b":1228,"tags_ok":3201,"bad_tag":0,"replayed":0,"untagged":0,"bcast_dropped":0,"beacon_epoch_ignored":0,"tag_us_max":1472}
1791635551.442 {"t":"act","node":29544,"setpoint":0,"has_value":0,"writes_served":0}
1791635551.442 {"t":"peers","node":29544,"own_period_ms":100,"own_busy":1,"channel":1,"scanning":0,"scans":0,"hops":0,"found":0,"lost_to_found_ms":0,"moves_followed":0,"moves_refused":0,"sweeps":0,"sweep_found":0,"sweeping":0,"search_visits":0,"relay":1,"fwd_u":0,"fwd_b":9677,"fwd_h":497,"relay_dup":0,"list":[{"id":25344,"state":"alive","via_relay":0,"period_ms":100,"misses":6,"busy":0,"rtt_n":243},{"id":33120,"state":"alive","via_relay":0,"period_ms":100,"misses":6,"busy":0,"rtt_n":244}]}
1791635551.442 {"t":"ss","node":29544,"accepted":0,"unsigned":0,"unknown_sender":0,"bad_signature":0,"replayed":0,"rate_limited":0,"verify_us_max":0,"floors":[]}
1791635551.442 {"t":"rec","node":29544,"up_ms":494623,"settled":1,"sent":1976,"received":1801,"malformed":0,"views":10,"replies_fenced":0,"actors":[{"key":1245650351,"running":0,"term":0,"owner":25344,"owner_term":9,"assigned":25344,"starts":1,"fenced":0,"released":1}]}
1791635551.775 {"t":"node","up_ms":494648,"node":29544,"epoch":171,"peers_alive":2,"peers_dead":0,"no_radio":0,"free_dram":203151,"largest_block":131072,"rx":{"total":13391,"bad_frame":0,"unknown_peer":16,"wrong_dst":0,"short_payload":0,"unknown_opcode":0,"queue_dropped":8},"tx":{"total":8564,"enqueue_err":0,"done_queue_dropped":0},"membership":{"deaths":5,"revivals":3,"reboots_seen":2,"table_full":0,"events_dropped":0}}
1791635551.775 {"t":"ns","node":29544,"hash":96177158,"owner":29544,"kind":"sampled","unit":0,"class":4,"bound_ms":5000,"quality":"GOOD","age_ms":357,"ts":494329,"updates":47,"value":-28}
1791635551.775 {"t":"ns","node":29544,"hash":1162973580,"owner":29544,"kind":"sampled","unit":101,"class":4,"bound_ms":30000,"quality":"GOOD","age_ms":370,"ts":494329,"updates":47,"value":203151}
1791635551.775 {"t":"ns","node":29544,"hash":4013525678,"owner":29544,"kind":"sampled","unit":101,"class":4,"bound_ms":30000,"quality":"GOOD","age_ms":383,"ts":494329,"updates":47,"value":131072}
1791635551.775 {"t":"ns","node":29544,"hash":1245650351,"owner":25344,"kind":"sampled","unit":0,"class":3,"bound_ms":500,"quality":"NO_DATA","age_ms":0,"ts":0,"updates":0,"value":null}
1791635551.775 {"t":"ns","node":29544,"hash":2033492666,"owner":29544,"kind":"sampled","unit":0,"class":3,"bound_ms":0,"quality":"NO_DATA","age_ms":0,"ts":0,"updates":0,"value":null}
1791635551.775 {"t":"ns","node":29544,"hash":1303338069,"owner":29544,"kind":"sampled","unit":100,"class":4,"bound_ms":0,"quality":"GOOD","age_ms":423,"ts":494329,"updates":47,"value":171}
1791635551.775 {"t":"ns","node":29544,"hash":288706273,"owner":29544,"kind":"sampled","unit":80,"class":4,"bound_ms":30000,"quality":"GOOD","age_ms":447,"ts":494329,"updates":47,"value":494}
1791635551.775 {"t":"ns","node":29544,"hash":2548334194,"owner":29544,"kind":"sampled","unit":100,"class":4,"bound_ms":5000,"quality":"GOOD","age_ms":460,"ts":494329,"updates":47,"value":2}
