1791634959.526 I (2095251) pot.m0: peer 0x00fe revived
1791634966.030 {"t":"clk","node":25344,"up_ms":2100430}
1791634966.030 {"t":"led","node":25344,"shows":"green","app":0}
1791634966.030 {"t":"event","at_ms":2090608,"node":25344,"kind":"peer_admitted","peer":33120,"slot":1,"a":0,"b":0}
1791634966.030 {"t":"event","at_ms":2090756,"node":25344,"kind":"peer_admitted","peer":29544,"slot":0,"a":0,"b":0}
1791634966.030 {"t":"event","at_ms":2092608,"node":25344,"kind":"peer_admitted","peer":33120,"slot":1,"a":0,"b":0}
1791634966.030 {"t":"event","at_ms":2092756,"node":25344,"kind":"peer_admitted","peer":29544,"slot":0,"a":0,"b":0}
1791634966.030 {"t":"event","at_ms":2092831,"node":25344,"kind":"probe_timeout","peer":254,"slot":2,"a":1255,"b":0}
1791634966.030 {"t":"event","at_ms":2094069,"node":25344,"kind":"peer_revived","peer":254,"slot":2,"a":0,"b":0}
1791634966.030 {"t":"event","at_ms":2094070,"node":25344,"kind":"peer_admitted","peer":254,"slot":2,"a":0,"b":0}
1791634966.030 {"t":"event","at_ms":2094609,"node":25344,"kind":"peer_admitted","peer":33120,"slot":1,"a":0,"b":0}
1791634966.030 {"t":"event","at_ms":2094756,"node":25344,"kind":"peer_admitted","peer":29544,"slot":0,"a":0,"b":0}
1791634966.030 {"t":"event","at_ms":2096608,"node":25344,"kind":"peer_admitted","peer":33120,"slot":1,"a":0,"b":0}
1791634966.030 {"t":"event","at_ms":2096756,"node":25344,"kind":"peer_admitted","peer":29544,"slot":0,"a":0,"b":0}
1791634966.030 {"t":"event","at_ms":2098608,"node":25344,"kind":"peer_admitted","peer":33120,"slot":1,"a":0,"b":0}
1791634966.030 {"t":"event","at_ms":2098757,"node":25344,"kind":"peer_admitted","peer":29544,"slot":0,"a":0,"b":0}
1791634966.030 {"t":"link","up_ms":2100543,"node":25344,"peer":29544,"mac":"b8:1f:3f:da:73:68","state":"alive","epoch":170,"espnow_ver":2,"mtu":1446,"misses":0,"rssi":-27,"tx":{"frames":7168,"cb_ok":7168,"cb_fail":0,"enqueue_err":0,"pdr_ppm":1000000},"rx":{"frames":29628,"lost_seqgap":0,"reorder_dup":0,"dropped_bad":0,"hb_lost":47,"bcast_frames":20939,"pdr_ppm":1000000},"rtt":{"samples":736,"min_us":5333,"max_us":60171,"timeouts":0,"txq_last_us":4438,"txq_max_us":17589,"remote_turnaround_us":882,"remote_turnaround_max_us":2015,"p50_us":[4000,6000],"p99_us":[16000,22000],"hist":[0,0,0,0,542,134,30,19,8,1,0,1,1,0,0,0]}}
1791634966.030 {"t":"link","up_ms":2100598,"node":25344,"peer":33120,"mac":"b8:1f:3f:da:81:60","state":"alive","epoch":289,"espnow_ver":2,"mtu":1446,"misses":0,"rssi":-21,"tx":{"frames":7995,"cb_ok":7905,"cb_fail":90,"enqueue_err":0,"pdr_ppm":988742},"rx":{"frames":27340,"lost_seqgap":2,"reorder_dup":0,"dropped_bad":0,"hb_lost":33,"bcast_frames":18365,"pdr_ppm":999926},"rtt":{"samples":650,"min_us":5586,"max_us":41860,"timeouts":85,"txq_last_us":5527,"txq_max_us":12383,"remote_turnaround_us":990,"remote_turnaround_max_us":34291,"p50_us":[4000,6000],"p99_us":[16000,22000],"hist":[0,0,0,0,421,165,37,11,10,4,2,0,0,0,0,0]}}
1791634966.030 {"t":"link","up_ms":2100653,"node":25344,"peer":254,"mac":"02:00:00:00:00:fe","state":"alive","epoch":0,"espnow_ver":0,"mtu":226,"misses":0,"rssi":0,"tx":{"frames":3379,"cb_ok":0,"cb_fail":0,"enqueue_err":0,"pdr_ppm":null},"rx":{"frames":5851,"lost_seqgap":0,"reorder_dup":3790,"dropped_bad":0,"hb_lost":0,"bcast_frames":0,"pdr_ppm":1000000},"rtt":{"samples":132,"min_us":8375,"max_us":96999,"timeouts":494,"txq_last_us":0,"txq_max_us":0,"remote_turnaround_us":19,"remote_turnaround_max_us":27,"p50_us":[42000,60000],"p99_us":[85000,110000],"hist":[0,0,0,0,0,0,3,4,3,7,4,80,20,11,0,0]}}
1791634966.030 {"t":"auth","node":25344,"up_ms":2100707,"enrolled":1,"required":1,"verified_peers":2,"verified":6,"cache_hits":1981,"refused":0,"rate_limited":0,"stale_epoch":0,"verify_us_max":85170,"link_stack_free_b":804,"crypto_stack_free_b":1220,"tags_ok":15680,"bad_tag":0,"replayed":3,"untagged":0,"bcast_dropped":0,"beacon_epoch_ignored":0,"tag_us_max":1157}
1791634966.030 {"t":"act","node":25344,"setpoint":0,"has_value":0,"writes_served":0}
1791634966.450 {"t":"peers","node":25344,"own_period_ms":100,"own_busy":0,"channel":1,"scanning":0,"scans":0,"hops":0,"found":0,"lost_to_found_ms":0,"moves_followed":0,"moves_refused":0,"sweeps":0,"sweep_found":0,"sweeping":0,"search_visits":0,"relay":0,"fwd_u":0,"fwd_b":0,"fwd_h":0,"relay_dup":19185,"list":[{"id":29544,"state":"alive","via_relay":0,"period_ms":100,"misses":6,"busy":1,"rtt_n":736},{"id":33120,"state":"alive","via_relay":0,"period_ms":100,"misses":6,"busy":0,"rtt_n":650},{"id":254,"state":"alive","via_relay":0,"period_ms":100,"misses":6,"busy":0,"rtt_n":132}]}
1791634966.450 {"t":"ss","node":25344,"accepted":0,"unsigned":0,"unknown_sender":0,"bad_signature":0,"replayed":0,"rate_limited":0,"verify_us_max":0,"floors":[]}
1791634966.450 {"t":"rec","node":25344,"up_ms":2100803,"settled":1,"sent":8398,"received":8377,"malformed":0,"views":28,"replies_fenced":0,"actors":[{"key":1245650351,"running":1,"term":7,"owner":25344,"owner_term":7,"assigned":254,"starts":1,"fenced":0,"released":0}]}
1791634966.450 {"t":"node","up_ms":2100830,"node":25344,"epoch":243,"peers_alive":3,"peers_dead":0,"no_radio":0,"free_dram":250219,"largest_block":172032,"rx":{"total":105689,"bad_frame":0,"unknown_peer":1760,"wrong_dst":0,"short_payload":0,"unknown_opcode":0,"queue_dropped":52},"tx":{"total":40594,"enqueue_err":0,"done_queue_dropped":0},"membership":{"deaths":13,"revivals":9,"reboots_seen":4,"table_full":0,"events_dropped":0}}
1791634966.450 {"t":"ns","node":25344,"hash":2410274060,"owner":25344,"kind":"sampled","unit":100,"class":4,"bound_ms":0,"quality":"GOOD","age_ms":427,"ts":2100432,"updates":199,"value":243}
1791634966.450 {"t":"ns","node":25344,"hash":1274253983,"owner":25344,"kind":"sampled","unit":0,"class":4,"bound_ms":5000,"quality":"GOOD","age_ms":441,"ts":2100432,"updates":199,"value":-27}
1791634966.450 {"t":"ns","node":25344,"hash":3354298913,"owner":25344,"kind":"sampled","unit":100,"class":4,"bound_ms":5000,"quality":"GOOD","age_ms":455,"ts":2100432,"updates":199,"value":3}
1791634966.450 {"t":"ns","node":25344,"hash":1771187623,"owner":25344,"kind":"sampled","unit":101,"class":4,"bound_ms":30000,"quality":"GOOD","age_ms":481,"ts":2100431,"updates":199,"value":250219}
1791634966.450 {"t":"ns","node":25344,"hash":1245650351,"owner":25344,"kind":"sampled","unit":0,"class":3,"bound_ms":500,"quality":"GOOD","age_ms":78,"ts":2100848,"updates":20894,"value":1660965278}
1791634966.450 {"t":"ns","node":25344,"hash":2033492666,"owner":25344,"kind":"sampled","unit":0,"class":3,"bound_ms":0,"quality":"NO_DATA","age_ms":0,"ts":0,"updates":0,"value":null}
1791634966.450 {"t":"ns","node":25344,"hash":4103947588,"owner":25344,"kind":"sampled","unit":80,"class":4,"bound_ms":30000,"quality":"GOOD","age_ms":524,"ts":2100431,"updates":199,"value":2100}
1791634966.450 {"t":"ns","node":25344,"hash":1662441583,"owner":25344,"kind":"sampled","unit":101,"class":4,"bound_ms":30000,"quality":"GOOD","age_ms":539,"ts":2100431,"updates":199,"value":172032}
1791634976.583 {"t":"clk","node":25344,"up_ms":2110984}
1791634976.583 {"t":"led","node":25344,"shows":"green","app":0}
1791634976.583 {"t":"event","at_ms":2100608,"node":25344,"kind":"peer_admitted","peer":33120,"slot":1,"a":0,"b":0}
1791634976.583 {"t":"event","at_ms":2100756,"node":25344,"kind":"peer_admitted","peer":29544,"slot":0,"a":0,"b":0}
1791634976.583 {"t":"event","at_ms":2102608,"node":25344,"kind":"peer_admitted","peer":33120,"slot":1,"a":0,"b":0}
1791634976.583 {"t":"event","at_ms":2102764,"node":25344,"kind":"peer_admitted","peer":29544,"slot":0,"a":0,"b":0}
1791634976.583 {"t":"event","at_ms":2104612,"node":25344,"kind":"peer_admitted","peer":33120,"slot":1,"a":0,"b":0}
1791634976.583 {"t":"event","at_ms":2104767,"node":25344,"kind":"peer_admitted","peer":29544,"slot":0,"a":0,"b":0}
1791634976.583 {"t":"event","at_ms":2106608,"node":25344,"kind":"peer_admitted","peer":33120,"slot":1,"a":0,"b":0}
1791634976.583 {"t":"event","at_ms":2106765,"node":25344,"kind":"peer_admitted","peer":29544,"slot":0,"a":0,"b":0}
1791634976.583 {"t":"event","at_ms":2108608,"node":25344,"kind":"peer_admitted","peer":33120,"slot":1,"a":0,"b":0}
1791634976.583 {"t":"event","at_ms":2108765,"node":25344,"kind":"peer_admitted","peer":29544,"slot":0,"a":0,"b":0}
1791634976.583 {"t":"event","at_ms":2110608,"node":25344,"kind":"peer_admitted","peer":33120,"slot":1,"a":0,"b":0}
1791634976.583 {"t":"event","at_ms":2110766,"node":25344,"kind":"peer_admitted","peer":29544,"slot":0,"a":0,"b":0}
1791634976.583 {"t":"link","up_ms":2111087,"node":25344,"peer":29544,"mac":"b8:1f:3f:da:73:68","state":"alive","epoch":170,"espnow_ver":2,"mtu":1446,"misses":0,"rssi":-27,"tx":{"frames":7294,"cb_ok":7294,"cb_fail":0,"enqueue_err":0,"pdr_ppm":1000000},"rx":{"frames":29869,"lost_seqgap":0,"reorder_dup":0,"dropped_bad":0,"hb_lost":48,"bcast_frames":21043,"pdr_ppm":1000000},"rtt":{"samples":740,"min_us":5333,"max_us":60171,"timeouts":0,"txq_last_us":3417,"txq_max_us":17589,"remote_turnaround_us":814,"remote_turnaround_max_us":2680,"p50_us":[4000,6000],"p99_us":[16000,22000],"hist":[0,0,0,0,543,136,30,19,9,1,0,1,1,0,0,0]}}
1791634976.583 {"t":"link","up_ms":2111142,"node":25344,"peer":33120,"mac":"b8:1f:3f:da:81:60","state":"alive","epoch":289,"espnow_ver":2,"mtu":1446,"misses":0,"rssi":-21,"tx":{"frames":8023,"cb_ok":7933,"cb_fail":90,"enqueue_err":0,"pdr_ppm":988782},"rx":{"frames":27485,"lost_seqgap":2,"reorder_dup":0,"dropped_bad":0,"hb_lost":33,"bcast_frames":18470,"pdr_ppm":999927},"rtt":{"samples":653,"min_us":5586,"max_us":41860,"timeouts":85,"txq_last_us":14299,"txq_max_us":14299,"remote_turnaround_us":1402,"remote_turnaround_max_us":34291,"p50_us":[4000,6000],"p99_us":[16000,22000],"hist":[0,0,0,0,422,165,37,12,11,4,2,0,0,0,0,0]}}
1791634976.583 {"t":"link","up_ms":2111196,"node":25344,"peer":254,"mac":"02:00:00:00:00:fe","state":"alive","epoch":0,"espnow_ver":0,"mtu":226,"misses":0,"rssi":0,"tx":{"frames":3494,"cb_ok":0,"cb_fail":0,"enqueue_err":0,"pdr_ppm":null},"rx":{"frames":6049,"lost_seqgap":0,"reorder_dup":3988,"dropped_bad":0,"hb_lost":0,"bcast_frames":0,"pdr_ppm":1000000},"rtt":{"samples":136,"min_us":8375,"max_us":96999,"timeouts":494,"txq_last_us":0,"txq_max_us":0,"remote_turnaround_us":14,"remote_turnaround_max_us":27,"p50_us":[42000,60000],"p99_us":[85000,110000],"hist":[0,0,0,0,0,0,3,5,3,7,4,82,21,11,0,0]}}
1791634976.583 {"t":"auth","node":25344,"up_ms":2111250,"enrolled":1,"required":1,"verified_peers":2,"verified":6,"cache_hits":1992,"refused":0,"rate_limited":0,"stale_epoch":0,"verify_us_max":85170,"link_stack_free_b":804,"crypto_stack_free_b":1220,"tags_ok":15846,"bad_tag":0,"replayed":3,"untagged":0,"bcast_dropped":0,"beacon_epoch_ignored":0,"tag_us_max":1157}
1791634976.583 {"t":"act","node":25344,"setpoint":0,"has_value":0,"writes_served":0}
1791634976.995 {"t":"peers","node":25344,"own_period_ms":100,"own_busy":0,"channel":1,"scanning":0,"scans":0,"hops":0,"found":0,"lost_to_found_ms":0,"moves_followed":0,"moves_refused":0,"sweeps":0,"sweep_found":0,"sweeping":0,"search_visits":0,"relay":0,"fwd_u":0,"fwd_b":0,"fwd_h":0,"relay_dup":19294,"list":[{"id":29544,"state":"alive","via_relay":0,"period_ms":100,"misses":6,"busy":1,"rtt_n":740},{"id":33120,"state":"alive","via_relay":0,"period_ms":100,"misses":6,"busy":0,"rtt_n":653},{"id":254,"state":"alive","via_relay":0,"period_ms":100,"misses":6,"busy":0,"rtt_n":136}]}
1791634976.995 {"t":"ss","node":25344,"accepted":0,"unsigned":0,"unknown_sender":0,"bad_signature":0,"replayed":0,"rate_limited":0,"verify_us_max":0,"floors":[]}
1791634976.995 {"t":"rec","node":25344,"up_ms":2111346,"settled":1,"sent":8440,"received":8418,"malformed":0,"views":28,"replies_fenced":0,"actors":[{"key":1245650351,"running":1,"term":7,"owner":25344,"owner_term":7,"assigned":254,"starts":1,"fenced":0,"released":0}]}
1791634976.995 {"t":"node","up_ms":2111373,"node":25344,"epoch":243,"peers_alive":3,"peers_dead":0,"no_radio":0,"free_dram":250219,"largest_block":172032,"rx":{"total":106490,"bad_frame":0,"unknown_peer":1760,"wrong_dst":0,"short_payload":0,"unknown_opcode":0,"queue_dropped":52},"tx":{"total":40973,"enqueue_err":0,"done_queue_dropped":0},"membership":{"deaths":13,"revivals":9,"reboots_seen":4,"table_full":0,"events_dropped":0}}
1791634976.995 {"t":"ns","node":25344,"hash":2410274060,"owner":25344,"kind":"sampled","unit":100,"class":4,"bound_ms":0,"quality":"GOOD","age_ms":416,"ts":2110986,"updates":200,"value":243}
1791634976.995 {"t":"ns","node":25344,"hash":1274253983,"owner":25344,"kind":"sampled","unit":0,"class":4,"bound_ms":5000,"quality":"GOOD","age_ms":441,"ts":2110986,"updates":200,"value":-27}
1791634976.995 {"t":"ns","node":25344,"hash":3354298913,"owner":25344,"kind":"sampled","unit":100,"class":4,"bound_ms":5000,"quality":"GOOD","age_ms":456,"ts":2110986,"updates":200,"value":3}
1791634976.995 {"t":"ns","node":25344,"hash":1771187623,"owner":25344,"kind":"sampled","unit":101,"class":4,"bound_ms":30000,"quality":"GOOD","age_ms":472,"ts":2110985,"updates":200,"value":250219}
1791634976.995 {"t":"ns","node":25344,"hash":1245650351,"owner":25344,"kind":"sampled","unit":0,"class":3,"bound_ms":500,"quality":"GOOD","age_ms":11,"ts":2111460,"updates":20999,"value":1660965383}
1791634976.995 {"t":"ns","node":25344,"hash":2033492666,"owner":25344,"kind":"sampled","unit":0,"class":3,"bound_ms":0,"quality":"NO_DATA","age_ms":0,"ts":0,"updates":0,"value":null}
1791634976.995 {"t":"ns","node":25344,"hash":4103947588,"owner":25344,"kind":"sampled","unit":80,"class":4,"bound_ms":30000,"quality":"GOOD","age_ms":514,"ts":2110985,"updates":200,"value":2110}
1791634976.995 {"t":"ns","node":25344,"hash":1662441583,"owner":25344,"kind":"sampled","unit":101,"class":4,"bound_ms":30000,"quality":"GOOD","age_ms":528,"ts":2110985,"updates":200,"value":172032}
1791634987.127 {"t":"clk","node":25344,"up_ms":2121528}
1791634987.127 {"t":"led","node":25344,"shows":"green","app":0}
1791634987.127 {"t":"event","at_ms":2112609,"node":25344,"kind":"peer_admitted","peer":33120,"slot":1,"a":0,"b":0}
1791634987.127 {"t":"event","at_ms":2112765,"node":25344,"kind":"peer_admitted","peer":29544,"slot":0,"a":0,"b":0}
1791634987.127 {"t":"event","at_ms":2114616,"node":25344,"kind":"peer_admitted","peer":33120,"slot":1,"a":0,"b":0}
1791634987.127 {"t":"event","at_ms":2114765,"node":25344,"kind":"peer_admitted","peer":29544,"slot":0,"a":0,"b":0}
1791634987.127 {"t":"event","at_ms":2116608,"node":25344,"kind":"peer_admitted","peer":33120,"slot":1,"a":0,"b":0}
1791634987.127 {"t":"event","at_ms":2116765,"node":25344,"kind":"peer_admitted","peer":29544,"slot":0,"a":0,"b":0}
1791634987.127 {"t":"event","at_ms":2118608,"node":25344,"kind":"peer_admitted","peer":33120,"slot":1,"a":0,"b":0}
1791634987.127 {"t":"event","at_ms":2118765,"node":25344,"kind":"peer_admitted","peer":29544,"slot":0,"a":0,"b":0}
1791634987.127 {"t":"event","at_ms":2120608,"node":25344,"kind":"peer_admitted","peer":33120,"slot":1,"a":0,"b":0}
1791634987.127 {"t":"event","at_ms":2120765,"node":25344,"kind":"peer_admitted","peer":29544,"slot":0,"a":0,"b":0}
1791634987.127 {"t":"link","up_ms":2121614,"node":25344,"peer":29544,"mac":"b8:1f:3f:da:73:68","state":"alive","epoch":170,"espnow_ver":2,"mtu":1446,"misses":0,"rssi":-27,"tx":{"frames":7418,"cb_ok":7418,"cb_fail":0,"enqueue_err":0,"pdr_ppm":1000000},"rx":{"frames":30111,"lost_seqgap":0,"reorder_dup":0,"dropped_bad":0,"hb_lost":48,"bcast_frames":21149,"pdr_ppm":1000000},"rtt":{"samples":743,"min_us":5333,"max_us":60171,"timeouts":0,"txq_last_us":2737,"txq_max_us":17589,"remote_turnaround_us":1109,"remote_turnaround_max_us":5104,"p50_us":[4000,6000],"p99_us":[16000,22000],"hist":[0,0,0,0,545,136,30,19,9,2,0,1,1,0,0,0]}}
1791634987.127 {"t":"link","up_ms":2121668,"node":25344,"peer":33120,"mac":"b8:1f:3f:da:81:60","state":"alive","epoch":289,"espnow_ver":2,"mtu":1446,"misses":0,"rssi":-21,"tx":{"frames":8051,"cb_ok":7961,"cb_fail":90,"enqueue_err":0,"pdr_ppm":988821},"rx":{"frames":27632,"lost_seqgap":2,"reorder_dup":0,"dropped_bad":0,"hb_lost":33,"bcast_frames":18576,"pdr_ppm":999927},"rtt":{"samples":657,"min_us":5586,"max_us":41860,"timeouts":85,"txq_last_us":2804,"txq_max_us":14299,"remote_turnaround_us":951,"remote_turnaround_max_us":34291,"p50_us":[4000,6000],"p99_us":[16000,22000],"hist":[0,0,0,0,425,166,37,12,11,4,2,0,0,0,0,0]}}
1791634987.127 {"t":"link","up_ms":2121723,"node":25344,"peer":254,"mac":"02:00:00:00:00:fe","state":"alive","epoch":0,"espnow_ver":0,"mtu":226,"misses":0,"rssi":0,"tx":{"frames":3608,"cb_ok":0,"cb_fail":0,"enqueue_err":0,"pdr_ppm":null},"rx":{"frames":6246,"lost_seqgap":0,"reorder_dup":4185,"dropped_bad":0,"hb_lost":0,"bcast_frames":0,"pdr_ppm":1000000},"rtt":{"samples":139,"min_us":8375,"max_us":96999,"timeouts":494,"txq_last_us":0,"txq_max_us":0,"remote_turnaround_us":14,"remote_turnaround_max_us":27,"p50_us":[42000,60000],"p99_us":[85000,110000],"hist":[0,0,0,0,0,0,3,5,4,7,4,84,21,11,0,0]}}
1791634987.127 {"t":"auth","node":25344,"up_ms":2121778,"enrolled":1,"required":1,"verified_peers":2,"verified":6,"cache_hits":2002,"refused":0,"rate_limited":0,"stale_epoch":0,"verify_us_max":85170,"link_stack_free_b":804,"crypto_stack_free_b":1220,"tags_ok":16013,"bad_tag":0,"replayed":3,"untagged":0,"bcast_dropped":0,"beacon_epoch_ignored":0,"tag_us_max":1157}
1791634987.127 {"t":"act","node":25344,"setpoint":0,"has_value":0,"writes_served":0}
1791634987.127 {"t":"peers","node":25344,"own_period_ms":100,"own_busy":0,"channel":1,"scanning":0,"scans":0,"hops":0,"found":0,"lost_to_found_ms":0,"moves_followed":0,"moves_refused":0,"sweeps":0,"sweep_found":0,"sweeping":0,"search_visits":0,"relay":0,"fwd_u":0,"fwd_b":0,"fwd_h":0,"relay_dup":19402,"list":[{"id":29544,"state":"alive","via_relay":0,"period_ms":100,"misses":6,"busy":1,"rtt_n":743},{"id":33120,"state":"alive","via_relay":0,"period_ms":100,"misses":6,"busy":0,"rtt_n":657},{"id":254,"state":"alive","via_relay":0,"period_ms":100,"misses":6,"busy":0,"rtt_n":139}]}
1791634987.127 {"t":"ss","node":25344,"accepted":0,"unsigned":0,"unknown_sender":0,"bad_signature":0,"replayed":0,"rate_limited":0,"verify_us_max":0,"floors":[]}
1791634987.515 {"t":"rec","node":25344,"up_ms":2121875,"settled":1,"sent":8481,"received":8460,"malformed":0,"views":28,"replies_fenced":0,"actors":[{"key":1245650351,"running":1,"term":7,"owner":25344,"owner_term":7,"assigned":254,"starts":1,"fenced":0,"released":0}]}
1791634987.515 {"t":"node","up_ms":2121903,"node":25344,"epoch":243,"peers_alive":3,"peers_dead":0,"no_radio":0,"free_dram":248935,"largest_block":172032,"rx":{"total":107293,"bad_frame":0,"unknown_peer":1760,"wrong_dst":0,"short_payload":0,"unknown_opcode":0,"queue_dropped":52},"tx":{"total":41350,"enqueue_err":0,"done_queue_dropped":0},"membership":{"deaths":13,"revivals":9,"reboots_seen":4,"table_full":0,"events_dropped":0}}
1791634987.515 {"t":"ns","node":25344,"hash":2410274060,"owner":25344,"kind":"sampled","unit":100,"class":4,"bound_ms":0,"quality":"GOOD","age_ms":402,"ts":2121530,"updates":201,"value":243}
1791634987.515 {"t":"ns","node":25344,"hash":1274253983,"owner":25344,"kind":"sampled","unit":0,"class":4,"bound_ms":5000,"quality":"GOOD","age_ms":417,"ts":2121530,"updates":201,"value":-27}
1791634987.515 {"t":"ns","node":25344,"hash":3354298913,"owner":25344,"kind":"sampled","unit":100,"class":4,"bound_ms":5000,"quality":"GOOD","age_ms":431,"ts":2121530,"updates":201,"value":3}
1791634987.515 {"t":"ns","node":25344,"hash":1771187623,"owner":25344,"kind":"sampled","unit":101,"class":4,"bound_ms":30000,"quality":"GOOD","age_ms":457,"ts":2121529,"updates":201,"value":250219}
1791634987.515 {"t":"ns","node":25344,"hash":1245650351,"owner":25344,"kind":"sampled","unit":0,"class":3,"bound_ms":500,"quality":"GOOD","age_ms":42,"ts":2121961,"updates":21103,"value":1660965487}
1791634987.515 {"t":"ns","node":25344,"hash":2033492666,"owner":25344,"kind":"sampled","unit":0,"class":3,"bound_ms":0,"quality":"NO_DATA","age_ms":0,"ts":0,"updates":0,"value":null}
1791634987.515 {"t":"ns","node":25344,"hash":4103947588,"owner":25344,"kind":"sampled","unit":80,"class":4,"bound_ms":30000,"quality":"GOOD","age_ms":502,"ts":2121529,"updates":201,"value":2121}
1791634987.515 {"t":"ns","node":25344,"hash":1662441583,"owner":25344,"kind":"sampled","unit":101,"class":4,"bound_ms":30000,"quality":"GOOD","age_ms":517,"ts":2121529,"updates":201,"value":172032}
1791634997.660 {"t":"clk","node":25344,"up_ms":2132061}
1791634997.660 {"t":"led","node":25344,"shows":"green","app":0}
1791634997.660 {"t":"event","at_ms":2122608,"node":25344,"kind":"peer_admitted","peer":33120,"slot":1,"a":0,"b":0}
1791634997.660 {"t":"event","at_ms":2122765,"node":25344,"kind":"peer_admitted","peer":29544,"slot":0,"a":0,"b":0}
1791634997.660 {"t":"event","at_ms":2124608,"node":25344,"kind":"peer_admitted","peer":33120,"slot":1,"a":0,"b":0}
1791634997.660 {"t":"event","at_ms":2124767,"node":25344,"kind":"peer_admitted","peer":29544,"slot":0,"a":0,"b":0}
1791634997.660 {"t":"event","at_ms":2126610,"node":25344,"kind":"peer_admitted","peer":33120,"slot":1,"a":0,"b":0}
1791634997.660 {"t":"event","at_ms":2126766,"node":25344,"kind":"peer_admitted","peer":29544,"slot":0,"a":0,"b":0}
1791634997.660 {"t":"event","at_ms":2128611,"node":25344,"kind":"peer_admitted","peer":33120,"slot":1,"a":0,"b":0}
1791634997.660 {"t":"event","at_ms":2128765,"node":25344,"kind":"peer_admitted","peer":29544,"slot":0,"a":0,"b":0}
1791634997.660 {"t":"event","at_ms":2130608,"node":25344,"kind":"peer_admitted","peer":33120,"slot":1,"a":0,"b":0}
1791634997.660 {"t":"event","at_ms":2130765,"node":25344,"kind":"peer_admitted","peer":29544,"slot":0,"a":0,"b":0}
1791634997.660 {"t":"link","up_ms":2132146,"node":25344,"peer":29544,"mac":"b8:1f:3f:da:73:68","state":"alive","epoch":170,"espnow_ver":2,"mtu":1446,"misses":0,"rssi":-27,"tx":{"frames":7543,"cb_ok":7543,"cb_fail":0,"enqueue_err":0,"pdr_ppm":1000000},"rx":{"frames":30354,"lost_seqgap":0,"reorder_dup":0,"dropped_bad":0,"hb_lost":48,"bcast_frames":21254,"pdr_ppm":1000000},"rtt":{"samples":747,"min_us":5333,"max_us":60171,"timeouts":0,"txq_last_us":2873,"txq_max_us":17589,"remote_turnaround_us":879,"remote_turnaround_max_us":5104,"p50_us":[4000,6000],"p99_us":[16000,22000],"hist":[0,0,0,0,547,137,30,19,10,2,0,1,1,0,0,0]}}
1791634997.660 {"t":"link","up_ms":2132200,"node":25344,"peer":33120,"mac":"b8:1f:3f:da:81:60","state":"alive","epoch":289,"espnow_ver":2,"mtu":1446,"misses":0,"rssi":-21,"tx":{"frames":8078,"cb_ok":7988,"cb_fail":90,"enqueue_err":0,"pdr_ppm":988858},"rx":{"frames":27775,"lost_seqgap":2,"reorder_dup":0,"dropped_bad":0,"hb_lost":34,"bcast_frames":18680,"pdr_ppm":999927},"rtt":{"samples":660,"min_us":5586,"max_us":41860,"timeouts":85,"txq_last_us":2929,"txq_max_us":14299,"remote_turnaround_us":951,"remote_turnaround_max_us":34291,"p50_us":[4000,6000],"p99_us":[16000,22000],"hist":[0,0,0,0,425,169,37,12,11,4,2,0,0,0,0,0]}}
1791634997.660 {"t":"link","up_ms":2132255,"node":25344,"peer":254,"mac":"02:00:00:00:00:fe","state":"alive","epoch":0,"espnow_ver":0,"mtu":226,"misses":0,"rssi":0,"tx":{"frames":3721,"cb_ok":0,"cb_fail":0,"enqueue_err":0,"pdr_ppm":null},"rx":{"frames":6444,"lost_seqgap":0,"reorder_dup":4383,"dropped_bad":0,"hb_lost":0,"bcast_frames":0,"pdr_ppm":1000000},"rtt":{"samples":143,"min_us":8375,"max_us":100539,"timeouts":494,"txq_last_us":0,"txq_max_us":0,"remote_turnaround_us":17,"remote_turnaround_max_us":27,"p50_us":[42000,60000],"p99_us":[85000,110000],"hist":[0,0,0,0,0,0,3,5,4,7,4,86,22,12,0,0]}}
1791634997.660 {"t":"auth","node":25344,"up_ms":2132309,"enrolled":1,"required":1,"verified_peers":2,"verified":6,"cache_hits":2012,"refused":0,"rate_limited":0,"stale_epoch":0,"verify_us_max":85170,"link_stack_free_b":804,"crypto_stack_free_b":1220,"tags_ok":16179,"bad_tag":0,"replayed":3,"untagged":0,"bcast_dropped":0,"beacon_epoch_ignored":0,"tag_us_max":1157}
1791634997.660 {"t":"act","node":25344,"setpoint":0,"has_value":0,"writes_served":0}
1791634997.660 {"t":"peers","node":25344,"own_period_ms":100,"own_busy":0,"channel":1,"scanning":0,"scans":0,"hops":0,"found":0,"lost_to_found_ms":0,"moves_followed":0,"moves_refused":0,"sweeps":0,"sweep_found":0,"sweeping":0,"search_visits":0,"relay":0,"fwd_u":0,"fwd_b":0,"fwd_h":0,"relay_dup":19510,"list":[{"id":29544,"state":"alive","via_relay":0,"period_ms":100,"misses":6,"busy":1,"rtt_n":747},{"id":33120,"state":"alive","via_relay":0,"period_ms":100,"misses":6,"busy":0,"rtt_n":660},{"id":254,"state":"alive","via_relay":0,"period_ms":100,"misses":6,"busy":0,"rtt_n":143}]}
1791634997.660 {"t":"ss","node":25344,"accepted":0,"unsigned":0,"unknown_sender":0,"bad_signature":0,"replayed":0,"rate_limited":0,"verify_us_max":0,"floors":[]}
1791634998.050 {"t":"rec","node":25344,"up_ms":2132405,"settled":1,"sent":8523,"received":8501,"malformed":0,"views":28,"replies_fenced":0,"actors":[{"key":1245650351,"running":1,"term":7,"owner":25344,"owner_term":7,"assigned":254,"starts":1,"fenced":0,"released":0}]}
1791634998.050 {"t":"node","up_ms":2132432,"node":25344,"epoch":243,"peers_alive":3,"peers_dead":0,"no_radio":0,"free_dram":250219,"largest_block":172032,"rx":{"total":108090,"bad_frame":0,"unknown_peer":1760,"wrong_dst":0,"short_payload":0,"unknown_opcode":0,"queue_dropped":52},"tx":{"total":41725,"enqueue_err":0,"done_queue_dropped":0},"membership":{"deaths":13,"revivals":9,"reboots_seen":4,"table_full":0,"events_dropped":0}}
1791634998.050 {"t":"ns","node":25344,"hash":2410274060,"owner":25344,"kind":"sampled","unit":100,"class":4,"bound_ms":0,"quality":"GOOD","age_ms":398,"ts":2132063,"updates":202,"value":243}
1791634998.050 {"t":"ns","node":25344,"hash":1274253983,"owner":25344,"kind":"sampled","unit":0,"class":4,"bound_ms":5000,"quality":"GOOD","age_ms":423,"ts":2132063,"updates":202,"value":-27}
1791634998.050 {"t":"ns","node":25344,"hash":3354298913,"owner":25344,"kind":"sampled","unit":100,"class":4,"bound_ms":5000,"quality":"GOOD","age_ms":437,"ts":2132063,"updates":202,"value":3}
1791634998.050 {"t":"ns","node":25344,"hash":1771187623,"owner":25344,"kind":"sampled","unit":101,"class":4,"bound_ms":30000,"quality":"GOOD","age_ms":452,"ts":2132062,"updates":202,"value":250219}
1791634998.050 {"t":"ns","node":25344,"hash":1245650351,"owner":25344,"kind":"sampled","unit":0,"class":3,"bound_ms":500,"quality":"GOOD","age_ms":30,"ts":2132498,"updates":21206,"value":1660965590}
1791634998.050 {"t":"ns","node":25344,"hash":2033492666,"owner":25344,"kind":"sampled","unit":0,"class":3,"bound_ms":0,"quality":"NO_DATA","age_ms":0,"ts":0,"updates":0,"value":null}
1791634998.050 {"t":"ns","node":25344,"hash":4103947588,"owner":25344,"kind":"sampled","unit":80,"class":4,"bound_ms":30000,"quality":"GOOD","age_ms":495,"ts":2132062,"updates":202,"value":2132}
1791634998.050 {"t":"ns","node":25344,"hash":1662441583,"owner":25344,"kind":"sampled","unit":101,"class":4,"bound_ms":30000,"quality":"GOOD","age_ms":510,"ts":2132062,"updates":202,"value":172032}
1791635008.187 {"t":"clk","node":25344,"up_ms":2142586}
1791635008.187 {"t":"led","node":25344,"shows":"green","app":0}
1791635008.187 {"t":"event","at_ms":2132608,"node":25344,"kind":"peer_admitted","peer":33120,"slot":1,"a":0,"b":0}
1791635008.187 {"t":"event","at_ms":2132765,"node":25344,"kind":"peer_admitted","peer":29544,"slot":0,"a":0,"b":0}
1791635008.187 {"t":"event","at_ms":2134608,"node":25344,"kind":"peer_admitted","peer":33120,"slot":1,"a":0,"b":0}
1791635008.187 {"t":"event","at_ms":2134765,"node":25344,"kind":"peer_admitted","peer":29544,"slot":0,"a":0,"b":0}
1791635008.187 {"t":"event","at_ms":2136608,"node":25344,"kind":"peer_admitted","peer":33120,"slot":1,"a":0,"b":0}
1791635008.187 {"t":"event","at_ms":2136765,"node":25344,"kind":"peer_admitted","peer":29544,"slot":0,"a":0,"b":0}
1791635008.187 {"t":"event","at_ms":2138608,"node":25344,"kind":"peer_admitted","peer":33120,"slot":1,"a":0,"b":0}
1791635008.187 {"t":"event","at_ms":2138765,"node":25344,"kind":"peer_admitted","peer":29544,"slot":0,"a":0,"b":0}
1791635008.187 {"t":"event","at_ms":2140608,"node":25344,"kind":"peer_admitted","peer":33120,"slot":1,"a":0,"b":0}
1791635008.187 {"t":"event","at_ms":2140765,"node":25344,"kind":"peer_admitted","peer":29544,"slot":0,"a":0,"b":0}
1791635008.187 {"t":"event","at_ms":2142618,"node":25344,"kind":"peer_admitted","peer":33120,"slot":1,"a":0,"b":0}
1791635008.187 {"t":"link","up_ms":2142689,"node":25344,"peer":29544,"mac":"b8:1f:3f:da:73:68","state":"alive","epoch":170,"espnow_ver":2,"mtu":1446,"misses":0,"rssi":-27,"tx":{"frames":7667,"cb_ok":7667,"cb_fail":0,"enqueue_err":0,"pdr_ppm":1000000},"rx":{"frames":30594,"lost_seqgap":0,"reorder_dup":0,"dropped_bad":0,"hb_lost":48,"bcast_frames":21359,"pdr_ppm":1000000},"rtt":{"samples":750,"min_us":5333,"max_us":60171,"timeouts":0,"txq_last_us":2774,"txq_max_us":17589,"remote_turnaround_us":832,"remote_turnaround_max_us":6897,"p50_us":[4000,6000],"p99_us":[16000,22000],"hist":[0,0,0,0,549,137,30,19,11,2,0,1,1,0,0,0]}}
1791635008.187 {"t":"link","up_ms":2142743,"node":25344,"peer":33120,"mac":"b8:1f:3f:da:81:60","state":"alive","epoch":289,"espnow_ver":2,"mtu":1446,"misses":0,"rssi":-21,"tx":{"frames":8108,"cb_ok":8018,"cb_fail":90,"enqueue_err":0,"pdr_ppm":988899},"rx":{"frames":27922,"lost_seqgap":2,"reorder_dup":0,"dropped_bad":0,"hb_lost":34,"bcast_frames":18785,"pdr_ppm":999928},"rtt":{"samples":664,"min_us":5586,"max_us":41860,"timeouts":85,"txq_last_us":3016,"txq_max_us":14670,"remote_turnaround_us":943,"remote_turnaround_max_us":34291,"p50_us":[4000,6000],"p99_us":[16000,22000],"hist":[0,0,0,0,425,172,37,12,12,4,2,0,0,0,0,0]}}
1791635008.187 {"t":"link","up_ms":2142787,"node":25344,"peer":254,"mac":"02:00:00:00:00:fe","state":"alive","epoch":0,"espnow_ver":0,"mtu":226,"misses":0,"rssi":0,"tx":{"frames":3835,"cb_ok":0,"cb_fail":0,"enqueue_err":0,"pdr_ppm":null},"rx":{"frames":6640,"lost_seqgap":0,"reorder_dup":4579,"dropped_bad":0,"hb_lost":0,"bcast_frames":0,"pdr_ppm":1000000},"rtt":{"samples":146,"min_us":8375,"max_us":100539,"timeouts":494,"txq_last_us":0,"txq_max_us":0,"remote_turnaround_us":14,"remote_turnaround_max_us":27,"p50_us":[42000,60000],"p99_us":[85000,110000],"hist":[0,0,0,0,0,0,3,5,4,8,4,87,23,12,0,0]}}
1791635008.187 {"t":"auth","node":25344,"up_ms":2142842,"enrolled":1,"required":1,"verified_peers":2,"verified":6,"cache_hits":2024,"refused":0,"rate_limited":0,"stale_epoch":0,"verify_us_max":85170,"link_stack_free_b":804,"crypto_stack_free_b":1220,"tags_ok":16347,"bad_tag":0,"replayed":3,"untagged":0,"bcast_dropped":0,"beacon_epoch_ignored":0,"tag_us_max":1157}
1791635008.187 {"t":"act","node":25344,"setpoint":0,"has_value":0,"writes_served":0}
1791635008.187 {"t":"peers","node":25344,"own_period_ms":100,"own_busy":0,"channel":1,"scanning":0,"scans":0,"hops":0,"found":0,"lost_to_found_ms":0,"moves_followed":0,"moves_refused":0,"sweeps":0,"sweep_found":0,"sweeping":0,"search_visits":0,"relay":0,"fwd_u":0,"fwd_b":0,"fwd_h":0,"relay_dup":19619,"list":[{"id":29544,"state":"alive","via_relay":0,"period_ms":100,"misses":6,"busy":1,"rtt_n":750},{"id":33120,"state":"alive","via_relay":0,"period_ms":100,"misses":6,"busy":0,"rtt_n":664},{"id":254,"state":"alive","via_relay":0,"period_ms":100,"misses":6,"busy":0,"rtt_n":146}]}
1791635008.580 {"t":"ss","node":25344,"accepted":0,"unsigned":0,"unknown_sender":0,"bad_signature":0,"replayed":0,"rate_limited":0,"verify_us_max":0,"floors":[]}
1791635008.580 {"t":"rec","node":25344,"up_ms":2142938,"settled":1,"sent":8565,"received":8543,"malformed":0,"views":28,"replies_fenced":0,"actors":[{"key":1245650351,"running":1,"term":7,"owner":25344,"owner_term":7,"assigned":254,"starts":1,"fenced":0,"released":0}]}
1791635008.580 {"t":"node","up_ms":2142965,"node":25344,"epoch":243,"peers_alive":3,"peers_dead":0,"no_radio":0,"free_dram":250219,"largest_block":172032,"rx":{"total":108896,"bad_frame":0,"unknown_peer":1760,"wrong_dst":0,"short_payload":0,"unknown_opcode":0,"queue_dropped":52},"tx":{"total":42106,"enqueue_err":0,"done_queue_dropped":0},"membership":{"deaths":13,"revivals":9,"reboots_seen":4,"table_full":0,"events_dropped":0}}
1791635008.580 {"t":"ns","node":25344,"hash":2410274060,"owner":25344,"kind":"sampled","unit":100,"class":4,"bound_ms":0,"quality":"GOOD","age_ms":417,"ts":2142588,"updates":203,"value":243}
1791635008.580 {"t":"ns","node":25344,"hash":1274253983,"owner":25344,"kind":"sampled","unit":0,"class":4,"bound_ms":5000,"quality":"GOOD","age_ms":431,"ts":2142588,"updates":203,"value":-27}
1791635008.580 {"t":"ns","node":25344,"hash":3354298913,"owner":25344,"kind":"sampled","unit":100,"class":4,"bound_ms":5000,"quality":"GOOD","age_ms":445,"ts":2142588,"updates":203,"value":3}
1791635008.580 {"t":"ns","node":25344,"hash":1771187623,"owner":25344,"kind":"sampled","unit":101,"class":4,"bound_ms":30000,"quality":"GOOD","age_ms":460,"ts":2142587,"updates":203,"value":250219}
1791635008.580 {"t":"ns","node":25344,"hash":1245650351,"owner":25344,"kind":"sampled","unit":0,"class":3,"bound_ms":500,"quality":"GOOD","age_ms":88,"ts":2142973,"updates":21310,"value":1660965694}
1791635008.580 {"t":"ns","node":25344,"hash":2033492666,"owner":25344,"kind":"sampled","unit":0,"class":3,"bound_ms":0,"quality":"NO_DATA","age_ms":0,"ts":0,"updates":0,"value":null}
1791635008.580 {"t":"ns","node":25344,"hash":4103947588,"owner":25344,"kind":"sampled","unit":80,"class":4,"bound_ms":30000,"quality":"GOOD","age_ms":502,"ts":2142588,"updates":203,"value":2142}
1791635008.580 {"t":"ns","node":25344,"hash":1662441583,"owner":25344,"kind":"sampled","unit":101,"class":4,"bound_ms":30000,"quality":"GOOD","age_ms":517,"ts":2142587,"updates":203,"value":172032}
1791635018.728 {"t":"clk","node":25344,"up_ms":2153130}
1791635018.728 {"t":"led","node":25344,"shows":"green","app":0}
1791635018.728 {"t":"event","at_ms":2142765,"node":25344,"kind":"peer_admitted","peer":29544,"slot":0,"a":0,"b":0}
1791635018.728 {"t":"event","at_ms":2144608,"node":25344,"kind":"peer_admitted","peer":33120,"slot":1,"a":0,"b":0}
1791635018.728 {"t":"event","at_ms":2144765,"node":25344,"kind":"peer_admitted","peer":29544,"slot":0,"a":0,"b":0}
1791635018.728 {"t":"event","at_ms":2146608,"node":25344,"kind":"peer_admitted","peer":33120,"slot":1,"a":0,"b":0}
1791635018.728 {"t":"event","at_ms":2146765,"node":25344,"kind":"peer_admitted","peer":29544,"slot":0,"a":0,"b":0}
1791635018.728 {"t":"event","at_ms":2148608,"node":25344,"kind":"peer_admitted","peer":33120,"slot":1,"a":0,"b":0}
1791635018.728 {"t":"event","at_ms":2148765,"node":25344,"kind":"peer_admitted","peer":29544,"slot":0,"a":0,"b":0}
1791635018.728 {"t":"event","at_ms":2150608,"node":25344,"kind":"peer_admitted","peer":33120,"slot":1,"a":0,"b":0}
1791635018.728 {"t":"event","at_ms":2150765,"node":25344,"kind":"peer_admitted","peer":29544,"slot":0,"a":0,"b":0}
1791635018.728 {"t":"event","at_ms":2152616,"node":25344,"kind":"peer_admitted","peer":33120,"slot":1,"a":0,"b":0}
1791635018.728 {"t":"event","at_ms":2152765,"node":25344,"kind":"peer_admitted","peer":29544,"slot":0,"a":0,"b":0}
1791635018.728 {"t":"link","up_ms":2153229,"node":25344,"peer":29544,"mac":"b8:1f:3f:da:73:68","state":"alive","epoch":170,"espnow_ver":2,"mtu":1446,"misses":0,"rssi":-27,"tx":{"frames":7793,"cb_ok":7793,"cb_fail":0,"enqueue_err":0,"pdr_ppm":1000000},"rx":{"frames":30838,"lost_seqgap":0,"reorder_dup":0,"dropped_bad":0,"hb_lost":48,"bcast_frames":21465,"pdr_ppm":1000000},"rtt":{"samples":754,"min_us":5333,"max_us":60171,"timeouts":0,"txq_last_us":4663,"txq_max_us":17589,"remote_turnaround_us":853,"remote_turnaround_max_us":6897,"p50_us":[4000,6000],"p99_us":[16000,22000],"hist":[0,0,0,0,550,139,30,19,12,2,0,1,1,0,0,0]}}
1791635018.728 {"t":"link","up_ms":2153284,"node":25344,"peer":33120,"mac":"b8:1f:3f:da:81:60","state":"alive","epoch":289,"espnow_ver":2,"mtu":1446,"misses":0,"rssi":-21,"tx":{"frames":8134,"cb_ok":8044,"cb_fail":90,"enqueue_err":0,"pdr_ppm":988935},"rx":{"frames":28068,"lost_seqgap":2,"reorder_dup":0,"dropped_bad":0,"hb_lost":34,"bcast_frames":18891,"pdr_ppm":999928},"rtt":{"samples":667,"min_us":5586,"max_us":41860,"timeouts":85,"txq_last_us":2807,"txq_max_us":14670,"remote_turnaround_us":1322,"remote_turnaround_max_us":34291,"p50_us":[4000,6000],"p99_us":[16000,22000],"hist":[0,0,0,0,426,174,37,12,12,4,2,0,0,0,0,0]}}
1791635018.728 {"t":"link","up_ms":2153338,"node":25344,"peer":254,"mac":"02:00:00:00:00:fe","state":"alive","epoch":0,"espnow_ver":0,"mtu":226,"misses":0,"rssi":0,"tx":{"frames":3950,"cb_ok":0,"cb_fail":0,"enqueue_err":0,"pdr_ppm":null},"rx":{"frames":6838,"lost_seqgap":0,"reorder_dup":4777,"dropped_bad":0,"hb_lost":0,"bcast_frames":0,"pdr_ppm":1000000},"rtt":{"samples":150,"min_us":8375,"max_us":100539,"timeouts":494,"txq_last_us":0,"txq_max_us":0,"remote_turnaround_us":14,"remote_turnaround_max_us":27,"p50_us":[42000,60000],"p99_us":[85000,110000],"hist":[0,0,0,0,0,0,3,5,4,10,4,88,24,12,0,0]}}
1791635018.728 {"t":"auth","node":25344,"up_ms":2153381,"enrolled":1,"required":1,"verified_peers":2,"verified":6,"cache_hits":2034,"refused":0,"rate_limited":0,"stale_epoch":0,"verify_us_max":85170,"link_stack_free_b":804,"crypto_stack_free_b":1220,"tags_ok":16511,"bad_tag":0,"replayed":3,"untagged":0,"bcast_dropped":0,"beacon_epoch_ignored":0,"tag_us_max":1157}
1791635018.728 {"t":"act","node":25344,"setpoint":0,"has_value":0,"writes_served":0}
1791635018.728 {"t":"peers","node":25344,"own_period_ms":100,"own_busy":0,"channel":1,"scanning":0,"scans":0,"hops":0,"found":0,"lost_to_found_ms":0,"moves_followed":0,"moves_refused":0,"sweeps":0,"sweep_found":0,"sweeping":0,"search_visits":0,"relay":0,"fwd_u":0,"fwd_b":0,"fwd_h":0,"relay_dup":19728,"list":[{"id":29544,"state":"alive","via_relay":0,"period_ms":100,"misses":6,"busy":1,"rtt_n":754},{"id":33120,"state":"alive","via_relay":0,"period_ms":100,"misses":6,"busy":0,"rtt_n":667},{"id":254,"state":"alive","via_relay":0,"period_ms":100,"misses":6,"busy":0,"rtt_n":150}]}
1791635019.129 {"t":"ss","node":25344,"accepted":0,"unsigned":0,"unknown_sender":0,"bad_signature":0,"replayed":0,"rate_limited":0,"verify_us_max":0,"floors":[]}
1791635019.129 {"t":"rec","node":25344,"up_ms":2153489,"settled":1,"sent":8606,"received":8584,"malformed":0,"views":28,"replies_fenced":0,"actors":[{"key":1245650351,"running":1,"term":7,"owner":25344,"owner_term":7,"assigned":254,"starts":1,"fenced":0,"released":0}]}
1791635019.129 {"t":"node","up_ms":2153504,"node":25344,"epoch":243,"peers_alive":3,"peers_dead":0,"no_radio":0,"free_dram":250219,"largest_block":172032,"rx":{"total":109695,"bad_frame":0,"unknown_peer":1760,"wrong_dst":0,"short_payload":0,"unknown_opcode":0,"queue_dropped":52},"tx":{"total":42480,"enqueue_err":0,"done_queue_dropped":0},"membership":{"deaths":13,"revivals":9,"reboots_seen":4,"table_full":0,"events_dropped":0}}
1791635019.129 {"t":"ns","node":25344,"hash":2410274060,"owner":25344,"kind":"sampled","unit":100,"class":4,"bound_ms":0,"quality":"GOOD","age_ms":412,"ts":2153132,"updates":204,"value":243}
1791635019.129 {"t":"ns","node":25344,"hash":1274253983,"owner":25344,"kind":"sampled","unit":0,"class":4,"bound_ms":5000,"quality":"GOOD","age_ms":426,"ts":2153132,"updates":204,"value":-27}
1791635019.129 {"t":"ns","node":25344,"hash":3354298913,"owner":25344,"kind":"sampled","unit":100,"class":4,"bound_ms":5000,"quality":"GOOD","age_ms":440,"ts":2153132,"updates":204,"value":3}
1791635019.129 {"t":"ns","node":25344,"hash":1771187623,"owner":25344,"kind":"sampled","unit":101,"class":4,"bound_ms":30000,"quality":"GOOD","age_ms":455,"ts":2153131,"updates":204,"value":250219}
1791635019.129 {"t":"ns","node":25344,"hash":1245650351,"owner":25344,"kind":"sampled","unit":0,"class":3,"bound_ms":500,"quality":"GOOD","age_ms":18,"ts":2153594,"updates":21415,"value":1660965799}
1791635019.129 {"t":"ns","node":25344,"hash":2033492666,"owner":25344,"kind":"sampled","unit":0,"class":3,"bound_ms":0,"quality":"NO_DATA","age_ms":0,"ts":0,"updates":0,"value":null}
1791635019.129 {"t":"ns","node":25344,"hash":4103947588,"owner":25344,"kind":"sampled","unit":80,"class":4,"bound_ms":30000,"quality":"GOOD","age_ms":509,"ts":2153131,"updates":204,"value":2153}
1791635019.129 {"t":"ns","node":25344,"hash":1662441583,"owner":25344,"kind":"sampled","unit":101,"class":4,"bound_ms":30000,"quality":"GOOD","age_ms":524,"ts":2153131,"updates":204,"value":172032}
1791635029.267 {"t":"clk","node":25344,"up_ms":2163669}
1791635029.267 {"t":"led","node":25344,"shows":"green","app":0}
1791635029.267 {"t":"event","at_ms":2154608,"node":25344,"kind":"peer_admitted","peer":33120,"slot":1,"a":0,"b":0}
1791635029.267 {"t":"event","at_ms":2154767,"node":25344,"kind":"peer_admitted","peer":29544,"slot":0,"a":0,"b":0}
1791635029.267 {"t":"event","at_ms":2156620,"node":25344,"kind":"peer_admitted","peer":33120,"slot":1,"a":0,"b":0}
1791635029.267 {"t":"event","at_ms":2156765,"node":25344,"kind":"peer_admitted","peer":29544,"slot":0,"a":0,"b":0}
1791635029.267 {"t":"event","at_ms":2158608,"node":25344,"kind":"peer_admitted","peer":33120,"slot":1,"a":0,"b":0}
1791635029.267 {"t":"event","at_ms":2158765,"node":25344,"kind":"peer_admitted","peer":29544,"slot":0,"a":0,"b":0}
1791635029.267 {"t":"event","at_ms":2160608,"node":25344,"kind":"peer_admitted","peer":33120,"slot":1,"a":0,"b":0}
1791635029.267 {"t":"event","at_ms":2160765,"node":25344,"kind":"peer_admitted","peer":29544,"slot":0,"a":0,"b":0}
1791635029.267 {"t":"event","at_ms":2162608,"node":25344,"kind":"peer_admitted","peer":33120,"slot":1,"a":0,"b":0}
1791635029.267 {"t":"event","at_ms":2162765,"node":25344,"kind":"peer_admitted","peer":29544,"slot":0,"a":0,"b":0}
1791635029.267 {"t":"link","up_ms":2163759,"node":25344,"peer":29544,"mac":"b8:1f:3f:da:73:68","state":"alive","epoch":170,"espnow_ver":2,"mtu":1446,"misses":0,"rssi":-27,"tx":{"frames":7918,"cb_ok":7918,"cb_fail":0,"enqueue_err":0,"pdr_ppm":1000000},"rx":{"frames":31079,"lost_seqgap":0,"reorder_dup":0,"dropped_bad":0,"hb_lost":48,"bcast_frames":21570,"pdr_ppm":1000000},"rtt":{"samples":757,"min_us":5333,"max_us":60171,"timeouts":0,"txq_last_us":9454,"txq_max_us":17589,"remote_turnaround_us":819,"remote_turnaround_max_us":6897,"p50_us":[4000,6000],"p99_us":[16000,22000],"hist":[0,0,0,0,551,140,30,19,13,2,0,1,1,0,0,0]}}
1791635029.267 {"t":"link","up_ms":2163814,"node":25344,"peer":33120,"mac":"b8:1f:3f:da:81:60","state":"alive","epoch":289,"espnow_ver":2,"mtu":1446,"misses":0,"rssi":-21,"tx":{"frames":8162,"cb_ok":8072,"cb_fail":90,"enqueue_err":0,"pdr_ppm":988973},"rx":{"frames":28213,"lost_seqgap":2,"reorder_dup":0,"dropped_bad":0,"hb_lost":34,"bcast_frames":18996,"pdr_ppm":999929},"rtt":{"samples":671,"min_us":5586,"max_us":41860,"timeouts":85,"txq_last_us":2830,"txq_max_us":14670,"remote_turnaround_us":1005,"remote_turnaround_max_us":34291,"p50_us":[4000,6000],"p99_us":[16000,22000],"hist":[0,0,0,0,426,176,38,13,12,4,2,0,0,0,0,0]}}
1791635029.267 {"t":"link","up_ms":2163869,"node":25344,"peer":254,"mac":"02:00:00:00:00:fe","state":"alive","epoch":0,"espnow_ver":0,"mtu":226,"misses":0,"rssi":0,"tx":{"frames":4065,"cb_ok":0,"cb_fail":0,"enqueue_err":0,"pdr_ppm":null},"rx":{"frames":7035,"lost_seqgap":0,"reorder_dup":4974,"dropped_bad":0,"hb_lost":0,"bcast_frames":0,"pdr_ppm":1000000},"rtt":{"samples":153,"min_us":8375,"max_us":100539,"timeouts":494,"txq_last_us":0,"txq_max_us":0,"remote_turnaround_us":14,"remote_turnaround_max_us":27,"p50_us":[42000,60000],"p99_us":[85000,110000],"hist":[0,0,0,0,0,0,3,5,4,11,4,90,24,12,0,0]}}
1791635029.267 {"t":"auth","node":25344,"up_ms":2163912,"enrolled":1,"required":1,"verified_peers":2,"verified":6,"cache_hits":2044,"refused":0,"rate_limited":0,"stale_epoch":0,"verify_us_max":85170,"link_stack_free_b":804,"crypto_stack_free_b":1220,"tags_ok":16680,"bad_tag":0,"replayed":3,"untagged":0,"bcast_dropped":0,"beacon_epoch_ignored":0,"tag_us_max":1157}
1791635029.267 {"t":"act","node":25344,"setpoint":0,"has_value":0,"writes_served":0}
1791635029.267 {"t":"peers","node":25344,"own_period_ms":100,"own_busy":0,"channel":1,"scanning":0,"scans":0,"hops":0,"found":0,"lost_to_found_ms":0,"moves_followed":0,"moves_refused":0,"sweeps":0,"sweep_found":0,"sweeping":0,"search_visits":0,"relay":0,"fwd_u":0,"fwd_b":0,"fwd_h":0,"relay_dup":19836,"list":[{"id":29544,"state":"alive","via_relay":0,"period_ms":100,"misses":6,"busy":1,"rtt_n":757},{"id":33120,"state":"alive","via_relay":0,"period_ms":100,"misses":6,"busy":0,"rtt_n":671},{"id":254,"state":"alive","via_relay":0,"period_ms":100,"misses":6,"busy":0,"rtt_n":154}]}
1791635029.267 {"t":"ss","node":25344,"accepted":0,"unsigned":0,"unknown_sender":0,"bad_signature":0,"replayed":0,"rate_limited":0,"verify_us_max":0,"floors":[]}
1791635029.656 {"t":"rec","node":25344,"up_ms":2164019,"settled":1,"sent":8648,"received":8626,"malformed":0,"views":28,"replies_fenced":0,"actors":[{"key":1245650351,"running":1,"term":7,"owner":25344,"owner_term":7,"assigned":254,"starts":1,"fenced":0,"released":0}]}
1791635029.656 {"t":"node","up_ms":2164034,"node":25344,"epoch":243,"peers_alive":3,"peers_dead":0,"no_radio":0,"free_dram":250219,"largest_block":172032,"rx":{"total":110500,"bad_frame":0,"unknown_peer":1760,"wrong_dst":0,"short_payload":0,"unknown_opcode":0,"queue_dropped":52},"tx":{"total":42858,"enqueue_err":0,"done_queue_dropped":0},"membership":{"deaths":13,"revivals":9,"reboots_seen":4,"table_full":0,"events_dropped":0}}
1791635029.656 {"t":"ns","node":25344,"hash":2410274060,"owner":25344,"kind":"sampled","unit":100,"class":4,"bound_ms":0,"quality":"GOOD","age_ms":401,"ts":2163673,"updates":205,"value":243}
1791635029.656 {"t":"ns","node":25344,"hash":1274253983,"owner":25344,"kind":"sampled","unit":0,"class":4,"bound_ms":5000,"quality":"GOOD","age_ms":415,"ts":2163673,"updates":205,"value":-27}
1791635029.656 {"t":"ns","node":25344,"hash":3354298913,"owner":25344,"kind":"sampled","unit":100,"class":4,"bound_ms":5000,"quality":"GOOD","age_ms":429,"ts":2163673,"updates":205,"value":3}
1791635029.656 {"t":"ns","node":25344,"hash":1771187623,"owner":25344,"kind":"sampled","unit":101,"class":4,"bound_ms":30000,"quality":"GOOD","age_ms":444,"ts":2163672,"updates":205,"value":248935}
1791635029.656 {"t":"ns","node":25344,"hash":1245650351,"owner":25344,"kind":"sampled","unit":0,"class":3,"bound_ms":500,"quality":"GOOD","age_ms":1,"ts":2164142,"updates":21520,"value":1660965904}
1791635029.656 {"t":"ns","node":25344,"hash":2033492666,"owner":25344,"kind":"sampled","unit":0,"class":3,"bound_ms":0,"quality":"NO_DATA","age_ms":0,"ts":0,"updates":0,"value":null}
1791635029.656 {"t":"ns","node":25344,"hash":4103947588,"owner":25344,"kind":"sampled","unit":80,"class":4,"bound_ms":30000,"quality":"GOOD","age_ms":499,"ts":2163673,"updates":205,"value":2163}
1791635029.656 {"t":"ns","node":25344,"hash":1662441583,"owner":25344,"kind":"sampled","unit":101,"class":4,"bound_ms":30000,"quality":"GOOD","age_ms":514,"ts":2163672,"updates":205,"value":172032}
1791635039.798 {"t":"clk","node":25344,"up_ms":2174201}
1791635039.798 {"t":"led","node":25344,"shows":"green","app":0}
1791635039.798 {"t":"event","at_ms":2164609,"node":25344,"kind":"peer_admitted","peer":33120,"slot":1,"a":0,"b":0}
1791635039.798 {"t":"event","at_ms":2164766,"node":25344,"kind":"peer_admitted","peer":29544,"slot":0,"a":0,"b":0}
1791635039.798 {"t":"event","at_ms":2166617,"node":25344,"kind":"peer_admitted","peer":33120,"slot":1,"a":0,"b":0}
1791635039.798 {"t":"event","at_ms":2166765,"node":25344,"kind":"peer_admitted","peer":29544,"slot":0,"a":0,"b":0}
1791635039.798 {"t":"event","at_ms":2168608,"node":25344,"kind":"peer_admitted","peer":33120,"slot":1,"a":0,"b":0}
1791635039.798 {"t":"event","at_ms":2168765,"node":25344,"kind":"peer_admitted","peer":29544,"slot":0,"a":0,"b":0}
1791635039.798 {"t":"event","at_ms":2170608,"node":25344,"kind":"peer_admitted","peer":33120,"slot":1,"a":0,"b":0}
1791635039.798 {"t":"event","at_ms":2170765,"node":25344,"kind":"peer_admitted","peer":29544,"slot":0,"a":0,"b":0}
1791635039.798 {"t":"event","at_ms":2172608,"node":25344,"kind":"peer_admitted","peer":33120,"slot":1,"a":0,"b":0}
1791635039.798 {"t":"event","at_ms":2172765,"node":25344,"kind":"peer_admitted","peer":29544,"slot":0,"a":0,"b":0}
1791635039.798 {"t":"link","up_ms":2174286,"node":25344,"peer":29544,"mac":"b8:1f:3f:da:73:68","state":"alive","epoch":170,"espnow_ver":2,"mtu":1446,"misses":0,"rssi":-27,"tx":{"frames":8043,"cb_ok":8043,"cb_fail":0,"enqueue_err":0,"pdr_ppm":1000000},"rx":{"frames":31321,"lost_seqgap":0,"reorder_dup":0,"dropped_bad":0,"hb_lost":49,"bcast_frames":21674,"pdr_ppm":1000000},"rtt":{"samples":761,"min_us":5333,"max_us":60171,"timeouts":0,"txq_last_us":3062,"txq_max_us":17589,"remote_turnaround_us":798,"remote_turnaround_max_us":6897,"p50_us":[4000,6000],"p99_us":[16000,22000],"hist":[0,0,0,0,552,141,30,19,13,3,1,1,1,0,0,0]}}
1791635039.798 {"t":"link","up_ms":2174341,"node":25344,"peer":33120,"mac":"b8:1f:3f:da:81:60","state":"alive","epoch":289,"espnow_ver":2,"mtu":1446,"misses":0,"rssi":-21,"tx":{"frames":8189,"cb_ok":8099,"cb_fail":90,"enqueue_err":0,"pdr_ppm":989009},"rx":{"frames":28357,"lost_seqgap":2,"reorder_dup":0,"dropped_bad":0,"hb_lost":35,"bcast_frames":19100,"pdr_ppm":999929},"rtt":{"samples":674,"min_us":5586,"max_us":41860,"timeouts":85,"txq_last_us":2830,"txq_max_us":14670,"remote_turnaround_us":1000,"remote_turnaround_max_us":34291,"p50_us":[4000,6000],"p99_us":[16000,22000],"hist":[0,0,0,0,427,178,38,13,12,4,2,0,0,0,0,0]}}
1791635039.798 {"t":"link","up_ms":2174395,"node":25344,"peer":254,"mac":"02:00:00:00:00:fe","state":"alive","epoch":0,"espnow_ver":0,"mtu":226,"misses":0,"rssi":0,"tx":{"frames":4179,"cb_ok":0,"cb_fail":0,"enqueue_err":0,"pdr_ppm":null},"rx":{"frames":7233,"lost_seqgap":0,"reorder_dup":5172,"dropped_bad":0,"hb_lost":0,"bcast_frames":0,"pdr_ppm":1000000},"rtt":{"samples":157,"min_us":8375,"max_us":100539,"timeouts":494,"txq_last_us":0,"txq_max_us":0,"remote_turnaround_us":17,"remote_turnaround_max_us":27,"p50_us":[42000,60000],"p99_us":[85000,110000],"hist":[0,0,0,0,0,0,3,5,4,11,4,93,25,12,0,0]}}
1791635039.798 {"t":"auth","node":25344,"up_ms":2174450,"enrolled":1,"required":1,"verified_peers":2,"verified":6,"cache_hits":2054,"refused":0,"rate_limited":0,"stale_epoch":0,"verify_us_max":85170,"link_stack_free_b":804,"crypto_stack_free_b":1220,"tags_ok":16846,"bad_tag":0,"replayed":3,"untagged":0,"bcast_dropped":0,"beacon_epoch_ignored":0,"tag_us_max":1157}
1791635039.798 {"t":"act","node":25344,"setpoint":0,"has_value":0,"writes_served":0}
1791635039.798 {"t":"peers","node":25344,"own_period_ms":100,"own_busy":0,"channel":1,"scanning":0,"scans":0,"hops":0,"found":0,"lost_to_found_ms":0,"moves_followed":0,"moves_refused":0,"sweeps":0,"sweep_found":0,"sweeping":0,"search_visits":0,"relay":0,"fwd_u":0,"fwd_b":0,"fwd_h":0,"relay_dup":19947,"list":[{"id":29544,"state":"alive","via_relay":0,"period_ms":100,"misses":6,"busy":1,"rtt_n":761},{"id":33120,"state":"alive","via_relay":0,"period_ms":100,"misses":6,"busy":0,"rtt_n":674},{"id":254,"state":"alive","via_relay":0,"period_ms":100,"misses":6,"busy":0,"rtt_n":157}]}
1791635039.798 {"t":"ss","node":25344,"accepted":0,"unsigned":0,"unknown_sender":0,"bad_signature":0,"replayed":0,"rate_limited":0,"verify_us_max":0,"floors":[]}
1791635040.193 {"t":"rec","node":25344,"up_ms":2174546,"settled":1,"sent":8690,"received":8667,"malformed":0,"views":28,"replies_fenced":0,"actors":[{"key":1245650351,"running":1,"term":7,"owner":25344,"owner_term":7,"assigned":254,"starts":1,"fenced":0,"released":0}]}
1791635040.193 {"t":"node","up_ms":2174572,"node":25344,"epoch":243,"peers_alive":3,"peers_dead":0,"no_radio":0,"free_dram":250219,"largest_block":172032,"rx":{"total":111304,"bad_frame":0,"unknown_peer":1760,"wrong_dst":0,"short_payload":0,"unknown_opcode":0,"queue_dropped":52},"tx":{"total":43237,"enqueue_err":0,"done_queue_dropped":0},"membership":{"deaths":13,"revivals":9,"reboots_seen":4,"table_full":0,"events_dropped":0}}
1791635040.193 {"t":"ns","node":25344,"hash":2410274060,"owner":25344,"kind":"sampled","unit":100,"class":4,"bound_ms":0,"quality":"GOOD","age_ms":398,"ts":2174203,"updates":206,"value":243}
1791635040.193 {"t":"ns","node":25344,"hash":1274253983,"owner":25344,"kind":"sampled","unit":0,"class":4,"bound_ms":5000,"quality":"GOOD","age_ms":414,"ts":2174203,"updates":206,"value":-27}
1791635040.193 {"t":"ns","node":25344,"hash":3354298913,"owner":25344,"kind":"sampled","unit":100,"class":4,"bound_ms":5000,"quality":"GOOD","age_ms":439,"ts":2174203,"updates":206,"value":3}
1791635040.193 {"t":"ns","node":25344,"hash":1771187623,"owner":25344,"kind":"sampled","unit":101,"class":4,"bound_ms":30000,"quality":"GOOD","age_ms":453,"ts":2174203,"updates":206,"value":250219}
1791635040.193 {"t":"ns","node":25344,"hash":1245650351,"owner":25344,"kind":"sampled","unit":0,"class":3,"bound_ms":500,"quality":"GOOD","age_ms":72,"ts":2174599,"updates":21623,"value":1660966007}
1791635040.193 {"t":"ns","node":25344,"hash":2033492666,"owner":25344,"kind":"sampled","unit":0,"class":3,"bound_ms":0,"quality":"NO_DATA","age_ms":0,"ts":0,"updates":0,"value":null}
1791635040.193 {"t":"ns","node":25344,"hash":4103947588,"owner":25344,"kind":"sampled","unit":80,"class":4,"bound_ms":30000,"quality":"GOOD","age_ms":495,"ts":2174203,"updates":206,"value":2174}
1791635040.193 {"t":"ns","node":25344,"hash":1662441583,"owner":25344,"kind":"sampled","unit":101,"class":4,"bound_ms":30000,"quality":"GOOD","age_ms":510,"ts":2174203,"updates":206,"value":172032}
1791635050.327 {"t":"clk","node":25344,"up_ms":2184727}
1791635050.327 {"t":"led","node":25344,"shows":"green","app":0}
1791635050.327 {"t":"event","at_ms":2174608,"node":25344,"kind":"peer_admitted","peer":33120,"slot":1,"a":0,"b":0}
1791635050.327 {"t":"event","at_ms":2174788,"node":25344,"kind":"peer_admitted","peer":29544,"slot":0,"a":0,"b":0}
1791635050.327 {"t":"event","at_ms":2176616,"node":25344,"kind":"peer_admitted","peer":33120,"slot":1,"a":0,"b":0}
1791635050.327 {"t":"event","at_ms":2176788,"node":25344,"kind":"peer_admitted","peer":29544,"slot":0,"a":0,"b":0}
1791635050.327 {"t":"event","at_ms":2178608,"node":25344,"kind":"peer_admitted","peer":33120,"slot":1,"a":0,"b":0}
1791635050.327 {"t":"event","at_ms":2178786,"node":25344,"kind":"peer_admitted","peer":29544,"slot":0,"a":0,"b":0}
1791635050.327 {"t":"event","at_ms":2180614,"node":25344,"kind":"peer_admitted","peer":33120,"slot":1,"a":0,"b":0}
1791635050.327 {"t":"event","at_ms":2180786,"node":25344,"kind":"peer_admitted","peer":29544,"slot":0,"a":0,"b":0}
1791635050.327 {"t":"event","at_ms":2182608,"node":25344,"kind":"peer_admitted","peer":33120,"slot":1,"a":0,"b":0}
1791635050.327 {"t":"event","at_ms":2182786,"node":25344,"kind":"peer_admitted","peer":29544,"slot":0,"a":0,"b":0}
1791635050.327 {"t":"event","at_ms":2184616,"node":25344,"kind":"peer_admitted","peer":33120,"slot":1,"a":0,"b":0}
1791635050.327 {"t":"event","at_ms":2184786,"node":25344,"kind":"peer_admitted","peer":29544,"slot":0,"a":0,"b":0}
1791635050.327 {"t":"link","up_ms":2184838,"node":25344,"peer":29544,"mac":"b8:1f:3f:da:73:68","state":"alive","epoch":170,"espnow_ver":2,"mtu":1446,"misses":0,"rssi":-27,"tx":{"frames":8168,"cb_ok":8168,"cb_fail":0,"enqueue_err":0,"pdr_ppm":1000000},"rx":{"frames":31565,"lost_seqgap":0,"reorder_dup":0,"dropped_bad":0,"hb_lost":49,"bcast_frames":21780,"pdr_ppm":1000000},"rtt":{"samples":764,"min_us":5333,"max_us":60171,"timeouts":0,"txq_last_us":3062,"txq_max_us":17589,"remote_turnaround_us":842,"remote_turnaround_max_us":6897,"p50_us":[4000,6000],"p99_us":[16000,22000],"hist":[0,0,0,0,554,142,30,19,13,3,1,1,1,0,0,0]}}
1791635050.327 {"t":"link","up_ms":2184892,"node":25344,"peer":33120,"mac":"b8:1f:3f:da:81:60","state":"alive","epoch":289,"espnow_ver":2,"mtu":1446,"misses":0,"rssi":-21,"tx":{"frames":8219,"cb_ok":8129,"cb_fail":90,"enqueue_err":0,"pdr_ppm":989049},"rx":{"frames":28504,"lost_seqgap":2,"reorder_dup":0,"dropped_bad":0,"hb_lost":36,"bcast_frames":19205,"pdr_ppm":999929},"rtt":{"samples":678,"min_us":5586,"max_us":41860,"timeouts":85,"txq_last_us":2845,"txq_max_us":14670,"remote_turnaround_us":1185,"remote_turnaround_max_us":34291,"p50_us":[4000,6000],"p99_us":[16000,22000],"hist":[0,0,0,0,427,181,38,14,12,4,2,0,0,0,0,0]}}
1791635050.327 {"t":"link","up_ms":2184936,"node":25344,"peer":254,"mac":"02:00:00:00:00:fe","state":"alive","epoch":0,"espnow_ver":0,"mtu":226,"misses":0,"rssi":0,"tx":{"frames":4294,"cb_ok":0,"cb_fail":0,"enqueue_err":0,"pdr_ppm":null},"rx":{"frames":7433,"lost_seqgap":0,"reorder_dup":5372,"dropped_bad":0,"hb_lost":0,"bcast_frames":0,"pdr_ppm":1000000},"rtt":{"samples":161,"min_us":8375,"max_us":100539,"timeouts":494,"txq_last_us":0,"txq_max_us":0,"remote_turnaround_us":14,"remote_turnaround_max_us":27,"p50_us":[42000,60000],"p99_us":[85000,110000],"hist":[0,0,0,0,0,0,3,5,4,12,4,94,27,12,0,0]}}
1791635050.327 {"t":"auth","node":25344,"up_ms":2184990,"enrolled":1,"required":1,"verified_peers":2,"verified":6,"cache_hits":2066,"refused":0,"rate_limited":0,"stale_epoch":0,"verify_us_max":85170,"link_stack_free_b":804,"crypto_stack_free_b":1220,"tags_ok":17013,"bad_tag":0,"replayed":3,"untagged":0,"bcast_dropped":0,"beacon_epoch_ignored":0,"tag_us_max":1157}
1791635050.327 {"t":"act","node":25344,"setpoint":0,"has_value":0,"writes_served":0}
1791635050.731 {"t":"peers","node":25344,"own_period_ms":100,"own_busy":0,"channel":1,"scanning":0,"scans":0,"hops":0,"found":0,"lost_to_found_ms":0,"moves_followed":0,"moves_refused":0,"sweeps":0,"sweep_found":0,"sweeping":0,"search_visits":0,"relay":0,"fwd_u":0,"fwd_b":0,"fwd_h":0,"relay_dup":20058,"list":[{"id":29544,"state":"alive","via_relay":0,"period_ms":100,"misses":6,"busy":1,"rtt_n":764},{"id":33120,"state":"alive","via_relay":0,"period_ms":100,"misses":6,"busy":0,"rtt_n":678},{"id":254,"state":"alive","via_relay":0,"period_ms":100,"misses":6,"busy":0,"rtt_n":161}]}
1791635050.731 {"t":"ss","node":25344,"accepted":0,"unsigned":0,"unknown_sender":0,"bad_signature":0,"replayed":0,"rate_limited":0,"verify_us_max":0,"floors":[]}
1791635050.731 {"t":"rec","node":25344,"up_ms":2185086,"settled":1,"sent":8731,"received":8709,"malformed":0,"views":28,"replies_fenced":0,"actors":[{"key":1245650351,"running":1,"term":7,"owner":25344,"owner_term":7,"assigned":254,"starts":1,"fenced":0,"released":0}]}
1791635050.731 {"t":"node","up_ms":2185112,"node":25344,"epoch":243,"peers_alive":3,"peers_dead":0,"no_radio":0,"free_dram":250219,"largest_block":172032,"rx":{"total":112108,"bad_frame":0,"unknown_peer":1760,"wrong_dst":0,"short_payload":0,"unknown_opcode":0,"queue_dropped":52},"tx":{"total":43616,"enqueue_err":0,"done_queue_dropped":0},"membership":{"deaths":13,"revivals":9,"reboots_seen":4,"table_full":0,"events_dropped":0}}
1791635050.731 {"t":"ns","node":25344,"hash":2410274060,"owner":25344,"kind":"sampled","unit":100,"class":4,"bound_ms":0,"quality":"GOOD","age_ms":425,"ts":2184728,"updates":207,"value":243}
1791635050.731 {"t":"ns","node":25344,"hash":1274253983,"owner":25344,"kind":"sampled","unit":0,"class":4,"bound_ms":5000,"quality":"GOOD","age_ms":438,"ts":2184729,"updates":207,"value":-27}
1791635050.731 {"t":"ns","node":25344,"hash":3354298913,"owner":25344,"kind":"sampled","unit":100,"class":4,"bound_ms":5000,"quality":"GOOD","age_ms":452,"ts":2184729,"updates":207,"value":3}
1791635050.731 {"t":"ns","node":25344,"hash":1771187623,"owner":25344,"kind":"sampled","unit":101,"class":4,"bound_ms":30000,"quality":"GOOD","age_ms":467,"ts":2184728,"updates":207,"value":250219}
1791635050.731 {"t":"ns","node":25344,"hash":1245650351,"owner":25344,"kind":"sampled","unit":0,"class":3,"bound_ms":500,"quality":"GOOD","age_ms":67,"ts":2185142,"updates":21727,"value":1660966111}
1791635050.731 {"t":"ns","node":25344,"hash":2033492666,"owner":25344,"kind":"sampled","unit":0,"class":3,"bound_ms":0,"quality":"NO_DATA","age_ms":0,"ts":0,"updates":0,"value":null}
1791635050.731 {"t":"ns","node":25344,"hash":4103947588,"owner":25344,"kind":"sampled","unit":80,"class":4,"bound_ms":30000,"quality":"GOOD","age_ms":523,"ts":2184728,"updates":207,"value":2184}
1791635050.731 {"t":"ns","node":25344,"hash":1662441583,"owner":25344,"kind":"sampled","unit":101,"class":4,"bound_ms":30000,"quality":"GOOD","age_ms":538,"ts":2184728,"updates":207,"value":172032}
1791635056.293 W (2192021) pot.m0: peer 0x7368 declared DEAD after 6 misses (644 ms silent)
1791635058.899 W (2194617) pot.m0: peer 0x7368 rebooted, epoch now 171
1791635060.881 {"t":"clk","node":25344,"up_ms":2195282}
1791635060.881 {"t":"led","node":25344,"shows":"red","app":0}
1791635060.881 {"t":"event","at_ms":2186608,"node":25344,"kind":"peer_admitted","peer":33120,"slot":1,"a":0,"b":0}
1791635060.881 {"t":"event","at_ms":2186786,"node":25344,"kind":"peer_admitted","peer":29544,"slot":0,"a":0,"b":0}
1791635060.881 {"t":"event","at_ms":2188608,"node":25344,"kind":"peer_admitted","peer":33120,"slot":1,"a":0,"b":0}
1791635060.881 {"t":"event","at_ms":2188806,"node":25344,"kind":"peer_admitted","peer":29544,"slot":0,"a":0,"b":0}
1791635060.881 {"t":"event","at_ms":2190608,"node":25344,"kind":"peer_admitted","peer":33120,"slot":1,"a":0,"b":0}
1791635060.881 {"t":"event","at_ms":2190839,"node":25344,"kind":"peer_dead","peer":29544,"slot":0,"a":6,"b":644}
1791635060.881 {"t":"event","at_ms":2190980,"node":25344,"kind":"peer_admitted","peer":33120,"slot":1,"a":0,"b":0}
1791635060.881 {"t":"event","at_ms":2191217,"node":25344,"kind":"peer_admitted","peer":33120,"slot":1,"a":0,"b":0}
1791635060.881 {"t":"event","at_ms":2191516,"node":25344,"kind":"peer_admitted","peer":33120,"slot":1,"a":0,"b":0}
1791635060.881 {"t":"event","at_ms":2191815,"node":25344,"kind":"peer_admitted","peer":33120,"slot":1,"a":0,"b":0}
1791635060.881 {"t":"event","at_ms":2192118,"node":25344,"kind":"peer_admitted","peer":33120,"slot":1,"a":0,"b":0}
1791635060.881 {"t":"event","at_ms":2192417,"node":25344,"kind":"peer_admitted","peer":33120,"slot":1,"a":0,"b":0}
1791635060.881 {"t":"event","at_ms":2192608,"node":25344,"kind":"peer_admitted","peer":33120,"slot":1,"a":0,"b":0}
1791635060.881 {"t":"event","at_ms":2192716,"node":25344,"kind":"peer_admitted","peer":33120,"slot":1,"a":0,"b":0}
1791635060.881 {"t":"event","at_ms":2192875,"node":25344,"kind":"probe_timeout","peer":29544,"slot":0,"a":6026,"b":0}
1791635060.881 {"t":"event","at_ms":2193015,"node":25344,"kind":"peer_admitted","peer":33120,"slot":1,"a":0,"b":0}
1791635060.881 {"t":"event","at_ms":2193323,"node":25344,"kind":"peer_admitted","peer":33120,"slot":1,"a":0,"b":0}
1791635060.881 {"t":"event","at_ms":2193436,"node":25344,"kind":"peer_rebooted","peer":29544,"slot":0,"a":171,"b":0}
1791635060.881 {"t":"event","at_ms":2193438,"node":25344,"kind":"peer_admitted","peer":29544,"slot":0,"a":0,"b":0}
1791635060.881 {"t":"event","at_ms":2193441,"node":25344,"kind":"peer_admitted","peer":29544,"slot":0,"a":0,"b":0}
1791635060.881 {"t":"event","at_ms":2193477,"node":25344,"kind":"peer_admitted","peer":33120,"slot":1,"a":0,"b":0}
1791635060.881 {"t":"event","at_ms":2193619,"node":25344,"kind":"peer_admitted","peer":33120,"slot":1,"a":0,"b":0}
1791635060.881 {"t":"event","at_ms":2193659,"node":25344,"kind":"peer_admitted","peer":29544,"slot":0,"a":0,"b":0}
1791635060.881 {"t":"event","at_ms":2193723,"node":25344,"kind":"peer_admitted","peer":29544,"slot":0,"a":0,"b":0}
1791635060.881 {"t":"event","at_ms":2193892,"node":25344,"kind":"channel_changed","peer":0,"slot":255,"a":1,"b":7}
1791635060.881 {"t":"event","at_ms":2194003,"node":25344,"kind":"peer_admitted","peer":33120,"slot":1,"a":0,"b":0}
1791635060.881 {"t":"event","at_ms":2194608,"node":25344,"kind":"peer_admitted","peer":33120,"slot":1,"a":0,"b":0}
1791635060.881 {"t":"link","up_ms":2195517,"node":25344,"peer":29544,"mac":"b8:1f:3f:da:73:68","state":"alive","epoch":171,"espnow_ver":2,"mtu":1446,"misses":6,"rssi":-28,"tx":{"frames":8227,"cb_ok":8224,"cb_fail":3,"enqueue_err":0,"pdr_ppm":999635},"rx":{"frames":31685,"lost_seqgap":2,"reorder_dup":0,"dropped_bad":0,"hb_lost":57,"bcast_frames":21836,"pdr_ppm":999936},"rtt":{"samples":766,"min_us":5333,"max_us":60171,"timeouts":1,"txq_last_us":2808,"txq_max_us":17589,"remote_turnaround_us":826,"remote_turnaround_max_us":6897,"p50_us":[4000,6000],"p99_us":[16000,22000],"hist":[0,0,0,0,556,142,30,19,13,3,1,1,1,0,0,0]}}
1791635060.881 {"t":"link","up_ms":2195571,"node":25344,"peer":33120,"mac":"b8:1f:3f:da:81:60","state":"alive","epoch":289,"espnow_ver":2,"mtu":1446,"misses":0,"rssi":-21,"tx":{"frames":8260,"cb_ok":8170,"cb_fail":90,"enqueue_err":0,"pdr_ppm":989104},"rx":{"frames":28676,"lost_seqgap":2,"reorder_dup":0,"dropped_bad":0,"hb_lost":39,"bcast_frames":19309,"pdr_ppm":999930},"rtt":{"samples":681,"min_us":5586,"max_us":41860,"timeouts":85,"txq_last_us":2789,"txq_max_us":14670,"remote_turnaround_us":1073,"remote_turnaround_max_us":34291,"p50_us":[4000,6000],"p99_us":[16000,22000],"hist":[0,0,0,0,428,183,38,14,12,4,2,0,0,0,0,0]}}
1791635061.497 {"t":"link","up_ms":2195626,"node":25344,"peer":254,"mac":"02:00:00:00:00:fe","state":"alive","epoch":0,"espnow_ver":0,"mtu":226,"misses":0,"rssi":0,"tx":{"frames":4350,"cb_ok":0,"cb_fail":0,"enqueue_err":0,"pdr_ppm":null},"rx":{"frames":7571,"lost_seqgap":0,"reorder_dup":5510,"dropped_bad":0,"hb_lost":0,"bcast_frames":0,"pdr_ppm":1000000},"rtt":{"samples":164,"min_us":8375,"max_us":100539,"timeouts":494,"txq_last_us":0,"txq_max_us":0,"remote_turnaround_us":14,"remote_turnaround_max_us":27,"p50_us":[42000,60000],"p99_us":[85000,110000],"hist":[0,0,0,0,0,0,3,5,4,12,5,94,28,13,0,0]}}
1791635061.497 {"t":"auth","node":25344,"up_ms":2195680,"enrolled":1,"required":1,"verified_peers":2,"verified":9,"cache_hits":2086,"refused":0,"rate_limited":0,"stale_epoch":0,"verify_us_max":85170,"link_stack_free_b":804,"crypto_stack_free_b":1220,"tags_ok":17122,"bad_tag":0,"replayed":3,"untagged":0,"bcast_dropped":0,"beacon_epoch_ignored":0,"tag_us_max":1157}
1791635061.497 {"t":"act","node":25344,"setpoint":0,"has_value":0,"writes_served":0}
1791635061.497 {"t":"peers","node":25344,"own_period_ms":100,"own_busy":0,"channel":1,"scanning":0,"scans":0,"hops":10,"found":0,"lost_to_found_ms":0,"moves_followed":0,"moves_refused":0,"sweeps":1,"sweep_found":0,"sweeping":0,"search_visits":0,"relay":0,"fwd_u":0,"fwd_b":0,"fwd_h":0,"relay_dup":20120,"list":[{"id":29544,"state":"alive","via_relay":0,"period_ms":100,"misses":60,"busy":1,"rtt_n":766},{"id":33120,"state":"alive","via_relay":0,"period_ms":100,"misses":6,"busy":0,"rtt_n":681},{"id":254,"state":"alive","via_relay":0,"period_ms":100,"misses":6,"busy":0,"rtt_n":164}]}
1791635061.497 {"t":"ss","node":25344,"accepted":0,"unsigned":0,"unknown_sender":0,"bad_signature":0,"replayed":0,"rate_limited":0,"verify_us_max":0,"floors":[]}
1791635061.497 {"t":"rec","node":25344,"up_ms":2195776,"settled":1,"sent":8774,"received":8749,"malformed":0,"views":30,"replies_fenced":0,"actors":[{"key":1245650351,"running":1,"term":7,"owner":25344,"owner_term":7,"assigned":254,"starts":1,"fenced":0,"released":0}]}
1791635061.497 {"t":"node","up_ms":2195802,"node":25344,"epoch":243,"peers_alive":3,"peers_dead":0,"no_radio":0,"free_dram":250087,"largest_block":172032,"rx":{"total":112656,"bad_frame":0,"unknown_peer":1760,"wrong_dst":0,"short_payload":0,"unknown_opcode":0,"queue_dropped":52},"tx":{"total":43892,"enqueue_err":0,"done_queue_dropped":0},"membership":{"deaths":14,"revivals":9,"reboots_seen":5,"table_full":0,"events_dropped":0}}
1791635061.497 {"t":"ns","node":25344,"hash":2410274060,"owner":25344,"kind":"sampled","unit":100,"class":4,"bound_ms":0,"quality":"GOOD","age_ms":547,"ts":2195284,"updates":208,"value":243}
1791635061.497 {"t":"ns","node":25344,"hash":1274253983,"owner":25344,"kind":"sampled","unit":0,"class":4,"bound_ms":5000,"quality":"GOOD","age_ms":573,"ts":2195284,"updates":208,"value":-28}
1791635061.497 {"t":"ns","node":25344,"hash":3354298913,"owner":25344,"kind":"sampled","unit":100,"class":4,"bound_ms":5000,"quality":"GOOD","age_ms":587,"ts":2195284,"updates":208,"value":3}
1791635061.497 {"t":"ns","node":25344,"hash":1771187623,"owner":25344,"kind":"sampled","unit":101,"class":4,"bound_ms":30000,"quality":"GOOD","age_ms":602,"ts":2195283,"updates":208,"value":250087}
1791635061.497 {"t":"ns","node":25344,"hash":1245650351,"owner":25344,"kind":"sampled","unit":0,"class":3,"bound_ms":500,"quality":"GOOD","age_ms":96,"ts":2195803,"updates":21832,"value":1660966216}
1791635061.497 {"t":"ns","node":25344,"hash":2033492666,"owner":25344,"kind":"sampled","unit":0,"class":3,"bound_ms":0,"quality":"NO_DATA","age_ms":0,"ts":0,"updates":0,"value":null}
1791635061.497 {"t":"ns","node":25344,"hash":4103947588,"owner":25344,"kind":"sampled","unit":80,"class":4,"bound_ms":30000,"quality":"GOOD","age_ms":738,"ts":2195283,"updates":208,"value":2195}
1791635061.497 {"t":"ns","node":25344,"hash":1662441583,"owner":25344,"kind":"sampled","unit":101,"class":4,"bound_ms":30000,"quality":"GOOD","age_ms":752,"ts":2195283,"updates":208,"value":172032}
1791635071.647 {"t":"clk","node":25344,"up_ms":2206050}
1791635071.647 {"t":"led","node":25344,"shows":"green","app":0}
1791635071.647 {"t":"event","at_ms":2195875,"node":25344,"kind":"probe_timeout","peer":29544,"slot":0,"a":6030,"b":0}
1791635071.647 {"t":"event","at_ms":2196019,"node":25344,"kind":"peer_admitted","peer":33120,"slot":1,"a":0,"b":0}
1791635071.647 {"t":"event","at_ms":2196715,"node":25344,"kind":"peer_admitted","peer":33120,"slot":1,"a":0,"b":0}
1791635071.647 {"t":"event","at_ms":2197382,"node":25344,"kind":"peer_admitted","peer":29544,"slot":0,"a":0,"b":0}
1791635071.647 {"t":"event","at_ms":2197761,"node":25344,"kind":"peer_admitted","peer":29544,"slot":0,"a":0,"b":0}
1791635071.647 {"t":"event","at_ms":2197763,"node":25344,"kind":"peer_admitted","peer":29544,"slot":0,"a":0,"b":0}
1791635071.647 {"t":"event","at_ms":2197913,"node":25344,"kind":"peer_admitted","peer":29544,"slot":0,"a":0,"b":0}
1791635071.647 {"t":"event","at_ms":2198608,"node":25344,"kind":"peer_admitted","peer":33120,"slot":1,"a":0,"b":0}
1791635071.647 {"t":"event","at_ms":2199354,"node":25344,"kind":"peer_admitted","peer":29544,"slot":0,"a":0,"b":0}
1791635071.647 {"t":"event","at_ms":2200608,"node":25344,"kind":"peer_admitted","peer":33120,"slot":1,"a":0,"b":0}
1791635071.647 {"t":"event","at_ms":2201354,"node":25344,"kind":"peer_admitted","peer":29544,"slot":0,"a":0,"b":0}
1791635071.647 {"t":"event","at_ms":2202608,"node":25344,"kind":"peer_admitted","peer":33120,"slot":1,"a":0,"b":0}
1791635071.647 {"t":"event","at_ms":2203369,"node":25344,"kind":"peer_admitted","peer":29544,"slot":0,"a":0,"b":0}
1791635071.647 {"t":"event","at_ms":2204608,"node":25344,"kind":"peer_admitted","peer":33120,"slot":1,"a":0,"b":0}
1791635071.647 {"t":"event","at_ms":2205368,"node":25344,"kind":"peer_admitted","peer":29544,"slot":0,"a":0,"b":0}
1791635071.647 {"t":"link","up_ms":2206189,"node":25344,"peer":29544,"mac":"b8:1f:3f:da:73:68","state":"alive","epoch":171,"espnow_ver":2,"mtu":1446,"misses":0,"rssi":-28,"tx":{"frames":8261,"cb_ok":8255,"cb_fail":6,"enqueue_err":0,"pdr_ppm":999273},"rx":{"frames":31817,"lost_seqgap":4,"reorder_dup":0,"dropped_bad":0,"hb_lost":80,"bcast_frames":21926,"pdr_ppm":999874},"rtt":{"samples":769,"min_us":5333,"max_us":60171,"timeouts":2,"txq_last_us":5228,"txq_max_us":17589,"remote_turnaround_us":879,"remote_turnaround_max_us":23127,"p50_us":[4000,6000],"p99_us":[16000,22000],"hist":[0,0,0,0,558,142,30,19,13,3,2,1,1,0,0,0]}}
1791635071.647 {"t":"link","up_ms":2206233,"node":25344,"peer":33120,"mac":"b8:1f:3f:da:81:60","state":"alive","epoch":289,"espnow_ver":2,"mtu":1446,"misses":0,"rssi":-21,"tx":{"frames":8298,"cb_ok":8208,"cb_fail":90,"enqueue_err":0,"pdr_ppm":989154},"rx":{"frames":28835,"lost_seqgap":2,"reorder_dup":0,"dropped_bad":0,"hb_lost":39,"bcast_frames":19415,"pdr_ppm":999930},"rtt":{"samples":685,"min_us":5586,"max_us":41860,"timeouts":85,"txq_last_us":2789,"txq_max_us":14670,"remote_turnaround_us":1053,"remote_turnaround_max_us":34291,"p50_us":[4000,6000],"p99_us":[16000,22000],"hist":[0,0,0,0,430,184,39,14,12,4,2,0,0,0,0,0]}}
1791635071.648 {"t":"link","up_ms":2206287,"node":25344,"peer":254,"mac":"02:00:00:00:00:fe","state":"alive","epoch":0,"espnow_ver":0,"mtu":226,"misses":0,"rssi":0,"tx":{"frames":4381,"cb_ok":0,"cb_fail":0,"enqueue_err":0,"pdr_ppm":null},"rx":{"frames":7686,"lost_seqgap":0,"reorder_dup":5625,"dropped_bad":0,"hb_lost":0,"bcast_frames":0,"pdr_ppm":1000000},"rtt":{"samples":168,"min_us":8375,"max_us":100539,"timeouts":494,"txq_last_us":0,"txq_max_us":0,"remote_turnaround_us":15,"remote_turnaround_max_us":27,"p50_us":[42000,60000],"p99_us":[85000,110000],"hist":[0,0,0,0,0,0,3,5,5,12,5,97,28,13,0,0]}}
1791635071.648 {"t":"auth","node":25344,"up_ms":2206341,"enrolled":1,"required":1,"verified_peers":2,"verified":12,"cache_hits":2097,"refused":0,"rate_limited":0,"stale_epoch":0,"verify_us_max":85170,"link_stack_free_b":804,"crypto_stack_free_b":1220,"tags_ok":17203,"bad_tag":0,"replayed":3,"untagged":0,"bcast_dropped":0,"beacon_epoch_ignored":0,"tag_us_max":1157}
1791635071.648 {"t":"act","node":25344,"setpoint":0,"has_value":0,"writes_served":0}
1791635072.084 {"t":"peers","node":25344,"own_period_ms":100,"own_busy":0,"channel":1,"scanning":0,"scans":0,"hops":10,"found":0,"lost_to_found_ms":0,"moves_followed":0,"moves_refused":0,"sweeps":1,"sweep_found":0,"sweeping":0,"search_visits":1,"relay":0,"fwd_u":0,"fwd_b":0,"fwd_h":0,"relay_dup":20215,"list":[{"id":29544,"state":"alive","via_relay":0,"period_ms":100,"misses":6,"busy":1,"rtt_n":769},{"id":33120,"state":"alive","via_relay":0,"period_ms":100,"misses":6,"busy":0,"rtt_n":685},{"id":254,"state":"alive","via_relay":0,"period_ms":100,"misses":6,"busy":0,"rtt_n":168}]}
1791635072.084 {"t":"ss","node":25344,"accepted":0,"unsigned":0,"unknown_sender":0,"bad_signature":0,"replayed":0,"rate_limited":0,"verify_us_max":0,"floors":[]}
1791635072.084 {"t":"rec","node":25344,"up_ms":2206439,"settled":1,"sent":8817,"received":8790,"malformed":0,"views":30,"replies_fenced":0,"actors":[{"key":1245650351,"running":1,"term":7,"owner":25344,"owner_term":7,"assigned":254,"starts":1,"fenced":0,"released":0}]}
1791635072.084 {"t":"node","up_ms":2206465,"node":25344,"epoch":243,"peers_alive":3,"peers_dead":0,"no_radio":0,"free_dram":250087,"largest_block":172032,"rx":{"total":113261,"bad_frame":0,"unknown_peer":1760,"wrong_dst":0,"short_payload":0,"unknown_opcode":0,"queue_dropped":52},"tx":{"total":44113,"enqueue_err":0,"done_queue_dropped":0},"membership":{"deaths":14,"revivals":9,"reboots_seen":5,"table_full":0,"events_dropped":0}}
1791635072.084 {"t":"ns","node":25344,"hash":2410274060,"owner":25344,"kind":"sampled","unit":100,"class":4,"bound_ms":0,"quality":"GOOD","age_ms":442,"ts":2206052,"updates":209,"value":243}
1791635072.084 {"t":"ns","node":25344,"hash":1274253983,"owner":25344,"kind":"sampled","unit":0,"class":4,"bound_ms":5000,"quality":"GOOD","age_ms":468,"ts":2206052,"updates":209,"value":-28}
1791635072.084 {"t":"ns","node":25344,"hash":3354298913,"owner":25344,"kind":"sampled","unit":100,"class":4,"bound_ms":5000,"quality":"GOOD","age_ms":482,"ts":2206052,"updates":209,"value":3}
1791635072.084 {"t":"ns","node":25344,"hash":1771187623,"owner":25344,"kind":"sampled","unit":101,"class":4,"bound_ms":30000,"quality":"GOOD","age_ms":497,"ts":2206051,"updates":209,"value":250087}
1791635072.084 {"t":"ns","node":25344,"hash":1245650351,"owner":25344,"kind":"sampled","unit":0,"class":3,"bound_ms":500,"quality":"GOOD","age_ms":82,"ts":2206480,"updates":21937,"value":1660966321}
1791635072.084 {"t":"ns","node":25344,"hash":2033492666,"owner":25344,"kind":"sampled","unit":0,"class":3,"bound_ms":0,"quality":"NO_DATA","age_ms":0,"ts":0,"updates":0,"value":null}
1791635072.084 {"t":"ns","node":25344,"hash":4103947588,"owner":25344,"kind":"sampled","unit":80,"class":4,"bound_ms":30000,"quality":"GOOD","age_ms":539,"ts":2206051,"updates":209,"value":2206}
1791635072.084 {"t":"ns","node":25344,"hash":1662441583,"owner":25344,"kind":"sampled","unit":101,"class":4,"bound_ms":30000,"quality":"GOOD","age_ms":553,"ts":2206051,"updates":209,"value":172032}
1791635082.226 {"t":"clk","node":25344,"up_ms":2216630}
1791635082.226 {"t":"led","node":25344,"shows":"green","app":0}
1791635082.226 {"t":"event","at_ms":2206608,"node":25344,"kind":"peer_admitted","peer":33120,"slot":1,"a":0,"b":0}
1791635082.226 {"t":"event","at_ms":2207368,"node":25344,"kind":"peer_admitted","peer":29544,"slot":0,"a":0,"b":0}
1791635082.226 {"t":"event","at_ms":2208608,"node":25344,"kind":"peer_admitted","peer":33120,"slot":1,"a":0,"b":0}
1791635082.226 {"t":"event","at_ms":2209368,"node":25344,"kind":"peer_admitted","peer":29544,"slot":0,"a":0,"b":0}
1791635082.226 {"t":"event","at_ms":2210608,"node":25344,"kind":"peer_admitted","peer":33120,"slot":1,"a":0,"b":0}
1791635082.226 {"t":"event","at_ms":2211368,"node":25344,"kind":"peer_admitted","peer":29544,"slot":0,"a":0,"b":0}
1791635082.226 {"t":"event","at_ms":2212624,"node":25344,"kind":"peer_admitted","peer":33120,"slot":1,"a":0,"b":0}
1791635082.226 {"t":"event","at_ms":2213368,"node":25344,"kind":"peer_admitted","peer":29544,"slot":0,"a":0,"b":0}
1791635082.226 {"t":"event","at_ms":2214622,"node":25344,"kind":"peer_admitted","peer":33120,"slot":1,"a":0,"b":0}
1791635082.226 {"t":"event","at_ms":2215368,"node":25344,"kind":"peer_admitted","peer":29544,"slot":0,"a":0,"b":0}
1791635082.226 {"t":"event","at_ms":2216627,"node":25344,"kind":"peer_admitted","peer":33120,"slot":1,"a":0,"b":0}
1791635082.226 {"t":"link","up_ms":2216729,"node":25344,"peer":29544,"mac":"b8:1f:3f:da:73:68","state":"alive","epoch":171,"espnow_ver":2,"mtu":1446,"misses":0,"rssi":-28,"tx":{"frames":8289,"cb_ok":8283,"cb_fail":6,"enqueue_err":0,"pdr_ppm":999276},"rx":{"frames":31962,"lost_seqgap":4,"reorder_dup":0,"dropped_bad":0,"hb_lost":81,"bcast_frames":22030,"pdr_ppm":999874},"rtt":{"samples":773,"min_us":5333,"max_us":60171,"timeouts":2,"txq_last_us":2752,"txq_max_us":17589,"remote_turnaround_us":845,"remote_turnaround_max_us":23127,"p50_us":[4000,6000],"p99_us":[16000,22000],"hist":[0,0,0,0,560,143,31,19,13,3,2,1,1,0,0,0]}}
1791635082.226 {"t":"link","up_ms":2216783,"node":25344,"peer":33120,"mac":"b8:1f:3f:da:81:60","state":"alive","epoch":289,"espnow_ver":2,"mtu":1446,"misses":0,"rssi":-21,"tx":{"frames":8423,"cb_ok":8333,"cb_fail":90,"enqueue_err":0,"pdr_ppm":989314},"rx":{"frames":29077,"lost_seqgap":2,"reorder_dup":0,"dropped_bad":0,"hb_lost":39,"bcast_frames":19521,"pdr_ppm":999931},"rtt":{"samples":688,"min_us":5586,"max_us":42786,"timeouts":85,"txq_last_us":6981,"txq_max_us":14670,"remote_turnaround_us":32051,"remote_turnaround_max_us":34291,"p50_us":[4000,6000],"p99_us":[22000,30000],"hist":[0,0,0,0,431,184,39,15,12,4,2,1,0,0,0,0]}}
1791635082.226 {"t":"link","up_ms":2216839,"node":25344,"peer":254,"mac":"02:00:00:00:00:fe","state":"alive","epoch":0,"espnow_ver":0,"mtu":226,"misses":0,"rssi":0,"tx":{"frames":4495,"cb_ok":0,"cb_fail":0,"enqueue_err":0,"pdr_ppm":null},"rx":{"frames":7883,"lost_seqgap":0,"reorder_dup":5715,"dropped_bad":0,"hb_lost":0,"bcast_frames":0,"pdr_ppm":1000000},"rtt":{"samples":171,"min_us":8375,"max_us":100539,"timeouts":494,"txq_last_us":0,"txq_max_us":0,"remote_turnaround_us":15,"remote_turnaround_max_us":27,"p50_us":[42000,60000],"p99_us":[85000,110000],"hist":[0,0,0,0,0,0,3,5,6,12,5,98,29,13,0,0]}}
1791635082.226 {"t":"auth","node":25344,"up_ms":2216882,"enrolled":1,"required":1,"verified_peers":2,"verified":12,"cache_hits":2108,"refused":0,"rate_limited":0,"stale_epoch":0,"verify_us_max":85170,"link_stack_free_b":804,"crypto_stack_free_b":1220,"tags_ok":17370,"bad_tag":0,"replayed":3,"untagged":0,"bcast_dropped":0,"beacon_epoch_ignored":0,"tag_us_max":1157}
1791635082.226 {"t":"act","node":25344,"setpoint":0,"has_value":0,"writes_served":0}
1791635082.226 {"t":"peers","node":25344,"own_period_ms":100,"own_busy":0,"channel":1,"scanning":0,"scans":0,"hops":10,"found":0,"lost_to_found_ms":0,"moves_followed":0,"moves_refused":0,"sweeps":1,"sweep_found":0,"sweeping":0,"search_visits":1,"relay":0,"fwd_u":0,"fwd_b":0,"fwd_h":0,"relay_dup":20324,"list":[{"id":29544,"state":"alive","via_relay":0,"period_ms":100,"misses":6,"busy":1,"rtt_n":773},{"id":33120,"state":"alive","via_relay":0,"period_ms":100,"misses":6,"busy":0,"rtt_n":689},{"id":254,"state":"alive","via_relay":0,"period_ms":100,"misses":6,"busy":0,"rtt_n":171}]}
1791635082.623 {"t":"ss","node":25344,"accepted":0,"unsigned":0,"unknown_sender":0,"bad_signature":0,"replayed":0,"rate_limited":0,"verify_us_max":0,"floors":[]}
1791635082.623 {"t":"rec","node":25344,"up_ms":2216990,"settled":1,"sent":8858,"received":8832,"malformed":0,"views":30,"replies_fenced":0,"actors":[{"key":1245650351,"running":1,"term":7,"owner":25344,"owner_term":7,"assigned":254,"starts":1,"fenced":0,"released":0}]}
1791635082.623 {"t":"node","up_ms":2217005,"node":25344,"epoch":243,"peers_alive":3,"peers_dead":0,"no_radio":0,"free_dram":250087,"largest_block":172032,"rx":{"total":114065,"bad_frame":0,"unknown_peer":1760,"wrong_dst":0,"short_payload":0,"unknown_opcode":0,"queue_dropped":52},"tx":{"total":44490,"enqueue_err":0,"done_queue_dropped":0},"membership":{"deaths":14,"revivals":9,"reboots_seen":5,"table_full":0,"events_dropped":0}}
1791635082.623 {"t":"ns","node":25344,"hash":2410274060,"owner":25344,"kind":"sampled","unit":100,"class":4,"bound_ms":0,"quality":"GOOD","age_ms":414,"ts":2216632,"updates":210,"value":243}
1791635082.623 {"t":"ns","node":25344,"hash":1274253983,"owner":25344,"kind":"sampled","unit":0,"class":4,"bound_ms":5000,"quality":"GOOD","age_ms":428,"ts":2216632,"updates":210,"value":-28}
1791635082.623 {"t":"ns","node":25344,"hash":3354298913,"owner":25344,"kind":"sampled","unit":100,"class":4,"bound_ms":5000,"quality":"GOOD","age_ms":442,"ts":2216632,"updates":210,"value":3}
1791635082.623 {"t":"ns","node":25344,"hash":1771187623,"owner":25344,"kind":"sampled","unit":101,"class":4,"bound_ms":30000,"quality":"GOOD","age_ms":456,"ts":2216632,"updates":210,"value":250087}
1791635082.623 {"t":"ns","node":25344,"hash":1245650351,"owner":25344,"kind":"sampled","unit":0,"class":3,"bound_ms":500,"quality":"GOOD","age_ms":94,"ts":2217008,"updates":22041,"value":1660966425}
1791635082.623 {"t":"ns","node":25344,"hash":2033492666,"owner":25344,"kind":"sampled","unit":0,"class":3,"bound_ms":0,"quality":"NO_DATA","age_ms":0,"ts":0,"updates":0,"value":null}
1791635082.623 {"t":"ns","node":25344,"hash":4103947588,"owner":25344,"kind":"sampled","unit":80,"class":4,"bound_ms":30000,"quality":"GOOD","age_ms":509,"ts":2216632,"updates":210,"value":2216}
1791635082.623 {"t":"ns","node":25344,"hash":1662441583,"owner":25344,"kind":"sampled","unit":101,"class":4,"bound_ms":30000,"quality":"GOOD","age_ms":524,"ts":2216632,"updates":210,"value":172032}
1791635092.767 {"t":"clk","node":25344,"up_ms":2227171}
1791635092.767 {"t":"led","node":25344,"shows":"green","app":0}
1791635092.767 {"t":"event","at_ms":2217368,"node":25344,"kind":"peer_admitted","peer":29544,"slot":0,"a":0,"b":0}
1791635092.767 {"t":"event","at_ms":2218626,"node":25344,"kind":"peer_admitted","peer":33120,"slot":1,"a":0,"b":0}
1791635092.767 {"t":"event","at_ms":2219368,"node":25344,"kind":"peer_admitted","peer":29544,"slot":0,"a":0,"b":0}
1791635092.767 {"t":"event","at_ms":2220626,"node":25344,"kind":"peer_admitted","peer":33120,"slot":1,"a":0,"b":0}
1791635092.767 {"t":"event","at_ms":2221368,"node":25344,"kind":"peer_admitted","peer":29544,"slot":0,"a":0,"b":0}
1791635092.767 {"t":"event","at_ms":2222626,"node":25344,"kind":"peer_admitted","peer":33120,"slot":1,"a":0,"b":0}
1791635092.767 {"t":"event","at_ms":2223368,"node":25344,"kind":"peer_admitted","peer":29544,"slot":0,"a":0,"b":0}
1791635092.767 {"t":"event","at_ms":2224628,"node":25344,"kind":"peer_admitted","peer":33120,"slot":1,"a":0,"b":0}
1791635092.767 {"t":"event","at_ms":2225368,"node":25344,"kind":"peer_admitted","peer":29544,"slot":0,"a":0,"b":0}
1791635092.767 {"t":"event","at_ms":2226643,"node":25344,"kind":"peer_admitted","peer":33120,"slot":1,"a":0,"b":0}
1791635092.767 {"t":"link","up_ms":2227258,"node":25344,"peer":29544,"mac":"b8:1f:3f:da:73:68","state":"alive","epoch":171,"espnow_ver":2,"mtu":1446,"misses":0,"rssi":-28,"tx":{"frames":8316,"cb_ok":8310,"cb_fail":6,"enqueue_err":0,"pdr_ppm":999278},"rx":{"frames":32106,"lost_seqgap":4,"reorder_dup":0,"dropped_bad":0,"hb_lost":82,"bcast_frames":22135,"pdr_ppm":999875},"rtt":{"samples":776,"min_us":5333,"max_us":60171,"timeouts":2,"txq_last_us":2752,"txq_max_us":17589,"remote_turnaround_us":883,"remote_turnaround_max_us":23127,"p50_us":[4000,6000],"p99_us":[16000,22000],"hist":[0,0,0,0,562,144,31,19,13,3,2,1,1,0,0,0]}}
1791635092.767 {"t":"link","up_ms":2227312,"node":25344,"peer":33120,"mac":"b8:1f:3f:da:81:60","state":"alive","epoch":289,"espnow_ver":2,"mtu":1446,"misses":0,"rssi":-21,"tx":{"frames":8547,"cb_ok":8457,"cb_fail":90,"enqueue_err":0,"pdr_ppm":989469},"rx":{"frames":29318,"lost_seqgap":2,"reorder_dup":0,"dropped_bad":0,"hb_lost":39,"bcast_frames":19626,"pdr_ppm":999931},"rtt":{"samples":692,"min_us":5586,"max_us":42786,"timeouts":85,"txq_last_us":1977,"txq_max_us":14670,"remote_turnaround_us":1021,"remote_turnaround_max_us":34291,"p50_us":[4000,6000],"p99_us":[22000,30000],"hist":[0,0,0,0,433,185,39,16,12,4,2,1,0,0,0,0]}}
1791635092.767 {"t":"link","up_ms":2227367,"node":25344,"peer":254,"mac":"02:00:00:00:00:fe","state":"alive","epoch":0,"espnow_ver":0,"mtu":226,"misses":0,"rssi":0,"tx":{"frames":4608,"cb_ok":0,"cb_fail":0,"enqueue_err":0,"pdr_ppm":null},"rx":{"frames":8076,"lost_seqgap":0,"reorder_dup":5715,"dropped_bad":0,"hb_lost":0,"bcast_frames":0,"pdr_ppm":1000000},"rtt":{"samples":175,"min_us":8375,"max_us":100539,"timeouts":494,"txq_last_us":0,"txq_max_us":0,"remote_turnaround_us":17,"remote_turnaround_max_us":27,"p50_us":[42000,60000],"p99_us":[85000,110000],"hist":[0,0,0,0,0,0,3,5,6,13,5,99,31,13,0,0]}}
1791635092.767 {"t":"auth","node":25344,"up_ms":2227421,"enrolled":1,"required":1,"verified_peers":2,"verified":12,"cache_hits":2119,"refused":0,"rate_limited":0,"stale_epoch":0,"verify_us_max":85170,"link_stack_free_b":804,"crypto_stack_free_b":1220,"tags_ok":17535,"bad_tag":0,"replayed":3,"untagged":0,"bcast_dropped":0,"beacon_epoch_ignored":0,"tag_us_max":1157}
1791635092.767 {"t":"act","node":25344,"setpoint":0,"has_value":0,"writes_served":0}
1791635092.767 {"t":"peers","node":25344,"own_period_ms":100,"own_busy":0,"channel":1,"scanning":0,"scans":0,"hops":10,"found":0,"lost_to_found_ms":0,"moves_followed":0,"moves_refused":0,"sweeps":1,"sweep_found":0,"sweeping":0,"search_visits":1,"relay":0,"fwd_u":0,"fwd_b":0,"fwd_h":0,"relay_dup":20434,"list":[{"id":29544,"state":"alive","via_relay":0,"period_ms":100,"misses":6,"busy":1,"rtt_n":776},{"id":33120,"state":"alive","via_relay":0,"period_ms":100,"misses":6,"busy":0,"rtt_n":692},{"id":254,"state":"alive","via_relay":0,"period_ms":100,"misses":6,"busy":0,"rtt_n":175}]}
1791635092.767 {"t":"ss","node":25344,"accepted":0,"unsigned":0,"unknown_sender":0,"bad_signature":0,"replayed":0,"rate_limited":0,"verify_us_max":0,"floors":[]}
1791635093.160 {"t":"rec","node":25344,"up_ms":2227517,"settled":1,"sent":8900,"received":8873,"malformed":0,"views":30,"replies_fenced":0,"actors":[{"key":1245650351,"running":1,"term":7,"owner":25344,"owner_term":7,"assigned":254,"starts":1,"fenced":0,"released":0}]}
1791635093.160 {"t":"node","up_ms":2227543,"node":25344,"epoch":243,"peers_alive":3,"peers_dead":0,"no_radio":0,"free_dram":250087,"largest_block":172032,"rx":{"total":114861,"bad_frame":0,"unknown_peer":1760,"wrong_dst":0,"short_payload":0,"unknown_opcode":0,"queue_dropped":52},"tx":{"total":44865,"enqueue_err":0,"done_queue_dropped":0},"membership":{"deaths":14,"revivals":9,"reboots_seen":5,"table_full":0,"events_dropped":0}}
1791635093.160 {"t":"ns","node":25344,"hash":2410274060,"owner":25344,"kind":"sampled","unit":100,"class":4,"bound_ms":0,"quality":"GOOD","age_ms":401,"ts":2227173,"updates":211,"value":243}
1791635093.160 {"t":"ns","node":25344,"hash":1274253983,"owner":25344,"kind":"sampled","unit":0,"class":4,"bound_ms":5000,"quality":"GOOD","age_ms":415,"ts":2227173,"updates":211,"value":-28}
1791635093.160 {"t":"ns","node":25344,"hash":3354298913,"owner":25344,"kind":"sampled","unit":100,"class":4,"bound_ms":5000,"quality":"GOOD","age_ms":429,"ts":2227173,"updates":211,"value":3}
1791635093.160 {"t":"ns","node":25344,"hash":1771187623,"owner":25344,"kind":"sampled","unit":101,"class":4,"bound_ms":30000,"quality":"GOOD","age_ms":454,"ts":2227173,"updates":211,"value":248803}
1791635093.160 {"t":"ns","node":25344,"hash":1245650351,"owner":25344,"kind":"sampled","unit":0,"class":3,"bound_ms":500,"quality":"GOOD","age_ms":40,"ts":2227601,"updates":22146,"value":1660966530}
1791635093.160 {"t":"ns","node":25344,"hash":2033492666,"owner":25344,"kind":"sampled","unit":0,"class":3,"bound_ms":0,"quality":"NO_DATA","age_ms":0,"ts":0,"updates":0,"value":null}
1791635093.160 {"t":"ns","node":25344,"hash":4103947588,"owner":25344,"kind":"sampled","unit":80,"class":4,"bound_ms":30000,"quality":"GOOD","age_ms":497,"ts":2227173,"updates":211,"value":2227}
1791635093.160 {"t":"ns","node":25344,"hash":1662441583,"owner":25344,"kind":"sampled","unit":101,"class":4,"bound_ms":30000,"quality":"GOOD","age_ms":511,"ts":2227173,"updates":211,"value":172032}
1791635103.299 {"t":"clk","node":25344,"up_ms":2237699}
1791635103.299 {"t":"led","node":25344,"shows":"green","app":0}
1791635103.299 {"t":"event","at_ms":2227370,"node":25344,"kind":"peer_admitted","peer":29544,"slot":0,"a":0,"b":0}
1791635103.299 {"t":"event","at_ms":2228648,"node":25344,"kind":"peer_admitted","peer":33120,"slot":1,"a":0,"b":0}
1791635103.299 {"t":"event","at_ms":2229368,"node":25344,"kind":"peer_admitted","peer":29544,"slot":0,"a":0,"b":0}
1791635103.299 {"t":"event","at_ms":2230642,"node":25344,"kind":"peer_admitted","peer":33120,"slot":1,"a":0,"b":0}
1791635103.299 {"t":"event","at_ms":2231369,"node":25344,"kind":"peer_admitted","peer":29544,"slot":0,"a":0,"b":0}
1791635103.299 {"t":"event","at_ms":2232650,"node":25344,"kind":"peer_admitted","peer":33120,"slot":1,"a":0,"b":0}
1791635103.299 {"t":"event","at_ms":2233368,"node":25344,"kind":"peer_admitted","peer":29544,"slot":0,"a":0,"b":0}
1791635103.299 {"t":"event","at_ms":2234647,"node":25344,"kind":"peer_admitted","peer":33120,"slot":1,"a":0,"b":0}
1791635103.299 {"t":"event","at_ms":2235368,"node":25344,"kind":"peer_admitted","peer":29544,"slot":0,"a":0,"b":0}
1791635103.299 {"t":"event","at_ms":2236647,"node":25344,"kind":"peer_admitted","peer":33120,"slot":1,"a":0,"b":0}
1791635103.299 {"t":"event","at_ms":2237368,"node":25344,"kind":"peer_admitted","peer":29544,"slot":0,"a":0,"b":0}
1791635103.299 {"t":"link","up_ms":2237798,"node":25344,"peer":29544,"mac":"b8:1f:3f:da:73:68","state":"alive","epoch":171,"espnow_ver":2,"mtu":1446,"misses":0,"rssi":-28,"tx":{"frames":8345,"cb_ok":8339,"cb_fail":6,"enqueue_err":0,"pdr_ppm":999281},"rx":{"frames":32252,"lost_seqgap":4,"reorder_dup":0,"dropped_bad":0,"hb_lost":82,"bcast_frames":22240,"pdr_ppm":999875},"rtt":{"samples":780,"min_us":5333,"max_us":60171,"timeouts":2,"txq_last_us":2752,"txq_max_us":17589,"remote_turnaround_us":882,"remote_turnaround_max_us":23127,"p50_us":[4000,6000],"p99_us":[16000,22000],"hist":[0,0,0,0,565,145,31,19,13,3,2,1,1,0,0,0]}}
1791635103.299 {"t":"link","up_ms":2237852,"node":25344,"peer":33120,"mac":"b8:1f:3f:da:81:60","state":"alive","epoch":289,"espnow_ver":2,"mtu":1446,"misses":0,"rssi":-21,"tx":{"frames":8670,"cb_ok":8580,"cb_fail":90,"enqueue_err":0,"pdr_ppm":989619},"rx":{"frames":29556,"lost_seqgap":2,"reorder_dup":0,"dropped_bad":0,"hb_lost":42,"bcast_frames":19729,"pdr_ppm":999932},"rtt":{"samples":695,"min_us":5586,"max_us":42786,"timeouts":85,"txq_last_us":9426,"txq_max_us":14670,"remote_turnaround_us":5904,"remote_turnaround_max_us":34291,"p50_us":[4000,6000],"p99_us":[22000,30000],"hist":[0,0,0,0,433,186,39,17,13,4,2,1,0,0,0,0]}}
1791635103.299 {"t":"link","up_ms":2237907,"node":25344,"peer":254,"mac":"02:00:00:00:00:fe","state":"alive","epoch":0,"espnow_ver":0,"mtu":226,"misses":0,"rssi":0,"tx":{"frames":4721,"cb_ok":0,"cb_fail":0,"enqueue_err":0,"pdr_ppm":null},"rx":{"frames":8271,"lost_seqgap":0,"reorder_dup":5715,"dropped_bad":0,"hb_lost":0,"bcast_frames":0,"pdr_ppm":1000000},"rtt":{"samples":178,"min_us":8375,"max_us":100539,"timeouts":494,"txq_last_us":0,"txq_max_us":0,"remote_turnaround_us":13,"remote_turnaround_max_us":27,"p50_us":[42000,60000],"p99_us":[85000,110000],"hist":[0,0,0,0,0,0,3,5,6,13,6,100,32,13,0,0]}}
1791635103.299 {"t":"auth","node":25344,"up_ms":2237961,"enrolled":1,"required":1,"verified_peers":2,"verified":12,"cache_hits":2129,"refused":0,"rate_limited":0,"stale_epoch":0,"verify_us_max":85170,"link_stack_free_b":804,"crypto_stack_free_b":1220,"tags_ok":17702,"bad_tag":0,"replayed":3,"untagged":0,"bcast_dropped":0,"beacon_epoch_ignored":0,"tag_us_max":1157}
1791635103.299 {"t":"act","node":25344,"setpoint":0,"has_value":0,"writes_served":0}
1791635103.299 {"t":"peers","node":25344,"own_period_ms":100,"own_busy":0,"channel":1,"scanning":0,"scans":0,"hops":10,"found":0,"lost_to_found_ms":0,"moves_followed":0,"moves_refused":0,"sweeps":1,"sweep_found":0,"sweeping":0,"search_visits":1,"relay":0,"fwd_u":0,"fwd_b":0,"fwd_h":0,"relay_dup":20542,"list":[{"id":29544,"state":"alive","via_relay":0,"period_ms":100,"misses":6,"busy":1,"rtt_n":780},{"id":33120,"state":"alive","via_relay":0,"period_ms":100,"misses":6,"busy":0,"rtt_n":696},{"id":254,"state":"alive","via_relay":0,"period_ms":100,"misses":6,"busy":0,"rtt_n":178}]}
1791635103.697 {"t":"ss","node":25344,"accepted":0,"unsigned":0,"unknown_sender":0,"bad_signature":0,"replayed":0,"rate_limited":0,"verify_us_max":0,"floors":[]}
1791635103.697 {"t":"rec","node":25344,"up_ms":2238057,"settled":1,"sent":8942,"received":8915,"malformed":0,"views":30,"replies_fenced":0,"actors":[{"key":1245650351,"running":1,"term":7,"owner":25344,"owner_term":7,"assigned":254,"starts":1,"fenced":0,"released":0}]}
1791635103.697 {"t":"node","up_ms":2238072,"node":25344,"epoch":243,"peers_alive":3,"peers_dead":0,"no_radio":0,"free_dram":250087,"largest_block":172032,"rx":{"total":115657,"bad_frame":0,"unknown_peer":1760,"wrong_dst":0,"short_payload":0,"unknown_opcode":0,"queue_dropped":52},"tx":{"total":45241,"enqueue_err":0,"done_queue_dropped":0},"membership":{"deaths":14,"revivals":9,"reboots_seen":5,"table_full":0,"events_dropped":0}}
1791635103.697 {"t":"ns","node":25344,"hash":2410274060,"owner":25344,"kind":"sampled","unit":100,"class":4,"bound_ms":0,"quality":"GOOD","age_ms":412,"ts":2237701,"updates":212,"value":243}
1791635103.697 {"t":"ns","node":25344,"hash":1274253983,"owner":25344,"kind":"sampled","unit":0,"class":4,"bound_ms":5000,"quality":"GOOD","age_ms":426,"ts":2237701,"updates":212,"value":-28}
1791635103.697 {"t":"ns","node":25344,"hash":3354298913,"owner":25344,"kind":"sampled","unit":100,"class":4,"bound_ms":5000,"quality":"GOOD","age_ms":440,"ts":2237701,"updates":212,"value":3}
1791635103.697 {"t":"ns","node":25344,"hash":1771187623,"owner":25344,"kind":"sampled","unit":101,"class":4,"bound_ms":30000,"quality":"GOOD","age_ms":456,"ts":2237700,"updates":212,"value":250087}
1791635103.697 {"t":"ns","node":25344,"hash":1245650351,"owner":25344,"kind":"sampled","unit":0,"class":3,"bound_ms":500,"quality":"GOOD","age_ms":97,"ts":2238084,"updates":22250,"value":1660966634}
1791635103.697 {"t":"ns","node":25344,"hash":2033492666,"owner":25344,"kind":"sampled","unit":0,"class":3,"bound_ms":0,"quality":"NO_DATA","age_ms":0,"ts":0,"updates":0,"value":null}
1791635103.697 {"t":"ns","node":25344,"hash":4103947588,"owner":25344,"kind":"sampled","unit":80,"class":4,"bound_ms":30000,"quality":"GOOD","age_ms":509,"ts":2237701,"updates":212,"value":2237}
1791635103.697 {"t":"ns","node":25344,"hash":1662441583,"owner":25344,"kind":"sampled","unit":101,"class":4,"bound_ms":30000,"quality":"GOOD","age_ms":523,"ts":2237701,"updates":212,"value":172032}
1791635113.834 {"t":"clk","node":25344,"up_ms":2248239}
1791635113.834 {"t":"led","node":25344,"shows":"green","app":0}
1791635113.834 {"t":"event","at_ms":2238646,"node":25344,"kind":"peer_admitted","peer":33120,"slot":1,"a":0,"b":0}
1791635113.834 {"t":"event","at_ms":2239368,"node":25344,"kind":"peer_admitted","peer":29544,"slot":0,"a":0,"b":0}
1791635113.834 {"t":"event","at_ms":2240656,"node":25344,"kind":"peer_admitted","peer":33120,"slot":1,"a":0,"b":0}
1791635113.834 {"t":"event","at_ms":2241368,"node":25344,"kind":"peer_admitted","peer":29544,"slot":0,"a":0,"b":0}
1791635113.834 {"t":"event","at_ms":2242651,"node":25344,"kind":"peer_admitted","peer":33120,"slot":1,"a":0,"b":0}
1791635113.834 {"t":"event","at_ms":2243368,"node":25344,"kind":"peer_admitted","peer":29544,"slot":0,"a":0,"b":0}
1791635113.834 {"t":"event","at_ms":2244667,"node":25344,"kind":"peer_admitted","peer":33120,"slot":1,"a":0,"b":0}
1791635113.834 {"t":"event","at_ms":2245368,"node":25344,"kind":"peer_admitted","peer":29544,"slot":0,"a":0,"b":0}
1791635113.834 {"t":"event","at_ms":2246650,"node":25344,"kind":"peer_admitted","peer":33120,"slot":1,"a":0,"b":0}
1791635113.834 {"t":"event","at_ms":2247368,"node":25344,"kind":"peer_admitted","peer":29544,"slot":0,"a":0,"b":0}
1791635113.834 {"t":"link","up_ms":2248325,"node":25344,"peer":29544,"mac":"b8:1f:3f:da:73:68","state":"alive","epoch":171,"espnow_ver":2,"mtu":1446,"misses":0,"rssi":-28,"tx":{"frames":8372,"cb_ok":8366,"cb_fail":6,"enqueue_err":0,"pdr_ppm":999283},"rx":{"frames":32397,"lost_seqgap":4,"reorder_dup":0,"dropped_bad":0,"hb_lost":82,"bcast_frames":22345,"pdr_ppm":999876},"rtt":{"samples":783,"min_us":5333,"max_us":60171,"timeouts":2,"txq_last_us":4322,"txq_max_us":17589,"remote_turnaround_us":964,"remote_turnaround_max_us":23127,"p50_us":[4000,6000],"p99_us":[22000,30000],"hist":[0,0,0,0,566,146,31,19,13,3,3,1,1,0,0,0]}}
1791635113.834 {"t":"link","up_ms":2248380,"node":25344,"peer":33120,"mac":"b8:1f:3f:da:81:60","state":"alive","epoch":289,"espnow_ver":2,"mtu":1446,"misses":0,"rssi":-21,"tx":{"frames":8795,"cb_ok":8705,"cb_fail":90,"enqueue_err":0,"pdr_ppm":989766},"rx":{"frames":29796,"lost_seqgap":2,"reorder_dup":0,"dropped_bad":0,"hb_lost":44,"bcast_frames":19832,"pdr_ppm":999932},"rtt":{"samples":699,"min_us":5586,"max_us":42786,"timeouts":85,"txq_last_us":2826,"txq_max_us":14670,"remote_turnaround_us":1018,"remote_turnaround_max_us":34291,"p50_us":[4000,6000],"p99_us":[22000,30000],"hist":[0,0,0,0,434,188,40,17,13,4,2,1,0,0,0,0]}}
1791635113.834 {"t":"link","up_ms":2248434,"node":25344,"peer":254,"mac":"02:00:00:00:00:fe","state":"alive","epoch":0,"espnow_ver":0,"mtu":226,"misses":0,"rssi":0,"tx":{"frames":4836,"cb_ok":0,"cb_fail":0,"enqueue_err":0,"pdr_ppm":null},"rx":{"frames":8469,"lost_seqgap":0,"reorder_dup":5715,"dropped_bad":0,"hb_lost":0,"bcast_frames":0,"pdr_ppm":1000000},"rtt":{"samples":182,"min_us":8375,"max_us":100539,"timeouts":494,"txq_last_us":0,"txq_max_us":0,"remote_turnaround_us":14,"remote_turnaround_max_us":27,"p50_us":[42000,60000],"p99_us":[85000,110000],"hist":[0,0,0,0,0,0,3,5,6,14,6,102,33,13,0,0]}}
1791635113.834 {"t":"auth","node":25344,"up_ms":2248488,"enrolled":1,"required":1,"verified_peers":2,"verified":12,"cache_hits":2139,"refused":0,"rate_limited":0,"stale_epoch":0,"verify_us_max":85170,"link_stack_free_b":804,"crypto_stack_free_b":1220,"tags_ok":17867,"bad_tag":0,"replayed":3,"untagged":0,"bcast_dropped":0,"beacon_epoch_ignored":0,"tag_us_max":1157}
1791635113.834 {"t":"act","node":25344,"setpoint":0,"has_value":0,"writes_served":0}
1791635113.834 {"t":"peers","node":25344,"own_period_ms":100,"own_busy":0,"channel":1,"scanning":0,"scans":0,"hops":10,"found":0,"lost_to_found_ms":0,"moves_followed":0,"moves_refused":0,"sweeps":1,"sweep_found":0,"sweeping":0,"search_visits":1,"relay":0,"fwd_u":0,"fwd_b":0,"fwd_h":0,"relay_dup":20651,"list":[{"id":29544,"state":"alive","via_relay":0,"period_ms":100,"misses":6,"busy":1,"rtt_n":783},{"id":33120,"state":"alive","via_relay":0,"period_ms":100,"misses":6,"busy":0,"rtt_n":699},{"id":254,"state":"alive","via_relay":0,"period_ms":100,"misses":6,"busy":0,"rtt_n":182}]}
1791635113.834 {"t":"ss","node":25344,"accepted":0,"unsigned":0,"unknown_sender":0,"bad_signature":0,"replayed":0,"rate_limited":0,"verify_us_max":0,"floors":[]}
1791635114.222 {"t":"rec","node":25344,"up_ms":2248584,"settled":1,"sent":8983,"received":8956,"malformed":0,"views":30,"replies_fenced":0,"actors":[{"key":1245650351,"running":1,"term":7,"owner":25344,"owner_term":7,"assigned":254,"starts":1,"fenced":0,"released":0}]}
1791635114.222 {"t":"node","up_ms":2248611,"node":25344,"epoch":243,"peers_alive":3,"peers_dead":0,"no_radio":0,"free_dram":248803,"largest_block":172032,"rx":{"total":116457,"bad_frame":0,"unknown_peer":1760,"wrong_dst":0,"short_payload":0,"unknown_opcode":0,"queue_dropped":52},"tx":{"total":45619,"enqueue_err":0,"done_queue_dropped":0},"membership":{"deaths":14,"revivals":9,"reboots_seen":5,"table_full":0,"events_dropped":0}}
1791635114.222 {"t":"ns","node":25344,"hash":2410274060,"owner":25344,"kind":"sampled","unit":100,"class":4,"bound_ms":0,"quality":"GOOD","age_ms":400,"ts":2248241,"updates":213,"value":243}
1791635114.222 {"t":"ns","node":25344,"hash":1274253983,"owner":25344,"kind":"sampled","unit":0,"class":4,"bound_ms":5000,"quality":"GOOD","age_ms":414,"ts":2248241,"updates":213,"value":-28}
1791635114.222 {"t":"ns","node":25344,"hash":3354298913,"owner":25344,"kind":"sampled","unit":100,"class":4,"bound_ms":5000,"quality":"GOOD","age_ms":429,"ts":2248241,"updates":213,"value":3}
1791635114.222 {"t":"ns","node":25344,"hash":1771187623,"owner":25344,"kind":"sampled","unit":101,"class":4,"bound_ms":30000,"quality":"GOOD","age_ms":454,"ts":2248241,"updates":213,"value":249871}
1791635114.222 {"t":"ns","node":25344,"hash":1245650351,"owner":25344,"kind":"sampled","unit":0,"class":3,"bound_ms":500,"quality":"GOOD","age_ms":1,"ts":2248708,"updates":22355,"value":1660966739}
1791635114.222 {"t":"ns","node":25344,"hash":2033492666,"owner":25344,"kind":"sampled","unit":0,"class":3,"bound_ms":0,"quality":"NO_DATA","age_ms":0,"ts":0,"updates":0,"value":null}
1791635114.222 {"t":"ns","node":25344,"hash":4103947588,"owner":25344,"kind":"sampled","unit":80,"class":4,"bound_ms":30000,"quality":"GOOD","age_ms":496,"ts":2248241,"updates":213,"value":2248}
1791635114.222 {"t":"ns","node":25344,"hash":1662441583,"owner":25344,"kind":"sampled","unit":101,"class":4,"bound_ms":30000,"quality":"GOOD","age_ms":511,"ts":2248241,"updates":213,"value":172032}
1791635124.361 {"t":"clk","node":25344,"up_ms":2258766}
1791635124.361 {"t":"led","node":25344,"shows":"green","app":0}
1791635124.361 {"t":"event","at_ms":2248650,"node":25344,"kind":"peer_admitted","peer":33120,"slot":1,"a":0,"b":0}
1791635124.361 {"t":"event","at_ms":2249368,"node":25344,"kind":"peer_admitted","peer":29544,"slot":0,"a":0,"b":0}
1791635124.361 {"t":"event","at_ms":2250656,"node":25344,"kind":"peer_admitted","peer":33120,"slot":1,"a":0,"b":0}
1791635124.361 {"t":"event","at_ms":2251368,"node":25344,"kind":"peer_admitted","peer":29544,"slot":0,"a":0,"b":0}
1791635124.361 {"t":"event","at_ms":2252650,"node":25344,"kind":"peer_admitted","peer":33120,"slot":1,"a":0,"b":0}
1791635124.361 {"t":"event","at_ms":2253368,"node":25344,"kind":"peer_admitted","peer":29544,"slot":0,"a":0,"b":0}
1791635124.361 {"t":"event","at_ms":2254650,"node":25344,"kind":"peer_admitted","peer":33120,"slot":1,"a":0,"b":0}
1791635124.361 {"t":"event","at_ms":2255368,"node":25344,"kind":"peer_admitted","peer":29544,"slot":0,"a":0,"b":0}
1791635124.361 {"t":"event","at_ms":2256650,"node":25344,"kind":"peer_admitted","peer":33120,"slot":1,"a":0,"b":0}
1791635124.361 {"t":"event","at_ms":2257368,"node":25344,"kind":"peer_admitted","peer":29544,"slot":0,"a":0,"b":0}
1791635124.361 {"t":"event","at_ms":2258650,"node":25344,"kind":"peer_admitted","peer":33120,"slot":1,"a":0,"b":0}
1791635124.361 {"t":"link","up_ms":2258864,"node":25344,"peer":29544,"mac":"b8:1f:3f:da:73:68","state":"alive","epoch":171,"espnow_ver":2,"mtu":1446,"misses":0,"rssi":-28,"tx":{"frames":8401,"cb_ok":8395,"cb_fail":6,"enqueue_err":0,"pdr_ppm":999285},"rx":{"frames":32541,"lost_seqgap":4,"reorder_dup":0,"dropped_bad":0,"hb_lost":84,"bcast_frames":22449,"pdr_ppm":999877},"rtt":{"samples":787,"min_us":5333,"max_us":60171,"timeouts":2,"txq_last_us":4322,"txq_max_us":17589,"remote_turnaround_us":858,"remote_turnaround_max_us":23127,"p50_us":[4000,6000],"p99_us":[22000,30000],"hist":[0,0,0,0,569,146,31,20,13,3,3,1,1,0,0,0]}}
1791635124.361 {"t":"link","up_ms":2258919,"node":25344,"peer":33120,"mac":"b8:1f:3f:da:81:60","state":"alive","epoch":289,"espnow_ver":2,"mtu":1446,"misses":0,"rssi":-21,"tx":{"frames":8922,"cb_ok":8832,"cb_fail":90,"enqueue_err":0,"pdr_ppm":989912},"rx":{"frames":30036,"lost_seqgap":2,"reorder_dup":0,"dropped_bad":0,"hb_lost":44,"bcast_frames":19937,"pdr_ppm":999933},"rtt":{"samples":702,"min_us":5586,"max_us":42786,"timeouts":85,"txq_last_us":2755,"txq_max_us":14670,"remote_turnaround_us":1972,"remote_turnaround_max_us":34291,"p50_us":[4000,6000],"p99_us":[16000,22000],"hist":[0,0,0,0,436,189,40,17,13,4,2,1,0,0,0,0]}}
1791635124.361 {"t":"link","up_ms":2258974,"node":25344,"peer":254,"mac":"02:00:00:00:00:fe","state":"alive","epoch":0,"espnow_ver":0,"mtu":226,"misses":0,"rssi":0,"tx":{"frames":4949,"cb_ok":0,"cb_fail":0,"enqueue_err":0,"pdr_ppm":null},"rx":{"frames":8666,"lost_seqgap":0,"reorder_dup":5715,"dropped_bad":0,"hb_lost":0,"bcast_frames":0,"pdr_ppm":1000000},"rtt":{"samples":185,"min_us":8375,"max_us":100539,"timeouts":494,"txq_last_us":0,"txq_max_us":0,"remote_turnaround_us":14,"remote_turnaround_max_us":27,"p50_us":[42000,60000],"p99_us":[85000,110000],"hist":[0,0,0,0,0,0,4,5,6,14,6,104,33,13,0,0]}}
1791635124.361 {"t":"auth","node":25344,"up_ms":2259028,"enrolled":1,"required":1,"verified_peers":2,"verified":12,"cache_hits":2150,"refused":0,"rate_limited":0,"stale_epoch":0,"verify_us_max":85170,"link_stack_free_b":804,"crypto_stack_free_b":1220,"tags_ok":18033,"bad_tag":0,"replayed":3,"untagged":0,"bcast_dropped":0,"beacon_epoch_ignored":0,"tag_us_max":1157}
1791635124.361 {"t":"act","node":25344,"setpoint":0,"has_value":0,"writes_served":0}
1791635124.361 {"t":"peers","node":25344,"own_period_ms":100,"own_busy":0,"channel":1,"scanning":0,"scans":0,"hops":10,"found":0,"lost_to_found_ms":0,"moves_followed":0,"moves_refused":0,"sweeps":1,"sweep_found":0,"sweeping":0,"search_visits":1,"relay":0,"fwd_u":0,"fwd_b":0,"fwd_h":0,"relay_dup":20762,"list":[{"id":29544,"state":"alive","via_relay":0,"period_ms":100,"misses":6,"busy":1,"rtt_n":787},{"id":33120,"state":"alive","via_relay":0,"period_ms":100,"misses":6,"busy":0,"rtt_n":703},{"id":254,"state":"alive","via_relay":0,"period_ms":100,"misses":6,"busy":0,"rtt_n":185}]}
1791635124.756 {"t":"ss","node":25344,"accepted":0,"unsigned":0,"unknown_sender":0,"bad_signature":0,"replayed":0,"rate_limited":0,"verify_us_max":0,"floors":[]}
1791635124.756 {"t":"rec","node":25344,"up_ms":2259124,"settled":1,"sent":9025,"received":8998,"malformed":0,"views":30,"replies_fenced":0,"actors":[{"key":1245650351,"running":1,"term":7,"owner":25344,"owner_term":7,"assigned":254,"starts":1,"fenced":0,"released":0}]}
1791635124.756 {"t":"node","up_ms":2259140,"node":25344,"epoch":243,"peers_alive":3,"peers_dead":0,"no_radio":0,"free_dram":249871,"largest_block":172032,"rx":{"total":117256,"bad_frame":0,"unknown_peer":1760,"wrong_dst":0,"short_payload":0,"unknown_opcode":0,"queue_dropped":52},"tx":{"total":45998,"enqueue_err":0,"done_queue_dropped":0},"membership":{"deaths":14,"revivals":9,"reboots_seen":5,"table_full":0,"events_dropped":0}}
1791635124.756 {"t":"ns","node":25344,"hash":2410274060,"owner":25344,"kind":"sampled","unit":100,"class":4,"bound_ms":0,"quality":"GOOD","age_ms":413,"ts":2258768,"updates":214,"value":243}
1791635124.756 {"t":"ns","node":25344,"hash":1274253983,"owner":25344,"kind":"sampled","unit":0,"class":4,"bound_ms":5000,"quality":"GOOD","age_ms":427,"ts":2258768,"updates":214,"value":-28}
1791635124.756 {"t":"ns","node":25344,"hash":3354298913,"owner":25344,"kind":"sampled","unit":100,"class":4,"bound_ms":5000,"quality":"GOOD","age_ms":441,"ts":2258768,"updates":214,"value":3}
1791635124.756 {"t":"ns","node":25344,"hash":1771187623,"owner":25344,"kind":"sampled","unit":101,"class":4,"bound_ms":30000,"quality":"GOOD","age_ms":456,"ts":2258767,"updates":214,"value":250087}
1791635124.756 {"t":"ns","node":25344,"hash":1245650351,"owner":25344,"kind":"sampled","unit":0,"class":3,"bound_ms":500,"quality":"GOOD","age_ms":90,"ts":2259158,"updates":22458,"value":1660966842}
1791635124.756 {"t":"ns","node":25344,"hash":2033492666,"owner":25344,"kind":"sampled","unit":0,"class":3,"bound_ms":0,"quality":"NO_DATA","age_ms":0,"ts":0,"updates":0,"value":null}
1791635124.756 {"t":"ns","node":25344,"hash":4103947588,"owner":25344,"kind":"sampled","unit":80,"class":4,"bound_ms":30000,"quality":"GOOD","age_ms":510,"ts":2258767,"updates":214,"value":2258}
1791635124.756 {"t":"ns","node":25344,"hash":1662441583,"owner":25344,"kind":"sampled","unit":101,"class":4,"bound_ms":30000,"quality":"GOOD","age_ms":524,"ts":2258767,"updates":214,"value":172032}
1791635134.904 {"t":"clk","node":25344,"up_ms":2269305}
1791635134.904 {"t":"led","node":25344,"shows":"green","app":0}
1791635134.904 {"t":"event","at_ms":2259368,"node":25344,"kind":"peer_admitted","peer":29544,"slot":0,"a":0,"b":0}
1791635134.904 {"t":"event","at_ms":2260660,"node":25344,"kind":"peer_admitted","peer":33120,"slot":1,"a":0,"b":0}
1791635134.904 {"t":"event","at_ms":2261368,"node":25344,"kind":"peer_admitted","peer":29544,"slot":0,"a":0,"b":0}
1791635134.904 {"t":"event","at_ms":2262650,"node":25344,"kind":"peer_admitted","peer":33120,"slot":1,"a":0,"b":0}
1791635134.904 {"t":"event","at_ms":2263370,"node":25344,"kind":"peer_admitted","peer":29544,"slot":0,"a":0,"b":0}
1791635134.904 {"t":"event","at_ms":2264650,"node":25344,"kind":"peer_admitted","peer":33120,"slot":1,"a":0,"b":0}
1791635134.904 {"t":"event","at_ms":2265368,"node":25344,"kind":"peer_admitted","peer":29544,"slot":0,"a":0,"b":0}
1791635134.904 {"t":"event","at_ms":2266651,"node":25344,"kind":"peer_admitted","peer":33120,"slot":1,"a":0,"b":0}
1791635134.904 {"t":"event","at_ms":2267368,"node":25344,"kind":"peer_admitted","peer":29544,"slot":0,"a":0,"b":0}
1791635134.904 {"t":"event","at_ms":2268650,"node":25344,"kind":"peer_admitted","peer":33120,"slot":1,"a":0,"b":0}
1791635134.904 {"t":"event","at_ms":2269368,"node":25344,"kind":"peer_admitted","peer":29544,"slot":0,"a":0,"b":0}
1791635134.904 {"t":"link","up_ms":2269404,"node":25344,"peer":29544,"mac":"b8:1f:3f:da:73:68","state":"alive","epoch":171,"espnow_ver":2,"mtu":1446,"misses":0,"rssi":-28,"tx":{"frames":8429,"cb_ok":8423,"cb_fail":6,"enqueue_err":0,"pdr_ppm":999288},"rx":{"frames":32685,"lost_seqgap":4,"reorder_dup":0,"dropped_bad":0,"hb_lost":85,"bcast_frames":22553,"pdr_ppm":999877},"rtt":{"samples":790,"min_us":5288,"max_us":60171,"timeouts":2,"txq_last_us":4322,"txq_max_us":17589,"remote_turnaround_us":871,"remote_turnaround_max_us":23127,"p50_us":[4000,6000],"p99_us":[22000,30000],"hist":[0,0,0,0,571,147,31,20,13,3,3,1,1,0,0,0]}}
1791635134.904 {"t":"link","up_ms":2269459,"node":25344,"peer":33120,"mac":"b8:1f:3f:da:81:60","state":"alive","epoch":289,"espnow_ver":2,"mtu":1446,"misses":0,"rssi":-21,"tx":{"frames":9046,"cb_ok":8955,"cb_fail":90,"enqueue_err":0,"pdr_ppm":990049},"rx":{"frames":30278,"lost_seqgap":2,"reorder_dup":0,"dropped_bad":0,"hb_lost":45,"bcast_frames":20042,"pdr_ppm":999933},"rtt":{"samples":706,"min_us":5586,"max_us":46257,"timeouts":85,"txq_last_us":9410,"txq_max_us":14670,"remote_turnaround_us":1022,"remote_turnaround_max_us":34291,"p50_us":[4000,6000],"p99_us":[22000,30000],"hist":[0,0,0,0,437,190,40,17,14,4,2,2,0,0,0,0]}}
1791635134.904 {"t":"link","up_ms":2269513,"node":25344,"peer":254,"mac":"02:00:00:00:00:fe","state":"alive","epoch":0,"espnow_ver":0,"mtu":226,"misses":0,"rssi":0,"tx":{"frames":5064,"cb_ok":0,"cb_fail":0,"enqueue_err":0,"pdr_ppm":null},"rx":{"frames":8864,"lost_seqgap":0,"reorder_dup":5715,"dropped_bad":0,"hb_lost":0,"bcast_frames":0,"pdr_ppm":1000000},"rtt":{"samples":189,"min_us":8375,"max_us":100539,"timeouts":494,"txq_last_us":0,"txq_max_us":0,"remote_turnaround_us":14,"remote_turnaround_max_us":27,"p50_us":[42000,60000],"p99_us":[85000,110000],"hist":[0,0,0,0,0,0,5,5,6,15,6,106,33,13,0,0]}}
1791635134.904 {"t":"auth","node":25344,"up_ms":2269556,"enrolled":1,"required":1,"verified_peers":2,"verified":12,"cache_hits":2161,"refused":0,"rate_limited":0,"stale_epoch":0,"verify_us_max":85170,"link_stack_free_b":804,"crypto_stack_free_b":1220,"tags_ok":18197,"bad_tag":0,"replayed":3,"untagged":0,"bcast_dropped":0,"beacon_epoch_ignored":0,"tag_us_max":1157}
1791635134.904 {"t":"act","node":25344,"setpoint":0,"has_value":0,"writes_served":0}
1791635134.904 {"t":"peers","node":25344,"own_period_ms":100,"own_busy":0,"channel":1,"scanning":0,"scans":0,"hops":10,"found":0,"lost_to_found_ms":0,"moves_followed":0,"moves_refused":0,"sweeps":1,"sweep_found":0,"sweeping":0,"search_visits":1,"relay":0,"fwd_u":0,"fwd_b":0,"fwd_h":0,"relay_dup":20870,"list":[{"id":29544,"state":"alive","via_relay":0,"period_ms":100,"misses":6,"busy":1,"rtt_n":790},{"id":33120,"state":"alive","via_relay":0,"period_ms":100,"misses":6,"busy":0,"rtt_n":706},{"id":254,"state":"alive","via_relay":0,"period_ms":100,"misses":6,"busy":0,"rtt_n":189}]}
1791635135.302 {"t":"ss","node":25344,"accepted":0,"unsigned":0,"unknown_sender":0,"bad_signature":0,"replayed":0,"rate_limited":0,"verify_us_max":0,"floors":[]}
1791635135.302 {"t":"rec","node":25344,"up_ms":2269664,"settled":1,"sent":9067,"received":9039,"malformed":0,"views":30,"replies_fenced":0,"actors":[{"key":1245650351,"running":1,"term":7,"owner":25344,"owner_term":7,"assigned":254,"starts":1,"fenced":0,"released":0}]}
1791635135.302 {"t":"node","up_ms":2269679,"node":25344,"epoch":243,"peers_alive":3,"peers_dead":0,"no_radio":0,"free_dram":248803,"largest_block":172032,"rx":{"total":118055,"bad_frame":0,"unknown_peer":1760,"wrong_dst":0,"short_payload":0,"unknown_opcode":0,"queue_dropped":52},"tx":{"total":46374,"enqueue_err":0,"done_queue_dropped":0},"membership":{"deaths":14,"revivals":9,"reboots_seen":5,"table_full":0,"events_dropped":0}}
1791635135.302 {"t":"ns","node":25344,"hash":2410274060,"owner":25344,"kind":"sampled","unit":100,"class":4,"bound_ms":0,"quality":"GOOD","age_ms":412,"ts":2269307,"updates":215,"value":243}
1791635135.302 {"t":"ns","node":25344,"hash":1274253983,"owner":25344,"kind":"sampled","unit":0,"class":4,"bound_ms":5000,"quality":"GOOD","age_ms":426,"ts":2269307,"updates":215,"value":-28}
1791635135.302 {"t":"ns","node":25344,"hash":3354298913,"owner":25344,"kind":"sampled","unit":100,"class":4,"bound_ms":5000,"quality":"GOOD","age_ms":440,"ts":2269307,"updates":215,"value":3}
1791635135.302 {"t":"ns","node":25344,"hash":1771187623,"owner":25344,"kind":"sampled","unit":101,"class":4,"bound_ms":30000,"quality":"GOOD","age_ms":455,"ts":2269306,"updates":215,"value":250087}
1791635135.302 {"t":"ns","node":25344,"hash":1245650351,"owner":25344,"kind":"sampled","unit":0,"class":3,"bound_ms":500,"quality":"GOOD","age_ms":65,"ts":2269722,"updates":22563,"value":1660966947}
1791635135.302 {"t":"ns","node":25344,"hash":2033492666,"owner":25344,"kind":"sampled","unit":0,"class":3,"bound_ms":0,"quality":"NO_DATA","age_ms":0,"ts":0,"updates":0,"value":null}
1791635135.302 {"t":"ns","node":25344,"hash":4103947588,"owner":25344,"kind":"sampled","unit":80,"class":4,"bound_ms":30000,"quality":"GOOD","age_ms":508,"ts":2269307,"updates":215,"value":2269}
1791635135.302 {"t":"ns","node":25344,"hash":1662441583,"owner":25344,"kind":"sampled","unit":101,"class":4,"bound_ms":30000,"quality":"GOOD","age_ms":524,"ts":2269306,"updates":215,"value":172032}
1791635145.439 {"t":"clk","node":25344,"up_ms":2279845}
1791635145.439 {"t":"led","node":25344,"shows":"green","app":0}
1791635145.439 {"t":"event","at_ms":2270651,"node":25344,"kind":"peer_admitted","peer":33120,"slot":1,"a":0,"b":0}
1791635145.439 {"t":"event","at_ms":2271368,"node":25344,"kind":"peer_admitted","peer":29544,"slot":0,"a":0,"b":0}
1791635145.439 {"t":"event","at_ms":2272650,"node":25344,"kind":"peer_admitted","peer":33120,"slot":1,"a":0,"b":0}
1791635145.439 {"t":"event","at_ms":2273369,"node":25344,"kind":"peer_admitted","peer":29544,"slot":0,"a":0,"b":0}
1791635145.439 {"t":"event","at_ms":2274696,"node":25344,"kind":"peer_admitted","peer":33120,"slot":1,"a":0,"b":0}
1791635145.439 {"t":"event","at_ms":2275368,"node":25344,"kind":"peer_admitted","peer":29544,"slot":0,"a":0,"b":0}
1791635145.439 {"t":"event","at_ms":2276652,"node":25344,"kind":"peer_admitted","peer":33120,"slot":1,"a":0,"b":0}
1791635145.439 {"t":"event","at_ms":2277368,"node":25344,"kind":"peer_admitted","peer":29544,"slot":0,"a":0,"b":0}
1791635145.439 {"t":"event","at_ms":2278652,"node":25344,"kind":"peer_admitted","peer":33120,"slot":1,"a":0,"b":0}
1791635145.439 {"t":"event","at_ms":2279368,"node":25344,"kind":"peer_admitted","peer":29544,"slot":0,"a":0,"b":0}
1791635145.439 {"t":"link","up_ms":2279932,"node":25344,"peer":29544,"mac":"b8:1f:3f:da:73:68","state":"alive","epoch":171,"espnow_ver":2,"mtu":1446,"misses":0,"rssi":-27,"tx":{"frames":8457,"cb_ok":8451,"cb_fail":6,"enqueue_err":0,"pdr_ppm":999290},"rx":{"frames":32832,"lost_seqgap":4,"reorder_dup":0,"dropped_bad":0,"hb_lost":85,"bcast_frames":22659,"pdr_ppm":999878},"rtt":{"samples":794,"min_us":5288,"max_us":60171,"timeouts":2,"txq_last_us":4322,"txq_max_us":17589,"remote_turnaround_us":668,"remote_turnaround_max_us":23127,"p50_us":[4000,6000],"p99_us":[22000,30000],"hist":[0,0,0,0,573,148,31,21,13,3,3,1,1,0,0,0]}}
1791635145.439 {"t":"link","up_ms":2279987,"node":25344,"peer":33120,"mac":"b8:1f:3f:da:81:60","state":"alive","epoch":289,"espnow_ver":2,"mtu":1446,"misses":0,"rssi":-21,"tx":{"frames":9171,"cb_ok":9081,"cb_fail":90,"enqueue_err":0,"pdr_ppm":990186},"rx":{"frames":30520,"lost_seqgap":2,"reorder_dup":0,"dropped_bad":0,"hb_lost":45,"bcast_frames":20147,"pdr_ppm":999934},"rtt":{"samples":710,"min_us":5586,"max_us":46257,"timeouts":85,"txq_last_us":875,"txq_max_us":14670,"remote_turnaround_us":994,"remote_turnaround_max_us":34291,"p50_us":[4000,6000],"p99_us":[22000,30000],"hist":[0,0,0,0,438,192,40,18,14,4,2,2,0,0,0,0]}}
1791635145.439 {"t":"link","up_ms":2280041,"node":25344,"peer":254,"mac":"02:00:00:00:00:fe","state":"alive","epoch":0,"espnow_ver":0,"mtu":226,"misses":0,"rssi":0,"tx":{"frames":5178,"cb_ok":0,"cb_fail":0,"enqueue_err":0,"pdr_ppm":null},"rx":{"frames":9061,"lost_seqgap":0,"reorder_dup":5715,"dropped_bad":0,"hb_lost":0,"bcast_frames":0,"pdr_ppm":1000000},"rtt":{"samples":192,"min_us":8375,"max_us":100539,"timeouts":494,"txq_last_us":0,"txq_max_us":0,"remote_turnaround_us":13,"remote_turnaround_max_us":27,"p50_us":[42000,60000],"p99_us":[85000,110000],"hist":[0,0,0,0,0,0,5,5,6,15,6,109,33,13,0,0]}}
1791635145.439 {"t":"auth","node":25344,"up_ms":2280096,"enrolled":1,"required":1,"verified_peers":2,"verified":12,"cache_hits":2171,"refused":0,"rate_limited":0,"stale_epoch":0,"verify_us_max":85170,"link_stack_free_b":804,"crypto_stack_free_b":1220,"tags_ok":18366,"bad_tag":0,"replayed":3,"untagged":0,"bcast_dropped":0,"beacon_epoch_ignored":0,"tag_us_max":1157}
1791635145.439 {"t":"act","node":25344,"setpoint":0,"has_value":0,"writes_served":0}
1791635145.439 {"t":"peers","node":25344,"own_period_ms":100,"own_busy":0,"channel":1,"scanning":0,"scans":0,"hops":10,"found":0,"lost_to_found_ms":0,"moves_followed":0,"moves_refused":0,"sweeps":1,"sweep_found":0,"sweeping":0,"search_visits":1,"relay":0,"fwd_u":0,"fwd_b":0,"fwd_h":0,"relay_dup":20980,"list":[{"id":29544,"state":"alive","via_relay":0,"period_ms":100,"misses":6,"busy":1,"rtt_n":794},{"id":33120,"state":"alive","via_relay":0,"period_ms":100,"misses":6,"busy":0,"rtt_n":710},{"id":254,"state":"alive","via_relay":0,"period_ms":100,"misses":6,"busy":0,"rtt_n":192}]}
1791635145.439 {"t":"ss","node":25344,"accepted":0,"unsigned":0,"unknown_sender":0,"bad_signature":0,"replayed":0,"rate_limited":0,"verify_us_max":0,"floors":[]}
1791635145.827 {"t":"rec","node":25344,"up_ms":2280192,"settled":1,"sent":9109,"received":9080,"malformed":0,"views":30,"replies_fenced":0,"actors":[{"key":1245650351,"running":1,"term":7,"owner":25344,"owner_term":7,"assigned":254,"starts":1,"fenced":0,"released":0}]}
1791635145.827 {"t":"node","up_ms":2280218,"node":25344,"epoch":243,"peers_alive":3,"peers_dead":0,"no_radio":0,"free_dram":250087,"largest_block":172032,"rx":{"total":118857,"bad_frame":0,"unknown_peer":1760,"wrong_dst":0,"short_payload":0,"unknown_opcode":0,"queue_dropped":52},"tx":{"total":46752,"enqueue_err":0,"done_queue_dropped":0},"membership":{"deaths":14,"revivals":9,"reboots_seen":5,"table_full":0,"events_dropped":0}}
1791635145.827 {"t":"ns","node":25344,"hash":2410274060,"owner":25344,"kind":"sampled","unit":100,"class":4,"bound_ms":0,"quality":"GOOD","age_ms":400,"ts":2279847,"updates":216,"value":243}
1791635145.827 {"t":"ns","node":25344,"hash":1274253983,"owner":25344,"kind":"sampled","unit":0,"class":4,"bound_ms":5000,"quality":"GOOD","age_ms":414,"ts":2279847,"updates":216,"value":-27}
1791635145.827 {"t":"ns","node":25344,"hash":3354298913,"owner":25344,"kind":"sampled","unit":100,"class":4,"bound_ms":5000,"quality":"GOOD","age_ms":439,"ts":2279847,"updates":216,"value":3}
1791635145.827 {"t":"ns","node":25344,"hash":1771187623,"owner":25344,"kind":"sampled","unit":101,"class":4,"bound_ms":30000,"quality":"GOOD","age_ms":454,"ts":2279846,"updates":216,"value":250087}
1791635145.827 {"t":"ns","node":25344,"hash":1245650351,"owner":25344,"kind":"sampled","unit":0,"class":3,"bound_ms":500,"quality":"GOOD","age_ms":28,"ts":2280286,"updates":22668,"value":1660967052}
1791635145.827 {"t":"ns","node":25344,"hash":2033492666,"owner":25344,"kind":"sampled","unit":0,"class":3,"bound_ms":0,"quality":"NO_DATA","age_ms":0,"ts":0,"updates":0,"value":null}
1791635145.827 {"t":"ns","node":25344,"hash":4103947588,"owner":25344,"kind":"sampled","unit":80,"class":4,"bound_ms":30000,"quality":"GOOD","age_ms":496,"ts":2279847,"updates":216,"value":2279}
1791635145.827 {"t":"ns","node":25344,"hash":1662441583,"owner":25344,"kind":"sampled","unit":101,"class":4,"bound_ms":30000,"quality":"GOOD","age_ms":512,"ts":2279846,"updates":216,"value":172032}
1791635155.969 {"t":"clk","node":25344,"up_ms":2290372}
1791635155.969 {"t":"led","node":25344,"shows":"green","app":0}
1791635155.969 {"t":"event","at_ms":2280672,"node":25344,"kind":"peer_admitted","peer":33120,"slot":1,"a":0,"b":0}
1791635155.969 {"t":"event","at_ms":2281368,"node":25344,"kind":"peer_admitted","peer":29544,"slot":0,"a":0,"b":0}
1791635155.969 {"t":"event","at_ms":2282673,"node":25344,"kind":"peer_admitted","peer":33120,"slot":1,"a":0,"b":0}
1791635155.969 {"t":"event","at_ms":2283368,"node":25344,"kind":"peer_admitted","peer":29544,"slot":0,"a":0,"b":0}
1791635155.969 {"t":"event","at_ms":2284671,"node":25344,"kind":"peer_admitted","peer":33120,"slot":1,"a":0,"b":0}
1791635155.969 {"t":"event","at_ms":2285368,"node":25344,"kind":"peer_admitted","peer":29544,"slot":0,"a":0,"b":0}
1791635155.969 {"t":"event","at_ms":2286671,"node":25344,"kind":"peer_admitted","peer":33120,"slot":1,"a":0,"b":0}
1791635155.969 {"t":"event","at_ms":2287368,"node":25344,"kind":"peer_admitted","peer":29544,"slot":0,"a":0,"b":0}
1791635155.969 {"t":"event","at_ms":2288671,"node":25344,"kind":"peer_admitted","peer":33120,"slot":1,"a":0,"b":0}
1791635155.969 {"t":"event","at_ms":2289368,"node":25344,"kind":"peer_admitted","peer":29544,"slot":0,"a":0,"b":0}
1791635155.969 {"t":"link","up_ms":2290458,"node":25344,"peer":29544,"mac":"b8:1f:3f:da:73:68","state":"alive","epoch":171,"espnow_ver":2,"mtu":1446,"misses":0,"rssi":-27,"tx":{"frames":8485,"cb_ok":8479,"cb_fail":6,"enqueue_err":0,"pdr_ppm":999292},"rx":{"frames":32977,"lost_seqgap":4,"reorder_dup":0,"dropped_bad":0,"hb_lost":85,"bcast_frames":22764,"pdr_ppm":999878},"rtt":{"samples":797,"min_us":5288,"max_us":60171,"timeouts":2,"txq_last_us":4322,"txq_max_us":17589,"remote_turnaround_us":881,"remote_turnaround_max_us":23127,"p50_us":[4000,6000],"p99_us":[22000,30000],"hist":[0,0,0,0,575,148,31,22,13,3,3,1,1,0,0,0]}}
1791635155.969 {"t":"link","up_ms":2290514,"node":25344,"peer":33120,"mac":"b8:1f:3f:da:81:60","state":"alive","epoch":289,"espnow_ver":2,"mtu":1446,"misses":0,"rssi":-21,"tx":{"frames":9295,"cb_ok":9204,"cb_fail":90,"enqueue_err":0,"pdr_ppm":990316},"rx":{"frames":30761,"lost_seqgap":2,"reorder_dup":0,"dropped_bad":0,"hb_lost":45,"bcast_frames":20252,"pdr_ppm":999934},"rtt":{"samples":713,"min_us":5586,"max_us":46257,"timeouts":85,"txq_last_us":2799,"txq_max_us":14670,"remote_turnaround_us":6279,"remote_turnaround_max_us":34291,"p50_us":[4000,6000],"p99_us":[22000,30000],"hist":[0,0,0,0,440,192,40,18,15,4,2,2,0,0,0,0]}}
1791635155.969 {"t":"link","up_ms":2290568,"node":25344,"peer":254,"mac":"02:00:00:00:00:fe","state":"alive","epoch":0,"espnow_ver":0,"mtu":226,"misses":0,"rssi":0,"tx":{"frames":5293,"cb_ok":0,"cb_fail":0,"enqueue_err":0,"pdr_ppm":null},"rx":{"frames":9259,"lost_seqgap":0,"reorder_dup":5715,"dropped_bad":0,"hb_lost":0,"bcast_frames":0,"pdr_ppm":1000000},"rtt":{"samples":196,"min_us":8375,"max_us":100539,"timeouts":494,"txq_last_us":0,"txq_max_us":0,"remote_turnaround_us":14,"remote_turnaround_max_us":27,"p50_us":[42000,60000],"p99_us":[85000,110000],"hist":[0,0,0,0,0,0,5,5,6,15,6,112,34,13,0,0]}}
1791635155.969 {"t":"auth","node":25344,"up_ms":2290622,"enrolled":1,"required":1,"verified_peers":2,"verified":12,"cache_hits":2181,"refused":0,"rate_limited":0,"stale_epoch":0,"verify_us_max":85170,"link_stack_free_b":804,"crypto_stack_free_b":1220,"tags_ok":18531,"bad_tag":0,"replayed":3,"untagged":0,"bcast_dropped":0,"beacon_epoch_ignored":0,"tag_us_max":1157}
1791635155.969 {"t":"act","node":25344,"setpoint":0,"has_value":0,"writes_served":0}
1791635155.969 {"t":"peers","node":25344,"own_period_ms":100,"own_busy":0,"channel":1,"scanning":0,"scans":0,"hops":10,"found":0,"lost_to_found_ms":0,"moves_followed":0,"moves_refused":0,"sweeps":1,"sweep_found":0,"sweeping":0,"search_visits":1,"relay":0,"fwd_u":0,"fwd_b":0,"fwd_h":0,"relay_dup":21089,"list":[{"id":29544,"state":"alive","via_relay":0,"period_ms":100,"misses":6,"busy":1,"rtt_n":797},{"id":33120,"state":"alive","via_relay":0,"period_ms":100,"misses":6,"busy":0,"rtt_n":713},{"id":254,"state":"alive","via_relay":0,"period_ms":100,"misses":6,"busy":0,"rtt_n":196}]}
1791635155.969 {"t":"ss","node":25344,"accepted":0,"unsigned":0,"unknown_sender":0,"bad_signature":0,"replayed":0,"rate_limited":0,"verify_us_max":0,"floors":[]}
1791635156.359 {"t":"rec","node":25344,"up_ms":2290719,"settled":1,"sent":9150,"received":9122,"malformed":0,"views":30,"replies_fenced":0,"actors":[{"key":1245650351,"running":1,"term":7,"owner":25344,"owner_term":7,"assigned":254,"starts":1,"fenced":0,"released":0}]}
1791635156.359 {"t":"node","up_ms":2290745,"node":25344,"epoch":243,"peers_alive":3,"peers_dead":0,"no_radio":0,"free_dram":248587,"largest_block":172032,"rx":{"total":119660,"bad_frame":0,"unknown_peer":1760,"wrong_dst":0,"short_payload":0,"unknown_opcode":0,"queue_dropped":52},"tx":{"total":47132,"enqueue_err":0,"done_queue_dropped":0},"membership":{"deaths":14,"revivals":9,"reboots_seen":5,"table_full":0,"events_dropped":0}}
1791635156.359 {"t":"ns","node":25344,"hash":2410274060,"owner":25344,"kind":"sampled","unit":100,"class":4,"bound_ms":0,"quality":"GOOD","age_ms":400,"ts":2290374,"updates":217,"value":243}
1791635156.359 {"t":"ns","node":25344,"hash":1274253983,"owner":25344,"kind":"sampled","unit":0,"class":4,"bound_ms":5000,"quality":"GOOD","age_ms":415,"ts":2290374,"updates":217,"value":-27}
1791635156.359 {"t":"ns","node":25344,"hash":3354298913,"owner":25344,"kind":"sampled","unit":100,"class":4,"bound_ms":5000,"quality":"GOOD","age_ms":440,"ts":2290374,"updates":217,"value":3}
1791635156.359 {"t":"ns","node":25344,"hash":1771187623,"owner":25344,"kind":"sampled","unit":101,"class":4,"bound_ms":30000,"quality":"GOOD","age_ms":455,"ts":2290373,"updates":217,"value":250087}
1791635156.359 {"t":"ns","node":25344,"hash":1245650351,"owner":25344,"kind":"sampled","unit":0,"class":3,"bound_ms":500,"quality":"GOOD","age_ms":56,"ts":2290786,"updates":22772,"value":1660967156}
1791635156.359 {"t":"ns","node":25344,"hash":2033492666,"owner":25344,"kind":"sampled","unit":0,"class":3,"bound_ms":0,"quality":"NO_DATA","age_ms":0,"ts":0,"updates":0,"value":null}
1791635156.359 {"t":"ns","node":25344,"hash":4103947588,"owner":25344,"kind":"sampled","unit":80,"class":4,"bound_ms":30000,"quality":"GOOD","age_ms":496,"ts":2290374,"updates":217,"value":2290}
1791635156.359 {"t":"ns","node":25344,"hash":1662441583,"owner":25344,"kind":"sampled","unit":101,"class":4,"bound_ms":30000,"quality":"GOOD","age_ms":511,"ts":2290373,"updates":217,"value":172032}
1791635163.889 W (2299621) pot.m0: peer 0x8160 declared DEAD after 6 misses (612 ms silent)
1791635166.506 {"t":"clk","node":25344,"up_ms":2300899}
1791635166.506 {"t":"led","node":25344,"shows":"red","app":0}
1791635166.506 W (2302098) pot.m0: peer 0x8160 rebooted, epoch now 290
1791635166.506 {"t":"event","at_ms":2290677,"node":25344,"kind":"peer_admitted","peer":33120,"slot":1,"a":0,"b":0}
1791635166.506 {"t":"event","at_ms":2291370,"node":25344,"kind":"peer_admitted","peer":29544,"slot":0,"a":0,"b":0}
1791635166.506 {"t":"event","at_ms":2292675,"node":25344,"kind":"peer_admitted","peer":33120,"slot":1,"a":0,"b":0}
1791635166.506 {"t":"event","at_ms":2293369,"node":25344,"kind":"peer_admitted","peer":29544,"slot":0,"a":0,"b":0}
1791635166.506 {"t":"event","at_ms":2294675,"node":25344,"kind":"peer_admitted","peer":33120,"slot":1,"a":0,"b":0}
1791635166.506 {"t":"event","at_ms":2295371,"node":25344,"kind":"peer_admitted","peer":29544,"slot":0,"a":0,"b":0}
1791635166.506 {"t":"event","at_ms":2296675,"node":25344,"kind":"peer_admitted","peer":33120,"slot":1,"a":0,"b":0}
1791635166.506 {"t":"event","at_ms":2297368,"node":25344,"kind":"peer_admitted","peer":29544,"slot":0,"a":0,"b":0}
1791635166.506 {"t":"event","at_ms":2298439,"node":25344,"kind":"peer_dead","peer":33120,"slot":1,"a":6,"b":612}
1791635166.506 {"t":"event","at_ms":2298904,"node":25344,"kind":"probe_timeout","peer":33120,"slot":1,"a":7303,"b":0}
1791635166.506 {"t":"event","at_ms":2299368,"node":25344,"kind":"peer_admitted","peer":29544,"slot":0,"a":0,"b":0}
1791635166.506 {"t":"event","at_ms":2300917,"node":25344,"kind":"peer_rebooted","peer":33120,"slot":1,"a":290,"b":0}
1791635166.506 {"t":"event","at_ms":2300919,"node":25344,"kind":"peer_admitted","peer":33120,"slot":1,"a":0,"b":0}
1791635166.506 {"t":"event","at_ms":2300922,"node":25344,"kind":"peer_admitted","peer":29544,"slot":0,"a":0,"b":0}
1791635166.506 {"t":"event","at_ms":2300931,"node":25344,"kind":"peer_admitted","peer":33120,"slot":1,"a":0,"b":0}
1791635166.506 {"t":"event","at_ms":2300936,"node":25344,"kind":"peer_admitted","peer":33120,"slot":1,"a":0,"b":0}
1791635166.506 {"t":"event","at_ms":2301016,"node":25344,"kind":"peer_admitted","peer":33120,"slot":1,"a":0,"b":0}
1791635166.506 {"t":"link","up_ms":2301070,"node":25344,"peer":29544,"mac":"b8:1f:3f:da:73:68","state":"alive","epoch":171,"espnow_ver":2,"mtu":1446,"misses":0,"rssi":-27,"tx":{"frames":8515,"cb_ok":8509,"cb_fail":6,"enqueue_err":0,"pdr_ppm":999295},"rx":{"frames":33129,"lost_seqgap":4,"reorder_dup":0,"dropped_bad":0,"hb_lost":86,"bcast_frames":22869,"pdr_ppm":999879},"rtt":{"samples":801,"min_us":5288,"max_us":60171,"timeouts":2,"txq_last_us":4322,"txq_max_us":17589,"remote_turnaround_us":837,"remote_turnaround_max_us":23127,"p50_us":[4000,6000],"p99_us":[16000,22000],"hist":[0,0,0,0,578,148,32,22,13,3,3,1,1,0,0,0]}}
1791635166.506 {"t":"link","up_ms":2301124,"node":25344,"peer":33120,"mac":"b8:1f:3f:da:81:60","state":"alive","epoch":290,"espnow_ver":2,"mtu":1446,"misses":0,"rssi":-21,"tx":{"frames":9374,"cb_ok":9281,"cb_fail":93,"enqueue_err":0,"pdr_ppm":990078},"rx":{"frames":30920,"lost_seqgap":2,"reorder_dup":0,"dropped_bad":0,"hb_lost":46,"bcast_frames":20325,"pdr_ppm":999935},"rtt":{"samples":716,"min_us":5586,"max_us":91087,"timeouts":86,"txq_last_us":8035,"txq_max_us":14670,"remote_turnaround_us":79862,"remote_turnaround_max_us":79862,"p50_us":[4000,6000],"p99_us":[22000,30000],"hist":[0,0,0,0,441,193,40,18,15,4,2,2,0,1,0,0]}}
1791635166.506 {"t":"link","up_ms":2301178,"node":25344,"peer":254,"mac":"02:00:00:00:00:fe","state":"alive","epoch":0,"espnow_ver":0,"mtu":226,"misses":0,"rssi":0,"tx":{"frames":5363,"cb_ok":0,"cb_fail":0,"enqueue_err":0,"pdr_ppm":null},"rx":{"frames":9411,"lost_seqgap":0,"reorder_dup":5715,"dropped_bad":0,"hb_lost":0,"bcast_frames":0,"pdr_ppm":1000000},"rtt":{"samples":199,"min_us":8375,"max_us":100539,"timeouts":494,"txq_last_us":0,"txq_max_us":0,"remote_turnaround_us":14,"remote_turnaround_max_us":27,"p50_us":[42000,60000],"p99_us":[85000,110000],"hist":[0,0,0,0,0,0,5,5,6,15,6,114,34,14,0,0]}}
1791635166.506 {"t":"auth","node":25344,"up_ms":2301221,"enrolled":1,"required":1,"verified_peers":2,"verified":13,"cache_hits":2194,"refused":0,"rate_limited":0,"stale_epoch":0,"verify_us_max":85170,"link_stack_free_b":804,"crypto_stack_free_b":1220,"tags_ok":18648,"bad_tag":0,"replayed":3,"untagged":0,"bcast_dropped":0,"beacon_epoch_ignored":0,"tag_us_max":1157}
1791635166.960 {"t":"act","node":25344,"setpoint":0,"has_value":0,"writes_served":0}
1791635166.960 {"t":"peers","node":25344,"own_period_ms":100,"own_busy":0,"channel":1,"scanning":0,"scans":0,"hops":10,"found":0,"lost_to_found_ms":0,"moves_followed":0,"moves_refused":0,"sweeps":1,"sweep_found":0,"sweeping":0,"search_visits":1,"relay":0,"fwd_u":0,"fwd_b":0,"fwd_h":0,"relay_dup":21168,"list":[{"id":29544,"state":"alive","via_relay":0,"period_ms":100,"misses":6,"busy":1,"rtt_n":801},{"id":33120,"state":"alive","via_relay":0,"period_ms":100,"misses":6,"busy":0,"rtt_n":716},{"id":254,"state":"alive","via_relay":0,"period_ms":100,"misses":6,"busy":0,"rtt_n":199}]}
1791635166.960 {"t":"ss","node":25344,"accepted":0,"unsigned":0,"unknown_sender":0,"bad_signature":0,"replayed":0,"rate_limited":0,"verify_us_max":0,"floors":[]}
1791635166.960 {"t":"rec","node":25344,"up_ms":2301329,"settled":1,"sent":9194,"received":9163,"malformed":0,"views":32,"replies_fenced":0,"actors":[{"key":1245650351,"running":1,"term":7,"owner":25344,"owner_term":7,"assigned":254,"starts":1,"fenced":0,"released":0}]}
1791635166.960 {"t":"node","up_ms":2301344,"node":25344,"epoch":243,"peers_alive":3,"peers_dead":0,"no_radio":0,"free_dram":250087,"largest_block":172032,"rx":{"total":120302,"bad_frame":0,"unknown_peer":1760,"wrong_dst":0,"short_payload":0,"unknown_opcode":0,"queue_dropped":52},"tx":{"total":47418,"enqueue_err":0,"done_queue_dropped":0},"membership":{"deaths":15,"revivals":9,"reboots_seen":6,"table_full":0,"events_dropped":0}}
1791635166.960 {"t":"ns","node":25344,"hash":2410274060,"owner":25344,"kind":"sampled","unit":100,"class":4,"bound_ms":0,"quality":"GOOD","age_ms":463,"ts":2300922,"updates":218,"value":243}
1791635166.960 {"t":"ns","node":25344,"hash":1274253983,"owner":25344,"kind":"sampled","unit":0,"class":4,"bound_ms":5000,"quality":"GOOD","age_ms":477,"ts":2300922,"updates":218,"value":-27}
1791635166.960 {"t":"ns","node":25344,"hash":3354298913,"owner":25344,"kind":"sampled","unit":100,"class":4,"bound_ms":5000,"quality":"GOOD","age_ms":491,"ts":2300922,"updates":218,"value":3}
1791635166.960 {"t":"ns","node":25344,"hash":1771187623,"owner":25344,"kind":"sampled","unit":101,"class":4,"bound_ms":30000,"quality":"GOOD","age_ms":505,"ts":2300922,"updates":218,"value":249463}
1791635166.960 {"t":"ns","node":25344,"hash":1245650351,"owner":25344,"kind":"sampled","unit":0,"class":3,"bound_ms":500,"quality":"GOOD","age_ms":18,"ts":2301423,"updates":22877,"value":1660967261}
1791635166.960 {"t":"ns","node":25344,"hash":2033492666,"owner":25344,"kind":"sampled","unit":0,"class":3,"bound_ms":0,"quality":"NO_DATA","age_ms":0,"ts":0,"updates":0,"value":null}
1791635166.960 {"t":"ns","node":25344,"hash":4103947588,"owner":25344,"kind":"sampled","unit":80,"class":4,"bound_ms":30000,"quality":"GOOD","age_ms":558,"ts":2300922,"updates":218,"value":2300}
1791635166.960 {"t":"ns","node":25344,"hash":1662441583,"owner":25344,"kind":"sampled","unit":101,"class":4,"bound_ms":30000,"quality":"GOOD","age_ms":573,"ts":2300922,"updates":218,"value":172032}
1791635177.102 {"t":"clk","node":25344,"up_ms":2311509}
1791635177.102 {"t":"led","node":25344,"shows":"green","app":0}
1791635177.102 {"t":"event","at_ms":2301368,"node":25344,"kind":"peer_admitted","peer":29544,"slot":0,"a":0,"b":0}
1791635177.102 {"t":"event","at_ms":2302929,"node":25344,"kind":"peer_admitted","peer":33120,"slot":1,"a":0,"b":0}
1791635177.102 {"t":"event","at_ms":2303368,"node":25344,"kind":"peer_admitted","peer":29544,"slot":0,"a":0,"b":0}
1791635177.102 {"t":"event","at_ms":2304928,"node":25344,"kind":"peer_admitted","peer":33120,"slot":1,"a":0,"b":0}
1791635177.102 {"t":"event","at_ms":2305368,"node":25344,"kind":"peer_admitted","peer":29544,"slot":0,"a":0,"b":0}
1791635177.102 {"t":"event","at_ms":2306929,"node":25344,"kind":"peer_admitted","peer":33120,"slot":1,"a":0,"b":0}
1791635177.102 {"t":"event","at_ms":2307368,"node":25344,"kind":"peer_admitted","peer":29544,"slot":0,"a":0,"b":0}
1791635177.102 {"t":"event","at_ms":2308929,"node":25344,"kind":"peer_admitted","peer":33120,"slot":1,"a":0,"b":0}
1791635177.102 {"t":"event","at_ms":2309368,"node":25344,"kind":"peer_admitted","peer":29544,"slot":0,"a":0,"b":0}
1791635177.102 {"t":"event","at_ms":2310929,"node":25344,"kind":"peer_admitted","peer":33120,"slot":1,"a":0,"b":0}
1791635177.102 {"t":"event","at_ms":2311368,"node":25344,"kind":"peer_admitted","peer":29544,"slot":0,"a":0,"b":0}
1791635177.102 {"t":"link","up_ms":2311607,"node":25344,"peer":29544,"mac":"b8:1f:3f:da:73:68","state":"alive","epoch":171,"espnow_ver":2,"mtu":1446,"misses":0,"rssi":-27,"tx":{"frames":8543,"cb_ok":8537,"cb_fail":6,"enqueue_err":0,"pdr_ppm":999297},"rx":{"frames":33273,"lost_seqgap":4,"reorder_dup":0,"dropped_bad":0,"hb_lost":87,"bcast_frames":22973,"pdr_ppm":999879},"rtt":{"samples":804,"min_us":5288,"max_us":60171,"timeouts":2,"txq_last_us":4322,"txq_max_us":17589,"remote_turnaround_us":807,"remote_turnaround_max_us":23127,"p50_us":[4000,6000],"p99_us":[16000,22000],"hist":[0,0,0,0,579,150,32,22,13,3,3,1,1,0,0,0]}}
1791635177.102 {"t":"link","up_ms":2311662,"node":25344,"peer":33120,"mac":"b8:1f:3f:da:81:60","state":"alive","epoch":290,"espnow_ver":2,"mtu":1446,"misses":0,"rssi":-20,"tx":{"frames":9406,"cb_ok":9313,"cb_fail":93,"enqueue_err":0,"pdr_ppm":990112},"rx":{"frames":31068,"lost_seqgap":2,"reorder_dup":0,"dropped_bad":0,"hb_lost":47,"bcast_frames":20429,"pdr_ppm":999935},"rtt":{"samples":719,"min_us":5586,"max_us":91087,"timeouts":86,"txq_last_us":18251,"txq_max_us":18251,"remote_turnaround_us":1011,"remote_turnaround_max_us":79862,"p50_us":[4000,6000],"p99_us":[22000,30000],"hist":[0,0,0,0,443,193,40,18,15,5,2,2,0,1,0,0]}}
1791635177.102 {"t":"link","up_ms":2311716,"node":25344,"peer":254,"mac":"02:00:00:00:00:fe","state":"alive","epoch":0,"espnow_ver":0,"mtu":226,"misses":0,"rssi":0,"tx":{"frames":5386,"cb_ok":0,"cb_fail":0,"enqueue_err":0,"pdr_ppm":null},"rx":{"frames":9517,"lost_seqgap":0,"reorder_dup":5715,"dropped_bad":0,"hb_lost":0,"bcast_frames":0,"pdr_ppm":1000000},"rtt":{"samples":203,"min_us":8375,"max_us":100539,"timeouts":494,"txq_last_us":0,"txq_max_us":0,"remote_turnaround_us":13,"remote_turnaround_max_us":27,"p50_us":[42000,60000],"p99_us":[85000,110000],"hist":[0,0,0,0,0,0,5,5,6,15,6,117,34,15,0,0]}}
1791635177.102 {"t":"auth","node":25344,"up_ms":2311770,"enrolled":1,"required":1,"verified_peers":2,"verified":13,"cache_hits":2205,"refused":0,"rate_limited":0,"stale_epoch":0,"verify_us_max":85170,"link_stack_free_b":804,"crypto_stack_free_b":1220,"tags_ok":18721,"bad_tag":0,"replayed":3,"untagged":0,"bcast_dropped":0,"beacon_epoch_ignored":0,"tag_us_max":1157}
1791635177.102 {"t":"act","node":25344,"setpoint":0,"has_value":0,"writes_served":0}
1791635177.102 {"t":"peers","node":25344,"own_period_ms":100,"own_busy":0,"channel":1,"scanning":0,"scans":0,"hops":10,"found":0,"lost_to_found_ms":0,"moves_followed":0,"moves_refused":0,"sweeps":1,"sweep_found":0,"sweeping":0,"search_visits":1,"relay":0,"fwd_u":0,"fwd_b":0,"fwd_h":0,"relay_dup":21276,"list":[{"id":29544,"state":"alive","via_relay":0,"period_ms":100,"misses":6,"busy":1,"rtt_n":804},{"id":33120,"state":"alive","via_relay":0,"period_ms":100,"misses":6,"busy":0,"rtt_n":719},{"id":254,"state":"alive","via_relay":0,"period_ms":100,"misses":6,"busy":0,"rtt_n":203}]}
1791635177.493 {"t":"ss","node":25344,"accepted":0,"unsigned":0,"unknown_sender":0,"bad_signature":0,"replayed":0,"rate_limited":0,"verify_us_max":0,"floors":[]}
1791635177.493 {"t":"rec","node":25344,"up_ms":2311866,"settled":1,"sent":9236,"received":9206,"malformed":0,"views":32,"replies_fenced":0,"actors":[{"key":1245650351,"running":1,"term":7,"owner":25344,"owner_term":7,"assigned":254,"starts":1,"fenced":0,"released":0}]}
1791635177.493 {"t":"node","up_ms":2311882,"node":25344,"epoch":243,"peers_alive":3,"peers_dead":0,"no_radio":0,"free_dram":250087,"largest_block":172032,"rx":{"total":120919,"bad_frame":0,"unknown_peer":1760,"wrong_dst":0,"short_payload":0,"unknown_opcode":0,"queue_dropped":52},"tx":{"total":47612,"enqueue_err":0,"done_queue_dropped":0},"membership":{"deaths":15,"revivals":9,"reboots_seen":6,"table_full":0,"events_dropped":0}}
1791635177.493 {"t":"ns","node":25344,"hash":2410274060,"owner":25344,"kind":"sampled","unit":100,"class":4,"bound_ms":0,"quality":"GOOD","age_ms":411,"ts":2311511,"updates":219,"value":243}
1791635177.493 {"t":"ns","node":25344,"hash":1274253983,"owner":25344,"kind":"sampled","unit":0,"class":4,"bound_ms":5000,"quality":"GOOD","age_ms":425,"ts":2311511,"updates":219,"value":-27}
1791635177.493 {"t":"ns","node":25344,"hash":3354298913,"owner":25344,"kind":"sampled","unit":100,"class":4,"bound_ms":5000,"quality":"GOOD","age_ms":439,"ts":2311511,"updates":219,"value":3}
1791635177.493 {"t":"ns","node":25344,"hash":1771187623,"owner":25344,"kind":"sampled","unit":101,"class":4,"bound_ms":30000,"quality":"GOOD","age_ms":455,"ts":2311510,"updates":219,"value":250087}
1791635177.493 {"t":"ns","node":25344,"hash":1245650351,"owner":25344,"kind":"sampled","unit":0,"class":3,"bound_ms":500,"quality":"GOOD","age_ms":35,"ts":2311955,"updates":22982,"value":1660967366}
1791635177.493 {"t":"ns","node":25344,"hash":2033492666,"owner":25344,"kind":"sampled","unit":0,"class":3,"bound_ms":0,"quality":"NO_DATA","age_ms":0,"ts":0,"updates":0,"value":null}
1791635177.493 {"t":"ns","node":25344,"hash":4103947588,"owner":25344,"kind":"sampled","unit":80,"class":4,"bound_ms":30000,"quality":"GOOD","age_ms":508,"ts":2311510,"updates":219,"value":2311}
1791635177.493 {"t":"ns","node":25344,"hash":1662441583,"owner":25344,"kind":"sampled","unit":101,"class":4,"bound_ms":30000,"quality":"GOOD","age_ms":522,"ts":2311510,"updates":219,"value":172032}
1791635178.415 I (2314144) pot.m0: fw: begin counter 3, 848272 B: ok
1791635187.668 {"t":"clk","node":25344,"up_ms":2322047}
1791635187.668 {"t":"led","node":25344,"shows":"green","app":0}
1791635187.668 {"t":"event","at_ms":2312929,"node":25344,"kind":"peer_admitted","peer":33120,"slot":1,"a":0,"b":0}
1791635187.668 {"t":"event","at_ms":2313368,"node":25344,"kind":"peer_admitted","peer":29544,"slot":0,"a":0,"b":0}
1791635187.668 {"t":"event","at_ms":2314930,"node":25344,"kind":"peer_admitted","peer":33120,"slot":1,"a":0,"b":0}
1791635187.668 {"t":"event","at_ms":2315369,"node":25344,"kind":"peer_admitted","peer":29544,"slot":0,"a":0,"b":0}
1791635187.668 {"t":"event","at_ms":2316943,"node":25344,"kind":"peer_admitted","peer":33120,"slot":1,"a":0,"b":0}
1791635187.668 {"t":"event","at_ms":2317375,"node":25344,"kind":"peer_admitted","peer":29544,"slot":0,"a":0,"b":0}
1791635187.668 {"t":"event","at_ms":2318928,"node":25344,"kind":"peer_admitted","peer":33120,"slot":1,"a":0,"b":0}
1791635187.668 {"t":"event","at_ms":2319369,"node":25344,"kind":"peer_admitted","peer":29544,"slot":0,"a":0,"b":0}
1791635187.668 {"t":"event","at_ms":2320928,"node":25344,"kind":"peer_admitted","peer":33120,"slot":1,"a":0,"b":0}
1791635187.668 {"t":"event","at_ms":2321372,"node":25344,"kind":"peer_admitted","peer":29544,"slot":0,"a":0,"b":0}
1791635187.668 {"t":"link","up_ms":2322166,"node":25344,"peer":29544,"mac":"b8:1f:3f:da:73:68","state":"alive","epoch":171,"espnow_ver":2,"mtu":1446,"misses":0,"rssi":-27,"tx":{"frames":8570,"cb_ok":8564,"cb_fail":6,"enqueue_err":0,"pdr_ppm":999299},"rx":{"frames":33420,"lost_seqgap":4,"reorder_dup":0,"dropped_bad":0,"hb_lost":87,"bcast_frames":23079,"pdr_ppm":999880},"rtt":{"samples":808,"min_us":5288,"max_us":60171,"timeouts":2,"txq_last_us":2842,"txq_max_us":17589,"remote_turnaround_us":820,"remote_turnaround_max_us":23127,"p50_us":[4000,6000],"p99_us":[16000,22000],"hist":[0,0,0,0,580,152,32,23,13,3,3,1,1,0,0,0]}}
1791635187.668 {"t":"link","up_ms":2322220,"node":25344,"peer":33120,"mac":"b8:1f:3f:da:81:60","state":"alive","epoch":290,"espnow_ver":2,"mtu":1446,"misses":0,"rssi":-21,"tx":{"frames":9434,"cb_ok":9341,"cb_fail":93,"enqueue_err":0,"pdr_ppm":990142},"rx":{"frames":31216,"lost_seqgap":2,"reorder_dup":0,"dropped_bad":0,"hb_lost":47,"bcast_frames":20535,"pdr_ppm":999935},"rtt":{"samples":723,"min_us":5586,"max_us":91087,"timeouts":86,"txq_last_us":2848,"txq_max_us":18251,"remote_turnaround_us":913,"remote_turnaround_max_us":79862,"p50_us":[4000,6000],"p99_us":[22000,30000],"hist":[0,0,0,0,446,193,41,18,15,5,2,2,0,1,0,0]}}
1791635187.668 {"t":"link","up_ms":2322275,"node":25344,"peer":254,"mac":"02:00:00:00:00:fe","state":"alive","epoch":0,"espnow_ver":0,"mtu":226,"misses":0,"rssi":0,"tx":{"frames":5492,"cb_ok":0,"cb_fail":0,"enqueue_err":0,"pdr_ppm":null},"rx":{"frames":9706,"lost_seqgap":0,"reorder_dup":5715,"dropped_bad":0,"hb_lost":0,"bcast_frames":0,"pdr_ppm":1000000},"rtt":{"samples":206,"min_us":8375,"max_us":100539,"timeouts":494,"txq_last_us":0,"txq_max_us":0,"remote_turnaround_us":12,"remote_turnaround_max_us":27,"p50_us":[42000,60000],"p99_us":[85000,110000],"hist":[0,0,0,0,0,0,5,5,6,15,6,119,35,15,0,0]}}
1791635187.668 {"t":"auth","node":25344,"up_ms":2322317,"enrolled":1,"required":1,"verified_peers":2,"verified":13,"cache_hits":2215,"refused":0,"rate_limited":0,"stale_epoch":0,"verify_us_max":85170,"link_stack_free_b":804,"crypto_stack_free_b":1220,"tags_ok":18794,"bad_tag":0,"replayed":3,"untagged":0,"bcast_dropped":0,"beacon_epoch_ignored":0,"tag_us_max":1157}
1791635187.668 {"t":"act","node":25344,"setpoint":0,"has_value":0,"writes_served":0}
1791635187.668 {"t":"peers","node":25344,"own_period_ms":100,"own_busy":0,"channel":1,"scanning":0,"scans":0,"hops":10,"found":0,"lost_to_found_ms":0,"moves_followed":0,"moves_refused":0,"sweeps":1,"sweep_found":0,"sweeping":0,"search_visits":1,"relay":0,"fwd_u":0,"fwd_b":0,"fwd_h":0,"relay_dup":21387,"list":[{"id":29544,"state":"alive","via_relay":0,"period_ms":100,"misses":6,"busy":1,"rtt_n":808},{"id":33120,"state":"alive","via_relay":0,"period_ms":100,"misses":6,"busy":0,"rtt_n":723},{"id":254,"state":"alive","via_relay":0,"period_ms":100,"misses":6,"busy":0,"rtt_n":206}]}
1791635187.668 {"t":"ss","node":25344,"accepted":0,"unsigned":0,"unknown_sender":0,"bad_signature":0,"replayed":0,"rate_limited":0,"verify_us_max":0,"floors":[]}
1791635188.080 {"t":"rec","node":25344,"up_ms":2322417,"settled":1,"sent":9276,"received":9248,"malformed":0,"views":32,"replies_fenced":0,"actors":[{"key":1245650351,"running":1,"term":7,"owner":25344,"owner_term":7,"assigned":254,"starts":1,"fenced":0,"released":0}]}
1791635188.080 {"t":"node","up_ms":2322446,"node":25344,"epoch":243,"peers_alive":3,"peers_dead":0,"no_radio":0,"free_dram":250031,"largest_block":172032,"rx":{"total":121624,"bad_frame":0,"unknown_peer":1760,"wrong_dst":0,"short_payload":0,"unknown_opcode":0,"queue_dropped":52},"tx":{"total":47886,"enqueue_err":0,"done_queue_dropped":0},"membership":{"deaths":15,"revivals":9,"reboots_seen":6,"table_full":0,"events_dropped":0}}
1791635188.080 {"t":"ns","node":25344,"hash":2410274060,"owner":25344,"kind":"sampled","unit":100,"class":4,"bound_ms":0,"quality":"GOOD","age_ms":437,"ts":2322049,"updates":220,"value":243}
1791635188.080 {"t":"ns","node":25344,"hash":1274253983,"owner":25344,"kind":"sampled","unit":0,"class":4,"bound_ms":5000,"quality":"GOOD","age_ms":452,"ts":2322049,"updates":220,"value":-27}
1791635188.080 {"t":"ns","node":25344,"hash":3354298913,"owner":25344,"kind":"sampled","unit":100,"class":4,"bound_ms":5000,"quality":"GOOD","age_ms":466,"ts":2322049,"updates":220,"value":3}
1791635188.080 {"t":"ns","node":25344,"hash":1771187623,"owner":25344,"kind":"sampled","unit":101,"class":4,"bound_ms":30000,"quality":"GOOD","age_ms":481,"ts":2322048,"updates":220,"value":250031}
1791635188.080 {"t":"ns","node":25344,"hash":1245650351,"owner":25344,"kind":"sampled","unit":0,"class":3,"bound_ms":500,"quality":"GOOD","age_ms":0,"ts":2322576,"updates":23081,"value":1660967465}
1791635188.080 {"t":"ns","node":25344,"hash":2033492666,"owner":25344,"kind":"sampled","unit":0,"class":3,"bound_ms":0,"quality":"NO_DATA","age_ms":0,"ts":0,"updates":0,"value":null}
1791635188.080 {"t":"ns","node":25344,"hash":4103947588,"owner":25344,"kind":"sampled","unit":80,"class":4,"bound_ms":30000,"quality":"GOOD","age_ms":555,"ts":2322049,"updates":220,"value":2322}
1791635188.080 {"t":"ns","node":25344,"hash":1662441583,"owner":25344,"kind":"sampled","unit":101,"class":4,"bound_ms":30000,"quality":"GOOD","age_ms":570,"ts":2322048,"updates":220,"value":172032}
1791635198.255 {"t":"clk","node":25344,"up_ms":2332633}
1791635198.255 {"t":"led","node":25344,"shows":"green","app":0}
1791635198.255 {"t":"event","at_ms":2322928,"node":25344,"kind":"peer_admitted","peer":33120,"slot":1,"a":0,"b":0}
1791635198.255 {"t":"event","at_ms":2323369,"node":25344,"kind":"peer_admitted","peer":29544,"slot":0,"a":0,"b":0}
1791635198.255 {"t":"event","at_ms":2324928,"node":25344,"kind":"peer_admitted","peer":33120,"slot":1,"a":0,"b":0}
1791635198.255 {"t":"event","at_ms":2325372,"node":25344,"kind":"peer_admitted","peer":29544,"slot":0,"a":0,"b":0}
1791635198.255 {"t":"event","at_ms":2326928,"node":25344,"kind":"peer_admitted","peer":33120,"slot":1,"a":0,"b":0}
1791635198.255 {"t":"event","at_ms":2327372,"node":25344,"kind":"peer_admitted","peer":29544,"slot":0,"a":0,"b":0}
1791635198.255 {"t":"event","at_ms":2328930,"node":25344,"kind":"peer_admitted","peer":33120,"slot":1,"a":0,"b":0}
1791635198.255 {"t":"event","at_ms":2329370,"node":25344,"kind":"peer_admitted","peer":29544,"slot":0,"a":0,"b":0}
1791635198.255 {"t":"event","at_ms":2330928,"node":25344,"kind":"peer_admitted","peer":33120,"slot":1,"a":0,"b":0}
1791635198.255 {"t":"event","at_ms":2331369,"node":25344,"kind":"peer_admitted","peer":29544,"slot":0,"a":0,"b":0}
1791635198.255 {"t":"link","up_ms":2332718,"node":25344,"peer":29544,"mac":"b8:1f:3f:da:73:68","state":"alive","epoch":171,"espnow_ver":2,"mtu":1446,"misses":0,"rssi":-27,"tx":{"frames":8598,"cb_ok":8592,"cb_fail":6,"enqueue_err":0,"pdr_ppm":999302},"rx":{"frames":33565,"lost_seqgap":4,"reorder_dup":0,"dropped_bad":0,"hb_lost":87,"bcast_frames":23184,"pdr_ppm":999880},"rtt":{"samples":811,"min_us":5288,"max_us":60171,"timeouts":2,"txq_last_us":2928,"txq_max_us":17589,"remote_turnaround_us":796,"remote_turnaround_max_us":23127,"p50_us":[4000,6000],"p99_us":[16000,22000],"hist":[0,0,0,0,583,152,32,23,13,3,3,1,1,0,0,0]}}
1791635198.255 {"t":"link","up_ms":2332772,"node":25344,"peer":33120,"mac":"b8:1f:3f:da:81:60","state":"alive","epoch":290,"espnow_ver":2,"mtu":1446,"misses":0,"rssi":-20,"tx":{"frames":9461,"cb_ok":9368,"cb_fail":93,"enqueue_err":0,"pdr_ppm":990170},"rx":{"frames":31360,"lost_seqgap":2,"reorder_dup":0,"dropped_bad":0,"hb_lost":47,"bcast_frames":20640,"pdr_ppm":999936},"rtt":{"samples":726,"min_us":5586,"max_us":91087,"timeouts":86,"txq_last_us":2894,"txq_max_us":18251,"remote_turnaround_us":852,"remote_turnaround_max_us":79862,"p50_us":[4000,6000],"p99_us":[22000,30000],"hist":[0,0,0,0,448,194,41,18,15,5,2,2,0,1,0,0]}}
1791635198.255 {"t":"link","up_ms":2332827,"node":25344,"peer":254,"mac":"02:00:00:00:00:fe","state":"alive","epoch":0,"espnow_ver":0,"mtu":226,"misses":0,"rssi":0,"tx":{"frames":5607,"cb_ok":0,"cb_fail":0,"enqueue_err":0,"pdr_ppm":null},"rx":{"frames":9906,"lost_seqgap":0,"reorder_dup":5715,"dropped_bad":0,"hb_lost":0,"bcast_frames":0,"pdr_ppm":1000000},"rtt":{"samples":210,"min_us":8375,"max_us":100539,"timeouts":494,"txq_last_us":0,"txq_max_us":0,"remote_turnaround_us":14,"remote_turnaround_max_us":27,"p50_us":[42000,60000],"p99_us":[85000,110000],"hist":[0,0,0,0,0,0,5,5,6,15,6,121,36,16,0,0]}}
1791635198.255 {"t":"auth","node":25344,"up_ms":2332881,"enrolled":1,"required":1,"verified_peers":2,"verified":13,"cache_hits":2225,"refused":0,"rate_limited":0,"stale_epoch":0,"verify_us_max":85170,"link_stack_free_b":804,"crypto_stack_free_b":1220,"tags_ok":18865,"bad_tag":0,"replayed":3,"untagged":0,"bcast_dropped":0,"beacon_epoch_ignored":0,"tag_us_max":1157}
1791635198.255 {"t":"act","node":25344,"setpoint":0,"has_value":0,"writes_served":0}
1791635198.255 {"t":"peers","node":25344,"own_period_ms":100,"own_busy":0,"channel":1,"scanning":0,"scans":0,"hops":10,"found":0,"lost_to_found_ms":0,"moves_followed":0,"moves_refused":0,"sweeps":1,"sweep_found":0,"sweeping":0,"search_visits":1,"relay":0,"fwd_u":0,"fwd_b":0,"fwd_h":0,"relay_dup":21497,"list":[{"id":29544,"state":"alive","via_relay":0,"period_ms":100,"misses":6,"busy":1,"rtt_n":812},{"id":33120,"state":"alive","via_relay":0,"period_ms":100,"misses":6,"busy":0,"rtt_n":726},{"id":254,"state":"alive","via_relay":0,"period_ms":100,"misses":6,"busy":0,"rtt_n":210}]}
1791635198.255 {"t":"ss","node":25344,"accepted":0,"unsigned":0,"unknown_sender":0,"bad_signature":0,"replayed":0,"rate_limited":0,"verify_us_max":0,"floors":[]}
1791635198.638 {"t":"rec","node":25344,"up_ms":2333013,"settled":1,"sent":9317,"received":9291,"malformed":0,"views":32,"replies_fenced":0,"actors":[{"key":1245650351,"running":1,"term":7,"owner":25344,"owner_term":7,"assigned":254,"starts":1,"fenced":0,"released":0}]}
1791635198.638 {"t":"node","up_ms":2333029,"node":25344,"epoch":243,"peers_alive":3,"peers_dead":0,"no_radio":0,"free_dram":250031,"largest_block":172032,"rx":{"total":122339,"bad_frame":0,"unknown_peer":1760,"wrong_dst":0,"short_payload":0,"unknown_opcode":0,"queue_dropped":52},"tx":{"total":48169,"enqueue_err":0,"done_queue_dropped":0},"membership":{"deaths":15,"revivals":9,"reboots_seen":6,"table_full":0,"events_dropped":0}}
1791635198.638 {"t":"ns","node":25344,"hash":2410274060,"owner":25344,"kind":"sampled","unit":100,"class":4,"bound_ms":0,"quality":"GOOD","age_ms":434,"ts":2332635,"updates":221,"value":243}
1791635198.638 {"t":"ns","node":25344,"hash":1274253983,"owner":25344,"kind":"sampled","unit":0,"class":4,"bound_ms":5000,"quality":"GOOD","age_ms":448,"ts":2332635,"updates":221,"value":-27}
1791635198.638 {"t":"ns","node":25344,"hash":3354298913,"owner":25344,"kind":"sampled","unit":100,"class":4,"bound_ms":5000,"quality":"GOOD","age_ms":462,"ts":2332635,"updates":221,"value":3}
1791635198.638 {"t":"ns","node":25344,"hash":1771187623,"owner":25344,"kind":"sampled","unit":101,"class":4,"bound_ms":30000,"quality":"GOOD","age_ms":477,"ts":2332634,"updates":221,"value":250031}
1791635198.638 {"t":"ns","node":25344,"hash":1245650351,"owner":25344,"kind":"sampled","unit":0,"class":3,"bound_ms":500,"quality":"GOOD","age_ms":81,"ts":2333044,"updates":23179,"value":1660967563}
1791635198.638 {"t":"ns","node":25344,"hash":2033492666,"owner":25344,"kind":"sampled","unit":0,"class":3,"bound_ms":0,"quality":"NO_DATA","age_ms":0,"ts":0,"updates":0,"value":null}
1791635198.638 {"t":"ns","node":25344,"hash":4103947588,"owner":25344,"kind":"sampled","unit":80,"class":4,"bound_ms":30000,"quality":"GOOD","age_ms":529,"ts":2332635,"updates":221,"value":2332}
1791635198.638 {"t":"ns","node":25344,"hash":1662441583,"owner":25344,"kind":"sampled","unit":101,"class":4,"bound_ms":30000,"quality":"GOOD","age_ms":545,"ts":2332634,"updates":221,"value":172032}
1791635208.814 {"t":"clk","node":25344,"up_ms":2343193}
1791635208.814 {"t":"led","node":25344,"shows":"green","app":0}
1791635208.814 {"t":"event","at_ms":2332946,"node":25344,"kind":"peer_admitted","peer":33120,"slot":1,"a":0,"b":0}
1791635208.814 {"t":"event","at_ms":2333370,"node":25344,"kind":"peer_admitted","peer":29544,"slot":0,"a":0,"b":0}
1791635208.814 {"t":"event","at_ms":2334928,"node":25344,"kind":"peer_admitted","peer":33120,"slot":1,"a":0,"b":0}
1791635208.814 {"t":"event","at_ms":2335369,"node":25344,"kind":"peer_admitted","peer":29544,"slot":0,"a":0,"b":0}
1791635208.814 {"t":"event","at_ms":2336928,"node":25344,"kind":"peer_admitted","peer":33120,"slot":1,"a":0,"b":0}
1791635208.814 {"t":"event","at_ms":2337370,"node":25344,"kind":"peer_admitted","peer":29544,"slot":0,"a":0,"b":0}
1791635208.814 {"t":"event","at_ms":2338928,"node":25344,"kind":"peer_admitted","peer":33120,"slot":1,"a":0,"b":0}
1791635208.814 {"t":"event","at_ms":2339369,"node":25344,"kind":"peer_admitted","peer":29544,"slot":0,"a":0,"b":0}
1791635208.814 {"t":"event","at_ms":2340928,"node":25344,"kind":"peer_admitted","peer":33120,"slot":1,"a":0,"b":0}
1791635208.814 {"t":"event","at_ms":2341369,"node":25344,"kind":"peer_admitted","peer":29544,"slot":0,"a":0,"b":0}
1791635208.814 {"t":"event","at_ms":2342928,"node":25344,"kind":"peer_admitted","peer":33120,"slot":1,"a":0,"b":0}
1791635208.814 {"t":"link","up_ms":2343321,"node":25344,"peer":29544,"mac":"b8:1f:3f:da:73:68","state":"alive","epoch":171,"espnow_ver":2,"mtu":1446,"misses":0,"rssi":-27,"tx":{"frames":8626,"cb_ok":8620,"cb_fail":6,"enqueue_err":0,"pdr_ppm":999304},"rx":{"frames":33711,"lost_seqgap":4,"reorder_dup":0,"dropped_bad":0,"hb_lost":87,"bcast_frames":23290,"pdr_ppm":999881},"rtt":{"samples":815,"min_us":5288,"max_us":60171,"timeouts":2,"txq_last_us":2834,"txq_max_us":17589,"remote_turnaround_us":860,"remote_turnaround_max_us":23127,"p50_us":[4000,6000],"p99_us":[16000,22000],"hist":[0,0,0,0,585,152,33,24,13,3,3,1,1,0,0,0]}}
1791635208.814 {"t":"link","up_ms":2343364,"node":25344,"peer":33120,"mac":"b8:1f:3f:da:81:60","state":"alive","epoch":290,"espnow_ver":2,"mtu":1446,"misses":0,"rssi":-21,"tx":{"frames":9490,"cb_ok":9397,"cb_fail":93,"enqueue_err":0,"pdr_ppm":990200},"rx":{"frames":31508,"lost_seqgap":2,"reorder_dup":0,"dropped_bad":0,"hb_lost":47,"bcast_frames":20746,"pdr_ppm":999936},"rtt":{"samples":730,"min_us":5586,"max_us":91087,"timeouts":86,"txq_last_us":2894,"txq_max_us":18251,"remote_turnaround_us":1017,"remote_turnaround_max_us":79862,"p50_us":[4000,6000],"p99_us":[22000,30000],"hist":[0,0,0,0,450,196,41,18,15,5,2,2,0,1,0,0]}}
1791635208.814 {"t":"link","up_ms":2343419,"node":25344,"peer":254,"mac":"02:00:00:00:00:fe","state":"alive","epoch":0,"espnow_ver":0,"mtu":226,"misses":0,"rssi":0,"tx":{"frames":5722,"cb_ok":0,"cb_fail":0,"enqueue_err":0,"pdr_ppm":null},"rx":{"frames":10105,"lost_seqgap":0,"reorder_dup":5715,"dropped_bad":0,"hb_lost":0,"bcast_frames":0,"pdr_ppm":1000000},"rtt":{"samples":213,"min_us":8375,"max_us":100539,"timeouts":494,"txq_last_us":0,"txq_max_us":0,"remote_turnaround_us":14,"remote_turnaround_max_us":27,"p50_us":[42000,60000],"p99_us":[85000,110000],"hist":[0,0,0,0,0,0,5,5,6,15,6,124,36,16,0,0]}}
1791635208.814 {"t":"auth","node":25344,"up_ms":2343473,"enrolled":1,"required":1,"verified_peers":2,"verified":13,"cache_hits":2237,"refused":0,"rate_limited":0,"stale_epoch":0,"verify_us_max":85170,"link_stack_free_b":804,"crypto_stack_free_b":1220,"tags_ok":18936,"bad_tag":0,"replayed":3,"untagged":0,"bcast_dropped":0,"beacon_epoch_ignored":0,"tag_us_max":1157}
1791635208.814 {"t":"act","node":25344,"setpoint":0,"has_value":0,"writes_served":0}
1791635208.814 {"t":"peers","node":25344,"own_period_ms":100,"own_busy":0,"channel":1,"scanning":0,"scans":0,"hops":10,"found":0,"lost_to_found_ms":0,"moves_followed":0,"moves_refused":0,"sweeps":1,"sweep_found":0,"sweeping":0,"search_visits":1,"relay":0,"fwd_u":0,"fwd_b":0,"fwd_h":0,"relay_dup":21610,"list":[{"id":29544,"state":"alive","via_relay":0,"period_ms":100,"misses":6,"busy":1,"rtt_n":815},{"id":33120,"state":"alive","via_relay":0,"period_ms":100,"misses":6,"busy":0,"rtt_n":730},{"id":254,"state":"alive","via_relay":0,"period_ms":100,"misses":6,"busy":0,"rtt_n":213}]}
1791635209.231 {"t":"ss","node":25344,"accepted":0,"unsigned":0,"unknown_sender":0,"bad_signature":0,"replayed":0,"rate_limited":0,"verify_us_max":0,"floors":[]}
1791635209.231 {"t":"rec","node":25344,"up_ms":2343569,"settled":1,"sent":9358,"received":9333,"malformed":0,"views":32,"replies_fenced":0,"actors":[{"key":1245650351,"running":1,"term":7,"owner":25344,"owner_term":7,"assigned":254,"starts":1,"fenced":0,"released":0}]}
1791635209.231 {"t":"node","up_ms":2343595,"node":25344,"epoch":243,"peers_alive":3,"peers_dead":0,"no_radio":0,"free_dram":250031,"largest_block":172032,"rx":{"total":123048,"bad_frame":0,"unknown_peer":1760,"wrong_dst":0,"short_payload":0,"unknown_opcode":0,"queue_dropped":52},"tx":{"total":48449,"enqueue_err":0,"done_queue_dropped":0},"membership":{"deaths":15,"revivals":9,"reboots_seen":6,"table_full":0,"events_dropped":0}}
1791635209.231 {"t":"ns","node":25344,"hash":2410274060,"owner":25344,"kind":"sampled","unit":100,"class":4,"bound_ms":0,"quality":"GOOD","age_ms":434,"ts":2343195,"updates":222,"value":243}
1791635209.231 {"t":"ns","node":25344,"hash":1274253983,"owner":25344,"kind":"sampled","unit":0,"class":4,"bound_ms":5000,"quality":"GOOD","age_ms":449,"ts":2343195,"updates":222,"value":-27}
1791635209.231 {"t":"ns","node":25344,"hash":3354298913,"owner":25344,"kind":"sampled","unit":100,"class":4,"bound_ms":5000,"quality":"GOOD","age_ms":463,"ts":2343195,"updates":222,"value":3}
1791635209.231 {"t":"ns","node":25344,"hash":1771187623,"owner":25344,"kind":"sampled","unit":101,"class":4,"bound_ms":30000,"quality":"GOOD","age_ms":489,"ts":2343194,"updates":222,"value":250031}
1791635209.231 {"t":"ns","node":25344,"hash":1245650351,"owner":25344,"kind":"sampled","unit":0,"class":3,"bound_ms":500,"quality":"GOOD","age_ms":120,"ts":2343606,"updates":23277,"value":1660967661}
1791635209.231 {"t":"ns","node":25344,"hash":2033492666,"owner":25344,"kind":"sampled","unit":0,"class":3,"bound_ms":0,"quality":"NO_DATA","age_ms":0,"ts":0,"updates":0,"value":null}
1791635209.231 {"t":"ns","node":25344,"hash":4103947588,"owner":25344,"kind":"sampled","unit":80,"class":4,"bound_ms":30000,"quality":"GOOD","age_ms":561,"ts":2343194,"updates":222,"value":2343}
1791635209.231 {"t":"ns","node":25344,"hash":1662441583,"owner":25344,"kind":"sampled","unit":101,"class":4,"bound_ms":30000,"quality":"GOOD","age_ms":575,"ts":2343194,"updates":222,"value":172032}
1791635219.402 {"t":"clk","node":25344,"up_ms":2353784}
1791635219.402 {"t":"led","node":25344,"shows":"green","app":0}
1791635219.402 {"t":"event","at_ms":2343374,"node":25344,"kind":"peer_admitted","peer":29544,"slot":0,"a":0,"b":0}
1791635219.402 {"t":"event","at_ms":2344928,"node":25344,"kind":"peer_admitted","peer":33120,"slot":1,"a":0,"b":0}
1791635219.402 {"t":"event","at_ms":2345370,"node":25344,"kind":"peer_admitted","peer":29544,"slot":0,"a":0,"b":0}
1791635219.402 {"t":"event","at_ms":2346931,"node":25344,"kind":"peer_admitted","peer":33120,"slot":1,"a":0,"b":0}
1791635219.402 {"t":"event","at_ms":2347373,"node":25344,"kind":"peer_admitted","peer":29544,"slot":0,"a":0,"b":0}
1791635219.402 {"t":"event","at_ms":2348929,"node":25344,"kind":"peer_admitted","peer":33120,"slot":1,"a":0,"b":0}
1791635219.402 {"t":"event","at_ms":2349370,"node":25344,"kind":"peer_admitted","peer":29544,"slot":0,"a":0,"b":0}
1791635219.402 {"t":"event","at_ms":2350932,"node":25344,"kind":"peer_admitted","peer":33120,"slot":1,"a":0,"b":0}
1791635219.402 {"t":"event","at_ms":2351371,"node":25344,"kind":"peer_admitted","peer":29544,"slot":0,"a":0,"b":0}
1791635219.402 {"t":"event","at_ms":2352928,"node":25344,"kind":"peer_admitted","peer":33120,"slot":1,"a":0,"b":0}
1791635219.402 {"t":"event","at_ms":2353370,"node":25344,"kind":"peer_admitted","peer":29544,"slot":0,"a":0,"b":0}
1791635219.402 {"t":"link","up_ms":2353883,"node":25344,"peer":29544,"mac":"b8:1f:3f:da:73:68","state":"alive","epoch":171,"espnow_ver":2,"mtu":1446,"misses":0,"rssi":-27,"tx":{"frames":8653,"cb_ok":8647,"cb_fail":6,"enqueue_err":0,"pdr_ppm":999306},"rx":{"frames":33858,"lost_seqgap":4,"reorder_dup":0,"dropped_bad":0,"hb_lost":87,"bcast_frames":23396,"pdr_ppm":999881},"rtt":{"samples":818,"min_us":5288,"max_us":60171,"timeouts":2,"txq_last_us":2774,"txq_max_us":17589,"remote_turnaround_us":832,"remote_turnaround_max_us":23127,"p50_us":[4000,6000],"p99_us":[16000,22000],"hist":[0,0,0,0,587,152,34,24,13,3,3,1,1,0,0,0]}}
1791635219.402 {"t":"link","up_ms":2353937,"node":25344,"peer":33120,"mac":"b8:1f:3f:da:81:60","state":"alive","epoch":290,"espnow_ver":2,"mtu":1446,"misses":0,"rssi":-21,"tx":{"frames":9517,"cb_ok":9424,"cb_fail":93,"enqueue_err":0,"pdr_ppm":990228},"rx":{"frames":31655,"lost_seqgap":2,"reorder_dup":0,"dropped_bad":0,"hb_lost":47,"bcast_frames":20852,"pdr_ppm":999936},"rtt":{"samples":733,"min_us":5586,"max_us":91087,"timeouts":86,"txq_last_us":2812,"txq_max_us":18251,"remote_turnaround_us":971,"remote_turnaround_max_us":79862,"p50_us":[4000,6000],"p99_us":[22000,30000],"hist":[0,0,0,0,451,198,41,18,15,5,2,2,0,1,0,0]}}
1791635219.402 {"t":"link","up_ms":2353992,"node":25344,"peer":254,"mac":"02:00:00:00:00:fe","state":"alive","epoch":0,"espnow_ver":0,"mtu":226,"misses":0,"rssi":0,"tx":{"frames":5838,"cb_ok":0,"cb_fail":0,"enqueue_err":0,"pdr_ppm":null},"rx":{"frames":10305,"lost_seqgap":0,"reorder_dup":5715,"dropped_bad":0,"hb_lost":0,"bcast_frames":0,"pdr_ppm":1000000},"rtt":{"samples":217,"min_us":8375,"max_us":100539,"timeouts":494,"txq_last_us":0,"txq_max_us":0,"remote_turnaround_us":15,"remote_turnaround_max_us":27,"p50_us":[42000,60000],"p99_us":[85000,110000],"hist":[0,0,0,0,0,0,5,6,6,15,6,127,36,16,0,0]}}
1791635219.402 {"t":"auth","node":25344,"up_ms":2354035,"enrolled":1,"required":1,"verified_peers":2,"verified":13,"cache_hits":2247,"refused":0,"rate_limited":0,"stale_epoch":0,"verify_us_max":85170,"link_stack_free_b":804,"crypto_stack_free_b":1220,"tags_ok":19006,"bad_tag":0,"replayed":3,"untagged":0,"bcast_dropped":0,"beacon_epoch_ignored":0,"tag_us_max":1179}
1791635219.402 {"t":"act","node":25344,"setpoint":0,"has_value":0,"writes_served":0}
1791635219.402 {"t":"peers","node":25344,"own_period_ms":100,"own_busy":0,"channel":1,"scanning":0,"scans":0,"hops":10,"found":0,"lost_to_found_ms":0,"moves_followed":0,"moves_refused":0,"sweeps":1,"sweep_found":0,"sweeping":0,"search_visits":1,"relay":0,"fwd_u":0,"fwd_b":0,"fwd_h":0,"relay_dup":21719,"list":[{"id":29544,"state":"alive","via_relay":0,"period_ms":100,"misses":6,"busy":1,"rtt_n":819},{"id":33120,"state":"alive","via_relay":0,"period_ms":100,"misses":6,"busy":0,"rtt_n":733},{"id":254,"state":"alive","via_relay":0,"period_ms":100,"misses":6,"busy":0,"rtt_n":217}]}
1791635219.795 {"t":"ss","node":25344,"accepted":0,"unsigned":0,"unknown_sender":0,"bad_signature":0,"replayed":0,"rate_limited":0,"verify_us_max":0,"floors":[]}
1791635219.795 {"t":"rec","node":25344,"up_ms":2354157,"settled":1,"sent":9399,"received":9375,"malformed":0,"views":32,"replies_fenced":0,"actors":[{"key":1245650351,"running":1,"term":7,"owner":25344,"owner_term":7,"assigned":254,"starts":1,"fenced":0,"released":0}]}
1791635219.795 {"t":"node","up_ms":2354188,"node":25344,"epoch":243,"peers_alive":3,"peers_dead":0,"no_radio":0,"free_dram":250031,"largest_block":172032,"rx":{"total":123765,"bad_frame":0,"unknown_peer":1760,"wrong_dst":0,"short_payload":0,"unknown_opcode":0,"queue_dropped":52},"tx":{"total":48732,"enqueue_err":0,"done_queue_dropped":0},"membership":{"deaths":15,"revivals":9,"reboots_seen":6,"table_full":0,"events_dropped":0}}
1791635219.795 {"t":"ns","node":25344,"hash":2410274060,"owner":25344,"kind":"sampled","unit":100,"class":4,"bound_ms":0,"quality":"GOOD","age_ms":431,"ts":2353786,"updates":223,"value":243}
1791635219.795 {"t":"ns","node":25344,"hash":1274253983,"owner":25344,"kind":"sampled","unit":0,"class":4,"bound_ms":5000,"quality":"GOOD","age_ms":446,"ts":2353786,"updates":223,"value":-27}
1791635219.795 {"t":"ns","node":25344,"hash":3354298913,"owner":25344,"kind":"sampled","unit":100,"class":4,"bound_ms":5000,"quality":"GOOD","age_ms":460,"ts":2353786,"updates":223,"value":3}
1791635219.795 {"t":"ns","node":25344,"hash":1771187623,"owner":25344,"kind":"sampled","unit":101,"class":4,"bound_ms":30000,"quality":"GOOD","age_ms":486,"ts":2353785,"updates":223,"value":250031}
1791635219.795 {"t":"ns","node":25344,"hash":1245650351,"owner":25344,"kind":"sampled","unit":0,"class":3,"bound_ms":500,"quality":"GOOD","age_ms":78,"ts":2354208,"updates":23377,"value":1660967761}
1791635219.795 {"t":"ns","node":25344,"hash":2033492666,"owner":25344,"kind":"sampled","unit":0,"class":3,"bound_ms":0,"quality":"NO_DATA","age_ms":0,"ts":0,"updates":0,"value":null}
1791635219.795 {"t":"ns","node":25344,"hash":4103947588,"owner":25344,"kind":"sampled","unit":80,"class":4,"bound_ms":30000,"quality":"GOOD","age_ms":529,"ts":2353785,"updates":223,"value":2353}
1791635219.795 {"t":"ns","node":25344,"hash":1662441583,"owner":25344,"kind":"sampled","unit":101,"class":4,"bound_ms":30000,"quality":"GOOD","age_ms":543,"ts":2353785,"updates":223,"value":172032}
1791635229.967 {"t":"clk","node":25344,"up_ms":2364343}
1791635229.967 {"t":"led","node":25344,"shows":"green","app":0}
1791635229.967 {"t":"event","at_ms":2354960,"node":25344,"kind":"peer_admitted","peer":33120,"slot":1,"a":0,"b":0}
1791635229.967 {"t":"event","at_ms":2355399,"node":25344,"kind":"peer_admitted","peer":29544,"slot":0,"a":0,"b":0}
1791635229.967 {"t":"event","at_ms":2356928,"node":25344,"kind":"peer_admitted","peer":33120,"slot":1,"a":0,"b":0}
1791635229.967 {"t":"event","at_ms":2357370,"node":25344,"kind":"peer_admitted","peer":29544,"slot":0,"a":0,"b":0}
1791635229.967 {"t":"event","at_ms":2358928,"node":25344,"kind":"peer_admitted","peer":33120,"slot":1,"a":0,"b":0}
1791635229.967 {"t":"event","at_ms":2359370,"node":25344,"kind":"peer_admitted","peer":29544,"slot":0,"a":0,"b":0}
1791635229.967 {"t":"event","at_ms":2360928,"node":25344,"kind":"peer_admitted","peer":33120,"slot":1,"a":0,"b":0}
1791635229.967 {"t":"event","at_ms":2361370,"node":25344,"kind":"peer_admitted","peer":29544,"slot":0,"a":0,"b":0}
1791635229.967 {"t":"event","at_ms":2362928,"node":25344,"kind":"peer_admitted","peer":33120,"slot":1,"a":0,"b":0}
1791635229.967 {"t":"event","at_ms":2363371,"node":25344,"kind":"peer_admitted","peer":29544,"slot":0,"a":0,"b":0}
1791635229.967 {"t":"link","up_ms":2364429,"node":25344,"peer":29544,"mac":"b8:1f:3f:da:73:68","state":"alive","epoch":171,"espnow_ver":2,"mtu":1446,"misses":0,"rssi":-27,"tx":{"frames":8682,"cb_ok":8676,"cb_fail":6,"enqueue_err":0,"pdr_ppm":999308},"rx":{"frames":34004,"lost_seqgap":4,"reorder_dup":0,"dropped_bad":0,"hb_lost":88,"bcast_frames":23500,"pdr_ppm":999882},"rtt":{"samples":822,"min_us":5288,"max_us":60171,"timeouts":2,"txq_last_us":3568,"txq_max_us":17589,"remote_turnaround_us":874,"remote_turnaround_max_us":23127,"p50_us":[4000,6000],"p99_us":[22000,30000],"hist":[0,0,0,0,590,152,34,24,13,4,3,1,1,0,0,0]}}
1791635229.967 {"t":"link","up_ms":2364516,"node":25344,"peer":33120,"mac":"b8:1f:3f:da:81:60","state":"alive","epoch":290,"espnow_ver":2,"mtu":1446,"misses":0,"rssi":-21,"tx":{"frames":9545,"cb_ok":9452,"cb_fail":93,"enqueue_err":0,"pdr_ppm":990256},"rx":{"frames":31801,"lost_seqgap":2,"reorder_dup":0,"dropped_bad":0,"hb_lost":47,"bcast_frames":20958,"pdr_ppm":999937},"rtt":{"samples":737,"min_us":5586,"max_us":91087,"timeouts":86,"txq_last_us":3456,"txq_max_us":18251,"remote_turnaround_us":862,"remote_turnaround_max_us":79862,"p50_us":[4000,6000],"p99_us":[22000,30000],"hist":[0,0,0,0,453,200,41,18,15,5,2,2,0,1,0,0]}}
1791635229.967 {"t":"link","up_ms":2364570,"node":25344,"peer":254,"mac":"02:00:00:00:00:fe","state":"alive","epoch":0,"espnow_ver":0,"mtu":226,"misses":0,"rssi":0,"tx":{"frames":5952,"cb_ok":0,"cb_fail":0,"enqueue_err":0,"pdr_ppm":null},"rx":{"frames":10504,"lost_seqgap":0,"reorder_dup":5715,"dropped_bad":0,"hb_lost":0,"bcast_frames":0,"pdr_ppm":1000000},"rtt":{"samples":220,"min_us":8375,"max_us":100539,"timeouts":494,"txq_last_us":0,"txq_max_us":0,"remote_turnaround_us":14,"remote_turnaround_max_us":27,"p50_us":[42000,60000],"p99_us":[85000,110000],"hist":[0,0,0,0,0,0,5,6,6,15,6,130,36,16,0,0]}}
1791635229.967 {"t":"auth","node":25344,"up_ms":2364613,"enrolled":1,"required":1,"verified_peers":2,"verified":13,"cache_hits":2257,"refused":0,"rate_limited":0,"stale_epoch":0,"verify_us_max":85170,"link_stack_free_b":804,"crypto_stack_free_b":1220,"tags_ok":19077,"bad_tag":0,"replayed":3,"untagged":0,"bcast_dropped":0,"beacon_epoch_ignored":0,"tag_us_max":1179}
1791635229.967 {"t":"act","node":25344,"setpoint":0,"has_value":0,"writes_served":0}
1791635229.967 {"t":"peers","node":25344,"own_period_ms":100,"own_busy":0,"channel":1,"scanning":0,"scans":0,"hops":10,"found":0,"lost_to_found_ms":0,"moves_followed":0,"moves_refused":0,"sweeps":1,"sweep_found":0,"sweeping":0,"search_visits":1,"relay":0,"fwd_u":0,"fwd_b":0,"fwd_h":0,"relay_dup":21829,"list":[{"id":29544,"state":"alive","via_relay":0,"period_ms":100,"misses":6,"busy":1,"rtt_n":822},{"id":33120,"state":"alive","via_relay":0,"period_ms":100,"misses":6,"busy":0,"rtt_n":737},{"id":254,"state":"alive","via_relay":0,"period_ms":100,"misses":6,"busy":0,"rtt_n":220}]}
1791635229.967 {"t":"ss","node":25344,"accepted":0,"unsigned":0,"unknown_sender":0,"bad_signature":0,"replayed":0,"rate_limited":0,"verify_us_max":0,"floors":[]}
1791635230.363 {"t":"rec","node":25344,"up_ms":2364725,"settled":1,"sent":9440,"received":9417,"malformed":0,"views":32,"replies_fenced":0,"actors":[{"key":1245650351,"running":1,"term":7,"owner":25344,"owner_term":7,"assigned":254,"starts":1,"fenced":0,"released":0}]}
1791635230.363 {"t":"node","up_ms":2364741,"node":25344,"epoch":243,"peers_alive":3,"peers_dead":0,"no_radio":0,"free_dram":250031,"largest_block":172032,"rx":{"total":124471,"bad_frame":0,"unknown_peer":1760,"wrong_dst":0,"short_payload":0,"unknown_opcode":0,"queue_dropped":52},"tx":{"total":49012,"enqueue_err":0,"done_queue_dropped":0},"membership":{"deaths":15,"revivals":9,"reboots_seen":6,"table_full":0,"events_dropped":0}}
1791635230.363 {"t":"ns","node":25344,"hash":2410274060,"owner":25344,"kind":"sampled","unit":100,"class":4,"bound_ms":0,"quality":"GOOD","age_ms":439,"ts":2364345,"updates":224,"value":243}
1791635230.363 {"t":"ns","node":25344,"hash":1274253983,"owner":25344,"kind":"sampled","unit":0,"class":4,"bound_ms":5000,"quality":"GOOD","age_ms":454,"ts":2364345,"updates":224,"value":-27}
1791635230.363 {"t":"ns","node":25344,"hash":3354298913,"owner":25344,"kind":"sampled","unit":100,"class":4,"bound_ms":5000,"quality":"GOOD","age_ms":468,"ts":2364345,"updates":224,"value":3}
1791635230.363 {"t":"ns","node":25344,"hash":1771187623,"owner":25344,"kind":"sampled","unit":101,"class":4,"bound_ms":30000,"quality":"GOOD","age_ms":482,"ts":2364345,"updates":224,"value":250031}
1791635230.363 {"t":"ns","node":25344,"hash":1245650351,"owner":25344,"kind":"sampled","unit":0,"class":3,"bound_ms":500,"quality":"GOOD","age_ms":57,"ts":2364784,"updates":23476,"value":1660967860}
1791635230.363 {"t":"ns","node":25344,"hash":2033492666,"owner":25344,"kind":"sampled","unit":0,"class":3,"bound_ms":0,"quality":"NO_DATA","age_ms":0,"ts":0,"updates":0,"value":null}
1791635230.363 {"t":"ns","node":25344,"hash":4103947588,"owner":25344,"kind":"sampled","unit":80,"class":4,"bound_ms":30000,"quality":"GOOD","age_ms":525,"ts":2364345,"updates":224,"value":2364}
1791635230.363 {"t":"ns","node":25344,"hash":1662441583,"owner":25344,"kind":"sampled","unit":101,"class":4,"bound_ms":30000,"quality":"GOOD","age_ms":539,"ts":2364345,"updates":224,"value":172032}
1791635240.541 {"t":"clk","node":25344,"up_ms":2374920}
1791635240.541 {"t":"led","node":25344,"shows":"green","app":0}
1791635240.541 {"t":"event","at_ms":2364928,"node":25344,"kind":"peer_admitted","peer":33120,"slot":1,"a":0,"b":0}
1791635240.541 {"t":"event","at_ms":2365370,"node":25344,"kind":"peer_admitted","peer":29544,"slot":0,"a":0,"b":0}
1791635240.541 {"t":"event","at_ms":2366928,"node":25344,"kind":"peer_admitted","peer":33120,"slot":1,"a":0,"b":0}
1791635240.541 {"t":"event","at_ms":2367370,"node":25344,"kind":"peer_admitted","peer":29544,"slot":0,"a":0,"b":0}
1791635240.541 {"t":"event","at_ms":2368928,"node":25344,"kind":"peer_admitted","peer":33120,"slot":1,"a":0,"b":0}
1791635240.541 {"t":"event","at_ms":2369369,"node":25344,"kind":"peer_admitted","peer":29544,"slot":0,"a":0,"b":0}
1791635240.541 {"t":"event","at_ms":2370928,"node":25344,"kind":"peer_admitted","peer":33120,"slot":1,"a":0,"b":0}
1791635240.541 {"t":"event","at_ms":2371370,"node":25344,"kind":"peer_admitted","peer":29544,"slot":0,"a":0,"b":0}
1791635240.541 {"t":"event","at_ms":2372928,"node":25344,"kind":"peer_admitted","peer":33120,"slot":1,"a":0,"b":0}
1791635240.541 {"t":"event","at_ms":2373371,"node":25344,"kind":"peer_admitted","peer":29544,"slot":0,"a":0,"b":0}
1791635240.541 {"t":"event","at_ms":2374929,"node":25344,"kind":"peer_admitted","peer":33120,"slot":1,"a":0,"b":0}
1791635240.541 {"t":"link","up_ms":2375013,"node":25344,"peer":29544,"mac":"b8:1f:3f:da:73:68","state":"alive","epoch":171,"espnow_ver":2,"mtu":1446,"misses":0,"rssi":-28,"tx":{"frames":8708,"cb_ok":8702,"cb_fail":6,"enqueue_err":0,"pdr_ppm":999310},"rx":{"frames":34148,"lost_seqgap":4,"reorder_dup":0,"dropped_bad":0,"hb_lost":89,"bcast_frames":23605,"pdr_ppm":999882},"rtt":{"samples":825,"min_us":5288,"max_us":60171,"timeouts":2,"txq_last_us":3568,"txq_max_us":17589,"remote_turnaround_us":838,"remote_turnaround_max_us":23127,"p50_us":[4000,6000],"p99_us":[22000,30000],"hist":[0,0,0,0,590,154,35,24,13,4,3,1,1,0,0,0]}}
1791635240.541 {"t":"link","up_ms":2375068,"node":25344,"peer":33120,"mac":"b8:1f:3f:da:81:60","state":"alive","epoch":290,"espnow_ver":2,"mtu":1446,"misses":0,"rssi":-21,"tx":{"frames":9573,"cb_ok":9480,"cb_fail":93,"enqueue_err":0,"pdr_ppm":990285},"rx":{"frames":31947,"lost_seqgap":2,"reorder_dup":0,"dropped_bad":0,"hb_lost":47,"bcast_frames":21063,"pdr_ppm":999937},"rtt":{"samples":740,"min_us":5586,"max_us":91087,"timeouts":86,"txq_last_us":3787,"txq_max_us":18251,"remote_turnaround_us":832,"remote_turnaround_max_us":79862,"p50_us":[4000,6000],"p99_us":[22000,30000],"hist":[0,0,0,0,453,203,41,18,15,5,2,2,0,1,0,0]}}
1791635240.541 {"t":"link","up_ms":2375123,"node":25344,"peer":254,"mac":"02:00:00:00:00:fe","state":"alive","epoch":0,"espnow_ver":0,"mtu":226,"misses":0,"rssi":0,"tx":{"frames":6068,"cb_ok":0,"cb_fail":0,"enqueue_err":0,"pdr_ppm":null},"rx":{"frames":10703,"lost_seqgap":0,"reorder_dup":5715,"dropped_bad":0,"hb_lost":0,"bcast_frames":0,"pdr_ppm":1000000},"rtt":{"samples":224,"min_us":8375,"max_us":100539,"timeouts":494,"txq_last_us":0,"txq_max_us":0,"remote_turnaround_us":14,"remote_turnaround_max_us":27,"p50_us":[42000,60000],"p99_us":[85000,110000],"hist":[0,0,0,0,0,0,5,6,6,15,6,132,37,17,0,0]}}
1791635240.541 {"t":"auth","node":25344,"up_ms":2375177,"enrolled":1,"required":1,"verified_peers":2,"verified":13,"cache_hits":2268,"refused":0,"rate_limited":0,"stale_epoch":0,"verify_us_max":85170,"link_stack_free_b":804,"crypto_stack_free_b":1220,"tags_ok":19147,"bad_tag":0,"replayed":3,"untagged":0,"bcast_dropped":0,"beacon_epoch_ignored":0,"tag_us_max":1179}
1791635240.541 {"t":"act","node":25344,"setpoint":0,"has_value":0,"writes_served":0}
1791635240.541 {"t":"peers","node":25344,"own_period_ms":100,"own_busy":0,"channel":1,"scanning":0,"scans":0,"hops":10,"found":0,"lost_to_found_ms":0,"moves_followed":0,"moves_refused":0,"sweeps":1,"sweep_found":0,"sweeping":0,"search_visits":1,"relay":0,"fwd_u":0,"fwd_b":0,"fwd_h":0,"relay_dup":21940,"list":[{"id":29544,"state":"alive","via_relay":0,"period_ms":100,"misses":6,"busy":1,"rtt_n":826},{"id":33120,"state":"alive","via_relay":0,"period_ms":100,"misses":6,"busy":0,"rtt_n":740},{"id":254,"state":"alive","via_relay":0,"period_ms":100,"misses":6,"busy":0,"rtt_n":224}]}
1791635240.949 {"t":"ss","node":25344,"accepted":0,"unsigned":0,"unknown_sender":0,"bad_signature":0,"replayed":0,"rate_limited":0,"verify_us_max":0,"floors":[]}
1791635240.949 {"t":"rec","node":25344,"up_ms":2375306,"settled":1,"sent":9480,"received":9459,"malformed":0,"views":32,"replies_fenced":0,"actors":[{"key":1245650351,"running":1,"term":7,"owner":25344,"owner_term":7,"assigned":254,"starts":1,"fenced":0,"released":0}]}
1791635240.949 {"t":"node","up_ms":2375334,"node":25344,"epoch":243,"peers_alive":3,"peers_dead":0,"no_radio":0,"free_dram":250031,"largest_block":172032,"rx":{"total":125184,"bad_frame":0,"unknown_peer":1760,"wrong_dst":0,"short_payload":0,"unknown_opcode":0,"queue_dropped":52},"tx":{"total":49294,"enqueue_err":0,"done_queue_dropped":0},"membership":{"deaths":15,"revivals":9,"reboots_seen":6,"table_full":0,"events_dropped":0}}
1791635240.949 {"t":"ns","node":25344,"hash":2410274060,"owner":25344,"kind":"sampled","unit":100,"class":4,"bound_ms":0,"quality":"GOOD","age_ms":442,"ts":2374922,"updates":225,"value":243}
1791635240.949 {"t":"ns","node":25344,"hash":1274253983,"owner":25344,"kind":"sampled","unit":0,"class":4,"bound_ms":5000,"quality":"GOOD","age_ms":456,"ts":2374922,"updates":225,"value":-27}
1791635240.949 {"t":"ns","node":25344,"hash":3354298913,"owner":25344,"kind":"sampled","unit":100,"class":4,"bound_ms":5000,"quality":"GOOD","age_ms":470,"ts":2374922,"updates":225,"value":3}
1791635240.949 {"t":"ns","node":25344,"hash":1771187623,"owner":25344,"kind":"sampled","unit":101,"class":4,"bound_ms":30000,"quality":"GOOD","age_ms":496,"ts":2374921,"updates":225,"value":250031}
1791635240.949 {"t":"ns","node":25344,"hash":1245650351,"owner":25344,"kind":"sampled","unit":0,"class":3,"bound_ms":500,"quality":"GOOD","age_ms":83,"ts":2375352,"updates":23573,"value":1660967957}
1791635240.949 {"t":"ns","node":25344,"hash":2033492666,"owner":25344,"kind":"sampled","unit":0,"class":3,"bound_ms":0,"quality":"NO_DATA","age_ms":0,"ts":0,"updates":0,"value":null}
1791635240.949 {"t":"ns","node":25344,"hash":4103947588,"owner":25344,"kind":"sampled","unit":80,"class":4,"bound_ms":30000,"quality":"GOOD","age_ms":542,"ts":2374921,"updates":225,"value":2374}
1791635240.949 {"t":"ns","node":25344,"hash":1662441583,"owner":25344,"kind":"sampled","unit":101,"class":4,"bound_ms":30000,"quality":"GOOD","age_ms":557,"ts":2374921,"updates":225,"value":172032}
1791635251.112 {"t":"clk","node":25344,"up_ms":2385492}
1791635251.112 {"t":"led","node":25344,"shows":"green","app":0}
1791635251.112 {"t":"event","at_ms":2375369,"node":25344,"kind":"peer_admitted","peer":29544,"slot":0,"a":0,"b":0}
1791635251.112 {"t":"event","at_ms":2376928,"node":25344,"kind":"peer_admitted","peer":33120,"slot":1,"a":0,"b":0}
1791635251.112 {"t":"event","at_ms":2377369,"node":25344,"kind":"peer_admitted","peer":29544,"slot":0,"a":0,"b":0}
1791635251.112 {"t":"event","at_ms":2378928,"node":25344,"kind":"peer_admitted","peer":33120,"slot":1,"a":0,"b":0}
1791635251.112 {"t":"event","at_ms":2379369,"node":25344,"kind":"peer_admitted","peer":29544,"slot":0,"a":0,"b":0}
1791635251.112 {"t":"event","at_ms":2380929,"node":25344,"kind":"peer_admitted","peer":33120,"slot":1,"a":0,"b":0}
1791635251.112 {"t":"event","at_ms":2381369,"node":25344,"kind":"peer_admitted","peer":29544,"slot":0,"a":0,"b":0}
1791635251.112 {"t":"event","at_ms":2382928,"node":25344,"kind":"peer_admitted","peer":33120,"slot":1,"a":0,"b":0}
1791635251.112 {"t":"event","at_ms":2383369,"node":25344,"kind":"peer_admitted","peer":29544,"slot":0,"a":0,"b":0}
1791635251.112 {"t":"event","at_ms":2384928,"node":25344,"kind":"peer_admitted","peer":33120,"slot":1,"a":0,"b":0}
1791635251.112 {"t":"event","at_ms":2385369,"node":25344,"kind":"peer_admitted","peer":29544,"slot":0,"a":0,"b":0}
1791635251.112 {"t":"link","up_ms":2385597,"node":25344,"peer":29544,"mac":"b8:1f:3f:da:73:68","state":"alive","epoch":171,"espnow_ver":2,"mtu":1446,"misses":0,"rssi":-27,"tx":{"frames":8737,"cb_ok":8731,"cb_fail":6,"enqueue_err":0,"pdr_ppm":999313},"rx":{"frames":34295,"lost_seqgap":4,"reorder_dup":0,"dropped_bad":0,"hb_lost":89,"bcast_frames":23711,"pdr_ppm":999883},"rtt":{"samples":829,"min_us":5288,"max_us":60171,"timeouts":2,"txq_last_us":3568,"txq_max_us":17589,"remote_turnaround_us":857,"remote_turnaround_max_us":23127,"p50_us":[4000,6000],"p99_us":[22000,30000],"hist":[0,0,0,0,592,156,35,24,13,4,3,1,1,0,0,0]}}
1791635251.112 {"t":"link","up_ms":2385665,"node":25344,"peer":33120,"mac":"b8:1f:3f:da:81:60","state":"alive","epoch":290,"espnow_ver":2,"mtu":1446,"misses":0,"rssi":-21,"tx":{"frames":9601,"cb_ok":9508,"cb_fail":93,"enqueue_err":0,"pdr_ppm":990313},"rx":{"frames":32093,"lost_seqgap":2,"reorder_dup":0,"dropped_bad":0,"hb_lost":47,"bcast_frames":21169,"pdr_ppm":999937},"rtt":{"samples":744,"min_us":5586,"max_us":91087,"timeouts":86,"txq_last_us":2769,"txq_max_us":18251,"remote_turnaround_us":863,"remote_turnaround_max_us":79862,"p50_us":[4000,6000],"p99_us":[22000,30000],"hist":[0,0,0,0,456,204,41,18,15,5,2,2,0,1,0,0]}}
1791635251.112 {"t":"link","up_ms":2385719,"node":25344,"peer":254,"mac":"02:00:00:00:00:fe","state":"alive","epoch":0,"espnow_ver":0,"mtu":226,"misses":0,"rssi":0,"tx":{"frames":6181,"cb_ok":0,"cb_fail":0,"enqueue_err":0,"pdr_ppm":null},"rx":{"frames":10900,"lost_seqgap":0,"reorder_dup":5715,"dropped_bad":0,"hb_lost":0,"bcast_frames":0,"pdr_ppm":1000000},"rtt":{"samples":227,"min_us":8375,"max_us":100539,"timeouts":494,"txq_last_us":0,"txq_max_us":0,"remote_turnaround_us":19,"remote_turnaround_max_us":27,"p50_us":[42000,60000],"p99_us":[85000,110000],"hist":[0,0,0,0,0,0,5,6,6,15,6,135,37,17,0,0]}}
1791635251.112 {"t":"auth","node":25344,"up_ms":2385774,"enrolled":1,"required":1,"verified_peers":2,"verified":13,"cache_hits":2279,"refused":0,"rate_limited":0,"stale_epoch":0,"verify_us_max":85170,"link_stack_free_b":804,"crypto_stack_free_b":1220,"tags_ok":19216,"bad_tag":0,"replayed":3,"untagged":0,"bcast_dropped":0,"beacon_epoch_ignored":0,"tag_us_max":1179}
1791635251.112 {"t":"act","node":25344,"setpoint":0,"has_value":0,"writes_served":0}
1791635251.112 {"t":"peers","node":25344,"own_period_ms":100,"own_busy":0,"channel":1,"scanning":0,"scans":0,"hops":10,"found":0,"lost_to_found_ms":0,"moves_followed":0,"moves_refused":0,"sweeps":1,"sweep_found":0,"sweeping":0,"search_visits":1,"relay":0,"fwd_u":0,"fwd_b":0,"fwd_h":0,"relay_dup":22052,"list":[{"id":29544,"state":"alive","via_relay":0,"period_ms":100,"misses":6,"busy":1,"rtt_n":829},{"id":33120,"state":"alive","via_relay":0,"period_ms":100,"misses":6,"busy":0,"rtt_n":744},{"id":254,"state":"alive","via_relay":0,"period_ms":100,"misses":6,"busy":0,"rtt_n":227}]}
1791635251.525 {"t":"ss","node":25344,"accepted":0,"unsigned":0,"unknown_sender":0,"bad_signature":0,"replayed":0,"rate_limited":0,"verify_us_max":0,"floors":[]}
1791635251.525 {"t":"rec","node":25344,"up_ms":2385877,"settled":1,"sent":9521,"received":9502,"malformed":0,"views":32,"replies_fenced":0,"actors":[{"key":1245650351,"running":1,"term":7,"owner":25344,"owner_term":7,"assigned":254,"starts":1,"fenced":0,"released":0}]}
1791635251.525 {"t":"node","up_ms":2385892,"node":25344,"epoch":243,"peers_alive":3,"peers_dead":0,"no_radio":0,"free_dram":250031,"largest_block":172032,"rx":{"total":125894,"bad_frame":0,"unknown_peer":1760,"wrong_dst":0,"short_payload":0,"unknown_opcode":0,"queue_dropped":52},"tx":{"total":49574,"enqueue_err":0,"done_queue_dropped":0},"membership":{"deaths":15,"revivals":9,"reboots_seen":6,"table_full":0,"events_dropped":0}}
1791635251.525 {"t":"ns","node":25344,"hash":2410274060,"owner":25344,"kind":"sampled","unit":100,"class":4,"bound_ms":0,"quality":"GOOD","age_ms":438,"ts":2385494,"updates":226,"value":243}
1791635251.525 {"t":"ns","node":25344,"hash":1274253983,"owner":25344,"kind":"sampled","unit":0,"class":4,"bound_ms":5000,"quality":"GOOD","age_ms":453,"ts":2385494,"updates":226,"value":-27}
1791635251.525 {"t":"ns","node":25344,"hash":3354298913,"owner":25344,"kind":"sampled","unit":100,"class":4,"bound_ms":5000,"quality":"GOOD","age_ms":468,"ts":2385494,"updates":226,"value":3}
1791635251.525 {"t":"ns","node":25344,"hash":1771187623,"owner":25344,"kind":"sampled","unit":101,"class":4,"bound_ms":30000,"quality":"GOOD","age_ms":483,"ts":2385493,"updates":226,"value":250031}
1791635251.525 {"t":"ns","node":25344,"hash":1245650351,"owner":25344,"kind":"sampled","unit":0,"class":3,"bound_ms":500,"quality":"GOOD","age_ms":38,"ts":2385952,"updates":23673,"value":1660968057}
1791635251.525 {"t":"ns","node":25344,"hash":2033492666,"owner":25344,"kind":"sampled","unit":0,"class":3,"bound_ms":0,"quality":"NO_DATA","age_ms":0,"ts":0,"updates":0,"value":null}
1791635251.525 {"t":"ns","node":25344,"hash":4103947588,"owner":25344,"kind":"sampled","unit":80,"class":4,"bound_ms":30000,"quality":"GOOD","age_ms":535,"ts":2385494,"updates":226,"value":2385}
1791635251.525 {"t":"ns","node":25344,"hash":1662441583,"owner":25344,"kind":"sampled","unit":101,"class":4,"bound_ms":30000,"quality":"GOOD","age_ms":550,"ts":2385494,"updates":226,"value":172032}
1791635261.686 {"t":"clk","node":25344,"up_ms":2396088}
1791635261.686 {"t":"led","node":25344,"shows":"green","app":0}
1791635261.686 {"t":"event","at_ms":2386965,"node":25344,"kind":"peer_admitted","peer":33120,"slot":1,"a":0,"b":0}
1791635261.686 {"t":"event","at_ms":2387398,"node":25344,"kind":"peer_admitted","peer":29544,"slot":0,"a":0,"b":0}
1791635261.686 {"t":"event","at_ms":2388928,"node":25344,"kind":"peer_admitted","peer":33120,"slot":1,"a":0,"b":0}
1791635261.686 {"t":"event","at_ms":2389374,"node":25344,"kind":"peer_admitted","peer":29544,"slot":0,"a":0,"b":0}
1791635261.686 {"t":"event","at_ms":2390928,"node":25344,"kind":"peer_admitted","peer":33120,"slot":1,"a":0,"b":0}
1791635261.686 {"t":"event","at_ms":2391371,"node":25344,"kind":"peer_admitted","peer":29544,"slot":0,"a":0,"b":0}
1791635261.686 {"t":"event","at_ms":2392928,"node":25344,"kind":"peer_admitted","peer":33120,"slot":1,"a":0,"b":0}
1791635261.686 {"t":"event","at_ms":2393371,"node":25344,"kind":"peer_admitted","peer":29544,"slot":0,"a":0,"b":0}
1791635261.686 {"t":"event","at_ms":2394928,"node":25344,"kind":"peer_admitted","peer":33120,"slot":1,"a":0,"b":0}
1791635261.686 {"t":"event","at_ms":2395369,"node":25344,"kind":"peer_admitted","peer":29544,"slot":0,"a":0,"b":0}
1791635261.686 {"t":"link","up_ms":2396175,"node":25344,"peer":29544,"mac":"b8:1f:3f:da:73:68","state":"alive","epoch":171,"espnow_ver":2,"mtu":1446,"misses":0,"rssi":-27,"tx":{"frames":8764,"cb_ok":8758,"cb_fail":6,"enqueue_err":0,"pdr_ppm":999315},"rx":{"frames":34441,"lost_seqgap":4,"reorder_dup":0,"dropped_bad":0,"hb_lost":89,"bcast_frames":23817,"pdr_ppm":999883},"rtt":{"samples":832,"min_us":5288,"max_us":60171,"timeouts":2,"txq_last_us":3568,"txq_max_us":17589,"remote_turnaround_us":841,"remote_turnaround_max_us":23127,"p50_us":[4000,6000],"p99_us":[22000,30000],"hist":[0,0,0,0,595,156,35,24,13,4,3,1,1,0,0,0]}}
1791635261.686 {"t":"link","up_ms":2396230,"node":25344,"peer":33120,"mac":"b8:1f:3f:da:81:60","state":"alive","epoch":290,"espnow_ver":2,"mtu":1446,"misses":0,"rssi":-21,"tx":{"frames":9627,"cb_ok":9534,"cb_fail":93,"enqueue_err":0,"pdr_ppm":990339},"rx":{"frames":32239,"lost_seqgap":2,"reorder_dup":0,"dropped_bad":0,"hb_lost":47,"bcast_frames":21275,"pdr_ppm":999937},"rtt":{"samples":747,"min_us":5586,"max_us":91087,"timeouts":86,"txq_last_us":2769,"txq_max_us":18251,"remote_turnaround_us":875,"remote_turnaround_max_us":79862,"p50_us":[4000,6000],"p99_us":[22000,30000],"hist":[0,0,0,0,458,205,41,18,15,5,2,2,0,1,0,0]}}
1791635261.686 {"t":"link","up_ms":2396284,"node":25344,"peer":254,"mac":"02:00:00:00:00:fe","state":"alive","epoch":0,"espnow_ver":0,"mtu":226,"misses":0,"rssi":0,"tx":{"frames":6297,"cb_ok":0,"cb_fail":0,"enqueue_err":0,"pdr_ppm":null},"rx":{"frames":11100,"lost_seqgap":0,"reorder_dup":5715,"dropped_bad":0,"hb_lost":0,"bcast_frames":0,"pdr_ppm":1000000},"rtt":{"samples":231,"min_us":8375,"max_us":100539,"timeouts":494,"txq_last_us":0,"txq_max_us":0,"remote_turnaround_us":15,"remote_turnaround_max_us":27,"p50_us":[42000,60000],"p99_us":[85000,110000],"hist":[0,0,0,0,0,0,5,6,6,15,6,137,38,18,0,0]}}
1791635261.686 {"t":"auth","node":25344,"up_ms":2396338,"enrolled":1,"required":1,"verified_peers":2,"verified":13,"cache_hits":2289,"refused":0,"rate_limited":0,"stale_epoch":0,"verify_us_max":85170,"link_stack_free_b":804,"crypto_stack_free_b":1220,"tags_ok":19288,"bad_tag":0,"replayed":3,"untagged":0,"bcast_dropped":0,"beacon_epoch_ignored":0,"tag_us_max":1179}
1791635261.686 {"t":"act","node":25344,"setpoint":0,"has_value":0,"writes_served":0}
1791635261.686 {"t":"peers","node":25344,"own_period_ms":100,"own_busy":0,"channel":1,"scanning":0,"scans":0,"hops":10,"found":0,"lost_to_found_ms":0,"moves_followed":0,"moves_refused":0,"sweeps":1,"sweep_found":0,"sweeping":0,"search_visits":1,"relay":0,"fwd_u":0,"fwd_b":0,"fwd_h":0,"relay_dup":22162,"list":[{"id":29544,"state":"alive","via_relay":0,"period_ms":100,"misses":6,"busy":1,"rtt_n":833},{"id":33120,"state":"alive","via_relay":0,"period_ms":100,"misses":6,"busy":0,"rtt_n":747},{"id":254,"state":"alive","via_relay":0,"period_ms":100,"misses":6,"busy":0,"rtt_n":231}]}
1791635261.686 {"t":"ss","node":25344,"accepted":0,"unsigned":0,"unknown_sender":0,"bad_signature":0,"replayed":0,"rate_limited":0,"verify_us_max":0,"floors":[]}
1791635262.097 {"t":"rec","node":25344,"up_ms":2396438,"settled":1,"sent":9562,"received":9544,"malformed":0,"views":32,"replies_fenced":0,"actors":[{"key":1245650351,"running":1,"term":7,"owner":25344,"owner_term":7,"assigned":254,"starts":1,"fenced":0,"released":0}]}
1791635262.097 {"t":"node","up_ms":2396464,"node":25344,"epoch":243,"peers_alive":3,"peers_dead":0,"no_radio":0,"free_dram":250031,"largest_block":172032,"rx":{"total":126609,"bad_frame":0,"unknown_peer":1760,"wrong_dst":0,"short_payload":0,"unknown_opcode":0,"queue_dropped":52},"tx":{"total":49856,"enqueue_err":0,"done_queue_dropped":0},"membership":{"deaths":15,"revivals":9,"reboots_seen":6,"table_full":0,"events_dropped":0}}
1791635262.097 {"t":"ns","node":25344,"hash":2410274060,"owner":25344,"kind":"sampled","unit":100,"class":4,"bound_ms":0,"quality":"GOOD","age_ms":425,"ts":2396090,"updates":227,"value":243}
1791635262.097 {"t":"ns","node":25344,"hash":1274253983,"owner":25344,"kind":"sampled","unit":0,"class":4,"bound_ms":5000,"quality":"GOOD","age_ms":439,"ts":2396090,"updates":227,"value":-27}
1791635262.097 {"t":"ns","node":25344,"hash":3354298913,"owner":25344,"kind":"sampled","unit":100,"class":4,"bound_ms":5000,"quality":"GOOD","age_ms":453,"ts":2396090,"updates":227,"value":3}
1791635262.097 {"t":"ns","node":25344,"hash":1771187623,"owner":25344,"kind":"sampled","unit":101,"class":4,"bound_ms":30000,"quality":"GOOD","age_ms":467,"ts":2396090,"updates":227,"value":250031}
1791635262.097 {"t":"ns","node":25344,"hash":1245650351,"owner":25344,"kind":"sampled","unit":0,"class":3,"bound_ms":500,"quality":"GOOD","age_ms":70,"ts":2396502,"updates":23770,"value":1660968154}
1791635262.097 {"t":"ns","node":25344,"hash":2033492666,"owner":25344,"kind":"sampled","unit":0,"class":3,"bound_ms":0,"quality":"NO_DATA","age_ms":0,"ts":0,"updates":0,"value":null}
1791635262.097 {"t":"ns","node":25344,"hash":4103947588,"owner":25344,"kind":"sampled","unit":80,"class":4,"bound_ms":30000,"quality":"GOOD","age_ms":524,"ts":2396090,"updates":227,"value":2396}
1791635262.097 {"t":"ns","node":25344,"hash":1662441583,"owner":25344,"kind":"sampled","unit":101,"class":4,"bound_ms":30000,"quality":"GOOD","age_ms":538,"ts":2396090,"updates":227,"value":172032}
1791635268.485 I (2403930) esp_image: segment 0: paddr=00340020 vaddr=3c0a0020 size=20398h (131992) map
1791635268.485 I (2403949) esp_image: segment 1: paddr=003603c0 vaddr=3fc98800 size=054cch ( 21708)
1791635268.485 I (2403954) esp_image: segment 2: paddr=00365894 vaddr=40374000 size=0a784h ( 42884)
1791635268.485 I (2403961) esp_image: segment 3: paddr=00370020 vaddr=42000020 size=95160h (610656) map
1791635268.485 I (2404043) esp_image: segment 4: paddr=00405188 vaddr=4037e784 size=09fb8h ( 40888)
1791635268.485 I (2404051) esp_image: segment 5: paddr=0040f148 vaddr=50000000 size=00024h (    36)
1791635268.485 I (2404053) esp_image: segment 0: paddr=00340020 vaddr=3c0a0020 size=20398h (131992) map
1791635268.485 I (2404083) esp_image: segment 1: paddr=003603c0 vaddr=3fc98800 size=054cch ( 21708)
1791635268.485 I (2404088) esp_image: segment 2: paddr=00365894 vaddr=40374000 size=0a784h ( 42884)
1791635268.485 I (2404096) esp_image: segment 3: paddr=00370020 vaddr=42000020 size=95160h (610656) map
1791635268.485 I (2404178) esp_image: segment 4: paddr=00405188 vaddr=4037e784 size=09fb8h ( 40888)
1791635268.485 I (2404185) esp_image: segment 5: paddr=0040f148 vaddr=50000000 size=00024h (    36)
1791635268.485 I (2404219) pot.m0: fw: commit of counter 3: ok (344 ms)
1791635270.380 W (2405722) pot.m0: deploy: rebooting into the new slot
1791635270.380 ESP-ROM:esp32s3-20210327
1791635270.380 Build:Mar 27 2021
1791635270.380 rst:0xc (RTC_SW_CPU_RST),boot:0x8 (SPI_FAST_FLASH_BOOT)
1791635270.380 Saved PC:0x4037e97a
1791635270.380 SPIWP:0xee
1791635270.380 mode:DIO, clock div:1
1791635270.380 load:0x3fce2820,len:0x14f0
1791635270.380 load:0x403c8700,len:0xda0
1791635270.380 load:0x403cb700,len:0x2f9c
1791635270.380 entry 0x403c8908
1791635270.380 I (29) boot: ESP-IDF v6.0.2 2nd stage bootloader
1791635270.380 I (29) boot: compile time Oct 10 2026 13:38:58
1791635270.380 I (29) boot: Multicore bootloader
1791635270.380 I (29) boot: chip revision: v0.2
1791635270.380 I (32) boot: efuse block revision: v1.4
1791635270.380 I (36) boot.esp32s3: Boot SPI Speed : 80MHz
1791635270.380 I (40) boot.esp32s3: SPI Mode       : DIO
1791635270.380 I (43) boot.esp32s3: SPI Flash Size : 16MB
1791635270.380 I (47) boot: Enabling RNG early entropy source...
1791635270.380 I (52) boot: Partition Table:
1791635270.380 I (54) boot: ## Label            Usage          Type ST Offset   Length
1791635270.380 I (61) boot:  0 nvs              WiFi data        01 02 00009000 00006000
1791635270.380 I (67) boot:  1 phy_init         RF data          01 01 0000f000 00001000
1791635270.380 I (74) boot:  2 factory          factory app      00 00 00010000 00100000
1791635270.380 I (80) boot:  3 modA             Unknown data     01 40 00110000 00010000
1791635270.380 I (87) boot:  4 modB             Unknown data     01 40 00120000 00010000
1791635270.380 I (93) boot:  5 otadata          OTA data         01 00 00130000 00002000
1791635270.380 I (100) boot:  6 ota_0            OTA app          00 10 00140000 00200000
1791635270.380 I (106) boot:  7 ota_1            OTA app          00 11 00340000 00200000
1791635270.380 I (113) boot: End of partition table
1791635270.380 I (144) esp_image: segment 0: paddr=00340020 vaddr=3c0a0020 size=20398h (131992) map
1791635270.380 I (169) esp_image: segment 1: paddr=003603c0 vaddr=3fc98800 size=054cch ( 21708) load
1791635270.380 I (174) esp_image: segment 2: paddr=00365894 vaddr=40374000 size=0a784h ( 42884) load
1791635270.380 I (184) esp_image: segment 3: paddr=00370020 vaddr=42000020 size=95160h (610656) map
1791635270.380 I (295) esp_image: segment 4: paddr=00405188 vaddr=4037e784 size=09fb8h ( 40888) load
1791635270.380 I (305) esp_image: segment 5: paddr=0040f148 vaddr=50000000 size=00024h (    36) load
1791635270.380 I (314) boot: Loaded app from partition at offset 0x340000
1791635270.380 I (314) boot: Disabling RNG early entropy source...
1791635270.380 I (325) octal_psram: vendor id    : 0x0d (AP)
1791635270.380 I (325) octal_psram: dev id       : 0x02 (generation 3)
1791635270.380 I (325) octal_psram: density      : 0x03 (64 Mbit)
1791635270.380 I (327) octal_psram: good-die     : 0x01 (Pass)
1791635270.380 I (331) octal_psram: Latency      : 0x01 (Fixed)
1791635270.380 I (336) octal_psram: VCC          : 0x01 (3V)
1791635270.380 I (340) octal_psram: SRF          : 0x01 (Fast Refresh)
1791635270.380 I (345) octal_psram: BurstType    : 0x01 (Hybrid Wrap)
1791635270.380 I (349) octal_psram: BurstLen     : 0x01 (32 Byte)
1791635270.380 I (354) octal_psram: Readlatency  : 0x02 (10 cycles@Fixed)
1791635270.380 I (359) octal_psram: DriveStrength: 0x00 (1/1)
1791635270.380 I (363) esp_psram: Found 8MB PSRAM device
1791635270.380 I (367) esp_psram: Speed: 40MHz
1791635270.380 I (370) cpu_start: Multicore app
1791635271.403 I (1104) esp_psram: SPI SRAM memory test OK
1791635271.403 I (1114) cpu_start: GPIO 44 and 43 are used as console UART I/O pins
1791635271.403 I (1114) cpu_start: Pro cpu start user code
1791635271.403 I (1114) cpu_start: cpu freq: 160000000 Hz
1791635271.403 I (1116) app_init: Application information:
1791635271.403 I (1120) app_init: Project name:     potluck_m0
1791635271.403 I (1124) app_init: App version:      deploy-and-detach-165-g237f874-
1791635271.403 I (1130) app_init: Compile time:     Oct 10 2026 14:19:10
1791635271.403 I (1136) app_init: ELF file SHA256:  ec537f7c0...
1791635271.403 I (1140) app_init: ESP-IDF:          v6.0.2
1791635271.403 I (1144) efuse_init: Min chip rev:     v0.0
1791635271.403 I (1148) efuse_init: Max chip rev:     v0.99
1791635271.403 I (1152) efuse_init: Chip rev:         v0.2
1791635271.403 I (1156) heap_init: Initializing. RAM available for dynamic allocation:
1791635271.403 I (1162) heap_init: At 3FCACD60 len 0003C9B0 (242 KiB): RAM
1791635271.403 I (1167) heap_init: At 3FCE9710 len 00005724 (21 KiB): RAM
1791635271.403 I (1173) heap_init: At 3FCF0000 len 00008000 (32 KiB): DRAM
1791635271.403 I (1178) heap_init: At 600FE000 len 00001FE8 (7 KiB): RTCRAM
1791635271.403 I (1184) esp_psram: Adding pool of 8151K of PSRAM memory to heap allocator
1791635271.403 I (1191) spi_flash: detected chip: generic
1791635271.403 I (1194) spi_flash: flash io: dio
1791635271.403 I (1198) sleep_gpio: Configure to isolate all GPIO pins in sleep state
1791635271.403 I (1203) sleep_gpio: Enable automatic switching of GPIO sleep configuration
1791635271.403 I (1210) main_task: Started on CPU0
1791635271.403 I (1233) esp_psram: Reserving pool of 32K of internal memory for DMA/internal allocations
1791635271.403 I (1234) main_task: Calling app_main()
1791635271.403 I (1247) pot.m0: channel 1 from the last boot (build default 1)
1791635271.403 I (1249) pp: pp rom version: e7ae62f
1791635271.403 I (1250) net80211: net80211 rom version: e7ae62f
1791635271.403 I (1251) wifi:wifi driver task: 3fcee984, prio:23, stack:6656, core=0
1791635271.403 I (1257) wifi:wifi firmware version: 00ad238
1791635271.403 I (1260) wifi:wifi certification version: v7.0
1791635271.403 I (1264) wifi:config NVS flash: disabled
1791635271.403 I (1268) wifi:config nano formatting: disabled
1791635271.403 I (1272) wifi:Init data frame dynamic rx buffer num: 16
1791635271.403 I (1277) wifi:Init static rx mgmt buffer num: 5
1791635271.403 I (1281) wifi:Init management short buffer num: 32
1791635271.403 I (1286) wifi:Init dynamic tx buffer num: 32
1791635271.403 I (1290) wifi:Init static tx FG buffer num: 2
1791635271.403 I (1294) wifi:Init static rx buffer size: 1600
1791635271.403 I (1298) wifi:Init static rx buffer num: 6
1791635271.403 I (1302) wifi:Init dynamic rx buffer num: 16
1791635271.403 I (1307) wifi_init: accept mbox: 6
1791635271.403 I (1309) wifi_init: tcpip mbox: 32
1791635271.403 I (1312) wifi_init: udp mbox: 6
1791635271.403 I (1315) wifi_init: tcp mbox: 6
1791635271.403 I (1318) wifi_init: tcp tx win: 5760
1791635271.403 I (1321) wifi_init: tcp rx win: 5760
1791635271.403 I (1324) wifi_init: tcp mss: 1440
1791635271.403 I (1327) wifi_init: WiFi IRAM OP enabled
1791635271.403 I (1331) wifi_init: WiFi RX IRAM OP enabled
1791635271.403 I (1335) phy_init: phy_version 712,87e8c20e,Apr 13 2026,18:51:10
1791635271.403 I (1378) wifi:mode : sta (b8:1f:3f:da:63:00)
1791635271.403 I (1378) wifi:enable tsf
1791635271.403 I (1380) wifi:Set ps type: 0, coexist: 0
1791635271.403 
1791635271.403 I (1382) ESPNOW: espnow [version: 2.0] init
1791635271.403 I (1382) pot.espnow: esp-now v2 up on channel 1, mac b8:1f:3f:da:63:00
1791635271.403 I (1389) pot.epoch: boot epoch 244
1791635271.403 I (1391) pot.m0: namespace: 6 resources declared
1791635271.403 I (1396) pot.serial: frame link on UART1, tx=17 rx=18, 921600 baud
1791635271.403 I (1402) pot.m0: status LED on GPIO48 and GPIO38; self-test red, green, blue
1791635273.206 I (2911) pot.m0: deploy: image counter 24, digest 682b3a05..., 1 actor(s) in the image
1791635273.206 I (2911) pot.m0: deploy: boot confirmed, running slot A, trial boot 0/3, counter 24
1791635273.206 I (2916) pot.m0: fw: running ota_1 (deploy-and-detach-165-g237f874-), counter 3, floor 2, ON TRIAL; spare slot ota_0, 2048 KB
1791635273.206 I (2926) pot.m0: reconciler: 1 portable actor(s)
1791635273.206 {"t":"enrol","node":25344,"pub":"b8bc667283c59cc9c247fcaa4d4202779018c9532e92329507b8eaf3f19af4ea","enrolled":1,"ca_fp":"ef76cc2e"}
1791635273.206 I (2942) pot.m0: auth: enrolled, required
1791635273.206 I (2946) pot.m0: Potluck M0 node 0x6300 epoch 244, heartbeat 100 ms x 6 misses = 600 ms
1791635273.206 I (2954) main_task: Returned from app_main()
1791635273.206 {"t":"boot","node":25344,"epoch":244,"mac":"b8:1f:3f:da:63:00","espnow_ver":2,"chan":1,"hb_period_ms":100,"hb_miss_limit":6,"fw":"deploy-and-detach-165-g237f874-","idf":"v6.0.2","dram":{"at_boot":288335,"after_nvs":288335,"after_netif":280519,"after_wifi_init":249967,"after_wifi_start":248263,"after_espnow":248111,"largest_block":172032,"wifi_stack":32256,"espnow":152,"total_to_radio":40224}}
1791635273.206 I (2997) pot.m0: beacon mode: broadcast_beacon
1791635273.206 I (3126) pot.m0: discovered peer 0x7368
1791635273.206 I (3127) pot.m0: peer 0x7368 pinned to ESP-NOW v2, payload cap 1446 B
1791635273.206 I (3213) pot.m0: discovered peer 0x8160
1791635273.206 I (3214) pot.m0: peer 0x8160 pinned to ESP-NOW v2, payload cap 1446 B
1791635279.590 I (9604) pot.m0: discovered peer 0x00fe
1791635283.161 {"t":"clk","node":25344,"up_ms":11815}
1791635283.161 {"t":"led","node":25344,"shows":"green","app":0}
1791635283.161 {"t":"event","at_ms":1943,"node":25344,"kind":"peer_discovered","peer":29544,"slot":0,"a":171,"b":0}
1791635283.161 {"t":"event","at_ms":1944,"node":25344,"kind":"version_pinned","peer":29544,"slot":0,"a":2,"b":1446}
1791635283.161 {"t":"event","at_ms":1945,"node":25344,"kind":"peer_alive","peer":29544,"slot":0,"a":0,"b":0}
1791635283.161 {"t":"event","at_ms":1946,"node":25344,"kind":"peer_admitted","peer":29544,"slot":0,"a":0,"b":0}
1791635283.161 {"t":"event","at_ms":2029,"node":25344,"kind":"peer_discovered","peer":33120,"slot":1,"a":290,"b":0}
1791635283.161 {"t":"event","at_ms":2030,"node":25344,"kind":"version_pinned","peer":33120,"slot":1,"a":2,"b":1446}
1791635283.161 {"t":"event","at_ms":2032,"node":25344,"kind":"peer_alive","peer":33120,"slot":1,"a":0,"b":0}
1791635283.161 {"t":"event","at_ms":2033,"node":25344,"kind":"peer_admitted","peer":33120,"slot":1,"a":0,"b":0}
1791635283.161 {"t":"event","at_ms":2036,"node":25344,"kind":"actor_owner","peer":29544,"slot":255,"a":1245650351,"b":8}
1791635283.161 {"t":"event","at_ms":3198,"node":25344,"kind":"peer_admitted","peer":33120,"slot":1,"a":0,"b":0}
1791635283.161 {"t":"event","at_ms":3640,"node":25344,"kind":"peer_admitted","peer":29544,"slot":0,"a":0,"b":0}
1791635283.161 {"t":"event","at_ms":5198,"node":25344,"kind":"peer_admitted","peer":33120,"slot":1,"a":0,"b":0}
1791635283.161 {"t":"event","at_ms":5640,"node":25344,"kind":"peer_admitted","peer":29544,"slot":0,"a":0,"b":0}
1791635283.161 {"t":"event","at_ms":7199,"node":25344,"kind":"peer_admitted","peer":33120,"slot":1,"a":0,"b":0}
1791635283.161 I (13152) pot.m0: fw: trial passed after 100 heartbeats with 2 radio peer(s) - counter 3 CONFIRMED
1791635283.161 {"t":"event","at_ms":7640,"node":25344,"kind":"peer_admitted","peer":29544,"slot":0,"a":0,"b":0}
1791635283.161 {"t":"event","at_ms":7816,"node":25344,"kind":"actor_owner","peer":0,"slot":255,"a":1245650351,"b":0}
1791635283.161 {"t":"event","at_ms":7816,"node":25344,"kind":"actor_started","peer":25344,"slot":255,"a":1245650351,"b":9}
1791635283.161 {"t":"event","at_ms":7816,"node":25344,"kind":"actor_owner","peer":25344,"slot":255,"a":1245650351,"b":9}
1791635283.161 {"t":"event","at_ms":8420,"node":25344,"kind":"peer_discovered","peer":254,"slot":2,"a":0,"b":0}
1791635283.161 {"t":"event","at_ms":8421,"node":25344,"kind":"peer_alive","peer":254,"slot":2,"a":0,"b":0}
1791635283.161 {"t":"event","at_ms":8421,"node":25344,"kind":"peer_admitted","peer":254,"slot":2,"a":0,"b":0}
1791635283.161 {"t":"event","at_ms":9198,"node":25344,"kind":"peer_admitted","peer":33120,"slot":1,"a":0,"b":0}
1791635283.161 {"t":"event","at_ms":9640,"node":25344,"kind":"peer_admitted","peer":29544,"slot":0,"a":0,"b":0}
1791635283.161 {"t":"event","at_ms":11198,"node":25344,"kind":"peer_admitted","peer":33120,"slot":1,"a":0,"b":0}
1791635283.161 {"t":"event","at_ms":11640,"node":25344,"kind":"peer_admitted","peer":29544,"slot":0,"a":0,"b":0}
1791635283.161 {"t":"link","up_ms":12067,"node":25344,"peer":29544,"mac":"b8:1f:3f:da:73:68","state":"alive","epoch":171,"espnow_ver":2,"mtu":1446,"misses":0,"rssi":-27,"tx":{"frames":35,"cb_ok":35,"cb_fail":0,"enqueue_err":0,"pdr_ppm":1000000},"rx":{"frames":147,"lost_seqgap":0,"reorder_dup":0,"dropped_bad":0,"hb_lost":1,"bcast_frames":102,"pdr_ppm":1000000},"rtt":{"samples":4,"min_us":5629,"max_us":6791,"timeouts":0,"txq_last_us":2826,"txq_max_us":2826,"remote_turnaround_us":868,"remote_turnaround_max_us":1155,"p50_us":[4000,6000],"p99_us":[6000,8000],"hist":[0,0,0,0,3,1,0,0,0,0,0,0,0,0,0,0]}}
1791635283.161 {"t":"link","up_ms":12120,"node":25344,"peer":33120,"mac":"b8:1f:3f:da:81:60","state":"alive","epoch":290,"espnow_ver":2,"mtu":1446,"misses":0,"rssi":-21,"tx":{"frames":36,"cb_ok":36,"cb_fail":0,"enqueue_err":0,"pdr_ppm":1000000},"rx":{"frames":146,"lost_seqgap":1,"reorder_dup":0,"dropped_bad":0,"hb_lost":0,"bcast_frames":102,"pdr_ppm":993197},"rtt":{"samples":4,"min_us":5873,"max_us":5941,"timeouts":0,"txq_last_us":0,"txq_max_us":0,"remote_turnaround_us":957,"remote_turnaround_max_us":958,"p50_us":[4000,6000],"p99_us":[4000,6000],"hist":[0,0,0,0,4,0,0,0,0,0,0,0,0,0,0,0]}}
1791635283.673 {"t":"link","up_ms":12164,"node":25344,"peer":254,"mac":"02:00:00:00:00:fe","state":"alive","epoch":0,"espnow_ver":0,"mtu":226,"misses":0,"rssi":0,"tx":{"frames":10,"cb_ok":0,"cb_fail":0,"enqueue_err":0,"pdr_ppm":null},"rx":{"frames":39,"lost_seqgap":0,"reorder_dup":0,"dropped_bad":0,"hb_lost":0,"bcast_frames":0,"pdr_ppm":1000000},"rtt":{"samples":2,"min_us":53044,"max_us":79013,"timeouts":0,"txq_last_us":0,"txq_max_us":0,"remote_turnaround_us":13,"remote_turnaround_max_us":15,"p50_us":[42000,60000],"p99_us":[60000,85000],"hist":[0,0,0,0,0,0,0,0,0,0,0,1,1,0,0,0]}}
1791635283.673 {"t":"auth","node":25344,"up_ms":12217,"enrolled":1,"required":1,"verified_peers":2,"verified":2,"cache_hits":10,"refused":0,"rate_limited":0,"stale_epoch":0,"verify_us_max":82867,"link_stack_free_b":804,"crypto_stack_free_b":1268,"tags_ok":77,"bad_tag":0,"replayed":0,"untagged":0,"bcast_dropped":0,"beacon_epoch_ignored":0,"tag_us_max":996}
1791635283.673 {"t":"act","node":25344,"setpoint":0,"has_value":0,"writes_served":0}
1791635283.673 {"t":"peers","node":25344,"own_period_ms":100,"own_busy":0,"channel":1,"scanning":0,"scans":0,"hops":0,"found":0,"lost_to_found_ms":0,"moves_followed":0,"moves_refused":0,"sweeps":0,"sweep_found":0,"sweeping":0,"search_visits":0,"relay":0,"fwd_u":0,"fwd_b":0,"fwd_h":0,"relay_dup":108,"list":[{"id":29544,"state":"alive","via_relay":0,"period_ms":100,"misses":6,"busy":1,"rtt_n":4},{"id":33120,"state":"alive","via_relay":0,"period_ms":100,"misses":6,"busy":0,"rtt_n":4},{"id":254,"state":"alive","via_relay":0,"period_ms":100,"misses":6,"busy":0,"rtt_n":2}]}
1791635283.673 {"t":"ss","node":25344,"accepted":0,"unsigned":0,"unknown_sender":0,"bad_signature":0,"replayed":0,"rate_limited":0,"verify_us_max":0,"floors":[]}
1791635283.673 {"t":"rec","node":25344,"up_ms":12313,"settled":1,"sent":47,"received":43,"malformed":0,"views":2,"replies_fenced":0,"actors":[{"key":1245650351,"running":1,"term":9,"owner":25344,"owner_term":9,"assigned":254,"starts":1,"fenced":0,"released":0}]}
1791635283.673 {"t":"node","up_ms":12339,"node":25344,"epoch":244,"peers_alive":3,"peers_dead":0,"no_radio":0,"free_dram":250307,"largest_block":172032,"rx":{"total":638,"bad_frame":0,"unknown_peer":80,"wrong_dst":0,"short_payload":0,"unknown_opcode":0,"queue_dropped":50},"tx":{"total":195,"enqueue_err":0,"done_queue_dropped":0},"membership":{"deaths":0,"revivals":0,"reboots_seen":0,"table_full":0,"events_dropped":0}}
1791635283.673 {"t":"ns","node":25344,"hash":2410274060,"owner":25344,"kind":"sampled","unit":100,"class":4,"bound_ms":0,"quality":"GOOD","age_ms":551,"ts":11817,"updates":1,"value":244}
1791635283.673 {"t":"ns","node":25344,"hash":1274253983,"owner":25344,"kind":"sampled","unit":0,"class":4,"bound_ms":5000,"quality":"GOOD","age_ms":576,"ts":11817,"updates":1,"value":-27}
1791635283.673 {"t":"ns","node":25344,"hash":3354298913,"owner":25344,"kind":"sampled","unit":100,"class":4,"bound_ms":5000,"quality":"GOOD","age_ms":590,"ts":11817,"updates":1,"value":3}
1791635283.673 {"t":"ns","node":25344,"hash":1771187623,"owner":25344,"kind":"sampled","unit":101,"class":4,"bound_ms":30000,"quality":"GOOD","age_ms":604,"ts":11817,"updates":1,"value":250307}
1791635283.673 {"t":"ns","node":25344,"hash":1245650351,"owner":25344,"kind":"sampled","unit":0,"class":3,"bound_ms":500,"quality":"GOOD","age_ms":0,"ts":12435,"updates":47,"value":1660944431}
1791635283.673 {"t":"ns","node":25344,"hash":2033492666,"owner":25344,"kind":"sampled","unit":0,"class":3,"bound_ms":0,"quality":"NO_DATA","age_ms":0,"ts":0,"updates":0,"value":null}
1791635283.673 {"t":"ns","node":25344,"hash":4103947588,"owner":25344,"kind":"sampled","unit":80,"class":4,"bound_ms":30000,"quality":"GOOD","age_ms":647,"ts":11817,"updates":1,"value":11}
1791635283.673 {"t":"ns","node":25344,"hash":1662441583,"owner":25344,"kind":"sampled","unit":101,"class":4,"bound_ms":30000,"quality":"GOOD","age_ms":661,"ts":11817,"updates":1,"value":172032}
1791635284.311 W (14318) pot.m0: peer 0x00fe declared DEAD after 6 misses (677 ms silent)
1791635293.817 {"t":"clk","node":25344,"up_ms":22493}
1791635293.817 {"t":"led","node":25344,"shows":"red","app":0}
1791635293.817 {"t":"event","at_ms":13134,"node":25344,"kind":"peer_dead","peer":254,"slot":2,"a":6,"b":677}
1791635293.817 {"t":"event","at_ms":13198,"node":25344,"kind":"peer_admitted","peer":33120,"slot":1,"a":0,"b":0}
1791635293.817 {"t":"event","at_ms":13641,"node":25344,"kind":"peer_admitted","peer":29544,"slot":0,"a":0,"b":0}
1791635293.817 {"t":"event","at_ms":15198,"node":25344,"kind":"peer_admitted","peer":33120,"slot":1,"a":0,"b":0}
1791635293.817 {"t":"event","at_ms":15640,"node":25344,"kind":"peer_admitted","peer":29544,"slot":0,"a":0,"b":0}
1791635293.817 {"t":"event","at_ms":15770,"node":25344,"kind":"probe_timeout","peer":254,"slot":2,"a":11,"b":0}
1791635293.817 {"t":"event","at_ms":17198,"node":25344,"kind":"peer_admitted","peer":33120,"slot":1,"a":0,"b":0}
1791635293.817 {"t":"event","at_ms":17640,"node":25344,"kind":"peer_admitted","peer":29544,"slot":0,"a":0,"b":0}
1791635293.817 {"t":"event","at_ms":18770,"node":25344,"kind":"probe_timeout","peer":254,"slot":2,"a":12,"b":0}
1791635293.817 {"t":"event","at_ms":19198,"node":25344,"kind":"peer_admitted","peer":33120,"slot":1,"a":0,"b":0}
1791635293.817 {"t":"event","at_ms":19642,"node":25344,"kind":"peer_admitted","peer":29544,"slot":0,"a":0,"b":0}
1791635293.817 {"t":"event","at_ms":21198,"node":25344,"kind":"peer_admitted","peer":33120,"slot":1,"a":0,"b":0}
1791635293.817 {"t":"event","at_ms":21640,"node":25344,"kind":"peer_admitted","peer":29544,"slot":0,"a":0,"b":0}
1791635293.817 {"t":"event","at_ms":21770,"node":25344,"kind":"probe_timeout","peer":254,"slot":2,"a":13,"b":0}
1791635293.817 {"t":"link","up_ms":22619,"node":25344,"peer":29544,"mac":"b8:1f:3f:da:73:68","state":"alive","epoch":171,"espnow_ver":2,"mtu":1446,"misses":0,"rssi":-27,"tx":{"frames":70,"cb_ok":69,"cb_fail":0,"enqueue_err":0,"pdr_ppm":1000000},"rx":{"frames":293,"lost_seqgap":0,"reorder_dup":0,"dropped_bad":0,"hb_lost":2,"bcast_frames":207,"pdr_ppm":1000000},"rtt":{"samples":8,"min_us":5529,"max_us":7760,"timeouts":0,"txq_last_us":4147,"txq_max_us":4147,"remote_turnaround_us":824,"remote_turnaround_max_us":1155,"p50_us":[4000,6000],"p99_us":[6000,8000],"hist":[0,0,0,0,5,3,0,0,0,0,0,0,0,0,0,0]}}
1791635293.817 {"t":"link","up_ms":22662,"node":25344,"peer":33120,"mac":"b8:1f:3f:da:81:60","state":"alive","epoch":290,"espnow_ver":2,"mtu":1446,"misses":0,"rssi":-21,"tx":{"frames":69,"cb_ok":69,"cb_fail":0,"enqueue_err":0,"pdr_ppm":1000000},"rx":{"frames":289,"lost_seqgap":1,"reorder_dup":0,"dropped_bad":0,"hb_lost":1,"bcast_frames":206,"pdr_ppm":996551},"rtt":{"samples":7,"min_us":5829,"max_us":5941,"timeouts":0,"txq_last_us":0,"txq_max_us":0,"remote_turnaround_us":962,"remote_turnaround_max_us":962,"p50_us":[4000,6000],"p99_us":[4000,6000],"hist":[0,0,0,0,7,0,0,0,0,0,0,0,0,0,0,0]}}
1791635293.817 {"t":"link","up_ms":22716,"node":25344,"peer":254,"mac":"02:00:00:00:00:fe","state":"dead","epoch":0,"espnow_ver":0,"mtu":226,"misses":6,"rssi":0,"tx":{"frames":16,"cb_ok":0,"cb_fail":0,"enqueue_err":0,"pdr_ppm":null},"rx":{"frames":43,"lost_seqgap":0,"reorder_dup":0,"dropped_bad":0,"hb_lost":0,"bcast_frames":0,"pdr_ppm":1000000},"rtt":{"samples":2,"min_us":53044,"max_us":79013,"timeouts":3,"txq_last_us":0,"txq_max_us":0,"remote_turnaround_us":13,"remote_turnaround_max_us":15,"p50_us":[42000,60000],"p99_us":[60000,85000],"hist":[0,0,0,0,0,0,0,0,0,0,0,1,1,0,0,0]}}
1791635293.817 {"t":"auth","node":25344,"up_ms":22770,"enrolled":1,"required":1,"verified_peers":2,"verified":2,"cache_hits":20,"refused":0,"rate_limited":0,"stale_epoch":0,"verify_us_max":82867,"link_stack_free_b":804,"crypto_stack_free_b":1268,"tags_ok":147,"bad_tag":0,"replayed":0,"untagged":0,"bcast_dropped":0,"beacon_epoch_ignored":0,"tag_us_max":996}
1791635293.817 {"t":"act","node":25344,"setpoint":0,"has_value":0,"writes_served":0}
1791635294.216 {"t":"peers","node":25344,"own_period_ms":100,"own_busy":0,"channel":1,"scanning":0,"scans":0,"hops":0,"found":0,"lost_to_found_ms":0,"moves_followed":0,"moves_refused":0,"sweeps":0,"sweep_found":0,"sweeping":0,"search_visits":0,"relay":0,"fwd_u":0,"fwd_b":0,"fwd_h":0,"relay_dup":218,"list":[{"id":29544,"state":"alive","via_relay":0,"period_ms":100,"misses":6,"busy":1,"rtt_n":8},{"id":33120,"state":"alive","via_relay":0,"period_ms":100,"misses":6,"busy":0,"rtt_n":8},{"id":254,"state":"dead","via_relay":0,"period_ms":100,"misses":6,"busy":0,"rtt_n":2}]}
1791635294.216 {"t":"ss","node":25344,"accepted":0,"unsigned":0,"unknown_sender":0,"bad_signature":0,"replayed":0,"rate_limited":0,"verify_us_max":0,"floors":[]}
1791635294.216 {"t":"rec","node":25344,"up_ms":22866,"settled":1,"sent":90,"received":85,"malformed":0,"views":3,"replies_fenced":0,"actors":[{"key":1245650351,"running":1,"term":9,"owner":25344,"owner_term":9,"assigned":25344,"starts":1,"fenced":0,"released":0}]}
1791635294.216 {"t":"node","up_ms":22881,"node":25344,"epoch":244,"peers_alive":2,"peers_dead":1,"no_radio":0,"free_dram":250307,"largest_block":172032,"rx":{"total":1145,"bad_frame":0,"unknown_peer":80,"wrong_dst":0,"short_payload":0,"unknown_opcode":0,"queue_dropped":50},"tx":{"total":380,"enqueue_err":0,"done_queue_dropped":0},"membership":{"deaths":1,"revivals":0,"reboots_seen":0,"table_full":0,"events_dropped":0}}
1791635294.216 {"t":"ns","node":25344,"hash":2410274060,"owner":25344,"kind":"sampled","unit":100,"class":4,"bound_ms":0,"quality":"GOOD","age_ms":427,"ts":22494,"updates":2,"value":244}
1791635294.216 {"t":"ns","node":25344,"hash":1274253983,"owner":25344,"kind":"sampled","unit":0,"class":4,"bound_ms":5000,"quality":"GOOD","age_ms":441,"ts":22494,"updates":2,"value":-27}
1791635294.216 {"t":"ns","node":25344,"hash":3354298913,"owner":25344,"kind":"sampled","unit":100,"class":4,"bound_ms":5000,"quality":"GOOD","age_ms":456,"ts":22494,"updates":2,"value":2}
1791635294.216 {"t":"ns","node":25344,"hash":1771187623,"owner":25344,"kind":"sampled","unit":101,"class":4,"bound_ms":30000,"quality":"GOOD","age_ms":470,"ts":22494,"updates":2,"value":250307}
1791635294.216 {"t":"ns","node":25344,"hash":1245650351,"owner":25344,"kind":"sampled","unit":0,"class":3,"bound_ms":500,"quality":"GOOD","age_ms":43,"ts":22935,"updates":152,"value":1660944536}
1791635294.216 {"t":"ns","node":25344,"hash":2033492666,"owner":25344,"kind":"sampled","unit":0,"class":3,"bound_ms":0,"quality":"NO_DATA","age_ms":0,"ts":0,"updates":0,"value":null}
1791635294.216 {"t":"ns","node":25344,"hash":4103947588,"owner":25344,"kind":"sampled","unit":80,"class":4,"bound_ms":30000,"quality":"GOOD","age_ms":523,"ts":22494,"updates":2,"value":22}
1791635294.216 {"t":"ns","node":25344,"hash":1662441583,"owner":25344,"kind":"sampled","unit":101,"class":4,"bound_ms":30000,"quality":"GOOD","age_ms":537,"ts":22494,"updates":2,"value":172032}
1791635304.368 {"t":"clk","node":25344,"up_ms":33046}
1791635304.368 {"t":"led","node":25344,"shows":"red","app":0}
1791635304.368 {"t":"event","at_ms":23198,"node":25344,"kind":"peer_admitted","peer":33120,"slot":1,"a":0,"b":0}
1791635304.368 {"t":"event","at_ms":23640,"node":25344,"kind":"peer_admitted","peer":29544,"slot":0,"a":0,"b":0}
1791635304.368 {"t":"event","at_ms":24770,"node":25344,"kind":"probe_timeout","peer":254,"slot":2,"a":14,"b":0}
1791635304.369 {"t":"event","at_ms":25198,"node":25344,"kind":"peer_admitted","peer":33120,"slot":1,"a":0,"b":0}
1791635304.369 {"t":"event","at_ms":25640,"node":25344,"kind":"peer_admitted","peer":29544,"slot":0,"a":0,"b":0}
1791635304.369 {"t":"event","at_ms":27198,"node":25344,"kind":"peer_admitted","peer":33120,"slot":1,"a":0,"b":0}
1791635304.369 {"t":"event","at_ms":27640,"node":25344,"kind":"peer_admitted","peer":29544,"slot":0,"a":0,"b":0}
1791635304.369 {"t":"event","at_ms":27770,"node":25344,"kind":"probe_timeout","peer":254,"slot":2,"a":15,"b":0}
1791635304.369 {"t":"event","at_ms":29198,"node":25344,"kind":"peer_admitted","peer":33120,"slot":1,"a":0,"b":0}
1791635304.369 {"t":"event","at_ms":29640,"node":25344,"kind":"peer_admitted","peer":29544,"slot":0,"a":0,"b":0}
1791635304.369 {"t":"event","at_ms":30770,"node":25344,"kind":"probe_timeout","peer":254,"slot":2,"a":16,"b":0}
1791635304.369 {"t":"event","at_ms":31198,"node":25344,"kind":"peer_admitted","peer":33120,"slot":1,"a":0,"b":0}
1791635304.369 {"t":"event","at_ms":31640,"node":25344,"kind":"peer_admitted","peer":29544,"slot":0,"a":0,"b":0}
1791635304.369 {"t":"link","up_ms":33158,"node":25344,"peer":29544,"mac":"b8:1f:3f:da:73:68","state":"alive","epoch":171,"espnow_ver":2,"mtu":1446,"misses":0,"rssi":-27,"tx":{"frames":104,"cb_ok":104,"cb_fail":0,"enqueue_err":0,"pdr_ppm":1000000},"rx":{"frames":437,"lost_seqgap":0,"reorder_dup":0,"dropped_bad":0,"hb_lost":2,"bcast_frames":312,"pdr_ppm":1000000},"rtt":{"samples":11,"min_us":5529,"max_us":7760,"timeouts":0,"txq_last_us":4147,"txq_max_us":4147,"remote_turnaround_us":833,"remote_turnaround_max_us":1155,"p50_us":[4000,6000],"p99_us":[6000,8000],"hist":[0,0,0,0,8,3,0,0,0,0,0,0,0,0,0,0]}}
1791635304.369 {"t":"link","up_ms":33212,"node":25344,"peer":33120,"mac":"b8:1f:3f:da:81:60","state":"alive","epoch":290,"espnow_ver":2,"mtu":1446,"misses":0,"rssi":-21,"tx":{"frames":106,"cb_ok":106,"cb_fail":0,"enqueue_err":0,"pdr_ppm":1000000},"rx":{"frames":437,"lost_seqgap":1,"reorder_dup":0,"dropped_bad":0,"hb_lost":1,"bcast_frames":312,"pdr_ppm":997716},"rtt":{"samples":11,"min_us":5829,"max_us":6241,"timeouts":0,"txq_last_us":0,"txq_max_us":0,"remote_turnaround_us":973,"remote_turnaround_max_us":973,"p50_us":[4000,6000],"p99_us":[6000,8000],"hist":[0,0,0,0,9,2,0,0,0,0,0,0,0,0,0,0]}}
1791635304.369 {"t":"link","up_ms":33266,"node":25344,"peer":254,"mac":"02:00:00:00:00:fe","state":"dead","epoch":0,"espnow_ver":0,"mtu":226,"misses":6,"rssi":0,"tx":{"frames":20,"cb_ok":0,"cb_fail":0,"enqueue_err":0,"pdr_ppm":null},"rx":{"frames":43,"lost_seqgap":0,"reorder_dup":0,"dropped_bad":0,"hb_lost":0,"bcast_frames":0,"pdr_ppm":1000000},"rtt":{"samples":2,"min_us":53044,"max_us":79013,"timeouts":6,"txq_last_us":0,"txq_max_us":0,"remote_turnaround_us":13,"remote_turnaround_max_us":15,"p50_us":[42000,60000],"p99_us":[60000,85000],"hist":[0,0,0,0,0,0,0,0,0,0,0,1,1,0,0,0]}}
1791635304.369 {"t":"auth","node":25344,"up_ms":33308,"enrolled":1,"required":1,"verified_peers":2,"verified":2,"cache_hits":31,"refused":0,"rate_limited":0,"stale_epoch":0,"verify_us_max":82867,"link_stack_free_b":804,"crypto_stack_free_b":1268,"tags_ok":217,"bad_tag":0,"replayed":0,"untagged":0,"bcast_dropped":0,"beacon_epoch_ignored":0,"tag_us_max":996}
1791635304.369 {"t":"act","node":25344,"setpoint":0,"has_value":0,"writes_served":0}
1791635304.773 {"t":"peers","node":25344,"own_period_ms":100,"own_busy":0,"channel":1,"scanning":0,"scans":0,"hops":0,"found":0,"lost_to_found_ms":0,"moves_followed":0,"moves_refused":0,"sweeps":0,"sweep_found":0,"sweeping":0,"search_visits":0,"relay":0,"fwd_u":0,"fwd_b":0,"fwd_h":0,"relay_dup":329,"list":[{"id":29544,"state":"alive","via_relay":0,"period_ms":100,"misses":6,"busy":1,"rtt_n":11},{"id":33120,"state":"alive","via_relay":0,"period_ms":100,"misses":6,"busy":0,"rtt_n":11},{"id":254,"state":"dead","via_relay":0,"period_ms":100,"misses":6,"busy":0,"rtt_n":2}]}
1791635304.773 {"t":"ss","node":25344,"accepted":0,"unsigned":0,"unknown_sender":0,"bad_signature":0,"replayed":0,"rate_limited":0,"verify_us_max":0,"floors":[]}
1791635304.773 {"t":"rec","node":25344,"up_ms":33405,"settled":1,"sent":132,"received":128,"malformed":0,"views":3,"replies_fenced":0,"actors":[{"key":1245650351,"running":1,"term":9,"owner":25344,"owner_term":9,"assigned":25344,"starts":1,"fenced":0,"released":0}]}
1791635304.773 {"t":"node","up_ms":33431,"node":25344,"epoch":244,"peers_alive":2,"peers_dead":1,"no_radio":0,"free_dram":250307,"largest_block":172032,"rx":{"total":1657,"bad_frame":0,"unknown_peer":80,"wrong_dst":0,"short_payload":0,"unknown_opcode":0,"queue_dropped":50},"tx":{"total":564,"enqueue_err":0,"done_queue_dropped":0},"membership":{"deaths":1,"revivals":0,"reboots_seen":0,"table_full":0,"events_dropped":0}}
1791635304.773 {"t":"ns","node":25344,"hash":2410274060,"owner":25344,"kind":"sampled","unit":100,"class":4,"bound_ms":0,"quality":"GOOD","age_ms":424,"ts":33047,"updates":3,"value":244}
1791635304.773 {"t":"ns","node":25344,"hash":1274253983,"owner":25344,"kind":"sampled","unit":0,"class":4,"bound_ms":5000,"quality":"GOOD","age_ms":437,"ts":33048,"updates":3,"value":-27}
1791635304.773 {"t":"ns","node":25344,"hash":3354298913,"owner":25344,"kind":"sampled","unit":100,"class":4,"bound_ms":5000,"quality":"GOOD","age_ms":452,"ts":33047,"updates":3,"value":2}
1791635304.773 {"t":"ns","node":25344,"hash":1771187623,"owner":25344,"kind":"sampled","unit":101,"class":4,"bound_ms":30000,"quality":"GOOD","age_ms":466,"ts":33047,"updates":3,"value":250307}
1791635304.773 {"t":"ns","node":25344,"hash":1245650351,"owner":25344,"kind":"sampled","unit":0,"class":3,"bound_ms":500,"quality":"GOOD","age_ms":71,"ts":33456,"updates":257,"value":1660944641}
1791635304.773 {"t":"ns","node":25344,"hash":2033492666,"owner":25344,"kind":"sampled","unit":0,"class":3,"bound_ms":0,"quality":"NO_DATA","age_ms":0,"ts":0,"updates":0,"value":null}
1791635304.773 {"t":"ns","node":25344,"hash":4103947588,"owner":25344,"kind":"sampled","unit":80,"class":4,"bound_ms":30000,"quality":"GOOD","age_ms":508,"ts":33047,"updates":3,"value":33}
1791635304.773 {"t":"ns","node":25344,"hash":1662441583,"owner":25344,"kind":"sampled","unit":101,"class":4,"bound_ms":30000,"quality":"GOOD","age_ms":522,"ts":33047,"updates":3,"value":172032}
