1791632552.911 {"t":"clk","node":33120,"up_ms":556542}
1791632552.911 {"t":"led","node":33120,"shows":"green","app":0}
1791632552.911 {"t":"event","at_ms":546384,"node":33120,"kind":"peer_admitted","peer":29544,"slot":0,"a":0,"b":0}
1791632552.911 {"t":"event","at_ms":546724,"node":33120,"kind":"peer_admitted","peer":25344,"slot":1,"a":0,"b":0}
1791632552.911 {"t":"event","at_ms":548385,"node":33120,"kind":"peer_admitted","peer":29544,"slot":0,"a":0,"b":0}
1791632552.911 {"t":"event","at_ms":548724,"node":33120,"kind":"peer_admitted","peer":25344,"slot":1,"a":0,"b":0}
1791632552.911 {"t":"event","at_ms":550384,"node":33120,"kind":"peer_admitted","peer":29544,"slot":0,"a":0,"b":0}
1791632552.911 {"t":"event","at_ms":550724,"node":33120,"kind":"peer_admitted","peer":25344,"slot":1,"a":0,"b":0}
1791632552.911 {"t":"event","at_ms":552384,"node":33120,"kind":"peer_admitted","peer":29544,"slot":0,"a":0,"b":0}
1791632552.911 {"t":"event","at_ms":552724,"node":33120,"kind":"peer_admitted","peer":25344,"slot":1,"a":0,"b":0}
1791632552.911 {"t":"event","at_ms":554384,"node":33120,"kind":"peer_admitted","peer":29544,"slot":0,"a":0,"b":0}
1791632552.911 {"t":"event","at_ms":554726,"node":33120,"kind":"peer_admitted","peer":25344,"slot":1,"a":0,"b":0}
1791632552.911 {"t":"event","at_ms":556384,"node":33120,"kind":"peer_admitted","peer":29544,"slot":0,"a":0,"b":0}
1791632552.911 {"t":"link","up_ms":556640,"node":33120,"peer":29544,"mac":"b8:1f:3f:da:73:68","state":"alive","epoch":169,"espnow_ver":2,"mtu":1446,"misses":0,"rssi":-11,"tx":{"frames":1979,"cb_ok":1979,"cb_fail":0,"enqueue_err":0,"pdr_ppm":1000000},"rx":{"frames":7805,"lost_seqgap":1,"reorder_dup":0,"dropped_bad":0,"hb_lost":2,"bcast_frames":5546,"pdr_ppm":999871},"rtt":{"samples":277,"min_us":5509,"max_us":59593,"timeouts":0,"txq_last_us":38713,"txq_max_us":38713,"remote_turnaround_us":842,"remote_turnaround_max_us":2165,"p50_us":[4000,6000],"p99_us":[42000,60000],"hist":[0,0,0,0,198,60,15,1,0,0,0,3,0,0,0,0]}}
1791632552.911 {"t":"link","up_ms":556694,"node":33120,"peer":25344,"mac":"b8:1f:3f:da:63:00","state":"alive","epoch":242,"espnow_ver":2,"mtu":1446,"misses":0,"rssi":-21,"tx":{"frames":1858,"cb_ok":1848,"cb_fail":10,"enqueue_err":0,"pdr_ppm":994617},"rx":{"frames":7451,"lost_seqgap":0,"reorder_dup":0,"dropped_bad":0,"hb_lost":25,"bcast_frames":5349,"pdr_ppm":1000000},"rtt":{"samples":268,"min_us":5750,"max_us":31779,"timeouts":8,"txq_last_us":3060,"txq_max_us":31509,"remote_turnaround_us":1080,"remote_turnaround_max_us":1309,"p50_us":[6000,8000],"p99_us":[11000,16000],"hist":[0,0,0,0,46,201,18,1,0,1,1,0,0,0,0,0]}}
1791632552.911 {"t":"auth","node":33120,"up_ms":556749,"enrolled":1,"required":1,"verified_peers":2,"verified":3,"cache_hits":551,"refused":0,"rate_limited":0,"stale_epoch":0,"verify_us_max":87302,"link_stack_free_b":1524,"crypto_stack_free_b":1220,"tags_ok":3809,"bad_tag":0,"replayed":0,"untagged":0,"bcast_dropped":0,"beacon_epoch_ignored":0,"tag_us_max":1094}
1791632552.911 {"t":"act","node":33120,"setpoint":0,"has_value":0,"writes_served":0}
1791632552.911 {"t":"peers","node":33120,"own_period_ms":100,"own_busy":0,"channel":1,"scanning":0,"scans":0,"hops":0,"found":0,"lost_to_found_ms":0,"moves_followed":0,"moves_refused":0,"sweeps":0,"sweep_found":0,"sweeping":0,"search_visits":0,"relay":0,"fwd_u":0,"fwd_b":0,"fwd_h":0,"relay_dup":5620,"list":[{"id":29544,"state":"alive","via_relay":0,"period_ms":100,"misses":6,"busy":1,"rtt_n":277},{"id":25344,"state":"alive","via_relay":0,"period_ms":100,"misses":6,"busy":0,"rtt_n":268}]}
1791632552.911 {"t":"ss","node":33120,"accepted":0,"unsigned":0,"unknown_sender":0,"bad_signature":0,"replayed":0,"rate_limited":0,"verify_us_max":0,"floors":[{"src":25344,"epoch":139,"counter":1}]}
1791632552.911 {"t":"rec","node":33120,"up_ms":556844,"settled":1,"sent":2223,"received":2205,"malformed":0,"views":4,"replies_fenced":0,"actors":[{"key":1245650351,"running":0,"term":0,"owner":25344,"owner_term":5,"assigned":25344,"starts":0,"fenced":0,"released":0}]}
1791632553.249 {"t":"node","up_ms":556859,"node":33120,"epoch":281,"peers_alive":2,"peers_dead":0,"no_radio":0,"free_dram":250307,"largest_block":172032,"rx":{"total":26684,"bad_frame":0,"unknown_peer":10,"wrong_dst":0,"short_payload":0,"unknown_opcode":0,"queue_dropped":50},"tx":{"total":9673,"enqueue_err":0,"done_queue_dropped":0},"membership":{"deaths":1,"revivals":0,"reboots_seen":1,"table_full":0,"events_dropped":0}}
1791632553.249 {"t":"ns","node":33120,"hash":13581963,"owner":33120,"kind":"sampled","unit":100,"class":4,"bound_ms":5000,"quality":"GOOD","age_ms":356,"ts":556544,"updates":53,"value":2}
1791632553.249 {"t":"ns","node":33120,"hash":3142365229,"owner":33120,"kind":"sampled","unit":101,"class":4,"bound_ms":30000,"quality":"GOOD","age_ms":371,"ts":556543,"updates":53,"value":172032}
1791632553.249 {"t":"ns","node":33120,"hash":1245650351,"owner":25344,"kind":"sampled","unit":0,"class":3,"bound_ms":500,"quality":"NO_DATA","age_ms":0,"ts":0,"updates":0,"value":null}
1791632553.249 {"t":"ns","node":33120,"hash":2033492666,"owner":33120,"kind":"sampled","unit":0,"class":3,"bound_ms":0,"quality":"NO_DATA","age_ms":0,"ts":0,"updates":0,"value":null}
1791632553.249 {"t":"ns","node":33120,"hash":2347817554,"owner":33120,"kind":"sampled","unit":100,"class":4,"bound_ms":0,"quality":"GOOD","age_ms":413,"ts":556543,"updates":53,"value":281}
1791632553.249 {"t":"ns","node":33120,"hash":1170356950,"owner":33120,"kind":"sampled","unit":80,"class":4,"bound_ms":30000,"quality":"GOOD","age_ms":427,"ts":556543,"updates":53,"value":556}
1791632553.249 {"t":"ns","node":33120,"hash":3085599597,"owner":33120,"kind":"sampled","unit":0,"class":4,"bound_ms":5000,"quality":"GOOD","age_ms":441,"ts":556544,"updates":53,"value":-21}
1791632553.249 {"t":"ns","node":33120,"hash":2486014333,"owner":33120,"kind":"sampled","unit":101,"class":4,"bound_ms":30000,"quality":"GOOD","age_ms":456,"ts":556543,"updates":53,"value":250307}
1791632563.392 {"t":"clk","node":33120,"up_ms":567024}
1791632563.392 {"t":"led","node":33120,"shows":"green","app":0}
1791632563.392 {"t":"event","at_ms":556724,"node":33120,"kind":"peer_admitted","peer":25344,"slot":1,"a":0,"b":0}
1791632563.392 {"t":"event","at_ms":558384,"node":33120,"kind":"peer_admitted","peer":29544,"slot":0,"a":0,"b":0}
1791632563.392 {"t":"event","at_ms":558724,"node":33120,"kind":"peer_admitted","peer":25344,"slot":1,"a":0,"b":0}
1791632563.392 {"t":"event","at_ms":560384,"node":33120,"kind":"peer_admitted","peer":29544,"slot":0,"a":0,"b":0}
1791632563.392 {"t":"event","at_ms":560724,"node":33120,"kind":"peer_admitted","peer":25344,"slot":1,"a":0,"b":0}
1791632563.392 {"t":"event","at_ms":562384,"node":33120,"kind":"peer_admitted","peer":29544,"slot":0,"a":0,"b":0}
1791632563.392 {"t":"event","at_ms":562724,"node":33120,"kind":"peer_admitted","peer":25344,"slot":1,"a":0,"b":0}
1791632563.392 {"t":"event","at_ms":564384,"node":33120,"kind":"peer_admitted","peer":29544,"slot":0,"a":0,"b":0}
1791632563.392 {"t":"event","at_ms":564724,"node":33120,"kind":"peer_admitted","peer":25344,"slot":1,"a":0,"b":0}
1791632563.392 {"t":"event","at_ms":566384,"node":33120,"kind":"peer_admitted","peer":29544,"slot":0,"a":0,"b":0}
1791632563.392 {"t":"event","at_ms":566724,"node":33120,"kind":"peer_admitted","peer":25344,"slot":1,"a":0,"b":0}
1791632563.392 {"t":"link","up_ms":567122,"node":33120,"peer":29544,"mac":"b8:1f:3f:da:73:68","state":"alive","epoch":169,"espnow_ver":2,"mtu":1446,"misses":0,"rssi":-10,"tx":{"frames":2016,"cb_ok":2016,"cb_fail":0,"enqueue_err":0,"pdr_ppm":1000000},"rx":{"frames":7951,"lost_seqgap":1,"reorder_dup":0,"dropped_bad":0,"hb_lost":2,"bcast_frames":5651,"pdr_ppm":999874},"rtt":{"samples":283,"min_us":5509,"max_us":59593,"timeouts":0,"txq_last_us":2815,"txq_max_us":38713,"remote_turnaround_us":854,"remote_turnaround_max_us":4537,"p50_us":[4000,6000],"p99_us":[42000,60000],"hist":[0,0,0,0,201,62,15,1,1,0,0,3,0,0,0,0]}}
1791632563.392 {"t":"link","up_ms":567176,"node":33120,"peer":25344,"mac":"b8:1f:3f:da:63:00","state":"alive","epoch":242,"espnow_ver":2,"mtu":1446,"misses":0,"rssi":-21,"tx":{"frames":1894,"cb_ok":1884,"cb_fail":10,"enqueue_err":0,"pdr_ppm":994720},"rx":{"frames":7592,"lost_seqgap":0,"reorder_dup":0,"dropped_bad":0,"hb_lost":25,"bcast_frames":5454,"pdr_ppm":1000000},"rtt":{"samples":273,"min_us":5750,"max_us":31779,"timeouts":8,"txq_last_us":3060,"txq_max_us":31509,"remote_turnaround_us":1000,"remote_turnaround_max_us":1309,"p50_us":[6000,8000],"p99_us":[11000,16000],"hist":[0,0,0,0,49,203,18,1,0,1,1,0,0,0,0,0]}}
1791632563.392 {"t":"auth","node":33120,"up_ms":567230,"enrolled":1,"required":1,"verified_peers":2,"verified":3,"cache_hits":561,"refused":0,"rate_limited":0,"stale_epoch":0,"verify_us_max":87302,"link_stack_free_b":1524,"crypto_stack_free_b":1220,"tags_ok":3875,"bad_tag":0,"replayed":0,"untagged":0,"bcast_dropped":0,"beacon_epoch_ignored":0,"tag_us_max":1094}
1791632563.392 {"t":"act","node":33120,"setpoint":0,"has_value":0,"writes_served":0}
1791632563.392 {"t":"peers","node":33120,"own_period_ms":100,"own_busy":0,"channel":1,"scanning":0,"scans":0,"hops":0,"found":0,"lost_to_found_ms":0,"moves_followed":0,"moves_refused":0,"sweeps":0,"sweep_found":0,"sweeping":0,"search_visits":0,"relay":0,"fwd_u":0,"fwd_b":0,"fwd_h":0,"relay_dup":5730,"list":[{"id":29544,"state":"alive","via_relay":0,"period_ms":100,"misses":6,"busy":1,"rtt_n":283},{"id":25344,"state":"alive","via_relay":0,"period_ms":100,"misses":6,"busy":0,"rtt_n":273}]}
1791632563.392 {"t":"ss","node":33120,"accepted":0,"unsigned":0,"unknown_sender":0,"bad_signature":0,"replayed":0,"rate_limited":0,"verify_us_max":0,"floors":[{"src":25344,"epoch":139,"counter":1}]}
1791632563.392 {"t":"rec","node":33120,"up_ms":567325,"settled":1,"sent":2265,"received":2241,"malformed":0,"views":4,"replies_fenced":0,"actors":[{"key":1245650351,"running":0,"term":0,"owner":25344,"owner_term":5,"assigned":25344,"starts":0,"fenced":0,"released":0}]}
1791632563.731 {"t":"node","up_ms":567340,"node":33120,"epoch":281,"peers_alive":2,"peers_dead":0,"no_radio":0,"free_dram":250307,"largest_block":172032,"rx":{"total":27184,"bad_frame":0,"unknown_peer":10,"wrong_dst":0,"short_payload":0,"unknown_opcode":0,"queue_dropped":50},"tx":{"total":9853,"enqueue_err":0,"done_queue_dropped":0},"membership":{"deaths":1,"revivals":0,"reboots_seen":1,"table_full":0,"events_dropped":0}}
1791632563.731 {"t":"ns","node":33120,"hash":13581963,"owner":33120,"kind":"sampled","unit":100,"class":4,"bound_ms":5000,"quality":"GOOD","age_ms":354,"ts":567026,"updates":54,"value":2}
1791632563.731 {"t":"ns","node":33120,"hash":3142365229,"owner":33120,"kind":"sampled","unit":101,"class":4,"bound_ms":30000,"quality":"GOOD","age_ms":370,"ts":567025,"updates":54,"value":172032}
1791632563.731 {"t":"ns","node":33120,"hash":1245650351,"owner":25344,"kind":"sampled","unit":0,"class":3,"bound_ms":500,"quality":"NO_DATA","age_ms":0,"ts":0,"updates":0,"value":null}
1791632563.731 {"t":"ns","node":33120,"hash":2033492666,"owner":33120,"kind":"sampled","unit":0,"class":3,"bound_ms":0,"quality":"NO_DATA","age_ms":0,"ts":0,"updates":0,"value":null}
1791632563.731 {"t":"ns","node":33120,"hash":2347817554,"owner":33120,"kind":"sampled","unit":100,"class":4,"bound_ms":0,"quality":"GOOD","age_ms":411,"ts":567025,"updates":54,"value":281}
1791632563.731 {"t":"ns","node":33120,"hash":1170356950,"owner":33120,"kind":"sampled","unit":80,"class":4,"bound_ms":30000,"quality":"GOOD","age_ms":425,"ts":567025,"updates":54,"value":567}
1791632563.731 {"t":"ns","node":33120,"hash":3085599597,"owner":33120,"kind":"sampled","unit":0,"class":4,"bound_ms":5000,"quality":"GOOD","age_ms":450,"ts":567026,"updates":54,"value":-21}
1791632563.731 {"t":"ns","node":33120,"hash":2486014333,"owner":33120,"kind":"sampled","unit":101,"class":4,"bound_ms":30000,"quality":"GOOD","age_ms":465,"ts":567025,"updates":54,"value":250307}
1791632573.872 {"t":"clk","node":33120,"up_ms":577504}
1791632573.872 {"t":"led","node":33120,"shows":"green","app":0}
1791632573.872 {"t":"event","at_ms":568384,"node":33120,"kind":"peer_admitted","peer":29544,"slot":0,"a":0,"b":0}
1791632573.872 {"t":"event","at_ms":568724,"node":33120,"kind":"peer_admitted","peer":25344,"slot":1,"a":0,"b":0}
1791632573.872 {"t":"event","at_ms":570385,"node":33120,"kind":"peer_admitted","peer":29544,"slot":0,"a":0,"b":0}
1791632573.872 {"t":"event","at_ms":570724,"node":33120,"kind":"peer_admitted","peer":25344,"slot":1,"a":0,"b":0}
1791632573.872 {"t":"event","at_ms":572384,"node":33120,"kind":"peer_admitted","peer":29544,"slot":0,"a":0,"b":0}
1791632573.872 {"t":"event","at_ms":572724,"node":33120,"kind":"peer_admitted","peer":25344,"slot":1,"a":0,"b":0}
1791632573.872 {"t":"event","at_ms":574385,"node":33120,"kind":"peer_admitted","peer":29544,"slot":0,"a":0,"b":0}
1791632573.872 {"t":"event","at_ms":574724,"node":33120,"kind":"peer_admitted","peer":25344,"slot":1,"a":0,"b":0}
1791632573.872 {"t":"event","at_ms":576385,"node":33120,"kind":"peer_admitted","peer":29544,"slot":0,"a":0,"b":0}
1791632573.872 {"t":"event","at_ms":576724,"node":33120,"kind":"peer_admitted","peer":25344,"slot":1,"a":0,"b":0}
1791632573.872 {"t":"link","up_ms":577591,"node":33120,"peer":29544,"mac":"b8:1f:3f:da:73:68","state":"alive","epoch":169,"espnow_ver":2,"mtu":1446,"misses":0,"rssi":-10,"tx":{"frames":2052,"cb_ok":2052,"cb_fail":0,"enqueue_err":0,"pdr_ppm":1000000},"rx":{"frames":8097,"lost_seqgap":1,"reorder_dup":0,"dropped_bad":0,"hb_lost":2,"bcast_frames":5756,"pdr_ppm":999876},"rtt":{"samples":288,"min_us":5507,"max_us":59593,"timeouts":0,"txq_last_us":2815,"txq_max_us":38713,"remote_turnaround_us":848,"remote_turnaround_max_us":4712,"p50_us":[4000,6000],"p99_us":[42000,60000],"hist":[0,0,0,0,204,62,15,1,3,0,0,3,0,0,0,0]}}
1791632573.872 {"t":"link","up_ms":577644,"node":33120,"peer":25344,"mac":"b8:1f:3f:da:63:00","state":"alive","epoch":242,"espnow_ver":2,"mtu":1446,"misses":0,"rssi":-23,"tx":{"frames":1929,"cb_ok":1919,"cb_fail":10,"enqueue_err":0,"pdr_ppm":994815},"rx":{"frames":7728,"lost_seqgap":0,"reorder_dup":0,"dropped_bad":0,"hb_lost":25,"bcast_frames":5558,"pdr_ppm":1000000},"rtt":{"samples":278,"min_us":5750,"max_us":31779,"timeouts":8,"txq_last_us":3060,"txq_max_us":31509,"remote_turnaround_us":964,"remote_turnaround_max_us":1309,"p50_us":[6000,8000],"p99_us":[11000,16000],"hist":[0,0,0,0,52,205,18,1,0,1,1,0,0,0,0,0]}}
1791632573.872 {"t":"auth","node":33120,"up_ms":577699,"enrolled":1,"required":1,"verified_peers":2,"verified":3,"cache_hits":571,"refused":0,"rate_limited":0,"stale_epoch":0,"verify_us_max":87302,"link_stack_free_b":1524,"crypto_stack_free_b":1220,"tags_ok":3937,"bad_tag":0,"replayed":0,"untagged":0,"bcast_dropped":0,"beacon_epoch_ignored":0,"tag_us_max":1094}
1791632573.872 {"t":"act","node":33120,"setpoint":0,"has_value":0,"writes_served":0}
1791632573.872 {"t":"peers","node":33120,"own_period_ms":100,"own_busy":0,"channel":1,"scanning":0,"scans":0,"hops":0,"found":0,"lost_to_found_ms":0,"moves_followed":0,"moves_refused":0,"sweeps":0,"sweep_found":0,"sweeping":0,"search_visits":0,"relay":0,"fwd_u":0,"fwd_b":0,"fwd_h":0,"relay_dup":5838,"list":[{"id":29544,"state":"alive","via_relay":0,"period_ms":100,"misses":6,"busy":1,"rtt_n":288},{"id":25344,"state":"alive","via_relay":0,"period_ms":100,"misses":6,"busy":0,"rtt_n":278}]}
1791632573.872 {"t":"ss","node":33120,"accepted":0,"unsigned":0,"unknown_sender":0,"bad_signature":0,"replayed":0,"rate_limited":0,"verify_us_max":0,"floors":[{"src":25344,"epoch":139,"counter":1}]}
1791632573.872 {"t":"rec","node":33120,"up_ms":577794,"settled":1,"sent":2307,"received":2275,"malformed":0,"views":4,"replies_fenced":0,"actors":[{"key":1245650351,"running":0,"term":0,"owner":25344,"owner_term":5,"assigned":25344,"starts":0,"fenced":0,"released":0}]}
1791632573.872 {"t":"node","up_ms":577810,"node":33120,"epoch":281,"peers_alive":2,"peers_dead":0,"no_radio":0,"free_dram":250055,"largest_block":172032,"rx":{"total":27686,"bad_frame":0,"unknown_peer":10,"wrong_dst":0,"short_payload":0,"unknown_opcode":0,"queue_dropped":50},"tx":{"total":10035,"enqueue_err":0,"done_queue_dropped":0},"membership":{"deaths":1,"revivals":0,"reboots_seen":1,"table_full":0,"events_dropped":0}}
1791632574.198 {"t":"ns","node":33120,"hash":13581963,"owner":33120,"kind":"sampled","unit":100,"class":4,"bound_ms":5000,"quality":"GOOD","age_ms":343,"ts":577507,"updates":55,"value":2}
1791632574.198 {"t":"ns","node":33120,"hash":3142365229,"owner":33120,"kind":"sampled","unit":101,"class":4,"bound_ms":30000,"quality":"GOOD","age_ms":357,"ts":577507,"updates":55,"value":172032}
1791632574.198 {"t":"ns","node":33120,"hash":1245650351,"owner":25344,"kind":"sampled","unit":0,"class":3,"bound_ms":500,"quality":"NO_DATA","age_ms":0,"ts":0,"updates":0,"value":null}
1791632574.198 {"t":"ns","node":33120,"hash":2033492666,"owner":33120,"kind":"sampled","unit":0,"class":3,"bound_ms":0,"quality":"NO_DATA","age_ms":0,"ts":0,"updates":0,"value":null}
1791632574.198 {"t":"ns","node":33120,"hash":2347817554,"owner":33120,"kind":"sampled","unit":100,"class":4,"bound_ms":0,"quality":"GOOD","age_ms":401,"ts":577507,"updates":55,"value":281}
1791632574.198 {"t":"ns","node":33120,"hash":1170356950,"owner":33120,"kind":"sampled","unit":80,"class":4,"bound_ms":30000,"quality":"GOOD","age_ms":416,"ts":577507,"updates":55,"value":577}
1791632574.198 {"t":"ns","node":33120,"hash":3085599597,"owner":33120,"kind":"sampled","unit":0,"class":4,"bound_ms":5000,"quality":"GOOD","age_ms":430,"ts":577507,"updates":55,"value":-21}
1791632574.198 {"t":"ns","node":33120,"hash":2486014333,"owner":33120,"kind":"sampled","unit":101,"class":4,"bound_ms":30000,"quality":"GOOD","age_ms":455,"ts":577507,"updates":55,"value":250087}
1791632584.344 {"t":"clk","node":33120,"up_ms":587976}
1791632584.344 {"t":"led","node":33120,"shows":"green","app":0}
1791632584.344 {"t":"event","at_ms":578385,"node":33120,"kind":"peer_admitted","peer":29544,"slot":0,"a":0,"b":0}
1791632584.344 {"t":"event","at_ms":578724,"node":33120,"kind":"peer_admitted","peer":25344,"slot":1,"a":0,"b":0}
1791632584.344 {"t":"event","at_ms":580385,"node":33120,"kind":"peer_admitted","peer":29544,"slot":0,"a":0,"b":0}
1791632584.344 {"t":"event","at_ms":580724,"node":33120,"kind":"peer_admitted","peer":25344,"slot":1,"a":0,"b":0}
1791632584.344 {"t":"event","at_ms":582385,"node":33120,"kind":"peer_admitted","peer":29544,"slot":0,"a":0,"b":0}
1791632584.344 {"t":"event","at_ms":582724,"node":33120,"kind":"peer_admitted","peer":25344,"slot":1,"a":0,"b":0}
1791632584.344 {"t":"event","at_ms":584388,"node":33120,"kind":"peer_admitted","peer":29544,"slot":0,"a":0,"b":0}
1791632584.344 {"t":"event","at_ms":584724,"node":33120,"kind":"peer_admitted","peer":25344,"slot":1,"a":0,"b":0}
1791632584.344 {"t":"event","at_ms":586385,"node":33120,"kind":"peer_admitted","peer":29544,"slot":0,"a":0,"b":0}
1791632584.344 {"t":"event","at_ms":586727,"node":33120,"kind":"peer_admitted","peer":25344,"slot":1,"a":0,"b":0}
1791632584.344 {"t":"link","up_ms":588061,"node":33120,"peer":29544,"mac":"b8:1f:3f:da:73:68","state":"alive","epoch":169,"espnow_ver":2,"mtu":1446,"misses":0,"rssi":-10,"tx":{"frames":2088,"cb_ok":2088,"cb_fail":0,"enqueue_err":0,"pdr_ppm":1000000},"rx":{"frames":8243,"lost_seqgap":1,"reorder_dup":0,"dropped_bad":0,"hb_lost":2,"bcast_frames":5861,"pdr_ppm":999878},"rtt":{"samples":293,"min_us":5496,"max_us":59593,"timeouts":0,"txq_last_us":2714,"txq_max_us":38713,"remote_turnaround_us":4925,"remote_turnaround_max_us":4925,"p50_us":[4000,6000],"p99_us":[42000,60000],"hist":[0,0,0,0,207,62,16,2,3,0,0,3,0,0,0,0]}}
1791632584.344 {"t":"link","up_ms":588115,"node":33120,"peer":25344,"mac":"b8:1f:3f:da:63:00","state":"alive","epoch":242,"espnow_ver":2,"mtu":1446,"misses":0,"rssi":-21,"tx":{"frames":1964,"cb_ok":1954,"cb_fail":10,"enqueue_err":0,"pdr_ppm":994908},"rx":{"frames":7867,"lost_seqgap":0,"reorder_dup":0,"dropped_bad":0,"hb_lost":25,"bcast_frames":5663,"pdr_ppm":1000000},"rtt":{"samples":284,"min_us":5750,"max_us":31779,"timeouts":8,"txq_last_us":3060,"txq_max_us":31509,"remote_turnaround_us":951,"remote_turnaround_max_us":1309,"p50_us":[6000,8000],"p99_us":[11000,16000],"hist":[0,0,0,0,55,208,18,1,0,1,1,0,0,0,0,0]}}
1791632584.344 {"t":"auth","node":33120,"up_ms":588170,"enrolled":1,"required":1,"verified_peers":2,"verified":3,"cache_hits":581,"refused":0,"rate_limited":0,"stale_epoch":0,"verify_us_max":87302,"link_stack_free_b":1524,"crypto_stack_free_b":1220,"tags_ok":4002,"bad_tag":0,"replayed":0,"untagged":0,"bcast_dropped":0,"beacon_epoch_ignored":0,"tag_us_max":1094}
1791632584.344 {"t":"act","node":33120,"setpoint":0,"has_value":0,"writes_served":0}
1791632584.344 {"t":"peers","node":33120,"own_period_ms":100,"own_busy":0,"channel":1,"scanning":0,"scans":0,"hops":0,"found":0,"lost_to_found_ms":0,"moves_followed":0,"moves_refused":0,"sweeps":0,"sweep_found":0,"sweeping":0,"search_visits":0,"relay":0,"fwd_u":0,"fwd_b":0,"fwd_h":0,"relay_dup":5948,"list":[{"id":29544,"state":"alive","via_relay":0,"period_ms":100,"misses":6,"busy":1,"rtt_n":293},{"id":25344,"state":"alive","via_relay":0,"period_ms":100,"misses":6,"busy":0,"rtt_n":284}]}
1791632584.344 {"t":"ss","node":33120,"accepted":0,"unsigned":0,"unknown_sender":0,"bad_signature":0,"replayed":0,"rate_limited":0,"verify_us_max":0,"floors":[{"src":25344,"epoch":139,"counter":1}]}
1791632584.344 {"t":"rec","node":33120,"up_ms":588265,"settled":1,"sent":2348,"received":2309,"malformed":0,"views":4,"replies_fenced":0,"actors":[{"key":1245650351,"running":0,"term":0,"owner":25344,"owner_term":5,"assigned":25344,"starts":0,"fenced":0,"released":0}]}
1791632584.344 {"t":"node","up_ms":588291,"node":33120,"epoch":281,"peers_alive":2,"peers_dead":0,"no_radio":0,"free_dram":250307,"largest_block":172032,"rx":{"total":28189,"bad_frame":0,"unknown_peer":10,"wrong_dst":0,"short_payload":0,"unknown_opcode":0,"queue_dropped":50},"tx":{"total":10216,"enqueue_err":0,"done_queue_dropped":0},"membership":{"deaths":1,"revivals":0,"reboots_seen":1,"table_full":0,"events_dropped":0}}
1791632584.670 {"t":"ns","node":33120,"hash":13581963,"owner":33120,"kind":"sampled","unit":100,"class":4,"bound_ms":5000,"quality":"GOOD","age_ms":343,"ts":587978,"updates":56,"value":2}
1791632584.670 {"t":"ns","node":33120,"hash":3142365229,"owner":33120,"kind":"sampled","unit":101,"class":4,"bound_ms":30000,"quality":"GOOD","age_ms":358,"ts":587977,"updates":56,"value":172032}
1791632584.670 {"t":"ns","node":33120,"hash":1245650351,"owner":25344,"kind":"sampled","unit":0,"class":3,"bound_ms":500,"quality":"NO_DATA","age_ms":0,"ts":0,"updates":0,"value":null}
1791632584.670 {"t":"ns","node":33120,"hash":2033492666,"owner":33120,"kind":"sampled","unit":0,"class":3,"bound_ms":0,"quality":"NO_DATA","age_ms":0,"ts":0,"updates":0,"value":null}
1791632584.670 {"t":"ns","node":33120,"hash":2347817554,"owner":33120,"kind":"sampled","unit":100,"class":4,"bound_ms":0,"quality":"GOOD","age_ms":411,"ts":587977,"updates":56,"value":281}
1791632584.670 {"t":"ns","node":33120,"hash":1170356950,"owner":33120,"kind":"sampled","unit":80,"class":4,"bound_ms":30000,"quality":"GOOD","age_ms":425,"ts":587977,"updates":56,"value":587}
1791632584.670 {"t":"ns","node":33120,"hash":3085599597,"owner":33120,"kind":"sampled","unit":0,"class":4,"bound_ms":5000,"quality":"GOOD","age_ms":438,"ts":587978,"updates":56,"value":-22}
1791632584.670 {"t":"ns","node":33120,"hash":2486014333,"owner":33120,"kind":"sampled","unit":101,"class":4,"bound_ms":30000,"quality":"GOOD","age_ms":453,"ts":587977,"updates":56,"value":250307}
1791632594.815 {"t":"clk","node":33120,"up_ms":598445}
1791632594.815 {"t":"led","node":33120,"shows":"green","app":0}
1791632594.815 {"t":"event","at_ms":588385,"node":33120,"kind":"peer_admitted","peer":29544,"slot":0,"a":0,"b":0}
1791632594.815 {"t":"event","at_ms":588727,"node":33120,"kind":"peer_admitted","peer":25344,"slot":1,"a":0,"b":0}
1791632594.815 {"t":"event","at_ms":590385,"node":33120,"kind":"peer_admitted","peer":29544,"slot":0,"a":0,"b":0}
1791632594.815 {"t":"event","at_ms":590724,"node":33120,"kind":"peer_admitted","peer":25344,"slot":1,"a":0,"b":0}
1791632594.815 {"t":"event","at_ms":592385,"node":33120,"kind":"peer_admitted","peer":29544,"slot":0,"a":0,"b":0}
1791632594.815 {"t":"event","at_ms":592724,"node":33120,"kind":"peer_admitted","peer":25344,"slot":1,"a":0,"b":0}
1791632594.815 {"t":"event","at_ms":594385,"node":33120,"kind":"peer_admitted","peer":29544,"slot":0,"a":0,"b":0}
1791632594.815 {"t":"event","at_ms":594724,"node":33120,"kind":"peer_admitted","peer":25344,"slot":1,"a":0,"b":0}
1791632594.815 {"t":"event","at_ms":596385,"node":33120,"kind":"peer_admitted","peer":29544,"slot":0,"a":0,"b":0}
1791632594.815 {"t":"event","at_ms":596731,"node":33120,"kind":"peer_admitted","peer":25344,"slot":1,"a":0,"b":0}
1791632594.816 {"t":"event","at_ms":598385,"node":33120,"kind":"peer_admitted","peer":29544,"slot":0,"a":0,"b":0}
1791632594.816 {"t":"link","up_ms":598542,"node":33120,"peer":29544,"mac":"b8:1f:3f:da:73:68","state":"alive","epoch":169,"espnow_ver":2,"mtu":1446,"misses":0,"rssi":-10,"tx":{"frames":2126,"cb_ok":2126,"cb_fail":0,"enqueue_err":0,"pdr_ppm":1000000},"rx":{"frames":8390,"lost_seqgap":1,"reorder_dup":0,"dropped_bad":0,"hb_lost":2,"bcast_frames":5965,"pdr_ppm":999880},"rtt":{"samples":298,"min_us":5391,"max_us":59593,"timeouts":0,"txq_last_us":12170,"txq_max_us":38713,"remote_turnaround_us":689,"remote_turnaround_max_us":4925,"p50_us":[4000,6000],"p99_us":[42000,60000],"hist":[0,0,0,0,209,63,16,2,4,0,1,3,0,0,0,0]}}
1791632594.816 {"t":"link","up_ms":598597,"node":33120,"peer":25344,"mac":"b8:1f:3f:da:63:00","state":"alive","epoch":242,"espnow_ver":2,"mtu":1446,"misses":0,"rssi":-21,"tx":{"frames":1999,"cb_ok":1989,"cb_fail":10,"enqueue_err":0,"pdr_ppm":994997},"rx":{"frames":8003,"lost_seqgap":0,"reorder_dup":0,"dropped_bad":0,"hb_lost":27,"bcast_frames":5766,"pdr_ppm":1000000},"rtt":{"samples":289,"min_us":5750,"max_us":31779,"timeouts":8,"txq_last_us":3060,"txq_max_us":31509,"remote_turnaround_us":1003,"remote_turnaround_max_us":1309,"p50_us":[6000,8000],"p99_us":[11000,16000],"hist":[0,0,0,0,57,211,18,1,0,1,1,0,0,0,0,0]}}
1791632594.816 {"t":"auth","node":33120,"up_ms":598651,"enrolled":1,"required":1,"verified_peers":2,"verified":3,"cache_hits":592,"refused":0,"rate_limited":0,"stale_epoch":0,"verify_us_max":87302,"link_stack_free_b":1524,"crypto_stack_free_b":1220,"tags_ok":4067,"bad_tag":0,"replayed":0,"untagged":0,"bcast_dropped":0,"beacon_epoch_ignored":0,"tag_us_max":1094}
1791632594.816 {"t":"act","node":33120,"setpoint":0,"has_value":0,"writes_served":0}
1791632594.816 {"t":"peers","node":33120,"own_period_ms":100,"own_busy":0,"channel":1,"scanning":0,"scans":0,"hops":0,"found":0,"lost_to_found_ms":0,"moves_followed":0,"moves_refused":0,"sweeps":0,"sweep_found":0,"sweeping":0,"search_visits":0,"relay":0,"fwd_u":0,"fwd_b":0,"fwd_h":0,"relay_dup":6056,"list":[{"id":29544,"state":"alive","via_relay":0,"period_ms":100,"misses":6,"busy":1,"rtt_n":298},{"id":25344,"state":"alive","via_relay":0,"period_ms":100,"misses":6,"busy":0,"rtt_n":289}]}
1791632594.816 {"t":"ss","node":33120,"accepted":0,"unsigned":0,"unknown_sender":0,"bad_signature":0,"replayed":0,"rate_limited":0,"verify_us_max":0,"floors":[{"src":25344,"epoch":139,"counter":1}]}
1791632594.816 {"t":"rec","node":33120,"up_ms":598746,"settled":1,"sent":2390,"received":2343,"malformed":0,"views":4,"replies_fenced":0,"actors":[{"key":1245650351,"running":0,"term":0,"owner":25344,"owner_term":5,"assigned":25344,"starts":0,"fenced":0,"released":0}]}
1791632595.151 {"t":"node","up_ms":598761,"node":33120,"epoch":281,"peers_alive":2,"peers_dead":0,"no_radio":0,"free_dram":250307,"largest_block":172032,"rx":{"total":28690,"bad_frame":0,"unknown_peer":10,"wrong_dst":0,"short_payload":0,"unknown_opcode":0,"queue_dropped":50},"tx":{"total":10398,"enqueue_err":0,"done_queue_dropped":0},"membership":{"deaths":1,"revivals":0,"reboots_seen":1,"table_full":0,"events_dropped":0}}
1791632595.151 {"t":"ns","node":33120,"hash":13581963,"owner":33120,"kind":"sampled","unit":100,"class":4,"bound_ms":5000,"quality":"GOOD","age_ms":354,"ts":598447,"updates":57,"value":2}
1791632595.151 {"t":"ns","node":33120,"hash":3142365229,"owner":33120,"kind":"sampled","unit":101,"class":4,"bound_ms":30000,"quality":"GOOD","age_ms":371,"ts":598446,"updates":57,"value":172032}
1791632595.151 {"t":"ns","node":33120,"hash":1245650351,"owner":25344,"kind":"sampled","unit":0,"class":3,"bound_ms":500,"quality":"NO_DATA","age_ms":0,"ts":0,"updates":0,"value":null}
1791632595.151 {"t":"ns","node":33120,"hash":2033492666,"owner":33120,"kind":"sampled","unit":0,"class":3,"bound_ms":0,"quality":"NO_DATA","age_ms":0,"ts":0,"updates":0,"value":null}
1791632595.151 {"t":"ns","node":33120,"hash":2347817554,"owner":33120,"kind":"sampled","unit":100,"class":4,"bound_ms":0,"quality":"GOOD","age_ms":413,"ts":598446,"updates":57,"value":281}
1791632595.151 {"t":"ns","node":33120,"hash":1170356950,"owner":33120,"kind":"sampled","unit":80,"class":4,"bound_ms":30000,"quality":"GOOD","age_ms":427,"ts":598446,"updates":57,"value":598}
1791632595.151 {"t":"ns","node":33120,"hash":3085599597,"owner":33120,"kind":"sampled","unit":0,"class":4,"bound_ms":5000,"quality":"GOOD","age_ms":440,"ts":598447,"updates":57,"value":-21}
1791632595.151 {"t":"ns","node":33120,"hash":2486014333,"owner":33120,"kind":"sampled","unit":101,"class":4,"bound_ms":30000,"quality":"GOOD","age_ms":466,"ts":598446,"updates":57,"value":250307}
1791632605.294 {"t":"clk","node":33120,"up_ms":608927}
1791632605.294 {"t":"led","node":33120,"shows":"green","app":0}
1791632605.294 {"t":"event","at_ms":598724,"node":33120,"kind":"peer_admitted","peer":25344,"slot":1,"a":0,"b":0}
1791632605.294 {"t":"event","at_ms":600385,"node":33120,"kind":"peer_admitted","peer":29544,"slot":0,"a":0,"b":0}
1791632605.294 {"t":"event","at_ms":600731,"node":33120,"kind":"peer_admitted","peer":25344,"slot":1,"a":0,"b":0}
1791632605.294 {"t":"event","at_ms":602385,"node":33120,"kind":"peer_admitted","peer":29544,"slot":0,"a":0,"b":0}
1791632605.294 {"t":"event","at_ms":602724,"node":33120,"kind":"peer_admitted","peer":25344,"slot":1,"a":0,"b":0}
1791632605.294 {"t":"event","at_ms":604385,"node":33120,"kind":"peer_admitted","peer":29544,"slot":0,"a":0,"b":0}
1791632605.294 {"t":"event","at_ms":604724,"node":33120,"kind":"peer_admitted","peer":25344,"slot":1,"a":0,"b":0}
1791632605.294 {"t":"event","at_ms":606385,"node":33120,"kind":"peer_admitted","peer":29544,"slot":0,"a":0,"b":0}
1791632605.294 {"t":"event","at_ms":606724,"node":33120,"kind":"peer_admitted","peer":25344,"slot":1,"a":0,"b":0}
1791632605.294 {"t":"event","at_ms":608386,"node":33120,"kind":"peer_admitted","peer":29544,"slot":0,"a":0,"b":0}
1791632605.294 {"t":"event","at_ms":608731,"node":33120,"kind":"peer_admitted","peer":25344,"slot":1,"a":0,"b":0}
1791632605.294 {"t":"link","up_ms":609025,"node":33120,"peer":29544,"mac":"b8:1f:3f:da:73:68","state":"alive","epoch":169,"espnow_ver":2,"mtu":1446,"misses":0,"rssi":-10,"tx":{"frames":2163,"cb_ok":2163,"cb_fail":0,"enqueue_err":0,"pdr_ppm":1000000},"rx":{"frames":8536,"lost_seqgap":1,"reorder_dup":0,"dropped_bad":0,"hb_lost":2,"bcast_frames":6070,"pdr_ppm":999882},"rtt":{"samples":304,"min_us":5235,"max_us":59593,"timeouts":0,"txq_last_us":2754,"txq_max_us":38713,"remote_turnaround_us":837,"remote_turnaround_max_us":4925,"p50_us":[4000,6000],"p99_us":[30000,42000],"hist":[0,0,0,0,214,63,16,3,4,0,1,3,0,0,0,0]}}
1791632605.294 {"t":"link","up_ms":609080,"node":33120,"peer":25344,"mac":"b8:1f:3f:da:63:00","state":"alive","epoch":242,"espnow_ver":2,"mtu":1446,"misses":0,"rssi":-21,"tx":{"frames":2034,"cb_ok":2023,"cb_fail":10,"enqueue_err":0,"pdr_ppm":995081},"rx":{"frames":8141,"lost_seqgap":0,"reorder_dup":0,"dropped_bad":0,"hb_lost":27,"bcast_frames":5871,"pdr_ppm":1000000},"rtt":{"samples":294,"min_us":5750,"max_us":31779,"timeouts":8,"txq_last_us":12624,"txq_max_us":31509,"remote_turnaround_us":1026,"remote_turnaround_max_us":1309,"p50_us":[6000,8000],"p99_us":[16000,22000],"hist":[0,0,0,0,59,212,18,2,1,1,1,0,0,0,0,0]}}
1791632605.294 {"t":"auth","node":33120,"up_ms":609134,"enrolled":1,"required":1,"verified_peers":2,"verified":3,"cache_hits":603,"refused":0,"rate_limited":0,"stale_epoch":0,"verify_us_max":87302,"link_stack_free_b":1524,"crypto_stack_free_b":1220,"tags_ok":4130,"bad_tag":0,"replayed":0,"untagged":0,"bcast_dropped":0,"beacon_epoch_ignored":0,"tag_us_max":1094}
1791632605.294 {"t":"act","node":33120,"setpoint":0,"has_value":0,"writes_served":0}
1791632605.294 {"t":"peers","node":33120,"own_period_ms":100,"own_busy":0,"channel":1,"scanning":0,"scans":0,"hops":0,"found":0,"lost_to_found_ms":0,"moves_followed":0,"moves_refused":0,"sweeps":0,"sweep_found":0,"sweeping":0,"search_visits":0,"relay":0,"fwd_u":0,"fwd_b":0,"fwd_h":0,"relay_dup":6166,"list":[{"id":29544,"state":"alive","via_relay":0,"period_ms":100,"misses":6,"busy":1,"rtt_n":304},{"id":25344,"state":"alive","via_relay":0,"period_ms":100,"misses":6,"busy":0,"rtt_n":294}]}
1791632605.294 {"t":"ss","node":33120,"accepted":0,"unsigned":0,"unknown_sender":0,"bad_signature":0,"replayed":0,"rate_limited":0,"verify_us_max":0,"floors":[{"src":25344,"epoch":139,"counter":1}]}
1791632605.294 {"t":"rec","node":33120,"up_ms":609229,"settled":1,"sent":2432,"received":2377,"malformed":0,"views":4,"replies_fenced":0,"actors":[{"key":1245650351,"running":0,"term":0,"owner":25344,"owner_term":5,"assigned":25344,"starts":0,"fenced":0,"released":0}]}
1791632605.627 {"t":"node","up_ms":609244,"node":33120,"epoch":281,"peers_alive":2,"peers_dead":0,"no_radio":0,"free_dram":250307,"largest_block":172032,"rx":{"total":29189,"bad_frame":0,"unknown_peer":10,"wrong_dst":0,"short_payload":0,"unknown_opcode":0,"queue_dropped":50},"tx":{"total":10579,"enqueue_err":0,"done_queue_dropped":0},"membership":{"deaths":1,"revivals":0,"reboots_seen":1,"table_full":0,"events_dropped":0}}
1791632605.627 {"t":"ns","node":33120,"hash":13581963,"owner":33120,"kind":"sampled","unit":100,"class":4,"bound_ms":5000,"quality":"GOOD","age_ms":355,"ts":608929,"updates":58,"value":2}
1791632605.627 {"t":"ns","node":33120,"hash":3142365229,"owner":33120,"kind":"sampled","unit":101,"class":4,"bound_ms":30000,"quality":"GOOD","age_ms":369,"ts":608929,"updates":58,"value":172032}
1791632605.627 {"t":"ns","node":33120,"hash":1245650351,"owner":25344,"kind":"sampled","unit":0,"class":3,"bound_ms":500,"quality":"NO_DATA","age_ms":0,"ts":0,"updates":0,"value":null}
1791632605.627 {"t":"ns","node":33120,"hash":2033492666,"owner":33120,"kind":"sampled","unit":0,"class":3,"bound_ms":0,"quality":"NO_DATA","age_ms":0,"ts":0,"updates":0,"value":null}
1791632605.627 {"t":"ns","node":33120,"hash":2347817554,"owner":33120,"kind":"sampled","unit":100,"class":4,"bound_ms":0,"quality":"GOOD","age_ms":411,"ts":608929,"updates":58,"value":281}
1791632605.627 {"t":"ns","node":33120,"hash":1170356950,"owner":33120,"kind":"sampled","unit":80,"class":4,"bound_ms":30000,"quality":"GOOD","age_ms":425,"ts":608929,"updates":58,"value":608}
1791632605.627 {"t":"ns","node":33120,"hash":3085599597,"owner":33120,"kind":"sampled","unit":0,"class":4,"bound_ms":5000,"quality":"GOOD","age_ms":440,"ts":608929,"updates":58,"value":-21}
1791632605.627 {"t":"ns","node":33120,"hash":2486014333,"owner":33120,"kind":"sampled","unit":101,"class":4,"bound_ms":30000,"quality":"GOOD","age_ms":466,"ts":608928,"updates":58,"value":250307}
1791632615.776 {"t":"clk","node":33120,"up_ms":619409}
1791632615.776 {"t":"led","node":33120,"shows":"green","app":0}
1791632615.776 {"t":"event","at_ms":610385,"node":33120,"kind":"peer_admitted","peer":29544,"slot":0,"a":0,"b":0}
1791632615.776 {"t":"event","at_ms":610724,"node":33120,"kind":"peer_admitted","peer":25344,"slot":1,"a":0,"b":0}
1791632615.776 {"t":"event","at_ms":612385,"node":33120,"kind":"peer_admitted","peer":29544,"slot":0,"a":0,"b":0}
1791632615.776 {"t":"event","at_ms":612724,"node":33120,"kind":"peer_admitted","peer":25344,"slot":1,"a":0,"b":0}
1791632615.776 {"t":"event","at_ms":614385,"node":33120,"kind":"peer_admitted","peer":29544,"slot":0,"a":0,"b":0}
1791632615.776 {"t":"event","at_ms":614724,"node":33120,"kind":"peer_admitted","peer":25344,"slot":1,"a":0,"b":0}
1791632615.776 {"t":"event","at_ms":616385,"node":33120,"kind":"peer_admitted","peer":29544,"slot":0,"a":0,"b":0}
1791632615.776 {"t":"event","at_ms":616724,"node":33120,"kind":"peer_admitted","peer":25344,"slot":1,"a":0,"b":0}
1791632615.776 {"t":"event","at_ms":618385,"node":33120,"kind":"peer_admitted","peer":29544,"slot":0,"a":0,"b":0}
1791632615.776 {"t":"event","at_ms":618724,"node":33120,"kind":"peer_admitted","peer":25344,"slot":1,"a":0,"b":0}
1791632615.776 {"t":"link","up_ms":619494,"node":33120,"peer":29544,"mac":"b8:1f:3f:da:73:68","state":"alive","epoch":169,"espnow_ver":2,"mtu":1446,"misses":0,"rssi":-10,"tx":{"frames":2199,"cb_ok":2199,"cb_fail":0,"enqueue_err":0,"pdr_ppm":1000000},"rx":{"frames":8681,"lost_seqgap":1,"reorder_dup":0,"dropped_bad":0,"hb_lost":2,"bcast_frames":6175,"pdr_ppm":999884},"rtt":{"samples":309,"min_us":5235,"max_us":59593,"timeouts":0,"txq_last_us":2757,"txq_max_us":38713,"remote_turnaround_us":849,"remote_turnaround_max_us":4925,"p50_us":[4000,6000],"p99_us":[30000,42000],"hist":[0,0,0,0,216,64,16,5,4,0,1,3,0,0,0,0]}}
1791632615.776 {"t":"link","up_ms":619547,"node":33120,"peer":25344,"mac":"b8:1f:3f:da:63:00","state":"alive","epoch":242,"espnow_ver":2,"mtu":1446,"misses":0,"rssi":-21,"tx":{"frames":2068,"cb_ok":2058,"cb_fail":10,"enqueue_err":0,"pdr_ppm":995164},"rx":{"frames":8277,"lost_seqgap":0,"reorder_dup":0,"dropped_bad":0,"hb_lost":28,"bcast_frames":5974,"pdr_ppm":1000000},"rtt":{"samples":299,"min_us":5750,"max_us":31779,"timeouts":8,"txq_last_us":12624,"txq_max_us":31509,"remote_turnaround_us":983,"remote_turnaround_max_us":1309,"p50_us":[6000,8000],"p99_us":[16000,22000],"hist":[0,0,0,0,62,213,18,3,1,1,1,0,0,0,0,0]}}
1791632615.776 {"t":"auth","node":33120,"up_ms":619602,"enrolled":1,"required":1,"verified_peers":2,"verified":3,"cache_hits":613,"refused":0,"rate_limited":0,"stale_epoch":0,"verify_us_max":87302,"link_stack_free_b":1524,"crypto_stack_free_b":1220,"tags_ok":4194,"bad_tag":0,"replayed":0,"untagged":0,"bcast_dropped":0,"beacon_epoch_ignored":0,"tag_us_max":1094}
1791632615.776 {"t":"act","node":33120,"setpoint":0,"has_value":0,"writes_served":0}
1791632615.776 {"t":"peers","node":33120,"own_period_ms":100,"own_busy":0,"channel":1,"scanning":0,"scans":0,"hops":0,"found":0,"lost_to_found_ms":0,"moves_followed":0,"moves_refused":0,"sweeps":0,"sweep_found":0,"sweeping":0,"search_visits":0,"relay":0,"fwd_u":0,"fwd_b":0,"fwd_h":0,"relay_dup":6275,"list":[{"id":29544,"state":"alive","via_relay":0,"period_ms":100,"misses":6,"busy":1,"rtt_n":309},{"id":25344,"state":"alive","via_relay":0,"period_ms":100,"misses":6,"busy":0,"rtt_n":299}]}
1791632615.776 {"t":"ss","node":33120,"accepted":0,"unsigned":0,"unknown_sender":0,"bad_signature":0,"replayed":0,"rate_limited":0,"verify_us_max":0,"floors":[{"src":25344,"epoch":139,"counter":1}]}
1791632615.776 {"t":"rec","node":33120,"up_ms":619697,"settled":1,"sent":2474,"received":2412,"malformed":0,"views":4,"replies_fenced":0,"actors":[{"key":1245650351,"running":0,"term":0,"owner":25344,"owner_term":5,"assigned":25344,"starts":0,"fenced":0,"released":0}]}
1791632615.776 {"t":"node","up_ms":619723,"node":33120,"epoch":281,"peers_alive":2,"peers_dead":0,"no_radio":0,"free_dram":250307,"largest_block":172032,"rx":{"total":29688,"bad_frame":0,"unknown_peer":10,"wrong_dst":0,"short_payload":0,"unknown_opcode":0,"queue_dropped":50},"tx":{"total":10760,"enqueue_err":0,"done_queue_dropped":0},"membership":{"deaths":1,"revivals":0,"reboots_seen":1,"table_full":0,"events_dropped":0}}
1791632616.101 {"t":"ns","node":33120,"hash":13581963,"owner":33120,"kind":"sampled","unit":100,"class":4,"bound_ms":5000,"quality":"GOOD","age_ms":341,"ts":619411,"updates":59,"value":2}
1791632616.101 {"t":"ns","node":33120,"hash":3142365229,"owner":33120,"kind":"sampled","unit":101,"class":4,"bound_ms":30000,"quality":"GOOD","age_ms":356,"ts":619410,"updates":59,"value":172032}
1791632616.101 {"t":"ns","node":33120,"hash":1245650351,"owner":25344,"kind":"sampled","unit":0,"class":3,"bound_ms":500,"quality":"NO_DATA","age_ms":0,"ts":0,"updates":0,"value":null}
1791632616.101 {"t":"ns","node":33120,"hash":2033492666,"owner":33120,"kind":"sampled","unit":0,"class":3,"bound_ms":0,"quality":"NO_DATA","age_ms":0,"ts":0,"updates":0,"value":null}
1791632616.101 {"t":"ns","node":33120,"hash":2347817554,"owner":33120,"kind":"sampled","unit":100,"class":4,"bound_ms":0,"quality":"GOOD","age_ms":410,"ts":619410,"updates":59,"value":281}
1791632616.101 {"t":"ns","node":33120,"hash":1170356950,"owner":33120,"kind":"sampled","unit":80,"class":4,"bound_ms":30000,"quality":"GOOD","age_ms":424,"ts":619410,"updates":59,"value":619}
1791632616.101 {"t":"ns","node":33120,"hash":3085599597,"owner":33120,"kind":"sampled","unit":0,"class":4,"bound_ms":5000,"quality":"GOOD","age_ms":437,"ts":619411,"updates":59,"value":-21}
1791632616.101 {"t":"ns","node":33120,"hash":2486014333,"owner":33120,"kind":"sampled","unit":101,"class":4,"bound_ms":30000,"quality":"GOOD","age_ms":452,"ts":619410,"updates":59,"value":250307}
1791632626.243 {"t":"clk","node":33120,"up_ms":629877}
1791632626.243 {"t":"led","node":33120,"shows":"green","app":0}
1791632626.243 {"t":"event","at_ms":620385,"node":33120,"kind":"peer_admitted","peer":29544,"slot":0,"a":0,"b":0}
1791632626.243 {"t":"event","at_ms":620725,"node":33120,"kind":"peer_admitted","peer":25344,"slot":1,"a":0,"b":0}
1791632626.243 {"t":"event","at_ms":622399,"node":33120,"kind":"peer_admitted","peer":29544,"slot":0,"a":0,"b":0}
1791632626.243 {"t":"event","at_ms":622724,"node":33120,"kind":"peer_admitted","peer":25344,"slot":1,"a":0,"b":0}
1791632626.243 {"t":"event","at_ms":624397,"node":33120,"kind":"peer_admitted","peer":29544,"slot":0,"a":0,"b":0}
1791632626.243 {"t":"event","at_ms":624725,"node":33120,"kind":"peer_admitted","peer":25344,"slot":1,"a":0,"b":0}
1791632626.243 {"t":"event","at_ms":626402,"node":33120,"kind":"peer_admitted","peer":29544,"slot":0,"a":0,"b":0}
1791632626.243 {"t":"event","at_ms":626725,"node":33120,"kind":"peer_admitted","peer":25344,"slot":1,"a":0,"b":0}
1791632626.243 {"t":"event","at_ms":628401,"node":33120,"kind":"peer_admitted","peer":29544,"slot":0,"a":0,"b":0}
1791632626.243 {"t":"event","at_ms":628725,"node":33120,"kind":"peer_admitted","peer":25344,"slot":1,"a":0,"b":0}
1791632626.243 {"t":"link","up_ms":629964,"node":33120,"peer":29544,"mac":"b8:1f:3f:da:73:68","state":"alive","epoch":169,"espnow_ver":2,"mtu":1446,"misses":0,"rssi":-10,"tx":{"frames":2235,"cb_ok":2235,"cb_fail":0,"enqueue_err":0,"pdr_ppm":1000000},"rx":{"frames":8828,"lost_seqgap":1,"reorder_dup":0,"dropped_bad":0,"hb_lost":2,"bcast_frames":6280,"pdr_ppm":999886},"rtt":{"samples":314,"min_us":5235,"max_us":59593,"timeouts":0,"txq_last_us":11263,"txq_max_us":38713,"remote_turnaround_us":830,"remote_turnaround_max_us":4925,"p50_us":[4000,6000],"p99_us":[30000,42000],"hist":[0,0,0,0,218,65,16,7,4,0,1,3,0,0,0,0]}}
1791632626.243 {"t":"link","up_ms":630018,"node":33120,"peer":25344,"mac":"b8:1f:3f:da:63:00","state":"alive","epoch":242,"espnow_ver":2,"mtu":1446,"misses":0,"rssi":-21,"tx":{"frames":2103,"cb_ok":2093,"cb_fail":10,"enqueue_err":0,"pdr_ppm":995244},"rx":{"frames":8415,"lost_seqgap":0,"reorder_dup":0,"dropped_bad":0,"hb_lost":28,"bcast_frames":6079,"pdr_ppm":1000000},"rtt":{"samples":305,"min_us":5750,"max_us":31779,"timeouts":8,"txq_last_us":12624,"txq_max_us":31509,"remote_turnaround_us":968,"remote_turnaround_max_us":1309,"p50_us":[6000,8000],"p99_us":[11000,16000],"hist":[0,0,0,0,64,216,18,4,1,1,1,0,0,0,0,0]}}
1791632626.243 {"t":"auth","node":33120,"up_ms":630072,"enrolled":1,"required":1,"verified_peers":2,"verified":3,"cache_hits":623,"refused":0,"rate_limited":0,"stale_epoch":0,"verify_us_max":87302,"link_stack_free_b":1524,"crypto_stack_free_b":1220,"tags_ok":4258,"bad_tag":0,"replayed":0,"untagged":0,"bcast_dropped":0,"beacon_epoch_ignored":0,"tag_us_max":1094}
1791632626.243 {"t":"act","node":33120,"setpoint":0,"has_value":0,"writes_served":0}
1791632626.243 {"t":"peers","node":33120,"own_period_ms":100,"own_busy":0,"channel":1,"scanning":0,"scans":0,"hops":0,"found":0,"lost_to_found_ms":0,"moves_followed":0,"moves_refused":0,"sweeps":0,"sweep_found":0,"sweeping":0,"search_visits":0,"relay":0,"fwd_u":0,"fwd_b":0,"fwd_h":0,"relay_dup":6385,"list":[{"id":29544,"state":"alive","via_relay":0,"period_ms":100,"misses":6,"busy":1,"rtt_n":314},{"id":25344,"state":"alive","via_relay":0,"period_ms":100,"misses":6,"busy":0,"rtt_n":305}]}
1791632626.243 {"t":"ss","node":33120,"accepted":0,"unsigned":0,"unknown_sender":0,"bad_signature":0,"replayed":0,"rate_limited":0,"verify_us_max":0,"floors":[{"src":25344,"epoch":139,"counter":1}]}
1791632626.244 {"t":"rec","node":33120,"up_ms":630168,"settled":1,"sent":2516,"received":2446,"malformed":0,"views":4,"replies_fenced":0,"actors":[{"key":1245650351,"running":0,"term":0,"owner":25344,"owner_term":5,"assigned":25344,"starts":0,"fenced":0,"released":0}]}
1791632626.244 {"t":"node","up_ms":630183,"node":33120,"epoch":281,"peers_alive":2,"peers_dead":0,"no_radio":0,"free_dram":250103,"largest_block":172032,"rx":{"total":30193,"bad_frame":0,"unknown_peer":10,"wrong_dst":0,"short_payload":0,"unknown_opcode":0,"queue_dropped":50},"tx":{"total":10942,"enqueue_err":0,"done_queue_dropped":0},"membership":{"deaths":1,"revivals":0,"reboots_seen":1,"table_full":0,"events_dropped":0}}
1791632626.576 {"t":"ns","node":33120,"hash":13581963,"owner":33120,"kind":"sampled","unit":100,"class":4,"bound_ms":5000,"quality":"GOOD","age_ms":344,"ts":629879,"updates":60,"value":2}
1791632626.576 {"t":"ns","node":33120,"hash":3142365229,"owner":33120,"kind":"sampled","unit":101,"class":4,"bound_ms":30000,"quality":"GOOD","age_ms":358,"ts":629879,"updates":60,"value":172032}
1791632626.576 {"t":"ns","node":33120,"hash":1245650351,"owner":25344,"kind":"sampled","unit":0,"class":3,"bound_ms":500,"quality":"NO_DATA","age_ms":0,"ts":0,"updates":0,"value":null}
1791632626.576 {"t":"ns","node":33120,"hash":2033492666,"owner":33120,"kind":"sampled","unit":0,"class":3,"bound_ms":0,"quality":"NO_DATA","age_ms":0,"ts":0,"updates":0,"value":null}
1791632626.576 {"t":"ns","node":33120,"hash":2347817554,"owner":33120,"kind":"sampled","unit":100,"class":4,"bound_ms":0,"quality":"GOOD","age_ms":400,"ts":629879,"updates":60,"value":281}
1791632626.576 {"t":"ns","node":33120,"hash":1170356950,"owner":33120,"kind":"sampled","unit":80,"class":4,"bound_ms":30000,"quality":"GOOD","age_ms":425,"ts":629879,"updates":60,"value":629}
1791632626.576 {"t":"ns","node":33120,"hash":3085599597,"owner":33120,"kind":"sampled","unit":0,"class":4,"bound_ms":5000,"quality":"GOOD","age_ms":440,"ts":629879,"updates":60,"value":-21}
1791632626.576 {"t":"ns","node":33120,"hash":2486014333,"owner":33120,"kind":"sampled","unit":101,"class":4,"bound_ms":30000,"quality":"GOOD","age_ms":455,"ts":629878,"updates":60,"value":250307}
1791632636.714 {"t":"clk","node":33120,"up_ms":640348}
1791632636.714 {"t":"led","node":33120,"shows":"green","app":0}
1791632636.714 {"t":"event","at_ms":630402,"node":33120,"kind":"peer_admitted","peer":29544,"slot":0,"a":0,"b":0}
1791632636.714 {"t":"event","at_ms":630727,"node":33120,"kind":"peer_admitted","peer":25344,"slot":1,"a":0,"b":0}
1791632636.714 {"t":"event","at_ms":632401,"node":33120,"kind":"peer_admitted","peer":29544,"slot":0,"a":0,"b":0}
1791632636.714 {"t":"event","at_ms":632726,"node":33120,"kind":"peer_admitted","peer":25344,"slot":1,"a":0,"b":0}
1791632636.714 {"t":"event","at_ms":634401,"node":33120,"kind":"peer_admitted","peer":29544,"slot":0,"a":0,"b":0}
1791632636.714 {"t":"event","at_ms":634726,"node":33120,"kind":"peer_admitted","peer":25344,"slot":1,"a":0,"b":0}
1791632636.714 {"t":"event","at_ms":636401,"node":33120,"kind":"peer_admitted","peer":29544,"slot":0,"a":0,"b":0}
1791632636.714 {"t":"event","at_ms":636727,"node":33120,"kind":"peer_admitted","peer":25344,"slot":1,"a":0,"b":0}
1791632636.714 {"t":"event","at_ms":638401,"node":33120,"kind":"peer_admitted","peer":29544,"slot":0,"a":0,"b":0}
1791632636.714 {"t":"event","at_ms":638726,"node":33120,"kind":"peer_admitted","peer":25344,"slot":1,"a":0,"b":0}
1791632636.714 {"t":"event","at_ms":640401,"node":33120,"kind":"peer_admitted","peer":29544,"slot":0,"a":0,"b":0}
1791632636.714 {"t":"link","up_ms":640446,"node":33120,"peer":29544,"mac":"b8:1f:3f:da:73:68","state":"alive","epoch":169,"espnow_ver":2,"mtu":1446,"misses":0,"rssi":-11,"tx":{"frames":2273,"cb_ok":2273,"cb_fail":0,"enqueue_err":0,"pdr_ppm":1000000},"rx":{"frames":8973,"lost_seqgap":1,"reorder_dup":0,"dropped_bad":0,"hb_lost":2,"bcast_frames":6384,"pdr_ppm":999888},"rtt":{"samples":319,"min_us":5235,"max_us":59593,"timeouts":0,"txq_last_us":11263,"txq_max_us":38713,"remote_turnaround_us":840,"remote_turnaround_max_us":4925,"p50_us":[4000,6000],"p99_us":[30000,42000],"hist":[0,0,0,0,223,65,16,7,4,0,1,3,0,0,0,0]}}
1791632636.714 {"t":"link","up_ms":640500,"node":33120,"peer":25344,"mac":"b8:1f:3f:da:63:00","state":"alive","epoch":242,"espnow_ver":2,"mtu":1446,"misses":0,"rssi":-20,"tx":{"frames":2138,"cb_ok":2128,"cb_fail":10,"enqueue_err":0,"pdr_ppm":995322},"rx":{"frames":8553,"lost_seqgap":0,"reorder_dup":0,"dropped_bad":0,"hb_lost":28,"bcast_frames":6184,"pdr_ppm":1000000},"rtt":{"samples":310,"min_us":5750,"max_us":31779,"timeouts":8,"txq_last_us":12624,"txq_max_us":31509,"remote_turnaround_us":1007,"remote_turnaround_max_us":1309,"p50_us":[6000,8000],"p99_us":[11000,16000],"hist":[0,0,0,0,66,219,18,4,1,1,1,0,0,0,0,0]}}
1791632636.714 {"t":"auth","node":33120,"up_ms":640554,"enrolled":1,"required":1,"verified_peers":2,"verified":3,"cache_hits":634,"refused":0,"rate_limited":0,"stale_epoch":0,"verify_us_max":87302,"link_stack_free_b":1524,"crypto_stack_free_b":1220,"tags_ok":4321,"bad_tag":0,"replayed":0,"untagged":0,"bcast_dropped":0,"beacon_epoch_ignored":0,"tag_us_max":1094}
1791632636.714 {"t":"act","node":33120,"setpoint":0,"has_value":0,"writes_served":0}
1791632636.714 {"t":"peers","node":33120,"own_period_ms":100,"own_busy":0,"channel":1,"scanning":0,"scans":0,"hops":0,"found":0,"lost_to_found_ms":0,"moves_followed":0,"moves_refused":0,"sweeps":0,"sweep_found":0,"sweeping":0,"search_visits":0,"relay":0,"fwd_u":0,"fwd_b":0,"fwd_h":0,"relay_dup":6494,"list":[{"id":29544,"state":"alive","via_relay":0,"period_ms":100,"misses":6,"busy":1,"rtt_n":319},{"id":25344,"state":"alive","via_relay":0,"period_ms":100,"misses":6,"busy":0,"rtt_n":310}]}
1791632636.714 {"t":"ss","node":33120,"accepted":0,"unsigned":0,"unknown_sender":0,"bad_signature":0,"replayed":0,"rate_limited":0,"verify_us_max":0,"floors":[{"src":25344,"epoch":139,"counter":1}]}
1791632636.714 {"t":"rec","node":33120,"up_ms":640650,"settled":1,"sent":2558,"received":2480,"malformed":0,"views":4,"replies_fenced":0,"actors":[{"key":1245650351,"running":0,"term":0,"owner":25344,"owner_term":5,"assigned":25344,"starts":0,"fenced":0,"released":0}]}
1791632637.049 {"t":"node","up_ms":640666,"node":33120,"epoch":281,"peers_alive":2,"peers_dead":0,"no_radio":0,"free_dram":250307,"largest_block":172032,"rx":{"total":30694,"bad_frame":0,"unknown_peer":10,"wrong_dst":0,"short_payload":0,"unknown_opcode":0,"queue_dropped":50},"tx":{"total":11124,"enqueue_err":0,"done_queue_dropped":0},"membership":{"deaths":1,"revivals":0,"reboots_seen":1,"table_full":0,"events_dropped":0}}
1791632637.049 {"t":"ns","node":33120,"hash":13581963,"owner":33120,"kind":"sampled","unit":100,"class":4,"bound_ms":5000,"quality":"GOOD","age_ms":356,"ts":640350,"updates":61,"value":2}
1791632637.049 {"t":"ns","node":33120,"hash":3142365229,"owner":33120,"kind":"sampled","unit":101,"class":4,"bound_ms":30000,"quality":"GOOD","age_ms":370,"ts":640350,"updates":61,"value":172032}
1791632637.049 {"t":"ns","node":33120,"hash":1245650351,"owner":25344,"kind":"sampled","unit":0,"class":3,"bound_ms":500,"quality":"NO_DATA","age_ms":0,"ts":0,"updates":0,"value":null}
1791632637.049 {"t":"ns","node":33120,"hash":2033492666,"owner":33120,"kind":"sampled","unit":0,"class":3,"bound_ms":0,"quality":"NO_DATA","age_ms":0,"ts":0,"updates":0,"value":null}
1791632637.049 {"t":"ns","node":33120,"hash":2347817554,"owner":33120,"kind":"sampled","unit":100,"class":4,"bound_ms":0,"quality":"GOOD","age_ms":412,"ts":640350,"updates":61,"value":281}
1791632637.049 {"t":"ns","node":33120,"hash":1170356950,"owner":33120,"kind":"sampled","unit":80,"class":4,"bound_ms":30000,"quality":"GOOD","age_ms":426,"ts":640350,"updates":61,"value":640}
1791632637.049 {"t":"ns","node":33120,"hash":3085599597,"owner":33120,"kind":"sampled","unit":0,"class":4,"bound_ms":5000,"quality":"GOOD","age_ms":440,"ts":640350,"updates":61,"value":-20}
1791632637.049 {"t":"ns","node":33120,"hash":2486014333,"owner":33120,"kind":"sampled","unit":101,"class":4,"bound_ms":30000,"quality":"GOOD","age_ms":454,"ts":640350,"updates":61,"value":250307}
1791632647.196 {"t":"clk","node":33120,"up_ms":650830}
1791632647.196 {"t":"led","node":33120,"shows":"green","app":0}
1791632647.196 {"t":"event","at_ms":640726,"node":33120,"kind":"peer_admitted","peer":25344,"slot":1,"a":0,"b":0}
1791632647.196 {"t":"event","at_ms":642402,"node":33120,"kind":"peer_admitted","peer":29544,"slot":0,"a":0,"b":0}
1791632647.196 {"t":"event","at_ms":642726,"node":33120,"kind":"peer_admitted","peer":25344,"slot":1,"a":0,"b":0}
1791632647.196 {"t":"event","at_ms":644401,"node":33120,"kind":"peer_admitted","peer":29544,"slot":0,"a":0,"b":0}
1791632647.196 {"t":"event","at_ms":644726,"node":33120,"kind":"peer_admitted","peer":25344,"slot":1,"a":0,"b":0}
1791632647.196 {"t":"event","at_ms":646402,"node":33120,"kind":"peer_admitted","peer":29544,"slot":0,"a":0,"b":0}
1791632647.196 {"t":"event","at_ms":646726,"node":33120,"kind":"peer_admitted","peer":25344,"slot":1,"a":0,"b":0}
1791632647.196 {"t":"event","at_ms":648401,"node":33120,"kind":"peer_admitted","peer":29544,"slot":0,"a":0,"b":0}
1791632647.196 {"t":"event","at_ms":648727,"node":33120,"kind":"peer_admitted","peer":25344,"slot":1,"a":0,"b":0}
1791632647.196 {"t":"event","at_ms":650401,"node":33120,"kind":"peer_admitted","peer":29544,"slot":0,"a":0,"b":0}
1791632647.196 {"t":"event","at_ms":650735,"node":33120,"kind":"peer_admitted","peer":25344,"slot":1,"a":0,"b":0}
1791632647.196 {"t":"link","up_ms":650928,"node":33120,"peer":29544,"mac":"b8:1f:3f:da:73:68","state":"alive","epoch":169,"espnow_ver":2,"mtu":1446,"misses":0,"rssi":-10,"tx":{"frames":2310,"cb_ok":2310,"cb_fail":0,"enqueue_err":0,"pdr_ppm":1000000},"rx":{"frames":9120,"lost_seqgap":1,"reorder_dup":0,"dropped_bad":0,"hb_lost":2,"bcast_frames":6489,"pdr_ppm":999890},"rtt":{"samples":325,"min_us":5235,"max_us":59593,"timeouts":0,"txq_last_us":11263,"txq_max_us":38713,"remote_turnaround_us":4982,"remote_turnaround_max_us":4982,"p50_us":[4000,6000],"p99_us":[30000,42000],"hist":[0,0,0,0,227,65,16,9,4,0,1,3,0,0,0,0]}}
1791632647.196 {"t":"link","up_ms":650982,"node":33120,"peer":25344,"mac":"b8:1f:3f:da:63:00","state":"alive","epoch":242,"espnow_ver":2,"mtu":1446,"misses":0,"rssi":-20,"tx":{"frames":2173,"cb_ok":2163,"cb_fail":10,"enqueue_err":0,"pdr_ppm":995398},"rx":{"frames":8690,"lost_seqgap":0,"reorder_dup":0,"dropped_bad":0,"hb_lost":29,"bcast_frames":6288,"pdr_ppm":1000000},"rtt":{"samples":315,"min_us":5750,"max_us":31779,"timeouts":8,"txq_last_us":12624,"txq_max_us":31509,"remote_turnaround_us":936,"remote_turnaround_max_us":1309,"p50_us":[6000,8000],"p99_us":[11000,16000],"hist":[0,0,0,0,69,221,18,4,1,1,1,0,0,0,0,0]}}
1791632647.196 {"t":"auth","node":33120,"up_ms":651036,"enrolled":1,"required":1,"verified_peers":2,"verified":3,"cache_hits":645,"refused":0,"rate_limited":0,"stale_epoch":0,"verify_us_max":87302,"link_stack_free_b":1524,"crypto_stack_free_b":1220,"tags_ok":4385,"bad_tag":0,"replayed":0,"untagged":0,"bcast_dropped":0,"beacon_epoch_ignored":0,"tag_us_max":1094}
1791632647.196 {"t":"act","node":33120,"setpoint":0,"has_value":0,"writes_served":0}
1791632647.196 {"t":"peers","node":33120,"own_period_ms":100,"own_busy":0,"channel":1,"scanning":0,"scans":0,"hops":0,"found":0,"lost_to_found_ms":0,"moves_followed":0,"moves_refused":0,"sweeps":0,"sweep_found":0,"sweeping":0,"search_visits":0,"relay":0,"fwd_u":0,"fwd_b":0,"fwd_h":0,"relay_dup":6604,"list":[{"id":29544,"state":"alive","via_relay":0,"period_ms":100,"misses":6,"busy":1,"rtt_n":325},{"id":25344,"state":"alive","via_relay":0,"period_ms":100,"misses":6,"busy":0,"rtt_n":315}]}
1791632647.196 {"t":"ss","node":33120,"accepted":0,"unsigned":0,"unknown_sender":0,"bad_signature":0,"replayed":0,"rate_limited":0,"verify_us_max":0,"floors":[{"src":25344,"epoch":139,"counter":1}]}
1791632647.196 {"t":"rec","node":33120,"up_ms":651131,"settled":1,"sent":2600,"received":2514,"malformed":0,"views":4,"replies_fenced":0,"actors":[{"key":1245650351,"running":0,"term":0,"owner":25344,"owner_term":5,"assigned":25344,"starts":0,"fenced":0,"released":0}]}
1791632647.530 {"t":"node","up_ms":651146,"node":33120,"epoch":281,"peers_alive":2,"peers_dead":0,"no_radio":0,"free_dram":250307,"largest_block":172032,"rx":{"total":31193,"bad_frame":0,"unknown_peer":10,"wrong_dst":0,"short_payload":0,"unknown_opcode":0,"queue_dropped":50},"tx":{"total":11306,"enqueue_err":0,"done_queue_dropped":0},"membership":{"deaths":1,"revivals":0,"reboots_seen":1,"table_full":0,"events_dropped":0}}
1791632647.530 {"t":"ns","node":33120,"hash":13581963,"owner":33120,"kind":"sampled","unit":100,"class":4,"bound_ms":5000,"quality":"GOOD","age_ms":354,"ts":650832,"updates":62,"value":2}
1791632647.530 {"t":"ns","node":33120,"hash":3142365229,"owner":33120,"kind":"sampled","unit":101,"class":4,"bound_ms":30000,"quality":"GOOD","age_ms":370,"ts":650831,"updates":62,"value":172032}
1791632647.530 {"t":"ns","node":33120,"hash":1245650351,"owner":25344,"kind":"sampled","unit":0,"class":3,"bound_ms":500,"quality":"NO_DATA","age_ms":0,"ts":0,"updates":0,"value":null}
1791632647.530 {"t":"ns","node":33120,"hash":2033492666,"owner":33120,"kind":"sampled","unit":0,"class":3,"bound_ms":0,"quality":"NO_DATA","age_ms":0,"ts":0,"updates":0,"value":null}
1791632647.530 {"t":"ns","node":33120,"hash":2347817554,"owner":33120,"kind":"sampled","unit":100,"class":4,"bound_ms":0,"quality":"GOOD","age_ms":411,"ts":650832,"updates":62,"value":281}
1791632647.530 {"t":"ns","node":33120,"hash":1170356950,"owner":33120,"kind":"sampled","unit":80,"class":4,"bound_ms":30000,"quality":"GOOD","age_ms":424,"ts":650832,"updates":62,"value":650}
1791632647.530 {"t":"ns","node":33120,"hash":3085599597,"owner":33120,"kind":"sampled","unit":0,"class":4,"bound_ms":5000,"quality":"GOOD","age_ms":450,"ts":650832,"updates":62,"value":-21}
1791632647.530 {"t":"ns","node":33120,"hash":2486014333,"owner":33120,"kind":"sampled","unit":101,"class":4,"bound_ms":30000,"quality":"GOOD","age_ms":465,"ts":650831,"updates":62,"value":250307}
1791632651.613 W (656568) pot.m0: peer 0x7368 declared DEAD after 6 misses (678 ms silent)
1791632654.221 W (659188) pot.m0: peer 0x7368 rebooted, epoch now 170
1791632657.676 {"t":"clk","node":33120,"up_ms":661311}
1791632657.677 {"t":"led","node":33120,"shows":"red","app":0}
1791632657.677 {"t":"event","at_ms":652402,"node":33120,"kind":"peer_admitted","peer":29544,"slot":0,"a":0,"b":0}
1791632657.677 {"t":"event","at_ms":652726,"node":33120,"kind":"peer_admitted","peer":25344,"slot":1,"a":0,"b":0}
1791632657.677 {"t":"event","at_ms":654402,"node":33120,"kind":"peer_admitted","peer":29544,"slot":0,"a":0,"b":0}
1791632657.677 {"t":"event","at_ms":654727,"node":33120,"kind":"peer_admitted","peer":25344,"slot":1,"a":0,"b":0}
1791632657.677 {"t":"event","at_ms":655382,"node":33120,"kind":"peer_dead","peer":29544,"slot":0,"a":6,"b":678}
1791632657.677 {"t":"event","at_ms":655517,"node":33120,"kind":"peer_admitted","peer":25344,"slot":1,"a":0,"b":0}
1791632657.677 {"t":"event","at_ms":655715,"node":33120,"kind":"peer_admitted","peer":25344,"slot":1,"a":0,"b":0}
1791632657.677 {"t":"event","at_ms":655810,"node":33120,"kind":"probe_timeout","peer":29544,"slot":0,"a":1666,"b":0}
1791632657.677 {"t":"event","at_ms":656014,"node":33120,"kind":"peer_admitted","peer":25344,"slot":1,"a":0,"b":0}
1791632657.677 {"t":"event","at_ms":656313,"node":33120,"kind":"peer_admitted","peer":25344,"slot":1,"a":0,"b":0}
1791632657.677 {"t":"event","at_ms":656612,"node":33120,"kind":"peer_admitted","peer":25344,"slot":1,"a":0,"b":0}
1791632657.677 {"t":"event","at_ms":656766,"node":33120,"kind":"peer_admitted","peer":25344,"slot":1,"a":0,"b":0}
1791632657.677 {"t":"event","at_ms":656911,"node":33120,"kind":"peer_admitted","peer":25344,"slot":1,"a":0,"b":0}
1791632657.677 {"t":"event","at_ms":657252,"node":33120,"kind":"peer_admitted","peer":25344,"slot":1,"a":0,"b":0}
1791632657.677 {"t":"event","at_ms":657551,"node":33120,"kind":"peer_admitted","peer":25344,"slot":1,"a":0,"b":0}
1791632657.677 {"t":"event","at_ms":657810,"node":33120,"kind":"probe_timeout","peer":29544,"slot":0,"a":1669,"b":0}
1791632657.677 {"t":"event","at_ms":657870,"node":33120,"kind":"peer_admitted","peer":25344,"slot":1,"a":0,"b":0}
1791632657.677 {"t":"event","at_ms":658003,"node":33120,"kind":"peer_rebooted","peer":29544,"slot":0,"a":170,"b":0}
1791632657.677 {"t":"event","at_ms":658005,"node":33120,"kind":"peer_admitted","peer":29544,"slot":0,"a":0,"b":0}
1791632657.677 {"t":"event","at_ms":658219,"node":33120,"kind":"peer_admitted","peer":29544,"slot":0,"a":0,"b":0}
1791632657.677 {"t":"event","at_ms":658258,"node":33120,"kind":"peer_admitted","peer":29544,"slot":0,"a":0,"b":0}
1791632657.677 {"t":"event","at_ms":658341,"node":33120,"kind":"peer_admitted","peer":25344,"slot":1,"a":0,"b":0}
1791632657.677 {"t":"event","at_ms":658426,"node":33120,"kind":"channel_changed","peer":0,"slot":255,"a":1,"b":7}
1791632657.677 {"t":"event","at_ms":658455,"node":33120,"kind":"peer_admitted","peer":25344,"slot":1,"a":0,"b":0}
1791632657.677 {"t":"event","at_ms":658848,"node":33120,"kind":"peer_admitted","peer":25344,"slot":1,"a":0,"b":0}
1791632657.677 {"t":"event","at_ms":659848,"node":33120,"kind":"probe_timeout","peer":29544,"slot":0,"a":1672,"b":0}
1791632657.677 {"t":"event","at_ms":660562,"node":33120,"kind":"peer_admitted","peer":25344,"slot":1,"a":0,"b":0}
1791632657.677 {"t":"event","at_ms":660726,"node":33120,"kind":"peer_admitted","peer":25344,"slot":1,"a":0,"b":0}
1791632657.677 {"t":"link","up_ms":661559,"node":33120,"peer":29544,"mac":"b8:1f:3f:da:73:68","state":"alive","epoch":170,"espnow_ver":2,"mtu":1446,"misses":6,"rssi":-10,"tx":{"frames":2339,"cb_ok":2328,"cb_fail":11,"enqueue_err":0,"pdr_ppm":995297},"rx":{"frames":9183,"lost_seqgap":7,"reorder_dup":0,"dropped_bad":0,"hb_lost":25,"bcast_frames":6531,"pdr_ppm":999238},"rtt":{"samples":326,"min_us":5235,"max_us":59593,"timeouts":3,"txq_last_us":11263,"txq_max_us":38713,"remote_turnaround_us":861,"remote_turnaround_max_us":4982,"p50_us":[4000,6000],"p99_us":[30000,42000],"hist":[0,0,0,0,228,65,16,9,4,0,1,3,0,0,0,0]}}
1791632658.187 {"t":"link","up_ms":661613,"node":33120,"peer":25344,"mac":"b8:1f:3f:da:63:00","state":"alive","epoch":242,"espnow_ver":2,"mtu":1446,"misses":0,"rssi":-22,"tx":{"frames":2225,"cb_ok":2215,"cb_fail":10,"enqueue_err":0,"pdr_ppm":995505},"rx":{"frames":8851,"lost_seqgap":0,"reorder_dup":0,"dropped_bad":0,"hb_lost":31,"bcast_frames":6390,"pdr_ppm":1000000},"rtt":{"samples":320,"min_us":5750,"max_us":31779,"timeouts":8,"txq_last_us":12624,"txq_max_us":31509,"remote_turnaround_us":980,"remote_turnaround_max_us":1309,"p50_us":[6000,8000],"p99_us":[11000,16000],"hist":[0,0,0,0,72,222,19,4,1,1,1,0,0,0,0,0]}}
1791632658.187 {"t":"auth","node":33120,"up_ms":661667,"enrolled":1,"required":1,"verified_peers":2,"verified":7,"cache_hits":663,"refused":0,"rate_limited":0,"stale_epoch":0,"verify_us_max":87302,"link_stack_free_b":1524,"crypto_stack_free_b":1220,"tags_ok":4444,"bad_tag":0,"replayed":0,"untagged":0,"bcast_dropped":0,"beacon_epoch_ignored":0,"tag_us_max":1094}
1791632658.187 {"t":"act","node":33120,"setpoint":0,"has_value":0,"writes_served":0}
1791632658.187 {"t":"peers","node":33120,"own_period_ms":100,"own_busy":0,"channel":1,"scanning":0,"scans":0,"hops":10,"found":0,"lost_to_found_ms":0,"moves_followed":0,"moves_refused":0,"sweeps":1,"sweep_found":0,"sweeping":0,"search_visits":1,"relay":0,"fwd_u":0,"fwd_b":0,"fwd_h":0,"relay_dup":6652,"list":[{"id":29544,"state":"alive","via_relay":0,"period_ms":100,"misses":60,"busy":1,"rtt_n":326},{"id":25344,"state":"alive","via_relay":0,"period_ms":100,"misses":6,"busy":0,"rtt_n":320}]}
1791632658.187 {"t":"ss","node":33120,"accepted":0,"unsigned":0,"unknown_sender":0,"bad_signature":0,"replayed":0,"rate_limited":0,"verify_us_max":0,"floors":[{"src":25344,"epoch":139,"counter":1}]}
1791632658.187 {"t":"rec","node":33120,"up_ms":661752,"settled":1,"sent":2643,"received":2540,"malformed":0,"views":6,"replies_fenced":0,"actors":[{"key":1245650351,"running":0,"term":0,"owner":25344,"owner_term":5,"assigned":25344,"starts":0,"fenced":0,"released":0}]}
1791632658.187 {"t":"node","up_ms":661778,"node":33120,"epoch":281,"peers_alive":2,"peers_dead":0,"no_radio":0,"free_dram":250183,"largest_block":172032,"rx":{"total":31511,"bad_frame":0,"unknown_peer":10,"wrong_dst":0,"short_payload":0,"unknown_opcode":0,"queue_dropped":50},"tx":{"total":11511,"enqueue_err":0,"done_queue_dropped":0},"membership":{"deaths":2,"revivals":0,"reboots_seen":2,"table_full":0,"events_dropped":0}}
1791632658.187 {"t":"ns","node":33120,"hash":13581963,"owner":33120,"kind":"sampled","unit":100,"class":4,"bound_ms":5000,"quality":"GOOD","age_ms":506,"ts":661312,"updates":63,"value":2}
1791632658.187 {"t":"ns","node":33120,"hash":3142365229,"owner":33120,"kind":"sampled","unit":101,"class":4,"bound_ms":30000,"quality":"GOOD","age_ms":520,"ts":661312,"updates":63,"value":172032}
1791632658.187 {"t":"ns","node":33120,"hash":1245650351,"owner":25344,"kind":"sampled","unit":0,"class":3,"bound_ms":500,"quality":"NO_DATA","age_ms":0,"ts":0,"updates":0,"value":null}
1791632658.187 {"t":"ns","node":33120,"hash":2033492666,"owner":33120,"kind":"sampled","unit":0,"class":3,"bound_ms":0,"quality":"NO_DATA","age_ms":0,"ts":0,"updates":0,"value":null}
1791632658.187 {"t":"ns","node":33120,"hash":2347817554,"owner":33120,"kind":"sampled","unit":100,"class":4,"bound_ms":0,"quality":"GOOD","age_ms":562,"ts":661312,"updates":63,"value":281}
1791632658.187 {"t":"ns","node":33120,"hash":1170356950,"owner":33120,"kind":"sampled","unit":80,"class":4,"bound_ms":30000,"quality":"GOOD","age_ms":576,"ts":661312,"updates":63,"value":661}
1791632658.187 {"t":"ns","node":33120,"hash":3085599597,"owner":33120,"kind":"sampled","unit":0,"class":4,"bound_ms":5000,"quality":"GOOD","age_ms":616,"ts":661313,"updates":63,"value":-20}
1791632658.187 {"t":"ns","node":33120,"hash":2486014333,"owner":33120,"kind":"sampled","unit":101,"class":4,"bound_ms":30000,"quality":"GOOD","age_ms":631,"ts":661312,"updates":63,"value":250183}
1791632666.125 I (671088) pot.m0: fw: begin counter 2, 848272 B: ok
1791632668.352 {"t":"clk","node":33120,"up_ms":671957}
1791632668.352 {"t":"led","node":33120,"shows":"green","app":0}
1791632668.352 {"t":"event","at_ms":661848,"node":33120,"kind":"probe_timeout","peer":29544,"slot":0,"a":1677,"b":0}
1791632668.352 {"t":"event","at_ms":662069,"node":33120,"kind":"peer_admitted","peer":29544,"slot":0,"a":0,"b":0}
1791632668.352 {"t":"event","at_ms":662355,"node":33120,"kind":"peer_admitted","peer":29544,"slot":0,"a":0,"b":0}
1791632668.352 {"t":"event","at_ms":662357,"node":33120,"kind":"peer_admitted","peer":29544,"slot":0,"a":0,"b":0}
1791632668.352 {"t":"event","at_ms":662481,"node":33120,"kind":"peer_admitted","peer":29544,"slot":0,"a":0,"b":0}
1791632668.352 {"t":"event","at_ms":662831,"node":33120,"kind":"peer_admitted","peer":25344,"slot":1,"a":0,"b":0}
1791632668.352 {"t":"event","at_ms":664052,"node":33120,"kind":"peer_admitted","peer":29544,"slot":0,"a":0,"b":0}
1791632668.352 {"t":"event","at_ms":664726,"node":33120,"kind":"peer_admitted","peer":25344,"slot":1,"a":0,"b":0}
1791632668.352 {"t":"event","at_ms":666052,"node":33120,"kind":"peer_admitted","peer":29544,"slot":0,"a":0,"b":0}
1791632668.352 {"t":"event","at_ms":666727,"node":33120,"kind":"peer_admitted","peer":25344,"slot":1,"a":0,"b":0}
1791632668.352 {"t":"event","at_ms":668052,"node":33120,"kind":"peer_admitted","peer":29544,"slot":0,"a":0,"b":0}
1791632668.352 {"t":"event","at_ms":668727,"node":33120,"kind":"peer_admitted","peer":25344,"slot":1,"a":0,"b":0}
1791632668.352 {"t":"event","at_ms":670052,"node":33120,"kind":"peer_admitted","peer":29544,"slot":0,"a":0,"b":0}
1791632668.352 {"t":"event","at_ms":670741,"node":33120,"kind":"peer_admitted","peer":25344,"slot":1,"a":0,"b":0}
1791632668.352 {"t":"event","at_ms":672052,"node":33120,"kind":"peer_admitted","peer":29544,"slot":0,"a":0,"b":0}
1791632668.352 {"t":"link","up_ms":672087,"node":33120,"peer":29544,"mac":"b8:1f:3f:da:73:68","state":"alive","epoch":170,"espnow_ver":2,"mtu":1446,"misses":0,"rssi":-10,"tx":{"frames":2379,"cb_ok":2368,"cb_fail":11,"enqueue_err":0,"pdr_ppm":995376},"rx":{"frames":9331,"lost_seqgap":10,"reorder_dup":0,"dropped_bad":0,"hb_lost":36,"bcast_frames":6632,"pdr_ppm":998929},"rtt":{"samples":331,"min_us":5235,"max_us":59593,"timeouts":4,"txq_last_us":11263,"txq_max_us":38713,"remote_turnaround_us":869,"remote_turnaround_max_us":4982,"p50_us":[4000,6000],"p99_us":[30000,42000],"hist":[0,0,0,0,231,67,16,9,4,0,1,3,0,0,0,0]}}
1791632668.352 {"t":"link","up_ms":672171,"node":33120,"peer":25344,"mac":"b8:1f:3f:da:63:00","state":"alive","epoch":242,"espnow_ver":2,"mtu":1446,"misses":0,"rssi":-21,"tx":{"frames":2283,"cb_ok":2273,"cb_fail":10,"enqueue_err":0,"pdr_ppm":995619},"rx":{"frames":9014,"lost_seqgap":0,"reorder_dup":0,"dropped_bad":0,"hb_lost":31,"bcast_frames":6496,"pdr_ppm":1000000},"rtt":{"samples":326,"min_us":5750,"max_us":44797,"timeouts":8,"txq_last_us":40986,"txq_max_us":40986,"remote_turnaround_us":979,"remote_turnaround_max_us":1341,"p50_us":[6000,8000],"p99_us":[16000,22000],"hist":[0,0,0,0,75,224,19,4,1,1,1,1,0,0,0,0]}}
1791632668.352 {"t":"auth","node":33120,"up_ms":672225,"enrolled":1,"required":1,"verified_peers":2,"verified":9,"cache_hits":675,"refused":0,"rate_limited":0,"stale_epoch":0,"verify_us_max":87302,"link_stack_free_b":1524,"crypto_stack_free_b":1220,"tags_ok":4534,"bad_tag":0,"replayed":0,"untagged":0,"bcast_dropped":0,"beacon_epoch_ignored":0,"tag_us_max":1840}
1791632668.352 {"t":"act","node":33120,"setpoint":0,"has_value":0,"writes_served":0}
1791632668.352 {"t":"peers","node":33120,"own_period_ms":100,"own_busy":0,"channel":1,"scanning":0,"scans":0,"hops":10,"found":0,"lost_to_found_ms":0,"moves_followed":0,"moves_refused":0,"sweeps":1,"sweep_found":0,"sweeping":0,"search_visits":1,"relay":0,"fwd_u":0,"fwd_b":0,"fwd_h":0,"relay_dup":6760,"list":[{"id":29544,"state":"alive","via_relay":0,"period_ms":100,"misses":6,"busy":1,"rtt_n":331},{"id":25344,"state":"alive","via_relay":0,"period_ms":100,"misses":6,"busy":0,"rtt_n":326}]}
1791632668.352 {"t":"ss","node":33120,"accepted":0,"unsigned":0,"unknown_sender":0,"bad_signature":0,"replayed":0,"rate_limited":0,"verify_us_max":0,"floors":[{"src":25344,"epoch":139,"counter":1}]}
1791632668.722 {"t":"rec","node":33120,"up_ms":672320,"settled":1,"sent":2685,"received":2576,"malformed":0,"views":6,"replies_fenced":0,"actors":[{"key":1245650351,"running":0,"term":0,"owner":25344,"owner_term":5,"assigned":25344,"starts":0,"fenced":0,"released":0}]}
1791632668.722 {"t":"node","up_ms":672336,"node":33120,"epoch":281,"peers_alive":2,"peers_dead":0,"no_radio":0,"free_dram":249875,"largest_block":172032,"rx":{"total":32045,"bad_frame":0,"unknown_peer":10,"wrong_dst":0,"short_payload":0,"unknown_opcode":0,"queue_dropped":50},"tx":{"total":11723,"enqueue_err":0,"done_queue_dropped":0},"membership":{"deaths":2,"revivals":0,"reboots_seen":2,"table_full":0,"events_dropped":0}}
1791632668.722 {"t":"ns","node":33120,"hash":13581963,"owner":33120,"kind":"sampled","unit":100,"class":4,"bound_ms":5000,"quality":"GOOD","age_ms":417,"ts":671959,"updates":64,"value":2}
1791632668.722 {"t":"ns","node":33120,"hash":3142365229,"owner":33120,"kind":"sampled","unit":101,"class":4,"bound_ms":30000,"quality":"GOOD","age_ms":432,"ts":671958,"updates":64,"value":172032}
1791632668.722 {"t":"ns","node":33120,"hash":1245650351,"owner":25344,"kind":"sampled","unit":0,"class":3,"bound_ms":500,"quality":"NO_DATA","age_ms":0,"ts":0,"updates":0,"value":null}
1791632668.722 {"t":"ns","node":33120,"hash":2033492666,"owner":33120,"kind":"sampled","unit":0,"class":3,"bound_ms":0,"quality":"NO_DATA","age_ms":0,"ts":0,"updates":0,"value":null}
1791632668.722 {"t":"ns","node":33120,"hash":2347817554,"owner":33120,"kind":"sampled","unit":100,"class":4,"bound_ms":0,"quality":"GOOD","age_ms":474,"ts":671958,"updates":64,"value":281}
1791632668.722 {"t":"ns","node":33120,"hash":1170356950,"owner":33120,"kind":"sampled","unit":80,"class":4,"bound_ms":30000,"quality":"GOOD","age_ms":488,"ts":671958,"updates":64,"value":671}
1791632668.722 {"t":"ns","node":33120,"hash":3085599597,"owner":33120,"kind":"sampled","unit":0,"class":4,"bound_ms":5000,"quality":"GOOD","age_ms":512,"ts":671959,"updates":64,"value":-21}
1791632668.722 {"t":"ns","node":33120,"hash":2486014333,"owner":33120,"kind":"sampled","unit":101,"class":4,"bound_ms":30000,"quality":"GOOD","age_ms":528,"ts":671958,"updates":64,"value":250127}
1791632678.892 {"t":"clk","node":33120,"up_ms":682519}
1791632678.892 {"t":"led","node":33120,"shows":"green","app":0}
1791632678.892 {"t":"event","at_ms":672728,"node":33120,"kind":"peer_admitted","peer":25344,"slot":1,"a":0,"b":0}
1791632678.892 {"t":"event","at_ms":674052,"node":33120,"kind":"peer_admitted","peer":29544,"slot":0,"a":0,"b":0}
1791632678.892 {"t":"event","at_ms":674741,"node":33120,"kind":"peer_admitted","peer":25344,"slot":1,"a":0,"b":0}
1791632678.892 {"t":"event","at_ms":676052,"node":33120,"kind":"peer_admitted","peer":29544,"slot":0,"a":0,"b":0}
1791632678.892 {"t":"event","at_ms":676728,"node":33120,"kind":"peer_admitted","peer":25344,"slot":1,"a":0,"b":0}
1791632678.892 {"t":"event","at_ms":678052,"node":33120,"kind":"peer_admitted","peer":29544,"slot":0,"a":0,"b":0}
1791632678.892 {"t":"event","at_ms":678739,"node":33120,"kind":"peer_admitted","peer":25344,"slot":1,"a":0,"b":0}
1791632678.892 {"t":"event","at_ms":680052,"node":33120,"kind":"peer_admitted","peer":29544,"slot":0,"a":0,"b":0}
1791632678.892 {"t":"event","at_ms":680729,"node":33120,"kind":"peer_admitted","peer":25344,"slot":1,"a":0,"b":0}
1791632678.892 {"t":"event","at_ms":682052,"node":33120,"kind":"peer_admitted","peer":29544,"slot":0,"a":0,"b":0}
1791632678.892 {"t":"link","up_ms":682608,"node":33120,"peer":29544,"mac":"b8:1f:3f:da:73:68","state":"alive","epoch":170,"espnow_ver":2,"mtu":1446,"misses":0,"rssi":-9,"tx":{"frames":2414,"cb_ok":2403,"cb_fail":11,"enqueue_err":0,"pdr_ppm":995443},"rx":{"frames":9478,"lost_seqgap":10,"reorder_dup":0,"dropped_bad":0,"hb_lost":36,"bcast_frames":6738,"pdr_ppm":998946},"rtt":{"samples":336,"min_us":5235,"max_us":59593,"timeouts":4,"txq_last_us":2808,"txq_max_us":38713,"remote_turnaround_us":858,"remote_turnaround_max_us":4982,"p50_us":[4000,6000],"p99_us":[30000,42000],"hist":[0,0,0,0,235,68,16,9,4,0,1,3,0,0,0,0]}}
1791632678.892 {"t":"link","up_ms":682663,"node":33120,"peer":25344,"mac":"b8:1f:3f:da:63:00","state":"alive","epoch":242,"espnow_ver":2,"mtu":1446,"misses":0,"rssi":-20,"tx":{"frames":2415,"cb_ok":2405,"cb_fail":10,"enqueue_err":0,"pdr_ppm":995859},"rx":{"frames":9248,"lost_seqgap":0,"reorder_dup":0,"dropped_bad":0,"hb_lost":31,"bcast_frames":6600,"pdr_ppm":1000000},"rtt":{"samples":331,"min_us":5750,"max_us":44797,"timeouts":8,"txq_last_us":2811,"txq_max_us":40986,"remote_turnaround_us":1025,"remote_turnaround_max_us":1341,"p50_us":[6000,8000],"p99_us":[16000,22000],"hist":[0,0,0,0,77,227,19,4,1,1,1,1,0,0,0,0]}}
1791632678.892 {"t":"auth","node":33120,"up_ms":682717,"enrolled":1,"required":1,"verified_peers":2,"verified":9,"cache_hits":685,"refused":0,"rate_limited":0,"stale_epoch":0,"verify_us_max":87302,"link_stack_free_b":1524,"crypto_stack_free_b":1220,"tags_ok":4694,"bad_tag":0,"replayed":0,"untagged":0,"bcast_dropped":0,"beacon_epoch_ignored":0,"tag_us_max":2314}
1791632678.892 {"t":"act","node":33120,"setpoint":0,"has_value":0,"writes_served":0}
1791632678.892 {"t":"peers","node":33120,"own_period_ms":100,"own_busy":0,"channel":1,"scanning":0,"scans":0,"hops":10,"found":0,"lost_to_found_ms":0,"moves_followed":0,"moves_refused":0,"sweeps":1,"sweep_found":0,"sweeping":0,"search_visits":1,"relay":0,"fwd_u":0,"fwd_b":0,"fwd_h":0,"relay_dup":6871,"list":[{"id":29544,"state":"alive","via_relay":0,"period_ms":100,"misses":6,"busy":1,"rtt_n":336},{"id":25344,"state":"alive","via_relay":0,"period_ms":100,"misses":6,"busy":0,"rtt_n":331}]}
1791632678.892 {"t":"ss","node":33120,"accepted":0,"unsigned":0,"unknown_sender":0,"bad_signature":0,"replayed":0,"rate_limited":0,"verify_us_max":0,"floors":[{"src":25344,"epoch":139,"counter":1}]}
1791632678.892 {"t":"rec","node":33120,"up_ms":682815,"settled":1,"sent":2725,"received":2611,"malformed":0,"views":6,"replies_fenced":0,"actors":[{"key":1245650351,"running":0,"term":0,"owner":25344,"owner_term":5,"assigned":25344,"starts":0,"fenced":0,"released":0}]}
1791632678.892 {"t":"node","up_ms":682835,"node":33120,"epoch":281,"peers_alive":2,"peers_dead":0,"no_radio":0,"free_dram":249875,"largest_block":172032,"rx":{"total":32648,"bad_frame":0,"unknown_peer":10,"wrong_dst":0,"short_payload":0,"unknown_opcode":0,"queue_dropped":50},"tx":{"total":12000,"enqueue_err":0,"done_queue_dropped":0},"membership":{"deaths":2,"revivals":0,"reboots_seen":2,"table_full":0,"events_dropped":0}}
1791632679.242 {"t":"ns","node":33120,"hash":13581963,"owner":33120,"kind":"sampled","unit":100,"class":4,"bound_ms":5000,"quality":"GOOD","age_ms":340,"ts":682524,"updates":65,"value":2}
1791632679.242 {"t":"ns","node":33120,"hash":3142365229,"owner":33120,"kind":"sampled","unit":101,"class":4,"bound_ms":30000,"quality":"GOOD","age_ms":354,"ts":682524,"updates":65,"value":172032}
1791632679.242 {"t":"ns","node":33120,"hash":1245650351,"owner":25344,"kind":"sampled","unit":0,"class":3,"bound_ms":500,"quality":"NO_DATA","age_ms":0,"ts":0,"updates":0,"value":null}
1791632679.242 {"t":"ns","node":33120,"hash":2033492666,"owner":33120,"kind":"sampled","unit":0,"class":3,"bound_ms":0,"quality":"NO_DATA","age_ms":0,"ts":0,"updates":0,"value":null}
1791632679.242 {"t":"ns","node":33120,"hash":2347817554,"owner":33120,"kind":"sampled","unit":100,"class":4,"bound_ms":0,"quality":"GOOD","age_ms":436,"ts":682524,"updates":65,"value":281}
1791632679.242 {"t":"ns","node":33120,"hash":1170356950,"owner":33120,"kind":"sampled","unit":80,"class":4,"bound_ms":30000,"quality":"GOOD","age_ms":450,"ts":682524,"updates":65,"value":682}
1791632679.242 {"t":"ns","node":33120,"hash":3085599597,"owner":33120,"kind":"sampled","unit":0,"class":4,"bound_ms":5000,"quality":"GOOD","age_ms":464,"ts":682524,"updates":65,"value":-21}
1791632679.242 {"t":"ns","node":33120,"hash":2486014333,"owner":33120,"kind":"sampled","unit":101,"class":4,"bound_ms":30000,"quality":"GOOD","age_ms":479,"ts":682524,"updates":65,"value":249875}
1791632689.403 {"t":"clk","node":33120,"up_ms":693017}
1791632689.403 {"t":"led","node":33120,"shows":"green","app":0}
1791632689.403 {"t":"event","at_ms":682737,"node":33120,"kind":"peer_admitted","peer":25344,"slot":1,"a":0,"b":0}
1791632689.403 {"t":"event","at_ms":684052,"node":33120,"kind":"peer_admitted","peer":29544,"slot":0,"a":0,"b":0}
1791632689.403 {"t":"event","at_ms":684728,"node":33120,"kind":"peer_admitted","peer":25344,"slot":1,"a":0,"b":0}
1791632689.403 {"t":"event","at_ms":686052,"node":33120,"kind":"peer_admitted","peer":29544,"slot":0,"a":0,"b":0}
1791632689.403 {"t":"event","at_ms":686737,"node":33120,"kind":"peer_admitted","peer":25344,"slot":1,"a":0,"b":0}
1791632689.403 {"t":"event","at_ms":688052,"node":33120,"kind":"peer_admitted","peer":29544,"slot":0,"a":0,"b":0}
1791632689.403 {"t":"event","at_ms":688728,"node":33120,"kind":"peer_admitted","peer":25344,"slot":1,"a":0,"b":0}
1791632689.403 {"t":"event","at_ms":690052,"node":33120,"kind":"peer_admitted","peer":29544,"slot":0,"a":0,"b":0}
1791632689.403 {"t":"event","at_ms":690763,"node":33120,"kind":"peer_admitted","peer":25344,"slot":1,"a":0,"b":0}
1791632689.403 {"t":"event","at_ms":692060,"node":33120,"kind":"peer_admitted","peer":29544,"slot":0,"a":0,"b":0}
1791632689.403 {"t":"event","at_ms":692729,"node":33120,"kind":"peer_admitted","peer":25344,"slot":1,"a":0,"b":0}
1791632689.403 {"t":"link","up_ms":693119,"node":33120,"peer":29544,"mac":"b8:1f:3f:da:73:68","state":"alive","epoch":170,"espnow_ver":2,"mtu":1446,"misses":0,"rssi":-10,"tx":{"frames":2450,"cb_ok":2439,"cb_fail":11,"enqueue_err":0,"pdr_ppm":995510},"rx":{"frames":9625,"lost_seqgap":10,"reorder_dup":0,"dropped_bad":0,"hb_lost":36,"bcast_frames":6843,"pdr_ppm":998962},"rtt":{"samples":342,"min_us":5235,"max_us":59593,"timeouts":4,"txq_last_us":3407,"txq_max_us":38713,"remote_turnaround_us":820,"remote_turnaround_max_us":4982,"p50_us":[4000,6000],"p99_us":[30000,42000],"hist":[0,0,0,0,237,70,17,10,4,0,1,3,0,0,0,0]}}
1791632689.403 {"t":"link","up_ms":693173,"node":33120,"peer":25344,"mac":"b8:1f:3f:da:63:00","state":"alive","epoch":242,"espnow_ver":2,"mtu":1446,"misses":0,"rssi":-21,"tx":{"frames":2546,"cb_ok":2536,"cb_fail":10,"enqueue_err":0,"pdr_ppm":996072},"rx":{"frames":9484,"lost_seqgap":0,"reorder_dup":0,"dropped_bad":0,"hb_lost":31,"bcast_frames":6706,"pdr_ppm":1000000},"rtt":{"samples":336,"min_us":5750,"max_us":44797,"timeouts":8,"txq_last_us":969,"txq_max_us":40986,"remote_turnaround_us":945,"remote_turnaround_max_us":1341,"p50_us":[6000,8000],"p99_us":[16000,22000],"hist":[0,0,0,0,80,228,20,4,1,1,1,1,0,0,0,0]}}
1791632689.403 {"t":"auth","node":33120,"up_ms":693217,"enrolled":1,"required":1,"verified_peers":2,"verified":9,"cache_hits":696,"refused":0,"rate_limited":0,"stale_epoch":0,"verify_us_max":87302,"link_stack_free_b":1524,"crypto_stack_free_b":1220,"tags_ok":4856,"bad_tag":0,"replayed":0,"untagged":0,"bcast_dropped":0,"beacon_epoch_ignored":0,"tag_us_max":2314}
1791632689.403 {"t":"act","node":33120,"setpoint":0,"has_value":0,"writes_served":0}
1791632689.403 {"t":"peers","node":33120,"own_period_ms":100,"own_busy":0,"channel":1,"scanning":0,"scans":0,"hops":10,"found":0,"lost_to_found_ms":0,"moves_followed":0,"moves_refused":0,"sweeps":1,"sweep_found":0,"sweeping":0,"search_visits":1,"relay":0,"fwd_u":0,"fwd_b":0,"fwd_h":0,"relay_dup":6981,"list":[{"id":29544,"state":"alive","via_relay":0,"period_ms":100,"misses":6,"busy":1,"rtt_n":342},{"id":25344,"state":"alive","via_relay":0,"period_ms":100,"misses":6,"busy":0,"rtt_n":336}]}
1791632689.403 {"t":"ss","node":33120,"accepted":0,"unsigned":0,"unknown_sender":0,"bad_signature":0,"replayed":0,"rate_limited":0,"verify_us_max":0,"floors":[{"src":25344,"epoch":139,"counter":1}]}
1791632689.403 {"t":"rec","node":33120,"up_ms":693313,"settled":1,"sent":2766,"received":2645,"malformed":0,"views":6,"replies_fenced":0,"actors":[{"key":1245650351,"running":0,"term":0,"owner":25344,"owner_term":5,"assigned":25344,"starts":0,"fenced":0,"released":0}]}
1791632689.736 {"t":"node","up_ms":693357,"node":33120,"epoch":281,"peers_alive":2,"peers_dead":0,"no_radio":0,"free_dram":249875,"largest_block":172032,"rx":{"total":33247,"bad_frame":0,"unknown_peer":10,"wrong_dst":0,"short_payload":0,"unknown_opcode":0,"queue_dropped":50},"tx":{"total":12277,"enqueue_err":0,"done_queue_dropped":0},"membership":{"deaths":2,"revivals":0,"reboots_seen":2,"table_full":0,"events_dropped":0}}
1791632689.736 {"t":"ns","node":33120,"hash":13581963,"owner":33120,"kind":"sampled","unit":100,"class":4,"bound_ms":5000,"quality":"GOOD","age_ms":368,"ts":693019,"updates":66,"value":2}
1791632689.736 {"t":"ns","node":33120,"hash":3142365229,"owner":33120,"kind":"sampled","unit":101,"class":4,"bound_ms":30000,"quality":"GOOD","age_ms":384,"ts":693018,"updates":66,"value":172032}
1791632689.736 {"t":"ns","node":33120,"hash":1245650351,"owner":25344,"kind":"sampled","unit":0,"class":3,"bound_ms":500,"quality":"NO_DATA","age_ms":0,"ts":0,"updates":0,"value":null}
1791632689.736 {"t":"ns","node":33120,"hash":2033492666,"owner":33120,"kind":"sampled","unit":0,"class":3,"bound_ms":0,"quality":"NO_DATA","age_ms":0,"ts":0,"updates":0,"value":null}
1791632689.736 {"t":"ns","node":33120,"hash":2347817554,"owner":33120,"kind":"sampled","unit":100,"class":4,"bound_ms":0,"quality":"GOOD","age_ms":436,"ts":693019,"updates":66,"value":281}
1791632689.736 {"t":"ns","node":33120,"hash":1170356950,"owner":33120,"kind":"sampled","unit":80,"class":4,"bound_ms":30000,"quality":"GOOD","age_ms":451,"ts":693018,"updates":66,"value":693}
1791632689.736 {"t":"ns","node":33120,"hash":3085599597,"owner":33120,"kind":"sampled","unit":0,"class":4,"bound_ms":5000,"quality":"GOOD","age_ms":465,"ts":693019,"updates":66,"value":-21}
1791632689.736 {"t":"ns","node":33120,"hash":2486014333,"owner":33120,"kind":"sampled","unit":101,"class":4,"bound_ms":30000,"quality":"GOOD","age_ms":480,"ts":693018,"updates":66,"value":250127}
1791632699.899 {"t":"clk","node":33120,"up_ms":703513}
1791632699.899 {"t":"led","node":33120,"shows":"green","app":0}
1791632699.899 {"t":"event","at_ms":694052,"node":33120,"kind":"peer_admitted","peer":29544,"slot":0,"a":0,"b":0}
1791632699.899 {"t":"event","at_ms":694744,"node":33120,"kind":"peer_admitted","peer":25344,"slot":1,"a":0,"b":0}
1791632699.899 {"t":"event","at_ms":696052,"node":33120,"kind":"peer_admitted","peer":29544,"slot":0,"a":0,"b":0}
1791632699.899 {"t":"event","at_ms":696733,"node":33120,"kind":"peer_admitted","peer":25344,"slot":1,"a":0,"b":0}
1791632699.899 {"t":"event","at_ms":698052,"node":33120,"kind":"peer_admitted","peer":29544,"slot":0,"a":0,"b":0}
1791632699.899 {"t":"event","at_ms":698736,"node":33120,"kind":"peer_admitted","peer":25344,"slot":1,"a":0,"b":0}
1791632699.899 {"t":"event","at_ms":700052,"node":33120,"kind":"peer_admitted","peer":29544,"slot":0,"a":0,"b":0}
1791632699.899 {"t":"event","at_ms":700731,"node":33120,"kind":"peer_admitted","peer":25344,"slot":1,"a":0,"b":0}
1791632699.899 {"t":"event","at_ms":702052,"node":33120,"kind":"peer_admitted","peer":29544,"slot":0,"a":0,"b":0}
1791632699.899 {"t":"event","at_ms":702732,"node":33120,"kind":"peer_admitted","peer":25344,"slot":1,"a":0,"b":0}
1791632699.899 {"t":"link","up_ms":703602,"node":33120,"peer":29544,"mac":"b8:1f:3f:da:73:68","state":"alive","epoch":170,"espnow_ver":2,"mtu":1446,"misses":0,"rssi":-10,"tx":{"frames":2486,"cb_ok":2475,"cb_fail":11,"enqueue_err":0,"pdr_ppm":995575},"rx":{"frames":9771,"lost_seqgap":10,"reorder_dup":0,"dropped_bad":0,"hb_lost":36,"bcast_frames":6948,"pdr_ppm":998977},"rtt":{"samples":347,"min_us":5235,"max_us":59593,"timeouts":4,"txq_last_us":3407,"txq_max_us":38713,"remote_turnaround_us":845,"remote_turnaround_max_us":4982,"p50_us":[4000,6000],"p99_us":[30000,42000],"hist":[0,0,0,0,239,72,17,11,4,0,1,3,0,0,0,0]}}
1791632699.899 {"t":"link","up_ms":703656,"node":33120,"peer":25344,"mac":"b8:1f:3f:da:63:00","state":"alive","epoch":242,"espnow_ver":2,"mtu":1446,"misses":0,"rssi":-22,"tx":{"frames":2677,"cb_ok":2667,"cb_fail":10,"enqueue_err":0,"pdr_ppm":996264},"rx":{"frames":9718,"lost_seqgap":0,"reorder_dup":0,"dropped_bad":0,"hb_lost":31,"bcast_frames":6810,"pdr_ppm":1000000},"rtt":{"samples":341,"min_us":5750,"max_us":44797,"timeouts":8,"txq_last_us":934,"txq_max_us":40986,"remote_turnaround_us":1117,"remote_turnaround_max_us":1341,"p50_us":[6000,8000],"p99_us":[16000,22000],"hist":[0,0,0,0,82,231,20,4,1,1,1,1,0,0,0,0]}}
1791632699.899 {"t":"auth","node":33120,"up_ms":703728,"enrolled":1,"required":1,"verified_peers":2,"verified":9,"cache_hits":706,"refused":0,"rate_limited":0,"stale_epoch":0,"verify_us_max":87302,"link_stack_free_b":1524,"crypto_stack_free_b":1220,"tags_ok":5017,"bad_tag":0,"replayed":0,"untagged":0,"bcast_dropped":0,"beacon_epoch_ignored":0,"tag_us_max":2314}
1791632699.899 {"t":"act","node":33120,"setpoint":0,"has_value":0,"writes_served":0}
1791632699.899 {"t":"peers","node":33120,"own_period_ms":100,"own_busy":0,"channel":1,"scanning":0,"scans":0,"hops":10,"found":0,"lost_to_found_ms":0,"moves_followed":0,"moves_refused":0,"sweeps":1,"sweep_found":0,"sweeping":0,"search_visits":1,"relay":0,"fwd_u":0,"fwd_b":0,"fwd_h":0,"relay_dup":7091,"list":[{"id":29544,"state":"alive","via_relay":0,"period_ms":100,"misses":6,"busy":1,"rtt_n":347},{"id":25344,"state":"alive","via_relay":0,"period_ms":100,"misses":6,"busy":0,"rtt_n":341}]}
1791632699.899 {"t":"ss","node":33120,"accepted":0,"unsigned":0,"unknown_sender":0,"bad_signature":0,"replayed":0,"rate_limited":0,"verify_us_max":0,"floors":[{"src":25344,"epoch":139,"counter":1}]}
1791632699.899 {"t":"rec","node":33120,"up_ms":703816,"settled":1,"sent":2807,"received":2680,"malformed":0,"views":6,"replies_fenced":0,"actors":[{"key":1245650351,"running":0,"term":0,"owner":25344,"owner_term":5,"assigned":25344,"starts":0,"fenced":0,"released":0}]}
1791632699.899 {"t":"node","up_ms":703842,"node":33120,"epoch":281,"peers_alive":2,"peers_dead":0,"no_radio":0,"free_dram":250127,"largest_block":172032,"rx":{"total":33848,"bad_frame":0,"unknown_peer":10,"wrong_dst":0,"short_payload":0,"unknown_opcode":0,"queue_dropped":50},"tx":{"total":12554,"enqueue_err":0,"done_queue_dropped":0},"membership":{"deaths":2,"revivals":0,"reboots_seen":2,"table_full":0,"events_dropped":0}}
1791632700.231 {"t":"ns","node":33120,"hash":13581963,"owner":33120,"kind":"sampled","unit":100,"class":4,"bound_ms":5000,"quality":"GOOD","age_ms":368,"ts":703515,"updates":67,"value":2}
1791632700.231 {"t":"ns","node":33120,"hash":3142365229,"owner":33120,"kind":"sampled","unit":101,"class":4,"bound_ms":30000,"quality":"GOOD","age_ms":384,"ts":703514,"updates":67,"value":172032}
1791632700.231 {"t":"ns","node":33120,"hash":1245650351,"owner":25344,"kind":"sampled","unit":0,"class":3,"bound_ms":500,"quality":"NO_DATA","age_ms":0,"ts":0,"updates":0,"value":null}
1791632700.231 {"t":"ns","node":33120,"hash":2033492666,"owner":33120,"kind":"sampled","unit":0,"class":3,"bound_ms":0,"quality":"NO_DATA","age_ms":0,"ts":0,"updates":0,"value":null}
1791632700.231 {"t":"ns","node":33120,"hash":2347817554,"owner":33120,"kind":"sampled","unit":100,"class":4,"bound_ms":0,"quality":"GOOD","age_ms":430,"ts":703514,"updates":67,"value":281}
1791632700.231 {"t":"ns","node":33120,"hash":1170356950,"owner":33120,"kind":"sampled","unit":80,"class":4,"bound_ms":30000,"quality":"GOOD","age_ms":445,"ts":703514,"updates":67,"value":703}
1791632700.231 {"t":"ns","node":33120,"hash":3085599597,"owner":33120,"kind":"sampled","unit":0,"class":4,"bound_ms":5000,"quality":"GOOD","age_ms":459,"ts":703515,"updates":67,"value":-21}
1791632700.231 {"t":"ns","node":33120,"hash":2486014333,"owner":33120,"kind":"sampled","unit":101,"class":4,"bound_ms":30000,"quality":"GOOD","age_ms":474,"ts":703514,"updates":67,"value":250127}
1791632710.389 {"t":"clk","node":33120,"up_ms":714003}
1791632710.389 {"t":"led","node":33120,"shows":"green","app":0}
1791632710.389 {"t":"event","at_ms":704052,"node":33120,"kind":"peer_admitted","peer":29544,"slot":0,"a":0,"b":0}
1791632710.389 {"t":"event","at_ms":704731,"node":33120,"kind":"peer_admitted","peer":25344,"slot":1,"a":0,"b":0}
1791632710.389 {"t":"event","at_ms":706052,"node":33120,"kind":"peer_admitted","peer":29544,"slot":0,"a":0,"b":0}
1791632710.389 {"t":"event","at_ms":706760,"node":33120,"kind":"peer_admitted","peer":25344,"slot":1,"a":0,"b":0}
1791632710.389 {"t":"event","at_ms":708052,"node":33120,"kind":"peer_admitted","peer":29544,"slot":0,"a":0,"b":0}
1791632710.389 {"t":"event","at_ms":708732,"node":33120,"kind":"peer_admitted","peer":25344,"slot":1,"a":0,"b":0}
1791632710.389 {"t":"event","at_ms":710052,"node":33120,"kind":"peer_admitted","peer":29544,"slot":0,"a":0,"b":0}
1791632710.389 {"t":"event","at_ms":710744,"node":33120,"kind":"peer_admitted","peer":25344,"slot":1,"a":0,"b":0}
1791632710.389 {"t":"event","at_ms":712052,"node":33120,"kind":"peer_admitted","peer":29544,"slot":0,"a":0,"b":0}
1791632710.389 {"t":"event","at_ms":712734,"node":33120,"kind":"peer_admitted","peer":25344,"slot":1,"a":0,"b":0}
1791632710.389 {"t":"event","at_ms":714055,"node":33120,"kind":"peer_admitted","peer":29544,"slot":0,"a":0,"b":0}
1791632710.389 {"t":"link","up_ms":714122,"node":33120,"peer":29544,"mac":"b8:1f:3f:da:73:68","state":"alive","epoch":170,"espnow_ver":2,"mtu":1446,"misses":0,"rssi":-10,"tx":{"frames":2523,"cb_ok":2512,"cb_fail":11,"enqueue_err":0,"pdr_ppm":995640},"rx":{"frames":9919,"lost_seqgap":10,"reorder_dup":0,"dropped_bad":0,"hb_lost":36,"bcast_frames":7053,"pdr_ppm":998992},"rtt":{"samples":352,"min_us":5235,"max_us":59593,"timeouts":4,"txq_last_us":3473,"txq_max_us":38713,"remote_turnaround_us":855,"remote_turnaround_max_us":4982,"p50_us":[4000,6000],"p99_us":[30000,42000],"hist":[0,0,0,0,243,73,17,11,4,0,1,3,0,0,0,0]}}
1791632710.389 {"t":"link","up_ms":714176,"node":33120,"peer":25344,"mac":"b8:1f:3f:da:63:00","state":"alive","epoch":242,"espnow_ver":2,"mtu":1446,"misses":0,"rssi":-21,"tx":{"frames":2809,"cb_ok":2799,"cb_fail":10,"enqueue_err":0,"pdr_ppm":996440},"rx":{"frames":9955,"lost_seqgap":0,"reorder_dup":0,"dropped_bad":0,"hb_lost":31,"bcast_frames":6916,"pdr_ppm":1000000},"rtt":{"samples":347,"min_us":5750,"max_us":44797,"timeouts":8,"txq_last_us":934,"txq_max_us":40986,"remote_turnaround_us":893,"remote_turnaround_max_us":1341,"p50_us":[6000,8000],"p99_us":[16000,22000],"hist":[0,0,0,0,83,236,20,4,1,1,1,1,0,0,0,0]}}
1791632710.389 {"t":"auth","node":33120,"up_ms":714219,"enrolled":1,"required":1,"verified_peers":2,"verified":9,"cache_hits":717,"refused":0,"rate_limited":0,"stale_epoch":0,"verify_us_max":87302,"link_stack_free_b":1524,"crypto_stack_free_b":1220,"tags_ok":5181,"bad_tag":0,"replayed":0,"untagged":0,"bcast_dropped":0,"beacon_epoch_ignored":0,"tag_us_max":2314}
1791632710.389 {"t":"act","node":33120,"setpoint":0,"has_value":0,"writes_served":0}
1791632710.390 {"t":"peers","node":33120,"own_period_ms":100,"own_busy":0,"channel":1,"scanning":0,"scans":0,"hops":10,"found":0,"lost_to_found_ms":0,"moves_followed":0,"moves_refused":0,"sweeps":1,"sweep_found":0,"sweeping":0,"search_visits":1,"relay":0,"fwd_u":0,"fwd_b":0,"fwd_h":0,"relay_dup":7201,"list":[{"id":29544,"state":"alive","via_relay":0,"period_ms":100,"misses":6,"busy":1,"rtt_n":352},{"id":25344,"state":"alive","via_relay":0,"period_ms":100,"misses":6,"busy":0,"rtt_n":347}]}
1791632710.390 {"t":"ss","node":33120,"accepted":0,"unsigned":0,"unknown_sender":0,"bad_signature":0,"replayed":0,"rate_limited":0,"verify_us_max":0,"floors":[{"src":25344,"epoch":139,"counter":1}]}
1791632710.390 {"t":"rec","node":33120,"up_ms":714319,"settled":1,"sent":2848,"received":2715,"malformed":0,"views":6,"replies_fenced":0,"actors":[{"key":1245650351,"running":0,"term":0,"owner":25344,"owner_term":5,"assigned":25344,"starts":0,"fenced":0,"released":0}]}
1791632710.728 {"t":"node","up_ms":714345,"node":33120,"epoch":281,"peers_alive":2,"peers_dead":0,"no_radio":0,"free_dram":250127,"largest_block":172032,"rx":{"total":34454,"bad_frame":0,"unknown_peer":10,"wrong_dst":0,"short_payload":0,"unknown_opcode":0,"queue_dropped":50},"tx":{"total":12834,"enqueue_err":0,"done_queue_dropped":0},"membership":{"deaths":2,"revivals":0,"reboots_seen":2,"table_full":0,"events_dropped":0}}
1791632710.728 {"t":"ns","node":33120,"hash":13581963,"owner":33120,"kind":"sampled","unit":100,"class":4,"bound_ms":5000,"quality":"GOOD","age_ms":380,"ts":714005,"updates":68,"value":2}
1791632710.728 {"t":"ns","node":33120,"hash":3142365229,"owner":33120,"kind":"sampled","unit":101,"class":4,"bound_ms":30000,"quality":"GOOD","age_ms":395,"ts":714004,"updates":68,"value":172032}
1791632710.728 {"t":"ns","node":33120,"hash":1245650351,"owner":25344,"kind":"sampled","unit":0,"class":3,"bound_ms":500,"quality":"NO_DATA","age_ms":0,"ts":0,"updates":0,"value":null}
1791632710.728 {"t":"ns","node":33120,"hash":2033492666,"owner":33120,"kind":"sampled","unit":0,"class":3,"bound_ms":0,"quality":"NO_DATA","age_ms":0,"ts":0,"updates":0,"value":null}
1791632710.728 {"t":"ns","node":33120,"hash":2347817554,"owner":33120,"kind":"sampled","unit":100,"class":4,"bound_ms":0,"quality":"GOOD","age_ms":438,"ts":714004,"updates":68,"value":281}
1791632710.728 {"t":"ns","node":33120,"hash":1170356950,"owner":33120,"kind":"sampled","unit":80,"class":4,"bound_ms":30000,"quality":"GOOD","age_ms":451,"ts":714004,"updates":68,"value":714}
1791632710.728 {"t":"ns","node":33120,"hash":3085599597,"owner":33120,"kind":"sampled","unit":0,"class":4,"bound_ms":5000,"quality":"GOOD","age_ms":465,"ts":714005,"updates":68,"value":-21}
1791632710.728 {"t":"ns","node":33120,"hash":2486014333,"owner":33120,"kind":"sampled","unit":101,"class":4,"bound_ms":30000,"quality":"GOOD","age_ms":480,"ts":714004,"updates":68,"value":250127}
1791632720.867 {"t":"clk","node":33120,"up_ms":724499}
1791632720.867 {"t":"led","node":33120,"shows":"green","app":0}
1791632720.867 {"t":"event","at_ms":714739,"node":33120,"kind":"peer_admitted","peer":25344,"slot":1,"a":0,"b":0}
1791632720.867 {"t":"event","at_ms":716052,"node":33120,"kind":"peer_admitted","peer":29544,"slot":0,"a":0,"b":0}
1791632720.867 {"t":"event","at_ms":716732,"node":33120,"kind":"peer_admitted","peer":25344,"slot":1,"a":0,"b":0}
1791632720.867 {"t":"event","at_ms":718052,"node":33120,"kind":"peer_admitted","peer":29544,"slot":0,"a":0,"b":0}
1791632720.867 {"t":"event","at_ms":718786,"node":33120,"kind":"peer_admitted","peer":25344,"slot":1,"a":0,"b":0}
1791632720.867 {"t":"event","at_ms":720052,"node":33120,"kind":"peer_admitted","peer":29544,"slot":0,"a":0,"b":0}
1791632720.867 {"t":"event","at_ms":720733,"node":33120,"kind":"peer_admitted","peer":25344,"slot":1,"a":0,"b":0}
1791632720.867 {"t":"event","at_ms":722055,"node":33120,"kind":"peer_admitted","peer":29544,"slot":0,"a":0,"b":0}
1791632720.867 {"t":"event","at_ms":722764,"node":33120,"kind":"peer_admitted","peer":25344,"slot":1,"a":0,"b":0}
1791632720.867 {"t":"event","at_ms":724083,"node":33120,"kind":"peer_admitted","peer":29544,"slot":0,"a":0,"b":0}
1791632720.867 {"t":"link","up_ms":724587,"node":33120,"peer":29544,"mac":"b8:1f:3f:da:73:68","state":"alive","epoch":170,"espnow_ver":2,"mtu":1446,"misses":0,"rssi":-10,"tx":{"frames":2558,"cb_ok":2547,"cb_fail":11,"enqueue_err":0,"pdr_ppm":995699},"rx":{"frames":10064,"lost_seqgap":10,"reorder_dup":0,"dropped_bad":0,"hb_lost":36,"bcast_frames":7157,"pdr_ppm":999007},"rtt":{"samples":357,"min_us":5235,"max_us":59593,"timeouts":4,"txq_last_us":3473,"txq_max_us":38713,"remote_turnaround_us":869,"remote_turnaround_max_us":4982,"p50_us":[4000,6000],"p99_us":[30000,42000],"hist":[0,0,0,0,248,73,17,11,4,0,1,3,0,0,0,0]}}
1791632720.867 {"t":"link","up_ms":724642,"node":33120,"peer":25344,"mac":"b8:1f:3f:da:63:00","state":"alive","epoch":242,"espnow_ver":2,"mtu":1446,"misses":0,"rssi":-21,"tx":{"frames":2940,"cb_ok":2930,"cb_fail":10,"enqueue_err":0,"pdr_ppm":996598},"rx":{"frames":10189,"lost_seqgap":0,"reorder_dup":0,"dropped_bad":0,"hb_lost":31,"bcast_frames":7020,"pdr_ppm":1000000},"rtt":{"samples":352,"min_us":5750,"max_us":44797,"timeouts":8,"txq_last_us":2760,"txq_max_us":40986,"remote_turnaround_us":1011,"remote_turnaround_max_us":1341,"p50_us":[6000,8000],"p99_us":[22000,30000],"hist":[0,0,0,0,83,239,20,5,1,1,2,1,0,0,0,0]}}
1791632720.867 {"t":"auth","node":33120,"up_ms":724703,"enrolled":1,"required":1,"verified_peers":2,"verified":9,"cache_hits":727,"refused":0,"rate_limited":0,"stale_epoch":0,"verify_us_max":87302,"link_stack_free_b":1524,"crypto_stack_free_b":1220,"tags_ok":5342,"bad_tag":0,"replayed":0,"untagged":0,"bcast_dropped":0,"beacon_epoch_ignored":0,"tag_us_max":2314}
1791632720.867 {"t":"act","node":33120,"setpoint":0,"has_value":0,"writes_served":0}
1791632720.867 {"t":"peers","node":33120,"own_period_ms":100,"own_busy":0,"channel":1,"scanning":0,"scans":0,"hops":10,"found":0,"lost_to_found_ms":0,"moves_followed":0,"moves_refused":0,"sweeps":1,"sweep_found":0,"sweeping":0,"search_visits":1,"relay":0,"fwd_u":0,"fwd_b":0,"fwd_h":0,"relay_dup":7311,"list":[{"id":29544,"state":"alive","via_relay":0,"period_ms":100,"misses":6,"busy":1,"rtt_n":357},{"id":25344,"state":"alive","via_relay":0,"period_ms":100,"misses":6,"busy":0,"rtt_n":352}]}
1791632720.867 {"t":"ss","node":33120,"accepted":0,"unsigned":0,"unknown_sender":0,"bad_signature":0,"replayed":0,"rate_limited":0,"verify_us_max":0,"floors":[{"src":25344,"epoch":139,"counter":1}]}
1791632720.867 {"t":"rec","node":33120,"up_ms":724789,"settled":1,"sent":2888,"received":2750,"malformed":0,"views":6,"replies_fenced":0,"actors":[{"key":1245650351,"running":0,"term":0,"owner":25344,"owner_term":5,"assigned":25344,"starts":0,"fenced":0,"released":0}]}
1791632720.867 {"t":"node","up_ms":724816,"node":33120,"epoch":281,"peers_alive":2,"peers_dead":0,"no_radio":0,"free_dram":250127,"largest_block":172032,"rx":{"total":35056,"bad_frame":0,"unknown_peer":10,"wrong_dst":0,"short_payload":0,"unknown_opcode":0,"queue_dropped":50},"tx":{"total":13111,"enqueue_err":0,"done_queue_dropped":0},"membership":{"deaths":2,"revivals":0,"reboots_seen":2,"table_full":0,"events_dropped":0}}
1791632721.229 {"t":"ns","node":33120,"hash":13581963,"owner":33120,"kind":"sampled","unit":100,"class":4,"bound_ms":5000,"quality":"GOOD","age_ms":341,"ts":724504,"updates":69,"value":2}
1791632721.229 {"t":"ns","node":33120,"hash":3142365229,"owner":33120,"kind":"sampled","unit":101,"class":4,"bound_ms":30000,"quality":"GOOD","age_ms":366,"ts":724504,"updates":69,"value":172032}
1791632721.229 {"t":"ns","node":33120,"hash":1245650351,"owner":25344,"kind":"sampled","unit":0,"class":3,"bound_ms":500,"quality":"NO_DATA","age_ms":0,"ts":0,"updates":0,"value":null}
1791632721.229 {"t":"ns","node":33120,"hash":2033492666,"owner":33120,"kind":"sampled","unit":0,"class":3,"bound_ms":0,"quality":"NO_DATA","age_ms":0,"ts":0,"updates":0,"value":null}
1791632721.229 {"t":"ns","node":33120,"hash":2347817554,"owner":33120,"kind":"sampled","unit":100,"class":4,"bound_ms":0,"quality":"GOOD","age_ms":439,"ts":724504,"updates":69,"value":281}
1791632721.229 {"t":"ns","node":33120,"hash":1170356950,"owner":33120,"kind":"sampled","unit":80,"class":4,"bound_ms":30000,"quality":"GOOD","age_ms":453,"ts":724504,"updates":69,"value":724}
1791632721.229 {"t":"ns","node":33120,"hash":3085599597,"owner":33120,"kind":"sampled","unit":0,"class":4,"bound_ms":5000,"quality":"GOOD","age_ms":467,"ts":724504,"updates":69,"value":-21}
1791632721.229 {"t":"ns","node":33120,"hash":2486014333,"owner":33120,"kind":"sampled","unit":101,"class":4,"bound_ms":30000,"quality":"GOOD","age_ms":482,"ts":724504,"updates":69,"value":249923}
1791632731.386 {"t":"clk","node":33120,"up_ms":735000}
1791632731.386 {"t":"led","node":33120,"shows":"green","app":0}
1791632731.386 {"t":"event","at_ms":724732,"node":33120,"kind":"peer_admitted","peer":25344,"slot":1,"a":0,"b":0}
1791632731.386 {"t":"event","at_ms":726052,"node":33120,"kind":"peer_admitted","peer":29544,"slot":0,"a":0,"b":0}
1791632731.386 {"t":"event","at_ms":726733,"node":33120,"kind":"peer_admitted","peer":25344,"slot":1,"a":0,"b":0}
1791632731.386 {"t":"event","at_ms":728052,"node":33120,"kind":"peer_admitted","peer":29544,"slot":0,"a":0,"b":0}
1791632731.386 {"t":"event","at_ms":728732,"node":33120,"kind":"peer_admitted","peer":25344,"slot":1,"a":0,"b":0}
1791632731.386 {"t":"event","at_ms":730052,"node":33120,"kind":"peer_admitted","peer":29544,"slot":0,"a":0,"b":0}
1791632731.386 {"t":"event","at_ms":730732,"node":33120,"kind":"peer_admitted","peer":25344,"slot":1,"a":0,"b":0}
1791632731.386 {"t":"event","at_ms":732052,"node":33120,"kind":"peer_admitted","peer":29544,"slot":0,"a":0,"b":0}
1791632731.386 {"t":"event","at_ms":732747,"node":33120,"kind":"peer_admitted","peer":25344,"slot":1,"a":0,"b":0}
1791632731.386 {"t":"event","at_ms":734052,"node":33120,"kind":"peer_admitted","peer":29544,"slot":0,"a":0,"b":0}
1791632731.386 {"t":"event","at_ms":734732,"node":33120,"kind":"peer_admitted","peer":25344,"slot":1,"a":0,"b":0}
1791632731.386 {"t":"link","up_ms":735105,"node":33120,"peer":29544,"mac":"b8:1f:3f:da:73:68","state":"alive","epoch":170,"espnow_ver":2,"mtu":1446,"misses":0,"rssi":-9,"tx":{"frames":2595,"cb_ok":2584,"cb_fail":11,"enqueue_err":0,"pdr_ppm":995761},"rx":{"frames":10212,"lost_seqgap":10,"reorder_dup":0,"dropped_bad":0,"hb_lost":36,"bcast_frames":7263,"pdr_ppm":999021},"rtt":{"samples":363,"min_us":5235,"max_us":59593,"timeouts":4,"txq_last_us":3473,"txq_max_us":38713,"remote_turnaround_us":876,"remote_turnaround_max_us":4982,"p50_us":[4000,6000],"p99_us":[30000,42000],"hist":[0,0,0,0,253,74,17,11,4,0,1,3,0,0,0,0]}}
1791632731.386 {"t":"link","up_ms":735149,"node":33120,"peer":25344,"mac":"b8:1f:3f:da:63:00","state":"alive","epoch":242,"espnow_ver":2,"mtu":1446,"misses":0,"rssi":-21,"tx":{"frames":3072,"cb_ok":3062,"cb_fail":10,"enqueue_err":0,"pdr_ppm":996744},"rx":{"frames":10424,"lost_seqgap":0,"reorder_dup":0,"dropped_bad":0,"hb_lost":31,"bcast_frames":7125,"pdr_ppm":1000000},"rtt":{"samples":357,"min_us":5750,"max_us":44797,"timeouts":8,"txq_last_us":2839,"txq_max_us":40986,"remote_turnaround_us":1062,"remote_turnaround_max_us":1341,"p50_us":[6000,8000],"p99_us":[22000,30000],"hist":[0,0,0,0,83,244,20,5,1,1,2,1,0,0,0,0]}}
1791632731.386 {"t":"auth","node":33120,"up_ms":735206,"enrolled":1,"required":1,"verified_peers":2,"verified":9,"cache_hits":738,"refused":0,"rate_limited":0,"stale_epoch":0,"verify_us_max":87302,"link_stack_free_b":1524,"crypto_stack_free_b":1220,"tags_ok":5503,"bad_tag":0,"replayed":0,"untagged":0,"bcast_dropped":0,"beacon_epoch_ignored":0,"tag_us_max":2314}
1791632731.386 {"t":"act","node":33120,"setpoint":0,"has_value":0,"writes_served":0}
1791632731.386 {"t":"peers","node":33120,"own_period_ms":100,"own_busy":0,"channel":1,"scanning":0,"scans":0,"hops":10,"found":0,"lost_to_found_ms":0,"moves_followed":0,"moves_refused":0,"sweeps":1,"sweep_found":0,"sweeping":0,"search_visits":1,"relay":0,"fwd_u":0,"fwd_b":0,"fwd_h":0,"relay_dup":7422,"list":[{"id":29544,"state":"alive","via_relay":0,"period_ms":100,"misses":6,"busy":1,"rtt_n":363},{"id":25344,"state":"alive","via_relay":0,"period_ms":100,"misses":6,"busy":0,"rtt_n":357}]}
1791632731.386 {"t":"ss","node":33120,"accepted":0,"unsigned":0,"unknown_sender":0,"bad_signature":0,"replayed":0,"rate_limited":0,"verify_us_max":0,"floors":[{"src":25344,"epoch":139,"counter":1}]}
1791632731.386 {"t":"rec","node":33120,"up_ms":735301,"settled":1,"sent":2929,"received":2785,"malformed":0,"views":6,"replies_fenced":0,"actors":[{"key":1245650351,"running":0,"term":0,"owner":25344,"owner_term":5,"assigned":25344,"starts":0,"fenced":0,"released":0}]}
1791632731.729 {"t":"node","up_ms":735337,"node":33120,"epoch":281,"peers_alive":2,"peers_dead":0,"no_radio":0,"free_dram":249875,"largest_block":172032,"rx":{"total":35657,"bad_frame":0,"unknown_peer":10,"wrong_dst":0,"short_payload":0,"unknown_opcode":0,"queue_dropped":50},"tx":{"total":13388,"enqueue_err":0,"done_queue_dropped":0},"membership":{"deaths":2,"revivals":0,"reboots_seen":2,"table_full":0,"events_dropped":0}}
1791632731.729 {"t":"ns","node":33120,"hash":13581963,"owner":33120,"kind":"sampled","unit":100,"class":4,"bound_ms":5000,"quality":"GOOD","age_ms":374,"ts":735003,"updates":70,"value":2}
1791632731.729 {"t":"ns","node":33120,"hash":3142365229,"owner":33120,"kind":"sampled","unit":101,"class":4,"bound_ms":30000,"quality":"GOOD","age_ms":388,"ts":735003,"updates":70,"value":172032}
1791632731.729 {"t":"ns","node":33120,"hash":1245650351,"owner":25344,"kind":"sampled","unit":0,"class":3,"bound_ms":500,"quality":"NO_DATA","age_ms":0,"ts":0,"updates":0,"value":null}
1791632731.729 {"t":"ns","node":33120,"hash":2033492666,"owner":33120,"kind":"sampled","unit":0,"class":3,"bound_ms":0,"quality":"NO_DATA","age_ms":0,"ts":0,"updates":0,"value":null}
1791632731.729 {"t":"ns","node":33120,"hash":2347817554,"owner":33120,"kind":"sampled","unit":100,"class":4,"bound_ms":0,"quality":"GOOD","age_ms":434,"ts":735003,"updates":70,"value":281}
1791632731.729 {"t":"ns","node":33120,"hash":1170356950,"owner":33120,"kind":"sampled","unit":80,"class":4,"bound_ms":30000,"quality":"GOOD","age_ms":448,"ts":735003,"updates":70,"value":735}
1791632731.729 {"t":"ns","node":33120,"hash":3085599597,"owner":33120,"kind":"sampled","unit":0,"class":4,"bound_ms":5000,"quality":"GOOD","age_ms":462,"ts":735003,"updates":70,"value":-21}
1791632731.729 {"t":"ns","node":33120,"hash":2486014333,"owner":33120,"kind":"sampled","unit":101,"class":4,"bound_ms":30000,"quality":"GOOD","age_ms":476,"ts":735003,"updates":70,"value":249875}
1791632741.897 {"t":"clk","node":33120,"up_ms":745505}
1791632741.897 {"t":"led","node":33120,"shows":"green","app":0}
1791632741.897 {"t":"event","at_ms":736052,"node":33120,"kind":"peer_admitted","peer":29544,"slot":0,"a":0,"b":0}
1791632741.897 {"t":"event","at_ms":736736,"node":33120,"kind":"peer_admitted","peer":25344,"slot":1,"a":0,"b":0}
1791632741.897 {"t":"event","at_ms":738052,"node":33120,"kind":"peer_admitted","peer":29544,"slot":0,"a":0,"b":0}
1791632741.897 {"t":"event","at_ms":738734,"node":33120,"kind":"peer_admitted","peer":25344,"slot":1,"a":0,"b":0}
1791632741.897 {"t":"event","at_ms":740052,"node":33120,"kind":"peer_admitted","peer":29544,"slot":0,"a":0,"b":0}
1791632741.897 {"t":"event","at_ms":740736,"node":33120,"kind":"peer_admitted","peer":25344,"slot":1,"a":0,"b":0}
1791632741.897 {"t":"event","at_ms":742052,"node":33120,"kind":"peer_admitted","peer":29544,"slot":0,"a":0,"b":0}
1791632741.897 {"t":"event","at_ms":742732,"node":33120,"kind":"peer_admitted","peer":25344,"slot":1,"a":0,"b":0}
1791632741.897 {"t":"event","at_ms":744052,"node":33120,"kind":"peer_admitted","peer":29544,"slot":0,"a":0,"b":0}
1791632741.897 {"t":"event","at_ms":744743,"node":33120,"kind":"peer_admitted","peer":25344,"slot":1,"a":0,"b":0}
1791632741.897 {"t":"link","up_ms":745590,"node":33120,"peer":29544,"mac":"b8:1f:3f:da:73:68","state":"alive","epoch":170,"espnow_ver":2,"mtu":1446,"misses":0,"rssi":-10,"tx":{"frames":2630,"cb_ok":2619,"cb_fail":11,"enqueue_err":0,"pdr_ppm":995817},"rx":{"frames":10357,"lost_seqgap":10,"reorder_dup":0,"dropped_bad":0,"hb_lost":36,"bcast_frames":7367,"pdr_ppm":999035},"rtt":{"samples":368,"min_us":5235,"max_us":59593,"timeouts":4,"txq_last_us":3473,"txq_max_us":38713,"remote_turnaround_us":860,"remote_turnaround_max_us":4982,"p50_us":[4000,6000],"p99_us":[30000,42000],"hist":[0,0,0,0,254,76,17,12,4,1,1,3,0,0,0,0]}}
1791632741.897 {"t":"link","up_ms":745644,"node":33120,"peer":25344,"mac":"b8:1f:3f:da:63:00","state":"alive","epoch":242,"espnow_ver":2,"mtu":1446,"misses":0,"rssi":-21,"tx":{"frames":3203,"cb_ok":3193,"cb_fail":10,"enqueue_err":0,"pdr_ppm":996877},"rx":{"frames":10658,"lost_seqgap":0,"reorder_dup":0,"dropped_bad":0,"hb_lost":31,"bcast_frames":7230,"pdr_ppm":1000000},"rtt":{"samples":362,"min_us":5750,"max_us":44797,"timeouts":8,"txq_last_us":2794,"txq_max_us":40986,"remote_turnaround_us":984,"remote_turnaround_max_us":1341,"p50_us":[6000,8000],"p99_us":[22000,30000],"hist":[0,0,0,0,83,249,20,5,1,1,2,1,0,0,0,0]}}
1791632741.897 {"t":"auth","node":33120,"up_ms":745728,"enrolled":1,"required":1,"verified_peers":2,"verified":9,"cache_hits":748,"refused":0,"rate_limited":0,"stale_epoch":0,"verify_us_max":87302,"link_stack_free_b":1524,"crypto_stack_free_b":1220,"tags_ok":5664,"bad_tag":0,"replayed":0,"untagged":0,"bcast_dropped":0,"beacon_epoch_ignored":0,"tag_us_max":2314}
1791632741.897 {"t":"act","node":33120,"setpoint":0,"has_value":0,"writes_served":0}
1791632741.897 {"t":"peers","node":33120,"own_period_ms":100,"own_busy":0,"channel":1,"scanning":0,"scans":0,"hops":10,"found":0,"lost_to_found_ms":0,"moves_followed":0,"moves_refused":0,"sweeps":1,"sweep_found":0,"sweeping":0,"search_visits":1,"relay":0,"fwd_u":0,"fwd_b":0,"fwd_h":0,"relay_dup":7532,"list":[{"id":29544,"state":"alive","via_relay":0,"period_ms":100,"misses":6,"busy":1,"rtt_n":368},{"id":25344,"state":"alive","via_relay":0,"period_ms":100,"misses":6,"busy":0,"rtt_n":362}]}
1791632741.897 {"t":"ss","node":33120,"accepted":0,"unsigned":0,"unknown_sender":0,"bad_signature":0,"replayed":0,"rate_limited":0,"verify_us_max":0,"floors":[{"src":25344,"epoch":139,"counter":1}]}
1791632741.897 {"t":"rec","node":33120,"up_ms":745816,"settled":1,"sent":2970,"received":2820,"malformed":0,"views":6,"replies_fenced":0,"actors":[{"key":1245650351,"running":0,"term":0,"owner":25344,"owner_term":5,"assigned":25344,"starts":0,"fenced":0,"released":0}]}
1791632741.897 {"t":"node","up_ms":745842,"node":33120,"epoch":281,"peers_alive":2,"peers_dead":0,"no_radio":0,"free_dram":250127,"largest_block":172032,"rx":{"total":36258,"bad_frame":0,"unknown_peer":10,"wrong_dst":0,"short_payload":0,"unknown_opcode":0,"queue_dropped":50},"tx":{"total":13665,"enqueue_err":0,"done_queue_dropped":0},"membership":{"deaths":2,"revivals":0,"reboots_seen":2,"table_full":0,"events_dropped":0}}
1791632742.221 {"t":"ns","node":33120,"hash":13581963,"owner":33120,"kind":"sampled","unit":100,"class":4,"bound_ms":5000,"quality":"GOOD","age_ms":377,"ts":745506,"updates":71,"value":2}
1791632742.221 {"t":"ns","node":33120,"hash":3142365229,"owner":33120,"kind":"sampled","unit":101,"class":4,"bound_ms":30000,"quality":"GOOD","age_ms":392,"ts":745506,"updates":71,"value":172032}
1791632742.221 {"t":"ns","node":33120,"hash":1245650351,"owner":25344,"kind":"sampled","unit":0,"class":3,"bound_ms":500,"quality":"NO_DATA","age_ms":0,"ts":0,"updates":0,"value":null}
1791632742.221 {"t":"ns","node":33120,"hash":2033492666,"owner":33120,"kind":"sampled","unit":0,"class":3,"bound_ms":0,"quality":"NO_DATA","age_ms":0,"ts":0,"updates":0,"value":null}
1791632742.221 {"t":"ns","node":33120,"hash":2347817554,"owner":33120,"kind":"sampled","unit":100,"class":4,"bound_ms":0,"quality":"GOOD","age_ms":439,"ts":745506,"updates":71,"value":281}
1791632742.221 {"t":"ns","node":33120,"hash":1170356950,"owner":33120,"kind":"sampled","unit":80,"class":4,"bound_ms":30000,"quality":"GOOD","age_ms":453,"ts":745506,"updates":71,"value":745}
1791632742.221 {"t":"ns","node":33120,"hash":3085599597,"owner":33120,"kind":"sampled","unit":0,"class":4,"bound_ms":5000,"quality":"GOOD","age_ms":466,"ts":745507,"updates":71,"value":-21}
1791632742.221 {"t":"ns","node":33120,"hash":2486014333,"owner":33120,"kind":"sampled","unit":101,"class":4,"bound_ms":30000,"quality":"GOOD","age_ms":482,"ts":745506,"updates":71,"value":250127}
1791632752.395 {"t":"clk","node":33120,"up_ms":756002}
1791632752.395 {"t":"led","node":33120,"shows":"green","app":0}
1791632752.395 {"t":"event","at_ms":746052,"node":33120,"kind":"peer_admitted","peer":29544,"slot":0,"a":0,"b":0}
1791632752.395 {"t":"event","at_ms":746734,"node":33120,"kind":"peer_admitted","peer":25344,"slot":1,"a":0,"b":0}
1791632752.395 {"t":"event","at_ms":748058,"node":33120,"kind":"peer_admitted","peer":29544,"slot":0,"a":0,"b":0}
1791632752.395 {"t":"event","at_ms":748761,"node":33120,"kind":"peer_admitted","peer":25344,"slot":1,"a":0,"b":0}
1791632752.395 {"t":"event","at_ms":750065,"node":33120,"kind":"peer_admitted","peer":29544,"slot":0,"a":0,"b":0}
1791632752.395 {"t":"event","at_ms":750733,"node":33120,"kind":"peer_admitted","peer":25344,"slot":1,"a":0,"b":0}
1791632752.395 {"t":"event","at_ms":752052,"node":33120,"kind":"peer_admitted","peer":29544,"slot":0,"a":0,"b":0}
1791632752.395 {"t":"event","at_ms":752733,"node":33120,"kind":"peer_admitted","peer":25344,"slot":1,"a":0,"b":0}
1791632752.395 {"t":"event","at_ms":754059,"node":33120,"kind":"peer_admitted","peer":29544,"slot":0,"a":0,"b":0}
1791632752.395 {"t":"event","at_ms":754733,"node":33120,"kind":"peer_admitted","peer":25344,"slot":1,"a":0,"b":0}
1791632752.395 {"t":"event","at_ms":756052,"node":33120,"kind":"peer_admitted","peer":29544,"slot":0,"a":0,"b":0}
1791632752.395 {"t":"link","up_ms":756119,"node":33120,"peer":29544,"mac":"b8:1f:3f:da:73:68","state":"alive","epoch":170,"espnow_ver":2,"mtu":1446,"misses":0,"rssi":-10,"tx":{"frames":2668,"cb_ok":2657,"cb_fail":11,"enqueue_err":0,"pdr_ppm":995877},"rx":{"frames":10507,"lost_seqgap":10,"reorder_dup":0,"dropped_bad":0,"hb_lost":36,"bcast_frames":7473,"pdr_ppm":999049},"rtt":{"samples":373,"min_us":5235,"max_us":59593,"timeouts":4,"txq_last_us":2850,"txq_max_us":38713,"remote_turnaround_us":870,"remote_turnaround_max_us":4982,"p50_us":[4000,6000],"p99_us":[30000,42000],"hist":[0,0,0,0,258,76,17,12,4,1,2,3,0,0,0,0]}}
1791632752.395 {"t":"link","up_ms":756173,"node":33120,"peer":25344,"mac":"b8:1f:3f:da:63:00","state":"alive","epoch":242,"espnow_ver":2,"mtu":1446,"misses":0,"rssi":-21,"tx":{"frames":3335,"cb_ok":3325,"cb_fail":10,"enqueue_err":0,"pdr_ppm":997001},"rx":{"frames":10895,"lost_seqgap":0,"reorder_dup":0,"dropped_bad":0,"hb_lost":31,"bcast_frames":7336,"pdr_ppm":1000000},"rtt":{"samples":368,"min_us":5750,"max_us":44797,"timeouts":8,"txq_last_us":2939,"txq_max_us":40986,"remote_turnaround_us":1324,"remote_turnaround_max_us":1492,"p50_us":[6000,8000],"p99_us":[22000,30000],"hist":[0,0,0,0,83,254,20,6,1,1,2,1,0,0,0,0]}}
1791632752.395 {"t":"auth","node":33120,"up_ms":756230,"enrolled":1,"required":1,"verified_peers":2,"verified":9,"cache_hits":759,"refused":0,"rate_limited":0,"stale_epoch":0,"verify_us_max":87302,"link_stack_free_b":1524,"crypto_stack_free_b":1220,"tags_ok":5827,"bad_tag":0,"replayed":0,"untagged":0,"bcast_dropped":0,"beacon_epoch_ignored":0,"tag_us_max":2415}
1791632752.395 {"t":"act","node":33120,"setpoint":0,"has_value":0,"writes_served":0}
1791632752.395 {"t":"peers","node":33120,"own_period_ms":100,"own_busy":0,"channel":1,"scanning":0,"scans":0,"hops":10,"found":0,"lost_to_found_ms":0,"moves_followed":0,"moves_refused":0,"sweeps":1,"sweep_found":0,"sweeping":0,"search_visits":1,"relay":0,"fwd_u":0,"fwd_b":0,"fwd_h":0,"relay_dup":7643,"list":[{"id":29544,"state":"alive","via_relay":0,"period_ms":100,"misses":6,"busy":1,"rtt_n":373},{"id":25344,"state":"alive","via_relay":0,"period_ms":100,"misses":6,"busy":0,"rtt_n":368}]}
1791632752.395 {"t":"ss","node":33120,"accepted":0,"unsigned":0,"unknown_sender":0,"bad_signature":0,"replayed":0,"rate_limited":0,"verify_us_max":0,"floors":[{"src":25344,"epoch":139,"counter":1}]}
1791632752.395 {"t":"rec","node":33120,"up_ms":756330,"settled":1,"sent":3011,"received":2855,"malformed":0,"views":6,"replies_fenced":0,"actors":[{"key":1245650351,"running":0,"term":0,"owner":25344,"owner_term":5,"assigned":25344,"starts":0,"fenced":0,"released":0}]}
1791632752.722 {"t":"node","up_ms":756345,"node":33120,"epoch":281,"peers_alive":2,"peers_dead":0,"no_radio":0,"free_dram":250127,"largest_block":172032,"rx":{"total":36864,"bad_frame":0,"unknown_peer":10,"wrong_dst":0,"short_payload":0,"unknown_opcode":0,"queue_dropped":50},"tx":{"total":13945,"enqueue_err":0,"done_queue_dropped":0},"membership":{"deaths":2,"revivals":0,"reboots_seen":2,"table_full":0,"events_dropped":0}}
1791632752.722 {"t":"ns","node":33120,"hash":13581963,"owner":33120,"kind":"sampled","unit":100,"class":4,"bound_ms":5000,"quality":"GOOD","age_ms":381,"ts":756004,"updates":72,"value":2}
1791632752.722 {"t":"ns","node":33120,"hash":3142365229,"owner":33120,"kind":"sampled","unit":101,"class":4,"bound_ms":30000,"quality":"GOOD","age_ms":396,"ts":756003,"updates":72,"value":172032}
1791632752.722 {"t":"ns","node":33120,"hash":1245650351,"owner":25344,"kind":"sampled","unit":0,"class":3,"bound_ms":500,"quality":"NO_DATA","age_ms":0,"ts":0,"updates":0,"value":null}
1791632752.722 {"t":"ns","node":33120,"hash":2033492666,"owner":33120,"kind":"sampled","unit":0,"class":3,"bound_ms":0,"quality":"NO_DATA","age_ms":0,"ts":0,"updates":0,"value":null}
1791632752.722 {"t":"ns","node":33120,"hash":2347817554,"owner":33120,"kind":"sampled","unit":100,"class":4,"bound_ms":0,"quality":"GOOD","age_ms":441,"ts":756003,"updates":72,"value":281}
1791632752.722 {"t":"ns","node":33120,"hash":1170356950,"owner":33120,"kind":"sampled","unit":80,"class":4,"bound_ms":30000,"quality":"GOOD","age_ms":455,"ts":756003,"updates":72,"value":756}
1791632752.722 {"t":"ns","node":33120,"hash":3085599597,"owner":33120,"kind":"sampled","unit":0,"class":4,"bound_ms":5000,"quality":"GOOD","age_ms":468,"ts":756004,"updates":72,"value":-22}
1791632752.722 {"t":"ns","node":33120,"hash":2486014333,"owner":33120,"kind":"sampled","unit":101,"class":4,"bound_ms":30000,"quality":"GOOD","age_ms":483,"ts":756003,"updates":72,"value":250127}
1791632756.211 I (760894) esp_image: segment 0: paddr=00340020 vaddr=3c0a0020 size=20398h (131992) map
1791632756.211 I (760913) esp_image: segment 1: paddr=003603c0 vaddr=3fc98800 size=054cch ( 21708)
1791632756.211 I (760918) esp_image: segment 2: paddr=00365894 vaddr=40374000 size=0a784h ( 42884)
1791632756.211 I (760925) esp_image: segment 3: paddr=00370020 vaddr=42000020 size=95160h (610656) map
1791632756.211 I (761007) esp_image: segment 4: paddr=00405188 vaddr=4037e784 size=09fb8h ( 40888)
1791632756.211 I (761015) esp_image: segment 5: paddr=0040f148 vaddr=50000000 size=00024h (    36)
1791632756.211 I (761017) esp_image: segment 0: paddr=00340020 vaddr=3c0a0020 size=20398h (131992) map
1791632756.211 I (761047) esp_image: segment 1: paddr=003603c0 vaddr=3fc98800 size=054cch ( 21708)
1791632756.211 I (761051) esp_image: segment 2: paddr=00365894 vaddr=40374000 size=0a784h ( 42884)
1791632756.211 I (761059) esp_image: segment 3: paddr=00370020 vaddr=42000020 size=95160h (610656) map
1791632756.211 I (761141) esp_image: segment 4: paddr=00405188 vaddr=4037e784 size=09fb8h ( 40888)
1791632756.211 I (761148) esp_image: segment 5: paddr=0040f148 vaddr=50000000 size=00024h (    36)
1791632756.211 I (761180) pot.m0: fw: commit of counter 2: ok (341 ms)
1791632758.096 W (762682) pot.m0: deploy: rebooting into the new slot
1791632758.096 ���ESP-ROM:esp32s3-20210327
1791632758.096 Build:Mar 27 2021
1791632758.096 rst:0xc (RTC_SW_CPU_RST),boot:0x8 (SPI_FAST_FLASH_BOOT)
1791632758.096 Saved PC:0x4037e97a
1791632758.096 SPIWP:0xee
1791632758.096 mode:DIO, clock div:1
1791632758.096 load:0x3fce2820,len:0x14f0
1791632758.096 load:0x403c8700,len:0xda0
1791632758.096 load:0x403cb700,len:0x2f9c
1791632758.096 entry 0x403c8908
1791632758.096 I (29) boot: ESP-IDF v6.0.2 2nd stage bootloader
1791632758.096 I (29) boot: compile time Oct 10 2026 13:24:07
1791632758.096 I (29) boot: Multicore bootloader
1791632758.096 I (29) boot: chip revision: v0.2
1791632758.096 I (32) boot: efuse block revision: v1.4
1791632758.096 I (36) boot.esp32s3: Boot SPI Speed : 80MHz
1791632758.096 I (40) boot.esp32s3: SPI Mode       : DIO
1791632758.096 I (43) boot.esp32s3: SPI Flash Size : 16MB
1791632758.096 I (47) boot: Enabling RNG early entropy source...
1791632758.096 I (52) boot: Partition Table:
1791632758.096 I (54) boot: ## Label            Usage          Type ST Offset   Length
1791632758.096 I (61) boot:  0 nvs              WiFi data        01 02 00009000 00006000
1791632758.096 I (67) boot:  1 phy_init         RF data          01 01 0000f000 00001000
1791632758.096 I (74) boot:  2 factory          factory app      00 00 00010000 00100000
1791632758.096 I (80) boot:  3 modA             Unknown data     01 40 00110000 00010000
1791632758.096 I (87) boot:  4 modB             Unknown data     01 40 00120000 00010000
1791632758.096 I (93) boot:  5 otadata          OTA data         01 00 00130000 00002000
1791632758.096 I (100) boot:  6 ota_0            OTA app          00 10 00140000 00200000
1791632758.096 I (106) boot:  7 ota_1            OTA app          00 11 00340000 00200000
1791632758.096 I (113) boot: End of partition table
1791632758.096 I (144) esp_image: segment 0: paddr=00340020 vaddr=3c0a0020 size=20398h (131992) map
1791632758.096 I (169) esp_image: segment 1: paddr=003603c0 vaddr=3fc98800 size=054cch ( 21708) load
1791632758.096 I (173) esp_image: segment 2: paddr=00365894 vaddr=40374000 size=0a784h ( 42884) load
1791632758.096 I (184) esp_image: segment 3: paddr=00370020 vaddr=42000020 size=95160h (610656) map
1791632758.096 I (295) esp_image: segment 4: paddr=00405188 vaddr=4037e784 size=09fb8h ( 40888) load
1791632758.096 I (305) esp_image: segment 5: paddr=0040f148 vaddr=50000000 size=00024h (    36) load
1791632758.096 I (314) boot: Loaded app from partition at offset 0x340000
1791632758.096 I (314) boot: Disabling RNG early entropy source...
1791632758.096 I (325) octal_psram: vendor id    : 0x0d (AP)
1791632758.096 I (325) octal_psram: dev id       : 0x02 (generation 3)
1791632758.096 I (325) octal_psram: density      : 0x03 (64 Mbit)
1791632758.096 I (327) octal_psram: good-die     : 0x01 (Pass)
1791632758.096 I (331) octal_psram: Latency      : 0x01 (Fixed)
1791632758.096 I (335) octal_psram: VCC          : 0x01 (3V)
1791632758.096 I (340) octal_psram: SRF          : 0x01 (Fast Refresh)
1791632758.096 I (345) octal_psram: BurstType    : 0x01 (Hybrid Wrap)
1791632758.096 I (349) octal_psram: BurstLen     : 0x01 (32 Byte)
1791632758.096 I (354) octal_psram: Readlatency  : 0x02 (10 cycles@Fixed)
1791632758.096 I (359) octal_psram: DriveStrength: 0x00 (1/1)
1791632758.096 I (363) esp_psram: Found 8MB PSRAM device
1791632758.096 I (367) esp_psram: Speed: 40MHz
1791632758.096 I (370) cpu_start: Multicore app
1791632759.147 I (1104) esp_psram: SPI SRAM memory test OK
1791632759.147 I (1114) cpu_start: GPIO 44 and 43 are used as console UART I/O pins
1791632759.147 I (1114) cpu_start: Pro cpu start user code
1791632759.147 I (1114) cpu_start: cpu freq: 160000000 Hz
1791632759.147 I (1116) app_init: Application information:
1791632759.147 I (1120) app_init: Project name:     potluck_m0
1791632759.147 I (1124) app_init: App version:      deploy-and-detach-162-g6aafa26-
1791632759.147 I (1130) app_init: Compile time:     Oct 10 2026 13:38:30
1791632759.147 I (1135) app_init: ELF file SHA256:  af12540b1...
1791632759.147 I (1140) app_init: ESP-IDF:          v6.0.2
1791632759.147 I (1144) efuse_init: Min chip rev:     v0.0
1791632759.147 I (1148) efuse_init: Max chip rev:     v0.99
1791632759.147 I (1152) efuse_init: Chip rev:         v0.2
1791632759.147 I (1156) heap_init: Initializing. RAM available for dynamic allocation:
1791632759.147 I (1162) heap_init: At 3FCACD60 len 0003C9B0 (242 KiB): RAM
1791632759.147 I (1167) heap_init: At 3FCE9710 len 00005724 (21 KiB): RAM
1791632759.147 I (1173) heap_init: At 3FCF0000 len 00008000 (32 KiB): DRAM
1791632759.147 I (1178) heap_init: At 600FE000 len 00001FE8 (7 KiB): RTCRAM
1791632759.147 I (1184) esp_psram: Adding pool of 8151K of PSRAM memory to heap allocator
1791632759.147 I (1191) spi_flash: detected chip: generic
1791632759.147 I (1194) spi_flash: flash io: dio
1791632759.147 I (1198) sleep_gpio: Configure to isolate all GPIO pins in sleep state
1791632759.147 I (1203) sleep_gpio: Enable automatic switching of GPIO sleep configuration
1791632759.147 I (1210) main_task: Started on CPU0
1791632759.147 I (1233) esp_psram: Reserving pool of 32K of internal memory for DMA/internal allocations
1791632759.147 I (1234) main_task: Calling app_main()
1791632759.147 I (1248) pot.m0: channel 1 from the last boot (build default 1)
1791632759.147 I (1249) pp: pp rom version: e7ae62f
1791632759.147 I (1250) net80211: net80211 rom version: e7ae62f
1791632759.147 I (1252) wifi:wifi driver task: 3fcee984, prio:23, stack:6656, core=0
1791632759.147 I (1257) wifi:wifi firmware version: 00ad238
1791632759.147 I (1260) wifi:wifi certification version: v7.0
1791632759.147 I (1265) wifi:config NVS flash: disabled
1791632759.147 I (1268) wifi:config nano formatting: disabled
1791632759.147 I (1273) wifi:Init data frame dynamic rx buffer num: 16
1791632759.147 I (1278) wifi:Init static rx mgmt buffer num: 5
1791632759.147 I (1282) wifi:Init management short buffer num: 32
1791632759.147 I (1286) wifi:Init dynamic tx buffer num: 32
1791632759.147 I (1290) wifi:Init static tx FG buffer num: 2
1791632759.147 I (1294) wifi:Init static rx buffer size: 1600
1791632759.147 I (1298) wifi:Init static rx buffer num: 6
1791632759.147 I (1302) wifi:Init dynamic rx buffer num: 16
1791632759.147 I (1307) wifi_init: accept mbox: 6
1791632759.147 I (1309) wifi_init: tcpip mbox: 32
1791632759.147 I (1312) wifi_init: udp mbox: 6
1791632759.147 I (1315) wifi_init: tcp mbox: 6
1791632759.147 I (1318) wifi_init: tcp tx win: 5760
1791632759.147 I (1321) wifi_init: tcp rx win: 5760
1791632759.147 I (1325) wifi_init: tcp mss: 1440
1791632759.147 I (1328) wifi_init: WiFi IRAM OP enabled
1791632759.147 I (1331) wifi_init: WiFi RX IRAM OP enabled
1791632759.147 I (1336) phy_init: phy_version 712,87e8c20e,Apr 13 2026,18:51:10
1791632759.147 I (1387) wifi:mode : sta (b8:1f:3f:da:81:60)
1791632759.147 I (1388) wifi:enable tsf
1791632759.147 I (1389) wifi:Set ps type: 0, coexist: 0
1791632759.147 
1791632759.147 I (1391) ESPNOW: espnow [version: 2.0] init
1791632759.147 I (1392) pot.espnow: esp-now v2 up on channel 1, mac b8:1f:3f:da:81:60
1791632759.147 I (1399) pot.epoch: boot epoch 282
1791632759.147 I (1400) pot.m0: namespace: 6 resources declared
1791632759.147 I (1405) pot.serial: frame link on UART1, tx=17 rx=18, 921600 baud
1791632759.147 I (1411) pot.m0: status LED on GPIO48 and GPIO38; self-test red, green, blue
1791632760.956 I (2920) pot.m0: deploy: image counter 24, digest 682b3a05..., 1 actor(s) in the image
1791632760.956 I (2920) pot.m0: deploy: boot confirmed, running slot B, trial boot 0/3, counter 24
1791632760.956 I (2925) pot.m0: fw: running ota_1 (deploy-and-detach-162-g6aafa26-), counter 2, floor 1, ON TRIAL; spare slot ota_0, 2048 KB
1791632760.956 I (2935) pot.m0: reconciler: 1 portable actor(s)
1791632760.956 {"t":"enrol","node":33120,"pub":"0392ff6cd7890c311c0b048061f7b78a8a4c8f2363360d5bc3a19d91996afe04","enrolled":1,"ca_fp":"ef76cc2e"}
1791632760.956 I (2952) pot.m0: safe_state: high-water table restored from NVS
1791632760.956 I (2957) pot.m0: auth: enrolled, required
1791632760.956 I (2960) pot.m0: Potluck M0 node 0x8160 epoch 282, heartbeat 100 ms x 6 misses = 600 ms
1791632760.956 I (2968) main_task: Returned from app_main()
1791632760.956 {"t":"boot","node":33120,"epoch":282,"mac":"b8:1f:3f:da:81:60","espnow_ver":2,"chan":1,"hb_period_ms":100,"hb_miss_limit":6,"fw":"deploy-and-detach-162-g6aafa26-","idf":"v6.0.2","dram":{"at_boot":288335,"after_nvs":288335,"after_netif":280519,"after_wifi_init":249967,"after_wifi_start":248263,"after_espnow":248111,"largest_block":172032,"wifi_stack":32256,"espnow":152,"total_to_radio":40224}}
1791632760.956 I (3012) pot.m0: beacon mode: broadcast_beacon
1791632760.956 I (3140) pot.m0: discovered peer 0x7368
1791632760.956 I (3141) pot.m0: peer 0x7368 pinned to ESP-NOW v2, payload cap 1446 B
1791632760.956 I (3226) pot.m0: discovered peer 0x6300
1791632760.956 I (3227) pot.m0: peer 0x6300 pinned to ESP-NOW v2, payload cap 1446 B
1791632770.902 {"t":"clk","node":33120,"up_ms":11830}
1791632770.902 {"t":"led","node":33120,"shows":"green","app":0}
1791632770.902 {"t":"event","at_ms":1957,"node":33120,"kind":"peer_discovered","peer":29544,"slot":0,"a":170,"b":0}
1791632770.902 {"t":"event","at_ms":1958,"node":33120,"kind":"version_pinned","peer":29544,"slot":0,"a":2,"b":1446}
1791632770.902 {"t":"event","at_ms":1959,"node":33120,"kind":"peer_alive","peer":29544,"slot":0,"a":0,"b":0}
1791632770.902 {"t":"event","at_ms":1960,"node":33120,"kind":"peer_admitted","peer":29544,"slot":0,"a":0,"b":0}
1791632770.902 {"t":"event","at_ms":2043,"node":33120,"kind":"peer_discovered","peer":25344,"slot":1,"a":242,"b":0}
1791632770.902 {"t":"event","at_ms":2044,"node":33120,"kind":"version_pinned","peer":25344,"slot":1,"a":2,"b":1446}
1791632770.902 {"t":"event","at_ms":2045,"node":33120,"kind":"peer_alive","peer":25344,"slot":1,"a":0,"b":0}
1791632770.902 {"t":"event","at_ms":2047,"node":33120,"kind":"peer_admitted","peer":25344,"slot":1,"a":0,"b":0}
1791632770.902 {"t":"event","at_ms":2685,"node":33120,"kind":"actor_owner","peer":25344,"slot":255,"a":1245650351,"b":5}
1791632770.902 {"t":"event","at_ms":3366,"node":33120,"kind":"peer_admitted","peer":29544,"slot":0,"a":0,"b":0}
1791632770.902 {"t":"event","at_ms":4047,"node":33120,"kind":"peer_admitted","peer":25344,"slot":1,"a":0,"b":0}
1791632770.902 {"t":"event","at_ms":5366,"node":33120,"kind":"peer_admitted","peer":29544,"slot":0,"a":0,"b":0}
1791632770.902 {"t":"event","at_ms":6049,"node":33120,"kind":"peer_admitted","peer":25344,"slot":1,"a":0,"b":0}
1791632770.902 {"t":"event","at_ms":7366,"node":33120,"kind":"peer_admitted","peer":29544,"slot":0,"a":0,"b":0}
1791632770.902 I (13164) pot.m0: fw: trial passed after 100 heartbeats with 2 radio peer(s) - counter 2 CONFIRMED
1791632770.902 {"t":"event","at_ms":8047,"node":33120,"kind":"peer_admitted","peer":25344,"slot":1,"a":0,"b":0}
1791632770.902 {"t":"event","at_ms":9366,"node":33120,"kind":"peer_admitted","peer":29544,"slot":0,"a":0,"b":0}
1791632770.902 {"t":"event","at_ms":10047,"node":33120,"kind":"peer_admitted","peer":25344,"slot":1,"a":0,"b":0}
1791632770.902 {"t":"event","at_ms":11366,"node":33120,"kind":"peer_admitted","peer":29544,"slot":0,"a":0,"b":0}
1791632770.902 {"t":"link","up_ms":12023,"node":33120,"peer":29544,"mac":"b8:1f:3f:da:73:68","state":"alive","epoch":170,"espnow_ver":2,"mtu":1446,"misses":0,"rssi":-9,"tx":{"frames":37,"cb_ok":37,"cb_fail":0,"enqueue_err":0,"pdr_ppm":1000000},"rx":{"frames":145,"lost_seqgap":0,"reorder_dup":0,"dropped_bad":0,"hb_lost":0,"bcast_frames":100,"pdr_ppm":1000000},"rtt":{"samples":5,"min_us":5515,"max_us":5615,"timeouts":0,"txq_last_us":0,"txq_max_us":0,"remote_turnaround_us":866,"remote_turnaround_max_us":866,"p50_us":[4000,6000],"p99_us":[4000,6000],"hist":[0,0,0,0,5,0,0,0,0,0,0,0,0,0,0,0]}}
1791632770.902 {"t":"link","up_ms":12065,"node":33120,"peer":25344,"mac":"b8:1f:3f:da:63:00","state":"alive","epoch":242,"espnow_ver":2,"mtu":1446,"misses":0,"rssi":-21,"tx":{"frames":42,"cb_ok":42,"cb_fail":0,"enqueue_err":0,"pdr_ppm":1000000},"rx":{"frames":143,"lost_seqgap":2,"reorder_dup":0,"dropped_bad":0,"hb_lost":0,"bcast_frames":102,"pdr_ppm":986206},"rtt":{"samples":5,"min_us":5896,"max_us":9800,"timeouts":0,"txq_last_us":0,"txq_max_us":0,"remote_turnaround_us":962,"remote_turnaround_max_us":1012,"p50_us":[4000,6000],"p99_us":[8000,11000],"hist":[0,0,0,0,4,0,1,0,0,0,0,0,0,0,0,0]}}
1791632770.902 {"t":"auth","node":33120,"up_ms":12119,"enrolled":1,"required":1,"verified_peers":2,"verified":2,"cache_hits":10,"refused":0,"rate_limited":0,"stale_epoch":0,"verify_us_max":84076,"link_stack_free_b":1524,"crypto_stack_free_b":1268,"tags_ok":75,"bad_tag":0,"replayed":0,"untagged":0,"bcast_dropped":0,"beacon_epoch_ignored":0,"tag_us_max":928}
1791632770.902 {"t":"act","node":33120,"setpoint":0,"has_value":0,"writes_served":0}
1791632770.902 {"t":"peers","node":33120,"own_period_ms":100,"own_busy":0,"channel":1,"scanning":0,"scans":0,"hops":0,"found":0,"lost_to_found_ms":0,"moves_followed":0,"moves_refused":0,"sweeps":0,"sweep_found":0,"sweeping":0,"search_visits":0,"relay":0,"fwd_u":0,"fwd_b":0,"fwd_h":0,"relay_dup":108,"list":[{"id":29544,"state":"alive","via_relay":0,"period_ms":100,"misses":6,"busy":1,"rtt_n":5},{"id":25344,"state":"alive","via_relay":0,"period_ms":100,"misses":6,"busy":0,"rtt_n":5}]}
1791632771.301 {"t":"ss","node":33120,"accepted":0,"unsigned":0,"unknown_sender":0,"bad_signature":0,"replayed":0,"rate_limited":0,"verify_us_max":0,"floors":[{"src":25344,"epoch":139,"counter":1}]}
1791632771.301 {"t":"rec","node":33120,"up_ms":12214,"settled":1,"sent":44,"received":35,"malformed":0,"views":1,"replies_fenced":0,"actors":[{"key":1245650351,"running":0,"term":0,"owner":25344,"owner_term":5,"assigned":25344,"starts":0,"fenced":0,"released":0}]}
1791632771.301 {"t":"node","up_ms":12229,"node":33120,"epoch":282,"peers_alive":2,"peers_dead":0,"no_radio":0,"free_dram":250307,"largest_block":172032,"rx":{"total":523,"bad_frame":0,"unknown_peer":12,"wrong_dst":0,"short_payload":0,"unknown_opcode":0,"queue_dropped":50},"tx":{"total":191,"enqueue_err":0,"done_queue_dropped":0},"membership":{"deaths":0,"revivals":0,"reboots_seen":0,"table_full":0,"events_dropped":0}}
1791632771.301 {"t":"ns","node":33120,"hash":13581963,"owner":33120,"kind":"sampled","unit":100,"class":4,"bound_ms":5000,"quality":"GOOD","age_ms":437,"ts":11832,"updates":1,"value":2}
1791632771.301 {"t":"ns","node":33120,"hash":3142365229,"owner":33120,"kind":"sampled","unit":101,"class":4,"bound_ms":30000,"quality":"GOOD","age_ms":452,"ts":11832,"updates":1,"value":172032}
1791632771.301 {"t":"ns","node":33120,"hash":1245650351,"owner":25344,"kind":"sampled","unit":0,"class":3,"bound_ms":500,"quality":"NO_DATA","age_ms":0,"ts":0,"updates":0,"value":null}
1791632771.301 {"t":"ns","node":33120,"hash":2033492666,"owner":33120,"kind":"sampled","unit":0,"class":3,"bound_ms":0,"quality":"NO_DATA","age_ms":0,"ts":0,"updates":0,"value":null}
1791632771.301 {"t":"ns","node":33120,"hash":2347817554,"owner":33120,"kind":"sampled","unit":100,"class":4,"bound_ms":0,"quality":"GOOD","age_ms":493,"ts":11832,"updates":1,"value":282}
1791632771.301 {"t":"ns","node":33120,"hash":1170356950,"owner":33120,"kind":"sampled","unit":80,"class":4,"bound_ms":30000,"quality":"GOOD","age_ms":507,"ts":11832,"updates":1,"value":11}
1791632771.301 {"t":"ns","node":33120,"hash":3085599597,"owner":33120,"kind":"sampled","unit":0,"class":4,"bound_ms":5000,"quality":"GOOD","age_ms":533,"ts":11832,"updates":1,"value":-21}
1791632771.301 {"t":"ns","node":33120,"hash":2486014333,"owner":33120,"kind":"sampled","unit":101,"class":4,"bound_ms":30000,"quality":"GOOD","age_ms":547,"ts":11832,"updates":1,"value":250307}
1791632781.443 {"t":"clk","node":33120,"up_ms":22393}
1791632781.443 {"t":"led","node":33120,"shows":"green","app":0}
1791632781.443 {"t":"event","at_ms":12047,"node":33120,"kind":"peer_admitted","peer":25344,"slot":1,"a":0,"b":0}
1791632781.443 {"t":"event","at_ms":13366,"node":33120,"kind":"peer_admitted","peer":29544,"slot":0,"a":0,"b":0}
1791632781.443 {"t":"event","at_ms":14050,"node":33120,"kind":"peer_admitted","peer":25344,"slot":1,"a":0,"b":0}
1791632781.443 {"t":"event","at_ms":15367,"node":33120,"kind":"peer_admitted","peer":29544,"slot":0,"a":0,"b":0}
1791632781.443 {"t":"event","at_ms":16099,"node":33120,"kind":"peer_admitted","peer":25344,"slot":1,"a":0,"b":0}
1791632781.443 {"t":"event","at_ms":17366,"node":33120,"kind":"peer_admitted","peer":29544,"slot":0,"a":0,"b":0}
1791632781.443 {"t":"event","at_ms":18047,"node":33120,"kind":"peer_admitted","peer":25344,"slot":1,"a":0,"b":0}
1791632781.443 {"t":"event","at_ms":19366,"node":33120,"kind":"peer_admitted","peer":29544,"slot":0,"a":0,"b":0}
1791632781.443 {"t":"event","at_ms":20051,"node":33120,"kind":"peer_admitted","peer":25344,"slot":1,"a":0,"b":0}
1791632781.443 {"t":"event","at_ms":21366,"node":33120,"kind":"peer_admitted","peer":29544,"slot":0,"a":0,"b":0}
1791632781.443 {"t":"event","at_ms":22048,"node":33120,"kind":"peer_admitted","peer":25344,"slot":1,"a":0,"b":0}
1791632781.443 {"t":"link","up_ms":22491,"node":33120,"peer":29544,"mac":"b8:1f:3f:da:73:68","state":"alive","epoch":170,"espnow_ver":2,"mtu":1446,"misses":0,"rssi":-10,"tx":{"frames":73,"cb_ok":73,"cb_fail":0,"enqueue_err":0,"pdr_ppm":1000000},"rx":{"frames":290,"lost_seqgap":0,"reorder_dup":0,"dropped_bad":0,"hb_lost":0,"bcast_frames":204,"pdr_ppm":1000000},"rtt":{"samples":10,"min_us":5455,"max_us":6294,"timeouts":0,"txq_last_us":0,"txq_max_us":0,"remote_turnaround_us":1210,"remote_turnaround_max_us":1210,"p50_us":[4000,6000],"p99_us":[6000,8000],"hist":[0,0,0,0,9,1,0,0,0,0,0,0,0,0,0,0]}}
1791632781.443 {"t":"link","up_ms":22545,"node":33120,"peer":25344,"mac":"b8:1f:3f:da:63:00","state":"alive","epoch":242,"espnow_ver":2,"mtu":1446,"misses":0,"rssi":-21,"tx":{"frames":77,"cb_ok":77,"cb_fail":0,"enqueue_err":0,"pdr_ppm":1000000},"rx":{"frames":279,"lost_seqgap":2,"reorder_dup":0,"dropped_bad":0,"hb_lost":2,"bcast_frames":205,"pdr_ppm":992882},"rtt":{"samples":10,"min_us":5896,"max_us":10071,"timeouts":0,"txq_last_us":2999,"txq_max_us":2999,"remote_turnaround_us":1012,"remote_turnaround_max_us":1710,"p50_us":[4000,6000],"p99_us":[8000,11000],"hist":[0,0,0,0,5,2,3,0,0,0,0,0,0,0,0,0]}}
1791632781.443 {"t":"auth","node":33120,"up_ms":22589,"enrolled":1,"required":1,"verified_peers":2,"verified":2,"cache_hits":20,"refused":0,"rate_limited":0,"stale_epoch":0,"verify_us_max":84076,"link_stack_free_b":1524,"crypto_stack_free_b":1268,"tags_ok":139,"bad_tag":0,"replayed":0,"untagged":0,"bcast_dropped":0,"beacon_epoch_ignored":0,"tag_us_max":928}
1791632781.443 {"t":"act","node":33120,"setpoint":0,"has_value":0,"writes_served":0}
1791632781.443 {"t":"peers","node":33120,"own_period_ms":100,"own_busy":0,"channel":1,"scanning":0,"scans":0,"hops":0,"found":0,"lost_to_found_ms":0,"moves_followed":0,"moves_refused":0,"sweeps":0,"sweep_found":0,"sweeping":0,"search_visits":0,"relay":0,"fwd_u":0,"fwd_b":0,"fwd_h":0,"relay_dup":216,"list":[{"id":29544,"state":"alive","via_relay":0,"period_ms":100,"misses":6,"busy":1,"rtt_n":10},{"id":25344,"state":"alive","via_relay":0,"period_ms":100,"misses":6,"busy":0,"rtt_n":10}]}
1791632781.443 {"t":"ss","node":33120,"accepted":0,"unsigned":0,"unknown_sender":0,"bad_signature":0,"replayed":0,"rate_limited":0,"verify_us_max":0,"floors":[{"src":25344,"epoch":139,"counter":1}]}
1791632781.443 {"t":"rec","node":33120,"up_ms":22684,"settled":1,"sent":86,"received":70,"malformed":0,"views":1,"replies_fenced":0,"actors":[{"key":1245650351,"running":0,"term":0,"owner":25344,"owner_term":5,"assigned":25344,"starts":0,"fenced":0,"released":0}]}
1791632781.443 {"t":"node","up_ms":22710,"node":33120,"epoch":282,"peers_alive":2,"peers_dead":0,"no_radio":0,"free_dram":250307,"largest_block":172032,"rx":{"total":1022,"bad_frame":0,"unknown_peer":12,"wrong_dst":0,"short_payload":0,"unknown_opcode":0,"queue_dropped":50},"tx":{"total":372,"enqueue_err":0,"done_queue_dropped":0},"membership":{"deaths":0,"revivals":0,"reboots_seen":0,"table_full":0,"events_dropped":0}}
1791632781.770 {"t":"ns","node":33120,"hash":13581963,"owner":33120,"kind":"sampled","unit":100,"class":4,"bound_ms":5000,"quality":"GOOD","age_ms":344,"ts":22395,"updates":2,"value":2}
1791632781.770 {"t":"ns","node":33120,"hash":3142365229,"owner":33120,"kind":"sampled","unit":101,"class":4,"bound_ms":30000,"quality":"GOOD","age_ms":359,"ts":22394,"updates":2,"value":172032}
1791632781.770 {"t":"ns","node":33120,"hash":1245650351,"owner":25344,"kind":"sampled","unit":0,"class":3,"bound_ms":500,"quality":"NO_DATA","age_ms":0,"ts":0,"updates":0,"value":null}
1791632781.770 {"t":"ns","node":33120,"hash":2033492666,"owner":33120,"kind":"sampled","unit":0,"class":3,"bound_ms":0,"quality":"NO_DATA","age_ms":0,"ts":0,"updates":0,"value":null}
1791632781.770 {"t":"ns","node":33120,"hash":2347817554,"owner":33120,"kind":"sampled","unit":100,"class":4,"bound_ms":0,"quality":"GOOD","age_ms":413,"ts":22394,"updates":2,"value":282}
1791632781.770 {"t":"ns","node":33120,"hash":1170356950,"owner":33120,"kind":"sampled","unit":80,"class":4,"bound_ms":30000,"quality":"GOOD","age_ms":426,"ts":22394,"updates":2,"value":22}
1791632781.770 {"t":"ns","node":33120,"hash":3085599597,"owner":33120,"kind":"sampled","unit":0,"class":4,"bound_ms":5000,"quality":"GOOD","age_ms":439,"ts":22395,"updates":2,"value":-21}
1791632781.770 {"t":"ns","node":33120,"hash":2486014333,"owner":33120,"kind":"sampled","unit":101,"class":4,"bound_ms":30000,"quality":"GOOD","age_ms":455,"ts":22394,"updates":2,"value":250307}
1791632791.912 {"t":"clk","node":33120,"up_ms":32864}
1791632791.912 {"t":"led","node":33120,"shows":"green","app":0}
1791632791.912 {"t":"event","at_ms":23388,"node":33120,"kind":"peer_admitted","peer":29544,"slot":0,"a":0,"b":0}
1791632791.912 {"t":"event","at_ms":24048,"node":33120,"kind":"peer_admitted","peer":25344,"slot":1,"a":0,"b":0}
1791632791.912 {"t":"event","at_ms":25366,"node":33120,"kind":"peer_admitted","peer":29544,"slot":0,"a":0,"b":0}
1791632791.912 {"t":"event","at_ms":26048,"node":33120,"kind":"peer_admitted","peer":25344,"slot":1,"a":0,"b":0}
1791632791.912 {"t":"event","at_ms":27366,"node":33120,"kind":"peer_admitted","peer":29544,"slot":0,"a":0,"b":0}
1791632791.912 {"t":"event","at_ms":28048,"node":33120,"kind":"peer_admitted","peer":25344,"slot":1,"a":0,"b":0}
1791632791.912 {"t":"event","at_ms":29366,"node":33120,"kind":"peer_admitted","peer":29544,"slot":0,"a":0,"b":0}
1791632791.912 {"t":"event","at_ms":30055,"node":33120,"kind":"peer_admitted","peer":25344,"slot":1,"a":0,"b":0}
1791632791.912 {"t":"event","at_ms":31366,"node":33120,"kind":"peer_admitted","peer":29544,"slot":0,"a":0,"b":0}
1791632791.912 {"t":"event","at_ms":32055,"node":33120,"kind":"peer_admitted","peer":25344,"slot":1,"a":0,"b":0}
1791632791.912 {"t":"link","up_ms":32949,"node":33120,"peer":29544,"mac":"b8:1f:3f:da:73:68","state":"alive","epoch":170,"espnow_ver":2,"mtu":1446,"misses":0,"rssi":-10,"tx":{"frames":110,"cb_ok":110,"cb_fail":0,"enqueue_err":0,"pdr_ppm":1000000},"rx":{"frames":435,"lost_seqgap":0,"reorder_dup":0,"dropped_bad":0,"hb_lost":1,"bcast_frames":308,"pdr_ppm":1000000},"rtt":{"samples":16,"min_us":5455,"max_us":21531,"timeouts":0,"txq_last_us":4629,"txq_max_us":4629,"remote_turnaround_us":839,"remote_turnaround_max_us":1210,"p50_us":[4000,6000],"p99_us":[16000,22000],"hist":[0,0,0,0,13,2,0,0,1,0,0,0,0,0,0,0]}}
1791632791.912 {"t":"link","up_ms":33003,"node":33120,"peer":25344,"mac":"b8:1f:3f:da:63:00","state":"alive","epoch":242,"espnow_ver":2,"mtu":1446,"misses":0,"rssi":-20,"tx":{"frames":111,"cb_ok":111,"cb_fail":0,"enqueue_err":0,"pdr_ppm":1000000},"rx":{"frames":414,"lost_seqgap":2,"reorder_dup":0,"dropped_bad":0,"hb_lost":2,"bcast_frames":309,"pdr_ppm":995192},"rtt":{"samples":15,"min_us":5884,"max_us":35993,"timeouts":0,"txq_last_us":2796,"txq_max_us":2999,"remote_turnaround_us":2015,"remote_turnaround_max_us":9791,"p50_us":[6000,8000],"p99_us":[30000,42000],"hist":[0,0,0,0,7,4,3,0,0,0,1,0,0,0,0,0]}}
1791632791.912 {"t":"auth","node":33120,"up_ms":33057,"enrolled":1,"required":1,"verified_peers":2,"verified":2,"cache_hits":30,"refused":0,"rate_limited":0,"stale_epoch":0,"verify_us_max":84076,"link_stack_free_b":1524,"crypto_stack_free_b":1268,"tags_ok":200,"bad_tag":0,"replayed":0,"untagged":0,"bcast_dropped":0,"beacon_epoch_ignored":0,"tag_us_max":928}
1791632791.912 {"t":"act","node":33120,"setpoint":0,"has_value":0,"writes_served":0}
1791632791.912 {"t":"peers","node":33120,"own_period_ms":100,"own_busy":0,"channel":1,"scanning":0,"scans":0,"hops":0,"found":0,"lost_to_found_ms":0,"moves_followed":0,"moves_refused":0,"sweeps":0,"sweep_found":0,"sweeping":0,"search_visits":0,"relay":0,"fwd_u":0,"fwd_b":0,"fwd_h":0,"relay_dup":326,"list":[{"id":29544,"state":"alive","via_relay":0,"period_ms":100,"misses":6,"busy":1,"rtt_n":16},{"id":25344,"state":"alive","via_relay":0,"period_ms":100,"misses":6,"busy":0,"rtt_n":15}]}
1791632791.912 {"t":"ss","node":33120,"accepted":0,"unsigned":0,"unknown_sender":0,"bad_signature":0,"replayed":0,"rate_limited":0,"verify_us_max":0,"floors":[{"src":25344,"epoch":139,"counter":1}]}
1791632791.912 {"t":"rec","node":33120,"up_ms":33152,"settled":1,"sent":127,"received":104,"malformed":0,"views":1,"replies_fenced":0,"actors":[{"key":1245650351,"running":0,"term":0,"owner":25344,"owner_term":5,"assigned":25344,"starts":0,"fenced":0,"released":0}]}
1791632791.912 {"t":"node","up_ms":33167,"node":33120,"epoch":282,"peers_alive":2,"peers_dead":0,"no_radio":0,"free_dram":250307,"largest_block":172032,"rx":{"total":1521,"bad_frame":0,"unknown_peer":12,"wrong_dst":0,"short_payload":0,"unknown_opcode":0,"queue_dropped":50},"tx":{"total":553,"enqueue_err":0,"done_queue_dropped":0},"membership":{"deaths":0,"revivals":0,"reboots_seen":0,"table_full":0,"events_dropped":0}}
1791632792.236 {"t":"ns","node":33120,"hash":13581963,"owner":33120,"kind":"sampled","unit":100,"class":4,"bound_ms":5000,"quality":"GOOD","age_ms":342,"ts":32866,"updates":3,"value":2}
1791632792.236 {"t":"ns","node":33120,"hash":3142365229,"owner":33120,"kind":"sampled","unit":101,"class":4,"bound_ms":30000,"quality":"GOOD","age_ms":357,"ts":32865,"updates":3,"value":172032}
1791632792.236 {"t":"ns","node":33120,"hash":1245650351,"owner":25344,"kind":"sampled","unit":0,"class":3,"bound_ms":500,"quality":"NO_DATA","age_ms":0,"ts":0,"updates":0,"value":null}
1791632792.236 {"t":"ns","node":33120,"hash":2033492666,"owner":33120,"kind":"sampled","unit":0,"class":3,"bound_ms":0,"quality":"NO_DATA","age_ms":0,"ts":0,"updates":0,"value":null}
1791632792.236 {"t":"ns","node":33120,"hash":2347817554,"owner":33120,"kind":"sampled","unit":100,"class":4,"bound_ms":0,"quality":"GOOD","age_ms":399,"ts":32865,"updates":3,"value":282}
1791632792.236 {"t":"ns","node":33120,"hash":1170356950,"owner":33120,"kind":"sampled","unit":80,"class":4,"bound_ms":30000,"quality":"GOOD","age_ms":413,"ts":32865,"updates":3,"value":32}
1791632792.236 {"t":"ns","node":33120,"hash":3085599597,"owner":33120,"kind":"sampled","unit":0,"class":4,"bound_ms":5000,"quality":"GOOD","age_ms":426,"ts":32866,"updates":3,"value":-21}
1791632792.236 {"t":"ns","node":33120,"hash":2486014333,"owner":33120,"kind":"sampled","unit":101,"class":4,"bound_ms":30000,"quality":"GOOD","age_ms":442,"ts":32865,"updates":3,"value":250307}
1791632802.380 {"t":"clk","node":33120,"up_ms":43332}
1791632802.380 {"t":"led","node":33120,"shows":"green","app":0}
1791632802.380 {"t":"event","at_ms":33366,"node":33120,"kind":"peer_admitted","peer":29544,"slot":0,"a":0,"b":0}
1791632802.380 {"t":"event","at_ms":34056,"node":33120,"kind":"peer_admitted","peer":25344,"slot":1,"a":0,"b":0}
1791632802.380 {"t":"event","at_ms":35366,"node":33120,"kind":"peer_admitted","peer":29544,"slot":0,"a":0,"b":0}
1791632802.380 {"t":"event","at_ms":36056,"node":33120,"kind":"peer_admitted","peer":25344,"slot":1,"a":0,"b":0}
1791632802.380 {"t":"event","at_ms":37366,"node":33120,"kind":"peer_admitted","peer":29544,"slot":0,"a":0,"b":0}
1791632802.380 {"t":"event","at_ms":38063,"node":33120,"kind":"peer_admitted","peer":25344,"slot":1,"a":0,"b":0}
1791632802.380 {"t":"event","at_ms":39366,"node":33120,"kind":"peer_admitted","peer":29544,"slot":0,"a":0,"b":0}
1791632802.380 {"t":"event","at_ms":40062,"node":33120,"kind":"peer_admitted","peer":25344,"slot":1,"a":0,"b":0}
1791632802.380 {"t":"event","at_ms":41366,"node":33120,"kind":"peer_admitted","peer":29544,"slot":0,"a":0,"b":0}
1791632802.380 {"t":"event","at_ms":42095,"node":33120,"kind":"peer_admitted","peer":25344,"slot":1,"a":0,"b":0}
1791632802.380 {"t":"event","at_ms":43366,"node":33120,"kind":"peer_admitted","peer":29544,"slot":0,"a":0,"b":0}
1791632802.380 {"t":"link","up_ms":43429,"node":33120,"peer":29544,"mac":"b8:1f:3f:da:73:68","state":"alive","epoch":170,"espnow_ver":2,"mtu":1446,"misses":0,"rssi":-11,"tx":{"frames":148,"cb_ok":148,"cb_fail":0,"enqueue_err":0,"pdr_ppm":1000000},"rx":{"frames":583,"lost_seqgap":0,"reorder_dup":0,"dropped_bad":0,"hb_lost":1,"bcast_frames":413,"pdr_ppm":1000000},"rtt":{"samples":21,"min_us":5449,"max_us":21531,"timeouts":0,"txq_last_us":4629,"txq_max_us":4629,"remote_turnaround_us":822,"remote_turnaround_max_us":1210,"p50_us":[4000,6000],"p99_us":[16000,22000],"hist":[0,0,0,0,18,2,0,0,1,0,0,0,0,0,0,0]}}
1791632802.380 {"t":"link","up_ms":43483,"node":33120,"peer":25344,"mac":"b8:1f:3f:da:63:00","state":"alive","epoch":242,"espnow_ver":2,"mtu":1446,"misses":0,"rssi":-22,"tx":{"frames":146,"cb_ok":146,"cb_fail":0,"enqueue_err":0,"pdr_ppm":1000000},"rx":{"frames":552,"lost_seqgap":2,"reorder_dup":0,"dropped_bad":0,"hb_lost":2,"bcast_frames":415,"pdr_ppm":996389},"rtt":{"samples":20,"min_us":5884,"max_us":35993,"timeouts":0,"txq_last_us":2648,"txq_max_us":2999,"remote_turnaround_us":1023,"remote_turnaround_max_us":9791,"p50_us":[4000,6000],"p99_us":[30000,42000],"hist":[0,0,0,0,11,5,3,0,0,0,1,0,0,0,0,0]}}
1791632802.380 {"t":"auth","node":33120,"up_ms":43538,"enrolled":1,"required":1,"verified_peers":2,"verified":2,"cache_hits":41,"refused":0,"rate_limited":0,"stale_epoch":0,"verify_us_max":84076,"link_stack_free_b":1524,"crypto_stack_free_b":1268,"tags_ok":265,"bad_tag":0,"replayed":0,"untagged":0,"bcast_dropped":0,"beacon_epoch_ignored":0,"tag_us_max":998}
1791632802.380 {"t":"act","node":33120,"setpoint":0,"has_value":0,"writes_served":0}
1791632802.380 {"t":"peers","node":33120,"own_period_ms":100,"own_busy":0,"channel":1,"scanning":0,"scans":0,"hops":0,"found":0,"lost_to_found_ms":0,"moves_followed":0,"moves_refused":0,"sweeps":0,"sweep_found":0,"sweeping":0,"search_visits":0,"relay":0,"fwd_u":0,"fwd_b":0,"fwd_h":0,"relay_dup":435,"list":[{"id":29544,"state":"alive","via_relay":0,"period_ms":100,"misses":6,"busy":1,"rtt_n":21},{"id":25344,"state":"alive","via_relay":0,"period_ms":100,"misses":6,"busy":0,"rtt_n":20}]}
1791632802.380 {"t":"ss","node":33120,"accepted":0,"unsigned":0,"unknown_sender":0,"bad_signature":0,"replayed":0,"rate_limited":0,"verify_us_max":0,"floors":[{"src":25344,"epoch":139,"counter":1}]}
1791632802.380 {"t":"rec","node":33120,"up_ms":43621,"settled":1,"sent":169,"received":139,"malformed":0,"views":1,"replies_fenced":0,"actors":[{"key":1245650351,"running":0,"term":0,"owner":25344,"owner_term":5,"assigned":25344,"starts":0,"fenced":0,"released":0}]}
1791632802.718 {"t":"node","up_ms":43647,"node":33120,"epoch":282,"peers_alive":2,"peers_dead":0,"no_radio":0,"free_dram":250307,"largest_block":172032,"rx":{"total":2025,"bad_frame":0,"unknown_peer":12,"wrong_dst":0,"short_payload":0,"unknown_opcode":0,"queue_dropped":50},"tx":{"total":734,"enqueue_err":0,"done_queue_dropped":0},"membership":{"deaths":0,"revivals":0,"reboots_seen":0,"table_full":0,"events_dropped":0}}
1791632802.718 {"t":"ns","node":33120,"hash":13581963,"owner":33120,"kind":"sampled","unit":100,"class":4,"bound_ms":5000,"quality":"GOOD","age_ms":353,"ts":43334,"updates":4,"value":2}
1791632802.718 {"t":"ns","node":33120,"hash":3142365229,"owner":33120,"kind":"sampled","unit":101,"class":4,"bound_ms":30000,"quality":"GOOD","age_ms":369,"ts":43333,"updates":4,"value":172032}
1791632802.718 {"t":"ns","node":33120,"hash":1245650351,"owner":25344,"kind":"sampled","unit":0,"class":3,"bound_ms":500,"quality":"NO_DATA","age_ms":0,"ts":0,"updates":0,"value":null}
1791632802.718 {"t":"ns","node":33120,"hash":2033492666,"owner":33120,"kind":"sampled","unit":0,"class":3,"bound_ms":0,"quality":"NO_DATA","age_ms":0,"ts":0,"updates":0,"value":null}
1791632802.718 {"t":"ns","node":33120,"hash":2347817554,"owner":33120,"kind":"sampled","unit":100,"class":4,"bound_ms":0,"quality":"GOOD","age_ms":410,"ts":43333,"updates":4,"value":282}
1791632802.718 {"t":"ns","node":33120,"hash":1170356950,"owner":33120,"kind":"sampled","unit":80,"class":4,"bound_ms":30000,"quality":"GOOD","age_ms":424,"ts":43333,"updates":4,"value":43}
1791632802.718 {"t":"ns","node":33120,"hash":3085599597,"owner":33120,"kind":"sampled","unit":0,"class":4,"bound_ms":5000,"quality":"GOOD","age_ms":438,"ts":43334,"updates":4,"value":-21}
1791632802.718 {"t":"ns","node":33120,"hash":2486014333,"owner":33120,"kind":"sampled","unit":101,"class":4,"bound_ms":30000,"quality":"GOOD","age_ms":454,"ts":43333,"updates":4,"value":250307}
1791632812.852 {"t":"clk","node":33120,"up_ms":53802}
1791632812.852 {"t":"led","node":33120,"shows":"green","app":0}
1791632812.852 {"t":"event","at_ms":44095,"node":33120,"kind":"peer_admitted","peer":25344,"slot":1,"a":0,"b":0}
1791632812.852 {"t":"event","at_ms":45366,"node":33120,"kind":"peer_admitted","peer":29544,"slot":0,"a":0,"b":0}
1791632812.852 {"t":"event","at_ms":46097,"node":33120,"kind":"peer_admitted","peer":25344,"slot":1,"a":0,"b":0}
1791632812.852 {"t":"event","at_ms":47366,"node":33120,"kind":"peer_admitted","peer":29544,"slot":0,"a":0,"b":0}
1791632812.852 {"t":"event","at_ms":48095,"node":33120,"kind":"peer_admitted","peer":25344,"slot":1,"a":0,"b":0}
1791632812.852 {"t":"event","at_ms":49366,"node":33120,"kind":"peer_admitted","peer":29544,"slot":0,"a":0,"b":0}
1791632812.852 {"t":"event","at_ms":50095,"node":33120,"kind":"peer_admitted","peer":25344,"slot":1,"a":0,"b":0}
1791632812.852 {"t":"event","at_ms":51366,"node":33120,"kind":"peer_admitted","peer":29544,"slot":0,"a":0,"b":0}
1791632812.852 {"t":"event","at_ms":52095,"node":33120,"kind":"peer_admitted","peer":25344,"slot":1,"a":0,"b":0}
1791632812.852 {"t":"event","at_ms":53366,"node":33120,"kind":"peer_admitted","peer":29544,"slot":0,"a":0,"b":0}
1791632812.852 {"t":"link","up_ms":53889,"node":33120,"peer":29544,"mac":"b8:1f:3f:da:73:68","state":"alive","epoch":170,"espnow_ver":2,"mtu":1446,"misses":0,"rssi":-10,"tx":{"frames":184,"cb_ok":184,"cb_fail":0,"enqueue_err":0,"pdr_ppm":1000000},"rx":{"frames":729,"lost_seqgap":0,"reorder_dup":0,"dropped_bad":0,"hb_lost":1,"bcast_frames":517,"pdr_ppm":1000000},"rtt":{"samples":26,"min_us":5449,"max_us":21531,"timeouts":0,"txq_last_us":4629,"txq_max_us":4629,"remote_turnaround_us":816,"remote_turnaround_max_us":1210,"p50_us":[4000,6000],"p99_us":[16000,22000],"hist":[0,0,0,0,23,2,0,0,1,0,0,0,0,0,0,0]}}
1791632812.852 {"t":"link","up_ms":53943,"node":33120,"peer":25344,"mac":"b8:1f:3f:da:63:00","state":"alive","epoch":242,"espnow_ver":2,"mtu":1446,"misses":0,"rssi":-21,"tx":{"frames":180,"cb_ok":180,"cb_fail":0,"enqueue_err":0,"pdr_ppm":1000000},"rx":{"frames":690,"lost_seqgap":2,"reorder_dup":0,"dropped_bad":0,"hb_lost":2,"bcast_frames":519,"pdr_ppm":997109},"rtt":{"samples":26,"min_us":5884,"max_us":35993,"timeouts":0,"txq_last_us":2890,"txq_max_us":2999,"remote_turnaround_us":1006,"remote_turnaround_max_us":9791,"p50_us":[6000,8000],"p99_us":[30000,42000],"hist":[0,0,0,0,12,9,3,0,0,1,1,0,0,0,0,0]}}
1791632812.852 {"t":"auth","node":33120,"up_ms":53997,"enrolled":1,"required":1,"verified_peers":2,"verified":2,"cache_hits":51,"refused":0,"rate_limited":0,"stale_epoch":0,"verify_us_max":84076,"link_stack_free_b":1524,"crypto_stack_free_b":1268,"tags_ok":330,"bad_tag":0,"replayed":0,"untagged":0,"bcast_dropped":0,"beacon_epoch_ignored":0,"tag_us_max":998}
1791632812.852 {"t":"act","node":33120,"setpoint":0,"has_value":0,"writes_served":0}
1791632812.852 {"t":"peers","node":33120,"own_period_ms":100,"own_busy":0,"channel":1,"scanning":0,"scans":0,"hops":0,"found":0,"lost_to_found_ms":0,"moves_followed":0,"moves_refused":0,"sweeps":0,"sweep_found":0,"sweeping":0,"search_visits":0,"relay":0,"fwd_u":0,"fwd_b":0,"fwd_h":0,"relay_dup":545,"list":[{"id":29544,"state":"alive","via_relay":0,"period_ms":100,"misses":6,"busy":1,"rtt_n":26},{"id":25344,"state":"alive","via_relay":0,"period_ms":100,"misses":6,"busy":0,"rtt_n":26}]}
1791632812.852 {"t":"ss","node":33120,"accepted":0,"unsigned":0,"unknown_sender":0,"bad_signature":0,"replayed":0,"rate_limited":0,"verify_us_max":0,"floors":[{"src":25344,"epoch":139,"counter":1}]}
1791632812.852 {"t":"rec","node":33120,"up_ms":54093,"settled":1,"sent":211,"received":172,"malformed":0,"views":1,"replies_fenced":0,"actors":[{"key":1245650351,"running":0,"term":0,"owner":25344,"owner_term":5,"assigned":25344,"starts":0,"fenced":0,"released":0}]}
1791632812.852 {"t":"node","up_ms":54109,"node":33120,"epoch":282,"peers_alive":2,"peers_dead":0,"no_radio":0,"free_dram":250307,"largest_block":172032,"rx":{"total":2531,"bad_frame":0,"unknown_peer":12,"wrong_dst":0,"short_payload":0,"unknown_opcode":0,"queue_dropped":50},"tx":{"total":917,"enqueue_err":0,"done_queue_dropped":0},"membership":{"deaths":0,"revivals":0,"reboots_seen":0,"table_full":0,"events_dropped":0}}
1791632813.174 {"t":"ns","node":33120,"hash":13581963,"owner":33120,"kind":"sampled","unit":100,"class":4,"bound_ms":5000,"quality":"GOOD","age_ms":345,"ts":53804,"updates":5,"value":2}
1791632813.174 {"t":"ns","node":33120,"hash":3142365229,"owner":33120,"kind":"sampled","unit":101,"class":4,"bound_ms":30000,"quality":"GOOD","age_ms":361,"ts":53803,"updates":5,"value":172032}
1791632813.174 {"t":"ns","node":33120,"hash":1245650351,"owner":25344,"kind":"sampled","unit":0,"class":3,"bound_ms":500,"quality":"NO_DATA","age_ms":0,"ts":0,"updates":0,"value":null}
1791632813.174 {"t":"ns","node":33120,"hash":2033492666,"owner":33120,"kind":"sampled","unit":0,"class":3,"bound_ms":0,"quality":"NO_DATA","age_ms":0,"ts":0,"updates":0,"value":null}
1791632813.174 {"t":"ns","node":33120,"hash":2347817554,"owner":33120,"kind":"sampled","unit":100,"class":4,"bound_ms":0,"quality":"GOOD","age_ms":403,"ts":53803,"updates":5,"value":282}
1791632813.174 {"t":"ns","node":33120,"hash":1170356950,"owner":33120,"kind":"sampled","unit":80,"class":4,"bound_ms":30000,"quality":"GOOD","age_ms":416,"ts":53803,"updates":5,"value":53}
1791632813.174 {"t":"ns","node":33120,"hash":3085599597,"owner":33120,"kind":"sampled","unit":0,"class":4,"bound_ms":5000,"quality":"GOOD","age_ms":430,"ts":53804,"updates":5,"value":-21}
1791632813.174 {"t":"ns","node":33120,"hash":2486014333,"owner":33120,"kind":"sampled","unit":101,"class":4,"bound_ms":30000,"quality":"GOOD","age_ms":445,"ts":53803,"updates":5,"value":250307}
1791632823.310 {"t":"clk","node":33120,"up_ms":64263}
1791632823.310 {"t":"led","node":33120,"shows":"green","app":0}
1791632823.310 {"t":"event","at_ms":54095,"node":33120,"kind":"peer_admitted","peer":25344,"slot":1,"a":0,"b":0}
1791632823.310 {"t":"event","at_ms":55366,"node":33120,"kind":"peer_admitted","peer":29544,"slot":0,"a":0,"b":0}
1791632823.310 {"t":"event","at_ms":56095,"node":33120,"kind":"peer_admitted","peer":25344,"slot":1,"a":0,"b":0}
1791632823.310 {"t":"event","at_ms":57368,"node":33120,"kind":"peer_admitted","peer":29544,"slot":0,"a":0,"b":0}
1791632823.310 {"t":"event","at_ms":58095,"node":33120,"kind":"peer_admitted","peer":25344,"slot":1,"a":0,"b":0}
1791632823.310 {"t":"event","at_ms":59366,"node":33120,"kind":"peer_admitted","peer":29544,"slot":0,"a":0,"b":0}
1791632823.310 {"t":"event","at_ms":60095,"node":33120,"kind":"peer_admitted","peer":25344,"slot":1,"a":0,"b":0}
1791632823.310 {"t":"event","at_ms":61366,"node":33120,"kind":"peer_admitted","peer":29544,"slot":0,"a":0,"b":0}
1791632823.310 {"t":"event","at_ms":62095,"node":33120,"kind":"peer_admitted","peer":25344,"slot":1,"a":0,"b":0}
1791632823.310 {"t":"event","at_ms":63366,"node":33120,"kind":"peer_admitted","peer":29544,"slot":0,"a":0,"b":0}
1791632823.310 {"t":"event","at_ms":64095,"node":33120,"kind":"peer_admitted","peer":25344,"slot":1,"a":0,"b":0}
1791632823.310 {"t":"link","up_ms":64360,"node":33120,"peer":29544,"mac":"b8:1f:3f:da:73:68","state":"alive","epoch":170,"espnow_ver":2,"mtu":1446,"misses":0,"rssi":-10,"tx":{"frames":220,"cb_ok":220,"cb_fail":0,"enqueue_err":0,"pdr_ppm":1000000},"rx":{"frames":875,"lost_seqgap":0,"reorder_dup":0,"dropped_bad":0,"hb_lost":1,"bcast_frames":622,"pdr_ppm":1000000},"rtt":{"samples":31,"min_us":5449,"max_us":21531,"timeouts":0,"txq_last_us":3521,"txq_max_us":4629,"remote_turnaround_us":936,"remote_turnaround_max_us":1210,"p50_us":[4000,6000],"p99_us":[16000,22000],"hist":[0,0,0,0,25,4,1,0,1,0,0,0,0,0,0,0]}}
1791632823.310 {"t":"link","up_ms":64414,"node":33120,"peer":25344,"mac":"b8:1f:3f:da:63:00","state":"alive","epoch":242,"espnow_ver":2,"mtu":1446,"misses":0,"rssi":-21,"tx":{"frames":216,"cb_ok":216,"cb_fail":0,"enqueue_err":0,"pdr_ppm":1000000},"rx":{"frames":828,"lost_seqgap":2,"reorder_dup":0,"dropped_bad":0,"hb_lost":2,"bcast_frames":624,"pdr_ppm":997590},"rtt":{"samples":31,"min_us":5884,"max_us":37995,"timeouts":0,"txq_last_us":2791,"txq_max_us":3428,"remote_turnaround_us":1015,"remote_turnaround_max_us":9791,"p50_us":[6000,8000],"p99_us":[30000,42000],"hist":[0,0,0,0,15,10,3,0,0,1,2,0,0,0,0,0]}}
1791632823.310 {"t":"auth","node":33120,"up_ms":64468,"enrolled":1,"required":1,"verified_peers":2,"verified":2,"cache_hits":62,"refused":0,"rate_limited":0,"stale_epoch":0,"verify_us_max":84076,"link_stack_free_b":1524,"crypto_stack_free_b":1268,"tags_ok":393,"bad_tag":0,"replayed":0,"untagged":0,"bcast_dropped":0,"beacon_epoch_ignored":0,"tag_us_max":998}
1791632823.310 {"t":"act","node":33120,"setpoint":0,"has_value":0,"writes_served":0}
1791632823.310 {"t":"peers","node":33120,"own_period_ms":100,"own_busy":0,"channel":1,"scanning":0,"scans":0,"hops":0,"found":0,"lost_to_found_ms":0,"moves_followed":0,"moves_refused":0,"sweeps":0,"sweep_found":0,"sweeping":0,"search_visits":0,"relay":0,"fwd_u":0,"fwd_b":0,"fwd_h":0,"relay_dup":656,"list":[{"id":29544,"state":"alive","via_relay":0,"period_ms":100,"misses":6,"busy":1,"rtt_n":31},{"id":25344,"state":"alive","via_relay":0,"period_ms":100,"misses":6,"busy":0,"rtt_n":31}]}
1791632823.310 {"t":"ss","node":33120,"accepted":0,"unsigned":0,"unknown_sender":0,"bad_signature":0,"replayed":0,"rate_limited":0,"verify_us_max":0,"floors":[{"src":25344,"epoch":139,"counter":1}]}
1791632823.310 {"t":"rec","node":33120,"up_ms":64553,"settled":1,"sent":253,"received":206,"malformed":0,"views":1,"replies_fenced":0,"actors":[{"key":1245650351,"running":0,"term":0,"owner":25344,"owner_term":5,"assigned":25344,"starts":0,"fenced":0,"released":0}]}
1791632823.645 {"t":"node","up_ms":64579,"node":33120,"epoch":282,"peers_alive":2,"peers_dead":0,"no_radio":0,"free_dram":250307,"largest_block":172032,"rx":{"total":3032,"bad_frame":0,"unknown_peer":12,"wrong_dst":0,"short_payload":0,"unknown_opcode":0,"queue_dropped":50},"tx":{"total":1098,"enqueue_err":0,"done_queue_dropped":0},"membership":{"deaths":0,"revivals":0,"reboots_seen":0,"table_full":0,"events_dropped":0}}
1791632823.645 {"t":"ns","node":33120,"hash":13581963,"owner":33120,"kind":"sampled","unit":100,"class":4,"bound_ms":5000,"quality":"GOOD","age_ms":354,"ts":64265,"updates":6,"value":2}
1791632823.645 {"t":"ns","node":33120,"hash":3142365229,"owner":33120,"kind":"sampled","unit":101,"class":4,"bound_ms":30000,"quality":"GOOD","age_ms":369,"ts":64264,"updates":6,"value":172032}
1791632823.645 {"t":"ns","node":33120,"hash":1245650351,"owner":25344,"kind":"sampled","unit":0,"class":3,"bound_ms":500,"quality":"NO_DATA","age_ms":0,"ts":0,"updates":0,"value":null}
1791632823.645 {"t":"ns","node":33120,"hash":2033492666,"owner":33120,"kind":"sampled","unit":0,"class":3,"bound_ms":0,"quality":"NO_DATA","age_ms":0,"ts":0,"updates":0,"value":null}
1791632823.645 {"t":"ns","node":33120,"hash":2347817554,"owner":33120,"kind":"sampled","unit":100,"class":4,"bound_ms":0,"quality":"GOOD","age_ms":411,"ts":64264,"updates":6,"value":282}
1791632823.645 {"t":"ns","node":33120,"hash":1170356950,"owner":33120,"kind":"sampled","unit":80,"class":4,"bound_ms":30000,"quality":"GOOD","age_ms":425,"ts":64264,"updates":6,"value":64}
1791632823.645 {"t":"ns","node":33120,"hash":3085599597,"owner":33120,"kind":"sampled","unit":0,"class":4,"bound_ms":5000,"quality":"GOOD","age_ms":438,"ts":64265,"updates":6,"value":-21}
1791632823.645 {"t":"ns","node":33120,"hash":2486014333,"owner":33120,"kind":"sampled","unit":101,"class":4,"bound_ms":30000,"quality":"GOOD","age_ms":453,"ts":64264,"updates":6,"value":250307}
1791632833.781 {"t":"clk","node":33120,"up_ms":74733}
1791632833.781 {"t":"led","node":33120,"shows":"green","app":0}
1791632833.781 {"t":"event","at_ms":65366,"node":33120,"kind":"peer_admitted","peer":29544,"slot":0,"a":0,"b":0}
1791632833.781 {"t":"event","at_ms":66095,"node":33120,"kind":"peer_admitted","peer":25344,"slot":1,"a":0,"b":0}
1791632833.781 {"t":"event","at_ms":67366,"node":33120,"kind":"peer_admitted","peer":29544,"slot":0,"a":0,"b":0}
1791632833.781 {"t":"event","at_ms":68095,"node":33120,"kind":"peer_admitted","peer":25344,"slot":1,"a":0,"b":0}
1791632833.781 {"t":"event","at_ms":69366,"node":33120,"kind":"peer_admitted","peer":29544,"slot":0,"a":0,"b":0}
1791632833.781 {"t":"event","at_ms":70095,"node":33120,"kind":"peer_admitted","peer":25344,"slot":1,"a":0,"b":0}
1791632833.781 {"t":"event","at_ms":71366,"node":33120,"kind":"peer_admitted","peer":29544,"slot":0,"a":0,"b":0}
1791632833.781 {"t":"event","at_ms":72095,"node":33120,"kind":"peer_admitted","peer":25344,"slot":1,"a":0,"b":0}
1791632833.781 {"t":"event","at_ms":73366,"node":33120,"kind":"peer_admitted","peer":29544,"slot":0,"a":0,"b":0}
1791632833.781 {"t":"event","at_ms":74123,"node":33120,"kind":"peer_admitted","peer":25344,"slot":1,"a":0,"b":0}
1791632833.781 {"t":"link","up_ms":74819,"node":33120,"peer":29544,"mac":"b8:1f:3f:da:73:68","state":"alive","epoch":170,"espnow_ver":2,"mtu":1446,"misses":0,"rssi":-10,"tx":{"frames":257,"cb_ok":257,"cb_fail":0,"enqueue_err":0,"pdr_ppm":1000000},"rx":{"frames":1022,"lost_seqgap":0,"reorder_dup":0,"dropped_bad":0,"hb_lost":1,"bcast_frames":727,"pdr_ppm":1000000},"rtt":{"samples":37,"min_us":5449,"max_us":21531,"timeouts":0,"txq_last_us":3521,"txq_max_us":4629,"remote_turnaround_us":870,"remote_turnaround_max_us":1210,"p50_us":[4000,6000],"p99_us":[16000,22000],"hist":[0,0,0,0,30,5,1,0,1,0,0,0,0,0,0,0]}}
1791632833.781 {"t":"link","up_ms":74873,"node":33120,"peer":25344,"mac":"b8:1f:3f:da:63:00","state":"alive","epoch":242,"espnow_ver":2,"mtu":1446,"misses":0,"rssi":-21,"tx":{"frames":250,"cb_ok":250,"cb_fail":0,"enqueue_err":0,"pdr_ppm":1000000},"rx":{"frames":964,"lost_seqgap":2,"reorder_dup":0,"dropped_bad":0,"hb_lost":2,"bcast_frames":728,"pdr_ppm":997929},"rtt":{"samples":36,"min_us":5884,"max_us":37995,"timeouts":0,"txq_last_us":2791,"txq_max_us":3428,"remote_turnaround_us":1075,"remote_turnaround_max_us":9791,"p50_us":[4000,6000],"p99_us":[30000,42000],"hist":[0,0,0,0,18,12,3,0,0,1,2,0,0,0,0,0]}}
1791632833.781 {"t":"auth","node":33120,"up_ms":74927,"enrolled":1,"required":1,"verified_peers":2,"verified":2,"cache_hits":72,"refused":0,"rate_limited":0,"stale_epoch":0,"verify_us_max":84076,"link_stack_free_b":1524,"crypto_stack_free_b":1268,"tags_ok":457,"bad_tag":0,"replayed":0,"untagged":0,"bcast_dropped":0,"beacon_epoch_ignored":0,"tag_us_max":998}
1791632833.781 {"t":"act","node":33120,"setpoint":0,"has_value":0,"writes_served":0}
1791632833.781 {"t":"peers","node":33120,"own_period_ms":100,"own_busy":0,"channel":1,"scanning":0,"scans":0,"hops":0,"found":0,"lost_to_found_ms":0,"moves_followed":0,"moves_refused":0,"sweeps":0,"sweep_found":0,"sweeping":0,"search_visits":0,"relay":0,"fwd_u":0,"fwd_b":0,"fwd_h":0,"relay_dup":765,"list":[{"id":29544,"state":"alive","via_relay":0,"period_ms":100,"misses":6,"busy":1,"rtt_n":37},{"id":25344,"state":"alive","via_relay":0,"period_ms":100,"misses":6,"busy":0,"rtt_n":36}]}
1791632833.781 {"t":"ss","node":33120,"accepted":0,"unsigned":0,"unknown_sender":0,"bad_signature":0,"replayed":0,"rate_limited":0,"verify_us_max":0,"floors":[{"src":25344,"epoch":139,"counter":1}]}
1791632833.781 {"t":"rec","node":33120,"up_ms":75023,"settled":1,"sent":295,"received":241,"malformed":0,"views":1,"replies_fenced":0,"actors":[{"key":1245650351,"running":0,"term":0,"owner":25344,"owner_term":5,"assigned":25344,"starts":0,"fenced":0,"released":0}]}
1791632833.781 {"t":"node","up_ms":75038,"node":33120,"epoch":282,"peers_alive":2,"peers_dead":0,"no_radio":0,"free_dram":250307,"largest_block":172032,"rx":{"total":3535,"bad_frame":0,"unknown_peer":12,"wrong_dst":0,"short_payload":0,"unknown_opcode":0,"queue_dropped":50},"tx":{"total":1278,"enqueue_err":0,"done_queue_dropped":0},"membership":{"deaths":0,"revivals":0,"reboots_seen":0,"table_full":0,"events_dropped":0}}
1791632834.101 {"t":"ns","node":33120,"hash":13581963,"owner":33120,"kind":"sampled","unit":100,"class":4,"bound_ms":5000,"quality":"GOOD","age_ms":343,"ts":74735,"updates":7,"value":2}
1791632834.101 {"t":"ns","node":33120,"hash":3142365229,"owner":33120,"kind":"sampled","unit":101,"class":4,"bound_ms":30000,"quality":"GOOD","age_ms":358,"ts":74735,"updates":7,"value":172032}
1791632834.101 {"t":"ns","node":33120,"hash":1245650351,"owner":25344,"kind":"sampled","unit":0,"class":3,"bound_ms":500,"quality":"NO_DATA","age_ms":0,"ts":0,"updates":0,"value":null}
1791632834.101 {"t":"ns","node":33120,"hash":2033492666,"owner":33120,"kind":"sampled","unit":0,"class":3,"bound_ms":0,"quality":"NO_DATA","age_ms":0,"ts":0,"updates":0,"value":null}
1791632834.101 {"t":"ns","node":33120,"hash":2347817554,"owner":33120,"kind":"sampled","unit":100,"class":4,"bound_ms":0,"quality":"GOOD","age_ms":400,"ts":74735,"updates":7,"value":282}
1791632834.101 {"t":"ns","node":33120,"hash":1170356950,"owner":33120,"kind":"sampled","unit":80,"class":4,"bound_ms":30000,"quality":"GOOD","age_ms":414,"ts":74735,"updates":7,"value":74}
1791632834.101 {"t":"ns","node":33120,"hash":3085599597,"owner":33120,"kind":"sampled","unit":0,"class":4,"bound_ms":5000,"quality":"GOOD","age_ms":429,"ts":74735,"updates":7,"value":-21}
1791632834.101 {"t":"ns","node":33120,"hash":2486014333,"owner":33120,"kind":"sampled","unit":101,"class":4,"bound_ms":30000,"quality":"GOOD","age_ms":444,"ts":74734,"updates":7,"value":250307}
1791632844.238 {"t":"clk","node":33120,"up_ms":85192}
1791632844.238 {"t":"led","node":33120,"shows":"green","app":0}
1791632844.238 {"t":"event","at_ms":75366,"node":33120,"kind":"peer_admitted","peer":29544,"slot":0,"a":0,"b":0}
1791632844.238 {"t":"event","at_ms":76123,"node":33120,"kind":"peer_admitted","peer":25344,"slot":1,"a":0,"b":0}
1791632844.238 {"t":"event","at_ms":77366,"node":33120,"kind":"peer_admitted","peer":29544,"slot":0,"a":0,"b":0}
1791632844.238 {"t":"event","at_ms":78123,"node":33120,"kind":"peer_admitted","peer":25344,"slot":1,"a":0,"b":0}
1791632844.238 {"t":"event","at_ms":79367,"node":33120,"kind":"peer_admitted","peer":29544,"slot":0,"a":0,"b":0}
1791632844.238 {"t":"event","at_ms":80154,"node":33120,"kind":"peer_admitted","peer":25344,"slot":1,"a":0,"b":0}
1791632844.238 {"t":"event","at_ms":81366,"node":33120,"kind":"peer_admitted","peer":29544,"slot":0,"a":0,"b":0}
1791632844.238 {"t":"event","at_ms":82152,"node":33120,"kind":"peer_admitted","peer":25344,"slot":1,"a":0,"b":0}
1791632844.238 {"t":"event","at_ms":83366,"node":33120,"kind":"peer_admitted","peer":29544,"slot":0,"a":0,"b":0}
1791632844.238 {"t":"event","at_ms":84152,"node":33120,"kind":"peer_admitted","peer":25344,"slot":1,"a":0,"b":0}
1791632844.238 {"t":"link","up_ms":85278,"node":33120,"peer":29544,"mac":"b8:1f:3f:da:73:68","state":"alive","epoch":170,"espnow_ver":2,"mtu":1446,"misses":0,"rssi":-10,"tx":{"frames":294,"cb_ok":294,"cb_fail":0,"enqueue_err":0,"pdr_ppm":1000000},"rx":{"frames":1168,"lost_seqgap":0,"reorder_dup":0,"dropped_bad":0,"hb_lost":1,"bcast_frames":831,"pdr_ppm":1000000},"rtt":{"samples":42,"min_us":5449,"max_us":21531,"timeouts":0,"txq_last_us":3366,"txq_max_us":4629,"remote_turnaround_us":822,"remote_turnaround_max_us":1210,"p50_us":[4000,6000],"p99_us":[16000,22000],"hist":[0,0,0,0,33,7,1,0,1,0,0,0,0,0,0,0]}}
1791632844.238 {"t":"link","up_ms":85332,"node":33120,"peer":25344,"mac":"b8:1f:3f:da:63:00","state":"alive","epoch":242,"espnow_ver":2,"mtu":1446,"misses":0,"rssi":-20,"tx":{"frames":285,"cb_ok":285,"cb_fail":0,"enqueue_err":0,"pdr_ppm":1000000},"rx":{"frames":1100,"lost_seqgap":2,"reorder_dup":0,"dropped_bad":0,"hb_lost":3,"bcast_frames":832,"pdr_ppm":998185},"rtt":{"samples":41,"min_us":5884,"max_us":37995,"timeouts":0,"txq_last_us":2791,"txq_max_us":3428,"remote_turnaround_us":988,"remote_turnaround_max_us":9791,"p50_us":[6000,8000],"p99_us":[30000,42000],"hist":[0,0,0,0,20,14,4,0,0,1,2,0,0,0,0,0]}}
1791632844.238 {"t":"auth","node":33120,"up_ms":85386,"enrolled":1,"required":1,"verified_peers":2,"verified":2,"cache_hits":83,"refused":0,"rate_limited":0,"stale_epoch":0,"verify_us_max":84076,"link_stack_free_b":1524,"crypto_stack_free_b":1268,"tags_ok":521,"bad_tag":0,"replayed":0,"untagged":0,"bcast_dropped":0,"beacon_epoch_ignored":0,"tag_us_max":998}
1791632844.238 {"t":"act","node":33120,"setpoint":0,"has_value":0,"writes_served":0}
1791632844.238 {"t":"peers","node":33120,"own_period_ms":100,"own_busy":0,"channel":1,"scanning":0,"scans":0,"hops":0,"found":0,"lost_to_found_ms":0,"moves_followed":0,"moves_refused":0,"sweeps":0,"sweep_found":0,"sweeping":0,"search_visits":0,"relay":0,"fwd_u":0,"fwd_b":0,"fwd_h":0,"relay_dup":874,"list":[{"id":29544,"state":"alive","via_relay":0,"period_ms":100,"misses":6,"busy":1,"rtt_n":42},{"id":25344,"state":"alive","via_relay":0,"period_ms":100,"misses":6,"busy":0,"rtt_n":41}]}
1791632844.238 {"t":"ss","node":33120,"accepted":0,"unsigned":0,"unknown_sender":0,"bad_signature":0,"replayed":0,"rate_limited":0,"verify_us_max":0,"floors":[{"src":25344,"epoch":139,"counter":1}]}
1791632844.238 {"t":"rec","node":33120,"up_ms":85481,"settled":1,"sent":336,"received":275,"malformed":0,"views":1,"replies_fenced":0,"actors":[{"key":1245650351,"running":0,"term":0,"owner":25344,"owner_term":5,"assigned":25344,"starts":0,"fenced":0,"released":0}]}
1791632844.238 {"t":"node","up_ms":85496,"node":33120,"epoch":282,"peers_alive":2,"peers_dead":0,"no_radio":0,"free_dram":250307,"largest_block":172032,"rx":{"total":4037,"bad_frame":0,"unknown_peer":12,"wrong_dst":0,"short_payload":0,"unknown_opcode":0,"queue_dropped":50},"tx":{"total":1460,"enqueue_err":0,"done_queue_dropped":0},"membership":{"deaths":0,"revivals":0,"reboots_seen":0,"table_full":0,"events_dropped":0}}
1791632844.560 {"t":"ns","node":33120,"hash":13581963,"owner":33120,"kind":"sampled","unit":100,"class":4,"bound_ms":5000,"quality":"GOOD","age_ms":342,"ts":85194,"updates":8,"value":2}
1791632844.560 {"t":"ns","node":33120,"hash":3142365229,"owner":33120,"kind":"sampled","unit":101,"class":4,"bound_ms":30000,"quality":"GOOD","age_ms":356,"ts":85194,"updates":8,"value":172032}
1791632844.560 {"t":"ns","node":33120,"hash":1245650351,"owner":25344,"kind":"sampled","unit":0,"class":3,"bound_ms":500,"quality":"NO_DATA","age_ms":0,"ts":0,"updates":0,"value":null}
1791632844.560 {"t":"ns","node":33120,"hash":2033492666,"owner":33120,"kind":"sampled","unit":0,"class":3,"bound_ms":0,"quality":"NO_DATA","age_ms":0,"ts":0,"updates":0,"value":null}
1791632844.560 {"t":"ns","node":33120,"hash":2347817554,"owner":33120,"kind":"sampled","unit":100,"class":4,"bound_ms":0,"quality":"GOOD","age_ms":399,"ts":85194,"updates":8,"value":282}
1791632844.560 {"t":"ns","node":33120,"hash":1170356950,"owner":33120,"kind":"sampled","unit":80,"class":4,"bound_ms":30000,"quality":"GOOD","age_ms":413,"ts":85194,"updates":8,"value":85}
1791632844.560 {"t":"ns","node":33120,"hash":3085599597,"owner":33120,"kind":"sampled","unit":0,"class":4,"bound_ms":5000,"quality":"GOOD","age_ms":427,"ts":85194,"updates":8,"value":-20}
1791632844.560 {"t":"ns","node":33120,"hash":2486014333,"owner":33120,"kind":"sampled","unit":101,"class":4,"bound_ms":30000,"quality":"GOOD","age_ms":441,"ts":85194,"updates":8,"value":250307}
1791632854.707 {"t":"clk","node":33120,"up_ms":95661}
1791632854.707 {"t":"led","node":33120,"shows":"green","app":0}
1791632854.707 {"t":"event","at_ms":85366,"node":33120,"kind":"peer_admitted","peer":29544,"slot":0,"a":0,"b":0}
1791632854.707 {"t":"event","at_ms":86152,"node":33120,"kind":"peer_admitted","peer":25344,"slot":1,"a":0,"b":0}
1791632854.707 {"t":"event","at_ms":87366,"node":33120,"kind":"peer_admitted","peer":29544,"slot":0,"a":0,"b":0}
1791632854.707 {"t":"event","at_ms":88152,"node":33120,"kind":"peer_admitted","peer":25344,"slot":1,"a":0,"b":0}
1791632854.707 {"t":"event","at_ms":89367,"node":33120,"kind":"peer_admitted","peer":29544,"slot":0,"a":0,"b":0}
1791632854.707 {"t":"event","at_ms":90152,"node":33120,"kind":"peer_admitted","peer":25344,"slot":1,"a":0,"b":0}
1791632854.707 {"t":"event","at_ms":91366,"node":33120,"kind":"peer_admitted","peer":29544,"slot":0,"a":0,"b":0}
1791632854.707 {"t":"event","at_ms":92152,"node":33120,"kind":"peer_admitted","peer":25344,"slot":1,"a":0,"b":0}
1791632854.707 {"t":"event","at_ms":93366,"node":33120,"kind":"peer_admitted","peer":29544,"slot":0,"a":0,"b":0}
1791632854.707 {"t":"event","at_ms":94152,"node":33120,"kind":"peer_admitted","peer":25344,"slot":1,"a":0,"b":0}
1791632854.707 {"t":"event","at_ms":95366,"node":33120,"kind":"peer_admitted","peer":29544,"slot":0,"a":0,"b":0}
1791632854.707 {"t":"link","up_ms":95758,"node":33120,"peer":29544,"mac":"b8:1f:3f:da:73:68","state":"alive","epoch":170,"espnow_ver":2,"mtu":1446,"misses":0,"rssi":-10,"tx":{"frames":331,"cb_ok":331,"cb_fail":0,"enqueue_err":0,"pdr_ppm":1000000},"rx":{"frames":1315,"lost_seqgap":0,"reorder_dup":0,"dropped_bad":0,"hb_lost":1,"bcast_frames":936,"pdr_ppm":1000000},"rtt":{"samples":47,"min_us":5382,"max_us":21531,"timeouts":0,"txq_last_us":3366,"txq_max_us":4629,"remote_turnaround_us":854,"remote_turnaround_max_us":1210,"p50_us":[4000,6000],"p99_us":[16000,22000],"hist":[0,0,0,0,36,8,2,0,1,0,0,0,0,0,0,0]}}
1791632854.707 {"t":"link","up_ms":95813,"node":33120,"peer":25344,"mac":"b8:1f:3f:da:63:00","state":"alive","epoch":242,"espnow_ver":2,"mtu":1446,"misses":0,"rssi":-20,"tx":{"frames":320,"cb_ok":320,"cb_fail":0,"enqueue_err":0,"pdr_ppm":1000000},"rx":{"frames":1238,"lost_seqgap":2,"reorder_dup":0,"dropped_bad":0,"hb_lost":3,"bcast_frames":937,"pdr_ppm":998387},"rtt":{"samples":47,"min_us":5875,"max_us":37995,"timeouts":0,"txq_last_us":2798,"txq_max_us":3428,"remote_turnaround_us":1005,"remote_turnaround_max_us":9791,"p50_us":[4000,6000],"p99_us":[30000,42000],"hist":[0,0,0,0,24,16,4,0,0,1,2,0,0,0,0,0]}}
1791632854.707 {"t":"auth","node":33120,"up_ms":95856,"enrolled":1,"required":1,"verified_peers":2,"verified":2,"cache_hits":93,"refused":0,"rate_limited":0,"stale_epoch":0,"verify_us_max":84076,"link_stack_free_b":1524,"crypto_stack_free_b":1268,"tags_ok":587,"bad_tag":0,"replayed":0,"untagged":0,"bcast_dropped":0,"beacon_epoch_ignored":0,"tag_us_max":998}
1791632854.707 {"t":"act","node":33120,"setpoint":0,"has_value":0,"writes_served":0}
1791632854.707 {"t":"peers","node":33120,"own_period_ms":100,"own_busy":0,"channel":1,"scanning":0,"scans":0,"hops":0,"found":0,"lost_to_found_ms":0,"moves_followed":0,"moves_refused":0,"sweeps":0,"sweep_found":0,"sweeping":0,"search_visits":0,"relay":0,"fwd_u":0,"fwd_b":0,"fwd_h":0,"relay_dup":984,"list":[{"id":29544,"state":"alive","via_relay":0,"period_ms":100,"misses":6,"busy":1,"rtt_n":47},{"id":25344,"state":"alive","via_relay":0,"period_ms":100,"misses":6,"busy":0,"rtt_n":47}]}
1791632854.707 {"t":"ss","node":33120,"accepted":0,"unsigned":0,"unknown_sender":0,"bad_signature":0,"replayed":0,"rate_limited":0,"verify_us_max":0,"floors":[{"src":25344,"epoch":139,"counter":1}]}
1791632854.707 {"t":"rec","node":33120,"up_ms":95951,"settled":1,"sent":378,"received":310,"malformed":0,"views":1,"replies_fenced":0,"actors":[{"key":1245650351,"running":0,"term":0,"owner":25344,"owner_term":5,"assigned":25344,"starts":0,"fenced":0,"released":0}]}
1791632855.037 {"t":"node","up_ms":95977,"node":33120,"epoch":282,"peers_alive":2,"peers_dead":0,"no_radio":0,"free_dram":250307,"largest_block":172032,"rx":{"total":4542,"bad_frame":0,"unknown_peer":12,"wrong_dst":0,"short_payload":0,"unknown_opcode":0,"queue_dropped":50},"tx":{"total":1642,"enqueue_err":0,"done_queue_dropped":0},"membership":{"deaths":0,"revivals":0,"reboots_seen":0,"table_full":0,"events_dropped":0}}
1791632855.037 {"t":"ns","node":33120,"hash":13581963,"owner":33120,"kind":"sampled","unit":100,"class":4,"bound_ms":5000,"quality":"GOOD","age_ms":354,"ts":95663,"updates":9,"value":2}
1791632855.037 {"t":"ns","node":33120,"hash":3142365229,"owner":33120,"kind":"sampled","unit":101,"class":4,"bound_ms":30000,"quality":"GOOD","age_ms":370,"ts":95662,"updates":9,"value":172032}
1791632855.037 {"t":"ns","node":33120,"hash":1245650351,"owner":25344,"kind":"sampled","unit":0,"class":3,"bound_ms":500,"quality":"NO_DATA","age_ms":0,"ts":0,"updates":0,"value":null}
1791632855.037 {"t":"ns","node":33120,"hash":2033492666,"owner":33120,"kind":"sampled","unit":0,"class":3,"bound_ms":0,"quality":"NO_DATA","age_ms":0,"ts":0,"updates":0,"value":null}
1791632855.037 {"t":"ns","node":33120,"hash":2347817554,"owner":33120,"kind":"sampled","unit":100,"class":4,"bound_ms":0,"quality":"GOOD","age_ms":411,"ts":95662,"updates":9,"value":282}
1791632855.037 {"t":"ns","node":33120,"hash":1170356950,"owner":33120,"kind":"sampled","unit":80,"class":4,"bound_ms":30000,"quality":"GOOD","age_ms":425,"ts":95662,"updates":9,"value":95}
1791632855.037 {"t":"ns","node":33120,"hash":3085599597,"owner":33120,"kind":"sampled","unit":0,"class":4,"bound_ms":5000,"quality":"GOOD","age_ms":439,"ts":95663,"updates":9,"value":-21}
1791632855.037 {"t":"ns","node":33120,"hash":2486014333,"owner":33120,"kind":"sampled","unit":101,"class":4,"bound_ms":30000,"quality":"GOOD","age_ms":454,"ts":95662,"updates":9,"value":250307}
1791632865.173 W (107232) pot.m0: peer 0x6300 declared DEAD after 6 misses (619 ms silent)
1791632865.173 {"t":"clk","node":33120,"up_ms":106130}
1791632865.173 {"t":"led","node":33120,"shows":"green","app":0}
1791632865.173 {"t":"event","at_ms":96172,"node":33120,"kind":"peer_admitted","peer":25344,"slot":1,"a":0,"b":0}
1791632865.173 {"t":"event","at_ms":97366,"node":33120,"kind":"peer_admitted","peer":29544,"slot":0,"a":0,"b":0}
1791632865.173 {"t":"event","at_ms":98174,"node":33120,"kind":"peer_admitted","peer":25344,"slot":1,"a":0,"b":0}
1791632865.173 {"t":"event","at_ms":99366,"node":33120,"kind":"peer_admitted","peer":29544,"slot":0,"a":0,"b":0}
1791632865.173 {"t":"event","at_ms":100172,"node":33120,"kind":"peer_admitted","peer":25344,"slot":1,"a":0,"b":0}
1791632865.173 {"t":"event","at_ms":101366,"node":33120,"kind":"peer_admitted","peer":29544,"slot":0,"a":0,"b":0}
1791632865.173 {"t":"event","at_ms":102172,"node":33120,"kind":"peer_admitted","peer":25344,"slot":1,"a":0,"b":0}
1791632865.173 {"t":"event","at_ms":103366,"node":33120,"kind":"peer_admitted","peer":29544,"slot":0,"a":0,"b":0}
1791632865.173 {"t":"event","at_ms":104172,"node":33120,"kind":"peer_admitted","peer":25344,"slot":1,"a":0,"b":0}
1791632865.173 {"t":"event","at_ms":105366,"node":33120,"kind":"peer_admitted","peer":29544,"slot":0,"a":0,"b":0}
1791632865.173 {"t":"event","at_ms":106048,"node":33120,"kind":"peer_dead","peer":25344,"slot":1,"a":6,"b":619}
1791632865.173 {"t":"event","at_ms":106051,"node":33120,"kind":"actor_owner","peer":0,"slot":255,"a":1245650351,"b":0}
1791632865.173 {"t":"event","at_ms":106115,"node":33120,"kind":"actor_owner","peer":29544,"slot":255,"a":1245650351,"b":6}
1791632865.173 {"t":"link","up_ms":106241,"node":33120,"peer":29544,"mac":"b8:1f:3f:da:73:68","state":"alive","epoch":170,"espnow_ver":2,"mtu":1446,"misses":0,"rssi":-10,"tx":{"frames":366,"cb_ok":366,"cb_fail":0,"enqueue_err":0,"pdr_ppm":1000000},"rx":{"frames":1462,"lost_seqgap":0,"reorder_dup":0,"dropped_bad":0,"hb_lost":1,"bcast_frames":1041,"pdr_ppm":1000000},"rtt":{"samples":52,"min_us":5382,"max_us":21531,"timeouts":0,"txq_last_us":3366,"txq_max_us":4629,"remote_turnaround_us":1018,"remote_turnaround_max_us":1210,"p50_us":[4000,6000],"p99_us":[16000,22000],"hist":[0,0,0,0,40,9,2,0,1,0,0,0,0,0,0,0]}}
1791632865.173 {"t":"link","up_ms":106295,"node":33120,"peer":25344,"mac":"b8:1f:3f:da:63:00","state":"dead","epoch":242,"espnow_ver":2,"mtu":1446,"misses":6,"rssi":-20,"tx":{"frames":354,"cb_ok":351,"cb_fail":3,"enqueue_err":0,"pdr_ppm":991525},"rx":{"frames":1358,"lost_seqgap":2,"reorder_dup":0,"dropped_bad":0,"hb_lost":4,"bcast_frames":1029,"pdr_ppm":998529},"rtt":{"samples":51,"min_us":5875,"max_us":146505,"timeouts":0,"txq_last_us":2789,"txq_max_us":3428,"remote_turnaround_us":141513,"remote_turnaround_max_us":141513,"p50_us":[4000,6000],"p99_us":[110000,200000],"hist":[0,0,0,0,26,17,4,0,0,1,2,0,0,0,1,0]}}
1791632865.173 {"t":"auth","node":33120,"up_ms":106350,"enrolled":1,"required":1,"verified_peers":2,"verified":2,"cache_hits":103,"refused":0,"rate_limited":0,"stale_epoch":0,"verify_us_max":84076,"link_stack_free_b":1524,"crypto_stack_free_b":1268,"tags_ok":645,"bad_tag":0,"replayed":0,"untagged":0,"bcast_dropped":0,"beacon_epoch_ignored":0,"tag_us_max":998}
1791632865.173 {"t":"act","node":33120,"setpoint":0,"has_value":0,"writes_served":0}
1791632865.173 {"t":"peers","node":33120,"own_period_ms":100,"own_busy":0,"channel":1,"scanning":0,"scans":0,"hops":0,"found":0,"lost_to_found_ms":0,"moves_followed":0,"moves_refused":0,"sweeps":0,"sweep_found":0,"sweeping":0,"search_visits":0,"relay":0,"fwd_u":0,"fwd_b":0,"fwd_h":0,"relay_dup":1080,"list":[{"id":29544,"state":"alive","via_relay":0,"period_ms":100,"misses":6,"busy":1,"rtt_n":52},{"id":25344,"state":"dead","via_relay":0,"period_ms":100,"misses":6,"busy":0,"rtt_n":51}]}
1791632865.173 {"t":"ss","node":33120,"accepted":0,"unsigned":0,"unknown_sender":0,"bad_signature":0,"replayed":0,"rate_limited":0,"verify_us_max":0,"floors":[{"src":25344,"epoch":139,"counter":1}]}
1791632865.173 {"t":"rec","node":33120,"up_ms":106445,"settled":1,"sent":420,"received":344,"malformed":0,"views":2,"replies_fenced":0,"actors":[{"key":1245650351,"running":0,"term":0,"owner":29544,"owner_term":6,"assigned":29544,"starts":0,"fenced":0,"released":0}]}
1791632865.535 {"t":"node","up_ms":106471,"node":33120,"epoch":282,"peers_alive":1,"peers_dead":1,"no_radio":0,"free_dram":250307,"largest_block":172032,"rx":{"total":5013,"bad_frame":0,"unknown_peer":12,"wrong_dst":0,"short_payload":0,"unknown_opcode":0,"queue_dropped":50},"tx":{"total":1822,"enqueue_err":0,"done_queue_dropped":0},"membership":{"deaths":1,"revivals":0,"reboots_seen":0,"table_full":0,"events_dropped":0}}
1791632865.535 {"t":"ns","node":33120,"hash":13581963,"owner":33120,"kind":"sampled","unit":100,"class":4,"bound_ms":5000,"quality":"GOOD","age_ms":368,"ts":106132,"updates":10,"value":1}
1791632865.535 {"t":"ns","node":33120,"hash":3142365229,"owner":33120,"kind":"sampled","unit":101,"class":4,"bound_ms":30000,"quality":"GOOD","age_ms":383,"ts":106131,"updates":10,"value":172032}
1791632865.535 {"t":"ns","node":33120,"hash":1245650351,"owner":29544,"kind":"sampled","unit":0,"class":3,"bound_ms":500,"quality":"NO_DATA","age_ms":0,"ts":0,"updates":0,"value":null}
1791632865.535 {"t":"ns","node":33120,"hash":2033492666,"owner":33120,"kind":"sampled","unit":0,"class":3,"bound_ms":0,"quality":"NO_DATA","age_ms":0,"ts":0,"updates":0,"value":null}
1791632865.535 {"t":"ns","node":33120,"hash":2347817554,"owner":33120,"kind":"sampled","unit":100,"class":4,"bound_ms":0,"quality":"GOOD","age_ms":436,"ts":106131,"updates":10,"value":282}
1791632865.535 {"t":"ns","node":33120,"hash":1170356950,"owner":33120,"kind":"sampled","unit":80,"class":4,"bound_ms":30000,"quality":"GOOD","age_ms":450,"ts":106131,"updates":10,"value":106}
1791632865.535 {"t":"ns","node":33120,"hash":3085599597,"owner":33120,"kind":"sampled","unit":0,"class":4,"bound_ms":5000,"quality":"GOOD","age_ms":463,"ts":106132,"updates":10,"value":-10}
1791632865.535 {"t":"ns","node":33120,"hash":2486014333,"owner":33120,"kind":"sampled","unit":101,"class":4,"bound_ms":30000,"quality":"GOOD","age_ms":478,"ts":106131,"updates":10,"value":250307}
1791632867.401 W (109683) pot.m0: peer 0x6300 rebooted, epoch now 243
1791632875.671 {"t":"clk","node":33120,"up_ms":116624}
1791632875.671 {"t":"led","node":33120,"shows":"green","app":0}
1791632875.671 {"t":"event","at_ms":106786,"node":33120,"kind":"probe_timeout","peer":25344,"slot":1,"a":261,"b":0}
1791632875.671 {"t":"event","at_ms":107366,"node":33120,"kind":"peer_admitted","peer":29544,"slot":0,"a":0,"b":0}
1791632875.671 {"t":"event","at_ms":108499,"node":33120,"kind":"peer_rebooted","peer":25344,"slot":1,"a":243,"b":0}
1791632875.671 {"t":"event","at_ms":108502,"node":33120,"kind":"peer_admitted","peer":25344,"slot":1,"a":0,"b":0}
1791632875.671 {"t":"event","at_ms":108503,"node":33120,"kind":"peer_admitted","peer":25344,"slot":1,"a":0,"b":0}
1791632875.671 {"t":"event","at_ms":108505,"node":33120,"kind":"peer_admitted","peer":29544,"slot":0,"a":0,"b":0}
1791632875.671 {"t":"event","at_ms":108573,"node":33120,"kind":"peer_admitted","peer":25344,"slot":1,"a":0,"b":0}
1791632875.671 {"t":"event","at_ms":108660,"node":33120,"kind":"peer_admitted","peer":25344,"slot":1,"a":0,"b":0}
1791632875.671 {"t":"event","at_ms":109366,"node":33120,"kind":"peer_admitted","peer":29544,"slot":0,"a":0,"b":0}
1791632875.671 {"t":"event","at_ms":110423,"node":33120,"kind":"peer_admitted","peer":25344,"slot":1,"a":0,"b":0}
1791632875.671 {"t":"event","at_ms":111366,"node":33120,"kind":"peer_admitted","peer":29544,"slot":0,"a":0,"b":0}
1791632875.671 {"t":"event","at_ms":112423,"node":33120,"kind":"peer_admitted","peer":25344,"slot":1,"a":0,"b":0}
1791632875.671 {"t":"event","at_ms":113366,"node":33120,"kind":"peer_admitted","peer":29544,"slot":0,"a":0,"b":0}
1791632875.671 {"t":"event","at_ms":114423,"node":33120,"kind":"peer_admitted","peer":25344,"slot":1,"a":0,"b":0}
1791632875.671 {"t":"event","at_ms":114431,"node":33120,"kind":"actor_owner","peer":0,"slot":255,"a":1245650351,"b":0}
1791632875.671 {"t":"event","at_ms":114435,"node":33120,"kind":"actor_owner","peer":25344,"slot":255,"a":1245650351,"b":7}
1791632875.671 {"t":"event","at_ms":115366,"node":33120,"kind":"peer_admitted","peer":29544,"slot":0,"a":0,"b":0}
1791632875.671 {"t":"event","at_ms":116423,"node":33120,"kind":"peer_admitted","peer":25344,"slot":1,"a":0,"b":0}
1791632875.671 {"t":"link","up_ms":116789,"node":33120,"peer":29544,"mac":"b8:1f:3f:da:73:68","state":"alive","epoch":170,"espnow_ver":2,"mtu":1446,"misses":0,"rssi":-10,"tx":{"frames":409,"cb_ok":408,"cb_fail":0,"enqueue_err":0,"pdr_ppm":1000000},"rx":{"frames":1615,"lost_seqgap":0,"reorder_dup":0,"dropped_bad":0,"hb_lost":1,"bcast_frames":1146,"pdr_ppm":1000000},"rtt":{"samples":57,"min_us":5382,"max_us":21531,"timeouts":0,"txq_last_us":3366,"txq_max_us":4629,"remote_turnaround_us":721,"remote_turnaround_max_us":1210,"p50_us":[4000,6000],"p99_us":[16000,22000],"hist":[0,0,0,0,45,9,2,0,1,0,0,0,0,0,0,0]}}
1791632875.671 {"t":"link","up_ms":116833,"node":33120,"peer":25344,"mac":"b8:1f:3f:da:63:00","state":"alive","epoch":243,"espnow_ver":2,"mtu":1446,"misses":0,"rssi":-21,"tx":{"frames":389,"cb_ok":386,"cb_fail":3,"enqueue_err":0,"pdr_ppm":992287},"rx":{"frames":1480,"lost_seqgap":2,"reorder_dup":0,"dropped_bad":0,"hb_lost":4,"bcast_frames":1111,"pdr_ppm":998650},"rtt":{"samples":55,"min_us":5875,"max_us":146505,"timeouts":1,"txq_last_us":2789,"txq_max_us":3428,"remote_turnaround_us":1017,"remote_turnaround_max_us":141513,"p50_us":[4000,6000],"p99_us":[110000,200000],"hist":[0,0,0,0,28,19,4,0,0,1,2,0,0,0,1,0]}}
1791632875.671 {"t":"auth","node":33120,"up_ms":116887,"enrolled":1,"required":1,"verified_peers":2,"verified":3,"cache_hits":116,"refused":0,"rate_limited":0,"stale_epoch":0,"verify_us_max":84076,"link_stack_free_b":1524,"crypto_stack_free_b":1220,"tags_ok":720,"bad_tag":0,"replayed":0,"untagged":0,"bcast_dropped":0,"beacon_epoch_ignored":0,"tag_us_max":998}
1791632875.671 {"t":"act","node":33120,"setpoint":0,"has_value":0,"writes_served":0}
1791632875.671 {"t":"peers","node":33120,"own_period_ms":100,"own_busy":0,"channel":1,"scanning":0,"scans":0,"hops":0,"found":0,"lost_to_found_ms":0,"moves_followed":0,"moves_refused":0,"sweeps":0,"sweep_found":0,"sweeping":0,"search_visits":0,"relay":0,"fwd_u":0,"fwd_b":0,"fwd_h":0,"relay_dup":1171,"list":[{"id":29544,"state":"alive","via_relay":0,"period_ms":100,"misses":6,"busy":1,"rtt_n":58},{"id":25344,"state":"alive","via_relay":0,"period_ms":100,"misses":6,"busy":0,"rtt_n":55}]}
1791632876.062 {"t":"ss","node":33120,"accepted":0,"unsigned":0,"unknown_sender":0,"bad_signature":0,"replayed":0,"rate_limited":0,"verify_us_max":0,"floors":[{"src":25344,"epoch":139,"counter":1}]}
1791632876.063 {"t":"rec","node":33120,"up_ms":116982,"settled":1,"sent":463,"received":390,"malformed":0,"views":3,"replies_fenced":0,"actors":[{"key":1245650351,"running":0,"term":0,"owner":25344,"owner_term":7,"assigned":25344,"starts":0,"fenced":0,"released":0}]}
1791632876.063 {"t":"node","up_ms":117008,"node":33120,"epoch":282,"peers_alive":2,"peers_dead":0,"no_radio":0,"free_dram":250307,"largest_block":172032,"rx":{"total":5495,"bad_frame":0,"unknown_peer":12,"wrong_dst":0,"short_payload":0,"unknown_opcode":0,"queue_dropped":50},"tx":{"total":2011,"enqueue_err":0,"done_queue_dropped":0},"membership":{"deaths":1,"revivals":0,"reboots_seen":1,"table_full":0,"events_dropped":0}}
1791632876.063 {"t":"ns","node":33120,"hash":13581963,"owner":33120,"kind":"sampled","unit":100,"class":4,"bound_ms":5000,"quality":"GOOD","age_ms":411,"ts":116626,"updates":11,"value":2}
1791632876.063 {"t":"ns","node":33120,"hash":3142365229,"owner":33120,"kind":"sampled","unit":101,"class":4,"bound_ms":30000,"quality":"GOOD","age_ms":427,"ts":116625,"updates":11,"value":172032}
1791632876.063 {"t":"ns","node":33120,"hash":1245650351,"owner":25344,"kind":"sampled","unit":0,"class":3,"bound_ms":500,"quality":"NO_DATA","age_ms":0,"ts":0,"updates":0,"value":null}
1791632876.063 {"t":"ns","node":33120,"hash":2033492666,"owner":33120,"kind":"sampled","unit":0,"class":3,"bound_ms":0,"quality":"NO_DATA","age_ms":0,"ts":0,"updates":0,"value":null}
1791632876.063 {"t":"ns","node":33120,"hash":2347817554,"owner":33120,"kind":"sampled","unit":100,"class":4,"bound_ms":0,"quality":"GOOD","age_ms":480,"ts":116625,"updates":11,"value":282}
1791632876.063 {"t":"ns","node":33120,"hash":1170356950,"owner":33120,"kind":"sampled","unit":80,"class":4,"bound_ms":30000,"quality":"GOOD","age_ms":494,"ts":116625,"updates":11,"value":116}
1791632876.063 {"t":"ns","node":33120,"hash":3085599597,"owner":33120,"kind":"sampled","unit":0,"class":4,"bound_ms":5000,"quality":"GOOD","age_ms":508,"ts":116626,"updates":11,"value":-21}
1791632876.063 {"t":"ns","node":33120,"hash":2486014333,"owner":33120,"kind":"sampled","unit":101,"class":4,"bound_ms":30000,"quality":"GOOD","age_ms":522,"ts":116625,"updates":11,"value":250307}
1791632886.211 {"t":"clk","node":33120,"up_ms":127162}
1791632886.211 {"t":"led","node":33120,"shows":"green","app":0}
1791632886.211 {"t":"event","at_ms":117366,"node":33120,"kind":"peer_admitted","peer":29544,"slot":0,"a":0,"b":0}
1791632886.211 {"t":"event","at_ms":118423,"node":33120,"kind":"peer_admitted","peer":25344,"slot":1,"a":0,"b":0}
1791632886.211 {"t":"event","at_ms":119366,"node":33120,"kind":"peer_admitted","peer":29544,"slot":0,"a":0,"b":0}
1791632886.211 {"t":"event","at_ms":120423,"node":33120,"kind":"peer_admitted","peer":25344,"slot":1,"a":0,"b":0}
1791632886.211 {"t":"event","at_ms":121368,"node":33120,"kind":"peer_admitted","peer":29544,"slot":0,"a":0,"b":0}
1791632886.211 {"t":"event","at_ms":122423,"node":33120,"kind":"peer_admitted","peer":25344,"slot":1,"a":0,"b":0}
1791632886.211 {"t":"event","at_ms":123366,"node":33120,"kind":"peer_admitted","peer":29544,"slot":0,"a":0,"b":0}
1791632886.211 {"t":"event","at_ms":124424,"node":33120,"kind":"peer_admitted","peer":25344,"slot":1,"a":0,"b":0}
1791632886.211 {"t":"event","at_ms":125366,"node":33120,"kind":"peer_admitted","peer":29544,"slot":0,"a":0,"b":0}
1791632886.211 {"t":"event","at_ms":126423,"node":33120,"kind":"peer_admitted","peer":25344,"slot":1,"a":0,"b":0}
1791632886.211 {"t":"link","up_ms":127246,"node":33120,"peer":29544,"mac":"b8:1f:3f:da:73:68","state":"alive","epoch":170,"espnow_ver":2,"mtu":1446,"misses":0,"rssi":-10,"tx":{"frames":445,"cb_ok":445,"cb_fail":0,"enqueue_err":0,"pdr_ppm":1000000},"rx":{"frames":1763,"lost_seqgap":0,"reorder_dup":0,"dropped_bad":0,"hb_lost":1,"bcast_frames":1251,"pdr_ppm":1000000},"rtt":{"samples":63,"min_us":5382,"max_us":21531,"timeouts":0,"txq_last_us":3366,"txq_max_us":4629,"remote_turnaround_us":849,"remote_turnaround_max_us":1210,"p50_us":[4000,6000],"p99_us":[16000,22000],"hist":[0,0,0,0,50,10,2,0,1,0,0,0,0,0,0,0]}}
1791632886.211 {"t":"link","up_ms":127301,"node":33120,"peer":25344,"mac":"b8:1f:3f:da:63:00","state":"alive","epoch":243,"espnow_ver":2,"mtu":1446,"misses":0,"rssi":-21,"tx":{"frames":425,"cb_ok":422,"cb_fail":3,"enqueue_err":0,"pdr_ppm":992941},"rx":{"frames":1626,"lost_seqgap":2,"reorder_dup":0,"dropped_bad":0,"hb_lost":4,"bcast_frames":1216,"pdr_ppm":998771},"rtt":{"samples":60,"min_us":5875,"max_us":146505,"timeouts":1,"txq_last_us":2789,"txq_max_us":3428,"remote_turnaround_us":1010,"remote_turnaround_max_us":141513,"p50_us":[4000,6000],"p99_us":[110000,200000],"hist":[0,0,0,0,33,19,4,0,0,1,2,0,0,0,1,0]}}
1791632886.211 {"t":"auth","node":33120,"up_ms":127355,"enrolled":1,"required":1,"verified_peers":2,"verified":3,"cache_hits":126,"refused":0,"rate_limited":0,"stale_epoch":0,"verify_us_max":84076,"link_stack_free_b":1524,"crypto_stack_free_b":1220,"tags_ok":793,"bad_tag":0,"replayed":0,"untagged":0,"bcast_dropped":0,"beacon_epoch_ignored":0,"tag_us_max":998}
1791632886.211 {"t":"act","node":33120,"setpoint":0,"has_value":0,"writes_served":0}
1791632886.211 {"t":"peers","node":33120,"own_period_ms":100,"own_busy":0,"channel":1,"scanning":0,"scans":0,"hops":0,"found":0,"lost_to_found_ms":0,"moves_followed":0,"moves_refused":0,"sweeps":0,"sweep_found":0,"sweeping":0,"search_visits":0,"relay":0,"fwd_u":0,"fwd_b":0,"fwd_h":0,"relay_dup":1281,"list":[{"id":29544,"state":"alive","via_relay":0,"period_ms":100,"misses":6,"busy":1,"rtt_n":63},{"id":25344,"state":"alive","via_relay":0,"period_ms":100,"misses":6,"busy":0,"rtt_n":60}]}
1791632886.211 {"t":"ss","node":33120,"accepted":0,"unsigned":0,"unknown_sender":0,"bad_signature":0,"replayed":0,"rate_limited":0,"verify_us_max":0,"floors":[{"src":25344,"epoch":139,"counter":1}]}
1791632886.211 {"t":"rec","node":33120,"up_ms":127450,"settled":1,"sent":505,"received":431,"malformed":0,"views":3,"replies_fenced":0,"actors":[{"key":1245650351,"running":0,"term":0,"owner":25344,"owner_term":7,"assigned":25344,"starts":0,"fenced":0,"released":0}]}
1791632886.211 {"t":"node","up_ms":127477,"node":33120,"epoch":282,"peers_alive":2,"peers_dead":0,"no_radio":0,"free_dram":250307,"largest_block":172032,"rx":{"total":6008,"bad_frame":0,"unknown_peer":12,"wrong_dst":0,"short_payload":0,"unknown_opcode":0,"queue_dropped":50},"tx":{"total":2194,"enqueue_err":0,"done_queue_dropped":0},"membership":{"deaths":1,"revivals":0,"reboots_seen":1,"table_full":0,"events_dropped":0}}
1791632886.539 {"t":"ns","node":33120,"hash":13581963,"owner":33120,"kind":"sampled","unit":100,"class":4,"bound_ms":5000,"quality":"GOOD","age_ms":343,"ts":127164,"updates":12,"value":2}
1791632886.539 {"t":"ns","node":33120,"hash":3142365229,"owner":33120,"kind":"sampled","unit":101,"class":4,"bound_ms":30000,"quality":"GOOD","age_ms":358,"ts":127163,"updates":12,"value":172032}
1791632886.539 {"t":"ns","node":33120,"hash":1245650351,"owner":25344,"kind":"sampled","unit":0,"class":3,"bound_ms":500,"quality":"NO_DATA","age_ms":0,"ts":0,"updates":0,"value":null}
1791632886.539 {"t":"ns","node":33120,"hash":2033492666,"owner":33120,"kind":"sampled","unit":0,"class":3,"bound_ms":0,"quality":"NO_DATA","age_ms":0,"ts":0,"updates":0,"value":null}
1791632886.539 {"t":"ns","node":33120,"hash":2347817554,"owner":33120,"kind":"sampled","unit":100,"class":4,"bound_ms":0,"quality":"GOOD","age_ms":400,"ts":127163,"updates":12,"value":282}
1791632886.539 {"t":"ns","node":33120,"hash":1170356950,"owner":33120,"kind":"sampled","unit":80,"class":4,"bound_ms":30000,"quality":"GOOD","age_ms":414,"ts":127163,"updates":12,"value":127}
1791632886.539 {"t":"ns","node":33120,"hash":3085599597,"owner":33120,"kind":"sampled","unit":0,"class":4,"bound_ms":5000,"quality":"GOOD","age_ms":438,"ts":127164,"updates":12,"value":-21}
1791632886.539 {"t":"ns","node":33120,"hash":2486014333,"owner":33120,"kind":"sampled","unit":101,"class":4,"bound_ms":30000,"quality":"GOOD","age_ms":453,"ts":127163,"updates":12,"value":250307}
1791632896.676 {"t":"clk","node":33120,"up_ms":137631}
1791632896.676 {"t":"led","node":33120,"shows":"green","app":0}
1791632896.676 {"t":"event","at_ms":127366,"node":33120,"kind":"peer_admitted","peer":29544,"slot":0,"a":0,"b":0}
1791632896.676 {"t":"event","at_ms":128423,"node":33120,"kind":"peer_admitted","peer":25344,"slot":1,"a":0,"b":0}
1791632896.676 {"t":"event","at_ms":129366,"node":33120,"kind":"peer_admitted","peer":29544,"slot":0,"a":0,"b":0}
1791632896.676 {"t":"event","at_ms":130423,"node":33120,"kind":"peer_admitted","peer":25344,"slot":1,"a":0,"b":0}
1791632896.676 {"t":"event","at_ms":131366,"node":33120,"kind":"peer_admitted","peer":29544,"slot":0,"a":0,"b":0}
1791632896.676 {"t":"event","at_ms":132423,"node":33120,"kind":"peer_admitted","peer":25344,"slot":1,"a":0,"b":0}
1791632896.676 {"t":"event","at_ms":133366,"node":33120,"kind":"peer_admitted","peer":29544,"slot":0,"a":0,"b":0}
1791632896.676 {"t":"event","at_ms":134424,"node":33120,"kind":"peer_admitted","peer":25344,"slot":1,"a":0,"b":0}
1791632896.676 {"t":"event","at_ms":135390,"node":33120,"kind":"peer_admitted","peer":29544,"slot":0,"a":0,"b":0}
1791632896.676 {"t":"event","at_ms":136423,"node":33120,"kind":"peer_admitted","peer":25344,"slot":1,"a":0,"b":0}
1791632896.676 {"t":"event","at_ms":137366,"node":33120,"kind":"peer_admitted","peer":29544,"slot":0,"a":0,"b":0}
1791632896.676 {"t":"link","up_ms":137728,"node":33120,"peer":29544,"mac":"b8:1f:3f:da:73:68","state":"alive","epoch":170,"espnow_ver":2,"mtu":1446,"misses":0,"rssi":-9,"tx":{"frames":482,"cb_ok":482,"cb_fail":0,"enqueue_err":0,"pdr_ppm":1000000},"rx":{"frames":1908,"lost_seqgap":0,"reorder_dup":0,"dropped_bad":0,"hb_lost":2,"bcast_frames":1355,"pdr_ppm":1000000},"rtt":{"samples":68,"min_us":5382,"max_us":21531,"timeouts":0,"txq_last_us":3366,"txq_max_us":4629,"remote_turnaround_us":765,"remote_turnaround_max_us":1210,"p50_us":[4000,6000],"p99_us":[16000,22000],"hist":[0,0,0,0,53,11,3,0,1,0,0,0,0,0,0,0]}}
1791632896.676 {"t":"link","up_ms":137782,"node":33120,"peer":25344,"mac":"b8:1f:3f:da:63:00","state":"alive","epoch":243,"espnow_ver":2,"mtu":1446,"misses":0,"rssi":-21,"tx":{"frames":461,"cb_ok":458,"cb_fail":3,"enqueue_err":0,"pdr_ppm":993492},"rx":{"frames":1772,"lost_seqgap":2,"reorder_dup":0,"dropped_bad":0,"hb_lost":4,"bcast_frames":1321,"pdr_ppm":998872},"rtt":{"samples":65,"min_us":5875,"max_us":146505,"timeouts":1,"txq_last_us":2789,"txq_max_us":3428,"remote_turnaround_us":1007,"remote_turnaround_max_us":141513,"p50_us":[4000,6000],"p99_us":[110000,200000],"hist":[0,0,0,0,37,20,4,0,0,1,2,0,0,0,1,0]}}
1791632896.676 {"t":"auth","node":33120,"up_ms":137837,"enrolled":1,"required":1,"verified_peers":2,"verified":3,"cache_hits":137,"refused":0,"rate_limited":0,"stale_epoch":0,"verify_us_max":84076,"link_stack_free_b":1524,"crypto_stack_free_b":1220,"tags_ok":867,"bad_tag":0,"replayed":0,"untagged":0,"bcast_dropped":0,"beacon_epoch_ignored":0,"tag_us_max":998}
1791632896.676 {"t":"act","node":33120,"setpoint":0,"has_value":0,"writes_served":0}
1791632896.676 {"t":"peers","node":33120,"own_period_ms":100,"own_busy":0,"channel":1,"scanning":0,"scans":0,"hops":0,"found":0,"lost_to_found_ms":0,"moves_followed":0,"moves_refused":0,"sweeps":0,"sweep_found":0,"sweeping":0,"search_visits":0,"relay":0,"fwd_u":0,"fwd_b":0,"fwd_h":0,"relay_dup":1391,"list":[{"id":29544,"state":"alive","via_relay":0,"period_ms":100,"misses":6,"busy":1,"rtt_n":68},{"id":25344,"state":"alive","via_relay":0,"period_ms":100,"misses":6,"busy":0,"rtt_n":66}]}
1791632896.676 {"t":"ss","node":33120,"accepted":0,"unsigned":0,"unknown_sender":0,"bad_signature":0,"replayed":0,"rate_limited":0,"verify_us_max":0,"floors":[{"src":25344,"epoch":139,"counter":1}]}
1791632896.676 {"t":"rec","node":33120,"up_ms":137932,"settled":1,"sent":547,"received":472,"malformed":0,"views":3,"replies_fenced":0,"actors":[{"key":1245650351,"running":0,"term":0,"owner":25344,"owner_term":7,"assigned":25344,"starts":0,"fenced":0,"released":0}]}
1791632897.018 {"t":"node","up_ms":137947,"node":33120,"epoch":282,"peers_alive":2,"peers_dead":0,"no_radio":0,"free_dram":250307,"largest_block":172032,"rx":{"total":6518,"bad_frame":0,"unknown_peer":12,"wrong_dst":0,"short_payload":0,"unknown_opcode":0,"queue_dropped":50},"tx":{"total":2377,"enqueue_err":0,"done_queue_dropped":0},"membership":{"deaths":1,"revivals":0,"reboots_seen":1,"table_full":0,"events_dropped":0}}
1791632897.018 {"t":"ns","node":33120,"hash":13581963,"owner":33120,"kind":"sampled","unit":100,"class":4,"bound_ms":5000,"quality":"GOOD","age_ms":354,"ts":137633,"updates":13,"value":2}
1791632897.018 {"t":"ns","node":33120,"hash":3142365229,"owner":33120,"kind":"sampled","unit":101,"class":4,"bound_ms":30000,"quality":"GOOD","age_ms":368,"ts":137633,"updates":13,"value":172032}
1791632897.018 {"t":"ns","node":33120,"hash":1245650351,"owner":25344,"kind":"sampled","unit":0,"class":3,"bound_ms":500,"quality":"NO_DATA","age_ms":0,"ts":0,"updates":0,"value":null}
1791632897.018 {"t":"ns","node":33120,"hash":2033492666,"owner":33120,"kind":"sampled","unit":0,"class":3,"bound_ms":0,"quality":"NO_DATA","age_ms":0,"ts":0,"updates":0,"value":null}
1791632897.018 {"t":"ns","node":33120,"hash":2347817554,"owner":33120,"kind":"sampled","unit":100,"class":4,"bound_ms":0,"quality":"GOOD","age_ms":410,"ts":137633,"updates":13,"value":282}
1791632897.018 {"t":"ns","node":33120,"hash":1170356950,"owner":33120,"kind":"sampled","unit":80,"class":4,"bound_ms":30000,"quality":"GOOD","age_ms":424,"ts":137633,"updates":13,"value":137}
1791632897.018 {"t":"ns","node":33120,"hash":3085599597,"owner":33120,"kind":"sampled","unit":0,"class":4,"bound_ms":5000,"quality":"GOOD","age_ms":438,"ts":137633,"updates":13,"value":-21}
1791632897.018 {"t":"ns","node":33120,"hash":2486014333,"owner":33120,"kind":"sampled","unit":101,"class":4,"bound_ms":30000,"quality":"GOOD","age_ms":464,"ts":137632,"updates":13,"value":250307}
1791632907.160 {"t":"clk","node":33120,"up_ms":148111}
1791632907.160 {"t":"led","node":33120,"shows":"green","app":0}
1791632907.160 {"t":"event","at_ms":138423,"node":33120,"kind":"peer_admitted","peer":25344,"slot":1,"a":0,"b":0}
1791632907.160 {"t":"event","at_ms":139366,"node":33120,"kind":"peer_admitted","peer":29544,"slot":0,"a":0,"b":0}
1791632907.160 {"t":"event","at_ms":140423,"node":33120,"kind":"peer_admitted","peer":25344,"slot":1,"a":0,"b":0}
1791632907.160 {"t":"event","at_ms":141366,"node":33120,"kind":"peer_admitted","peer":29544,"slot":0,"a":0,"b":0}
1791632907.160 {"t":"event","at_ms":142423,"node":33120,"kind":"peer_admitted","peer":25344,"slot":1,"a":0,"b":0}
1791632907.160 {"t":"event","at_ms":143366,"node":33120,"kind":"peer_admitted","peer":29544,"slot":0,"a":0,"b":0}
1791632907.160 {"t":"event","at_ms":144423,"node":33120,"kind":"peer_admitted","peer":25344,"slot":1,"a":0,"b":0}
1791632907.160 {"t":"event","at_ms":145366,"node":33120,"kind":"peer_admitted","peer":29544,"slot":0,"a":0,"b":0}
1791632907.160 {"t":"event","at_ms":146423,"node":33120,"kind":"peer_admitted","peer":25344,"slot":1,"a":0,"b":0}
1791632907.160 {"t":"event","at_ms":147366,"node":33120,"kind":"peer_admitted","peer":29544,"slot":0,"a":0,"b":0}
1791632907.160 {"t":"link","up_ms":148196,"node":33120,"peer":29544,"mac":"b8:1f:3f:da:73:68","state":"alive","epoch":170,"espnow_ver":2,"mtu":1446,"misses":0,"rssi":-9,"tx":{"frames":518,"cb_ok":518,"cb_fail":0,"enqueue_err":0,"pdr_ppm":1000000},"rx":{"frames":2054,"lost_seqgap":0,"reorder_dup":0,"dropped_bad":0,"hb_lost":2,"bcast_frames":1459,"pdr_ppm":1000000},"rtt":{"samples":73,"min_us":5382,"max_us":21531,"timeouts":0,"txq_last_us":3366,"txq_max_us":4629,"remote_turnaround_us":823,"remote_turnaround_max_us":1210,"p50_us":[4000,6000],"p99_us":[16000,22000],"hist":[0,0,0,0,58,11,3,0,1,0,0,0,0,0,0,0]}}
1791632907.160 {"t":"link","up_ms":148250,"node":33120,"peer":25344,"mac":"b8:1f:3f:da:63:00","state":"alive","epoch":243,"espnow_ver":2,"mtu":1446,"misses":0,"rssi":-21,"tx":{"frames":498,"cb_ok":495,"cb_fail":3,"enqueue_err":0,"pdr_ppm":993975},"rx":{"frames":1918,"lost_seqgap":2,"reorder_dup":0,"dropped_bad":0,"hb_lost":5,"bcast_frames":1424,"pdr_ppm":998958},"rtt":{"samples":71,"min_us":5875,"max_us":146505,"timeouts":1,"txq_last_us":2789,"txq_max_us":3428,"remote_turnaround_us":1013,"remote_turnaround_max_us":141513,"p50_us":[4000,6000],"p99_us":[110000,200000],"hist":[0,0,0,0,40,22,5,0,0,1,2,0,0,0,1,0]}}
1791632907.160 {"t":"auth","node":33120,"up_ms":148304,"enrolled":1,"required":1,"verified_peers":2,"verified":3,"cache_hits":147,"refused":0,"rate_limited":0,"stale_epoch":0,"verify_us_max":84076,"link_stack_free_b":1524,"crypto_stack_free_b":1220,"tags_ok":939,"bad_tag":0,"replayed":0,"untagged":0,"bcast_dropped":0,"beacon_epoch_ignored":0,"tag_us_max":998}
1791632907.160 {"t":"act","node":33120,"setpoint":0,"has_value":0,"writes_served":0}
1791632907.160 {"t":"peers","node":33120,"own_period_ms":100,"own_busy":0,"channel":1,"scanning":0,"scans":0,"hops":0,"found":0,"lost_to_found_ms":0,"moves_followed":0,"moves_refused":0,"sweeps":0,"sweep_found":0,"sweeping":0,"search_visits":0,"relay":0,"fwd_u":0,"fwd_b":0,"fwd_h":0,"relay_dup":1498,"list":[{"id":29544,"state":"alive","via_relay":0,"period_ms":100,"misses":6,"busy":1,"rtt_n":73},{"id":25344,"state":"alive","via_relay":0,"period_ms":100,"misses":6,"busy":0,"rtt_n":71}]}
1791632907.160 {"t":"ss","node":33120,"accepted":0,"unsigned":0,"unknown_sender":0,"bad_signature":0,"replayed":0,"rate_limited":0,"verify_us_max":0,"floors":[{"src":25344,"epoch":139,"counter":1}]}
1791632907.160 {"t":"rec","node":33120,"up_ms":148399,"settled":1,"sent":589,"received":514,"malformed":0,"views":3,"replies_fenced":0,"actors":[{"key":1245650351,"running":0,"term":0,"owner":25344,"owner_term":7,"assigned":25344,"starts":0,"fenced":0,"released":0}]}
1791632907.160 {"t":"node","up_ms":148426,"node":33120,"epoch":282,"peers_alive":2,"peers_dead":0,"no_radio":0,"free_dram":250307,"largest_block":172032,"rx":{"total":7028,"bad_frame":0,"unknown_peer":12,"wrong_dst":0,"short_payload":0,"unknown_opcode":0,"queue_dropped":50},"tx":{"total":2561,"enqueue_err":0,"done_queue_dropped":0},"membership":{"deaths":1,"revivals":0,"reboots_seen":1,"table_full":0,"events_dropped":0}}
1791632907.478 {"t":"ns","node":33120,"hash":13581963,"owner":33120,"kind":"sampled","unit":100,"class":4,"bound_ms":5000,"quality":"GOOD","age_ms":342,"ts":148113,"updates":14,"value":2}
1791632907.478 {"t":"ns","node":33120,"hash":3142365229,"owner":33120,"kind":"sampled","unit":101,"class":4,"bound_ms":30000,"quality":"GOOD","age_ms":356,"ts":148113,"updates":14,"value":172032}
1791632907.478 {"t":"ns","node":33120,"hash":1245650351,"owner":25344,"kind":"sampled","unit":0,"class":3,"bound_ms":500,"quality":"NO_DATA","age_ms":0,"ts":0,"updates":0,"value":null}
1791632907.478 {"t":"ns","node":33120,"hash":2033492666,"owner":33120,"kind":"sampled","unit":0,"class":3,"bound_ms":0,"quality":"NO_DATA","age_ms":0,"ts":0,"updates":0,"value":null}
1791632907.478 {"t":"ns","node":33120,"hash":2347817554,"owner":33120,"kind":"sampled","unit":100,"class":4,"bound_ms":0,"quality":"GOOD","age_ms":409,"ts":148113,"updates":14,"value":282}
1791632907.478 {"t":"ns","node":33120,"hash":1170356950,"owner":33120,"kind":"sampled","unit":80,"class":4,"bound_ms":30000,"quality":"GOOD","age_ms":423,"ts":148113,"updates":14,"value":148}
1791632907.478 {"t":"ns","node":33120,"hash":3085599597,"owner":33120,"kind":"sampled","unit":0,"class":4,"bound_ms":5000,"quality":"GOOD","age_ms":438,"ts":148113,"updates":14,"value":-21}
1791632907.478 {"t":"ns","node":33120,"hash":2486014333,"owner":33120,"kind":"sampled","unit":101,"class":4,"bound_ms":30000,"quality":"GOOD","age_ms":452,"ts":148113,"updates":14,"value":250307}
1791632917.623 {"t":"clk","node":33120,"up_ms":158579}
1791632917.623 {"t":"led","node":33120,"shows":"green","app":0}
1791632917.623 {"t":"event","at_ms":148423,"node":33120,"kind":"peer_admitted","peer":25344,"slot":1,"a":0,"b":0}
1791632917.623 {"t":"event","at_ms":149366,"node":33120,"kind":"peer_admitted","peer":29544,"slot":0,"a":0,"b":0}
1791632917.623 {"t":"event","at_ms":150423,"node":33120,"kind":"peer_admitted","peer":25344,"slot":1,"a":0,"b":0}
1791632917.623 {"t":"event","at_ms":151366,"node":33120,"kind":"peer_admitted","peer":29544,"slot":0,"a":0,"b":0}
1791632917.623 {"t":"event","at_ms":152423,"node":33120,"kind":"peer_admitted","peer":25344,"slot":1,"a":0,"b":0}
1791632917.623 {"t":"event","at_ms":153366,"node":33120,"kind":"peer_admitted","peer":29544,"slot":0,"a":0,"b":0}
1791632917.623 {"t":"event","at_ms":154423,"node":33120,"kind":"peer_admitted","peer":25344,"slot":1,"a":0,"b":0}
1791632917.623 {"t":"event","at_ms":155367,"node":33120,"kind":"peer_admitted","peer":29544,"slot":0,"a":0,"b":0}
1791632917.623 {"t":"event","at_ms":156423,"node":33120,"kind":"peer_admitted","peer":25344,"slot":1,"a":0,"b":0}
1791632917.623 {"t":"event","at_ms":157366,"node":33120,"kind":"peer_admitted","peer":29544,"slot":0,"a":0,"b":0}
1791632917.623 {"t":"event","at_ms":158423,"node":33120,"kind":"peer_admitted","peer":25344,"slot":1,"a":0,"b":0}
1791632917.623 {"t":"link","up_ms":158676,"node":33120,"peer":29544,"mac":"b8:1f:3f:da:73:68","state":"alive","epoch":170,"espnow_ver":2,"mtu":1446,"misses":0,"rssi":-9,"tx":{"frames":554,"cb_ok":554,"cb_fail":0,"enqueue_err":0,"pdr_ppm":1000000},"rx":{"frames":2199,"lost_seqgap":0,"reorder_dup":0,"dropped_bad":0,"hb_lost":3,"bcast_frames":1563,"pdr_ppm":1000000},"rtt":{"samples":78,"min_us":5360,"max_us":21531,"timeouts":0,"txq_last_us":3366,"txq_max_us":4629,"remote_turnaround_us":857,"remote_turnaround_max_us":1210,"p50_us":[4000,6000],"p99_us":[16000,22000],"hist":[0,0,0,0,62,12,3,0,1,0,0,0,0,0,0,0]}}
1791632917.623 {"t":"link","up_ms":158730,"node":33120,"peer":25344,"mac":"b8:1f:3f:da:63:00","state":"alive","epoch":243,"espnow_ver":2,"mtu":1446,"misses":0,"rssi":-21,"tx":{"frames":536,"cb_ok":533,"cb_fail":3,"enqueue_err":0,"pdr_ppm":994402},"rx":{"frames":2066,"lost_seqgap":2,"reorder_dup":0,"dropped_bad":0,"hb_lost":5,"bcast_frames":1529,"pdr_ppm":999032},"rtt":{"samples":76,"min_us":5859,"max_us":146505,"timeouts":1,"txq_last_us":2789,"txq_max_us":3428,"remote_turnaround_us":1025,"remote_turnaround_max_us":141513,"p50_us":[4000,6000],"p99_us":[110000,200000],"hist":[0,0,0,0,45,22,5,0,0,1,2,0,0,0,1,0]}}
1791632917.623 {"t":"auth","node":33120,"up_ms":158784,"enrolled":1,"required":1,"verified_peers":2,"verified":3,"cache_hits":158,"refused":0,"rate_limited":0,"stale_epoch":0,"verify_us_max":84076,"link_stack_free_b":1524,"crypto_stack_free_b":1220,"tags_ok":1012,"bad_tag":0,"replayed":0,"untagged":0,"bcast_dropped":0,"beacon_epoch_ignored":0,"tag_us_max":998}
1791632917.623 {"t":"act","node":33120,"setpoint":0,"has_value":0,"writes_served":0}
1791632917.623 {"t":"peers","node":33120,"own_period_ms":100,"own_busy":0,"channel":1,"scanning":0,"scans":0,"hops":0,"found":0,"lost_to_found_ms":0,"moves_followed":0,"moves_refused":0,"sweeps":0,"sweep_found":0,"sweeping":0,"search_visits":0,"relay":0,"fwd_u":0,"fwd_b":0,"fwd_h":0,"relay_dup":1609,"list":[{"id":29544,"state":"alive","via_relay":0,"period_ms":100,"misses":6,"busy":1,"rtt_n":79},{"id":25344,"state":"alive","via_relay":0,"period_ms":100,"misses":6,"busy":0,"rtt_n":76}]}
1791632917.623 {"t":"ss","node":33120,"accepted":0,"unsigned":0,"unknown_sender":0,"bad_signature":0,"replayed":0,"rate_limited":0,"verify_us_max":0,"floors":[{"src":25344,"epoch":139,"counter":1}]}
1791632917.623 {"t":"rec","node":33120,"up_ms":158880,"settled":1,"sent":631,"received":556,"malformed":0,"views":3,"replies_fenced":0,"actors":[{"key":1245650351,"running":0,"term":0,"owner":25344,"owner_term":7,"assigned":25344,"starts":0,"fenced":0,"released":0}]}
1791632917.956 {"t":"node","up_ms":158895,"node":33120,"epoch":282,"peers_alive":2,"peers_dead":0,"no_radio":0,"free_dram":250307,"largest_block":172032,"rx":{"total":7540,"bad_frame":0,"unknown_peer":12,"wrong_dst":0,"short_payload":0,"unknown_opcode":0,"queue_dropped":50},"tx":{"total":2744,"enqueue_err":0,"done_queue_dropped":0},"membership":{"deaths":1,"revivals":0,"reboots_seen":1,"table_full":0,"events_dropped":0}}
1791632917.956 {"t":"ns","node":33120,"hash":13581963,"owner":33120,"kind":"sampled","unit":100,"class":4,"bound_ms":5000,"quality":"GOOD","age_ms":353,"ts":158581,"updates":15,"value":2}
1791632917.956 {"t":"ns","node":33120,"hash":3142365229,"owner":33120,"kind":"sampled","unit":101,"class":4,"bound_ms":30000,"quality":"GOOD","age_ms":368,"ts":158581,"updates":15,"value":172032}
1791632917.956 {"t":"ns","node":33120,"hash":1245650351,"owner":25344,"kind":"sampled","unit":0,"class":3,"bound_ms":500,"quality":"NO_DATA","age_ms":0,"ts":0,"updates":0,"value":null}
1791632917.956 {"t":"ns","node":33120,"hash":2033492666,"owner":33120,"kind":"sampled","unit":0,"class":3,"bound_ms":0,"quality":"NO_DATA","age_ms":0,"ts":0,"updates":0,"value":null}
1791632917.956 {"t":"ns","node":33120,"hash":2347817554,"owner":33120,"kind":"sampled","unit":100,"class":4,"bound_ms":0,"quality":"GOOD","age_ms":410,"ts":158581,"updates":15,"value":282}
1791632917.956 {"t":"ns","node":33120,"hash":1170356950,"owner":33120,"kind":"sampled","unit":80,"class":4,"bound_ms":30000,"quality":"GOOD","age_ms":424,"ts":158581,"updates":15,"value":158}
1791632917.956 {"t":"ns","node":33120,"hash":3085599597,"owner":33120,"kind":"sampled","unit":0,"class":4,"bound_ms":5000,"quality":"GOOD","age_ms":439,"ts":158581,"updates":15,"value":-21}
1791632917.956 {"t":"ns","node":33120,"hash":2486014333,"owner":33120,"kind":"sampled","unit":101,"class":4,"bound_ms":30000,"quality":"GOOD","age_ms":454,"ts":158580,"updates":15,"value":250307}
1791632928.107 {"t":"clk","node":33120,"up_ms":169059}
1791632928.107 {"t":"led","node":33120,"shows":"green","app":0}
1791632928.107 {"t":"event","at_ms":159366,"node":33120,"kind":"peer_admitted","peer":29544,"slot":0,"a":0,"b":0}
1791632928.107 {"t":"event","at_ms":160423,"node":33120,"kind":"peer_admitted","peer":25344,"slot":1,"a":0,"b":0}
1791632928.107 {"t":"event","at_ms":161366,"node":33120,"kind":"peer_admitted","peer":29544,"slot":0,"a":0,"b":0}
1791632928.107 {"t":"event","at_ms":162423,"node":33120,"kind":"peer_admitted","peer":25344,"slot":1,"a":0,"b":0}
1791632928.107 {"t":"event","at_ms":163366,"node":33120,"kind":"peer_admitted","peer":29544,"slot":0,"a":0,"b":0}
1791632928.107 {"t":"event","at_ms":164423,"node":33120,"kind":"peer_admitted","peer":25344,"slot":1,"a":0,"b":0}
1791632928.107 {"t":"event","at_ms":165366,"node":33120,"kind":"peer_admitted","peer":29544,"slot":0,"a":0,"b":0}
1791632928.107 {"t":"event","at_ms":166425,"node":33120,"kind":"peer_admitted","peer":25344,"slot":1,"a":0,"b":0}
1791632928.107 {"t":"event","at_ms":167366,"node":33120,"kind":"peer_admitted","peer":29544,"slot":0,"a":0,"b":0}
1791632928.107 {"t":"event","at_ms":168423,"node":33120,"kind":"peer_admitted","peer":25344,"slot":1,"a":0,"b":0}
1791632928.107 {"t":"link","up_ms":169144,"node":33120,"peer":29544,"mac":"b8:1f:3f:da:73:68","state":"alive","epoch":170,"espnow_ver":2,"mtu":1446,"misses":0,"rssi":-9,"tx":{"frames":591,"cb_ok":591,"cb_fail":0,"enqueue_err":0,"pdr_ppm":1000000},"rx":{"frames":2344,"lost_seqgap":0,"reorder_dup":0,"dropped_bad":0,"hb_lost":4,"bcast_frames":1667,"pdr_ppm":1000000},"rtt":{"samples":84,"min_us":5360,"max_us":21531,"timeouts":0,"txq_last_us":3366,"txq_max_us":4629,"remote_turnaround_us":710,"remote_turnaround_max_us":1210,"p50_us":[4000,6000],"p99_us":[16000,22000],"hist":[0,0,0,0,66,14,3,0,1,0,0,0,0,0,0,0]}}
1791632928.107 {"t":"link","up_ms":169197,"node":33120,"peer":25344,"mac":"b8:1f:3f:da:63:00","state":"alive","epoch":243,"espnow_ver":2,"mtu":1446,"misses":0,"rssi":-21,"tx":{"frames":572,"cb_ok":569,"cb_fail":3,"enqueue_err":0,"pdr_ppm":994755},"rx":{"frames":2212,"lost_seqgap":2,"reorder_dup":0,"dropped_bad":0,"hb_lost":5,"bcast_frames":1634,"pdr_ppm":999096},"rtt":{"samples":81,"min_us":5859,"max_us":146505,"timeouts":1,"txq_last_us":2789,"txq_max_us":3428,"remote_turnaround_us":1022,"remote_turnaround_max_us":141513,"p50_us":[4000,6000],"p99_us":[110000,200000],"hist":[0,0,0,0,49,23,5,0,0,1,2,0,0,0,1,0]}}
1791632928.107 {"t":"auth","node":33120,"up_ms":169252,"enrolled":1,"required":1,"verified_peers":2,"verified":3,"cache_hits":168,"refused":0,"rate_limited":0,"stale_epoch":0,"verify_us_max":84076,"link_stack_free_b":1524,"crypto_stack_free_b":1220,"tags_ok":1085,"bad_tag":0,"replayed":0,"untagged":0,"bcast_dropped":0,"beacon_epoch_ignored":0,"tag_us_max":998}
1791632928.107 {"t":"act","node":33120,"setpoint":0,"has_value":0,"writes_served":0}
1791632928.107 {"t":"peers","node":33120,"own_period_ms":100,"own_busy":0,"channel":1,"scanning":0,"scans":0,"hops":0,"found":0,"lost_to_found_ms":0,"moves_followed":0,"moves_refused":0,"sweeps":0,"sweep_found":0,"sweeping":0,"search_visits":0,"relay":0,"fwd_u":0,"fwd_b":0,"fwd_h":0,"relay_dup":1719,"list":[{"id":29544,"state":"alive","via_relay":0,"period_ms":100,"misses":6,"busy":1,"rtt_n":84},{"id":25344,"state":"alive","via_relay":0,"period_ms":100,"misses":6,"busy":0,"rtt_n":81}]}
1791632928.107 {"t":"ss","node":33120,"accepted":0,"unsigned":0,"unknown_sender":0,"bad_signature":0,"replayed":0,"rate_limited":0,"verify_us_max":0,"floors":[{"src":25344,"epoch":139,"counter":1}]}
1791632928.107 {"t":"rec","node":33120,"up_ms":169347,"settled":1,"sent":673,"received":598,"malformed":0,"views":3,"replies_fenced":0,"actors":[{"key":1245650351,"running":0,"term":0,"owner":25344,"owner_term":7,"assigned":25344,"starts":0,"fenced":0,"released":0}]}
1791632928.107 {"t":"node","up_ms":169373,"node":33120,"epoch":282,"peers_alive":2,"peers_dead":0,"no_radio":0,"free_dram":250307,"largest_block":172032,"rx":{"total":8051,"bad_frame":0,"unknown_peer":12,"wrong_dst":0,"short_payload":0,"unknown_opcode":0,"queue_dropped":50},"tx":{"total":2928,"enqueue_err":0,"done_queue_dropped":0},"membership":{"deaths":1,"revivals":0,"reboots_seen":1,"table_full":0,"events_dropped":0}}
1791632928.435 {"t":"ns","node":33120,"hash":13581963,"owner":33120,"kind":"sampled","unit":100,"class":4,"bound_ms":5000,"quality":"GOOD","age_ms":341,"ts":169061,"updates":16,"value":2}
1791632928.435 {"t":"ns","node":33120,"hash":3142365229,"owner":33120,"kind":"sampled","unit":101,"class":4,"bound_ms":30000,"quality":"GOOD","age_ms":355,"ts":169061,"updates":16,"value":172032}
1791632928.435 {"t":"ns","node":33120,"hash":1245650351,"owner":25344,"kind":"sampled","unit":0,"class":3,"bound_ms":500,"quality":"NO_DATA","age_ms":0,"ts":0,"updates":0,"value":null}
1791632928.435 {"t":"ns","node":33120,"hash":2033492666,"owner":33120,"kind":"sampled","unit":0,"class":3,"bound_ms":0,"quality":"NO_DATA","age_ms":0,"ts":0,"updates":0,"value":null}
1791632928.435 {"t":"ns","node":33120,"hash":2347817554,"owner":33120,"kind":"sampled","unit":100,"class":4,"bound_ms":0,"quality":"GOOD","age_ms":409,"ts":169061,"updates":16,"value":282}
1791632928.435 {"t":"ns","node":33120,"hash":1170356950,"owner":33120,"kind":"sampled","unit":80,"class":4,"bound_ms":30000,"quality":"GOOD","age_ms":422,"ts":169061,"updates":16,"value":169}
1791632928.435 {"t":"ns","node":33120,"hash":3085599597,"owner":33120,"kind":"sampled","unit":0,"class":4,"bound_ms":5000,"quality":"GOOD","age_ms":436,"ts":169061,"updates":16,"value":-22}
1791632928.435 {"t":"ns","node":33120,"hash":2486014333,"owner":33120,"kind":"sampled","unit":101,"class":4,"bound_ms":30000,"quality":"GOOD","age_ms":452,"ts":169061,"updates":16,"value":250307}
1791632938.571 {"t":"clk","node":33120,"up_ms":179528}
1791632938.571 {"t":"led","node":33120,"shows":"green","app":0}
1791632938.571 {"t":"event","at_ms":169366,"node":33120,"kind":"peer_admitted","peer":29544,"slot":0,"a":0,"b":0}
1791632938.571 {"t":"event","at_ms":170423,"node":33120,"kind":"peer_admitted","peer":25344,"slot":1,"a":0,"b":0}
1791632938.571 {"t":"event","at_ms":171366,"node":33120,"kind":"peer_admitted","peer":29544,"slot":0,"a":0,"b":0}
1791632938.571 {"t":"event","at_ms":172423,"node":33120,"kind":"peer_admitted","peer":25344,"slot":1,"a":0,"b":0}
1791632938.571 {"t":"event","at_ms":173366,"node":33120,"kind":"peer_admitted","peer":29544,"slot":0,"a":0,"b":0}
1791632938.571 {"t":"event","at_ms":174423,"node":33120,"kind":"peer_admitted","peer":25344,"slot":1,"a":0,"b":0}
1791632938.571 {"t":"event","at_ms":175366,"node":33120,"kind":"peer_admitted","peer":29544,"slot":0,"a":0,"b":0}
1791632938.571 {"t":"event","at_ms":176423,"node":33120,"kind":"peer_admitted","peer":25344,"slot":1,"a":0,"b":0}
1791632938.571 {"t":"event","at_ms":177366,"node":33120,"kind":"peer_admitted","peer":29544,"slot":0,"a":0,"b":0}
1791632938.571 {"t":"event","at_ms":178423,"node":33120,"kind":"peer_admitted","peer":25344,"slot":1,"a":0,"b":0}
1791632938.571 {"t":"event","at_ms":179366,"node":33120,"kind":"peer_admitted","peer":29544,"slot":0,"a":0,"b":0}
1791632938.571 {"t":"link","up_ms":179626,"node":33120,"peer":29544,"mac":"b8:1f:3f:da:73:68","state":"alive","epoch":170,"espnow_ver":2,"mtu":1446,"misses":0,"rssi":-10,"tx":{"frames":629,"cb_ok":629,"cb_fail":0,"enqueue_err":0,"pdr_ppm":1000000},"rx":{"frames":2492,"lost_seqgap":0,"reorder_dup":0,"dropped_bad":0,"hb_lost":4,"bcast_frames":1772,"pdr_ppm":1000000},"rtt":{"samples":89,"min_us":5360,"max_us":21531,"timeouts":0,"txq_last_us":3366,"txq_max_us":4629,"remote_turnaround_us":688,"remote_turnaround_max_us":1210,"p50_us":[4000,6000],"p99_us":[16000,22000],"hist":[0,0,0,0,71,14,3,0,1,0,0,0,0,0,0,0]}}
1791632938.571 {"t":"link","up_ms":179679,"node":33120,"peer":25344,"mac":"b8:1f:3f:da:63:00","state":"alive","epoch":243,"espnow_ver":2,"mtu":1446,"misses":0,"rssi":-21,"tx":{"frames":608,"cb_ok":605,"cb_fail":3,"enqueue_err":0,"pdr_ppm":995065},"rx":{"frames":2357,"lost_seqgap":2,"reorder_dup":0,"dropped_bad":0,"hb_lost":5,"bcast_frames":1739,"pdr_ppm":999152},"rtt":{"samples":86,"min_us":5859,"max_us":146505,"timeouts":1,"txq_last_us":2789,"txq_max_us":3428,"remote_turnaround_us":1034,"remote_turnaround_max_us":141513,"p50_us":[4000,6000],"p99_us":[110000,200000],"hist":[0,0,0,0,52,25,5,0,0,1,2,0,0,0,1,0]}}
1791632938.571 {"t":"auth","node":33120,"up_ms":179734,"enrolled":1,"required":1,"verified_peers":2,"verified":3,"cache_hits":179,"refused":0,"rate_limited":0,"stale_epoch":0,"verify_us_max":84076,"link_stack_free_b":1524,"crypto_stack_free_b":1220,"tags_ok":1156,"bad_tag":0,"replayed":0,"untagged":0,"bcast_dropped":0,"beacon_epoch_ignored":0,"tag_us_max":998}
1791632938.571 {"t":"act","node":33120,"setpoint":0,"has_value":0,"writes_served":0}
1791632938.571 {"t":"peers","node":33120,"own_period_ms":100,"own_busy":0,"channel":1,"scanning":0,"scans":0,"hops":0,"found":0,"lost_to_found_ms":0,"moves_followed":0,"moves_refused":0,"sweeps":0,"sweep_found":0,"sweeping":0,"search_visits":0,"relay":0,"fwd_u":0,"fwd_b":0,"fwd_h":0,"relay_dup":1829,"list":[{"id":29544,"state":"alive","via_relay":0,"period_ms":100,"misses":6,"busy":1,"rtt_n":89},{"id":25344,"state":"alive","via_relay":0,"period_ms":100,"misses":6,"busy":0,"rtt_n":86}]}
1791632938.571 {"t":"ss","node":33120,"accepted":0,"unsigned":0,"unknown_sender":0,"bad_signature":0,"replayed":0,"rate_limited":0,"verify_us_max":0,"floors":[{"src":25344,"epoch":139,"counter":1}]}
1791632938.571 {"t":"rec","node":33120,"up_ms":179820,"settled":1,"sent":715,"received":640,"malformed":0,"views":3,"replies_fenced":0,"actors":[{"key":1245650351,"running":0,"term":0,"owner":25344,"owner_term":7,"assigned":25344,"starts":0,"fenced":0,"released":0}]}
1791632938.903 {"t":"node","up_ms":179846,"node":33120,"epoch":282,"peers_alive":2,"peers_dead":0,"no_radio":0,"free_dram":250307,"largest_block":172032,"rx":{"total":8563,"bad_frame":0,"unknown_peer":12,"wrong_dst":0,"short_payload":0,"unknown_opcode":0,"queue_dropped":50},"tx":{"total":3111,"enqueue_err":0,"done_queue_dropped":0},"membership":{"deaths":1,"revivals":0,"reboots_seen":1,"table_full":0,"events_dropped":0}}
1791632938.903 {"t":"ns","node":33120,"hash":13581963,"owner":33120,"kind":"sampled","unit":100,"class":4,"bound_ms":5000,"quality":"GOOD","age_ms":356,"ts":179530,"updates":17,"value":2}
1791632938.903 {"t":"ns","node":33120,"hash":3142365229,"owner":33120,"kind":"sampled","unit":101,"class":4,"bound_ms":30000,"quality":"GOOD","age_ms":371,"ts":179529,"updates":17,"value":172032}
1791632938.903 {"t":"ns","node":33120,"hash":1245650351,"owner":25344,"kind":"sampled","unit":0,"class":3,"bound_ms":500,"quality":"NO_DATA","age_ms":0,"ts":0,"updates":0,"value":null}
1791632938.903 {"t":"ns","node":33120,"hash":2033492666,"owner":33120,"kind":"sampled","unit":0,"class":3,"bound_ms":0,"quality":"NO_DATA","age_ms":0,"ts":0,"updates":0,"value":null}
1791632938.903 {"t":"ns","node":33120,"hash":2347817554,"owner":33120,"kind":"sampled","unit":100,"class":4,"bound_ms":0,"quality":"GOOD","age_ms":413,"ts":179529,"updates":17,"value":282}
1791632938.903 {"t":"ns","node":33120,"hash":1170356950,"owner":33120,"kind":"sampled","unit":80,"class":4,"bound_ms":30000,"quality":"GOOD","age_ms":427,"ts":179529,"updates":17,"value":179}
1791632938.903 {"t":"ns","node":33120,"hash":3085599597,"owner":33120,"kind":"sampled","unit":0,"class":4,"bound_ms":5000,"quality":"GOOD","age_ms":440,"ts":179530,"updates":17,"value":-21}
1791632938.903 {"t":"ns","node":33120,"hash":2486014333,"owner":33120,"kind":"sampled","unit":101,"class":4,"bound_ms":30000,"quality":"GOOD","age_ms":455,"ts":179529,"updates":17,"value":250307}
1791632949.042 {"t":"clk","node":33120,"up_ms":189999}
1791632949.042 {"t":"led","node":33120,"shows":"green","app":0}
1791632949.042 {"t":"event","at_ms":180423,"node":33120,"kind":"peer_admitted","peer":25344,"slot":1,"a":0,"b":0}
1791632949.042 {"t":"event","at_ms":181366,"node":33120,"kind":"peer_admitted","peer":29544,"slot":0,"a":0,"b":0}
1791632949.042 {"t":"event","at_ms":182423,"node":33120,"kind":"peer_admitted","peer":25344,"slot":1,"a":0,"b":0}
1791632949.042 {"t":"event","at_ms":183366,"node":33120,"kind":"peer_admitted","peer":29544,"slot":0,"a":0,"b":0}
1791632949.042 {"t":"event","at_ms":184423,"node":33120,"kind":"peer_admitted","peer":25344,"slot":1,"a":0,"b":0}
1791632949.042 {"t":"event","at_ms":185366,"node":33120,"kind":"peer_admitted","peer":29544,"slot":0,"a":0,"b":0}
1791632949.042 {"t":"event","at_ms":186423,"node":33120,"kind":"peer_admitted","peer":25344,"slot":1,"a":0,"b":0}
1791632949.042 {"t":"event","at_ms":187367,"node":33120,"kind":"peer_admitted","peer":29544,"slot":0,"a":0,"b":0}
1791632949.042 {"t":"event","at_ms":188424,"node":33120,"kind":"peer_admitted","peer":25344,"slot":1,"a":0,"b":0}
1791632949.042 {"t":"event","at_ms":189366,"node":33120,"kind":"peer_admitted","peer":29544,"slot":0,"a":0,"b":0}
1791632949.042 {"t":"link","up_ms":190083,"node":33120,"peer":29544,"mac":"b8:1f:3f:da:73:68","state":"alive","epoch":170,"espnow_ver":2,"mtu":1446,"misses":0,"rssi":-10,"tx":{"frames":665,"cb_ok":665,"cb_fail":0,"enqueue_err":0,"pdr_ppm":1000000},"rx":{"frames":2638,"lost_seqgap":0,"reorder_dup":0,"dropped_bad":0,"hb_lost":4,"bcast_frames":1876,"pdr_ppm":1000000},"rtt":{"samples":94,"min_us":5360,"max_us":21531,"timeouts":0,"txq_last_us":3366,"txq_max_us":4629,"remote_turnaround_us":853,"remote_turnaround_max_us":1210,"p50_us":[4000,6000],"p99_us":[16000,22000],"hist":[0,0,0,0,75,15,3,0,1,0,0,0,0,0,0,0]}}
1791632949.042 {"t":"link","up_ms":190137,"node":33120,"peer":25344,"mac":"b8:1f:3f:da:63:00","state":"alive","epoch":243,"espnow_ver":2,"mtu":1446,"misses":0,"rssi":-21,"tx":{"frames":645,"cb_ok":642,"cb_fail":3,"enqueue_err":0,"pdr_ppm":995348},"rx":{"frames":2502,"lost_seqgap":2,"reorder_dup":0,"dropped_bad":0,"hb_lost":7,"bcast_frames":1841,"pdr_ppm":999201},"rtt":{"samples":92,"min_us":5859,"max_us":146505,"timeouts":1,"txq_last_us":21061,"txq_max_us":21061,"remote_turnaround_us":1017,"remote_turnaround_max_us":141513,"p50_us":[4000,6000],"p99_us":[110000,200000],"hist":[0,0,0,0,53,28,6,0,0,2,2,0,0,0,1,0]}}
1791632949.042 {"t":"auth","node":33120,"up_ms":190192,"enrolled":1,"required":1,"verified_peers":2,"verified":3,"cache_hits":189,"refused":0,"rate_limited":0,"stale_epoch":0,"verify_us_max":84076,"link_stack_free_b":1524,"crypto_stack_free_b":1220,"tags_ok":1231,"bad_tag":0,"replayed":0,"untagged":0,"bcast_dropped":0,"beacon_epoch_ignored":0,"tag_us_max":998}
1791632949.042 {"t":"act","node":33120,"setpoint":0,"has_value":0,"writes_served":0}
1791632949.042 {"t":"peers","node":33120,"own_period_ms":100,"own_busy":0,"channel":1,"scanning":0,"scans":0,"hops":0,"found":0,"lost_to_found_ms":0,"moves_followed":0,"moves_refused":0,"sweeps":0,"sweep_found":0,"sweeping":0,"search_visits":0,"relay":0,"fwd_u":0,"fwd_b":0,"fwd_h":0,"relay_dup":1936,"list":[{"id":29544,"state":"alive","via_relay":0,"period_ms":100,"misses":6,"busy":1,"rtt_n":94},{"id":25344,"state":"alive","via_relay":0,"period_ms":100,"misses":6,"busy":0,"rtt_n":92}]}
1791632949.042 {"t":"ss","node":33120,"accepted":0,"unsigned":0,"unknown_sender":0,"bad_signature":0,"replayed":0,"rate_limited":0,"verify_us_max":0,"floors":[{"src":25344,"epoch":139,"counter":1}]}
1791632949.042 {"t":"rec","node":33120,"up_ms":190287,"settled":1,"sent":756,"received":682,"malformed":0,"views":3,"replies_fenced":0,"actors":[{"key":1245650351,"running":0,"term":0,"owner":25344,"owner_term":7,"assigned":25344,"starts":0,"fenced":0,"released":0}]}
1791632949.042 {"t":"node","up_ms":190313,"node":33120,"epoch":282,"peers_alive":2,"peers_dead":0,"no_radio":0,"free_dram":250307,"largest_block":172032,"rx":{"total":9070,"bad_frame":0,"unknown_peer":12,"wrong_dst":0,"short_payload":0,"unknown_opcode":0,"queue_dropped":50},"tx":{"total":3293,"enqueue_err":0,"done_queue_dropped":0},"membership":{"deaths":1,"revivals":0,"reboots_seen":1,"table_full":0,"events_dropped":0}}
1791632949.371 {"t":"ns","node":33120,"hash":13581963,"owner":33120,"kind":"sampled","unit":100,"class":4,"bound_ms":5000,"quality":"GOOD","age_ms":341,"ts":190001,"updates":18,"value":2}
1791632949.371 {"t":"ns","node":33120,"hash":3142365229,"owner":33120,"kind":"sampled","unit":101,"class":4,"bound_ms":30000,"quality":"GOOD","age_ms":356,"ts":190000,"updates":18,"value":172032}
1791632949.371 {"t":"ns","node":33120,"hash":1245650351,"owner":25344,"kind":"sampled","unit":0,"class":3,"bound_ms":500,"quality":"NO_DATA","age_ms":0,"ts":0,"updates":0,"value":null}
1791632949.371 {"t":"ns","node":33120,"hash":2033492666,"owner":33120,"kind":"sampled","unit":0,"class":3,"bound_ms":0,"quality":"NO_DATA","age_ms":0,"ts":0,"updates":0,"value":null}
1791632949.371 {"t":"ns","node":33120,"hash":2347817554,"owner":33120,"kind":"sampled","unit":100,"class":4,"bound_ms":0,"quality":"GOOD","age_ms":409,"ts":190001,"updates":18,"value":282}
1791632949.371 {"t":"ns","node":33120,"hash":1170356950,"owner":33120,"kind":"sampled","unit":80,"class":4,"bound_ms":30000,"quality":"GOOD","age_ms":424,"ts":190000,"updates":18,"value":190}
1791632949.371 {"t":"ns","node":33120,"hash":3085599597,"owner":33120,"kind":"sampled","unit":0,"class":4,"bound_ms":5000,"quality":"GOOD","age_ms":438,"ts":190001,"updates":18,"value":-20}
1791632949.371 {"t":"ns","node":33120,"hash":2486014333,"owner":33120,"kind":"sampled","unit":101,"class":4,"bound_ms":30000,"quality":"GOOD","age_ms":453,"ts":190000,"updates":18,"value":250307}
1791632959.511 {"t":"clk","node":33120,"up_ms":200468}
1791632959.511 {"t":"led","node":33120,"shows":"green","app":0}
1791632959.511 {"t":"event","at_ms":190423,"node":33120,"kind":"peer_admitted","peer":25344,"slot":1,"a":0,"b":0}
1791632959.511 {"t":"event","at_ms":191366,"node":33120,"kind":"peer_admitted","peer":29544,"slot":0,"a":0,"b":0}
1791632959.511 {"t":"event","at_ms":192423,"node":33120,"kind":"peer_admitted","peer":25344,"slot":1,"a":0,"b":0}
1791632959.511 {"t":"event","at_ms":193366,"node":33120,"kind":"peer_admitted","peer":29544,"slot":0,"a":0,"b":0}
1791632959.511 {"t":"event","at_ms":194423,"node":33120,"kind":"peer_admitted","peer":25344,"slot":1,"a":0,"b":0}
1791632959.511 {"t":"event","at_ms":195366,"node":33120,"kind":"peer_admitted","peer":29544,"slot":0,"a":0,"b":0}
1791632959.511 {"t":"event","at_ms":196423,"node":33120,"kind":"peer_admitted","peer":25344,"slot":1,"a":0,"b":0}
1791632959.511 {"t":"event","at_ms":197366,"node":33120,"kind":"peer_admitted","peer":29544,"slot":0,"a":0,"b":0}
1791632959.511 {"t":"event","at_ms":198423,"node":33120,"kind":"peer_admitted","peer":25344,"slot":1,"a":0,"b":0}
1791632959.511 {"t":"event","at_ms":199366,"node":33120,"kind":"peer_admitted","peer":29544,"slot":0,"a":0,"b":0}
1791632959.511 {"t":"event","at_ms":200423,"node":33120,"kind":"peer_admitted","peer":25344,"slot":1,"a":0,"b":0}
1791632959.511 {"t":"link","up_ms":200566,"node":33120,"peer":29544,"mac":"b8:1f:3f:da:73:68","state":"alive","epoch":170,"espnow_ver":2,"mtu":1446,"misses":0,"rssi":-10,"tx":{"frames":701,"cb_ok":701,"cb_fail":0,"enqueue_err":0,"pdr_ppm":1000000},"rx":{"frames":2784,"lost_seqgap":0,"reorder_dup":0,"dropped_bad":0,"hb_lost":4,"bcast_frames":1981,"pdr_ppm":1000000},"rtt":{"samples":99,"min_us":5360,"max_us":21531,"timeouts":0,"txq_last_us":3366,"txq_max_us":4629,"remote_turnaround_us":843,"remote_turnaround_max_us":1210,"p50_us":[4000,6000],"p99_us":[16000,22000],"hist":[0,0,0,0,79,15,4,0,1,0,0,0,0,0,0,0]}}
1791632959.511 {"t":"link","up_ms":200620,"node":33120,"peer":25344,"mac":"b8:1f:3f:da:63:00","state":"alive","epoch":243,"espnow_ver":2,"mtu":1446,"misses":0,"rssi":-21,"tx":{"frames":683,"cb_ok":680,"cb_fail":3,"enqueue_err":0,"pdr_ppm":995607},"rx":{"frames":2650,"lost_seqgap":2,"reorder_dup":0,"dropped_bad":0,"hb_lost":7,"bcast_frames":1946,"pdr_ppm":999245},"rtt":{"samples":97,"min_us":5859,"max_us":146505,"timeouts":1,"txq_last_us":21061,"txq_max_us":21061,"remote_turnaround_us":1014,"remote_turnaround_max_us":141513,"p50_us":[4000,6000],"p99_us":[110000,200000],"hist":[0,0,0,0,57,29,6,0,0,2,2,0,0,0,1,0]}}
1791632959.511 {"t":"auth","node":33120,"up_ms":200674,"enrolled":1,"required":1,"verified_peers":2,"verified":3,"cache_hits":200,"refused":0,"rate_limited":0,"stale_epoch":0,"verify_us_max":84076,"link_stack_free_b":1524,"crypto_stack_free_b":1220,"tags_ok":1304,"bad_tag":0,"replayed":0,"untagged":0,"bcast_dropped":0,"beacon_epoch_ignored":0,"tag_us_max":998}
1791632959.511 {"t":"act","node":33120,"setpoint":0,"has_value":0,"writes_served":0}
1791632959.511 {"t":"peers","node":33120,"own_period_ms":100,"own_busy":0,"channel":1,"scanning":0,"scans":0,"hops":0,"found":0,"lost_to_found_ms":0,"moves_followed":0,"moves_refused":0,"sweeps":0,"sweep_found":0,"sweeping":0,"search_visits":0,"relay":0,"fwd_u":0,"fwd_b":0,"fwd_h":0,"relay_dup":2046,"list":[{"id":29544,"state":"alive","via_relay":0,"period_ms":100,"misses":6,"busy":1,"rtt_n":99},{"id":25344,"state":"alive","via_relay":0,"period_ms":100,"misses":6,"busy":0,"rtt_n":97}]}
1791632959.511 {"t":"ss","node":33120,"accepted":0,"unsigned":0,"unknown_sender":0,"bad_signature":0,"replayed":0,"rate_limited":0,"verify_us_max":0,"floors":[{"src":25344,"epoch":139,"counter":1}]}
1791632959.511 {"t":"rec","node":33120,"up_ms":200769,"settled":1,"sent":798,"received":724,"malformed":0,"views":3,"replies_fenced":0,"actors":[{"key":1245650351,"running":0,"term":0,"owner":25344,"owner_term":7,"assigned":25344,"starts":0,"fenced":0,"released":0}]}
1791632959.841 {"t":"node","up_ms":200784,"node":33120,"epoch":282,"peers_alive":2,"peers_dead":0,"no_radio":0,"free_dram":250307,"largest_block":172032,"rx":{"total":9583,"bad_frame":0,"unknown_peer":12,"wrong_dst":0,"short_payload":0,"unknown_opcode":0,"queue_dropped":50},"tx":{"total":3476,"enqueue_err":0,"done_queue_dropped":0},"membership":{"deaths":1,"revivals":0,"reboots_seen":1,"table_full":0,"events_dropped":0}}
1791632959.841 {"t":"ns","node":33120,"hash":13581963,"owner":33120,"kind":"sampled","unit":100,"class":4,"bound_ms":5000,"quality":"GOOD","age_ms":354,"ts":200470,"updates":19,"value":2}
1791632959.841 {"t":"ns","node":33120,"hash":3142365229,"owner":33120,"kind":"sampled","unit":101,"class":4,"bound_ms":30000,"quality":"GOOD","age_ms":370,"ts":200469,"updates":19,"value":172032}
1791632959.841 {"t":"ns","node":33120,"hash":1245650351,"owner":25344,"kind":"sampled","unit":0,"class":3,"bound_ms":500,"quality":"NO_DATA","age_ms":0,"ts":0,"updates":0,"value":null}
1791632959.841 {"t":"ns","node":33120,"hash":2033492666,"owner":33120,"kind":"sampled","unit":0,"class":3,"bound_ms":0,"quality":"NO_DATA","age_ms":0,"ts":0,"updates":0,"value":null}
1791632959.841 {"t":"ns","node":33120,"hash":2347817554,"owner":33120,"kind":"sampled","unit":100,"class":4,"bound_ms":0,"quality":"GOOD","age_ms":412,"ts":200469,"updates":19,"value":282}
1791632959.841 {"t":"ns","node":33120,"hash":1170356950,"owner":33120,"kind":"sampled","unit":80,"class":4,"bound_ms":30000,"quality":"GOOD","age_ms":426,"ts":200469,"updates":19,"value":200}
1791632959.841 {"t":"ns","node":33120,"hash":3085599597,"owner":33120,"kind":"sampled","unit":0,"class":4,"bound_ms":5000,"quality":"GOOD","age_ms":439,"ts":200470,"updates":19,"value":-21}
1791632959.841 {"t":"ns","node":33120,"hash":2486014333,"owner":33120,"kind":"sampled","unit":101,"class":4,"bound_ms":30000,"quality":"GOOD","age_ms":465,"ts":200469,"updates":19,"value":250307}
1791632969.995 {"t":"clk","node":33120,"up_ms":210948}
1791632969.995 {"t":"led","node":33120,"shows":"green","app":0}
1791632969.995 {"t":"event","at_ms":201366,"node":33120,"kind":"peer_admitted","peer":29544,"slot":0,"a":0,"b":0}
1791632969.995 {"t":"event","at_ms":202423,"node":33120,"kind":"peer_admitted","peer":25344,"slot":1,"a":0,"b":0}
1791632969.995 {"t":"event","at_ms":203366,"node":33120,"kind":"peer_admitted","peer":29544,"slot":0,"a":0,"b":0}
1791632969.995 {"t":"event","at_ms":204436,"node":33120,"kind":"peer_admitted","peer":25344,"slot":1,"a":0,"b":0}
1791632969.995 {"t":"event","at_ms":205366,"node":33120,"kind":"peer_admitted","peer":29544,"slot":0,"a":0,"b":0}
1791632969.995 {"t":"event","at_ms":206423,"node":33120,"kind":"peer_admitted","peer":25344,"slot":1,"a":0,"b":0}
1791632969.995 {"t":"event","at_ms":207368,"node":33120,"kind":"peer_admitted","peer":29544,"slot":0,"a":0,"b":0}
1791632969.995 {"t":"event","at_ms":208423,"node":33120,"kind":"peer_admitted","peer":25344,"slot":1,"a":0,"b":0}
1791632969.995 {"t":"event","at_ms":209366,"node":33120,"kind":"peer_admitted","peer":29544,"slot":0,"a":0,"b":0}
1791632969.995 {"t":"event","at_ms":210423,"node":33120,"kind":"peer_admitted","peer":25344,"slot":1,"a":0,"b":0}
1791632969.995 {"t":"link","up_ms":211033,"node":33120,"peer":29544,"mac":"b8:1f:3f:da:73:68","state":"alive","epoch":170,"espnow_ver":2,"mtu":1446,"misses":0,"rssi":-9,"tx":{"frames":738,"cb_ok":738,"cb_fail":0,"enqueue_err":0,"pdr_ppm":1000000},"rx":{"frames":2931,"lost_seqgap":0,"reorder_dup":0,"dropped_bad":0,"hb_lost":4,"bcast_frames":2086,"pdr_ppm":1000000},"rtt":{"samples":105,"min_us":5360,"max_us":21531,"timeouts":0,"txq_last_us":3366,"txq_max_us":4629,"remote_turnaround_us":828,"remote_turnaround_max_us":1210,"p50_us":[4000,6000],"p99_us":[8000,11000],"hist":[0,0,0,0,85,15,4,0,1,0,0,0,0,0,0,0]}}
1791632969.995 {"t":"link","up_ms":211087,"node":33120,"peer":25344,"mac":"b8:1f:3f:da:63:00","state":"alive","epoch":243,"espnow_ver":2,"mtu":1446,"misses":0,"rssi":-20,"tx":{"frames":719,"cb_ok":716,"cb_fail":3,"enqueue_err":0,"pdr_ppm":995827},"rx":{"frames":2794,"lost_seqgap":2,"reorder_dup":0,"dropped_bad":0,"hb_lost":8,"bcast_frames":2050,"pdr_ppm":999284},"rtt":{"samples":102,"min_us":5859,"max_us":146505,"timeouts":1,"txq_last_us":21061,"txq_max_us":21061,"remote_turnaround_us":1024,"remote_turnaround_max_us":141513,"p50_us":[4000,6000],"p99_us":[30000,42000],"hist":[0,0,0,0,60,31,6,0,0,2,2,0,0,0,1,0]}}
1791632969.995 {"t":"auth","node":33120,"up_ms":211141,"enrolled":1,"required":1,"verified_peers":2,"verified":3,"cache_hits":210,"refused":0,"rate_limited":0,"stale_epoch":0,"verify_us_max":84076,"link_stack_free_b":1524,"crypto_stack_free_b":1220,"tags_ok":1377,"bad_tag":0,"replayed":0,"untagged":0,"bcast_dropped":0,"beacon_epoch_ignored":0,"tag_us_max":998}
1791632969.995 {"t":"act","node":33120,"setpoint":0,"has_value":0,"writes_served":0}
1791632969.995 {"t":"peers","node":33120,"own_period_ms":100,"own_busy":0,"channel":1,"scanning":0,"scans":0,"hops":0,"found":0,"lost_to_found_ms":0,"moves_followed":0,"moves_refused":0,"sweeps":0,"sweep_found":0,"sweeping":0,"search_visits":0,"relay":0,"fwd_u":0,"fwd_b":0,"fwd_h":0,"relay_dup":2155,"list":[{"id":29544,"state":"alive","via_relay":0,"period_ms":100,"misses":6,"busy":1,"rtt_n":105},{"id":25344,"state":"alive","via_relay":0,"period_ms":100,"misses":6,"busy":0,"rtt_n":102}]}
1791632969.995 {"t":"ss","node":33120,"accepted":0,"unsigned":0,"unknown_sender":0,"bad_signature":0,"replayed":0,"rate_limited":0,"verify_us_max":0,"floors":[{"src":25344,"epoch":139,"counter":1}]}
1791632969.995 {"t":"rec","node":33120,"up_ms":211236,"settled":1,"sent":840,"received":766,"malformed":0,"views":3,"replies_fenced":0,"actors":[{"key":1245650351,"running":0,"term":0,"owner":25344,"owner_term":7,"assigned":25344,"starts":0,"fenced":0,"released":0}]}
1791632969.995 {"t":"node","up_ms":211263,"node":33120,"epoch":282,"peers_alive":2,"peers_dead":0,"no_radio":0,"free_dram":250307,"largest_block":172032,"rx":{"total":10095,"bad_frame":0,"unknown_peer":12,"wrong_dst":0,"short_payload":0,"unknown_opcode":0,"queue_dropped":50},"tx":{"total":3660,"enqueue_err":0,"done_queue_dropped":0},"membership":{"deaths":1,"revivals":0,"reboots_seen":1,"table_full":0,"events_dropped":0}}
1791632970.313 {"t":"ns","node":33120,"hash":13581963,"owner":33120,"kind":"sampled","unit":100,"class":4,"bound_ms":5000,"quality":"GOOD","age_ms":342,"ts":210950,"updates":20,"value":2}
1791632970.313 {"t":"ns","node":33120,"hash":3142365229,"owner":33120,"kind":"sampled","unit":101,"class":4,"bound_ms":30000,"quality":"GOOD","age_ms":356,"ts":210950,"updates":20,"value":172032}
1791632970.313 {"t":"ns","node":33120,"hash":1245650351,"owner":25344,"kind":"sampled","unit":0,"class":3,"bound_ms":500,"quality":"NO_DATA","age_ms":0,"ts":0,"updates":0,"value":null}
1791632970.313 {"t":"ns","node":33120,"hash":2033492666,"owner":33120,"kind":"sampled","unit":0,"class":3,"bound_ms":0,"quality":"NO_DATA","age_ms":0,"ts":0,"updates":0,"value":null}
1791632970.313 {"t":"ns","node":33120,"hash":2347817554,"owner":33120,"kind":"sampled","unit":100,"class":4,"bound_ms":0,"quality":"GOOD","age_ms":409,"ts":210950,"updates":20,"value":282}
1791632970.313 {"t":"ns","node":33120,"hash":1170356950,"owner":33120,"kind":"sampled","unit":80,"class":4,"bound_ms":30000,"quality":"GOOD","age_ms":424,"ts":210950,"updates":20,"value":210}
1791632970.313 {"t":"ns","node":33120,"hash":3085599597,"owner":33120,"kind":"sampled","unit":0,"class":4,"bound_ms":5000,"quality":"GOOD","age_ms":438,"ts":210950,"updates":20,"value":-20}
1791632970.313 {"t":"ns","node":33120,"hash":2486014333,"owner":33120,"kind":"sampled","unit":101,"class":4,"bound_ms":30000,"quality":"GOOD","age_ms":452,"ts":210950,"updates":20,"value":250307}
1791632980.458 {"t":"clk","node":33120,"up_ms":221416}
1791632980.458 {"t":"led","node":33120,"shows":"green","app":0}
1791632980.458 {"t":"event","at_ms":211366,"node":33120,"kind":"peer_admitted","peer":29544,"slot":0,"a":0,"b":0}
1791632980.458 {"t":"event","at_ms":212423,"node":33120,"kind":"peer_admitted","peer":25344,"slot":1,"a":0,"b":0}
1791632980.458 {"t":"event","at_ms":213366,"node":33120,"kind":"peer_admitted","peer":29544,"slot":0,"a":0,"b":0}
1791632980.458 {"t":"event","at_ms":214423,"node":33120,"kind":"peer_admitted","peer":25344,"slot":1,"a":0,"b":0}
1791632980.458 {"t":"event","at_ms":215366,"node":33120,"kind":"peer_admitted","peer":29544,"slot":0,"a":0,"b":0}
1791632980.458 {"t":"event","at_ms":216423,"node":33120,"kind":"peer_admitted","peer":25344,"slot":1,"a":0,"b":0}
1791632980.458 {"t":"event","at_ms":217366,"node":33120,"kind":"peer_admitted","peer":29544,"slot":0,"a":0,"b":0}
1791632980.458 {"t":"event","at_ms":218423,"node":33120,"kind":"peer_admitted","peer":25344,"slot":1,"a":0,"b":0}
1791632980.458 {"t":"event","at_ms":219368,"node":33120,"kind":"peer_admitted","peer":29544,"slot":0,"a":0,"b":0}
1791632980.458 {"t":"event","at_ms":220423,"node":33120,"kind":"peer_admitted","peer":25344,"slot":1,"a":0,"b":0}
1791632980.458 {"t":"event","at_ms":221366,"node":33120,"kind":"peer_admitted","peer":29544,"slot":0,"a":0,"b":0}
1791632980.458 {"t":"link","up_ms":221514,"node":33120,"peer":29544,"mac":"b8:1f:3f:da:73:68","state":"alive","epoch":170,"espnow_ver":2,"mtu":1446,"misses":0,"rssi":-9,"tx":{"frames":776,"cb_ok":776,"cb_fail":0,"enqueue_err":0,"pdr_ppm":1000000},"rx":{"frames":3077,"lost_seqgap":0,"reorder_dup":0,"dropped_bad":0,"hb_lost":5,"bcast_frames":2190,"pdr_ppm":1000000},"rtt":{"samples":110,"min_us":5360,"max_us":21531,"timeouts":0,"txq_last_us":3366,"txq_max_us":4629,"remote_turnaround_us":831,"remote_turnaround_max_us":1210,"p50_us":[4000,6000],"p99_us":[8000,11000],"hist":[0,0,0,0,89,16,4,0,1,0,0,0,0,0,0,0]}}
1791632980.458 {"t":"link","up_ms":221568,"node":33120,"peer":25344,"mac":"b8:1f:3f:da:63:00","state":"alive","epoch":243,"espnow_ver":2,"mtu":1446,"misses":0,"rssi":-21,"tx":{"frames":754,"cb_ok":751,"cb_fail":3,"enqueue_err":0,"pdr_ppm":996021},"rx":{"frames":2940,"lost_seqgap":2,"reorder_dup":0,"dropped_bad":0,"hb_lost":8,"bcast_frames":2155,"pdr_ppm":999320},"rtt":{"samples":107,"min_us":5859,"max_us":146505,"timeouts":1,"txq_last_us":21061,"txq_max_us":21061,"remote_turnaround_us":1019,"remote_turnaround_max_us":141513,"p50_us":[4000,6000],"p99_us":[30000,42000],"hist":[0,0,0,0,65,31,6,0,0,2,2,0,0,0,1,0]}}
1791632980.458 {"t":"auth","node":33120,"up_ms":221622,"enrolled":1,"required":1,"verified_peers":2,"verified":3,"cache_hits":221,"refused":0,"rate_limited":0,"stale_epoch":0,"verify_us_max":84076,"link_stack_free_b":1524,"crypto_stack_free_b":1220,"tags_ok":1449,"bad_tag":0,"replayed":0,"untagged":0,"bcast_dropped":0,"beacon_epoch_ignored":0,"tag_us_max":998}
1791632980.458 {"t":"act","node":33120,"setpoint":0,"has_value":0,"writes_served":0}
1791632980.458 {"t":"peers","node":33120,"own_period_ms":100,"own_busy":0,"channel":1,"scanning":0,"scans":0,"hops":0,"found":0,"lost_to_found_ms":0,"moves_followed":0,"moves_refused":0,"sweeps":0,"sweep_found":0,"sweeping":0,"search_visits":0,"relay":0,"fwd_u":0,"fwd_b":0,"fwd_h":0,"relay_dup":2264,"list":[{"id":29544,"state":"alive","via_relay":0,"period_ms":100,"misses":6,"busy":1,"rtt_n":110},{"id":25344,"state":"alive","via_relay":0,"period_ms":100,"misses":6,"busy":0,"rtt_n":107}]}
1791632980.458 {"t":"ss","node":33120,"accepted":0,"unsigned":0,"unknown_sender":0,"bad_signature":0,"replayed":0,"rate_limited":0,"verify_us_max":0,"floors":[{"src":25344,"epoch":139,"counter":1}]}
1791632980.458 {"t":"rec","node":33120,"up_ms":221717,"settled":1,"sent":882,"received":808,"malformed":0,"views":3,"replies_fenced":0,"actors":[{"key":1245650351,"running":0,"term":0,"owner":25344,"owner_term":7,"assigned":25344,"starts":0,"fenced":0,"released":0}]}
1791632980.800 {"t":"node","up_ms":221732,"node":33120,"epoch":282,"peers_alive":2,"peers_dead":0,"no_radio":0,"free_dram":250307,"largest_block":172032,"rx":{"total":10602,"bad_frame":0,"unknown_peer":12,"wrong_dst":0,"short_payload":0,"unknown_opcode":0,"queue_dropped":50},"tx":{"total":3842,"enqueue_err":0,"done_queue_dropped":0},"membership":{"deaths":1,"revivals":0,"reboots_seen":1,"table_full":0,"events_dropped":0}}
1791632980.800 {"t":"ns","node":33120,"hash":13581963,"owner":33120,"kind":"sampled","unit":100,"class":4,"bound_ms":5000,"quality":"GOOD","age_ms":354,"ts":221418,"updates":21,"value":2}
1791632980.800 {"t":"ns","node":33120,"hash":3142365229,"owner":33120,"kind":"sampled","unit":101,"class":4,"bound_ms":30000,"quality":"GOOD","age_ms":371,"ts":221417,"updates":21,"value":172032}
1791632980.800 {"t":"ns","node":33120,"hash":1245650351,"owner":25344,"kind":"sampled","unit":0,"class":3,"bound_ms":500,"quality":"NO_DATA","age_ms":0,"ts":0,"updates":0,"value":null}
1791632980.800 {"t":"ns","node":33120,"hash":2033492666,"owner":33120,"kind":"sampled","unit":0,"class":3,"bound_ms":0,"quality":"NO_DATA","age_ms":0,"ts":0,"updates":0,"value":null}
1791632980.800 {"t":"ns","node":33120,"hash":2347817554,"owner":33120,"kind":"sampled","unit":100,"class":4,"bound_ms":0,"quality":"GOOD","age_ms":414,"ts":221417,"updates":21,"value":282}
1791632980.800 {"t":"ns","node":33120,"hash":1170356950,"owner":33120,"kind":"sampled","unit":80,"class":4,"bound_ms":30000,"quality":"GOOD","age_ms":428,"ts":221417,"updates":21,"value":221}
1791632980.800 {"t":"ns","node":33120,"hash":3085599597,"owner":33120,"kind":"sampled","unit":0,"class":4,"bound_ms":5000,"quality":"GOOD","age_ms":442,"ts":221418,"updates":21,"value":-21}
1791632980.800 {"t":"ns","node":33120,"hash":2486014333,"owner":33120,"kind":"sampled","unit":101,"class":4,"bound_ms":30000,"quality":"GOOD","age_ms":457,"ts":221417,"updates":21,"value":250307}
1791632990.930 {"t":"clk","node":33120,"up_ms":231888}
1791632990.930 {"t":"led","node":33120,"shows":"green","app":0}
1791632990.930 {"t":"event","at_ms":222423,"node":33120,"kind":"peer_admitted","peer":25344,"slot":1,"a":0,"b":0}
1791632990.930 {"t":"event","at_ms":223366,"node":33120,"kind":"peer_admitted","peer":29544,"slot":0,"a":0,"b":0}
1791632990.930 {"t":"event","at_ms":224423,"node":33120,"kind":"peer_admitted","peer":25344,"slot":1,"a":0,"b":0}
1791632990.930 {"t":"event","at_ms":225366,"node":33120,"kind":"peer_admitted","peer":29544,"slot":0,"a":0,"b":0}
1791632990.930 {"t":"event","at_ms":226423,"node":33120,"kind":"peer_admitted","peer":25344,"slot":1,"a":0,"b":0}
1791632990.930 {"t":"event","at_ms":227366,"node":33120,"kind":"peer_admitted","peer":29544,"slot":0,"a":0,"b":0}
1791632990.930 {"t":"event","at_ms":228423,"node":33120,"kind":"peer_admitted","peer":25344,"slot":1,"a":0,"b":0}
1791632990.930 {"t":"event","at_ms":229366,"node":33120,"kind":"peer_admitted","peer":29544,"slot":0,"a":0,"b":0}
1791632990.930 {"t":"event","at_ms":230423,"node":33120,"kind":"peer_admitted","peer":25344,"slot":1,"a":0,"b":0}
1791632990.930 {"t":"event","at_ms":231366,"node":33120,"kind":"peer_admitted","peer":29544,"slot":0,"a":0,"b":0}
1791632990.930 {"t":"link","up_ms":231973,"node":33120,"peer":29544,"mac":"b8:1f:3f:da:73:68","state":"alive","epoch":170,"espnow_ver":2,"mtu":1446,"misses":0,"rssi":-9,"tx":{"frames":812,"cb_ok":812,"cb_fail":0,"enqueue_err":0,"pdr_ppm":1000000},"rx":{"frames":3221,"lost_seqgap":0,"reorder_dup":0,"dropped_bad":0,"hb_lost":6,"bcast_frames":2293,"pdr_ppm":1000000},"rtt":{"samples":115,"min_us":5360,"max_us":21531,"timeouts":0,"txq_last_us":3366,"txq_max_us":4629,"remote_turnaround_us":954,"remote_turnaround_max_us":1210,"p50_us":[4000,6000],"p99_us":[8000,11000],"hist":[0,0,0,0,92,18,4,0,1,0,0,0,0,0,0,0]}}
1791632990.930 {"t":"link","up_ms":232027,"node":33120,"peer":25344,"mac":"b8:1f:3f:da:63:00","state":"alive","epoch":243,"espnow_ver":2,"mtu":1446,"misses":0,"rssi":-20,"tx":{"frames":791,"cb_ok":788,"cb_fail":3,"enqueue_err":0,"pdr_ppm":996207},"rx":{"frames":3087,"lost_seqgap":2,"reorder_dup":0,"dropped_bad":0,"hb_lost":8,"bcast_frames":2259,"pdr_ppm":999352},"rtt":{"samples":113,"min_us":5859,"max_us":146505,"timeouts":1,"txq_last_us":21061,"txq_max_us":21061,"remote_turnaround_us":1034,"remote_turnaround_max_us":141513,"p50_us":[4000,6000],"p99_us":[30000,42000],"hist":[0,0,0,0,70,32,6,0,0,2,2,0,0,0,1,0]}}
1791632990.930 {"t":"auth","node":33120,"up_ms":232081,"enrolled":1,"required":1,"verified_peers":2,"verified":3,"cache_hits":231,"refused":0,"rate_limited":0,"stale_epoch":0,"verify_us_max":84076,"link_stack_free_b":1524,"crypto_stack_free_b":1220,"tags_ok":1522,"bad_tag":0,"replayed":0,"untagged":0,"bcast_dropped":0,"beacon_epoch_ignored":0,"tag_us_max":1026}
1791632990.930 {"t":"act","node":33120,"setpoint":0,"has_value":0,"writes_served":0}
1791632990.930 {"t":"peers","node":33120,"own_period_ms":100,"own_busy":0,"channel":1,"scanning":0,"scans":0,"hops":0,"found":0,"lost_to_found_ms":0,"moves_followed":0,"moves_refused":0,"sweeps":0,"sweep_found":0,"sweeping":0,"search_visits":0,"relay":0,"fwd_u":0,"fwd_b":0,"fwd_h":0,"relay_dup":2374,"list":[{"id":29544,"state":"alive","via_relay":0,"period_ms":100,"misses":6,"busy":1,"rtt_n":115},{"id":25344,"state":"alive","via_relay":0,"period_ms":100,"misses":6,"busy":0,"rtt_n":113}]}
1791632990.930 {"t":"ss","node":33120,"accepted":0,"unsigned":0,"unknown_sender":0,"bad_signature":0,"replayed":0,"rate_limited":0,"verify_us_max":0,"floors":[{"src":25344,"epoch":139,"counter":1}]}
1791632990.930 {"t":"rec","node":33120,"up_ms":232176,"settled":1,"sent":924,"received":850,"malformed":0,"views":3,"replies_fenced":0,"actors":[{"key":1245650351,"running":0,"term":0,"owner":25344,"owner_term":7,"assigned":25344,"starts":0,"fenced":0,"released":0}]}
1791632990.930 {"t":"node","up_ms":232202,"node":33120,"epoch":282,"peers_alive":2,"peers_dead":0,"no_radio":0,"free_dram":250307,"largest_block":172032,"rx":{"total":11112,"bad_frame":0,"unknown_peer":12,"wrong_dst":0,"short_payload":0,"unknown_opcode":0,"queue_dropped":50},"tx":{"total":4026,"enqueue_err":0,"done_queue_dropped":0},"membership":{"deaths":1,"revivals":0,"reboots_seen":1,"table_full":0,"events_dropped":0}}
1791632991.253 {"t":"ns","node":33120,"hash":13581963,"owner":33120,"kind":"sampled","unit":100,"class":4,"bound_ms":5000,"quality":"GOOD","age_ms":341,"ts":231890,"updates":22,"value":2}
1791632991.253 {"t":"ns","node":33120,"hash":3142365229,"owner":33120,"kind":"sampled","unit":101,"class":4,"bound_ms":30000,"quality":"GOOD","age_ms":356,"ts":231889,"updates":22,"value":172032}
1791632991.253 {"t":"ns","node":33120,"hash":1245650351,"owner":25344,"kind":"sampled","unit":0,"class":3,"bound_ms":500,"quality":"NO_DATA","age_ms":0,"ts":0,"updates":0,"value":null}
1791632991.253 {"t":"ns","node":33120,"hash":2033492666,"owner":33120,"kind":"sampled","unit":0,"class":3,"bound_ms":0,"quality":"NO_DATA","age_ms":0,"ts":0,"updates":0,"value":null}
1791632991.253 {"t":"ns","node":33120,"hash":2347817554,"owner":33120,"kind":"sampled","unit":100,"class":4,"bound_ms":0,"quality":"GOOD","age_ms":410,"ts":231889,"updates":22,"value":282}
1791632991.253 {"t":"ns","node":33120,"hash":1170356950,"owner":33120,"kind":"sampled","unit":80,"class":4,"bound_ms":30000,"quality":"GOOD","age_ms":424,"ts":231889,"updates":22,"value":231}
1791632991.253 {"t":"ns","node":33120,"hash":3085599597,"owner":33120,"kind":"sampled","unit":0,"class":4,"bound_ms":5000,"quality":"GOOD","age_ms":437,"ts":231890,"updates":22,"value":-21}
1791632991.253 {"t":"ns","node":33120,"hash":2486014333,"owner":33120,"kind":"sampled","unit":101,"class":4,"bound_ms":30000,"quality":"GOOD","age_ms":452,"ts":231889,"updates":22,"value":250307}
1791633001.400 {"t":"clk","node":33120,"up_ms":242356}
1791633001.400 {"t":"led","node":33120,"shows":"green","app":0}
1791633001.400 {"t":"event","at_ms":232424,"node":33120,"kind":"peer_admitted","peer":25344,"slot":1,"a":0,"b":0}
1791633001.400 {"t":"event","at_ms":233366,"node":33120,"kind":"peer_admitted","peer":29544,"slot":0,"a":0,"b":0}
1791633001.400 {"t":"event","at_ms":234423,"node":33120,"kind":"peer_admitted","peer":25344,"slot":1,"a":0,"b":0}
1791633001.400 {"t":"event","at_ms":235366,"node":33120,"kind":"peer_admitted","peer":29544,"slot":0,"a":0,"b":0}
1791633001.400 {"t":"event","at_ms":236423,"node":33120,"kind":"peer_admitted","peer":25344,"slot":1,"a":0,"b":0}
1791633001.400 {"t":"event","at_ms":237366,"node":33120,"kind":"peer_admitted","peer":29544,"slot":0,"a":0,"b":0}
1791633001.400 {"t":"event","at_ms":238423,"node":33120,"kind":"peer_admitted","peer":25344,"slot":1,"a":0,"b":0}
1791633001.400 {"t":"event","at_ms":239366,"node":33120,"kind":"peer_admitted","peer":29544,"slot":0,"a":0,"b":0}
1791633001.400 {"t":"event","at_ms":240423,"node":33120,"kind":"peer_admitted","peer":25344,"slot":1,"a":0,"b":0}
1791633001.400 {"t":"event","at_ms":241366,"node":33120,"kind":"peer_admitted","peer":29544,"slot":0,"a":0,"b":0}
1791633001.400 {"t":"event","at_ms":242423,"node":33120,"kind":"peer_admitted","peer":25344,"slot":1,"a":0,"b":0}
1791633001.400 {"t":"link","up_ms":242455,"node":33120,"peer":29544,"mac":"b8:1f:3f:da:73:68","state":"alive","epoch":170,"espnow_ver":2,"mtu":1446,"misses":0,"rssi":-10,"tx":{"frames":848,"cb_ok":848,"cb_fail":0,"enqueue_err":0,"pdr_ppm":1000000},"rx":{"frames":3367,"lost_seqgap":0,"reorder_dup":0,"dropped_bad":0,"hb_lost":6,"bcast_frames":2398,"pdr_ppm":1000000},"rtt":{"samples":120,"min_us":5360,"max_us":21531,"timeouts":0,"txq_last_us":3366,"txq_max_us":4629,"remote_turnaround_us":853,"remote_turnaround_max_us":1210,"p50_us":[4000,6000],"p99_us":[8000,11000],"hist":[0,0,0,0,97,18,4,0,1,0,0,0,0,0,0,0]}}
1791633001.400 {"t":"link","up_ms":242508,"node":33120,"peer":25344,"mac":"b8:1f:3f:da:63:00","state":"alive","epoch":243,"espnow_ver":2,"mtu":1446,"misses":0,"rssi":-21,"tx":{"frames":829,"cb_ok":826,"cb_fail":3,"enqueue_err":0,"pdr_ppm":996381},"rx":{"frames":3235,"lost_seqgap":2,"reorder_dup":0,"dropped_bad":0,"hb_lost":8,"bcast_frames":2364,"pdr_ppm":999382},"rtt":{"samples":118,"min_us":5859,"max_us":146505,"timeouts":1,"txq_last_us":21061,"txq_max_us":21061,"remote_turnaround_us":1033,"remote_turnaround_max_us":141513,"p50_us":[4000,6000],"p99_us":[30000,42000],"hist":[0,0,0,0,73,32,8,0,0,2,2,0,0,0,1,0]}}
1791633001.400 {"t":"auth","node":33120,"up_ms":242563,"enrolled":1,"required":1,"verified_peers":2,"verified":3,"cache_hits":242,"refused":0,"rate_limited":0,"stale_epoch":0,"verify_us_max":84076,"link_stack_free_b":1524,"crypto_stack_free_b":1220,"tags_ok":1595,"bad_tag":0,"replayed":0,"untagged":0,"bcast_dropped":0,"beacon_epoch_ignored":0,"tag_us_max":1026}
1791633001.400 {"t":"act","node":33120,"setpoint":0,"has_value":0,"writes_served":0}
1791633001.400 {"t":"peers","node":33120,"own_period_ms":100,"own_busy":0,"channel":1,"scanning":0,"scans":0,"hops":0,"found":0,"lost_to_found_ms":0,"moves_followed":0,"moves_refused":0,"sweeps":0,"sweep_found":0,"sweeping":0,"search_visits":0,"relay":0,"fwd_u":0,"fwd_b":0,"fwd_h":0,"relay_dup":2485,"list":[{"id":29544,"state":"alive","via_relay":0,"period_ms":100,"misses":6,"busy":1,"rtt_n":120},{"id":25344,"state":"alive","via_relay":0,"period_ms":100,"misses":6,"busy":0,"rtt_n":118}]}
1791633001.400 {"t":"ss","node":33120,"accepted":0,"unsigned":0,"unknown_sender":0,"bad_signature":0,"replayed":0,"rate_limited":0,"verify_us_max":0,"floors":[{"src":25344,"epoch":139,"counter":1}]}
1791633001.400 {"t":"rec","node":33120,"up_ms":242658,"settled":1,"sent":966,"received":892,"malformed":0,"views":3,"replies_fenced":0,"actors":[{"key":1245650351,"running":0,"term":0,"owner":25344,"owner_term":7,"assigned":25344,"starts":0,"fenced":0,"released":0}]}
1791633001.733 {"t":"node","up_ms":242673,"node":33120,"epoch":282,"peers_alive":2,"peers_dead":0,"no_radio":0,"free_dram":250307,"largest_block":172032,"rx":{"total":11627,"bad_frame":0,"unknown_peer":12,"wrong_dst":0,"short_payload":0,"unknown_opcode":0,"queue_dropped":50},"tx":{"total":4210,"enqueue_err":0,"done_queue_dropped":0},"membership":{"deaths":1,"revivals":0,"reboots_seen":1,"table_full":0,"events_dropped":0}}
1791633001.733 {"t":"ns","node":33120,"hash":13581963,"owner":33120,"kind":"sampled","unit":100,"class":4,"bound_ms":5000,"quality":"GOOD","age_ms":355,"ts":242358,"updates":23,"value":2}
1791633001.733 {"t":"ns","node":33120,"hash":3142365229,"owner":33120,"kind":"sampled","unit":101,"class":4,"bound_ms":30000,"quality":"GOOD","age_ms":370,"ts":242357,"updates":23,"value":172032}
1791633001.733 {"t":"ns","node":33120,"hash":1245650351,"owner":25344,"kind":"sampled","unit":0,"class":3,"bound_ms":500,"quality":"NO_DATA","age_ms":0,"ts":0,"updates":0,"value":null}
1791633001.733 {"t":"ns","node":33120,"hash":2033492666,"owner":33120,"kind":"sampled","unit":0,"class":3,"bound_ms":0,"quality":"NO_DATA","age_ms":0,"ts":0,"updates":0,"value":null}
1791633001.733 {"t":"ns","node":33120,"hash":2347817554,"owner":33120,"kind":"sampled","unit":100,"class":4,"bound_ms":0,"quality":"GOOD","age_ms":411,"ts":242358,"updates":23,"value":282}
1791633001.733 {"t":"ns","node":33120,"hash":1170356950,"owner":33120,"kind":"sampled","unit":80,"class":4,"bound_ms":30000,"quality":"GOOD","age_ms":426,"ts":242357,"updates":23,"value":242}
1791633001.733 {"t":"ns","node":33120,"hash":3085599597,"owner":33120,"kind":"sampled","unit":0,"class":4,"bound_ms":5000,"quality":"GOOD","age_ms":439,"ts":242358,"updates":23,"value":-22}
1791633001.733 {"t":"ns","node":33120,"hash":2486014333,"owner":33120,"kind":"sampled","unit":101,"class":4,"bound_ms":30000,"quality":"GOOD","age_ms":454,"ts":242357,"updates":23,"value":250307}
1791633011.884 {"t":"clk","node":33120,"up_ms":252838}
1791633011.884 {"t":"led","node":33120,"shows":"green","app":0}
1791633011.884 {"t":"event","at_ms":243366,"node":33120,"kind":"peer_admitted","peer":29544,"slot":0,"a":0,"b":0}
1791633011.884 {"t":"event","at_ms":244423,"node":33120,"kind":"peer_admitted","peer":25344,"slot":1,"a":0,"b":0}
1791633011.884 {"t":"event","at_ms":245366,"node":33120,"kind":"peer_admitted","peer":29544,"slot":0,"a":0,"b":0}
1791633011.884 {"t":"event","at_ms":246423,"node":33120,"kind":"peer_admitted","peer":25344,"slot":1,"a":0,"b":0}
1791633011.884 {"t":"event","at_ms":247366,"node":33120,"kind":"peer_admitted","peer":29544,"slot":0,"a":0,"b":0}
1791633011.884 {"t":"event","at_ms":248423,"node":33120,"kind":"peer_admitted","peer":25344,"slot":1,"a":0,"b":0}
1791633011.884 {"t":"event","at_ms":249366,"node":33120,"kind":"peer_admitted","peer":29544,"slot":0,"a":0,"b":0}
1791633011.884 {"t":"event","at_ms":250423,"node":33120,"kind":"peer_admitted","peer":25344,"slot":1,"a":0,"b":0}
1791633011.884 {"t":"event","at_ms":251369,"node":33120,"kind":"peer_admitted","peer":29544,"slot":0,"a":0,"b":0}
1791633011.884 {"t":"event","at_ms":252424,"node":33120,"kind":"peer_admitted","peer":25344,"slot":1,"a":0,"b":0}
1791633011.884 {"t":"link","up_ms":252923,"node":33120,"peer":29544,"mac":"b8:1f:3f:da:73:68","state":"alive","epoch":170,"espnow_ver":2,"mtu":1446,"misses":0,"rssi":-10,"tx":{"frames":885,"cb_ok":885,"cb_fail":0,"enqueue_err":0,"pdr_ppm":1000000},"rx":{"frames":3513,"lost_seqgap":0,"reorder_dup":0,"dropped_bad":0,"hb_lost":6,"bcast_frames":2503,"pdr_ppm":1000000},"rtt":{"samples":126,"min_us":5360,"max_us":21531,"timeouts":0,"txq_last_us":3366,"txq_max_us":4629,"remote_turnaround_us":845,"remote_turnaround_max_us":1210,"p50_us":[4000,6000],"p99_us":[8000,11000],"hist":[0,0,0,0,102,19,4,0,1,0,0,0,0,0,0,0]}}
1791633011.884 {"t":"link","up_ms":252977,"node":33120,"peer":25344,"mac":"b8:1f:3f:da:63:00","state":"alive","epoch":243,"espnow_ver":2,"mtu":1446,"misses":0,"rssi":-21,"tx":{"frames":865,"cb_ok":862,"cb_fail":3,"enqueue_err":0,"pdr_ppm":996531},"rx":{"frames":3381,"lost_seqgap":2,"reorder_dup":0,"dropped_bad":0,"hb_lost":8,"bcast_frames":2469,"pdr_ppm":999408},"rtt":{"samples":123,"min_us":5859,"max_us":146505,"timeouts":1,"txq_last_us":21061,"txq_max_us":21061,"remote_turnaround_us":1024,"remote_turnaround_max_us":141513,"p50_us":[4000,6000],"p99_us":[30000,42000],"hist":[0,0,0,0,78,32,8,0,0,2,2,0,0,0,1,0]}}
1791633011.884 {"t":"auth","node":33120,"up_ms":253031,"enrolled":1,"required":1,"verified_peers":2,"verified":3,"cache_hits":252,"refused":0,"rate_limited":0,"stale_epoch":0,"verify_us_max":84076,"link_stack_free_b":1524,"crypto_stack_free_b":1220,"tags_ok":1668,"bad_tag":0,"replayed":0,"untagged":0,"bcast_dropped":0,"beacon_epoch_ignored":0,"tag_us_max":1026}
1791633011.884 {"t":"act","node":33120,"setpoint":0,"has_value":0,"writes_served":0}
1791633011.884 {"t":"peers","node":33120,"own_period_ms":100,"own_busy":0,"channel":1,"scanning":0,"scans":0,"hops":0,"found":0,"lost_to_found_ms":0,"moves_followed":0,"moves_refused":0,"sweeps":0,"sweep_found":0,"sweeping":0,"search_visits":0,"relay":0,"fwd_u":0,"fwd_b":0,"fwd_h":0,"relay_dup":2595,"list":[{"id":29544,"state":"alive","via_relay":0,"period_ms":100,"misses":6,"busy":1,"rtt_n":126},{"id":25344,"state":"alive","via_relay":0,"period_ms":100,"misses":6,"busy":0,"rtt_n":123}]}
1791633011.884 {"t":"ss","node":33120,"accepted":0,"unsigned":0,"unknown_sender":0,"bad_signature":0,"replayed":0,"rate_limited":0,"verify_us_max":0,"floors":[{"src":25344,"epoch":139,"counter":1}]}
1791633011.884 {"t":"rec","node":33120,"up_ms":253127,"settled":1,"sent":1008,"received":934,"malformed":0,"views":3,"replies_fenced":0,"actors":[{"key":1245650351,"running":0,"term":0,"owner":25344,"owner_term":7,"assigned":25344,"starts":0,"fenced":0,"released":0}]}
1791633011.884 {"t":"node","up_ms":253153,"node":33120,"epoch":282,"peers_alive":2,"peers_dead":0,"no_radio":0,"free_dram":250307,"largest_block":172032,"rx":{"total":12138,"bad_frame":0,"unknown_peer":12,"wrong_dst":0,"short_payload":0,"unknown_opcode":0,"queue_dropped":50},"tx":{"total":4393,"enqueue_err":0,"done_queue_dropped":0},"membership":{"deaths":1,"revivals":0,"reboots_seen":1,"table_full":0,"events_dropped":0}}
1791633012.211 {"t":"ns","node":33120,"hash":13581963,"owner":33120,"kind":"sampled","unit":100,"class":4,"bound_ms":5000,"quality":"GOOD","age_ms":342,"ts":252840,"updates":24,"value":2}
1791633012.211 {"t":"ns","node":33120,"hash":3142365229,"owner":33120,"kind":"sampled","unit":101,"class":4,"bound_ms":30000,"quality":"GOOD","age_ms":357,"ts":252839,"updates":24,"value":172032}
1791633012.211 {"t":"ns","node":33120,"hash":1245650351,"owner":25344,"kind":"sampled","unit":0,"class":3,"bound_ms":500,"quality":"NO_DATA","age_ms":0,"ts":0,"updates":0,"value":null}
1791633012.211 {"t":"ns","node":33120,"hash":2033492666,"owner":33120,"kind":"sampled","unit":0,"class":3,"bound_ms":0,"quality":"NO_DATA","age_ms":0,"ts":0,"updates":0,"value":null}
1791633012.211 {"t":"ns","node":33120,"hash":2347817554,"owner":33120,"kind":"sampled","unit":100,"class":4,"bound_ms":0,"quality":"GOOD","age_ms":409,"ts":252840,"updates":24,"value":282}
1791633012.211 {"t":"ns","node":33120,"hash":1170356950,"owner":33120,"kind":"sampled","unit":80,"class":4,"bound_ms":30000,"quality":"GOOD","age_ms":425,"ts":252839,"updates":24,"value":252}
1791633012.211 {"t":"ns","node":33120,"hash":3085599597,"owner":33120,"kind":"sampled","unit":0,"class":4,"bound_ms":5000,"quality":"GOOD","age_ms":438,"ts":252840,"updates":24,"value":-21}
1791633012.211 {"t":"ns","node":33120,"hash":2486014333,"owner":33120,"kind":"sampled","unit":101,"class":4,"bound_ms":30000,"quality":"GOOD","age_ms":453,"ts":252839,"updates":24,"value":250307}
1791633022.347 {"t":"clk","node":33120,"up_ms":263306}
1791633022.347 {"t":"led","node":33120,"shows":"green","app":0}
1791633022.347 {"t":"event","at_ms":253367,"node":33120,"kind":"peer_admitted","peer":29544,"slot":0,"a":0,"b":0}
1791633022.347 {"t":"event","at_ms":254423,"node":33120,"kind":"peer_admitted","peer":25344,"slot":1,"a":0,"b":0}
1791633022.347 {"t":"event","at_ms":255366,"node":33120,"kind":"peer_admitted","peer":29544,"slot":0,"a":0,"b":0}
1791633022.347 {"t":"event","at_ms":256423,"node":33120,"kind":"peer_admitted","peer":25344,"slot":1,"a":0,"b":0}
1791633022.347 {"t":"event","at_ms":257366,"node":33120,"kind":"peer_admitted","peer":29544,"slot":0,"a":0,"b":0}
1791633022.347 {"t":"event","at_ms":258423,"node":33120,"kind":"peer_admitted","peer":25344,"slot":1,"a":0,"b":0}
1791633022.347 {"t":"event","at_ms":259366,"node":33120,"kind":"peer_admitted","peer":29544,"slot":0,"a":0,"b":0}
1791633022.347 {"t":"event","at_ms":260423,"node":33120,"kind":"peer_admitted","peer":25344,"slot":1,"a":0,"b":0}
1791633022.347 {"t":"event","at_ms":261366,"node":33120,"kind":"peer_admitted","peer":29544,"slot":0,"a":0,"b":0}
1791633022.347 {"t":"event","at_ms":262423,"node":33120,"kind":"peer_admitted","peer":25344,"slot":1,"a":0,"b":0}
1791633022.347 {"t":"event","at_ms":263367,"node":33120,"kind":"peer_admitted","peer":29544,"slot":0,"a":0,"b":0}
1791633022.347 {"t":"link","up_ms":263404,"node":33120,"peer":29544,"mac":"b8:1f:3f:da:73:68","state":"alive","epoch":170,"espnow_ver":2,"mtu":1446,"misses":0,"rssi":-9,"tx":{"frames":923,"cb_ok":923,"cb_fail":0,"enqueue_err":0,"pdr_ppm":1000000},"rx":{"frames":3660,"lost_seqgap":0,"reorder_dup":0,"dropped_bad":0,"hb_lost":6,"bcast_frames":2607,"pdr_ppm":1000000},"rtt":{"samples":131,"min_us":5360,"max_us":21531,"timeouts":0,"txq_last_us":3366,"txq_max_us":4629,"remote_turnaround_us":858,"remote_turnaround_max_us":1210,"p50_us":[4000,6000],"p99_us":[8000,11000],"hist":[0,0,0,0,105,21,4,0,1,0,0,0,0,0,0,0]}}
1791633022.347 {"t":"link","up_ms":263458,"node":33120,"peer":25344,"mac":"b8:1f:3f:da:63:00","state":"alive","epoch":243,"espnow_ver":2,"mtu":1446,"misses":0,"rssi":-21,"tx":{"frames":901,"cb_ok":898,"cb_fail":3,"enqueue_err":0,"pdr_ppm":996670},"rx":{"frames":3526,"lost_seqgap":2,"reorder_dup":0,"dropped_bad":0,"hb_lost":8,"bcast_frames":2573,"pdr_ppm":999433},"rtt":{"samples":128,"min_us":5859,"max_us":146505,"timeouts":1,"txq_last_us":21061,"txq_max_us":21061,"remote_turnaround_us":1000,"remote_turnaround_max_us":141513,"p50_us":[4000,6000],"p99_us":[30000,42000],"hist":[0,0,0,0,83,32,8,0,0,2,2,0,0,0,1,0]}}
1791633022.347 {"t":"auth","node":33120,"up_ms":263512,"enrolled":1,"required":1,"verified_peers":2,"verified":3,"cache_hits":263,"refused":0,"rate_limited":0,"stale_epoch":0,"verify_us_max":84076,"link_stack_free_b":1524,"crypto_stack_free_b":1220,"tags_ok":1741,"bad_tag":0,"replayed":0,"untagged":0,"bcast_dropped":0,"beacon_epoch_ignored":0,"tag_us_max":1026}
1791633022.347 {"t":"act","node":33120,"setpoint":0,"has_value":0,"writes_served":0}
1791633022.347 {"t":"peers","node":33120,"own_period_ms":100,"own_busy":0,"channel":1,"scanning":0,"scans":0,"hops":0,"found":0,"lost_to_found_ms":0,"moves_followed":0,"moves_refused":0,"sweeps":0,"sweep_found":0,"sweeping":0,"search_visits":0,"relay":0,"fwd_u":0,"fwd_b":0,"fwd_h":0,"relay_dup":2704,"list":[{"id":29544,"state":"alive","via_relay":0,"period_ms":100,"misses":6,"busy":1,"rtt_n":131},{"id":25344,"state":"alive","via_relay":0,"period_ms":100,"misses":6,"busy":0,"rtt_n":128}]}
1791633022.347 {"t":"ss","node":33120,"accepted":0,"unsigned":0,"unknown_sender":0,"bad_signature":0,"replayed":0,"rate_limited":0,"verify_us_max":0,"floors":[{"src":25344,"epoch":139,"counter":1}]}
1791633022.347 {"t":"rec","node":33120,"up_ms":263608,"settled":1,"sent":1050,"received":975,"malformed":0,"views":3,"replies_fenced":0,"actors":[{"key":1245650351,"running":0,"term":0,"owner":25344,"owner_term":7,"assigned":25344,"starts":0,"fenced":0,"released":0}]}
1791633022.685 {"t":"node","up_ms":263623,"node":33120,"epoch":282,"peers_alive":2,"peers_dead":0,"no_radio":0,"free_dram":250307,"largest_block":172032,"rx":{"total":12650,"bad_frame":0,"unknown_peer":12,"wrong_dst":0,"short_payload":0,"unknown_opcode":0,"queue_dropped":50},"tx":{"total":4576,"enqueue_err":0,"done_queue_dropped":0},"membership":{"deaths":1,"revivals":0,"reboots_seen":1,"table_full":0,"events_dropped":0}}
1791633022.685 {"t":"ns","node":33120,"hash":13581963,"owner":33120,"kind":"sampled","unit":100,"class":4,"bound_ms":5000,"quality":"GOOD","age_ms":355,"ts":263308,"updates":25,"value":2}
1791633022.685 {"t":"ns","node":33120,"hash":3142365229,"owner":33120,"kind":"sampled","unit":101,"class":4,"bound_ms":30000,"quality":"GOOD","age_ms":370,"ts":263307,"updates":25,"value":172032}
1791633022.685 {"t":"ns","node":33120,"hash":1245650351,"owner":25344,"kind":"sampled","unit":0,"class":3,"bound_ms":500,"quality":"NO_DATA","age_ms":0,"ts":0,"updates":0,"value":null}
1791633022.685 {"t":"ns","node":33120,"hash":2033492666,"owner":33120,"kind":"sampled","unit":0,"class":3,"bound_ms":0,"quality":"NO_DATA","age_ms":0,"ts":0,"updates":0,"value":null}
1791633022.685 {"t":"ns","node":33120,"hash":2347817554,"owner":33120,"kind":"sampled","unit":100,"class":4,"bound_ms":0,"quality":"GOOD","age_ms":412,"ts":263307,"updates":25,"value":282}
1791633022.685 {"t":"ns","node":33120,"hash":1170356950,"owner":33120,"kind":"sampled","unit":80,"class":4,"bound_ms":30000,"quality":"GOOD","age_ms":426,"ts":263307,"updates":25,"value":263}
1791633022.685 {"t":"ns","node":33120,"hash":3085599597,"owner":33120,"kind":"sampled","unit":0,"class":4,"bound_ms":5000,"quality":"GOOD","age_ms":439,"ts":263308,"updates":25,"value":-21}
1791633022.685 {"t":"ns","node":33120,"hash":2486014333,"owner":33120,"kind":"sampled","unit":101,"class":4,"bound_ms":30000,"quality":"GOOD","age_ms":465,"ts":263307,"updates":25,"value":250307}
1791633032.829 {"t":"clk","node":33120,"up_ms":273788}
1791633032.829 {"t":"led","node":33120,"shows":"green","app":0}
1791633032.829 {"t":"event","at_ms":264425,"node":33120,"kind":"peer_admitted","peer":25344,"slot":1,"a":0,"b":0}
1791633032.829 {"t":"event","at_ms":265367,"node":33120,"kind":"peer_admitted","peer":29544,"slot":0,"a":0,"b":0}
1791633032.829 {"t":"event","at_ms":266423,"node":33120,"kind":"peer_admitted","peer":25344,"slot":1,"a":0,"b":0}
1791633032.829 {"t":"event","at_ms":267367,"node":33120,"kind":"peer_admitted","peer":29544,"slot":0,"a":0,"b":0}
1791633032.829 {"t":"event","at_ms":268423,"node":33120,"kind":"peer_admitted","peer":25344,"slot":1,"a":0,"b":0}
1791633032.829 {"t":"event","at_ms":269367,"node":33120,"kind":"peer_admitted","peer":29544,"slot":0,"a":0,"b":0}
1791633032.829 {"t":"event","at_ms":270423,"node":33120,"kind":"peer_admitted","peer":25344,"slot":1,"a":0,"b":0}
1791633032.829 {"t":"event","at_ms":271368,"node":33120,"kind":"peer_admitted","peer":29544,"slot":0,"a":0,"b":0}
1791633032.829 {"t":"event","at_ms":272423,"node":33120,"kind":"peer_admitted","peer":25344,"slot":1,"a":0,"b":0}
1791633032.829 {"t":"event","at_ms":273367,"node":33120,"kind":"peer_admitted","peer":29544,"slot":0,"a":0,"b":0}
1791633032.829 {"t":"link","up_ms":273877,"node":33120,"peer":29544,"mac":"b8:1f:3f:da:73:68","state":"alive","epoch":170,"espnow_ver":2,"mtu":1446,"misses":0,"rssi":-10,"tx":{"frames":959,"cb_ok":959,"cb_fail":0,"enqueue_err":0,"pdr_ppm":1000000},"rx":{"frames":3807,"lost_seqgap":0,"reorder_dup":0,"dropped_bad":0,"hb_lost":6,"bcast_frames":2712,"pdr_ppm":1000000},"rtt":{"samples":136,"min_us":5360,"max_us":21531,"timeouts":0,"txq_last_us":3366,"txq_max_us":4629,"remote_turnaround_us":1111,"remote_turnaround_max_us":1210,"p50_us":[4000,6000],"p99_us":[8000,11000],"hist":[0,0,0,0,109,22,4,0,1,0,0,0,0,0,0,0]}}
1791633032.829 {"t":"link","up_ms":273930,"node":33120,"peer":25344,"mac":"b8:1f:3f:da:63:00","state":"alive","epoch":243,"espnow_ver":2,"mtu":1446,"misses":0,"rssi":-21,"tx":{"frames":938,"cb_ok":935,"cb_fail":3,"enqueue_err":0,"pdr_ppm":996801},"rx":{"frames":3674,"lost_seqgap":2,"reorder_dup":0,"dropped_bad":0,"hb_lost":8,"bcast_frames":2678,"pdr_ppm":999455},"rtt":{"samples":134,"min_us":5859,"max_us":146505,"timeouts":1,"txq_last_us":21061,"txq_max_us":21061,"remote_turnaround_us":1006,"remote_turnaround_max_us":141513,"p50_us":[4000,6000],"p99_us":[30000,42000],"hist":[0,0,0,0,87,34,8,0,0,2,2,0,0,0,1,0]}}
1791633032.829 {"t":"auth","node":33120,"up_ms":273985,"enrolled":1,"required":1,"verified_peers":2,"verified":3,"cache_hits":273,"refused":0,"rate_limited":0,"stale_epoch":0,"verify_us_max":84076,"link_stack_free_b":1524,"crypto_stack_free_b":1220,"tags_ok":1816,"bad_tag":0,"replayed":0,"untagged":0,"bcast_dropped":0,"beacon_epoch_ignored":0,"tag_us_max":1026}
1791633032.829 {"t":"act","node":33120,"setpoint":0,"has_value":0,"writes_served":0}
1791633032.829 {"t":"peers","node":33120,"own_period_ms":100,"own_busy":0,"channel":1,"scanning":0,"scans":0,"hops":0,"found":0,"lost_to_found_ms":0,"moves_followed":0,"moves_refused":0,"sweeps":0,"sweep_found":0,"sweeping":0,"search_visits":0,"relay":0,"fwd_u":0,"fwd_b":0,"fwd_h":0,"relay_dup":2814,"list":[{"id":29544,"state":"alive","via_relay":0,"period_ms":100,"misses":6,"busy":1,"rtt_n":136},{"id":25344,"state":"alive","via_relay":0,"period_ms":100,"misses":6,"busy":0,"rtt_n":134}]}
1791633032.829 {"t":"ss","node":33120,"accepted":0,"unsigned":0,"unknown_sender":0,"bad_signature":0,"replayed":0,"rate_limited":0,"verify_us_max":0,"floors":[{"src":25344,"epoch":139,"counter":1}]}
1791633032.829 {"t":"rec","node":33120,"up_ms":274080,"settled":1,"sent":1091,"received":1017,"malformed":0,"views":3,"replies_fenced":0,"actors":[{"key":1245650351,"running":0,"term":0,"owner":25344,"owner_term":7,"assigned":25344,"starts":0,"fenced":0,"released":0}]}
1791633032.829 {"t":"node","up_ms":274095,"node":33120,"epoch":282,"peers_alive":2,"peers_dead":0,"no_radio":0,"free_dram":250307,"largest_block":172032,"rx":{"total":13165,"bad_frame":0,"unknown_peer":12,"wrong_dst":0,"short_payload":0,"unknown_opcode":0,"queue_dropped":50},"tx":{"total":4759,"enqueue_err":0,"done_queue_dropped":0},"membership":{"deaths":1,"revivals":0,"reboots_seen":1,"table_full":0,"events_dropped":0}}
1791633033.160 {"t":"ns","node":33120,"hash":13581963,"owner":33120,"kind":"sampled","unit":100,"class":4,"bound_ms":5000,"quality":"GOOD","age_ms":345,"ts":273790,"updates":26,"value":2}
1791633033.160 {"t":"ns","node":33120,"hash":3142365229,"owner":33120,"kind":"sampled","unit":101,"class":4,"bound_ms":30000,"quality":"GOOD","age_ms":359,"ts":273790,"updates":26,"value":172032}
1791633033.160 {"t":"ns","node":33120,"hash":1245650351,"owner":25344,"kind":"sampled","unit":0,"class":3,"bound_ms":500,"quality":"NO_DATA","age_ms":0,"ts":0,"updates":0,"value":null}
1791633033.160 {"t":"ns","node":33120,"hash":2033492666,"owner":33120,"kind":"sampled","unit":0,"class":3,"bound_ms":0,"quality":"NO_DATA","age_ms":0,"ts":0,"updates":0,"value":null}
1791633033.160 {"t":"ns","node":33120,"hash":2347817554,"owner":33120,"kind":"sampled","unit":100,"class":4,"bound_ms":0,"quality":"GOOD","age_ms":401,"ts":273790,"updates":26,"value":282}
1791633033.160 {"t":"ns","node":33120,"hash":1170356950,"owner":33120,"kind":"sampled","unit":80,"class":4,"bound_ms":30000,"quality":"GOOD","age_ms":415,"ts":273790,"updates":26,"value":273}
1791633033.160 {"t":"ns","node":33120,"hash":3085599597,"owner":33120,"kind":"sampled","unit":0,"class":4,"bound_ms":5000,"quality":"GOOD","age_ms":440,"ts":273790,"updates":26,"value":-21}
1791633033.160 {"t":"ns","node":33120,"hash":2486014333,"owner":33120,"kind":"sampled","unit":101,"class":4,"bound_ms":30000,"quality":"GOOD","age_ms":455,"ts":273789,"updates":26,"value":250307}
1791633043.299 {"t":"clk","node":33120,"up_ms":284259}
1791633043.299 {"t":"led","node":33120,"shows":"green","app":0}
1791633043.299 {"t":"event","at_ms":274423,"node":33120,"kind":"peer_admitted","peer":25344,"slot":1,"a":0,"b":0}
1791633043.299 {"t":"event","at_ms":275367,"node":33120,"kind":"peer_admitted","peer":29544,"slot":0,"a":0,"b":0}
1791633043.299 {"t":"event","at_ms":276423,"node":33120,"kind":"peer_admitted","peer":25344,"slot":1,"a":0,"b":0}
1791633043.299 {"t":"event","at_ms":277367,"node":33120,"kind":"peer_admitted","peer":29544,"slot":0,"a":0,"b":0}
1791633043.299 {"t":"event","at_ms":278423,"node":33120,"kind":"peer_admitted","peer":25344,"slot":1,"a":0,"b":0}
1791633043.299 {"t":"event","at_ms":279393,"node":33120,"kind":"peer_admitted","peer":29544,"slot":0,"a":0,"b":0}
1791633043.299 {"t":"event","at_ms":280423,"node":33120,"kind":"peer_admitted","peer":25344,"slot":1,"a":0,"b":0}
1791633043.299 {"t":"event","at_ms":281367,"node":33120,"kind":"peer_admitted","peer":29544,"slot":0,"a":0,"b":0}
1791633043.299 {"t":"event","at_ms":282423,"node":33120,"kind":"peer_admitted","peer":25344,"slot":1,"a":0,"b":0}
1791633043.299 {"t":"event","at_ms":283367,"node":33120,"kind":"peer_admitted","peer":29544,"slot":0,"a":0,"b":0}
1791633043.299 {"t":"link","up_ms":284343,"node":33120,"peer":29544,"mac":"b8:1f:3f:da:73:68","state":"alive","epoch":170,"espnow_ver":2,"mtu":1446,"misses":0,"rssi":-10,"tx":{"frames":994,"cb_ok":994,"cb_fail":0,"enqueue_err":0,"pdr_ppm":1000000},"rx":{"frames":3953,"lost_seqgap":0,"reorder_dup":0,"dropped_bad":0,"hb_lost":6,"bcast_frames":2817,"pdr_ppm":1000000},"rtt":{"samples":141,"min_us":5360,"max_us":21531,"timeouts":0,"txq_last_us":3366,"txq_max_us":4629,"remote_turnaround_us":819,"remote_turnaround_max_us":1653,"p50_us":[4000,6000],"p99_us":[8000,11000],"hist":[0,0,0,0,113,23,4,0,1,0,0,0,0,0,0,0]}}
1791633043.299 {"t":"link","up_ms":284398,"node":33120,"peer":25344,"mac":"b8:1f:3f:da:63:00","state":"alive","epoch":243,"espnow_ver":2,"mtu":1446,"misses":0,"rssi":-21,"tx":{"frames":975,"cb_ok":971,"cb_fail":3,"enqueue_err":0,"pdr_ppm":996919},"rx":{"frames":3821,"lost_seqgap":2,"reorder_dup":0,"dropped_bad":0,"hb_lost":8,"bcast_frames":2783,"pdr_ppm":999476},"rtt":{"samples":139,"min_us":5859,"max_us":146505,"timeouts":1,"txq_last_us":21061,"txq_max_us":21061,"remote_turnaround_us":1026,"remote_turnaround_max_us":141513,"p50_us":[4000,6000],"p99_us":[30000,42000],"hist":[0,0,0,0,89,37,8,0,0,2,2,0,0,0,1,0]}}
1791633043.299 {"t":"auth","node":33120,"up_ms":284453,"enrolled":1,"required":1,"verified_peers":2,"verified":3,"cache_hits":284,"refused":0,"rate_limited":0,"stale_epoch":0,"verify_us_max":84076,"link_stack_free_b":1524,"crypto_stack_free_b":1220,"tags_ok":1888,"bad_tag":0,"replayed":0,"untagged":0,"bcast_dropped":0,"beacon_epoch_ignored":0,"tag_us_max":1026}
1791633043.299 {"t":"act","node":33120,"setpoint":0,"has_value":0,"writes_served":0}
1791633043.299 {"t":"peers","node":33120,"own_period_ms":100,"own_busy":0,"channel":1,"scanning":0,"scans":0,"hops":0,"found":0,"lost_to_found_ms":0,"moves_followed":0,"moves_refused":0,"sweeps":0,"sweep_found":0,"sweeping":0,"search_visits":0,"relay":0,"fwd_u":0,"fwd_b":0,"fwd_h":0,"relay_dup":2925,"list":[{"id":29544,"state":"alive","via_relay":0,"period_ms":100,"misses":6,"busy":1,"rtt_n":141},{"id":25344,"state":"alive","via_relay":0,"period_ms":100,"misses":6,"busy":0,"rtt_n":139}]}
1791633043.299 {"t":"ss","node":33120,"accepted":0,"unsigned":0,"unknown_sender":0,"bad_signature":0,"replayed":0,"rate_limited":0,"verify_us_max":0,"floors":[{"src":25344,"epoch":139,"counter":1}]}
1791633043.299 {"t":"rec","node":33120,"up_ms":284548,"settled":1,"sent":1133,"received":1059,"malformed":0,"views":3,"replies_fenced":0,"actors":[{"key":1245650351,"running":0,"term":0,"owner":25344,"owner_term":7,"assigned":25344,"starts":0,"fenced":0,"released":0}]}
1791633043.299 {"t":"node","up_ms":284564,"node":33120,"epoch":282,"peers_alive":2,"peers_dead":0,"no_radio":0,"free_dram":250307,"largest_block":172032,"rx":{"total":13680,"bad_frame":0,"unknown_peer":12,"wrong_dst":0,"short_payload":0,"unknown_opcode":0,"queue_dropped":50},"tx":{"total":4943,"enqueue_err":0,"done_queue_dropped":0},"membership":{"deaths":1,"revivals":0,"reboots_seen":1,"table_full":0,"events_dropped":0}}
1791633043.630 {"t":"ns","node":33120,"hash":13581963,"owner":33120,"kind":"sampled","unit":100,"class":4,"bound_ms":5000,"quality":"GOOD","age_ms":342,"ts":284261,"updates":27,"value":2}
1791633043.630 {"t":"ns","node":33120,"hash":3142365229,"owner":33120,"kind":"sampled","unit":101,"class":4,"bound_ms":30000,"quality":"GOOD","age_ms":357,"ts":284261,"updates":27,"value":172032}
1791633043.630 {"t":"ns","node":33120,"hash":1245650351,"owner":25344,"kind":"sampled","unit":0,"class":3,"bound_ms":500,"quality":"NO_DATA","age_ms":0,"ts":0,"updates":0,"value":null}
1791633043.630 {"t":"ns","node":33120,"hash":2033492666,"owner":33120,"kind":"sampled","unit":0,"class":3,"bound_ms":0,"quality":"NO_DATA","age_ms":0,"ts":0,"updates":0,"value":null}
1791633043.630 {"t":"ns","node":33120,"hash":2347817554,"owner":33120,"kind":"sampled","unit":100,"class":4,"bound_ms":0,"quality":"GOOD","age_ms":410,"ts":284261,"updates":27,"value":282}
1791633043.630 {"t":"ns","node":33120,"hash":1170356950,"owner":33120,"kind":"sampled","unit":80,"class":4,"bound_ms":30000,"quality":"GOOD","age_ms":424,"ts":284261,"updates":27,"value":284}
1791633043.630 {"t":"ns","node":33120,"hash":3085599597,"owner":33120,"kind":"sampled","unit":0,"class":4,"bound_ms":5000,"quality":"GOOD","age_ms":438,"ts":284261,"updates":27,"value":-21}
1791633043.630 {"t":"ns","node":33120,"hash":2486014333,"owner":33120,"kind":"sampled","unit":101,"class":4,"bound_ms":30000,"quality":"GOOD","age_ms":452,"ts":284261,"updates":27,"value":250307}
1791633053.767 {"t":"clk","node":33120,"up_ms":294727}
1791633053.767 {"t":"led","node":33120,"shows":"green","app":0}
1791633053.767 {"t":"event","at_ms":284423,"node":33120,"kind":"peer_admitted","peer":25344,"slot":1,"a":0,"b":0}
1791633053.767 {"t":"event","at_ms":285367,"node":33120,"kind":"peer_admitted","peer":29544,"slot":0,"a":0,"b":0}
1791633053.767 {"t":"event","at_ms":286423,"node":33120,"kind":"peer_admitted","peer":25344,"slot":1,"a":0,"b":0}
1791633053.767 {"t":"event","at_ms":287367,"node":33120,"kind":"peer_admitted","peer":29544,"slot":0,"a":0,"b":0}
1791633053.767 {"t":"event","at_ms":288423,"node":33120,"kind":"peer_admitted","peer":25344,"slot":1,"a":0,"b":0}
1791633053.767 {"t":"event","at_ms":289367,"node":33120,"kind":"peer_admitted","peer":29544,"slot":0,"a":0,"b":0}
1791633053.767 {"t":"event","at_ms":290423,"node":33120,"kind":"peer_admitted","peer":25344,"slot":1,"a":0,"b":0}
1791633053.767 {"t":"event","at_ms":291367,"node":33120,"kind":"peer_admitted","peer":29544,"slot":0,"a":0,"b":0}
1791633053.767 {"t":"event","at_ms":292423,"node":33120,"kind":"peer_admitted","peer":25344,"slot":1,"a":0,"b":0}
1791633053.767 {"t":"event","at_ms":293368,"node":33120,"kind":"peer_admitted","peer":29544,"slot":0,"a":0,"b":0}
1791633053.767 {"t":"event","at_ms":294423,"node":33120,"kind":"peer_admitted","peer":25344,"slot":1,"a":0,"b":0}
1791633053.767 {"t":"link","up_ms":294825,"node":33120,"peer":29544,"mac":"b8:1f:3f:da:73:68","state":"alive","epoch":170,"espnow_ver":2,"mtu":1446,"misses":0,"rssi":-10,"tx":{"frames":1031,"cb_ok":1031,"cb_fail":0,"enqueue_err":0,"pdr_ppm":1000000},"rx":{"frames":4100,"lost_seqgap":0,"reorder_dup":0,"dropped_bad":0,"hb_lost":6,"bcast_frames":2922,"pdr_ppm":1000000},"rtt":{"samples":147,"min_us":5360,"max_us":21531,"timeouts":0,"txq_last_us":3366,"txq_max_us":4629,"remote_turnaround_us":852,"remote_turnaround_max_us":1653,"p50_us":[4000,6000],"p99_us":[8000,11000],"hist":[0,0,0,0,117,23,6,0,1,0,0,0,0,0,0,0]}}
1791633053.767 {"t":"link","up_ms":294879,"node":33120,"peer":25344,"mac":"b8:1f:3f:da:63:00","state":"alive","epoch":243,"espnow_ver":2,"mtu":1446,"misses":0,"rssi":-21,"tx":{"frames":1012,"cb_ok":1009,"cb_fail":3,"enqueue_err":0,"pdr_ppm":997035},"rx":{"frames":3965,"lost_seqgap":2,"reorder_dup":0,"dropped_bad":0,"hb_lost":11,"bcast_frames":2885,"pdr_ppm":999495},"rtt":{"samples":144,"min_us":5859,"max_us":146505,"timeouts":1,"txq_last_us":21061,"txq_max_us":21061,"remote_turnaround_us":1010,"remote_turnaround_max_us":141513,"p50_us":[4000,6000],"p99_us":[30000,42000],"hist":[0,0,0,0,94,37,8,0,0,2,2,0,0,0,1,0]}}
1791633053.767 {"t":"auth","node":33120,"up_ms":294933,"enrolled":1,"required":1,"verified_peers":2,"verified":3,"cache_hits":294,"refused":0,"rate_limited":0,"stale_epoch":0,"verify_us_max":84076,"link_stack_free_b":1524,"crypto_stack_free_b":1220,"tags_ok":1961,"bad_tag":0,"replayed":0,"untagged":0,"bcast_dropped":0,"beacon_epoch_ignored":0,"tag_us_max":1026}
1791633053.767 {"t":"act","node":33120,"setpoint":0,"has_value":0,"writes_served":0}
1791633053.767 {"t":"peers","node":33120,"own_period_ms":100,"own_busy":0,"channel":1,"scanning":0,"scans":0,"hops":0,"found":0,"lost_to_found_ms":0,"moves_followed":0,"moves_refused":0,"sweeps":0,"sweep_found":0,"sweeping":0,"search_visits":0,"relay":0,"fwd_u":0,"fwd_b":0,"fwd_h":0,"relay_dup":3032,"list":[{"id":29544,"state":"alive","via_relay":0,"period_ms":100,"misses":6,"busy":1,"rtt_n":147},{"id":25344,"state":"alive","via_relay":0,"period_ms":100,"misses":6,"busy":0,"rtt_n":144}]}
1791633053.767 {"t":"ss","node":33120,"accepted":0,"unsigned":0,"unknown_sender":0,"bad_signature":0,"replayed":0,"rate_limited":0,"verify_us_max":0,"floors":[{"src":25344,"epoch":139,"counter":1}]}
1791633053.767 {"t":"rec","node":33120,"up_ms":295028,"settled":1,"sent":1175,"received":1101,"malformed":0,"views":3,"replies_fenced":0,"actors":[{"key":1245650351,"running":0,"term":0,"owner":25344,"owner_term":7,"assigned":25344,"starts":0,"fenced":0,"released":0}]}
1791633054.101 {"t":"node","up_ms":295043,"node":33120,"epoch":282,"peers_alive":2,"peers_dead":0,"no_radio":0,"free_dram":250307,"largest_block":172032,"rx":{"total":14184,"bad_frame":0,"unknown_peer":12,"wrong_dst":0,"short_payload":0,"unknown_opcode":0,"queue_dropped":50},"tx":{"total":5125,"enqueue_err":0,"done_queue_dropped":0},"membership":{"deaths":1,"revivals":0,"reboots_seen":1,"table_full":0,"events_dropped":0}}
1791633054.101 {"t":"ns","node":33120,"hash":13581963,"owner":33120,"kind":"sampled","unit":100,"class":4,"bound_ms":5000,"quality":"GOOD","age_ms":354,"ts":294729,"updates":28,"value":2}
1791633054.101 {"t":"ns","node":33120,"hash":3142365229,"owner":33120,"kind":"sampled","unit":101,"class":4,"bound_ms":30000,"quality":"GOOD","age_ms":370,"ts":294728,"updates":28,"value":172032}
1791633054.101 {"t":"ns","node":33120,"hash":1245650351,"owner":25344,"kind":"sampled","unit":0,"class":3,"bound_ms":500,"quality":"NO_DATA","age_ms":0,"ts":0,"updates":0,"value":null}
1791633054.101 {"t":"ns","node":33120,"hash":2033492666,"owner":33120,"kind":"sampled","unit":0,"class":3,"bound_ms":0,"quality":"NO_DATA","age_ms":0,"ts":0,"updates":0,"value":null}
1791633054.101 {"t":"ns","node":33120,"hash":2347817554,"owner":33120,"kind":"sampled","unit":100,"class":4,"bound_ms":0,"quality":"GOOD","age_ms":412,"ts":294728,"updates":28,"value":282}
1791633054.101 {"t":"ns","node":33120,"hash":1170356950,"owner":33120,"kind":"sampled","unit":80,"class":4,"bound_ms":30000,"quality":"GOOD","age_ms":426,"ts":294728,"updates":28,"value":294}
1791633054.101 {"t":"ns","node":33120,"hash":3085599597,"owner":33120,"kind":"sampled","unit":0,"class":4,"bound_ms":5000,"quality":"GOOD","age_ms":439,"ts":294729,"updates":28,"value":-21}
1791633054.101 {"t":"ns","node":33120,"hash":2486014333,"owner":33120,"kind":"sampled","unit":101,"class":4,"bound_ms":30000,"quality":"GOOD","age_ms":465,"ts":294728,"updates":28,"value":250307}
1791633064.248 {"t":"clk","node":33120,"up_ms":305208}
1791633064.248 {"t":"led","node":33120,"shows":"green","app":0}
1791633064.248 {"t":"event","at_ms":295367,"node":33120,"kind":"peer_admitted","peer":29544,"slot":0,"a":0,"b":0}
1791633064.248 {"t":"event","at_ms":296423,"node":33120,"kind":"peer_admitted","peer":25344,"slot":1,"a":0,"b":0}
1791633064.248 {"t":"event","at_ms":297367,"node":33120,"kind":"peer_admitted","peer":29544,"slot":0,"a":0,"b":0}
1791633064.248 {"t":"event","at_ms":298423,"node":33120,"kind":"peer_admitted","peer":25344,"slot":1,"a":0,"b":0}
1791633064.248 {"t":"event","at_ms":299367,"node":33120,"kind":"peer_admitted","peer":29544,"slot":0,"a":0,"b":0}
1791633064.248 {"t":"event","at_ms":300423,"node":33120,"kind":"peer_admitted","peer":25344,"slot":1,"a":0,"b":0}
1791633064.248 {"t":"event","at_ms":301367,"node":33120,"kind":"peer_admitted","peer":29544,"slot":0,"a":0,"b":0}
1791633064.248 {"t":"event","at_ms":302423,"node":33120,"kind":"peer_admitted","peer":25344,"slot":1,"a":0,"b":0}
1791633064.248 {"t":"event","at_ms":303367,"node":33120,"kind":"peer_admitted","peer":29544,"slot":0,"a":0,"b":0}
1791633064.248 {"t":"event","at_ms":304423,"node":33120,"kind":"peer_admitted","peer":25344,"slot":1,"a":0,"b":0}
1791633064.248 {"t":"link","up_ms":305293,"node":33120,"peer":29544,"mac":"b8:1f:3f:da:73:68","state":"alive","epoch":170,"espnow_ver":2,"mtu":1446,"misses":0,"rssi":-11,"tx":{"frames":1068,"cb_ok":1068,"cb_fail":0,"enqueue_err":0,"pdr_ppm":1000000},"rx":{"frames":4246,"lost_seqgap":0,"reorder_dup":0,"dropped_bad":0,"hb_lost":6,"bcast_frames":3026,"pdr_ppm":1000000},"rtt":{"samples":152,"min_us":5360,"max_us":21531,"timeouts":0,"txq_last_us":3366,"txq_max_us":4629,"remote_turnaround_us":837,"remote_turnaround_max_us":1653,"p50_us":[4000,6000],"p99_us":[8000,11000],"hist":[0,0,0,0,122,23,6,0,1,0,0,0,0,0,0,0]}}
1791633064.248 {"t":"link","up_ms":305347,"node":33120,"peer":25344,"mac":"b8:1f:3f:da:63:00","state":"alive","epoch":243,"espnow_ver":2,"mtu":1446,"misses":0,"rssi":-21,"tx":{"frames":1048,"cb_ok":1045,"cb_fail":3,"enqueue_err":0,"pdr_ppm":997137},"rx":{"frames":4109,"lost_seqgap":2,"reorder_dup":0,"dropped_bad":0,"hb_lost":12,"bcast_frames":2988,"pdr_ppm":999513},"rtt":{"samples":149,"min_us":5859,"max_us":146505,"timeouts":1,"txq_last_us":21061,"txq_max_us":21061,"remote_turnaround_us":1016,"remote_turnaround_max_us":141513,"p50_us":[4000,6000],"p99_us":[30000,42000],"hist":[0,0,0,0,99,37,8,0,0,2,2,0,0,0,1,0]}}
1791633064.248 {"t":"auth","node":33120,"up_ms":305402,"enrolled":1,"required":1,"verified_peers":2,"verified":3,"cache_hits":305,"refused":0,"rate_limited":0,"stale_epoch":0,"verify_us_max":84076,"link_stack_free_b":1524,"crypto_stack_free_b":1220,"tags_ok":2034,"bad_tag":0,"replayed":0,"untagged":0,"bcast_dropped":0,"beacon_epoch_ignored":0,"tag_us_max":1026}
1791633064.248 {"t":"act","node":33120,"setpoint":0,"has_value":0,"writes_served":0}
1791633064.248 {"t":"peers","node":33120,"own_period_ms":100,"own_busy":0,"channel":1,"scanning":0,"scans":0,"hops":0,"found":0,"lost_to_found_ms":0,"moves_followed":0,"moves_refused":0,"sweeps":0,"sweep_found":0,"sweeping":0,"search_visits":0,"relay":0,"fwd_u":0,"fwd_b":0,"fwd_h":0,"relay_dup":3140,"list":[{"id":29544,"state":"alive","via_relay":0,"period_ms":100,"misses":6,"busy":1,"rtt_n":152},{"id":25344,"state":"alive","via_relay":0,"period_ms":100,"misses":6,"busy":0,"rtt_n":149}]}
1791633064.248 {"t":"ss","node":33120,"accepted":0,"unsigned":0,"unknown_sender":0,"bad_signature":0,"replayed":0,"rate_limited":0,"verify_us_max":0,"floors":[{"src":25344,"epoch":139,"counter":1}]}
1791633064.248 {"t":"rec","node":33120,"up_ms":305497,"settled":1,"sent":1217,"received":1143,"malformed":0,"views":3,"replies_fenced":0,"actors":[{"key":1245650351,"running":0,"term":0,"owner":25344,"owner_term":7,"assigned":25344,"starts":0,"fenced":0,"released":0}]}
1791633064.248 {"t":"node","up_ms":305523,"node":33120,"epoch":282,"peers_alive":2,"peers_dead":0,"no_radio":0,"free_dram":250307,"largest_block":172032,"rx":{"total":14696,"bad_frame":0,"unknown_peer":12,"wrong_dst":0,"short_payload":0,"unknown_opcode":0,"queue_dropped":50},"tx":{"total":5309,"enqueue_err":0,"done_queue_dropped":0},"membership":{"deaths":1,"revivals":0,"reboots_seen":1,"table_full":0,"events_dropped":0}}
1791633064.574 {"t":"ns","node":33120,"hash":13581963,"owner":33120,"kind":"sampled","unit":100,"class":4,"bound_ms":5000,"quality":"GOOD","age_ms":342,"ts":305210,"updates":29,"value":2}
1791633064.574 {"t":"ns","node":33120,"hash":3142365229,"owner":33120,"kind":"sampled","unit":101,"class":4,"bound_ms":30000,"quality":"GOOD","age_ms":356,"ts":305210,"updates":29,"value":172032}
1791633064.574 {"t":"ns","node":33120,"hash":1245650351,"owner":25344,"kind":"sampled","unit":0,"class":3,"bound_ms":500,"quality":"NO_DATA","age_ms":0,"ts":0,"updates":0,"value":null}
1791633064.574 {"t":"ns","node":33120,"hash":2033492666,"owner":33120,"kind":"sampled","unit":0,"class":3,"bound_ms":0,"quality":"NO_DATA","age_ms":0,"ts":0,"updates":0,"value":null}
1791633064.574 {"t":"ns","node":33120,"hash":2347817554,"owner":33120,"kind":"sampled","unit":100,"class":4,"bound_ms":0,"quality":"GOOD","age_ms":409,"ts":305210,"updates":29,"value":282}
1791633064.574 {"t":"ns","node":33120,"hash":1170356950,"owner":33120,"kind":"sampled","unit":80,"class":4,"bound_ms":30000,"quality":"GOOD","age_ms":423,"ts":305210,"updates":29,"value":305}
1791633064.574 {"t":"ns","node":33120,"hash":3085599597,"owner":33120,"kind":"sampled","unit":0,"class":4,"bound_ms":5000,"quality":"GOOD","age_ms":439,"ts":305210,"updates":29,"value":-21}
1791633064.574 {"t":"ns","node":33120,"hash":2486014333,"owner":33120,"kind":"sampled","unit":101,"class":4,"bound_ms":30000,"quality":"GOOD","age_ms":454,"ts":305209,"updates":29,"value":250307}
1791633074.717 {"t":"clk","node":33120,"up_ms":315678}
1791633074.717 {"t":"led","node":33120,"shows":"green","app":0}
1791633074.717 {"t":"event","at_ms":305367,"node":33120,"kind":"peer_admitted","peer":29544,"slot":0,"a":0,"b":0}
1791633074.717 {"t":"event","at_ms":306423,"node":33120,"kind":"peer_admitted","peer":25344,"slot":1,"a":0,"b":0}
1791633074.717 {"t":"event","at_ms":307367,"node":33120,"kind":"peer_admitted","peer":29544,"slot":0,"a":0,"b":0}
1791633074.717 {"t":"event","at_ms":308423,"node":33120,"kind":"peer_admitted","peer":25344,"slot":1,"a":0,"b":0}
1791633074.717 {"t":"event","at_ms":309367,"node":33120,"kind":"peer_admitted","peer":29544,"slot":0,"a":0,"b":0}
1791633074.717 {"t":"event","at_ms":310422,"node":33120,"kind":"peer_admitted","peer":25344,"slot":1,"a":0,"b":0}
1791633074.717 {"t":"event","at_ms":311367,"node":33120,"kind":"peer_admitted","peer":29544,"slot":0,"a":0,"b":0}
1791633074.717 {"t":"event","at_ms":312423,"node":33120,"kind":"peer_admitted","peer":25344,"slot":1,"a":0,"b":0}
1791633074.717 {"t":"event","at_ms":313367,"node":33120,"kind":"peer_admitted","peer":29544,"slot":0,"a":0,"b":0}
1791633074.717 {"t":"event","at_ms":314423,"node":33120,"kind":"peer_admitted","peer":25344,"slot":1,"a":0,"b":0}
1791633074.717 {"t":"event","at_ms":315367,"node":33120,"kind":"peer_admitted","peer":29544,"slot":0,"a":0,"b":0}
1791633074.717 {"t":"link","up_ms":315775,"node":33120,"peer":29544,"mac":"b8:1f:3f:da:73:68","state":"alive","epoch":170,"espnow_ver":2,"mtu":1446,"misses":0,"rssi":-10,"tx":{"frames":1105,"cb_ok":1105,"cb_fail":0,"enqueue_err":0,"pdr_ppm":1000000},"rx":{"frames":4393,"lost_seqgap":0,"reorder_dup":0,"dropped_bad":0,"hb_lost":6,"bcast_frames":3131,"pdr_ppm":1000000},"rtt":{"samples":157,"min_us":5360,"max_us":21531,"timeouts":0,"txq_last_us":3366,"txq_max_us":4629,"remote_turnaround_us":966,"remote_turnaround_max_us":1653,"p50_us":[4000,6000],"p99_us":[8000,11000],"hist":[0,0,0,0,126,24,6,0,1,0,0,0,0,0,0,0]}}
1791633074.717 {"t":"link","up_ms":315830,"node":33120,"peer":25344,"mac":"b8:1f:3f:da:63:00","state":"alive","epoch":243,"espnow_ver":2,"mtu":1446,"misses":0,"rssi":-21,"tx":{"frames":1085,"cb_ok":1082,"cb_fail":3,"enqueue_err":0,"pdr_ppm":997235},"rx":{"frames":4257,"lost_seqgap":2,"reorder_dup":0,"dropped_bad":0,"hb_lost":12,"bcast_frames":3093,"pdr_ppm":999530},"rtt":{"samples":155,"min_us":5859,"max_us":146505,"timeouts":1,"txq_last_us":21061,"txq_max_us":21061,"remote_turnaround_us":1018,"remote_turnaround_max_us":141513,"p50_us":[4000,6000],"p99_us":[30000,42000],"hist":[0,0,0,0,103,39,8,0,0,2,2,0,0,0,1,0]}}
1791633074.717 {"t":"auth","node":33120,"up_ms":315885,"enrolled":1,"required":1,"verified_peers":2,"verified":3,"cache_hits":315,"refused":0,"rate_limited":0,"stale_epoch":0,"verify_us_max":84076,"link_stack_free_b":1524,"crypto_stack_free_b":1220,"tags_ok":2109,"bad_tag":0,"replayed":0,"untagged":0,"bcast_dropped":0,"beacon_epoch_ignored":0,"tag_us_max":1026}
1791633074.717 {"t":"act","node":33120,"setpoint":0,"has_value":0,"writes_served":0}
1791633074.717 {"t":"peers","node":33120,"own_period_ms":100,"own_busy":0,"channel":1,"scanning":0,"scans":0,"hops":0,"found":0,"lost_to_found_ms":0,"moves_followed":0,"moves_refused":0,"sweeps":0,"sweep_found":0,"sweeping":0,"search_visits":0,"relay":0,"fwd_u":0,"fwd_b":0,"fwd_h":0,"relay_dup":3250,"list":[{"id":29544,"state":"alive","via_relay":0,"period_ms":100,"misses":6,"busy":1,"rtt_n":157},{"id":25344,"state":"alive","via_relay":0,"period_ms":100,"misses":6,"busy":0,"rtt_n":155}]}
1791633074.717 {"t":"ss","node":33120,"accepted":0,"unsigned":0,"unknown_sender":0,"bad_signature":0,"replayed":0,"rate_limited":0,"verify_us_max":0,"floors":[{"src":25344,"epoch":139,"counter":1}]}
1791633074.717 {"t":"rec","node":33120,"up_ms":315969,"settled":1,"sent":1259,"received":1185,"malformed":0,"views":3,"replies_fenced":0,"actors":[{"key":1245650351,"running":0,"term":0,"owner":25344,"owner_term":7,"assigned":25344,"starts":0,"fenced":0,"released":0}]}
1791633075.058 {"t":"node","up_ms":315996,"node":33120,"epoch":282,"peers_alive":2,"peers_dead":0,"no_radio":0,"free_dram":250307,"largest_block":172032,"rx":{"total":15211,"bad_frame":0,"unknown_peer":12,"wrong_dst":0,"short_payload":0,"unknown_opcode":0,"queue_dropped":50},"tx":{"total":5493,"enqueue_err":0,"done_queue_dropped":0},"membership":{"deaths":1,"revivals":0,"reboots_seen":1,"table_full":0,"events_dropped":0}}
1791633075.058 {"t":"ns","node":33120,"hash":13581963,"owner":33120,"kind":"sampled","unit":100,"class":4,"bound_ms":5000,"quality":"GOOD","age_ms":356,"ts":315680,"updates":30,"value":2}
1791633075.058 {"t":"ns","node":33120,"hash":3142365229,"owner":33120,"kind":"sampled","unit":101,"class":4,"bound_ms":30000,"quality":"GOOD","age_ms":371,"ts":315679,"updates":30,"value":172032}
1791633075.058 {"t":"ns","node":33120,"hash":1245650351,"owner":25344,"kind":"sampled","unit":0,"class":3,"bound_ms":500,"quality":"NO_DATA","age_ms":0,"ts":0,"updates":0,"value":null}
1791633075.058 {"t":"ns","node":33120,"hash":2033492666,"owner":33120,"kind":"sampled","unit":0,"class":3,"bound_ms":0,"quality":"NO_DATA","age_ms":0,"ts":0,"updates":0,"value":null}
1791633075.058 {"t":"ns","node":33120,"hash":2347817554,"owner":33120,"kind":"sampled","unit":100,"class":4,"bound_ms":0,"quality":"GOOD","age_ms":412,"ts":315680,"updates":30,"value":282}
1791633075.058 {"t":"ns","node":33120,"hash":1170356950,"owner":33120,"kind":"sampled","unit":80,"class":4,"bound_ms":30000,"quality":"GOOD","age_ms":427,"ts":315679,"updates":30,"value":315}
1791633075.058 {"t":"ns","node":33120,"hash":3085599597,"owner":33120,"kind":"sampled","unit":0,"class":4,"bound_ms":5000,"quality":"GOOD","age_ms":440,"ts":315680,"updates":30,"value":-21}
1791633075.058 {"t":"ns","node":33120,"hash":2486014333,"owner":33120,"kind":"sampled","unit":101,"class":4,"bound_ms":30000,"quality":"GOOD","age_ms":456,"ts":315679,"updates":30,"value":250307}
1791633085.189 {"t":"clk","node":33120,"up_ms":326150}
1791633085.189 {"t":"led","node":33120,"shows":"green","app":0}
1791633085.189 {"t":"event","at_ms":316424,"node":33120,"kind":"peer_admitted","peer":25344,"slot":1,"a":0,"b":0}
1791633085.189 {"t":"event","at_ms":317368,"node":33120,"kind":"peer_admitted","peer":29544,"slot":0,"a":0,"b":0}
1791633085.189 {"t":"event","at_ms":318423,"node":33120,"kind":"peer_admitted","peer":25344,"slot":1,"a":0,"b":0}
1791633085.189 {"t":"event","at_ms":319367,"node":33120,"kind":"peer_admitted","peer":29544,"slot":0,"a":0,"b":0}
1791633085.189 {"t":"event","at_ms":320423,"node":33120,"kind":"peer_admitted","peer":25344,"slot":1,"a":0,"b":0}
1791633085.189 {"t":"event","at_ms":321367,"node":33120,"kind":"peer_admitted","peer":29544,"slot":0,"a":0,"b":0}
1791633085.189 {"t":"event","at_ms":322423,"node":33120,"kind":"peer_admitted","peer":25344,"slot":1,"a":0,"b":0}
1791633085.189 {"t":"event","at_ms":323367,"node":33120,"kind":"peer_admitted","peer":29544,"slot":0,"a":0,"b":0}
1791633085.189 {"t":"event","at_ms":324423,"node":33120,"kind":"peer_admitted","peer":25344,"slot":1,"a":0,"b":0}
1791633085.189 {"t":"event","at_ms":325390,"node":33120,"kind":"peer_admitted","peer":29544,"slot":0,"a":0,"b":0}
1791633085.189 {"t":"link","up_ms":326235,"node":33120,"peer":29544,"mac":"b8:1f:3f:da:73:68","state":"alive","epoch":170,"espnow_ver":2,"mtu":1446,"misses":0,"rssi":-10,"tx":{"frames":1141,"cb_ok":1141,"cb_fail":0,"enqueue_err":0,"pdr_ppm":1000000},"rx":{"frames":4540,"lost_seqgap":0,"reorder_dup":0,"dropped_bad":0,"hb_lost":6,"bcast_frames":3236,"pdr_ppm":1000000},"rtt":{"samples":162,"min_us":5360,"max_us":21531,"timeouts":0,"txq_last_us":3366,"txq_max_us":4629,"remote_turnaround_us":843,"remote_turnaround_max_us":1653,"p50_us":[4000,6000],"p99_us":[8000,11000],"hist":[0,0,0,0,129,26,6,0,1,0,0,0,0,0,0,0]}}
1791633085.189 {"t":"link","up_ms":326289,"node":33120,"peer":25344,"mac":"b8:1f:3f:da:63:00","state":"alive","epoch":243,"espnow_ver":2,"mtu":1446,"misses":0,"rssi":-21,"tx":{"frames":1121,"cb_ok":1118,"cb_fail":3,"enqueue_err":0,"pdr_ppm":997323},"rx":{"frames":4401,"lost_seqgap":2,"reorder_dup":0,"dropped_bad":0,"hb_lost":14,"bcast_frames":3196,"pdr_ppm":999545},"rtt":{"samples":160,"min_us":5859,"max_us":146505,"timeouts":1,"txq_last_us":21061,"txq_max_us":21061,"remote_turnaround_us":1012,"remote_turnaround_max_us":141513,"p50_us":[4000,6000],"p99_us":[30000,42000],"hist":[0,0,0,0,107,40,8,0,0,2,2,0,0,0,1,0]}}
1791633085.189 {"t":"auth","node":33120,"up_ms":326343,"enrolled":1,"required":1,"verified_peers":2,"verified":3,"cache_hits":325,"refused":0,"rate_limited":0,"stale_epoch":0,"verify_us_max":84076,"link_stack_free_b":1524,"crypto_stack_free_b":1220,"tags_ok":2181,"bad_tag":0,"replayed":0,"untagged":0,"bcast_dropped":0,"beacon_epoch_ignored":0,"tag_us_max":1026}
1791633085.189 {"t":"act","node":33120,"setpoint":0,"has_value":0,"writes_served":0}
1791633085.189 {"t":"peers","node":33120,"own_period_ms":100,"own_busy":0,"channel":1,"scanning":0,"scans":0,"hops":0,"found":0,"lost_to_found_ms":0,"moves_followed":0,"moves_refused":0,"sweeps":0,"sweep_found":0,"sweeping":0,"search_visits":0,"relay":0,"fwd_u":0,"fwd_b":0,"fwd_h":0,"relay_dup":3358,"list":[{"id":29544,"state":"alive","via_relay":0,"period_ms":100,"misses":6,"busy":1,"rtt_n":162},{"id":25344,"state":"alive","via_relay":0,"period_ms":100,"misses":6,"busy":0,"rtt_n":160}]}
1791633085.189 {"t":"ss","node":33120,"accepted":0,"unsigned":0,"unknown_sender":0,"bad_signature":0,"replayed":0,"rate_limited":0,"verify_us_max":0,"floors":[{"src":25344,"epoch":139,"counter":1}]}
1791633085.189 {"t":"rec","node":33120,"up_ms":326440,"settled":1,"sent":1301,"received":1226,"malformed":0,"views":3,"replies_fenced":0,"actors":[{"key":1245650351,"running":0,"term":0,"owner":25344,"owner_term":7,"assigned":25344,"starts":0,"fenced":0,"released":0}]}
1791633085.189 {"t":"node","up_ms":326455,"node":33120,"epoch":282,"peers_alive":2,"peers_dead":0,"no_radio":0,"free_dram":250307,"largest_block":172032,"rx":{"total":15719,"bad_frame":0,"unknown_peer":12,"wrong_dst":0,"short_payload":0,"unknown_opcode":0,"queue_dropped":50},"tx":{"total":5677,"enqueue_err":0,"done_queue_dropped":0},"membership":{"deaths":1,"revivals":0,"reboots_seen":1,"table_full":0,"events_dropped":0}}
1791633085.517 {"t":"ns","node":33120,"hash":13581963,"owner":33120,"kind":"sampled","unit":100,"class":4,"bound_ms":5000,"quality":"GOOD","age_ms":343,"ts":326152,"updates":31,"value":2}
1791633085.517 {"t":"ns","node":33120,"hash":3142365229,"owner":33120,"kind":"sampled","unit":101,"class":4,"bound_ms":30000,"quality":"GOOD","age_ms":357,"ts":326152,"updates":31,"value":172032}
1791633085.517 {"t":"ns","node":33120,"hash":1245650351,"owner":25344,"kind":"sampled","unit":0,"class":3,"bound_ms":500,"quality":"NO_DATA","age_ms":0,"ts":0,"updates":0,"value":null}
1791633085.517 {"t":"ns","node":33120,"hash":2033492666,"owner":33120,"kind":"sampled","unit":0,"class":3,"bound_ms":0,"quality":"NO_DATA","age_ms":0,"ts":0,"updates":0,"value":null}
1791633085.517 {"t":"ns","node":33120,"hash":2347817554,"owner":33120,"kind":"sampled","unit":100,"class":4,"bound_ms":0,"quality":"GOOD","age_ms":399,"ts":326152,"updates":31,"value":282}
1791633085.517 {"t":"ns","node":33120,"hash":1170356950,"owner":33120,"kind":"sampled","unit":80,"class":4,"bound_ms":30000,"quality":"GOOD","age_ms":425,"ts":326152,"updates":31,"value":326}
1791633085.517 {"t":"ns","node":33120,"hash":3085599597,"owner":33120,"kind":"sampled","unit":0,"class":4,"bound_ms":5000,"quality":"GOOD","age_ms":439,"ts":326152,"updates":31,"value":-21}
1791633085.517 {"t":"ns","node":33120,"hash":2486014333,"owner":33120,"kind":"sampled","unit":101,"class":4,"bound_ms":30000,"quality":"GOOD","age_ms":453,"ts":326152,"updates":31,"value":250307}
1791633095.661 {"t":"clk","node":33120,"up_ms":336619}
1791633095.661 {"t":"led","node":33120,"shows":"green","app":0}
1791633095.661 {"t":"event","at_ms":326423,"node":33120,"kind":"peer_admitted","peer":25344,"slot":1,"a":0,"b":0}
1791633095.661 {"t":"event","at_ms":327367,"node":33120,"kind":"peer_admitted","peer":29544,"slot":0,"a":0,"b":0}
1791633095.661 {"t":"event","at_ms":328423,"node":33120,"kind":"peer_admitted","peer":25344,"slot":1,"a":0,"b":0}
1791633095.661 {"t":"event","at_ms":329367,"node":33120,"kind":"peer_admitted","peer":29544,"slot":0,"a":0,"b":0}
1791633095.661 {"t":"event","at_ms":330424,"node":33120,"kind":"peer_admitted","peer":25344,"slot":1,"a":0,"b":0}
1791633095.661 {"t":"event","at_ms":331367,"node":33120,"kind":"peer_admitted","peer":29544,"slot":0,"a":0,"b":0}
1791633095.661 {"t":"event","at_ms":332422,"node":33120,"kind":"peer_admitted","peer":25344,"slot":1,"a":0,"b":0}
1791633095.661 {"t":"event","at_ms":333367,"node":33120,"kind":"peer_admitted","peer":29544,"slot":0,"a":0,"b":0}
1791633095.661 {"t":"event","at_ms":334423,"node":33120,"kind":"peer_admitted","peer":25344,"slot":1,"a":0,"b":0}
1791633095.661 {"t":"event","at_ms":335367,"node":33120,"kind":"peer_admitted","peer":29544,"slot":0,"a":0,"b":0}
1791633095.661 {"t":"event","at_ms":336422,"node":33120,"kind":"peer_admitted","peer":25344,"slot":1,"a":0,"b":0}
1791633095.661 {"t":"link","up_ms":336718,"node":33120,"peer":29544,"mac":"b8:1f:3f:da:73:68","state":"alive","epoch":170,"espnow_ver":2,"mtu":1446,"misses":0,"rssi":-9,"tx":{"frames":1177,"cb_ok":1177,"cb_fail":0,"enqueue_err":0,"pdr_ppm":1000000},"rx":{"frames":4685,"lost_seqgap":0,"reorder_dup":0,"dropped_bad":0,"hb_lost":6,"bcast_frames":3340,"pdr_ppm":1000000},"rtt":{"samples":167,"min_us":5360,"max_us":21531,"timeouts":0,"txq_last_us":3366,"txq_max_us":4629,"remote_turnaround_us":841,"remote_turnaround_max_us":1653,"p50_us":[4000,6000],"p99_us":[8000,11000],"hist":[0,0,0,0,134,26,6,0,1,0,0,0,0,0,0,0]}}
1791633095.661 {"t":"link","up_ms":336772,"node":33120,"peer":25344,"mac":"b8:1f:3f:da:63:00","state":"alive","epoch":243,"espnow_ver":2,"mtu":1446,"misses":0,"rssi":-21,"tx":{"frames":1158,"cb_ok":1155,"cb_fail":3,"enqueue_err":0,"pdr_ppm":997409},"rx":{"frames":4544,"lost_seqgap":2,"reorder_dup":0,"dropped_bad":0,"hb_lost":17,"bcast_frames":3298,"pdr_ppm":999560},"rtt":{"samples":165,"min_us":5859,"max_us":146505,"timeouts":1,"txq_last_us":21061,"txq_max_us":21061,"remote_turnaround_us":1023,"remote_turnaround_max_us":141513,"p50_us":[4000,6000],"p99_us":[30000,42000],"hist":[0,0,0,0,112,40,8,0,0,2,2,0,0,0,1,0]}}
1791633095.661 {"t":"auth","node":33120,"up_ms":336827,"enrolled":1,"required":1,"verified_peers":2,"verified":3,"cache_hits":336,"refused":0,"rate_limited":0,"stale_epoch":0,"verify_us_max":84076,"link_stack_free_b":1524,"crypto_stack_free_b":1220,"tags_ok":2253,"bad_tag":0,"replayed":0,"untagged":0,"bcast_dropped":0,"beacon_epoch_ignored":0,"tag_us_max":1026}
1791633095.661 {"t":"act","node":33120,"setpoint":0,"has_value":0,"writes_served":0}
1791633095.661 {"t":"peers","node":33120,"own_period_ms":100,"own_busy":0,"channel":1,"scanning":0,"scans":0,"hops":0,"found":0,"lost_to_found_ms":0,"moves_followed":0,"moves_refused":0,"sweeps":0,"sweep_found":0,"sweeping":0,"search_visits":0,"relay":0,"fwd_u":0,"fwd_b":0,"fwd_h":0,"relay_dup":3465,"list":[{"id":29544,"state":"alive","via_relay":0,"period_ms":100,"misses":6,"busy":1,"rtt_n":168},{"id":25344,"state":"alive","via_relay":0,"period_ms":100,"misses":6,"busy":0,"rtt_n":165}]}
1791633095.661 {"t":"ss","node":33120,"accepted":0,"unsigned":0,"unknown_sender":0,"bad_signature":0,"replayed":0,"rate_limited":0,"verify_us_max":0,"floors":[{"src":25344,"epoch":139,"counter":1}]}
1791633095.661 {"t":"rec","node":33120,"up_ms":336911,"settled":1,"sent":1343,"received":1267,"malformed":0,"views":3,"replies_fenced":0,"actors":[{"key":1245650351,"running":0,"term":0,"owner":25344,"owner_term":7,"assigned":25344,"starts":0,"fenced":0,"released":0}]}
1791633096.000 {"t":"node","up_ms":336938,"node":33120,"epoch":282,"peers_alive":2,"peers_dead":0,"no_radio":0,"free_dram":250307,"largest_block":172032,"rx":{"total":16224,"bad_frame":0,"unknown_peer":12,"wrong_dst":0,"short_payload":0,"unknown_opcode":0,"queue_dropped":50},"tx":{"total":5858,"enqueue_err":0,"done_queue_dropped":0},"membership":{"deaths":1,"revivals":0,"reboots_seen":1,"table_full":0,"events_dropped":0}}
1791633096.000 {"t":"ns","node":33120,"hash":13581963,"owner":33120,"kind":"sampled","unit":100,"class":4,"bound_ms":5000,"quality":"GOOD","age_ms":357,"ts":336621,"updates":32,"value":2}
1791633096.000 {"t":"ns","node":33120,"hash":3142365229,"owner":33120,"kind":"sampled","unit":101,"class":4,"bound_ms":30000,"quality":"GOOD","age_ms":372,"ts":336620,"updates":32,"value":172032}
1791633096.000 {"t":"ns","node":33120,"hash":1245650351,"owner":25344,"kind":"sampled","unit":0,"class":3,"bound_ms":500,"quality":"NO_DATA","age_ms":0,"ts":0,"updates":0,"value":null}
1791633096.000 {"t":"ns","node":33120,"hash":2033492666,"owner":33120,"kind":"sampled","unit":0,"class":3,"bound_ms":0,"quality":"NO_DATA","age_ms":0,"ts":0,"updates":0,"value":null}
1791633096.000 {"t":"ns","node":33120,"hash":2347817554,"owner":33120,"kind":"sampled","unit":100,"class":4,"bound_ms":0,"quality":"GOOD","age_ms":413,"ts":336621,"updates":32,"value":282}
1791633096.000 {"t":"ns","node":33120,"hash":1170356950,"owner":33120,"kind":"sampled","unit":80,"class":4,"bound_ms":30000,"quality":"GOOD","age_ms":428,"ts":336620,"updates":32,"value":336}
1791633096.000 {"t":"ns","node":33120,"hash":3085599597,"owner":33120,"kind":"sampled","unit":0,"class":4,"bound_ms":5000,"quality":"GOOD","age_ms":441,"ts":336621,"updates":32,"value":-21}
1791633096.000 {"t":"ns","node":33120,"hash":2486014333,"owner":33120,"kind":"sampled","unit":101,"class":4,"bound_ms":30000,"quality":"GOOD","age_ms":456,"ts":336620,"updates":32,"value":250307}
