1791634958.399 {"t":"clk","node":33120,"up_ms":326011}
1791634958.399 {"t":"led","node":33120,"shows":"green","app":0}
1791634958.399 {"t":"event","at_ms":315967,"node":33120,"kind":"peer_admitted","peer":29544,"slot":0,"a":0,"b":0}
1791634958.399 {"t":"event","at_ms":317025,"node":33120,"kind":"peer_admitted","peer":25344,"slot":1,"a":0,"b":0}
1791634958.399 {"t":"event","at_ms":317968,"node":33120,"kind":"peer_admitted","peer":29544,"slot":0,"a":0,"b":0}
1791634958.399 {"t":"event","at_ms":319025,"node":33120,"kind":"peer_admitted","peer":25344,"slot":1,"a":0,"b":0}
1791634958.399 {"t":"event","at_ms":319967,"node":33120,"kind":"peer_admitted","peer":29544,"slot":0,"a":0,"b":0}
1791634958.399 {"t":"event","at_ms":321025,"node":33120,"kind":"peer_admitted","peer":25344,"slot":1,"a":0,"b":0}
1791634958.399 {"t":"event","at_ms":321967,"node":33120,"kind":"peer_admitted","peer":29544,"slot":0,"a":0,"b":0}
1791634958.399 {"t":"event","at_ms":323025,"node":33120,"kind":"peer_admitted","peer":25344,"slot":1,"a":0,"b":0}
1791634958.399 {"t":"event","at_ms":323967,"node":33120,"kind":"peer_admitted","peer":29544,"slot":0,"a":0,"b":0}
1791634958.399 {"t":"event","at_ms":325025,"node":33120,"kind":"peer_admitted","peer":25344,"slot":1,"a":0,"b":0}
1791634958.399 {"t":"event","at_ms":325967,"node":33120,"kind":"peer_admitted","peer":29544,"slot":0,"a":0,"b":0}
1791634958.399 {"t":"link","up_ms":326110,"node":33120,"peer":29544,"mac":"b8:1f:3f:da:73:68","state":"alive","epoch":170,"espnow_ver":2,"mtu":1446,"misses":0,"rssi":-8,"tx":{"frames":1138,"cb_ok":1137,"cb_fail":0,"enqueue_err":0,"pdr_ppm":1000000},"rx":{"frames":4530,"lost_seqgap":0,"reorder_dup":0,"dropped_bad":0,"hb_lost":14,"bcast_frames":3227,"pdr_ppm":1000000},"rtt":{"samples":162,"min_us":5362,"max_us":40572,"timeouts":0,"txq_last_us":28542,"txq_max_us":28542,"remote_turnaround_us":829,"remote_turnaround_max_us":1689,"p50_us":[4000,6000],"p99_us":[8000,11000],"hist":[0,0,0,0,137,18,6,0,0,0,1,0,0,0,0,0]}}
1791634958.399 {"t":"link","up_ms":326164,"node":33120,"peer":25344,"mac":"b8:1f:3f:da:63:00","state":"alive","epoch":243,"espnow_ver":2,"mtu":1446,"misses":0,"rssi":-20,"tx":{"frames":1083,"cb_ok":1083,"cb_fail":0,"enqueue_err":0,"pdr_ppm":1000000},"rx":{"frames":4478,"lost_seqgap":1,"reorder_dup":0,"dropped_bad":0,"hb_lost":10,"bcast_frames":3232,"pdr_ppm":999776},"rtt":{"samples":162,"min_us":5719,"max_us":10207,"timeouts":0,"txq_last_us":0,"txq_max_us":0,"remote_turnaround_us":967,"remote_turnaround_max_us":1130,"p50_us":[4000,6000],"p99_us":[8000,11000],"hist":[0,0,0,0,127,25,10,0,0,0,0,0,0,0,0,0]}}
1791634958.399 {"t":"auth","node":33120,"up_ms":326218,"enrolled":1,"required":1,"verified_peers":2,"verified":2,"cache_hits":323,"refused":0,"rate_limited":0,"stale_epoch":0,"verify_us_max":83672,"link_stack_free_b":1524,"crypto_stack_free_b":1268,"tags_ok":2224,"bad_tag":0,"replayed":0,"untagged":0,"bcast_dropped":0,"beacon_epoch_ignored":0,"tag_us_max":1210}
1791634958.399 {"t":"act","node":33120,"setpoint":0,"has_value":0,"writes_served":0}
1791634958.399 {"t":"peers","node":33120,"own_period_ms":100,"own_busy":0,"channel":1,"scanning":0,"scans":0,"hops":0,"found":0,"lost_to_found_ms":0,"moves_followed":0,"moves_refused":0,"sweeps":0,"sweep_found":0,"sweeping":0,"search_visits":0,"relay":0,"fwd_u":0,"fwd_b":0,"fwd_h":0,"relay_dup":3387,"list":[{"id":29544,"state":"alive","via_relay":0,"period_ms":100,"misses":6,"busy":1,"rtt_n":162},{"id":25344,"state":"alive","via_relay":0,"period_ms":100,"misses":6,"busy":0,"rtt_n":162}]}
1791634958.399 {"t":"ss","node":33120,"accepted":0,"unsigned":0,"unknown_sender":0,"bad_signature":0,"replayed":0,"rate_limited":0,"verify_us_max":0,"floors":[{"src":25344,"epoch":139,"counter":1}]}
1791634958.399 {"t":"rec","node":33120,"up_ms":326302,"settled":1,"sent":1300,"received":1298,"malformed":0,"views":1,"replies_fenced":0,"actors":[{"key":1245650351,"running":0,"term":0,"owner":25344,"owner_term":7,"assigned":25344,"starts":0,"fenced":0,"released":0}]}
1791634958.739 {"t":"node","up_ms":326328,"node":33120,"epoch":289,"peers_alive":2,"peers_dead":0,"no_radio":0,"free_dram":250307,"largest_block":172032,"rx":{"total":15776,"bad_frame":0,"unknown_peer":12,"wrong_dst":0,"short_payload":0,"unknown_opcode":0,"queue_dropped":51},"tx":{"total":5630,"enqueue_err":0,"done_queue_dropped":0},"membership":{"deaths":0,"revivals":0,"reboots_seen":0,"table_full":0,"events_dropped":0}}
1791634958.739 {"t":"ns","node":33120,"hash":13581963,"owner":33120,"kind":"sampled","unit":100,"class":4,"bound_ms":5000,"quality":"GOOD","age_ms":355,"ts":326013,"updates":31,"value":2}
1791634958.739 {"t":"ns","node":33120,"hash":3142365229,"owner":33120,"kind":"sampled","unit":101,"class":4,"bound_ms":30000,"quality":"GOOD","age_ms":369,"ts":326013,"updates":31,"value":172032}
1791634958.739 {"t":"ns","node":33120,"hash":1245650351,"owner":25344,"kind":"sampled","unit":0,"class":3,"bound_ms":500,"quality":"NO_DATA","age_ms":0,"ts":0,"updates":0,"value":null}
1791634958.739 {"t":"ns","node":33120,"hash":2033492666,"owner":33120,"kind":"sampled","unit":0,"class":3,"bound_ms":0,"quality":"NO_DATA","age_ms":0,"ts":0,"updates":0,"value":null}
1791634958.739 {"t":"ns","node":33120,"hash":2347817554,"owner":33120,"kind":"sampled","unit":100,"class":4,"bound_ms":0,"quality":"GOOD","age_ms":411,"ts":326013,"updates":31,"value":289}
1791634958.739 {"t":"ns","node":33120,"hash":1170356950,"owner":33120,"kind":"sampled","unit":80,"class":4,"bound_ms":30000,"quality":"GOOD","age_ms":425,"ts":326013,"updates":31,"value":326}
1791634958.739 {"t":"ns","node":33120,"hash":3085599597,"owner":33120,"kind":"sampled","unit":0,"class":4,"bound_ms":5000,"quality":"GOOD","age_ms":439,"ts":326013,"updates":31,"value":-19}
1791634958.739 {"t":"ns","node":33120,"hash":2486014333,"owner":33120,"kind":"sampled","unit":101,"class":4,"bound_ms":30000,"quality":"GOOD","age_ms":464,"ts":326013,"updates":31,"value":250307}
1791634968.879 {"t":"clk","node":33120,"up_ms":336491}
1791634968.879 {"t":"led","node":33120,"shows":"green","app":0}
1791634968.879 {"t":"event","at_ms":327025,"node":33120,"kind":"peer_admitted","peer":25344,"slot":1,"a":0,"b":0}
1791634968.879 {"t":"event","at_ms":327967,"node":33120,"kind":"peer_admitted","peer":29544,"slot":0,"a":0,"b":0}
1791634968.879 {"t":"event","at_ms":329027,"node":33120,"kind":"peer_admitted","peer":25344,"slot":1,"a":0,"b":0}
1791634968.879 {"t":"event","at_ms":329967,"node":33120,"kind":"peer_admitted","peer":29544,"slot":0,"a":0,"b":0}
1791634968.879 {"t":"event","at_ms":331027,"node":33120,"kind":"peer_admitted","peer":25344,"slot":1,"a":0,"b":0}
1791634968.879 {"t":"event","at_ms":331968,"node":33120,"kind":"peer_admitted","peer":29544,"slot":0,"a":0,"b":0}
1791634968.879 {"t":"event","at_ms":333026,"node":33120,"kind":"peer_admitted","peer":25344,"slot":1,"a":0,"b":0}
1791634968.879 {"t":"event","at_ms":333968,"node":33120,"kind":"peer_admitted","peer":29544,"slot":0,"a":0,"b":0}
1791634968.879 {"t":"event","at_ms":335026,"node":33120,"kind":"peer_admitted","peer":25344,"slot":1,"a":0,"b":0}
1791634968.879 {"t":"event","at_ms":335976,"node":33120,"kind":"peer_admitted","peer":29544,"slot":0,"a":0,"b":0}
1791634968.879 {"t":"link","up_ms":336576,"node":33120,"peer":29544,"mac":"b8:1f:3f:da:73:68","state":"alive","epoch":170,"espnow_ver":2,"mtu":1446,"misses":0,"rssi":-9,"tx":{"frames":1173,"cb_ok":1173,"cb_fail":0,"enqueue_err":0,"pdr_ppm":1000000},"rx":{"frames":4673,"lost_seqgap":0,"reorder_dup":0,"dropped_bad":0,"hb_lost":16,"bcast_frames":3330,"pdr_ppm":1000000},"rtt":{"samples":167,"min_us":5362,"max_us":40572,"timeouts":0,"txq_last_us":28542,"txq_max_us":28542,"remote_turnaround_us":4624,"remote_turnaround_max_us":4624,"p50_us":[4000,6000],"p99_us":[11000,16000],"hist":[0,0,0,0,138,20,6,2,0,0,1,0,0,0,0,0]}}
1791634968.879 {"t":"link","up_ms":336630,"node":33120,"peer":25344,"mac":"b8:1f:3f:da:63:00","state":"alive","epoch":243,"espnow_ver":2,"mtu":1446,"misses":0,"rssi":-20,"tx":{"frames":1118,"cb_ok":1118,"cb_fail":0,"enqueue_err":0,"pdr_ppm":1000000},"rx":{"frames":4616,"lost_seqgap":1,"reorder_dup":0,"dropped_bad":0,"hb_lost":10,"bcast_frames":3336,"pdr_ppm":999783},"rtt":{"samples":167,"min_us":5719,"max_us":10513,"timeouts":0,"txq_last_us":0,"txq_max_us":0,"remote_turnaround_us":1002,"remote_turnaround_max_us":1215,"p50_us":[4000,6000],"p99_us":[8000,11000],"hist":[0,0,0,0,131,25,11,0,0,0,0,0,0,0,0,0]}}
1791634968.879 {"t":"auth","node":33120,"up_ms":336684,"enrolled":1,"required":1,"verified_peers":2,"verified":2,"cache_hits":333,"refused":0,"rate_limited":0,"stale_epoch":0,"verify_us_max":83672,"link_stack_free_b":1524,"crypto_stack_free_b":1268,"tags_ok":2288,"bad_tag":0,"replayed":0,"untagged":0,"bcast_dropped":0,"beacon_epoch_ignored":0,"tag_us_max":1210}
1791634968.879 {"t":"act","node":33120,"setpoint":0,"has_value":0,"writes_served":0}
1791634968.879 {"t":"peers","node":33120,"own_period_ms":100,"own_busy":0,"channel":1,"scanning":0,"scans":0,"hops":0,"found":0,"lost_to_found_ms":0,"moves_followed":0,"moves_refused":0,"sweeps":0,"sweep_found":0,"sweeping":0,"search_visits":0,"relay":0,"fwd_u":0,"fwd_b":0,"fwd_h":0,"relay_dup":3497,"list":[{"id":29544,"state":"alive","via_relay":0,"period_ms":100,"misses":6,"busy":1,"rtt_n":167},{"id":25344,"state":"alive","via_relay":0,"period_ms":100,"misses":6,"busy":0,"rtt_n":167}]}
1791634968.879 {"t":"ss","node":33120,"accepted":0,"unsigned":0,"unknown_sender":0,"bad_signature":0,"replayed":0,"rate_limited":0,"verify_us_max":0,"floors":[{"src":25344,"epoch":139,"counter":1}]}
1791634968.879 {"t":"rec","node":33120,"up_ms":336779,"settled":1,"sent":1342,"received":1333,"malformed":0,"views":1,"replies_fenced":0,"actors":[{"key":1245650351,"running":0,"term":0,"owner":25344,"owner_term":7,"assigned":25344,"starts":0,"fenced":0,"released":0}]}
1791634968.879 {"t":"node","up_ms":336806,"node":33120,"epoch":289,"peers_alive":2,"peers_dead":0,"no_radio":0,"free_dram":250307,"largest_block":172032,"rx":{"total":16277,"bad_frame":0,"unknown_peer":12,"wrong_dst":0,"short_payload":0,"unknown_opcode":0,"queue_dropped":51},"tx":{"total":5812,"enqueue_err":0,"done_queue_dropped":0},"membership":{"deaths":0,"revivals":0,"reboots_seen":0,"table_full":0,"events_dropped":0}}
1791634969.207 {"t":"ns","node":33120,"hash":13581963,"owner":33120,"kind":"sampled","unit":100,"class":4,"bound_ms":5000,"quality":"GOOD","age_ms":342,"ts":336493,"updates":32,"value":2}
1791634969.207 {"t":"ns","node":33120,"hash":3142365229,"owner":33120,"kind":"sampled","unit":101,"class":4,"bound_ms":30000,"quality":"GOOD","age_ms":357,"ts":336492,"updates":32,"value":172032}
1791634969.207 {"t":"ns","node":33120,"hash":1245650351,"owner":25344,"kind":"sampled","unit":0,"class":3,"bound_ms":500,"quality":"NO_DATA","age_ms":0,"ts":0,"updates":0,"value":null}
1791634969.207 {"t":"ns","node":33120,"hash":2033492666,"owner":33120,"kind":"sampled","unit":0,"class":3,"bound_ms":0,"quality":"NO_DATA","age_ms":0,"ts":0,"updates":0,"value":null}
1791634969.207 {"t":"ns","node":33120,"hash":2347817554,"owner":33120,"kind":"sampled","unit":100,"class":4,"bound_ms":0,"quality":"GOOD","age_ms":410,"ts":336492,"updates":32,"value":289}
1791634969.207 {"t":"ns","node":33120,"hash":1170356950,"owner":33120,"kind":"sampled","unit":80,"class":4,"bound_ms":30000,"quality":"GOOD","age_ms":424,"ts":336492,"updates":32,"value":336}
1791634969.207 {"t":"ns","node":33120,"hash":3085599597,"owner":33120,"kind":"sampled","unit":0,"class":4,"bound_ms":5000,"quality":"GOOD","age_ms":437,"ts":336493,"updates":32,"value":-20}
1791634969.207 {"t":"ns","node":33120,"hash":2486014333,"owner":33120,"kind":"sampled","unit":101,"class":4,"bound_ms":30000,"quality":"GOOD","age_ms":452,"ts":336492,"updates":32,"value":250307}
1791634979.348 {"t":"clk","node":33120,"up_ms":346958}
1791634979.348 {"t":"led","node":33120,"shows":"green","app":0}
1791634979.348 {"t":"event","at_ms":337026,"node":33120,"kind":"peer_admitted","peer":25344,"slot":1,"a":0,"b":0}
1791634979.348 {"t":"event","at_ms":337978,"node":33120,"kind":"peer_admitted","peer":29544,"slot":0,"a":0,"b":0}
1791634979.348 {"t":"event","at_ms":339042,"node":33120,"kind":"peer_admitted","peer":25344,"slot":1,"a":0,"b":0}
1791634979.348 {"t":"event","at_ms":339976,"node":33120,"kind":"peer_admitted","peer":29544,"slot":0,"a":0,"b":0}
1791634979.348 {"t":"event","at_ms":341026,"node":33120,"kind":"peer_admitted","peer":25344,"slot":1,"a":0,"b":0}
1791634979.348 {"t":"event","at_ms":341976,"node":33120,"kind":"peer_admitted","peer":29544,"slot":0,"a":0,"b":0}
1791634979.348 {"t":"event","at_ms":343037,"node":33120,"kind":"peer_admitted","peer":25344,"slot":1,"a":0,"b":0}
1791634979.348 {"t":"event","at_ms":343977,"node":33120,"kind":"peer_admitted","peer":29544,"slot":0,"a":0,"b":0}
1791634979.348 {"t":"event","at_ms":345028,"node":33120,"kind":"peer_admitted","peer":25344,"slot":1,"a":0,"b":0}
1791634979.348 {"t":"event","at_ms":345976,"node":33120,"kind":"peer_admitted","peer":29544,"slot":0,"a":0,"b":0}
1791634979.348 {"t":"event","at_ms":347028,"node":33120,"kind":"peer_admitted","peer":25344,"slot":1,"a":0,"b":0}
1791634979.348 {"t":"link","up_ms":347056,"node":33120,"peer":29544,"mac":"b8:1f:3f:da:73:68","state":"alive","epoch":170,"espnow_ver":2,"mtu":1446,"misses":0,"rssi":-9,"tx":{"frames":1210,"cb_ok":1210,"cb_fail":0,"enqueue_err":0,"pdr_ppm":1000000},"rx":{"frames":4818,"lost_seqgap":0,"reorder_dup":0,"dropped_bad":0,"hb_lost":17,"bcast_frames":3434,"pdr_ppm":1000000},"rtt":{"samples":173,"min_us":5362,"max_us":40572,"timeouts":0,"txq_last_us":28542,"txq_max_us":28542,"remote_turnaround_us":640,"remote_turnaround_max_us":4624,"p50_us":[4000,6000],"p99_us":[11000,16000],"hist":[0,0,0,0,142,22,6,2,0,0,1,0,0,0,0,0]}}
1791634979.348 {"t":"link","up_ms":347111,"node":33120,"peer":25344,"mac":"b8:1f:3f:da:63:00","state":"alive","epoch":243,"espnow_ver":2,"mtu":1446,"misses":0,"rssi":-20,"tx":{"frames":1153,"cb_ok":1153,"cb_fail":0,"enqueue_err":0,"pdr_ppm":1000000},"rx":{"frames":4751,"lost_seqgap":1,"reorder_dup":0,"dropped_bad":0,"hb_lost":13,"bcast_frames":3438,"pdr_ppm":999789},"rtt":{"samples":172,"min_us":5719,"max_us":11141,"timeouts":0,"txq_last_us":0,"txq_max_us":0,"remote_turnaround_us":1049,"remote_turnaround_max_us":1215,"p50_us":[4000,6000],"p99_us":[8000,11000],"hist":[0,0,0,0,134,26,11,1,0,0,0,0,0,0,0,0]}}
1791634979.348 {"t":"auth","node":33120,"up_ms":347166,"enrolled":1,"required":1,"verified_peers":2,"verified":2,"cache_hits":344,"refused":0,"rate_limited":0,"stale_epoch":0,"verify_us_max":83672,"link_stack_free_b":1524,"crypto_stack_free_b":1268,"tags_ok":2352,"bad_tag":0,"replayed":0,"untagged":0,"bcast_dropped":0,"beacon_epoch_ignored":0,"tag_us_max":1210}
1791634979.348 {"t":"act","node":33120,"setpoint":0,"has_value":0,"writes_served":0}
1791634979.348 {"t":"peers","node":33120,"own_period_ms":100,"own_busy":0,"channel":1,"scanning":0,"scans":0,"hops":0,"found":0,"lost_to_found_ms":0,"moves_followed":0,"moves_refused":0,"sweeps":0,"sweep_found":0,"sweeping":0,"search_visits":0,"relay":0,"fwd_u":0,"fwd_b":0,"fwd_h":0,"relay_dup":3605,"list":[{"id":29544,"state":"alive","via_relay":0,"period_ms":100,"misses":6,"busy":1,"rtt_n":173},{"id":25344,"state":"alive","via_relay":0,"period_ms":100,"misses":6,"busy":0,"rtt_n":172}]}
1791634979.348 {"t":"ss","node":33120,"accepted":0,"unsigned":0,"unknown_sender":0,"bad_signature":0,"replayed":0,"rate_limited":0,"verify_us_max":0,"floors":[{"src":25344,"epoch":139,"counter":1}]}
1791634979.348 {"t":"rec","node":33120,"up_ms":347249,"settled":1,"sent":1384,"received":1368,"malformed":0,"views":1,"replies_fenced":0,"actors":[{"key":1245650351,"running":0,"term":0,"owner":25344,"owner_term":7,"assigned":25344,"starts":0,"fenced":0,"released":0}]}
1791634979.675 {"t":"node","up_ms":347276,"node":33120,"epoch":289,"peers_alive":2,"peers_dead":0,"no_radio":0,"free_dram":250307,"largest_block":172032,"rx":{"total":16772,"bad_frame":0,"unknown_peer":12,"wrong_dst":0,"short_payload":0,"unknown_opcode":0,"queue_dropped":51},"tx":{"total":5993,"enqueue_err":0,"done_queue_dropped":0},"membership":{"deaths":0,"revivals":0,"reboots_seen":0,"table_full":0,"events_dropped":0}}
1791634979.675 {"t":"ns","node":33120,"hash":13581963,"owner":33120,"kind":"sampled","unit":100,"class":4,"bound_ms":5000,"quality":"GOOD","age_ms":356,"ts":346960,"updates":33,"value":2}
1791634979.675 {"t":"ns","node":33120,"hash":3142365229,"owner":33120,"kind":"sampled","unit":101,"class":4,"bound_ms":30000,"quality":"GOOD","age_ms":370,"ts":346960,"updates":33,"value":172032}
1791634979.675 {"t":"ns","node":33120,"hash":1245650351,"owner":25344,"kind":"sampled","unit":0,"class":3,"bound_ms":500,"quality":"NO_DATA","age_ms":0,"ts":0,"updates":0,"value":null}
1791634979.675 {"t":"ns","node":33120,"hash":2033492666,"owner":33120,"kind":"sampled","unit":0,"class":3,"bound_ms":0,"quality":"NO_DATA","age_ms":0,"ts":0,"updates":0,"value":null}
1791634979.675 {"t":"ns","node":33120,"hash":2347817554,"owner":33120,"kind":"sampled","unit":100,"class":4,"bound_ms":0,"quality":"GOOD","age_ms":412,"ts":346960,"updates":33,"value":289}
1791634979.675 {"t":"ns","node":33120,"hash":1170356950,"owner":33120,"kind":"sampled","unit":80,"class":4,"bound_ms":30000,"quality":"GOOD","age_ms":426,"ts":346960,"updates":33,"value":346}
1791634979.675 {"t":"ns","node":33120,"hash":3085599597,"owner":33120,"kind":"sampled","unit":0,"class":4,"bound_ms":5000,"quality":"GOOD","age_ms":440,"ts":346960,"updates":33,"value":-20}
1791634979.675 {"t":"ns","node":33120,"hash":2486014333,"owner":33120,"kind":"sampled","unit":101,"class":4,"bound_ms":30000,"quality":"GOOD","age_ms":454,"ts":346960,"updates":33,"value":250103}
1791634989.827 {"t":"clk","node":33120,"up_ms":357440}
1791634989.827 {"t":"led","node":33120,"shows":"green","app":0}
1791634989.827 {"t":"event","at_ms":347976,"node":33120,"kind":"peer_admitted","peer":29544,"slot":0,"a":0,"b":0}
1791634989.827 {"t":"event","at_ms":349028,"node":33120,"kind":"peer_admitted","peer":25344,"slot":1,"a":0,"b":0}
1791634989.827 {"t":"event","at_ms":349976,"node":33120,"kind":"peer_admitted","peer":29544,"slot":0,"a":0,"b":0}
1791634989.827 {"t":"event","at_ms":351028,"node":33120,"kind":"peer_admitted","peer":25344,"slot":1,"a":0,"b":0}
1791634989.827 {"t":"event","at_ms":351976,"node":33120,"kind":"peer_admitted","peer":29544,"slot":0,"a":0,"b":0}
1791634989.827 {"t":"event","at_ms":353028,"node":33120,"kind":"peer_admitted","peer":25344,"slot":1,"a":0,"b":0}
1791634989.827 {"t":"event","at_ms":353976,"node":33120,"kind":"peer_admitted","peer":29544,"slot":0,"a":0,"b":0}
1791634989.827 {"t":"event","at_ms":355028,"node":33120,"kind":"peer_admitted","peer":25344,"slot":1,"a":0,"b":0}
1791634989.827 {"t":"event","at_ms":355976,"node":33120,"kind":"peer_admitted","peer":29544,"slot":0,"a":0,"b":0}
1791634989.827 {"t":"event","at_ms":357028,"node":33120,"kind":"peer_admitted","peer":25344,"slot":1,"a":0,"b":0}
1791634989.827 {"t":"link","up_ms":357525,"node":33120,"peer":29544,"mac":"b8:1f:3f:da:73:68","state":"alive","epoch":170,"espnow_ver":2,"mtu":1446,"misses":0,"rssi":-9,"tx":{"frames":1246,"cb_ok":1246,"cb_fail":0,"enqueue_err":0,"pdr_ppm":1000000},"rx":{"frames":4964,"lost_seqgap":0,"reorder_dup":0,"dropped_bad":0,"hb_lost":17,"bcast_frames":3539,"pdr_ppm":1000000},"rtt":{"samples":178,"min_us":5362,"max_us":40572,"timeouts":0,"txq_last_us":7868,"txq_max_us":28542,"remote_turnaround_us":1047,"remote_turnaround_max_us":5141,"p50_us":[4000,6000],"p99_us":[30000,42000],"hist":[0,0,0,0,146,22,6,2,0,0,2,0,0,0,0,0]}}
1791634989.827 {"t":"link","up_ms":357579,"node":33120,"peer":25344,"mac":"b8:1f:3f:da:63:00","state":"alive","epoch":243,"espnow_ver":2,"mtu":1446,"misses":0,"rssi":-20,"tx":{"frames":1188,"cb_ok":1188,"cb_fail":0,"enqueue_err":0,"pdr_ppm":1000000},"rx":{"frames":4886,"lost_seqgap":1,"reorder_dup":0,"dropped_bad":0,"hb_lost":15,"bcast_frames":3541,"pdr_ppm":999795},"rtt":{"samples":177,"min_us":5719,"max_us":11141,"timeouts":0,"txq_last_us":2793,"txq_max_us":2793,"remote_turnaround_us":990,"remote_turnaround_max_us":1689,"p50_us":[4000,6000],"p99_us":[8000,11000],"hist":[0,0,0,0,136,28,12,1,0,0,0,0,0,0,0,0]}}
1791634989.827 {"t":"auth","node":33120,"up_ms":357633,"enrolled":1,"required":1,"verified_peers":2,"verified":2,"cache_hits":354,"refused":0,"rate_limited":0,"stale_epoch":0,"verify_us_max":83672,"link_stack_free_b":1524,"crypto_stack_free_b":1268,"tags_ok":2414,"bad_tag":0,"replayed":0,"untagged":0,"bcast_dropped":0,"beacon_epoch_ignored":0,"tag_us_max":1210}
1791634989.827 {"t":"act","node":33120,"setpoint":0,"has_value":0,"writes_served":0}
1791634989.827 {"t":"peers","node":33120,"own_period_ms":100,"own_busy":0,"channel":1,"scanning":0,"scans":0,"hops":0,"found":0,"lost_to_found_ms":0,"moves_followed":0,"moves_refused":0,"sweeps":0,"sweep_found":0,"sweeping":0,"search_visits":0,"relay":0,"fwd_u":0,"fwd_b":0,"fwd_h":0,"relay_dup":3713,"list":[{"id":29544,"state":"alive","via_relay":0,"period_ms":100,"misses":6,"busy":1,"rtt_n":178},{"id":25344,"state":"alive","via_relay":0,"period_ms":100,"misses":6,"busy":0,"rtt_n":177}]}
1791634989.827 {"t":"ss","node":33120,"accepted":0,"unsigned":0,"unknown_sender":0,"bad_signature":0,"replayed":0,"rate_limited":0,"verify_us_max":0,"floors":[{"src":25344,"epoch":139,"counter":1}]}
1791634989.827 {"t":"rec","node":33120,"up_ms":357728,"settled":1,"sent":1426,"received":1402,"malformed":0,"views":1,"replies_fenced":0,"actors":[{"key":1245650351,"running":0,"term":0,"owner":25344,"owner_term":7,"assigned":25344,"starts":0,"fenced":0,"released":0}]}
1791634989.827 {"t":"node","up_ms":357755,"node":33120,"epoch":289,"peers_alive":2,"peers_dead":0,"no_radio":0,"free_dram":250307,"largest_block":172032,"rx":{"total":17268,"bad_frame":0,"unknown_peer":12,"wrong_dst":0,"short_payload":0,"unknown_opcode":0,"queue_dropped":51},"tx":{"total":6173,"enqueue_err":0,"done_queue_dropped":0},"membership":{"deaths":0,"revivals":0,"reboots_seen":0,"table_full":0,"events_dropped":0}}
1791634990.157 {"t":"ns","node":33120,"hash":13581963,"owner":33120,"kind":"sampled","unit":100,"class":4,"bound_ms":5000,"quality":"GOOD","age_ms":341,"ts":357442,"updates":34,"value":2}
1791634990.157 {"t":"ns","node":33120,"hash":3142365229,"owner":33120,"kind":"sampled","unit":101,"class":4,"bound_ms":30000,"quality":"GOOD","age_ms":357,"ts":357441,"updates":34,"value":172032}
1791634990.157 {"t":"ns","node":33120,"hash":1245650351,"owner":25344,"kind":"sampled","unit":0,"class":3,"bound_ms":500,"quality":"NO_DATA","age_ms":0,"ts":0,"updates":0,"value":null}
1791634990.157 {"t":"ns","node":33120,"hash":2033492666,"owner":33120,"kind":"sampled","unit":0,"class":3,"bound_ms":0,"quality":"NO_DATA","age_ms":0,"ts":0,"updates":0,"value":null}
1791634990.157 {"t":"ns","node":33120,"hash":2347817554,"owner":33120,"kind":"sampled","unit":100,"class":4,"bound_ms":0,"quality":"GOOD","age_ms":409,"ts":357442,"updates":34,"value":289}
1791634990.157 {"t":"ns","node":33120,"hash":1170356950,"owner":33120,"kind":"sampled","unit":80,"class":4,"bound_ms":30000,"quality":"GOOD","age_ms":424,"ts":357441,"updates":34,"value":357}
1791634990.157 {"t":"ns","node":33120,"hash":3085599597,"owner":33120,"kind":"sampled","unit":0,"class":4,"bound_ms":5000,"quality":"GOOD","age_ms":437,"ts":357442,"updates":34,"value":-20}
1791634990.157 {"t":"ns","node":33120,"hash":2486014333,"owner":33120,"kind":"sampled","unit":101,"class":4,"bound_ms":30000,"quality":"GOOD","age_ms":452,"ts":357441,"updates":34,"value":250307}
1791635000.295 {"t":"clk","node":33120,"up_ms":367908}
1791635000.295 {"t":"led","node":33120,"shows":"green","app":0}
1791635000.295 {"t":"event","at_ms":357979,"node":33120,"kind":"peer_admitted","peer":29544,"slot":0,"a":0,"b":0}
1791635000.295 {"t":"event","at_ms":359028,"node":33120,"kind":"peer_admitted","peer":25344,"slot":1,"a":0,"b":0}
1791635000.295 {"t":"event","at_ms":359978,"node":33120,"kind":"peer_admitted","peer":29544,"slot":0,"a":0,"b":0}
1791635000.295 {"t":"event","at_ms":361028,"node":33120,"kind":"peer_admitted","peer":25344,"slot":1,"a":0,"b":0}
1791635000.295 {"t":"event","at_ms":361976,"node":33120,"kind":"peer_admitted","peer":29544,"slot":0,"a":0,"b":0}
1791635000.295 {"t":"event","at_ms":363029,"node":33120,"kind":"peer_admitted","peer":25344,"slot":1,"a":0,"b":0}
1791635000.295 {"t":"event","at_ms":363976,"node":33120,"kind":"peer_admitted","peer":29544,"slot":0,"a":0,"b":0}
1791635000.295 {"t":"event","at_ms":365028,"node":33120,"kind":"peer_admitted","peer":25344,"slot":1,"a":0,"b":0}
1791635000.295 {"t":"event","at_ms":365976,"node":33120,"kind":"peer_admitted","peer":29544,"slot":0,"a":0,"b":0}
1791635000.295 {"t":"event","at_ms":367033,"node":33120,"kind":"peer_admitted","peer":25344,"slot":1,"a":0,"b":0}
1791635000.295 {"t":"event","at_ms":367977,"node":33120,"kind":"peer_admitted","peer":29544,"slot":0,"a":0,"b":0}
1791635000.295 {"t":"link","up_ms":368006,"node":33120,"peer":29544,"mac":"b8:1f:3f:da:73:68","state":"alive","epoch":170,"espnow_ver":2,"mtu":1446,"misses":0,"rssi":-10,"tx":{"frames":1284,"cb_ok":1284,"cb_fail":0,"enqueue_err":0,"pdr_ppm":1000000},"rx":{"frames":5111,"lost_seqgap":0,"reorder_dup":0,"dropped_bad":0,"hb_lost":17,"bcast_frames":3643,"pdr_ppm":1000000},"rtt":{"samples":183,"min_us":5362,"max_us":40572,"timeouts":0,"txq_last_us":8801,"txq_max_us":28542,"remote_turnaround_us":801,"remote_turnaround_max_us":5902,"p50_us":[4000,6000],"p99_us":[30000,42000],"hist":[0,0,0,0,148,23,6,2,1,0,3,0,0,0,0,0]}}
1791635000.295 {"t":"link","up_ms":368060,"node":33120,"peer":25344,"mac":"b8:1f:3f:da:63:00","state":"alive","epoch":243,"espnow_ver":2,"mtu":1446,"misses":0,"rssi":-20,"tx":{"frames":1223,"cb_ok":1223,"cb_fail":0,"enqueue_err":0,"pdr_ppm":1000000},"rx":{"frames":5024,"lost_seqgap":1,"reorder_dup":0,"dropped_bad":0,"hb_lost":16,"bcast_frames":3645,"pdr_ppm":999800},"rtt":{"samples":183,"min_us":5719,"max_us":11141,"timeouts":0,"txq_last_us":2793,"txq_max_us":2793,"remote_turnaround_us":1176,"remote_turnaround_max_us":1689,"p50_us":[4000,6000],"p99_us":[8000,11000],"hist":[0,0,0,0,138,31,13,1,0,0,0,0,0,0,0,0]}}
1791635000.295 {"t":"auth","node":33120,"up_ms":368114,"enrolled":1,"required":1,"verified_peers":2,"verified":2,"cache_hits":365,"refused":0,"rate_limited":0,"stale_epoch":0,"verify_us_max":83672,"link_stack_free_b":1524,"crypto_stack_free_b":1268,"tags_ok":2481,"bad_tag":0,"replayed":0,"untagged":0,"bcast_dropped":0,"beacon_epoch_ignored":0,"tag_us_max":1210}
1791635000.295 {"t":"act","node":33120,"setpoint":0,"has_value":0,"writes_served":0}
1791635000.295 {"t":"peers","node":33120,"own_period_ms":100,"own_busy":0,"channel":1,"scanning":0,"scans":0,"hops":0,"found":0,"lost_to_found_ms":0,"moves_followed":0,"moves_refused":0,"sweeps":0,"sweep_found":0,"sweeping":0,"search_visits":0,"relay":0,"fwd_u":0,"fwd_b":0,"fwd_h":0,"relay_dup":3819,"list":[{"id":29544,"state":"alive","via_relay":0,"period_ms":100,"misses":6,"busy":1,"rtt_n":183},{"id":25344,"state":"alive","via_relay":0,"period_ms":100,"misses":6,"busy":0,"rtt_n":183}]}
1791635000.295 {"t":"ss","node":33120,"accepted":0,"unsigned":0,"unknown_sender":0,"bad_signature":0,"replayed":0,"rate_limited":0,"verify_us_max":0,"floors":[{"src":25344,"epoch":139,"counter":1}]}
1791635000.295 {"t":"rec","node":33120,"up_ms":368210,"settled":1,"sent":1468,"received":1436,"malformed":0,"views":1,"replies_fenced":0,"actors":[{"key":1245650351,"running":0,"term":0,"owner":25344,"owner_term":7,"assigned":25344,"starts":0,"fenced":0,"released":0}]}
1791635000.631 {"t":"node","up_ms":368225,"node":33120,"epoch":289,"peers_alive":2,"peers_dead":0,"no_radio":0,"free_dram":250307,"largest_block":172032,"rx":{"total":17769,"bad_frame":0,"unknown_peer":12,"wrong_dst":0,"short_payload":0,"unknown_opcode":0,"queue_dropped":51},"tx":{"total":6357,"enqueue_err":0,"done_queue_dropped":0},"membership":{"deaths":0,"revivals":0,"reboots_seen":0,"table_full":0,"events_dropped":0}}
1791635000.631 {"t":"ns","node":33120,"hash":13581963,"owner":33120,"kind":"sampled","unit":100,"class":4,"bound_ms":5000,"quality":"GOOD","age_ms":355,"ts":367910,"updates":35,"value":2}
1791635000.631 {"t":"ns","node":33120,"hash":3142365229,"owner":33120,"kind":"sampled","unit":101,"class":4,"bound_ms":30000,"quality":"GOOD","age_ms":369,"ts":367910,"updates":35,"value":172032}
1791635000.631 {"t":"ns","node":33120,"hash":1245650351,"owner":25344,"kind":"sampled","unit":0,"class":3,"bound_ms":500,"quality":"NO_DATA","age_ms":0,"ts":0,"updates":0,"value":null}
1791635000.631 {"t":"ns","node":33120,"hash":2033492666,"owner":33120,"kind":"sampled","unit":0,"class":3,"bound_ms":0,"quality":"NO_DATA","age_ms":0,"ts":0,"updates":0,"value":null}
1791635000.631 {"t":"ns","node":33120,"hash":2347817554,"owner":33120,"kind":"sampled","unit":100,"class":4,"bound_ms":0,"quality":"GOOD","age_ms":411,"ts":367910,"updates":35,"value":289}
1791635000.631 {"t":"ns","node":33120,"hash":1170356950,"owner":33120,"kind":"sampled","unit":80,"class":4,"bound_ms":30000,"quality":"GOOD","age_ms":425,"ts":367910,"updates":35,"value":367}
1791635000.631 {"t":"ns","node":33120,"hash":3085599597,"owner":33120,"kind":"sampled","unit":0,"class":4,"bound_ms":5000,"quality":"GOOD","age_ms":439,"ts":367910,"updates":35,"value":-20}
1791635000.631 {"t":"ns","node":33120,"hash":2486014333,"owner":33120,"kind":"sampled","unit":101,"class":4,"bound_ms":30000,"quality":"GOOD","age_ms":465,"ts":367909,"updates":35,"value":250307}
1791635010.775 {"t":"clk","node":33120,"up_ms":378388}
1791635010.775 {"t":"led","node":33120,"shows":"green","app":0}
1791635010.775 {"t":"event","at_ms":369028,"node":33120,"kind":"peer_admitted","peer":25344,"slot":1,"a":0,"b":0}
1791635010.775 {"t":"event","at_ms":369976,"node":33120,"kind":"peer_admitted","peer":29544,"slot":0,"a":0,"b":0}
1791635010.775 {"t":"event","at_ms":371041,"node":33120,"kind":"peer_admitted","peer":25344,"slot":1,"a":0,"b":0}
1791635010.775 {"t":"event","at_ms":371976,"node":33120,"kind":"peer_admitted","peer":29544,"slot":0,"a":0,"b":0}
1791635010.775 {"t":"event","at_ms":373032,"node":33120,"kind":"peer_admitted","peer":25344,"slot":1,"a":0,"b":0}
1791635010.775 {"t":"event","at_ms":373976,"node":33120,"kind":"peer_admitted","peer":29544,"slot":0,"a":0,"b":0}
1791635010.775 {"t":"event","at_ms":375038,"node":33120,"kind":"peer_admitted","peer":25344,"slot":1,"a":0,"b":0}
1791635010.775 {"t":"event","at_ms":375976,"node":33120,"kind":"peer_admitted","peer":29544,"slot":0,"a":0,"b":0}
1791635010.775 {"t":"event","at_ms":377029,"node":33120,"kind":"peer_admitted","peer":25344,"slot":1,"a":0,"b":0}
1791635010.775 {"t":"event","at_ms":377977,"node":33120,"kind":"peer_admitted","peer":29544,"slot":0,"a":0,"b":0}
1791635010.775 {"t":"link","up_ms":378474,"node":33120,"peer":29544,"mac":"b8:1f:3f:da:73:68","state":"alive","epoch":170,"espnow_ver":2,"mtu":1446,"misses":0,"rssi":-9,"tx":{"frames":1320,"cb_ok":1320,"cb_fail":0,"enqueue_err":0,"pdr_ppm":1000000},"rx":{"frames":5257,"lost_seqgap":0,"reorder_dup":0,"dropped_bad":0,"hb_lost":17,"bcast_frames":3748,"pdr_ppm":1000000},"rtt":{"samples":188,"min_us":5362,"max_us":40572,"timeouts":0,"txq_last_us":8801,"txq_max_us":28542,"remote_turnaround_us":864,"remote_turnaround_max_us":5902,"p50_us":[4000,6000],"p99_us":[30000,42000],"hist":[0,0,0,0,150,24,7,2,2,0,3,0,0,0,0,0]}}
1791635010.775 {"t":"link","up_ms":378528,"node":33120,"peer":25344,"mac":"b8:1f:3f:da:63:00","state":"alive","epoch":243,"espnow_ver":2,"mtu":1446,"misses":0,"rssi":-20,"tx":{"frames":1258,"cb_ok":1258,"cb_fail":0,"enqueue_err":0,"pdr_ppm":1000000},"rx":{"frames":5161,"lost_seqgap":1,"reorder_dup":0,"dropped_bad":0,"hb_lost":16,"bcast_frames":3749,"pdr_ppm":999806},"rtt":{"samples":188,"min_us":5719,"max_us":12199,"timeouts":0,"txq_last_us":2793,"txq_max_us":2793,"remote_turnaround_us":988,"remote_turnaround_max_us":1689,"p50_us":[4000,6000],"p99_us":[11000,16000],"hist":[0,0,0,0,140,33,13,2,0,0,0,0,0,0,0,0]}}
1791635010.775 {"t":"auth","node":33120,"up_ms":378582,"enrolled":1,"required":1,"verified_peers":2,"verified":2,"cache_hits":375,"refused":0,"rate_limited":0,"stale_epoch":0,"verify_us_max":83672,"link_stack_free_b":1524,"crypto_stack_free_b":1268,"tags_ok":2544,"bad_tag":0,"replayed":0,"untagged":0,"bcast_dropped":0,"beacon_epoch_ignored":0,"tag_us_max":1210}
1791635010.775 {"t":"act","node":33120,"setpoint":0,"has_value":0,"writes_served":0}
1791635010.775 {"t":"peers","node":33120,"own_period_ms":100,"own_busy":0,"channel":1,"scanning":0,"scans":0,"hops":0,"found":0,"lost_to_found_ms":0,"moves_followed":0,"moves_refused":0,"sweeps":0,"sweep_found":0,"sweeping":0,"search_visits":0,"relay":0,"fwd_u":0,"fwd_b":0,"fwd_h":0,"relay_dup":3928,"list":[{"id":29544,"state":"alive","via_relay":0,"period_ms":100,"misses":6,"busy":1,"rtt_n":188},{"id":25344,"state":"alive","via_relay":0,"period_ms":100,"misses":6,"busy":0,"rtt_n":188}]}
1791635010.775 {"t":"ss","node":33120,"accepted":0,"unsigned":0,"unknown_sender":0,"bad_signature":0,"replayed":0,"rate_limited":0,"verify_us_max":0,"floors":[{"src":25344,"epoch":139,"counter":1}]}
1791635010.775 {"t":"rec","node":33120,"up_ms":378677,"settled":1,"sent":1509,"received":1470,"malformed":0,"views":1,"replies_fenced":0,"actors":[{"key":1245650351,"running":0,"term":0,"owner":25344,"owner_term":7,"assigned":25344,"starts":0,"fenced":0,"released":0}]}
1791635010.775 {"t":"node","up_ms":378703,"node":33120,"epoch":289,"peers_alive":2,"peers_dead":0,"no_radio":0,"free_dram":250307,"largest_block":172032,"rx":{"total":18267,"bad_frame":0,"unknown_peer":12,"wrong_dst":0,"short_payload":0,"unknown_opcode":0,"queue_dropped":51},"tx":{"total":6537,"enqueue_err":0,"done_queue_dropped":0},"membership":{"deaths":0,"revivals":0,"reboots_seen":0,"table_full":0,"events_dropped":0}}
1791635011.102 {"t":"ns","node":33120,"hash":13581963,"owner":33120,"kind":"sampled","unit":100,"class":4,"bound_ms":5000,"quality":"GOOD","age_ms":342,"ts":378390,"updates":36,"value":2}
1791635011.102 {"t":"ns","node":33120,"hash":3142365229,"owner":33120,"kind":"sampled","unit":101,"class":4,"bound_ms":30000,"quality":"GOOD","age_ms":357,"ts":378389,"updates":36,"value":172032}
1791635011.102 {"t":"ns","node":33120,"hash":1245650351,"owner":25344,"kind":"sampled","unit":0,"class":3,"bound_ms":500,"quality":"NO_DATA","age_ms":0,"ts":0,"updates":0,"value":null}
1791635011.102 {"t":"ns","node":33120,"hash":2033492666,"owner":33120,"kind":"sampled","unit":0,"class":3,"bound_ms":0,"quality":"NO_DATA","age_ms":0,"ts":0,"updates":0,"value":null}
1791635011.102 {"t":"ns","node":33120,"hash":2347817554,"owner":33120,"kind":"sampled","unit":100,"class":4,"bound_ms":0,"quality":"GOOD","age_ms":411,"ts":378389,"updates":36,"value":289}
1791635011.102 {"t":"ns","node":33120,"hash":1170356950,"owner":33120,"kind":"sampled","unit":80,"class":4,"bound_ms":30000,"quality":"GOOD","age_ms":425,"ts":378389,"updates":36,"value":378}
1791635011.102 {"t":"ns","node":33120,"hash":3085599597,"owner":33120,"kind":"sampled","unit":0,"class":4,"bound_ms":5000,"quality":"GOOD","age_ms":438,"ts":378390,"updates":36,"value":-20}
1791635011.102 {"t":"ns","node":33120,"hash":2486014333,"owner":33120,"kind":"sampled","unit":101,"class":4,"bound_ms":30000,"quality":"GOOD","age_ms":453,"ts":378389,"updates":36,"value":250307}
1791635021.243 {"t":"clk","node":33120,"up_ms":388857}
1791635021.243 {"t":"led","node":33120,"shows":"green","app":0}
1791635021.243 {"t":"event","at_ms":379030,"node":33120,"kind":"peer_admitted","peer":25344,"slot":1,"a":0,"b":0}
1791635021.243 {"t":"event","at_ms":379976,"node":33120,"kind":"peer_admitted","peer":29544,"slot":0,"a":0,"b":0}
1791635021.243 {"t":"event","at_ms":381030,"node":33120,"kind":"peer_admitted","peer":25344,"slot":1,"a":0,"b":0}
1791635021.243 {"t":"event","at_ms":381977,"node":33120,"kind":"peer_admitted","peer":29544,"slot":0,"a":0,"b":0}
1791635021.243 {"t":"event","at_ms":383030,"node":33120,"kind":"peer_admitted","peer":25344,"slot":1,"a":0,"b":0}
1791635021.243 {"t":"event","at_ms":383977,"node":33120,"kind":"peer_admitted","peer":29544,"slot":0,"a":0,"b":0}
1791635021.243 {"t":"event","at_ms":385030,"node":33120,"kind":"peer_admitted","peer":25344,"slot":1,"a":0,"b":0}
1791635021.243 {"t":"event","at_ms":385977,"node":33120,"kind":"peer_admitted","peer":29544,"slot":0,"a":0,"b":0}
1791635021.243 {"t":"event","at_ms":387030,"node":33120,"kind":"peer_admitted","peer":25344,"slot":1,"a":0,"b":0}
1791635021.243 {"t":"event","at_ms":387977,"node":33120,"kind":"peer_admitted","peer":29544,"slot":0,"a":0,"b":0}
1791635021.243 {"t":"link","up_ms":388942,"node":33120,"peer":29544,"mac":"b8:1f:3f:da:73:68","state":"alive","epoch":170,"espnow_ver":2,"mtu":1446,"misses":0,"rssi":-8,"tx":{"frames":1357,"cb_ok":1357,"cb_fail":0,"enqueue_err":0,"pdr_ppm":1000000},"rx":{"frames":5403,"lost_seqgap":0,"reorder_dup":0,"dropped_bad":0,"hb_lost":17,"bcast_frames":3853,"pdr_ppm":1000000},"rtt":{"samples":194,"min_us":5362,"max_us":40572,"timeouts":0,"txq_last_us":2803,"txq_max_us":28542,"remote_turnaround_us":856,"remote_turnaround_max_us":5902,"p50_us":[4000,6000],"p99_us":[30000,42000],"hist":[0,0,0,0,155,24,7,2,3,0,3,0,0,0,0,0]}}
1791635021.243 {"t":"link","up_ms":388996,"node":33120,"peer":25344,"mac":"b8:1f:3f:da:63:00","state":"alive","epoch":243,"espnow_ver":2,"mtu":1446,"misses":0,"rssi":-20,"tx":{"frames":1292,"cb_ok":1292,"cb_fail":0,"enqueue_err":0,"pdr_ppm":1000000},"rx":{"frames":5298,"lost_seqgap":1,"reorder_dup":0,"dropped_bad":0,"hb_lost":16,"bcast_frames":3854,"pdr_ppm":999811},"rtt":{"samples":193,"min_us":5719,"max_us":12199,"timeouts":0,"txq_last_us":2777,"txq_max_us":2793,"remote_turnaround_us":950,"remote_turnaround_max_us":1689,"p50_us":[4000,6000],"p99_us":[11000,16000],"hist":[0,0,0,0,145,33,13,2,0,0,0,0,0,0,0,0]}}
1791635021.243 {"t":"auth","node":33120,"up_ms":389051,"enrolled":1,"required":1,"verified_peers":2,"verified":2,"cache_hits":386,"refused":0,"rate_limited":0,"stale_epoch":0,"verify_us_max":83672,"link_stack_free_b":1524,"crypto_stack_free_b":1268,"tags_ok":2607,"bad_tag":0,"replayed":0,"untagged":0,"bcast_dropped":0,"beacon_epoch_ignored":0,"tag_us_max":1210}
1791635021.243 {"t":"act","node":33120,"setpoint":0,"has_value":0,"writes_served":0}
1791635021.243 {"t":"peers","node":33120,"own_period_ms":100,"own_busy":0,"channel":1,"scanning":0,"scans":0,"hops":0,"found":0,"lost_to_found_ms":0,"moves_followed":0,"moves_refused":0,"sweeps":0,"sweep_found":0,"sweeping":0,"search_visits":0,"relay":0,"fwd_u":0,"fwd_b":0,"fwd_h":0,"relay_dup":4038,"list":[{"id":29544,"state":"alive","via_relay":0,"period_ms":100,"misses":6,"busy":1,"rtt_n":194},{"id":25344,"state":"alive","via_relay":0,"period_ms":100,"misses":6,"busy":0,"rtt_n":193}]}
1791635021.243 {"t":"ss","node":33120,"accepted":0,"unsigned":0,"unknown_sender":0,"bad_signature":0,"replayed":0,"rate_limited":0,"verify_us_max":0,"floors":[{"src":25344,"epoch":139,"counter":1}]}
1791635021.243 {"t":"rec","node":33120,"up_ms":389147,"settled":1,"sent":1551,"received":1505,"malformed":0,"views":1,"replies_fenced":0,"actors":[{"key":1245650351,"running":0,"term":0,"owner":25344,"owner_term":7,"assigned":25344,"starts":0,"fenced":0,"released":0}]}
1791635021.243 {"t":"node","up_ms":389162,"node":33120,"epoch":289,"peers_alive":2,"peers_dead":0,"no_radio":0,"free_dram":250307,"largest_block":172032,"rx":{"total":18771,"bad_frame":0,"unknown_peer":12,"wrong_dst":0,"short_payload":0,"unknown_opcode":0,"queue_dropped":51},"tx":{"total":6719,"enqueue_err":0,"done_queue_dropped":0},"membership":{"deaths":0,"revivals":0,"reboots_seen":0,"table_full":0,"events_dropped":0}}
1791635021.571 {"t":"ns","node":33120,"hash":13581963,"owner":33120,"kind":"sampled","unit":100,"class":4,"bound_ms":5000,"quality":"GOOD","age_ms":343,"ts":388859,"updates":37,"value":2}
1791635021.571 {"t":"ns","node":33120,"hash":3142365229,"owner":33120,"kind":"sampled","unit":101,"class":4,"bound_ms":30000,"quality":"GOOD","age_ms":358,"ts":388859,"updates":37,"value":172032}
1791635021.571 {"t":"ns","node":33120,"hash":1245650351,"owner":25344,"kind":"sampled","unit":0,"class":3,"bound_ms":500,"quality":"NO_DATA","age_ms":0,"ts":0,"updates":0,"value":null}
1791635021.571 {"t":"ns","node":33120,"hash":2033492666,"owner":33120,"kind":"sampled","unit":0,"class":3,"bound_ms":0,"quality":"NO_DATA","age_ms":0,"ts":0,"updates":0,"value":null}
1791635021.571 {"t":"ns","node":33120,"hash":2347817554,"owner":33120,"kind":"sampled","unit":100,"class":4,"bound_ms":0,"quality":"GOOD","age_ms":400,"ts":388859,"updates":37,"value":289}
1791635021.571 {"t":"ns","node":33120,"hash":1170356950,"owner":33120,"kind":"sampled","unit":80,"class":4,"bound_ms":30000,"quality":"GOOD","age_ms":414,"ts":388859,"updates":37,"value":388}
1791635021.571 {"t":"ns","node":33120,"hash":3085599597,"owner":33120,"kind":"sampled","unit":0,"class":4,"bound_ms":5000,"quality":"GOOD","age_ms":439,"ts":388859,"updates":37,"value":-20}
1791635021.571 {"t":"ns","node":33120,"hash":2486014333,"owner":33120,"kind":"sampled","unit":101,"class":4,"bound_ms":30000,"quality":"GOOD","age_ms":453,"ts":388859,"updates":37,"value":250103}
1791635031.717 {"t":"clk","node":33120,"up_ms":399327}
1791635031.717 {"t":"led","node":33120,"shows":"green","app":0}
1791635031.717 {"t":"event","at_ms":389030,"node":33120,"kind":"peer_admitted","peer":25344,"slot":1,"a":0,"b":0}
1791635031.717 {"t":"event","at_ms":389977,"node":33120,"kind":"peer_admitted","peer":29544,"slot":0,"a":0,"b":0}
1791635031.717 {"t":"event","at_ms":391030,"node":33120,"kind":"peer_admitted","peer":25344,"slot":1,"a":0,"b":0}
1791635031.717 {"t":"event","at_ms":391977,"node":33120,"kind":"peer_admitted","peer":29544,"slot":0,"a":0,"b":0}
1791635031.717 {"t":"event","at_ms":393030,"node":33120,"kind":"peer_admitted","peer":25344,"slot":1,"a":0,"b":0}
1791635031.717 {"t":"event","at_ms":393977,"node":33120,"kind":"peer_admitted","peer":29544,"slot":0,"a":0,"b":0}
1791635031.717 {"t":"event","at_ms":395041,"node":33120,"kind":"peer_admitted","peer":25344,"slot":1,"a":0,"b":0}
1791635031.717 {"t":"event","at_ms":395977,"node":33120,"kind":"peer_admitted","peer":29544,"slot":0,"a":0,"b":0}
1791635031.717 {"t":"event","at_ms":397032,"node":33120,"kind":"peer_admitted","peer":25344,"slot":1,"a":0,"b":0}
1791635031.717 {"t":"event","at_ms":397978,"node":33120,"kind":"peer_admitted","peer":29544,"slot":0,"a":0,"b":0}
1791635031.717 {"t":"event","at_ms":399036,"node":33120,"kind":"peer_admitted","peer":25344,"slot":1,"a":0,"b":0}
1791635031.717 {"t":"link","up_ms":399425,"node":33120,"peer":29544,"mac":"b8:1f:3f:da:73:68","state":"alive","epoch":170,"espnow_ver":2,"mtu":1446,"misses":0,"rssi":-9,"tx":{"frames":1393,"cb_ok":1393,"cb_fail":0,"enqueue_err":0,"pdr_ppm":1000000},"rx":{"frames":5549,"lost_seqgap":0,"reorder_dup":0,"dropped_bad":0,"hb_lost":17,"bcast_frames":3958,"pdr_ppm":1000000},"rtt":{"samples":199,"min_us":5362,"max_us":40572,"timeouts":0,"txq_last_us":2803,"txq_max_us":28542,"remote_turnaround_us":857,"remote_turnaround_max_us":5902,"p50_us":[4000,6000],"p99_us":[30000,42000],"hist":[0,0,0,0,156,27,7,3,3,0,3,0,0,0,0,0]}}
1791635031.717 {"t":"link","up_ms":399479,"node":33120,"peer":25344,"mac":"b8:1f:3f:da:63:00","state":"alive","epoch":243,"espnow_ver":2,"mtu":1446,"misses":0,"rssi":-20,"tx":{"frames":1328,"cb_ok":1328,"cb_fail":0,"enqueue_err":0,"pdr_ppm":1000000},"rx":{"frames":5435,"lost_seqgap":1,"reorder_dup":0,"dropped_bad":0,"hb_lost":18,"bcast_frames":3957,"pdr_ppm":999816},"rtt":{"samples":198,"min_us":5719,"max_us":12417,"timeouts":0,"txq_last_us":6013,"txq_max_us":6013,"remote_turnaround_us":1014,"remote_turnaround_max_us":1689,"p50_us":[4000,6000],"p99_us":[11000,16000],"hist":[0,0,0,0,146,35,14,3,0,0,0,0,0,0,0,0]}}
1791635031.717 {"t":"auth","node":33120,"up_ms":399534,"enrolled":1,"required":1,"verified_peers":2,"verified":2,"cache_hits":396,"refused":0,"rate_limited":0,"stale_epoch":0,"verify_us_max":83672,"link_stack_free_b":1524,"crypto_stack_free_b":1268,"tags_ok":2671,"bad_tag":0,"replayed":0,"untagged":0,"bcast_dropped":0,"beacon_epoch_ignored":0,"tag_us_max":1210}
1791635031.717 {"t":"act","node":33120,"setpoint":0,"has_value":0,"writes_served":0}
1791635031.717 {"t":"peers","node":33120,"own_period_ms":100,"own_busy":0,"channel":1,"scanning":0,"scans":0,"hops":0,"found":0,"lost_to_found_ms":0,"moves_followed":0,"moves_refused":0,"sweeps":0,"sweep_found":0,"sweeping":0,"search_visits":0,"relay":0,"fwd_u":0,"fwd_b":0,"fwd_h":0,"relay_dup":4146,"list":[{"id":29544,"state":"alive","via_relay":0,"period_ms":100,"misses":6,"busy":1,"rtt_n":199},{"id":25344,"state":"alive","via_relay":0,"period_ms":100,"misses":6,"busy":0,"rtt_n":198}]}
1791635031.717 {"t":"ss","node":33120,"accepted":0,"unsigned":0,"unknown_sender":0,"bad_signature":0,"replayed":0,"rate_limited":0,"verify_us_max":0,"floors":[{"src":25344,"epoch":139,"counter":1}]}
1791635031.717 {"t":"rec","node":33120,"up_ms":399629,"settled":1,"sent":1593,"received":1539,"malformed":0,"views":1,"replies_fenced":0,"actors":[{"key":1245650351,"running":0,"term":0,"owner":25344,"owner_term":7,"assigned":25344,"starts":0,"fenced":0,"released":0}]}
1791635032.053 {"t":"node","up_ms":399644,"node":33120,"epoch":289,"peers_alive":2,"peers_dead":0,"no_radio":0,"free_dram":250307,"largest_block":172032,"rx":{"total":19265,"bad_frame":0,"unknown_peer":12,"wrong_dst":0,"short_payload":0,"unknown_opcode":0,"queue_dropped":51},"tx":{"total":6899,"enqueue_err":0,"done_queue_dropped":0},"membership":{"deaths":0,"revivals":0,"reboots_seen":0,"table_full":0,"events_dropped":0}}
1791635032.053 {"t":"ns","node":33120,"hash":13581963,"owner":33120,"kind":"sampled","unit":100,"class":4,"bound_ms":5000,"quality":"GOOD","age_ms":355,"ts":399329,"updates":38,"value":2}
1791635032.053 {"t":"ns","node":33120,"hash":3142365229,"owner":33120,"kind":"sampled","unit":101,"class":4,"bound_ms":30000,"quality":"GOOD","age_ms":370,"ts":399328,"updates":38,"value":172032}
1791635032.053 {"t":"ns","node":33120,"hash":1245650351,"owner":25344,"kind":"sampled","unit":0,"class":3,"bound_ms":500,"quality":"NO_DATA","age_ms":0,"ts":0,"updates":0,"value":null}
1791635032.053 {"t":"ns","node":33120,"hash":2033492666,"owner":33120,"kind":"sampled","unit":0,"class":3,"bound_ms":0,"quality":"NO_DATA","age_ms":0,"ts":0,"updates":0,"value":null}
1791635032.053 {"t":"ns","node":33120,"hash":2347817554,"owner":33120,"kind":"sampled","unit":100,"class":4,"bound_ms":0,"quality":"GOOD","age_ms":412,"ts":399328,"updates":38,"value":289}
1791635032.053 {"t":"ns","node":33120,"hash":1170356950,"owner":33120,"kind":"sampled","unit":80,"class":4,"bound_ms":30000,"quality":"GOOD","age_ms":426,"ts":399328,"updates":38,"value":399}
1791635032.053 {"t":"ns","node":33120,"hash":3085599597,"owner":33120,"kind":"sampled","unit":0,"class":4,"bound_ms":5000,"quality":"GOOD","age_ms":439,"ts":399329,"updates":38,"value":-20}
1791635032.053 {"t":"ns","node":33120,"hash":2486014333,"owner":33120,"kind":"sampled","unit":101,"class":4,"bound_ms":30000,"quality":"GOOD","age_ms":465,"ts":399328,"updates":38,"value":250307}
1791635042.193 {"t":"clk","node":33120,"up_ms":409808}
1791635042.193 {"t":"led","node":33120,"shows":"green","app":0}
1791635042.193 {"t":"event","at_ms":399976,"node":33120,"kind":"peer_admitted","peer":29544,"slot":0,"a":0,"b":0}
1791635042.193 {"t":"event","at_ms":401032,"node":33120,"kind":"peer_admitted","peer":25344,"slot":1,"a":0,"b":0}
1791635042.193 {"t":"event","at_ms":401977,"node":33120,"kind":"peer_admitted","peer":29544,"slot":0,"a":0,"b":0}
1791635042.193 {"t":"event","at_ms":403032,"node":33120,"kind":"peer_admitted","peer":25344,"slot":1,"a":0,"b":0}
1791635042.193 {"t":"event","at_ms":403976,"node":33120,"kind":"peer_admitted","peer":29544,"slot":0,"a":0,"b":0}
1791635042.194 {"t":"event","at_ms":405043,"node":33120,"kind":"peer_admitted","peer":25344,"slot":1,"a":0,"b":0}
1791635042.194 {"t":"event","at_ms":405977,"node":33120,"kind":"peer_admitted","peer":29544,"slot":0,"a":0,"b":0}
1791635042.194 {"t":"event","at_ms":407033,"node":33120,"kind":"peer_admitted","peer":25344,"slot":1,"a":0,"b":0}
1791635042.194 {"t":"event","at_ms":407999,"node":33120,"kind":"peer_admitted","peer":29544,"slot":0,"a":0,"b":0}
1791635042.194 {"t":"event","at_ms":409044,"node":33120,"kind":"peer_admitted","peer":25344,"slot":1,"a":0,"b":0}
1791635042.194 {"t":"link","up_ms":409893,"node":33120,"peer":29544,"mac":"b8:1f:3f:da:73:68","state":"alive","epoch":170,"espnow_ver":2,"mtu":1446,"misses":0,"rssi":-10,"tx":{"frames":1429,"cb_ok":1429,"cb_fail":0,"enqueue_err":0,"pdr_ppm":1000000},"rx":{"frames":5693,"lost_seqgap":0,"reorder_dup":0,"dropped_bad":0,"hb_lost":18,"bcast_frames":4061,"pdr_ppm":1000000},"rtt":{"samples":204,"min_us":5362,"max_us":40572,"timeouts":0,"txq_last_us":2764,"txq_max_us":28542,"remote_turnaround_us":1214,"remote_turnaround_max_us":5902,"p50_us":[4000,6000],"p99_us":[30000,42000],"hist":[0,0,0,0,159,28,8,3,3,0,3,0,0,0,0,0]}}
1791635042.194 {"t":"link","up_ms":409946,"node":33120,"peer":25344,"mac":"b8:1f:3f:da:63:00","state":"alive","epoch":243,"espnow_ver":2,"mtu":1446,"misses":0,"rssi":-20,"tx":{"frames":1362,"cb_ok":1362,"cb_fail":0,"enqueue_err":0,"pdr_ppm":1000000},"rx":{"frames":5571,"lost_seqgap":1,"reorder_dup":0,"dropped_bad":0,"hb_lost":19,"bcast_frames":4060,"pdr_ppm":999820},"rtt":{"samples":204,"min_us":5719,"max_us":12417,"timeouts":0,"txq_last_us":6013,"txq_max_us":6013,"remote_turnaround_us":968,"remote_turnaround_max_us":1689,"p50_us":[4000,6000],"p99_us":[11000,16000],"hist":[0,0,0,0,147,38,16,3,0,0,0,0,0,0,0,0]}}
1791635042.194 {"t":"auth","node":33120,"up_ms":410001,"enrolled":1,"required":1,"verified_peers":2,"verified":2,"cache_hits":407,"refused":0,"rate_limited":0,"stale_epoch":0,"verify_us_max":83672,"link_stack_free_b":1524,"crypto_stack_free_b":1268,"tags_ok":2737,"bad_tag":0,"replayed":0,"untagged":0,"bcast_dropped":0,"beacon_epoch_ignored":0,"tag_us_max":1210}
1791635042.194 {"t":"act","node":33120,"setpoint":0,"has_value":0,"writes_served":0}
1791635042.194 {"t":"peers","node":33120,"own_period_ms":100,"own_busy":0,"channel":1,"scanning":0,"scans":0,"hops":0,"found":0,"lost_to_found_ms":0,"moves_followed":0,"moves_refused":0,"sweeps":0,"sweep_found":0,"sweeping":0,"search_visits":0,"relay":0,"fwd_u":0,"fwd_b":0,"fwd_h":0,"relay_dup":4254,"list":[{"id":29544,"state":"alive","via_relay":0,"period_ms":100,"misses":6,"busy":1,"rtt_n":204},{"id":25344,"state":"alive","via_relay":0,"period_ms":100,"misses":6,"busy":0,"rtt_n":204}]}
1791635042.194 {"t":"ss","node":33120,"accepted":0,"unsigned":0,"unknown_sender":0,"bad_signature":0,"replayed":0,"rate_limited":0,"verify_us_max":0,"floors":[{"src":25344,"epoch":139,"counter":1}]}
1791635042.194 {"t":"rec","node":33120,"up_ms":410096,"settled":1,"sent":1635,"received":1574,"malformed":0,"views":1,"replies_fenced":0,"actors":[{"key":1245650351,"running":0,"term":0,"owner":25344,"owner_term":7,"assigned":25344,"starts":0,"fenced":0,"released":0}]}
1791635042.194 {"t":"node","up_ms":410123,"node":33120,"epoch":289,"peers_alive":2,"peers_dead":0,"no_radio":0,"free_dram":250307,"largest_block":172032,"rx":{"total":19771,"bad_frame":0,"unknown_peer":12,"wrong_dst":0,"short_payload":0,"unknown_opcode":0,"queue_dropped":51},"tx":{"total":7083,"enqueue_err":0,"done_queue_dropped":0},"membership":{"deaths":0,"revivals":0,"reboots_seen":0,"table_full":0,"events_dropped":0}}
1791635042.516 {"t":"ns","node":33120,"hash":13581963,"owner":33120,"kind":"sampled","unit":100,"class":4,"bound_ms":5000,"quality":"GOOD","age_ms":341,"ts":409810,"updates":39,"value":2}
1791635042.516 {"t":"ns","node":33120,"hash":3142365229,"owner":33120,"kind":"sampled","unit":101,"class":4,"bound_ms":30000,"quality":"GOOD","age_ms":357,"ts":409809,"updates":39,"value":172032}
1791635042.516 {"t":"ns","node":33120,"hash":1245650351,"owner":25344,"kind":"sampled","unit":0,"class":3,"bound_ms":500,"quality":"NO_DATA","age_ms":0,"ts":0,"updates":0,"value":null}
1791635042.516 {"t":"ns","node":33120,"hash":2033492666,"owner":33120,"kind":"sampled","unit":0,"class":3,"bound_ms":0,"quality":"NO_DATA","age_ms":0,"ts":0,"updates":0,"value":null}
1791635042.516 {"t":"ns","node":33120,"hash":2347817554,"owner":33120,"kind":"sampled","unit":100,"class":4,"bound_ms":0,"quality":"GOOD","age_ms":409,"ts":409809,"updates":39,"value":289}
1791635042.516 {"t":"ns","node":33120,"hash":1170356950,"owner":33120,"kind":"sampled","unit":80,"class":4,"bound_ms":30000,"quality":"GOOD","age_ms":423,"ts":409809,"updates":39,"value":409}
1791635042.516 {"t":"ns","node":33120,"hash":3085599597,"owner":33120,"kind":"sampled","unit":0,"class":4,"bound_ms":5000,"quality":"GOOD","age_ms":436,"ts":409810,"updates":39,"value":-20}
1791635042.516 {"t":"ns","node":33120,"hash":2486014333,"owner":33120,"kind":"sampled","unit":101,"class":4,"bound_ms":30000,"quality":"GOOD","age_ms":452,"ts":409809,"updates":39,"value":250307}
1791635052.660 {"t":"clk","node":33120,"up_ms":420275}
1791635052.660 {"t":"led","node":33120,"shows":"green","app":0}
1791635052.660 {"t":"event","at_ms":410000,"node":33120,"kind":"peer_admitted","peer":29544,"slot":0,"a":0,"b":0}
1791635052.660 {"t":"event","at_ms":411036,"node":33120,"kind":"peer_admitted","peer":25344,"slot":1,"a":0,"b":0}
1791635052.660 {"t":"event","at_ms":411998,"node":33120,"kind":"peer_admitted","peer":29544,"slot":0,"a":0,"b":0}
1791635052.660 {"t":"event","at_ms":413036,"node":33120,"kind":"peer_admitted","peer":25344,"slot":1,"a":0,"b":0}
1791635052.660 {"t":"event","at_ms":413998,"node":33120,"kind":"peer_admitted","peer":29544,"slot":0,"a":0,"b":0}
1791635052.660 {"t":"event","at_ms":415036,"node":33120,"kind":"peer_admitted","peer":25344,"slot":1,"a":0,"b":0}
1791635052.660 {"t":"event","at_ms":415998,"node":33120,"kind":"peer_admitted","peer":29544,"slot":0,"a":0,"b":0}
1791635052.660 {"t":"event","at_ms":417036,"node":33120,"kind":"peer_admitted","peer":25344,"slot":1,"a":0,"b":0}
1791635052.660 {"t":"event","at_ms":417998,"node":33120,"kind":"peer_admitted","peer":29544,"slot":0,"a":0,"b":0}
1791635052.660 {"t":"event","at_ms":419037,"node":33120,"kind":"peer_admitted","peer":25344,"slot":1,"a":0,"b":0}
1791635052.660 {"t":"event","at_ms":419998,"node":33120,"kind":"peer_admitted","peer":29544,"slot":0,"a":0,"b":0}
1791635052.660 {"t":"link","up_ms":420373,"node":33120,"peer":29544,"mac":"b8:1f:3f:da:73:68","state":"alive","epoch":170,"espnow_ver":2,"mtu":1446,"misses":0,"rssi":-9,"tx":{"frames":1467,"cb_ok":1467,"cb_fail":0,"enqueue_err":0,"pdr_ppm":1000000},"rx":{"frames":5841,"lost_seqgap":0,"reorder_dup":0,"dropped_bad":0,"hb_lost":18,"bcast_frames":4166,"pdr_ppm":1000000},"rtt":{"samples":209,"min_us":5362,"max_us":40572,"timeouts":0,"txq_last_us":6044,"txq_max_us":28542,"remote_turnaround_us":23918,"remote_turnaround_max_us":23918,"p50_us":[4000,6000],"p99_us":[30000,42000],"hist":[0,0,0,0,162,28,8,4,3,0,4,0,0,0,0,0]}}
1791635052.660 {"t":"link","up_ms":420427,"node":33120,"peer":25344,"mac":"b8:1f:3f:da:63:00","state":"alive","epoch":243,"espnow_ver":2,"mtu":1446,"misses":0,"rssi":-20,"tx":{"frames":1397,"cb_ok":1397,"cb_fail":0,"enqueue_err":0,"pdr_ppm":1000000},"rx":{"frames":5706,"lost_seqgap":1,"reorder_dup":0,"dropped_bad":0,"hb_lost":22,"bcast_frames":4162,"pdr_ppm":999824},"rtt":{"samples":209,"min_us":5719,"max_us":12417,"timeouts":0,"txq_last_us":6013,"txq_max_us":6013,"remote_turnaround_us":961,"remote_turnaround_max_us":1689,"p50_us":[4000,6000],"p99_us":[11000,16000],"hist":[0,0,0,0,151,39,16,3,0,0,0,0,0,0,0,0]}}
1791635052.660 {"t":"auth","node":33120,"up_ms":420481,"enrolled":1,"required":1,"verified_peers":2,"verified":2,"cache_hits":417,"refused":0,"rate_limited":0,"stale_epoch":0,"verify_us_max":83672,"link_stack_free_b":1524,"crypto_stack_free_b":1268,"tags_ok":2800,"bad_tag":0,"replayed":0,"untagged":0,"bcast_dropped":0,"beacon_epoch_ignored":0,"tag_us_max":1210}
1791635052.660 {"t":"act","node":33120,"setpoint":0,"has_value":0,"writes_served":0}
1791635052.660 {"t":"peers","node":33120,"own_period_ms":100,"own_busy":0,"channel":1,"scanning":0,"scans":0,"hops":0,"found":0,"lost_to_found_ms":0,"moves_followed":0,"moves_refused":0,"sweeps":0,"sweep_found":0,"sweeping":0,"search_visits":0,"relay":0,"fwd_u":0,"fwd_b":0,"fwd_h":0,"relay_dup":4361,"list":[{"id":29544,"state":"alive","via_relay":0,"period_ms":100,"misses":6,"busy":1,"rtt_n":209},{"id":25344,"state":"alive","via_relay":0,"period_ms":100,"misses":6,"busy":0,"rtt_n":209}]}
1791635052.660 {"t":"ss","node":33120,"accepted":0,"unsigned":0,"unknown_sender":0,"bad_signature":0,"replayed":0,"rate_limited":0,"verify_us_max":0,"floors":[{"src":25344,"epoch":139,"counter":1}]}
1791635052.660 {"t":"rec","node":33120,"up_ms":420576,"settled":1,"sent":1677,"received":1607,"malformed":0,"views":1,"replies_fenced":0,"actors":[{"key":1245650351,"running":0,"term":0,"owner":25344,"owner_term":7,"assigned":25344,"starts":0,"fenced":0,"released":0}]}
1791635052.997 {"t":"node","up_ms":420591,"node":33120,"epoch":289,"peers_alive":2,"peers_dead":0,"no_radio":0,"free_dram":250307,"largest_block":172032,"rx":{"total":20266,"bad_frame":0,"unknown_peer":12,"wrong_dst":0,"short_payload":0,"unknown_opcode":0,"queue_dropped":51},"tx":{"total":7264,"enqueue_err":0,"done_queue_dropped":0},"membership":{"deaths":0,"revivals":0,"reboots_seen":0,"table_full":0,"events_dropped":0}}
1791635052.997 {"t":"ns","node":33120,"hash":13581963,"owner":33120,"kind":"sampled","unit":100,"class":4,"bound_ms":5000,"quality":"GOOD","age_ms":354,"ts":420277,"updates":40,"value":2}
1791635052.997 {"t":"ns","node":33120,"hash":3142365229,"owner":33120,"kind":"sampled","unit":101,"class":4,"bound_ms":30000,"quality":"GOOD","age_ms":369,"ts":420276,"updates":40,"value":172032}
1791635052.997 {"t":"ns","node":33120,"hash":1245650351,"owner":25344,"kind":"sampled","unit":0,"class":3,"bound_ms":500,"quality":"NO_DATA","age_ms":0,"ts":0,"updates":0,"value":null}
1791635052.997 {"t":"ns","node":33120,"hash":2033492666,"owner":33120,"kind":"sampled","unit":0,"class":3,"bound_ms":0,"quality":"NO_DATA","age_ms":0,"ts":0,"updates":0,"value":null}
1791635052.997 {"t":"ns","node":33120,"hash":2347817554,"owner":33120,"kind":"sampled","unit":100,"class":4,"bound_ms":0,"quality":"GOOD","age_ms":411,"ts":420277,"updates":40,"value":289}
1791635052.997 {"t":"ns","node":33120,"hash":1170356950,"owner":33120,"kind":"sampled","unit":80,"class":4,"bound_ms":30000,"quality":"GOOD","age_ms":426,"ts":420276,"updates":40,"value":420}
1791635052.997 {"t":"ns","node":33120,"hash":3085599597,"owner":33120,"kind":"sampled","unit":0,"class":4,"bound_ms":5000,"quality":"GOOD","age_ms":439,"ts":420277,"updates":40,"value":-20}
1791635052.997 {"t":"ns","node":33120,"hash":2486014333,"owner":33120,"kind":"sampled","unit":101,"class":4,"bound_ms":30000,"quality":"GOOD","age_ms":465,"ts":420276,"updates":40,"value":250307}
1791635056.309 W (425217) pot.m0: peer 0x7368 declared DEAD after 6 misses (651 ms silent)
1791635058.883 W (427800) pot.m0: peer 0x7368 rebooted, epoch now 171
1791635063.302 {"t":"clk","node":33120,"up_ms":430756}
1791635063.302 {"t":"led","node":33120,"shows":"red","app":0}
1791635063.302 {"t":"event","at_ms":421036,"node":33120,"kind":"peer_admitted","peer":25344,"slot":1,"a":0,"b":0}
1791635063.302 {"t":"event","at_ms":422018,"node":33120,"kind":"peer_admitted","peer":29544,"slot":0,"a":0,"b":0}
1791635063.302 {"t":"event","at_ms":423036,"node":33120,"kind":"peer_admitted","peer":25344,"slot":1,"a":0,"b":0}
1791635063.302 {"t":"event","at_ms":424058,"node":33120,"kind":"peer_dead","peer":29544,"slot":0,"a":6,"b":651}
1791635063.302 {"t":"event","at_ms":424196,"node":33120,"kind":"peer_admitted","peer":25344,"slot":1,"a":0,"b":0}
1791635063.302 {"t":"event","at_ms":424426,"node":33120,"kind":"peer_admitted","peer":25344,"slot":1,"a":0,"b":0}
1791635063.302 {"t":"event","at_ms":424725,"node":33120,"kind":"peer_admitted","peer":25344,"slot":1,"a":0,"b":0}
1791635063.302 {"t":"event","at_ms":425026,"node":33120,"kind":"peer_admitted","peer":25344,"slot":1,"a":0,"b":0}
1791635063.302 {"t":"event","at_ms":425036,"node":33120,"kind":"peer_admitted","peer":25344,"slot":1,"a":0,"b":0}
1791635063.302 {"t":"event","at_ms":425332,"node":33120,"kind":"peer_admitted","peer":25344,"slot":1,"a":0,"b":0}
1791635063.302 {"t":"event","at_ms":425632,"node":33120,"kind":"peer_admitted","peer":25344,"slot":1,"a":0,"b":0}
1791635063.302 {"t":"event","at_ms":425788,"node":33120,"kind":"probe_timeout","peer":29544,"slot":0,"a":1057,"b":0}
1791635063.302 {"t":"event","at_ms":425930,"node":33120,"kind":"peer_admitted","peer":25344,"slot":1,"a":0,"b":0}
1791635063.302 {"t":"event","at_ms":426229,"node":33120,"kind":"peer_admitted","peer":25344,"slot":1,"a":0,"b":0}
1791635063.302 {"t":"event","at_ms":426531,"node":33120,"kind":"peer_admitted","peer":25344,"slot":1,"a":0,"b":0}
1791635063.302 {"t":"event","at_ms":426642,"node":33120,"kind":"peer_rebooted","peer":29544,"slot":0,"a":171,"b":0}
1791635063.302 {"t":"event","at_ms":426644,"node":33120,"kind":"peer_admitted","peer":29544,"slot":0,"a":0,"b":0}
1791635063.302 {"t":"event","at_ms":426646,"node":33120,"kind":"peer_admitted","peer":29544,"slot":0,"a":0,"b":0}
1791635063.302 {"t":"event","at_ms":426648,"node":33120,"kind":"peer_admitted","peer":29544,"slot":0,"a":0,"b":0}
1791635063.302 {"t":"event","at_ms":426825,"node":33120,"kind":"peer_admitted","peer":25344,"slot":1,"a":0,"b":0}
1791635063.302 {"t":"event","at_ms":426833,"node":33120,"kind":"peer_admitted","peer":25344,"slot":1,"a":0,"b":0}
1791635063.302 {"t":"event","at_ms":426871,"node":33120,"kind":"peer_admitted","peer":29544,"slot":0,"a":0,"b":0}
1791635063.302 {"t":"event","at_ms":427048,"node":33120,"kind":"peer_admitted","peer":25344,"slot":1,"a":0,"b":0}
1791635063.302 {"t":"event","at_ms":427098,"node":33120,"kind":"channel_changed","peer":0,"slot":255,"a":1,"b":7}
1791635063.302 {"t":"event","at_ms":427218,"node":33120,"kind":"peer_admitted","peer":25344,"slot":1,"a":0,"b":0}
1791635063.302 {"t":"event","at_ms":427788,"node":33120,"kind":"probe_timeout","peer":29544,"slot":0,"a":1059,"b":0}
1791635063.302 {"t":"event","at_ms":429036,"node":33120,"kind":"peer_admitted","peer":25344,"slot":1,"a":0,"b":0}
1791635063.302 {"t":"event","at_ms":429233,"node":33120,"kind":"peer_admitted","peer":25344,"slot":1,"a":0,"b":0}
1791635063.302 {"t":"event","at_ms":430595,"node":33120,"kind":"peer_admitted","peer":29544,"slot":0,"a":0,"b":0}
1791635063.302 {"t":"event","at_ms":430981,"node":33120,"kind":"peer_admitted","peer":29544,"slot":0,"a":0,"b":0}
1791635063.302 {"t":"event","at_ms":430982,"node":33120,"kind":"peer_admitted","peer":29544,"slot":0,"a":0,"b":0}
1791635063.302 {"t":"event","at_ms":431139,"node":33120,"kind":"peer_admitted","peer":25344,"slot":1,"a":0,"b":0}
1791635063.302 {"t":"event","at_ms":431141,"node":33120,"kind":"peer_admitted","peer":29544,"slot":0,"a":0,"b":0}
1791635063.302 {"t":"link","up_ms":431211,"node":33120,"peer":29544,"mac":"b8:1f:3f:da:73:68","state":"alive","epoch":171,"espnow_ver":2,"mtu":1446,"misses":0,"rssi":-10,"tx":{"frames":1501,"cb_ok":1490,"cb_fail":11,"enqueue_err":0,"pdr_ppm":992671},"rx":{"frames":5911,"lost_seqgap":7,"reorder_dup":0,"dropped_bad":0,"hb_lost":50,"bcast_frames":4206,"pdr_ppm":998817},"rtt":{"samples":213,"min_us":5362,"max_us":40572,"timeouts":2,"txq_last_us":2860,"txq_max_us":28542,"remote_turnaround_us":870,"remote_turnaround_max_us":23918,"p50_us":[4000,6000],"p99_us":[30000,42000],"hist":[0,0,0,0,164,28,9,4,3,1,4,0,0,0,0,0]}}
1791635063.828 {"t":"link","up_ms":431254,"node":33120,"peer":25344,"mac":"b8:1f:3f:da:63:00","state":"alive","epoch":243,"espnow_ver":2,"mtu":1446,"misses":0,"rssi":-20,"tx":{"frames":1451,"cb_ok":1451,"cb_fail":0,"enqueue_err":0,"pdr_ppm":1000000},"rx":{"frames":5875,"lost_seqgap":1,"reorder_dup":0,"dropped_bad":0,"hb_lost":23,"bcast_frames":4270,"pdr_ppm":999829},"rtt":{"samples":214,"min_us":5685,"max_us":12417,"timeouts":0,"txq_last_us":6013,"txq_max_us":6013,"remote_turnaround_us":966,"remote_turnaround_max_us":1689,"p50_us":[4000,6000],"p99_us":[11000,16000],"hist":[0,0,0,0,155,40,16,3,0,0,0,0,0,0,0,0]}}
1791635063.828 {"t":"auth","node":33120,"up_ms":431308,"enrolled":1,"required":1,"verified_peers":2,"verified":8,"cache_hits":439,"refused":0,"rate_limited":0,"stale_epoch":0,"verify_us_max":85042,"link_stack_free_b":1524,"crypto_stack_free_b":1220,"tags_ok":2864,"bad_tag":0,"replayed":0,"untagged":0,"bcast_dropped":0,"beacon_epoch_ignored":0,"tag_us_max":1210}
1791635063.828 {"t":"act","node":33120,"setpoint":0,"has_value":0,"writes_served":0}
1791635063.828 {"t":"peers","node":33120,"own_period_ms":100,"own_busy":0,"channel":1,"scanning":0,"scans":0,"hops":10,"found":0,"lost_to_found_ms":0,"moves_followed":0,"moves_refused":0,"sweeps":1,"sweep_found":0,"sweeping":0,"search_visits":1,"relay":0,"fwd_u":0,"fwd_b":0,"fwd_h":0,"relay_dup":4410,"list":[{"id":29544,"state":"alive","via_relay":0,"period_ms":100,"misses":6,"busy":1,"rtt_n":213},{"id":25344,"state":"alive","via_relay":0,"period_ms":100,"misses":6,"busy":0,"rtt_n":214}]}
1791635063.828 {"t":"ss","node":33120,"accepted":0,"unsigned":0,"unknown_sender":0,"bad_signature":0,"replayed":0,"rate_limited":0,"verify_us_max":0,"floors":[{"src":25344,"epoch":139,"counter":1}]}
1791635063.828 {"t":"rec","node":33120,"up_ms":431403,"settled":1,"sent":1721,"received":1637,"malformed":0,"views":3,"replies_fenced":0,"actors":[{"key":1245650351,"running":0,"term":0,"owner":25344,"owner_term":7,"assigned":25344,"starts":0,"fenced":0,"released":0}]}
1791635063.828 {"t":"node","up_ms":431430,"node":33120,"epoch":289,"peers_alive":2,"peers_dead":0,"no_radio":0,"free_dram":250183,"largest_block":172032,"rx":{"total":20602,"bad_frame":0,"unknown_peer":12,"wrong_dst":0,"short_payload":0,"unknown_opcode":0,"queue_dropped":51},"tx":{"total":7478,"enqueue_err":0,"done_queue_dropped":0},"membership":{"deaths":1,"revivals":0,"reboots_seen":1,"table_full":0,"events_dropped":0}}
1791635063.828 {"t":"ns","node":33120,"hash":13581963,"owner":33120,"kind":"sampled","unit":100,"class":4,"bound_ms":5000,"quality":"GOOD","age_ms":701,"ts":430758,"updates":41,"value":2}
1791635063.828 {"t":"ns","node":33120,"hash":3142365229,"owner":33120,"kind":"sampled","unit":101,"class":4,"bound_ms":30000,"quality":"GOOD","age_ms":716,"ts":430757,"updates":41,"value":172032}
1791635063.828 {"t":"ns","node":33120,"hash":1245650351,"owner":25344,"kind":"sampled","unit":0,"class":3,"bound_ms":500,"quality":"NO_DATA","age_ms":0,"ts":0,"updates":0,"value":null}
1791635063.828 {"t":"ns","node":33120,"hash":2033492666,"owner":33120,"kind":"sampled","unit":0,"class":3,"bound_ms":0,"quality":"NO_DATA","age_ms":0,"ts":0,"updates":0,"value":null}
1791635063.828 {"t":"ns","node":33120,"hash":2347817554,"owner":33120,"kind":"sampled","unit":100,"class":4,"bound_ms":0,"quality":"GOOD","age_ms":769,"ts":430757,"updates":41,"value":289}
1791635063.828 {"t":"ns","node":33120,"hash":1170356950,"owner":33120,"kind":"sampled","unit":80,"class":4,"bound_ms":30000,"quality":"GOOD","age_ms":783,"ts":430757,"updates":41,"value":430}
1791635063.828 {"t":"ns","node":33120,"hash":3085599597,"owner":33120,"kind":"sampled","unit":0,"class":4,"bound_ms":5000,"quality":"GOOD","age_ms":796,"ts":430758,"updates":41,"value":-20}
1791635063.828 {"t":"ns","node":33120,"hash":2486014333,"owner":33120,"kind":"sampled","unit":101,"class":4,"bound_ms":30000,"quality":"GOOD","age_ms":811,"ts":430757,"updates":41,"value":250183}
1791635070.948 I (439869) pot.m0: fw: begin counter 3, 848272 B: ok
1791635073.990 {"t":"clk","node":33120,"up_ms":441583}
1791635073.990 {"t":"led","node":33120,"shows":"green","app":0}
1791635073.990 {"t":"event","at_ms":432566,"node":33120,"kind":"peer_admitted","peer":29544,"slot":0,"a":0,"b":0}
1791635073.990 {"t":"event","at_ms":433036,"node":33120,"kind":"peer_admitted","peer":25344,"slot":1,"a":0,"b":0}
1791635073.990 {"t":"event","at_ms":434565,"node":33120,"kind":"peer_admitted","peer":29544,"slot":0,"a":0,"b":0}
1791635073.990 {"t":"event","at_ms":435037,"node":33120,"kind":"peer_admitted","peer":25344,"slot":1,"a":0,"b":0}
1791635073.990 {"t":"event","at_ms":436581,"node":33120,"kind":"peer_admitted","peer":29544,"slot":0,"a":0,"b":0}
1791635073.990 {"t":"event","at_ms":437036,"node":33120,"kind":"peer_admitted","peer":25344,"slot":1,"a":0,"b":0}
1791635073.990 {"t":"event","at_ms":438580,"node":33120,"kind":"peer_admitted","peer":29544,"slot":0,"a":0,"b":0}
1791635073.990 {"t":"event","at_ms":439036,"node":33120,"kind":"peer_admitted","peer":25344,"slot":1,"a":0,"b":0}
1791635073.990 {"t":"event","at_ms":440580,"node":33120,"kind":"peer_admitted","peer":29544,"slot":0,"a":0,"b":0}
1791635073.990 {"t":"event","at_ms":441036,"node":33120,"kind":"peer_admitted","peer":25344,"slot":1,"a":0,"b":0}
1791635073.990 {"t":"link","up_ms":441668,"node":33120,"peer":29544,"mac":"b8:1f:3f:da:73:68","state":"alive","epoch":171,"espnow_ver":2,"mtu":1446,"misses":0,"rssi":-10,"tx":{"frames":1536,"cb_ok":1525,"cb_fail":11,"enqueue_err":0,"pdr_ppm":992838},"rx":{"frames":6058,"lost_seqgap":7,"reorder_dup":0,"dropped_bad":0,"hb_lost":50,"bcast_frames":4311,"pdr_ppm":998845},"rtt":{"samples":218,"min_us":5362,"max_us":40572,"timeouts":2,"txq_last_us":2798,"txq_max_us":28542,"remote_turnaround_us":842,"remote_turnaround_max_us":23918,"p50_us":[4000,6000],"p99_us":[30000,42000],"hist":[0,0,0,0,168,28,9,4,3,1,5,0,0,0,0,0]}}
1791635073.990 {"t":"link","up_ms":441725,"node":33120,"peer":25344,"mac":"b8:1f:3f:da:63:00","state":"alive","epoch":243,"espnow_ver":2,"mtu":1446,"misses":0,"rssi":-20,"tx":{"frames":1516,"cb_ok":1515,"cb_fail":0,"enqueue_err":0,"pdr_ppm":1000000},"rx":{"frames":6042,"lost_seqgap":1,"reorder_dup":0,"dropped_bad":0,"hb_lost":23,"bcast_frames":4374,"pdr_ppm":999834},"rtt":{"samples":219,"min_us":5685,"max_us":12417,"timeouts":0,"txq_last_us":3742,"txq_max_us":6013,"remote_turnaround_us":1070,"remote_turnaround_max_us":1689,"p50_us":[4000,6000],"p99_us":[11000,16000],"hist":[0,0,0,0,159,41,16,3,0,0,0,0,0,0,0,0]}}
1791635073.990 {"t":"auth","node":33120,"up_ms":441780,"enrolled":1,"required":1,"verified_peers":2,"verified":8,"cache_hits":449,"refused":0,"rate_limited":0,"stale_epoch":0,"verify_us_max":85042,"link_stack_free_b":1524,"crypto_stack_free_b":1220,"tags_ok":2958,"bad_tag":0,"replayed":0,"untagged":0,"bcast_dropped":0,"beacon_epoch_ignored":0,"tag_us_max":2448}
1791635073.990 {"t":"act","node":33120,"setpoint":0,"has_value":0,"writes_served":0}
1791635073.990 {"t":"peers","node":33120,"own_period_ms":100,"own_busy":0,"channel":1,"scanning":0,"scans":0,"hops":10,"found":0,"lost_to_found_ms":0,"moves_followed":0,"moves_refused":0,"sweeps":1,"sweep_found":0,"sweeping":0,"search_visits":1,"relay":0,"fwd_u":0,"fwd_b":0,"fwd_h":0,"relay_dup":4520,"list":[{"id":29544,"state":"alive","via_relay":0,"period_ms":100,"misses":6,"busy":1,"rtt_n":218},{"id":25344,"state":"alive","via_relay":0,"period_ms":100,"misses":6,"busy":0,"rtt_n":220}]}
1791635073.990 {"t":"ss","node":33120,"accepted":0,"unsigned":0,"unknown_sender":0,"bad_signature":0,"replayed":0,"rate_limited":0,"verify_us_max":0,"floors":[{"src":25344,"epoch":139,"counter":1}]}
1791635073.990 {"t":"rec","node":33120,"up_ms":441888,"settled":1,"sent":1762,"received":1672,"malformed":0,"views":3,"replies_fenced":0,"actors":[{"key":1245650351,"running":0,"term":0,"owner":25344,"owner_term":7,"assigned":25344,"starts":0,"fenced":0,"released":0}]}
1791635073.990 {"t":"node","up_ms":441915,"node":33120,"epoch":289,"peers_alive":2,"peers_dead":0,"no_radio":0,"free_dram":250127,"largest_block":172032,"rx":{"total":21142,"bad_frame":0,"unknown_peer":12,"wrong_dst":0,"short_payload":0,"unknown_opcode":0,"queue_dropped":51},"tx":{"total":7691,"enqueue_err":0,"done_queue_dropped":0},"membership":{"deaths":1,"revivals":0,"reboots_seen":1,"table_full":0,"events_dropped":0}}
1791635074.317 {"t":"ns","node":33120,"hash":13581963,"owner":33120,"kind":"sampled","unit":100,"class":4,"bound_ms":5000,"quality":"GOOD","age_ms":370,"ts":441585,"updates":42,"value":2}
1791635074.317 {"t":"ns","node":33120,"hash":3142365229,"owner":33120,"kind":"sampled","unit":101,"class":4,"bound_ms":30000,"quality":"GOOD","age_ms":390,"ts":441584,"updates":42,"value":172032}
1791635074.317 {"t":"ns","node":33120,"hash":1245650351,"owner":25344,"kind":"sampled","unit":0,"class":3,"bound_ms":500,"quality":"NO_DATA","age_ms":0,"ts":0,"updates":0,"value":null}
1791635074.317 {"t":"ns","node":33120,"hash":2033492666,"owner":33120,"kind":"sampled","unit":0,"class":3,"bound_ms":0,"quality":"NO_DATA","age_ms":0,"ts":0,"updates":0,"value":null}
1791635074.317 {"t":"ns","node":33120,"hash":2347817554,"owner":33120,"kind":"sampled","unit":100,"class":4,"bound_ms":0,"quality":"GOOD","age_ms":432,"ts":441584,"updates":42,"value":289}
1791635074.317 {"t":"ns","node":33120,"hash":1170356950,"owner":33120,"kind":"sampled","unit":80,"class":4,"bound_ms":30000,"quality":"GOOD","age_ms":446,"ts":441584,"updates":42,"value":441}
1791635074.317 {"t":"ns","node":33120,"hash":3085599597,"owner":33120,"kind":"sampled","unit":0,"class":4,"bound_ms":5000,"quality":"GOOD","age_ms":459,"ts":441585,"updates":42,"value":-20}
1791635074.317 {"t":"ns","node":33120,"hash":2486014333,"owner":33120,"kind":"sampled","unit":101,"class":4,"bound_ms":30000,"quality":"GOOD","age_ms":475,"ts":441584,"updates":42,"value":250127}
1791635084.491 {"t":"clk","node":33120,"up_ms":452074}
1791635084.491 {"t":"led","node":33120,"shows":"green","app":0}
1791635084.491 {"t":"event","at_ms":442580,"node":33120,"kind":"peer_admitted","peer":29544,"slot":0,"a":0,"b":0}
1791635084.491 {"t":"event","at_ms":443036,"node":33120,"kind":"peer_admitted","peer":25344,"slot":1,"a":0,"b":0}
1791635084.491 {"t":"event","at_ms":444580,"node":33120,"kind":"peer_admitted","peer":29544,"slot":0,"a":0,"b":0}
1791635084.491 {"t":"event","at_ms":445036,"node":33120,"kind":"peer_admitted","peer":25344,"slot":1,"a":0,"b":0}
1791635084.491 {"t":"event","at_ms":446580,"node":33120,"kind":"peer_admitted","peer":29544,"slot":0,"a":0,"b":0}
1791635084.491 {"t":"event","at_ms":447036,"node":33120,"kind":"peer_admitted","peer":25344,"slot":1,"a":0,"b":0}
1791635084.491 {"t":"event","at_ms":448580,"node":33120,"kind":"peer_admitted","peer":29544,"slot":0,"a":0,"b":0}
1791635084.491 {"t":"event","at_ms":449051,"node":33120,"kind":"peer_admitted","peer":25344,"slot":1,"a":0,"b":0}
1791635084.491 {"t":"event","at_ms":450589,"node":33120,"kind":"peer_admitted","peer":29544,"slot":0,"a":0,"b":0}
1791635084.491 {"t":"event","at_ms":451039,"node":33120,"kind":"peer_admitted","peer":25344,"slot":1,"a":0,"b":0}
1791635084.491 {"t":"link","up_ms":452159,"node":33120,"peer":29544,"mac":"b8:1f:3f:da:73:68","state":"alive","epoch":171,"espnow_ver":2,"mtu":1446,"misses":0,"rssi":-10,"tx":{"frames":1572,"cb_ok":1561,"cb_fail":11,"enqueue_err":0,"pdr_ppm":993002},"rx":{"frames":6203,"lost_seqgap":7,"reorder_dup":0,"dropped_bad":0,"hb_lost":52,"bcast_frames":4414,"pdr_ppm":998872},"rtt":{"samples":223,"min_us":5297,"max_us":40572,"timeouts":2,"txq_last_us":3265,"txq_max_us":28542,"remote_turnaround_us":690,"remote_turnaround_max_us":23918,"p50_us":[4000,6000],"p99_us":[30000,42000],"hist":[0,0,0,0,172,29,9,4,3,1,5,0,0,0,0,0]}}
1791635084.491 {"t":"link","up_ms":452215,"node":33120,"peer":25344,"mac":"b8:1f:3f:da:63:00","state":"alive","epoch":243,"espnow_ver":2,"mtu":1446,"misses":0,"rssi":-20,"tx":{"frames":1646,"cb_ok":1645,"cb_fail":0,"enqueue_err":0,"pdr_ppm":1000000},"rx":{"frames":6275,"lost_seqgap":1,"reorder_dup":0,"dropped_bad":0,"hb_lost":24,"bcast_frames":4478,"pdr_ppm":999840},"rtt":{"samples":225,"min_us":5685,"max_us":33232,"timeouts":0,"txq_last_us":3742,"txq_max_us":6013,"remote_turnaround_us":1019,"remote_turnaround_max_us":1689,"p50_us":[4000,6000],"p99_us":[11000,16000],"hist":[0,0,0,0,163,41,17,3,0,0,1,0,0,0,0,0]}}
1791635084.491 {"t":"auth","node":33120,"up_ms":452269,"enrolled":1,"required":1,"verified_peers":2,"verified":8,"cache_hits":459,"refused":0,"rate_limited":0,"stale_epoch":0,"verify_us_max":85042,"link_stack_free_b":1524,"crypto_stack_free_b":1220,"tags_ok":3119,"bad_tag":0,"replayed":0,"untagged":0,"bcast_dropped":0,"beacon_epoch_ignored":0,"tag_us_max":2448}
1791635084.491 {"t":"act","node":33120,"setpoint":0,"has_value":0,"writes_served":0}
1791635084.491 {"t":"peers","node":33120,"own_period_ms":100,"own_busy":0,"channel":1,"scanning":0,"scans":0,"hops":10,"found":0,"lost_to_found_ms":0,"moves_followed":0,"moves_refused":0,"sweeps":1,"sweep_found":0,"sweeping":0,"search_visits":1,"relay":0,"fwd_u":0,"fwd_b":0,"fwd_h":0,"relay_dup":4629,"list":[{"id":29544,"state":"alive","via_relay":0,"period_ms":100,"misses":6,"busy":1,"rtt_n":223},{"id":25344,"state":"alive","via_relay":0,"period_ms":100,"misses":6,"busy":0,"rtt_n":225}]}
1791635084.491 {"t":"ss","node":33120,"accepted":0,"unsigned":0,"unknown_sender":0,"bad_signature":0,"replayed":0,"rate_limited":0,"verify_us_max":0,"floors":[{"src":25344,"epoch":139,"counter":1}]}
1791635084.491 {"t":"rec","node":33120,"up_ms":452367,"settled":1,"sent":1803,"received":1707,"malformed":0,"views":3,"replies_fenced":0,"actors":[{"key":1245650351,"running":0,"term":0,"owner":25344,"owner_term":7,"assigned":25344,"starts":0,"fenced":0,"released":0}]}
1791635084.491 {"t":"node","up_ms":452382,"node":33120,"epoch":289,"peers_alive":2,"peers_dead":0,"no_radio":0,"free_dram":250127,"largest_block":172032,"rx":{"total":21733,"bad_frame":0,"unknown_peer":12,"wrong_dst":0,"short_payload":0,"unknown_opcode":0,"queue_dropped":51},"tx":{"total":7965,"enqueue_err":0,"done_queue_dropped":0},"membership":{"deaths":1,"revivals":0,"reboots_seen":1,"table_full":0,"events_dropped":0}}
1791635084.816 {"t":"ns","node":33120,"hash":13581963,"owner":33120,"kind":"sampled","unit":100,"class":4,"bound_ms":5000,"quality":"GOOD","age_ms":375,"ts":452076,"updates":43,"value":2}
1791635084.816 {"t":"ns","node":33120,"hash":3142365229,"owner":33120,"kind":"sampled","unit":101,"class":4,"bound_ms":30000,"quality":"GOOD","age_ms":391,"ts":452075,"updates":43,"value":172032}
1791635084.816 {"t":"ns","node":33120,"hash":1245650351,"owner":25344,"kind":"sampled","unit":0,"class":3,"bound_ms":500,"quality":"NO_DATA","age_ms":0,"ts":0,"updates":0,"value":null}
1791635084.816 {"t":"ns","node":33120,"hash":2033492666,"owner":33120,"kind":"sampled","unit":0,"class":3,"bound_ms":0,"quality":"NO_DATA","age_ms":0,"ts":0,"updates":0,"value":null}
1791635084.816 {"t":"ns","node":33120,"hash":2347817554,"owner":33120,"kind":"sampled","unit":100,"class":4,"bound_ms":0,"quality":"GOOD","age_ms":431,"ts":452076,"updates":43,"value":289}
1791635084.816 {"t":"ns","node":33120,"hash":1170356950,"owner":33120,"kind":"sampled","unit":80,"class":4,"bound_ms":30000,"quality":"GOOD","age_ms":448,"ts":452075,"updates":43,"value":452}
1791635084.816 {"t":"ns","node":33120,"hash":3085599597,"owner":33120,"kind":"sampled","unit":0,"class":4,"bound_ms":5000,"quality":"GOOD","age_ms":462,"ts":452076,"updates":43,"value":-20}
1791635084.816 {"t":"ns","node":33120,"hash":2486014333,"owner":33120,"kind":"sampled","unit":101,"class":4,"bound_ms":30000,"quality":"GOOD","age_ms":477,"ts":452075,"updates":43,"value":250127}
1791635094.971 {"t":"clk","node":33120,"up_ms":462578}
1791635094.971 {"t":"led","node":33120,"shows":"green","app":0}
1791635094.971 {"t":"event","at_ms":452580,"node":33120,"kind":"peer_admitted","peer":29544,"slot":0,"a":0,"b":0}
1791635094.971 {"t":"event","at_ms":453054,"node":33120,"kind":"peer_admitted","peer":25344,"slot":1,"a":0,"b":0}
1791635094.971 {"t":"event","at_ms":454609,"node":33120,"kind":"peer_admitted","peer":29544,"slot":0,"a":0,"b":0}
1791635094.971 {"t":"event","at_ms":455042,"node":33120,"kind":"peer_admitted","peer":25344,"slot":1,"a":0,"b":0}
1791635094.971 {"t":"event","at_ms":456580,"node":33120,"kind":"peer_admitted","peer":29544,"slot":0,"a":0,"b":0}
1791635094.971 {"t":"event","at_ms":457042,"node":33120,"kind":"peer_admitted","peer":25344,"slot":1,"a":0,"b":0}
1791635094.971 {"t":"event","at_ms":458580,"node":33120,"kind":"peer_admitted","peer":29544,"slot":0,"a":0,"b":0}
1791635094.971 {"t":"event","at_ms":459046,"node":33120,"kind":"peer_admitted","peer":25344,"slot":1,"a":0,"b":0}
1791635094.971 {"t":"event","at_ms":460582,"node":33120,"kind":"peer_admitted","peer":29544,"slot":0,"a":0,"b":0}
1791635094.971 {"t":"event","at_ms":461042,"node":33120,"kind":"peer_admitted","peer":25344,"slot":1,"a":0,"b":0}
1791635094.971 {"t":"event","at_ms":462588,"node":33120,"kind":"peer_admitted","peer":29544,"slot":0,"a":0,"b":0}
1791635094.971 {"t":"link","up_ms":462676,"node":33120,"peer":29544,"mac":"b8:1f:3f:da:73:68","state":"alive","epoch":171,"espnow_ver":2,"mtu":1446,"misses":0,"rssi":-10,"tx":{"frames":1609,"cb_ok":1598,"cb_fail":11,"enqueue_err":0,"pdr_ppm":993163},"rx":{"frames":6351,"lost_seqgap":7,"reorder_dup":0,"dropped_bad":0,"hb_lost":52,"bcast_frames":4519,"pdr_ppm":998899},"rtt":{"samples":228,"min_us":5297,"max_us":40572,"timeouts":2,"txq_last_us":3265,"txq_max_us":28542,"remote_turnaround_us":854,"remote_turnaround_max_us":23918,"p50_us":[4000,6000],"p99_us":[30000,42000],"hist":[0,0,0,0,174,31,10,4,3,1,5,0,0,0,0,0]}}
1791635094.971 {"t":"link","up_ms":462730,"node":33120,"peer":25344,"mac":"b8:1f:3f:da:63:00","state":"alive","epoch":243,"espnow_ver":2,"mtu":1446,"misses":0,"rssi":-20,"tx":{"frames":1775,"cb_ok":1775,"cb_fail":0,"enqueue_err":0,"pdr_ppm":1000000},"rx":{"frames":6507,"lost_seqgap":1,"reorder_dup":0,"dropped_bad":0,"hb_lost":25,"bcast_frames":4582,"pdr_ppm":999846},"rtt":{"samples":230,"min_us":5685,"max_us":33232,"timeouts":0,"txq_last_us":3742,"txq_max_us":6013,"remote_turnaround_us":956,"remote_turnaround_max_us":1689,"p50_us":[4000,6000],"p99_us":[11000,16000],"hist":[0,0,0,0,168,41,17,3,0,0,1,0,0,0,0,0]}}
1791635094.971 {"t":"auth","node":33120,"up_ms":462784,"enrolled":1,"required":1,"verified_peers":2,"verified":8,"cache_hits":470,"refused":0,"rate_limited":0,"stale_epoch":0,"verify_us_max":85042,"link_stack_free_b":1524,"crypto_stack_free_b":1220,"tags_ok":3280,"bad_tag":0,"replayed":0,"untagged":0,"bcast_dropped":0,"beacon_epoch_ignored":0,"tag_us_max":2448}
1791635094.971 {"t":"act","node":33120,"setpoint":0,"has_value":0,"writes_served":0}
1791635094.971 {"t":"peers","node":33120,"own_period_ms":100,"own_busy":0,"channel":1,"scanning":0,"scans":0,"hops":10,"found":0,"lost_to_found_ms":0,"moves_followed":0,"moves_refused":0,"sweeps":1,"sweep_found":0,"sweeping":0,"search_visits":1,"relay":0,"fwd_u":0,"fwd_b":0,"fwd_h":0,"relay_dup":4737,"list":[{"id":29544,"state":"alive","via_relay":0,"period_ms":100,"misses":6,"busy":1,"rtt_n":229},{"id":25344,"state":"alive","via_relay":0,"period_ms":100,"misses":6,"busy":0,"rtt_n":230}]}
1791635094.971 {"t":"ss","node":33120,"accepted":0,"unsigned":0,"unknown_sender":0,"bad_signature":0,"replayed":0,"rate_limited":0,"verify_us_max":0,"floors":[{"src":25344,"epoch":139,"counter":1}]}
1791635094.971 {"t":"rec","node":33120,"up_ms":462880,"settled":1,"sent":1844,"received":1741,"malformed":0,"views":3,"replies_fenced":0,"actors":[{"key":1245650351,"running":0,"term":0,"owner":25344,"owner_term":7,"assigned":25344,"starts":0,"fenced":0,"released":0}]}
1791635095.333 {"t":"node","up_ms":462906,"node":33120,"epoch":289,"peers_alive":2,"peers_dead":0,"no_radio":0,"free_dram":250127,"largest_block":172032,"rx":{"total":22332,"bad_frame":0,"unknown_peer":12,"wrong_dst":0,"short_payload":0,"unknown_opcode":0,"queue_dropped":51},"tx":{"total":8244,"enqueue_err":0,"done_queue_dropped":0},"membership":{"deaths":1,"revivals":0,"reboots_seen":1,"table_full":0,"events_dropped":0}}
1791635095.333 {"t":"ns","node":33120,"hash":13581963,"owner":33120,"kind":"sampled","unit":100,"class":4,"bound_ms":5000,"quality":"GOOD","age_ms":346,"ts":462589,"updates":44,"value":2}
1791635095.333 {"t":"ns","node":33120,"hash":3142365229,"owner":33120,"kind":"sampled","unit":101,"class":4,"bound_ms":30000,"quality":"GOOD","age_ms":360,"ts":462589,"updates":44,"value":172032}
1791635095.333 {"t":"ns","node":33120,"hash":1245650351,"owner":25344,"kind":"sampled","unit":0,"class":3,"bound_ms":500,"quality":"NO_DATA","age_ms":0,"ts":0,"updates":0,"value":null}
1791635095.333 {"t":"ns","node":33120,"hash":2033492666,"owner":33120,"kind":"sampled","unit":0,"class":3,"bound_ms":0,"quality":"NO_DATA","age_ms":0,"ts":0,"updates":0,"value":null}
1791635095.333 {"t":"ns","node":33120,"hash":2347817554,"owner":33120,"kind":"sampled","unit":100,"class":4,"bound_ms":0,"quality":"GOOD","age_ms":446,"ts":462589,"updates":44,"value":289}
1791635095.333 {"t":"ns","node":33120,"hash":1170356950,"owner":33120,"kind":"sampled","unit":80,"class":4,"bound_ms":30000,"quality":"GOOD","age_ms":461,"ts":462589,"updates":44,"value":462}
1791635095.333 {"t":"ns","node":33120,"hash":3085599597,"owner":33120,"kind":"sampled","unit":0,"class":4,"bound_ms":5000,"quality":"GOOD","age_ms":475,"ts":462589,"updates":44,"value":-20}
1791635095.333 {"t":"ns","node":33120,"hash":2486014333,"owner":33120,"kind":"sampled","unit":101,"class":4,"bound_ms":30000,"quality":"GOOD","age_ms":489,"ts":462589,"updates":44,"value":249703}
1791635105.505 {"t":"clk","node":33120,"up_ms":473093}
1791635105.505 {"t":"led","node":33120,"shows":"green","app":0}
1791635105.505 {"t":"event","at_ms":463045,"node":33120,"kind":"peer_admitted","peer":25344,"slot":1,"a":0,"b":0}
1791635105.505 {"t":"event","at_ms":464581,"node":33120,"kind":"peer_admitted","peer":29544,"slot":0,"a":0,"b":0}
1791635105.505 {"t":"event","at_ms":465043,"node":33120,"kind":"peer_admitted","peer":25344,"slot":1,"a":0,"b":0}
1791635105.505 {"t":"event","at_ms":466580,"node":33120,"kind":"peer_admitted","peer":29544,"slot":0,"a":0,"b":0}
1791635105.505 {"t":"event","at_ms":467058,"node":33120,"kind":"peer_admitted","peer":25344,"slot":1,"a":0,"b":0}
1791635105.505 {"t":"event","at_ms":468580,"node":33120,"kind":"peer_admitted","peer":29544,"slot":0,"a":0,"b":0}
1791635105.505 {"t":"event","at_ms":469045,"node":33120,"kind":"peer_admitted","peer":25344,"slot":1,"a":0,"b":0}
1791635105.505 {"t":"event","at_ms":470580,"node":33120,"kind":"peer_admitted","peer":29544,"slot":0,"a":0,"b":0}
1791635105.505 {"t":"event","at_ms":471051,"node":33120,"kind":"peer_admitted","peer":25344,"slot":1,"a":0,"b":0}
1791635105.505 {"t":"event","at_ms":472580,"node":33120,"kind":"peer_admitted","peer":29544,"slot":0,"a":0,"b":0}
1791635105.505 {"t":"event","at_ms":473047,"node":33120,"kind":"peer_admitted","peer":25344,"slot":1,"a":0,"b":0}
1791635105.505 {"t":"link","up_ms":473196,"node":33120,"peer":29544,"mac":"b8:1f:3f:da:73:68","state":"alive","epoch":171,"espnow_ver":2,"mtu":1446,"misses":0,"rssi":-10,"tx":{"frames":1646,"cb_ok":1635,"cb_fail":11,"enqueue_err":0,"pdr_ppm":993317},"rx":{"frames":6498,"lost_seqgap":7,"reorder_dup":0,"dropped_bad":0,"hb_lost":52,"bcast_frames":4624,"pdr_ppm":998923},"rtt":{"samples":234,"min_us":5297,"max_us":40572,"timeouts":2,"txq_last_us":3265,"txq_max_us":28542,"remote_turnaround_us":845,"remote_turnaround_max_us":23918,"p50_us":[4000,6000],"p99_us":[30000,42000],"hist":[0,0,0,0,180,31,10,4,3,1,5,0,0,0,0,0]}}
1791635105.505 {"t":"link","up_ms":473250,"node":33120,"peer":25344,"mac":"b8:1f:3f:da:63:00","state":"alive","epoch":243,"espnow_ver":2,"mtu":1446,"misses":0,"rssi":-21,"tx":{"frames":1906,"cb_ok":1906,"cb_fail":0,"enqueue_err":0,"pdr_ppm":1000000},"rx":{"frames":6741,"lost_seqgap":1,"reorder_dup":0,"dropped_bad":0,"hb_lost":26,"bcast_frames":4686,"pdr_ppm":999851},"rtt":{"samples":235,"min_us":5685,"max_us":33232,"timeouts":0,"txq_last_us":3742,"txq_max_us":6013,"remote_turnaround_us":985,"remote_turnaround_max_us":1689,"p50_us":[4000,6000],"p99_us":[11000,16000],"hist":[0,0,0,0,171,42,17,3,0,0,2,0,0,0,0,0]}}
1791635105.505 {"t":"auth","node":33120,"up_ms":473304,"enrolled":1,"required":1,"verified_peers":2,"verified":8,"cache_hits":481,"refused":0,"rate_limited":0,"stale_epoch":0,"verify_us_max":85042,"link_stack_free_b":1524,"crypto_stack_free_b":1220,"tags_ok":3440,"bad_tag":0,"replayed":0,"untagged":0,"bcast_dropped":0,"beacon_epoch_ignored":0,"tag_us_max":2448}
1791635105.505 {"t":"act","node":33120,"setpoint":0,"has_value":0,"writes_served":0}
1791635105.505 {"t":"peers","node":33120,"own_period_ms":100,"own_busy":0,"channel":1,"scanning":0,"scans":0,"hops":10,"found":0,"lost_to_found_ms":0,"moves_followed":0,"moves_refused":0,"sweeps":1,"sweep_found":0,"sweeping":0,"search_visits":1,"relay":0,"fwd_u":0,"fwd_b":0,"fwd_h":0,"relay_dup":4846,"list":[{"id":29544,"state":"alive","via_relay":0,"period_ms":100,"misses":6,"busy":1,"rtt_n":234},{"id":25344,"state":"alive","via_relay":0,"period_ms":100,"misses":6,"busy":0,"rtt_n":235}]}
1791635105.505 {"t":"ss","node":33120,"accepted":0,"unsigned":0,"unknown_sender":0,"bad_signature":0,"replayed":0,"rate_limited":0,"verify_us_max":0,"floors":[{"src":25344,"epoch":139,"counter":1}]}
1791635105.505 {"t":"rec","node":33120,"up_ms":473389,"settled":1,"sent":1885,"received":1776,"malformed":0,"views":3,"replies_fenced":0,"actors":[{"key":1245650351,"running":0,"term":0,"owner":25344,"owner_term":7,"assigned":25344,"starts":0,"fenced":0,"released":0}]}
1791635105.842 {"t":"node","up_ms":473415,"node":33120,"epoch":289,"peers_alive":2,"peers_dead":0,"no_radio":0,"free_dram":250127,"largest_block":172032,"rx":{"total":22929,"bad_frame":0,"unknown_peer":12,"wrong_dst":0,"short_payload":0,"unknown_opcode":0,"queue_dropped":51},"tx":{"total":8520,"enqueue_err":0,"done_queue_dropped":0},"membership":{"deaths":1,"revivals":0,"reboots_seen":1,"table_full":0,"events_dropped":0}}
1791635105.842 {"t":"ns","node":33120,"hash":13581963,"owner":33120,"kind":"sampled","unit":100,"class":4,"bound_ms":5000,"quality":"GOOD","age_ms":382,"ts":473095,"updates":45,"value":2}
1791635105.842 {"t":"ns","node":33120,"hash":3142365229,"owner":33120,"kind":"sampled","unit":101,"class":4,"bound_ms":30000,"quality":"GOOD","age_ms":397,"ts":473094,"updates":45,"value":172032}
1791635105.842 {"t":"ns","node":33120,"hash":1245650351,"owner":25344,"kind":"sampled","unit":0,"class":3,"bound_ms":500,"quality":"NO_DATA","age_ms":0,"ts":0,"updates":0,"value":null}
1791635105.842 {"t":"ns","node":33120,"hash":2033492666,"owner":33120,"kind":"sampled","unit":0,"class":3,"bound_ms":0,"quality":"NO_DATA","age_ms":0,"ts":0,"updates":0,"value":null}
1791635105.842 {"t":"ns","node":33120,"hash":2347817554,"owner":33120,"kind":"sampled","unit":100,"class":4,"bound_ms":0,"quality":"GOOD","age_ms":438,"ts":473095,"updates":45,"value":289}
1791635105.842 {"t":"ns","node":33120,"hash":1170356950,"owner":33120,"kind":"sampled","unit":80,"class":4,"bound_ms":30000,"quality":"GOOD","age_ms":453,"ts":473094,"updates":45,"value":473}
1791635105.842 {"t":"ns","node":33120,"hash":3085599597,"owner":33120,"kind":"sampled","unit":0,"class":4,"bound_ms":5000,"quality":"GOOD","age_ms":468,"ts":473095,"updates":45,"value":-20}
1791635105.842 {"t":"ns","node":33120,"hash":2486014333,"owner":33120,"kind":"sampled","unit":101,"class":4,"bound_ms":30000,"quality":"GOOD","age_ms":484,"ts":473094,"updates":45,"value":250127}
1791635116.004 {"t":"clk","node":33120,"up_ms":483592}
1791635116.004 {"t":"led","node":33120,"shows":"green","app":0}
1791635116.004 {"t":"event","at_ms":474580,"node":33120,"kind":"peer_admitted","peer":29544,"slot":0,"a":0,"b":0}
1791635116.004 {"t":"event","at_ms":475047,"node":33120,"kind":"peer_admitted","peer":25344,"slot":1,"a":0,"b":0}
1791635116.004 {"t":"event","at_ms":476580,"node":33120,"kind":"peer_admitted","peer":29544,"slot":0,"a":0,"b":0}
1791635116.004 {"t":"event","at_ms":477047,"node":33120,"kind":"peer_admitted","peer":25344,"slot":1,"a":0,"b":0}
1791635116.004 {"t":"event","at_ms":478580,"node":33120,"kind":"peer_admitted","peer":29544,"slot":0,"a":0,"b":0}
1791635116.004 {"t":"event","at_ms":479046,"node":33120,"kind":"peer_admitted","peer":25344,"slot":1,"a":0,"b":0}
1791635116.004 {"t":"event","at_ms":480580,"node":33120,"kind":"peer_admitted","peer":29544,"slot":0,"a":0,"b":0}
1791635116.004 {"t":"event","at_ms":481053,"node":33120,"kind":"peer_admitted","peer":25344,"slot":1,"a":0,"b":0}
1791635116.004 {"t":"event","at_ms":482591,"node":33120,"kind":"peer_admitted","peer":29544,"slot":0,"a":0,"b":0}
1791635116.004 {"t":"event","at_ms":483047,"node":33120,"kind":"peer_admitted","peer":25344,"slot":1,"a":0,"b":0}
1791635116.004 {"t":"link","up_ms":483679,"node":33120,"peer":29544,"mac":"b8:1f:3f:da:73:68","state":"alive","epoch":171,"espnow_ver":2,"mtu":1446,"misses":0,"rssi":-10,"tx":{"frames":1681,"cb_ok":1670,"cb_fail":11,"enqueue_err":0,"pdr_ppm":993456},"rx":{"frames":6644,"lost_seqgap":7,"reorder_dup":0,"dropped_bad":0,"hb_lost":52,"bcast_frames":4729,"pdr_ppm":998947},"rtt":{"samples":239,"min_us":5297,"max_us":40572,"timeouts":2,"txq_last_us":3265,"txq_max_us":28542,"remote_turnaround_us":820,"remote_turnaround_max_us":23918,"p50_us":[4000,6000],"p99_us":[30000,42000],"hist":[0,0,0,0,183,31,12,4,3,1,5,0,0,0,0,0]}}
1791635116.004 {"t":"link","up_ms":483732,"node":33120,"peer":25344,"mac":"b8:1f:3f:da:63:00","state":"alive","epoch":243,"espnow_ver":2,"mtu":1446,"misses":0,"rssi":-21,"tx":{"frames":2037,"cb_ok":2037,"cb_fail":0,"enqueue_err":0,"pdr_ppm":1000000},"rx":{"frames":6972,"lost_seqgap":1,"reorder_dup":0,"dropped_bad":0,"hb_lost":29,"bcast_frames":4788,"pdr_ppm":999856},"rtt":{"samples":240,"min_us":5685,"max_us":33232,"timeouts":0,"txq_last_us":1357,"txq_max_us":6013,"remote_turnaround_us":1026,"remote_turnaround_max_us":1689,"p50_us":[4000,6000],"p99_us":[11000,16000],"hist":[0,0,0,0,173,45,17,3,0,0,2,0,0,0,0,0]}}
1791635116.004 {"t":"auth","node":33120,"up_ms":483788,"enrolled":1,"required":1,"verified_peers":2,"verified":8,"cache_hits":491,"refused":0,"rate_limited":0,"stale_epoch":0,"verify_us_max":85042,"link_stack_free_b":1524,"crypto_stack_free_b":1220,"tags_ok":3601,"bad_tag":0,"replayed":0,"untagged":0,"bcast_dropped":0,"beacon_epoch_ignored":0,"tag_us_max":2678}
1791635116.004 {"t":"act","node":33120,"setpoint":0,"has_value":0,"writes_served":0}
1791635116.004 {"t":"peers","node":33120,"own_period_ms":100,"own_busy":0,"channel":1,"scanning":0,"scans":0,"hops":10,"found":0,"lost_to_found_ms":0,"moves_followed":0,"moves_refused":0,"sweeps":1,"sweep_found":0,"sweeping":0,"search_visits":1,"relay":0,"fwd_u":0,"fwd_b":0,"fwd_h":0,"relay_dup":4953,"list":[{"id":29544,"state":"alive","via_relay":0,"period_ms":100,"misses":6,"busy":1,"rtt_n":239},{"id":25344,"state":"alive","via_relay":0,"period_ms":100,"misses":6,"busy":0,"rtt_n":241}]}
1791635116.004 {"t":"ss","node":33120,"accepted":0,"unsigned":0,"unknown_sender":0,"bad_signature":0,"replayed":0,"rate_limited":0,"verify_us_max":0,"floors":[{"src":25344,"epoch":139,"counter":1}]}
1791635116.004 {"t":"rec","node":33120,"up_ms":483912,"settled":1,"sent":1926,"received":1812,"malformed":0,"views":3,"replies_fenced":0,"actors":[{"key":1245650351,"running":0,"term":0,"owner":25344,"owner_term":7,"assigned":25344,"starts":0,"fenced":0,"released":0}]}
1791635116.004 {"t":"node","up_ms":483927,"node":33120,"epoch":289,"peers_alive":2,"peers_dead":0,"no_radio":0,"free_dram":250127,"largest_block":172032,"rx":{"total":23528,"bad_frame":0,"unknown_peer":12,"wrong_dst":0,"short_payload":0,"unknown_opcode":0,"queue_dropped":51},"tx":{"total":8799,"enqueue_err":0,"done_queue_dropped":0},"membership":{"deaths":1,"revivals":0,"reboots_seen":1,"table_full":0,"events_dropped":0}}
1791635116.336 {"t":"ns","node":33120,"hash":13581963,"owner":33120,"kind":"sampled","unit":100,"class":4,"bound_ms":5000,"quality":"GOOD","age_ms":373,"ts":483594,"updates":46,"value":2}
1791635116.336 {"t":"ns","node":33120,"hash":3142365229,"owner":33120,"kind":"sampled","unit":101,"class":4,"bound_ms":30000,"quality":"GOOD","age_ms":388,"ts":483593,"updates":46,"value":172032}
1791635116.336 {"t":"ns","node":33120,"hash":1245650351,"owner":25344,"kind":"sampled","unit":0,"class":3,"bound_ms":500,"quality":"NO_DATA","age_ms":0,"ts":0,"updates":0,"value":null}
1791635116.336 {"t":"ns","node":33120,"hash":2033492666,"owner":33120,"kind":"sampled","unit":0,"class":3,"bound_ms":0,"quality":"NO_DATA","age_ms":0,"ts":0,"updates":0,"value":null}
1791635116.336 {"t":"ns","node":33120,"hash":2347817554,"owner":33120,"kind":"sampled","unit":100,"class":4,"bound_ms":0,"quality":"GOOD","age_ms":434,"ts":483594,"updates":46,"value":289}
1791635116.336 {"t":"ns","node":33120,"hash":1170356950,"owner":33120,"kind":"sampled","unit":80,"class":4,"bound_ms":30000,"quality":"GOOD","age_ms":449,"ts":483593,"updates":46,"value":483}
1791635116.336 {"t":"ns","node":33120,"hash":3085599597,"owner":33120,"kind":"sampled","unit":0,"class":4,"bound_ms":5000,"quality":"GOOD","age_ms":462,"ts":483594,"updates":46,"value":-20}
1791635116.336 {"t":"ns","node":33120,"hash":2486014333,"owner":33120,"kind":"sampled","unit":101,"class":4,"bound_ms":30000,"quality":"GOOD","age_ms":477,"ts":483593,"updates":46,"value":250127}
1791635126.494 {"t":"clk","node":33120,"up_ms":494085}
1791635126.494 {"t":"led","node":33120,"shows":"green","app":0}
1791635126.494 {"t":"event","at_ms":484580,"node":33120,"kind":"peer_admitted","peer":29544,"slot":0,"a":0,"b":0}
1791635126.494 {"t":"event","at_ms":485046,"node":33120,"kind":"peer_admitted","peer":25344,"slot":1,"a":0,"b":0}
1791635126.494 {"t":"event","at_ms":486580,"node":33120,"kind":"peer_admitted","peer":29544,"slot":0,"a":0,"b":0}
1791635126.494 {"t":"event","at_ms":488580,"node":33120,"kind":"peer_admitted","peer":29544,"slot":0,"a":0,"b":0}
1791635126.494 {"t":"event","at_ms":489046,"node":33120,"kind":"peer_admitted","peer":25344,"slot":1,"a":0,"b":0}
1791635126.494 {"t":"event","at_ms":490580,"node":33120,"kind":"peer_admitted","peer":29544,"slot":0,"a":0,"b":0}
1791635126.494 {"t":"event","at_ms":491052,"node":33120,"kind":"peer_admitted","peer":25344,"slot":1,"a":0,"b":0}
1791635126.494 {"t":"event","at_ms":492582,"node":33120,"kind":"peer_admitted","peer":29544,"slot":0,"a":0,"b":0}
1791635126.494 {"t":"event","at_ms":493046,"node":33120,"kind":"peer_admitted","peer":25344,"slot":1,"a":0,"b":0}
1791635126.494 {"t":"link","up_ms":494162,"node":33120,"peer":29544,"mac":"b8:1f:3f:da:73:68","state":"alive","epoch":171,"espnow_ver":2,"mtu":1446,"misses":0,"rssi":-10,"tx":{"frames":1717,"cb_ok":1706,"cb_fail":11,"enqueue_err":0,"pdr_ppm":993593},"rx":{"frames":6789,"lost_seqgap":7,"reorder_dup":0,"dropped_bad":0,"hb_lost":54,"bcast_frames":4832,"pdr_ppm":998969},"rtt":{"samples":244,"min_us":5297,"max_us":40572,"timeouts":2,"txq_last_us":3265,"txq_max_us":28542,"remote_turnaround_us":852,"remote_turnaround_max_us":23918,"p50_us":[4000,6000],"p99_us":[30000,42000],"hist":[0,0,0,0,185,32,12,5,3,1,6,0,0,0,0,0]}}
1791635126.494 {"t":"link","up_ms":494218,"node":33120,"peer":25344,"mac":"b8:1f:3f:da:63:00","state":"alive","epoch":243,"espnow_ver":2,"mtu":1446,"misses":0,"rssi":-20,"tx":{"frames":2167,"cb_ok":2166,"cb_fail":0,"enqueue_err":0,"pdr_ppm":1000000},"rx":{"frames":7202,"lost_seqgap":1,"reorder_dup":0,"dropped_bad":0,"hb_lost":33,"bcast_frames":4889,"pdr_ppm":999861},"rtt":{"samples":246,"min_us":5685,"max_us":33232,"timeouts":0,"txq_last_us":1357,"txq_max_us":6013,"remote_turnaround_us":969,"remote_turnaround_max_us":1689,"p50_us":[4000,6000],"p99_us":[16000,22000],"hist":[0,0,0,0,175,48,17,3,1,0,2,0,0,0,0,0]}}
1791635126.494 {"t":"auth","node":33120,"up_ms":494272,"enrolled":1,"required":1,"verified_peers":2,"verified":8,"cache_hits":500,"refused":0,"rate_limited":0,"stale_epoch":0,"verify_us_max":85042,"link_stack_free_b":1524,"crypto_stack_free_b":1220,"tags_ok":3763,"bad_tag":0,"replayed":0,"untagged":0,"bcast_dropped":0,"beacon_epoch_ignored":0,"tag_us_max":2678}
1791635126.494 {"t":"act","node":33120,"setpoint":0,"has_value":0,"writes_served":0}
1791635126.494 {"t":"peers","node":33120,"own_period_ms":100,"own_busy":0,"channel":1,"scanning":0,"scans":0,"hops":10,"found":0,"lost_to_found_ms":0,"moves_followed":0,"moves_refused":0,"sweeps":1,"sweep_found":0,"sweeping":0,"search_visits":1,"relay":0,"fwd_u":0,"fwd_b":0,"fwd_h":0,"relay_dup":5058,"list":[{"id":29544,"state":"alive","via_relay":0,"period_ms":100,"misses":6,"busy":1,"rtt_n":244},{"id":25344,"state":"alive","via_relay":0,"period_ms":100,"misses":6,"busy":0,"rtt_n":246}]}
1791635126.494 {"t":"ss","node":33120,"accepted":0,"unsigned":0,"unknown_sender":0,"bad_signature":0,"replayed":0,"rate_limited":0,"verify_us_max":0,"floors":[{"src":25344,"epoch":139,"counter":1}]}
1791635126.494 {"t":"rec","node":33120,"up_ms":494390,"settled":1,"sent":1967,"received":1846,"malformed":0,"views":3,"replies_fenced":0,"actors":[{"key":1245650351,"running":0,"term":0,"owner":25344,"owner_term":7,"assigned":25344,"starts":0,"fenced":0,"released":0}]}
1791635126.494 {"t":"node","up_ms":494405,"node":33120,"epoch":289,"peers_alive":2,"peers_dead":0,"no_radio":0,"free_dram":250127,"largest_block":172032,"rx":{"total":24113,"bad_frame":0,"unknown_peer":12,"wrong_dst":0,"short_payload":0,"unknown_opcode":0,"queue_dropped":51},"tx":{"total":9073,"enqueue_err":0,"done_queue_dropped":0},"membership":{"deaths":1,"revivals":0,"reboots_seen":1,"table_full":0,"events_dropped":0}}
1791635126.801 {"t":"ns","node":33120,"hash":13581963,"owner":33120,"kind":"sampled","unit":100,"class":4,"bound_ms":5000,"quality":"GOOD","age_ms":358,"ts":494087,"updates":47,"value":2}
1791635126.801 {"t":"ns","node":33120,"hash":3142365229,"owner":33120,"kind":"sampled","unit":101,"class":4,"bound_ms":30000,"quality":"GOOD","age_ms":374,"ts":494086,"updates":47,"value":172032}
1791635126.801 {"t":"ns","node":33120,"hash":1245650351,"owner":25344,"kind":"sampled","unit":0,"class":3,"bound_ms":500,"quality":"NO_DATA","age_ms":0,"ts":0,"updates":0,"value":null}
1791635126.801 {"t":"ns","node":33120,"hash":2033492666,"owner":33120,"kind":"sampled","unit":0,"class":3,"bound_ms":0,"quality":"NO_DATA","age_ms":0,"ts":0,"updates":0,"value":null}
1791635126.801 {"t":"ns","node":33120,"hash":2347817554,"owner":33120,"kind":"sampled","unit":100,"class":4,"bound_ms":0,"quality":"GOOD","age_ms":416,"ts":494086,"updates":47,"value":289}
1791635126.801 {"t":"ns","node":33120,"hash":1170356950,"owner":33120,"kind":"sampled","unit":80,"class":4,"bound_ms":30000,"quality":"GOOD","age_ms":430,"ts":494086,"updates":47,"value":494}
1791635126.801 {"t":"ns","node":33120,"hash":3085599597,"owner":33120,"kind":"sampled","unit":0,"class":4,"bound_ms":5000,"quality":"GOOD","age_ms":454,"ts":494087,"updates":47,"value":-20}
1791635126.801 {"t":"ns","node":33120,"hash":2486014333,"owner":33120,"kind":"sampled","unit":101,"class":4,"bound_ms":30000,"quality":"GOOD","age_ms":470,"ts":494086,"updates":47,"value":250127}
1791635136.986 {"t":"clk","node":33120,"up_ms":504572}
1791635136.986 {"t":"led","node":33120,"shows":"green","app":0}
1791635136.986 {"t":"event","at_ms":494580,"node":33120,"kind":"peer_admitted","peer":29544,"slot":0,"a":0,"b":0}
1791635136.986 {"t":"event","at_ms":495046,"node":33120,"kind":"peer_admitted","peer":25344,"slot":1,"a":0,"b":0}
1791635136.986 {"t":"event","at_ms":496582,"node":33120,"kind":"peer_admitted","peer":29544,"slot":0,"a":0,"b":0}
1791635136.986 {"t":"event","at_ms":497056,"node":33120,"kind":"peer_admitted","peer":25344,"slot":1,"a":0,"b":0}
1791635136.986 {"t":"event","at_ms":498580,"node":33120,"kind":"peer_admitted","peer":29544,"slot":0,"a":0,"b":0}
1791635136.986 {"t":"event","at_ms":499046,"node":33120,"kind":"peer_admitted","peer":25344,"slot":1,"a":0,"b":0}
1791635136.986 {"t":"event","at_ms":500580,"node":33120,"kind":"peer_admitted","peer":29544,"slot":0,"a":0,"b":0}
1791635136.986 {"t":"event","at_ms":501060,"node":33120,"kind":"peer_admitted","peer":25344,"slot":1,"a":0,"b":0}
1791635136.986 {"t":"event","at_ms":502591,"node":33120,"kind":"peer_admitted","peer":29544,"slot":0,"a":0,"b":0}
1791635136.986 {"t":"event","at_ms":503047,"node":33120,"kind":"peer_admitted","peer":25344,"slot":1,"a":0,"b":0}
1791635136.986 {"t":"event","at_ms":504580,"node":33120,"kind":"peer_admitted","peer":29544,"slot":0,"a":0,"b":0}
1791635136.986 {"t":"link","up_ms":504675,"node":33120,"peer":29544,"mac":"b8:1f:3f:da:73:68","state":"alive","epoch":171,"espnow_ver":2,"mtu":1446,"misses":0,"rssi":-11,"tx":{"frames":1754,"cb_ok":1743,"cb_fail":11,"enqueue_err":0,"pdr_ppm":993728},"rx":{"frames":6937,"lost_seqgap":7,"reorder_dup":0,"dropped_bad":0,"hb_lost":54,"bcast_frames":4937,"pdr_ppm":998991},"rtt":{"samples":249,"min_us":5297,"max_us":40572,"timeouts":2,"txq_last_us":2812,"txq_max_us":28542,"remote_turnaround_us":855,"remote_turnaround_max_us":23918,"p50_us":[4000,6000],"p99_us":[30000,42000],"hist":[0,0,0,0,190,32,12,5,3,1,6,0,0,0,0,0]}}
1791635136.986 {"t":"link","up_ms":504729,"node":33120,"peer":25344,"mac":"b8:1f:3f:da:63:00","state":"alive","epoch":243,"espnow_ver":2,"mtu":1446,"misses":0,"rssi":-20,"tx":{"frames":2297,"cb_ok":2297,"cb_fail":0,"enqueue_err":0,"pdr_ppm":1000000},"rx":{"frames":7435,"lost_seqgap":1,"reorder_dup":0,"dropped_bad":0,"hb_lost":34,"bcast_frames":4993,"pdr_ppm":999865},"rtt":{"samples":251,"min_us":5685,"max_us":33232,"timeouts":0,"txq_last_us":2813,"txq_max_us":6013,"remote_turnaround_us":1031,"remote_turnaround_max_us":1689,"p50_us":[4000,6000],"p99_us":[16000,22000],"hist":[0,0,0,0,177,50,18,3,1,0,2,0,0,0,0,0]}}
1791635136.986 {"t":"auth","node":33120,"up_ms":504797,"enrolled":1,"required":1,"verified_peers":2,"verified":8,"cache_hits":511,"refused":0,"rate_limited":0,"stale_epoch":0,"verify_us_max":85042,"link_stack_free_b":1524,"crypto_stack_free_b":1220,"tags_ok":3924,"bad_tag":0,"replayed":0,"untagged":0,"bcast_dropped":0,"beacon_epoch_ignored":0,"tag_us_max":2678}
1791635136.986 {"t":"act","node":33120,"setpoint":0,"has_value":0,"writes_served":0}
1791635136.986 {"t":"peers","node":33120,"own_period_ms":100,"own_busy":0,"channel":1,"scanning":0,"scans":0,"hops":10,"found":0,"lost_to_found_ms":0,"moves_followed":0,"moves_refused":0,"sweeps":1,"sweep_found":0,"sweeping":0,"search_visits":1,"relay":0,"fwd_u":0,"fwd_b":0,"fwd_h":0,"relay_dup":5167,"list":[{"id":29544,"state":"alive","via_relay":0,"period_ms":100,"misses":6,"busy":1,"rtt_n":250},{"id":25344,"state":"alive","via_relay":0,"period_ms":100,"misses":6,"busy":0,"rtt_n":251}]}
1791635136.986 {"t":"ss","node":33120,"accepted":0,"unsigned":0,"unknown_sender":0,"bad_signature":0,"replayed":0,"rate_limited":0,"verify_us_max":0,"floors":[{"src":25344,"epoch":139,"counter":1}]}
1791635136.986 {"t":"rec","node":33120,"up_ms":504893,"settled":1,"sent":2007,"received":1881,"malformed":0,"views":3,"replies_fenced":0,"actors":[{"key":1245650351,"running":0,"term":0,"owner":25344,"owner_term":7,"assigned":25344,"starts":0,"fenced":0,"released":0}]}
1791635137.317 {"t":"node","up_ms":504919,"node":33120,"epoch":289,"peers_alive":2,"peers_dead":0,"no_radio":0,"free_dram":250127,"largest_block":172032,"rx":{"total":24714,"bad_frame":0,"unknown_peer":12,"wrong_dst":0,"short_payload":0,"unknown_opcode":0,"queue_dropped":51},"tx":{"total":9352,"enqueue_err":0,"done_queue_dropped":0},"membership":{"deaths":1,"revivals":0,"reboots_seen":1,"table_full":0,"events_dropped":0}}
1791635137.317 {"t":"ns","node":33120,"hash":13581963,"owner":33120,"kind":"sampled","unit":100,"class":4,"bound_ms":5000,"quality":"GOOD","age_ms":389,"ts":504574,"updates":48,"value":2}
1791635137.317 {"t":"ns","node":33120,"hash":3142365229,"owner":33120,"kind":"sampled","unit":101,"class":4,"bound_ms":30000,"quality":"GOOD","age_ms":404,"ts":504573,"updates":48,"value":172032}
1791635137.317 {"t":"ns","node":33120,"hash":1245650351,"owner":25344,"kind":"sampled","unit":0,"class":3,"bound_ms":500,"quality":"NO_DATA","age_ms":0,"ts":0,"updates":0,"value":null}
1791635137.317 {"t":"ns","node":33120,"hash":2033492666,"owner":33120,"kind":"sampled","unit":0,"class":3,"bound_ms":0,"quality":"NO_DATA","age_ms":0,"ts":0,"updates":0,"value":null}
1791635137.317 {"t":"ns","node":33120,"hash":2347817554,"owner":33120,"kind":"sampled","unit":100,"class":4,"bound_ms":0,"quality":"GOOD","age_ms":446,"ts":504573,"updates":48,"value":289}
1791635137.317 {"t":"ns","node":33120,"hash":1170356950,"owner":33120,"kind":"sampled","unit":80,"class":4,"bound_ms":30000,"quality":"GOOD","age_ms":460,"ts":504573,"updates":48,"value":504}
1791635137.317 {"t":"ns","node":33120,"hash":3085599597,"owner":33120,"kind":"sampled","unit":0,"class":4,"bound_ms":5000,"quality":"GOOD","age_ms":473,"ts":504574,"updates":48,"value":-20}
1791635137.317 {"t":"ns","node":33120,"hash":2486014333,"owner":33120,"kind":"sampled","unit":101,"class":4,"bound_ms":30000,"quality":"GOOD","age_ms":491,"ts":504573,"updates":48,"value":250127}
1791635147.487 {"t":"clk","node":33120,"up_ms":515079}
1791635147.487 {"t":"led","node":33120,"shows":"green","app":0}
1791635147.487 {"t":"event","at_ms":505063,"node":33120,"kind":"peer_admitted","peer":25344,"slot":1,"a":0,"b":0}
1791635147.487 {"t":"event","at_ms":506581,"node":33120,"kind":"peer_admitted","peer":29544,"slot":0,"a":0,"b":0}
1791635147.487 {"t":"event","at_ms":507050,"node":33120,"kind":"peer_admitted","peer":25344,"slot":1,"a":0,"b":0}
1791635147.487 {"t":"event","at_ms":508580,"node":33120,"kind":"peer_admitted","peer":29544,"slot":0,"a":0,"b":0}
1791635147.487 {"t":"event","at_ms":509050,"node":33120,"kind":"peer_admitted","peer":25344,"slot":1,"a":0,"b":0}
1791635147.487 {"t":"event","at_ms":510580,"node":33120,"kind":"peer_admitted","peer":29544,"slot":0,"a":0,"b":0}
1791635147.487 {"t":"event","at_ms":511051,"node":33120,"kind":"peer_admitted","peer":25344,"slot":1,"a":0,"b":0}
1791635147.487 {"t":"event","at_ms":512580,"node":33120,"kind":"peer_admitted","peer":29544,"slot":0,"a":0,"b":0}
1791635147.487 {"t":"event","at_ms":513051,"node":33120,"kind":"peer_admitted","peer":25344,"slot":1,"a":0,"b":0}
1791635147.487 {"t":"event","at_ms":514580,"node":33120,"kind":"peer_admitted","peer":29544,"slot":0,"a":0,"b":0}
1791635147.487 {"t":"event","at_ms":515051,"node":33120,"kind":"peer_admitted","peer":25344,"slot":1,"a":0,"b":0}
1791635147.487 {"t":"link","up_ms":515200,"node":33120,"peer":29544,"mac":"b8:1f:3f:da:73:68","state":"alive","epoch":171,"espnow_ver":2,"mtu":1446,"misses":0,"rssi":-10,"tx":{"frames":1790,"cb_ok":1779,"cb_fail":11,"enqueue_err":0,"pdr_ppm":993854},"rx":{"frames":7084,"lost_seqgap":7,"reorder_dup":0,"dropped_bad":0,"hb_lost":54,"bcast_frames":5042,"pdr_ppm":999012},"rtt":{"samples":255,"min_us":5297,"max_us":40572,"timeouts":2,"txq_last_us":2812,"txq_max_us":28542,"remote_turnaround_us":859,"remote_turnaround_max_us":23918,"p50_us":[4000,6000],"p99_us":[30000,42000],"hist":[0,0,0,0,195,32,12,5,3,1,7,0,0,0,0,0]}}
1791635147.487 {"t":"link","up_ms":515254,"node":33120,"peer":25344,"mac":"b8:1f:3f:da:63:00","state":"alive","epoch":243,"espnow_ver":2,"mtu":1446,"misses":0,"rssi":-21,"tx":{"frames":2429,"cb_ok":2429,"cb_fail":0,"enqueue_err":0,"pdr_ppm":1000000},"rx":{"frames":7667,"lost_seqgap":1,"reorder_dup":0,"dropped_bad":0,"hb_lost":37,"bcast_frames":5095,"pdr_ppm":999869},"rtt":{"samples":256,"min_us":5685,"max_us":33232,"timeouts":0,"txq_last_us":2813,"txq_max_us":6013,"remote_turnaround_us":991,"remote_turnaround_max_us":1689,"p50_us":[4000,6000],"p99_us":[16000,22000],"hist":[0,0,0,0,181,51,18,3,1,0,2,0,0,0,0,0]}}
1791635147.487 {"t":"auth","node":33120,"up_ms":515309,"enrolled":1,"required":1,"verified_peers":2,"verified":8,"cache_hits":522,"refused":0,"rate_limited":0,"stale_epoch":0,"verify_us_max":85042,"link_stack_free_b":1524,"crypto_stack_free_b":1220,"tags_ok":4085,"bad_tag":0,"replayed":0,"untagged":0,"bcast_dropped":0,"beacon_epoch_ignored":0,"tag_us_max":2678}
1791635147.487 {"t":"act","node":33120,"setpoint":0,"has_value":0,"writes_served":0}
1791635147.487 {"t":"peers","node":33120,"own_period_ms":100,"own_busy":0,"channel":1,"scanning":0,"scans":0,"hops":10,"found":0,"lost_to_found_ms":0,"moves_followed":0,"moves_refused":0,"sweeps":1,"sweep_found":0,"sweeping":0,"search_visits":1,"relay":0,"fwd_u":0,"fwd_b":0,"fwd_h":0,"relay_dup":5275,"list":[{"id":29544,"state":"alive","via_relay":0,"period_ms":100,"misses":6,"busy":1,"rtt_n":255},{"id":25344,"state":"alive","via_relay":0,"period_ms":100,"misses":6,"busy":0,"rtt_n":256}]}
1791635147.487 {"t":"ss","node":33120,"accepted":0,"unsigned":0,"unknown_sender":0,"bad_signature":0,"replayed":0,"rate_limited":0,"verify_us_max":0,"floors":[{"src":25344,"epoch":139,"counter":1}]}
1791635147.487 {"t":"rec","node":33120,"up_ms":515404,"settled":1,"sent":2048,"received":1916,"malformed":0,"views":3,"replies_fenced":0,"actors":[{"key":1245650351,"running":0,"term":0,"owner":25344,"owner_term":7,"assigned":25344,"starts":0,"fenced":0,"released":0}]}
1791635147.841 {"t":"node","up_ms":515419,"node":33120,"epoch":289,"peers_alive":2,"peers_dead":0,"no_radio":0,"free_dram":250127,"largest_block":172032,"rx":{"total":25310,"bad_frame":0,"unknown_peer":12,"wrong_dst":0,"short_payload":0,"unknown_opcode":0,"queue_dropped":51},"tx":{"total":9629,"enqueue_err":0,"done_queue_dropped":0},"membership":{"deaths":1,"revivals":0,"reboots_seen":1,"table_full":0,"events_dropped":0}}
1791635147.841 {"t":"ns","node":33120,"hash":13581963,"owner":33120,"kind":"sampled","unit":100,"class":4,"bound_ms":5000,"quality":"GOOD","age_ms":378,"ts":515081,"updates":49,"value":2}
1791635147.841 {"t":"ns","node":33120,"hash":3142365229,"owner":33120,"kind":"sampled","unit":101,"class":4,"bound_ms":30000,"quality":"GOOD","age_ms":394,"ts":515080,"updates":49,"value":172032}
1791635147.841 {"t":"ns","node":33120,"hash":1245650351,"owner":25344,"kind":"sampled","unit":0,"class":3,"bound_ms":500,"quality":"NO_DATA","age_ms":0,"ts":0,"updates":0,"value":null}
1791635147.841 {"t":"ns","node":33120,"hash":2033492666,"owner":33120,"kind":"sampled","unit":0,"class":3,"bound_ms":0,"quality":"NO_DATA","age_ms":0,"ts":0,"updates":0,"value":null}
1791635147.841 {"t":"ns","node":33120,"hash":2347817554,"owner":33120,"kind":"sampled","unit":100,"class":4,"bound_ms":0,"quality":"GOOD","age_ms":435,"ts":515081,"updates":49,"value":289}
1791635147.841 {"t":"ns","node":33120,"hash":1170356950,"owner":33120,"kind":"sampled","unit":80,"class":4,"bound_ms":30000,"quality":"GOOD","age_ms":449,"ts":515080,"updates":49,"value":515}
1791635147.841 {"t":"ns","node":33120,"hash":3085599597,"owner":33120,"kind":"sampled","unit":0,"class":4,"bound_ms":5000,"quality":"GOOD","age_ms":463,"ts":515081,"updates":49,"value":-20}
1791635147.841 {"t":"ns","node":33120,"hash":2486014333,"owner":33120,"kind":"sampled","unit":101,"class":4,"bound_ms":30000,"quality":"GOOD","age_ms":489,"ts":515080,"updates":49,"value":250127}
1791635158.003 {"t":"clk","node":33120,"up_ms":525618}
1791635158.003 {"t":"led","node":33120,"shows":"green","app":0}
1791635158.003 {"t":"event","at_ms":516580,"node":33120,"kind":"peer_admitted","peer":29544,"slot":0,"a":0,"b":0}
1791635158.003 {"t":"event","at_ms":517051,"node":33120,"kind":"peer_admitted","peer":25344,"slot":1,"a":0,"b":0}
1791635158.003 {"t":"event","at_ms":518580,"node":33120,"kind":"peer_admitted","peer":29544,"slot":0,"a":0,"b":0}
1791635158.003 {"t":"event","at_ms":519090,"node":33120,"kind":"peer_admitted","peer":25344,"slot":1,"a":0,"b":0}
1791635158.003 {"t":"event","at_ms":520580,"node":33120,"kind":"peer_admitted","peer":29544,"slot":0,"a":0,"b":0}
1791635158.003 {"t":"event","at_ms":521051,"node":33120,"kind":"peer_admitted","peer":25344,"slot":1,"a":0,"b":0}
1791635158.003 {"t":"event","at_ms":522580,"node":33120,"kind":"peer_admitted","peer":29544,"slot":0,"a":0,"b":0}
1791635158.003 {"t":"event","at_ms":523053,"node":33120,"kind":"peer_admitted","peer":25344,"slot":1,"a":0,"b":0}
1791635158.003 {"t":"event","at_ms":524582,"node":33120,"kind":"peer_admitted","peer":29544,"slot":0,"a":0,"b":0}
1791635158.003 {"t":"event","at_ms":525059,"node":33120,"kind":"peer_admitted","peer":25344,"slot":1,"a":0,"b":0}
1791635158.003 {"t":"link","up_ms":525708,"node":33120,"peer":29544,"mac":"b8:1f:3f:da:73:68","state":"alive","epoch":171,"espnow_ver":2,"mtu":1446,"misses":0,"rssi":-9,"tx":{"frames":1826,"cb_ok":1815,"cb_fail":11,"enqueue_err":0,"pdr_ppm":993975},"rx":{"frames":7230,"lost_seqgap":7,"reorder_dup":0,"dropped_bad":0,"hb_lost":54,"bcast_frames":5147,"pdr_ppm":999032},"rtt":{"samples":260,"min_us":5297,"max_us":40572,"timeouts":2,"txq_last_us":2881,"txq_max_us":28542,"remote_turnaround_us":851,"remote_turnaround_max_us":23918,"p50_us":[4000,6000],"p99_us":[30000,42000],"hist":[0,0,0,0,198,33,12,6,3,1,7,0,0,0,0,0]}}
1791635158.003 {"t":"link","up_ms":525763,"node":33120,"peer":25344,"mac":"b8:1f:3f:da:63:00","state":"alive","epoch":243,"espnow_ver":2,"mtu":1446,"misses":0,"rssi":-20,"tx":{"frames":2561,"cb_ok":2561,"cb_fail":0,"enqueue_err":0,"pdr_ppm":1000000},"rx":{"frames":7901,"lost_seqgap":1,"reorder_dup":0,"dropped_bad":0,"hb_lost":39,"bcast_frames":5199,"pdr_ppm":999873},"rtt":{"samples":261,"min_us":5685,"max_us":33232,"timeouts":0,"txq_last_us":2813,"txq_max_us":6013,"remote_turnaround_us":1056,"remote_turnaround_max_us":1689,"p50_us":[4000,6000],"p99_us":[16000,22000],"hist":[0,0,0,0,183,54,18,3,1,0,2,0,0,0,0,0]}}
1791635158.003 {"t":"auth","node":33120,"up_ms":525817,"enrolled":1,"required":1,"verified_peers":2,"verified":8,"cache_hits":532,"refused":0,"rate_limited":0,"stale_epoch":0,"verify_us_max":85042,"link_stack_free_b":1524,"crypto_stack_free_b":1220,"tags_ok":4246,"bad_tag":0,"replayed":0,"untagged":0,"bcast_dropped":0,"beacon_epoch_ignored":0,"tag_us_max":2678}
1791635158.003 {"t":"act","node":33120,"setpoint":0,"has_value":0,"writes_served":0}
1791635158.003 {"t":"peers","node":33120,"own_period_ms":100,"own_busy":0,"channel":1,"scanning":0,"scans":0,"hops":10,"found":0,"lost_to_found_ms":0,"moves_followed":0,"moves_refused":0,"sweeps":1,"sweep_found":0,"sweeping":0,"search_visits":1,"relay":0,"fwd_u":0,"fwd_b":0,"fwd_h":0,"relay_dup":5382,"list":[{"id":29544,"state":"alive","via_relay":0,"period_ms":100,"misses":6,"busy":1,"rtt_n":260},{"id":25344,"state":"alive","via_relay":0,"period_ms":100,"misses":6,"busy":0,"rtt_n":262}]}
1791635158.003 {"t":"ss","node":33120,"accepted":0,"unsigned":0,"unknown_sender":0,"bad_signature":0,"replayed":0,"rate_limited":0,"verify_us_max":0,"floors":[{"src":25344,"epoch":139,"counter":1}]}
1791635158.003 {"t":"rec","node":33120,"up_ms":525902,"settled":1,"sent":2089,"received":1950,"malformed":0,"views":3,"replies_fenced":0,"actors":[{"key":1245650351,"running":0,"term":0,"owner":25344,"owner_term":7,"assigned":25344,"starts":0,"fenced":0,"released":0}]}
1791635158.003 {"t":"node","up_ms":525932,"node":33120,"epoch":289,"peers_alive":2,"peers_dead":0,"no_radio":0,"free_dram":249875,"largest_block":172032,"rx":{"total":25908,"bad_frame":0,"unknown_peer":12,"wrong_dst":0,"short_payload":0,"unknown_opcode":0,"queue_dropped":51},"tx":{"total":9908,"enqueue_err":0,"done_queue_dropped":0},"membership":{"deaths":1,"revivals":0,"reboots_seen":1,"table_full":0,"events_dropped":0}}
1791635158.351 {"t":"ns","node":33120,"hash":13581963,"owner":33120,"kind":"sampled","unit":100,"class":4,"bound_ms":5000,"quality":"GOOD","age_ms":338,"ts":525624,"updates":50,"value":2}
1791635158.351 {"t":"ns","node":33120,"hash":3142365229,"owner":33120,"kind":"sampled","unit":101,"class":4,"bound_ms":30000,"quality":"GOOD","age_ms":352,"ts":525624,"updates":50,"value":172032}
1791635158.351 {"t":"ns","node":33120,"hash":1245650351,"owner":25344,"kind":"sampled","unit":0,"class":3,"bound_ms":500,"quality":"NO_DATA","age_ms":0,"ts":0,"updates":0,"value":null}
1791635158.351 {"t":"ns","node":33120,"hash":2033492666,"owner":33120,"kind":"sampled","unit":0,"class":3,"bound_ms":0,"quality":"NO_DATA","age_ms":0,"ts":0,"updates":0,"value":null}
1791635158.351 {"t":"ns","node":33120,"hash":2347817554,"owner":33120,"kind":"sampled","unit":100,"class":4,"bound_ms":0,"quality":"GOOD","age_ms":437,"ts":525624,"updates":50,"value":289}
1791635158.351 {"t":"ns","node":33120,"hash":1170356950,"owner":33120,"kind":"sampled","unit":80,"class":4,"bound_ms":30000,"quality":"GOOD","age_ms":451,"ts":525624,"updates":50,"value":525}
1791635158.351 {"t":"ns","node":33120,"hash":3085599597,"owner":33120,"kind":"sampled","unit":0,"class":4,"bound_ms":5000,"quality":"GOOD","age_ms":465,"ts":525624,"updates":50,"value":-20}
1791635158.351 {"t":"ns","node":33120,"hash":2486014333,"owner":33120,"kind":"sampled","unit":101,"class":4,"bound_ms":30000,"quality":"GOOD","age_ms":479,"ts":525624,"updates":50,"value":249875}
1791635161.777 I (530402) esp_image: segment 0: paddr=00140020 vaddr=3c0a0020 size=20398h (131992) map
1791635161.777 I (530422) esp_image: segment 1: paddr=001603c0 vaddr=3fc98800 size=054cch ( 21708)
1791635161.777 I (530426) esp_image: segment 2: paddr=00165894 vaddr=40374000 size=0a784h ( 42884)
1791635161.777 I (530434) esp_image: segment 3: paddr=00170020 vaddr=42000020 size=95160h (610656) map
1791635161.777 I (530516) esp_image: segment 4: paddr=00205188 vaddr=4037e784 size=09fb8h ( 40888)
1791635161.777 I (530523) esp_image: segment 5: paddr=0020f148 vaddr=50000000 size=00024h (    36)
1791635161.777 I (530525) esp_image: segment 0: paddr=00140020 vaddr=3c0a0020 size=20398h (131992) map
1791635161.777 I (530555) esp_image: segment 1: paddr=001603c0 vaddr=3fc98800 size=054cch ( 21708)
1791635161.777 I (530560) esp_image: segment 2: paddr=00165894 vaddr=40374000 size=0a784h ( 42884)
1791635161.777 I (530567) esp_image: segment 3: paddr=00170020 vaddr=42000020 size=95160h (610656) map
1791635161.777 I (530649) esp_image: segment 4: paddr=00205188 vaddr=4037e784 size=09fb8h ( 40888)
1791635161.777 I (530656) esp_image: segment 5: paddr=0020f148 vaddr=50000000 size=00024h (    36)
1791635161.777 I (530693) pot.m0: fw: commit of counter 3: ok (345 ms)
1791635163.675 W (532198) pot.m0: deploy: rebooting into the new slot
1791635163.675 ���ESP-ROM:esp32s3-20210327
1791635163.675 Build:Mar 27 2021
1791635163.675 rst:0xc (RTC_SW_CPU_RST),boot:0x8 (SPI_FAST_FLASH_BOOT)
1791635163.675 Saved PC:0x4037e97a
1791635163.675 SPIWP:0xee
1791635163.675 mode:DIO, clock div:1
1791635163.675 load:0x3fce2820,len:0x14f0
1791635163.675 load:0x403c8700,len:0xda0
1791635163.675 load:0x403cb700,len:0x2f9c
1791635163.675 entry 0x403c8908
1791635163.675 I (29) boot: ESP-IDF v6.0.2 2nd stage bootloader
1791635163.675 I (29) boot: compile time Oct 10 2026 13:24:07
1791635163.675 I (29) boot: Multicore bootloader
1791635163.675 I (29) boot: chip revision: v0.2
1791635163.675 I (32) boot: efuse block revision: v1.4
1791635163.675 I (36) boot.esp32s3: Boot SPI Speed : 80MHz
1791635163.675 I (40) boot.esp32s3: SPI Mode       : DIO
1791635163.675 I (43) boot.esp32s3: SPI Flash Size : 16MB
1791635163.675 I (47) boot: Enabling RNG early entropy source...
1791635163.675 I (52) boot: Partition Table:
1791635163.675 I (54) boot: ## Label            Usage          Type ST Offset   Length
1791635163.675 I (61) boot:  0 nvs              WiFi data        01 02 00009000 00006000
1791635163.675 I (67) boot:  1 phy_init         RF data          01 01 0000f000 00001000
1791635163.675 I (74) boot:  2 factory          factory app      00 00 00010000 00100000
1791635163.675 I (80) boot:  3 modA             Unknown data     01 40 00110000 00010000
1791635163.675 I (87) boot:  4 modB             Unknown data     01 40 00120000 00010000
1791635163.675 I (93) boot:  5 otadata          OTA data         01 00 00130000 00002000
1791635163.675 I (100) boot:  6 ota_0            OTA app          00 10 00140000 00200000
1791635163.675 I (106) boot:  7 ota_1            OTA app          00 11 00340000 00200000
1791635163.675 I (113) boot: End of partition table
1791635163.675 I (149) esp_image: segment 0: paddr=00140020 vaddr=3c0a0020 size=20398h (131992) map
1791635163.675 I (173) esp_image: segment 1: paddr=001603c0 vaddr=3fc98800 size=054cch ( 21708) load
1791635163.675 I (178) esp_image: segment 2: paddr=00165894 vaddr=40374000 size=0a784h ( 42884) load
1791635163.675 I (188) esp_image: segment 3: paddr=00170020 vaddr=42000020 size=95160h (610656) map
1791635163.675 I (300) esp_image: segment 4: paddr=00205188 vaddr=4037e784 size=09fb8h ( 40888) load
1791635163.675 I (310) esp_image: segment 5: paddr=0020f148 vaddr=50000000 size=00024h (    36) load
1791635163.675 I (319) boot: Loaded app from partition at offset 0x140000
1791635163.675 I (319) boot: Disabling RNG early entropy source...
1791635163.675 I (329) octal_psram: vendor id    : 0x0d (AP)
1791635163.675 I (329) octal_psram: dev id       : 0x02 (generation 3)
1791635163.675 I (330) octal_psram: density      : 0x03 (64 Mbit)
1791635163.675 I (332) octal_psram: good-die     : 0x01 (Pass)
1791635163.675 I (336) octal_psram: Latency      : 0x01 (Fixed)
1791635163.675 I (340) octal_psram: VCC          : 0x01 (3V)
1791635163.675 I (344) octal_psram: SRF          : 0x01 (Fast Refresh)
1791635163.675 I (349) octal_psram: BurstType    : 0x01 (Hybrid Wrap)
1791635163.675 I (354) octal_psram: BurstLen     : 0x01 (32 Byte)
1791635163.675 I (359) octal_psram: Readlatency  : 0x02 (10 cycles@Fixed)
1791635163.675 I (364) octal_psram: DriveStrength: 0x00 (1/1)
1791635163.675 I (368) esp_psram: Found 8MB PSRAM device
1791635163.675 I (372) esp_psram: Speed: 40MHz
1791635163.675 I (375) cpu_start: Multicore app
1791635164.713 I (1108) esp_psram: SPI SRAM memory test OK
1791635164.713 I (1118) cpu_start: GPIO 44 and 43 are used as console UART I/O pins
1791635164.713 I (1119) cpu_start: Pro cpu start user code
1791635164.713 I (1119) cpu_start: cpu freq: 160000000 Hz
1791635164.713 I (1121) app_init: Application information:
1791635164.713 I (1125) app_init: Project name:     potluck_m0
1791635164.713 I (1129) app_init: App version:      deploy-and-detach-165-g237f874-
1791635164.713 I (1135) app_init: Compile time:     Oct 10 2026 14:19:10
1791635164.713 I (1140) app_init: ELF file SHA256:  ec537f7c0...
1791635164.713 I (1145) app_init: ESP-IDF:          v6.0.2
1791635164.713 I (1148) efuse_init: Min chip rev:     v0.0
1791635164.713 I (1152) efuse_init: Max chip rev:     v0.99
1791635164.713 I (1156) efuse_init: Chip rev:         v0.2
1791635164.713 I (1160) heap_init: Initializing. RAM available for dynamic allocation:
1791635164.713 I (1167) heap_init: At 3FCACD60 len 0003C9B0 (242 KiB): RAM
1791635164.713 I (1172) heap_init: At 3FCE9710 len 00005724 (21 KiB): RAM
1791635164.713 I (1177) heap_init: At 3FCF0000 len 00008000 (32 KiB): DRAM
1791635164.713 I (1183) heap_init: At 600FE000 len 00001FE8 (7 KiB): RTCRAM
1791635164.713 I (1188) esp_psram: Adding pool of 8151K of PSRAM memory to heap allocator
1791635164.713 I (1195) spi_flash: detected chip: generic
1791635164.713 I (1198) spi_flash: flash io: dio
1791635164.713 I (1202) sleep_gpio: Configure to isolate all GPIO pins in sleep state
1791635164.713 I (1208) sleep_gpio: Enable automatic switching of GPIO sleep configuration
1791635164.713 I (1215) main_task: Started on CPU0
1791635164.713 I (1238) esp_psram: Reserving pool of 32K of internal memory for DMA/internal allocations
1791635164.713 I (1239) main_task: Calling app_main()
1791635164.713 I (1253) pot.m0: channel 1 from the last boot (build default 1)
1791635164.713 I (1255) pp: pp rom version: e7ae62f
1791635164.713 I (1255) net80211: net80211 rom version: e7ae62f
1791635164.713 I (1257) wifi:wifi driver task: 3fcee984, prio:23, stack:6656, core=0
1791635164.713 I (1263) wifi:wifi firmware version: 00ad238
1791635164.713 I (1266) wifi:wifi certification version: v7.0
1791635164.713 I (1270) wifi:config NVS flash: disabled
1791635164.713 I (1273) wifi:config nano formatting: disabled
1791635164.713 I (1278) wifi:Init data frame dynamic rx buffer num: 16
1791635164.713 I (1283) wifi:Init static rx mgmt buffer num: 5
1791635164.713 I (1287) wifi:Init management short buffer num: 32
1791635164.713 I (1291) wifi:Init dynamic tx buffer num: 32
1791635164.713 I (1295) wifi:Init static tx FG buffer num: 2
1791635164.713 I (1299) wifi:Init static rx buffer size: 1600
1791635164.713 I (1304) wifi:Init static rx buffer num: 6
1791635164.713 I (1307) wifi:Init dynamic rx buffer num: 16
1791635164.713 I (1312) wifi_init: accept mbox: 6
1791635164.713 I (1314) wifi_init: tcpip mbox: 32
1791635164.713 I (1317) wifi_init: udp mbox: 6
1791635164.713 I (1320) wifi_init: tcp mbox: 6
1791635164.713 I (1323) wifi_init: tcp tx win: 5760
1791635164.713 I (1327) wifi_init: tcp rx win: 5760
1791635164.713 I (1330) wifi_init: tcp mss: 1440
1791635164.713 I (1333) wifi_init: WiFi IRAM OP enabled
1791635164.713 I (1336) wifi_init: WiFi RX IRAM OP enabled
1791635164.713 I (1341) phy_init: phy_version 712,87e8c20e,Apr 13 2026,18:51:10
1791635164.713 I (1390) wifi:mode : sta (b8:1f:3f:da:81:60)
1791635164.713 I (1391) wifi:enable tsf
1791635164.713 I (1392) wifi:Set ps type: 0, coexist: 0
1791635164.713 
1791635164.713 I (1394) ESPNOW: espnow [version: 2.0] init
1791635164.713 I (1395) pot.espnow: esp-now v2 up on channel 1, mac b8:1f:3f:da:81:60
1791635164.713 I (1402) pot.epoch: boot epoch 290
1791635164.713 I (1403) pot.m0: namespace: 6 resources declared
1791635164.713 I (1409) pot.serial: frame link on UART1, tx=17 rx=18, 921600 baud
1791635164.713 I (1414) pot.m0: status LED on GPIO48 and GPIO38; self-test red, green, blue
1791635166.461 I (2923) pot.m0: deploy: image counter 24, digest 682b3a05..., 1 actor(s) in the image
1791635166.461 I (2923) pot.m0: deploy: boot confirmed, running slot B, trial boot 0/3, counter 24
1791635166.461 I (2928) pot.m0: fw: running ota_0 (deploy-and-detach-165-g237f874-), counter 3, floor 2, ON TRIAL; spare slot ota_1, 2048 KB
1791635166.461 I (2938) pot.m0: reconciler: 1 portable actor(s)
1791635166.461 {"t":"enrol","node":33120,"pub":"0392ff6cd7890c311c0b048061f7b78a8a4c8f2363360d5bc3a19d91996afe04","enrolled":1,"ca_fp":"ef76cc2e"}
1791635166.461 I (2955) pot.m0: safe_state: high-water table restored from NVS
1791635166.461 I (2960) pot.m0: auth: enrolled, required
1791635166.461 I (2963) pot.m0: Potluck M0 node 0x8160 epoch 290, heartbeat 100 ms x 6 misses = 600 ms
1791635166.461 I (2971) main_task: Returned from app_main()
1791635166.461 {"t":"boot","node":33120,"epoch":290,"mac":"b8:1f:3f:da:81:60","espnow_ver":2,"chan":1,"hb_period_ms":100,"hb_miss_limit":6,"fw":"deploy-and-detach-165-g237f874-","idf":"v6.0.2","dram":{"at_boot":288335,"after_nvs":288335,"after_netif":280519,"after_wifi_init":249967,"after_wifi_start":248263,"after_espnow":248111,"largest_block":172032,"wifi_stack":32256,"espnow":152,"total_to_radio":40224}}
1791635166.461 I (3015) pot.m0: beacon mode: broadcast_beacon
1791635166.461 I (3086) pot.m0: discovered peer 0x7368
1791635166.461 I (3087) pot.m0: peer 0x7368 pinned to ESP-NOW v2, payload cap 1446 B
1791635166.461 I (3173) pot.m0: discovered peer 0x6300
1791635166.461 I (3174) pot.m0: peer 0x6300 pinned to ESP-NOW v2, payload cap 1446 B
1791635176.434 I (13008) pot.m0: fw: trial passed after 100 heartbeats with 2 radio peer(s) - counter 3 CONFIRMED
1791635176.434 {"t":"clk","node":33120,"up_ms":11828}
1791635176.434 {"t":"led","node":33120,"shows":"green","app":0}
1791635176.434 {"t":"event","at_ms":1897,"node":33120,"kind":"peer_discovered","peer":29544,"slot":0,"a":171,"b":0}
1791635176.434 {"t":"event","at_ms":1898,"node":33120,"kind":"version_pinned","peer":29544,"slot":0,"a":2,"b":1446}
1791635176.434 {"t":"event","at_ms":1900,"node":33120,"kind":"peer_alive","peer":29544,"slot":0,"a":0,"b":0}
1791635176.434 {"t":"event","at_ms":1901,"node":33120,"kind":"peer_admitted","peer":29544,"slot":0,"a":0,"b":0}
1791635176.434 {"t":"event","at_ms":1906,"node":33120,"kind":"peer_admitted","peer":29544,"slot":0,"a":0,"b":0}
1791635176.434 {"t":"event","at_ms":1985,"node":33120,"kind":"peer_discovered","peer":25344,"slot":1,"a":243,"b":0}
1791635176.434 {"t":"event","at_ms":1986,"node":33120,"kind":"version_pinned","peer":25344,"slot":1,"a":2,"b":1446}
1791635176.434 {"t":"event","at_ms":1987,"node":33120,"kind":"peer_alive","peer":25344,"slot":1,"a":0,"b":0}
1791635176.434 {"t":"event","at_ms":1988,"node":33120,"kind":"peer_admitted","peer":25344,"slot":1,"a":0,"b":0}
1791635176.434 {"t":"event","at_ms":1997,"node":33120,"kind":"actor_owner","peer":25344,"slot":255,"a":1245650351,"b":7}
1791635176.434 {"t":"event","at_ms":2347,"node":33120,"kind":"peer_admitted","peer":29544,"slot":0,"a":0,"b":0}
1791635176.434 {"t":"event","at_ms":2817,"node":33120,"kind":"peer_admitted","peer":25344,"slot":1,"a":0,"b":0}
1791635176.434 {"t":"event","at_ms":4347,"node":33120,"kind":"peer_admitted","peer":29544,"slot":0,"a":0,"b":0}
1791635176.434 {"t":"event","at_ms":4817,"node":33120,"kind":"peer_admitted","peer":25344,"slot":1,"a":0,"b":0}
1791635176.434 {"t":"event","at_ms":6347,"node":33120,"kind":"peer_admitted","peer":29544,"slot":0,"a":0,"b":0}
1791635176.434 {"t":"event","at_ms":6817,"node":33120,"kind":"peer_admitted","peer":25344,"slot":1,"a":0,"b":0}
1791635176.434 {"t":"event","at_ms":8346,"node":33120,"kind":"peer_admitted","peer":29544,"slot":0,"a":0,"b":0}
1791635176.434 {"t":"event","at_ms":8817,"node":33120,"kind":"peer_admitted","peer":25344,"slot":1,"a":0,"b":0}
1791635176.434 {"t":"event","at_ms":10347,"node":33120,"kind":"peer_admitted","peer":29544,"slot":0,"a":0,"b":0}
1791635176.434 {"t":"event","at_ms":10817,"node":33120,"kind":"peer_admitted","peer":25344,"slot":1,"a":0,"b":0}
1791635176.434 {"t":"link","up_ms":11999,"node":33120,"peer":29544,"mac":"b8:1f:3f:da:73:68","state":"alive","epoch":171,"espnow_ver":2,"mtu":1446,"misses":0,"rssi":-9,"tx":{"frames":38,"cb_ok":38,"cb_fail":0,"enqueue_err":0,"pdr_ppm":1000000},"rx":{"frames":146,"lost_seqgap":0,"reorder_dup":0,"dropped_bad":0,"hb_lost":0,"bcast_frames":100,"pdr_ppm":1000000},"rtt":{"samples":5,"min_us":5540,"max_us":9093,"timeouts":0,"txq_last_us":2626,"txq_max_us":6314,"remote_turnaround_us":792,"remote_turnaround_max_us":1418,"p50_us":[6000,8000],"p99_us":[8000,11000],"hist":[0,0,0,0,1,3,1,0,0,0,0,0,0,0,0,0]}}
1791635176.434 {"t":"link","up_ms":12052,"node":33120,"peer":25344,"mac":"b8:1f:3f:da:63:00","state":"alive","epoch":243,"espnow_ver":2,"mtu":1446,"misses":0,"rssi":-19,"tx":{"frames":42,"cb_ok":42,"cb_fail":0,"enqueue_err":0,"pdr_ppm":1000000},"rx":{"frames":143,"lost_seqgap":0,"reorder_dup":0,"dropped_bad":0,"hb_lost":3,"bcast_frames":100,"pdr_ppm":1000000},"rtt":{"samples":5,"min_us":6041,"max_us":31219,"timeouts":0,"txq_last_us":30949,"txq_max_us":30949,"remote_turnaround_us":918,"remote_turnaround_max_us":1166,"p50_us":[6000,8000],"p99_us":[30000,42000],"hist":[0,0,0,0,0,4,0,0,0,0,1,0,0,0,0,0]}}
1791635176.434 {"t":"auth","node":33120,"up_ms":12107,"enrolled":1,"required":1,"verified_peers":2,"verified":2,"cache_hits":11,"refused":0,"rate_limited":0,"stale_epoch":0,"verify_us_max":87047,"link_stack_free_b":1524,"crypto_stack_free_b":1140,"tags_ok":77,"bad_tag":0,"replayed":0,"untagged":0,"bcast_dropped":0,"beacon_epoch_ignored":0,"tag_us_max":1095}
1791635176.434 {"t":"act","node":33120,"setpoint":0,"has_value":0,"writes_served":0}
1791635176.855 {"t":"peers","node":33120,"own_period_ms":100,"own_busy":0,"channel":1,"scanning":0,"scans":0,"hops":0,"found":0,"lost_to_found_ms":0,"moves_followed":0,"moves_refused":0,"sweeps":0,"sweep_found":0,"sweeping":0,"search_visits":0,"relay":0,"fwd_u":0,"fwd_b":0,"fwd_h":0,"relay_dup":106,"list":[{"id":29544,"state":"alive","via_relay":0,"period_ms":100,"misses":6,"busy":1,"rtt_n":5},{"id":25344,"state":"alive","via_relay":0,"period_ms":100,"misses":6,"busy":0,"rtt_n":5}]}
1791635176.855 {"t":"ss","node":33120,"accepted":0,"unsigned":0,"unknown_sender":0,"bad_signature":0,"replayed":0,"rate_limited":0,"verify_us_max":0,"floors":[{"src":25344,"epoch":139,"counter":1}]}
1791635176.855 {"t":"rec","node":33120,"up_ms":12201,"settled":1,"sent":44,"received":37,"malformed":0,"views":2,"replies_fenced":0,"actors":[{"key":1245650351,"running":0,"term":0,"owner":25344,"owner_term":7,"assigned":25344,"starts":0,"fenced":0,"released":0}]}
1791635176.855 {"t":"node","up_ms":12217,"node":33120,"epoch":290,"peers_alive":2,"peers_dead":0,"no_radio":0,"free_dram":250307,"largest_block":172032,"rx":{"total":518,"bad_frame":0,"unknown_peer":10,"wrong_dst":0,"short_payload":0,"unknown_opcode":0,"queue_dropped":49},"tx":{"total":194,"enqueue_err":0,"done_queue_dropped":0},"membership":{"deaths":0,"revivals":0,"reboots_seen":0,"table_full":0,"events_dropped":0}}
1791635176.855 {"t":"ns","node":33120,"hash":13581963,"owner":33120,"kind":"sampled","unit":100,"class":4,"bound_ms":5000,"quality":"GOOD","age_ms":426,"ts":11830,"updates":1,"value":2}
1791635176.855 {"t":"ns","node":33120,"hash":3142365229,"owner":33120,"kind":"sampled","unit":101,"class":4,"bound_ms":30000,"quality":"GOOD","age_ms":440,"ts":11830,"updates":1,"value":172032}
1791635176.855 {"t":"ns","node":33120,"hash":1245650351,"owner":25344,"kind":"sampled","unit":0,"class":3,"bound_ms":500,"quality":"NO_DATA","age_ms":0,"ts":0,"updates":0,"value":null}
1791635176.855 {"t":"ns","node":33120,"hash":2033492666,"owner":33120,"kind":"sampled","unit":0,"class":3,"bound_ms":0,"quality":"NO_DATA","age_ms":0,"ts":0,"updates":0,"value":null}
1791635176.855 {"t":"ns","node":33120,"hash":2347817554,"owner":33120,"kind":"sampled","unit":100,"class":4,"bound_ms":0,"quality":"GOOD","age_ms":482,"ts":11830,"updates":1,"value":290}
1791635176.855 {"t":"ns","node":33120,"hash":1170356950,"owner":33120,"kind":"sampled","unit":80,"class":4,"bound_ms":30000,"quality":"GOOD","age_ms":496,"ts":11830,"updates":1,"value":11}
1791635176.855 {"t":"ns","node":33120,"hash":3085599597,"owner":33120,"kind":"sampled","unit":0,"class":4,"bound_ms":5000,"quality":"GOOD","age_ms":522,"ts":11830,"updates":1,"value":-20}
1791635176.855 {"t":"ns","node":33120,"hash":2486014333,"owner":33120,"kind":"sampled","unit":101,"class":4,"bound_ms":30000,"quality":"GOOD","age_ms":536,"ts":11830,"updates":1,"value":250307}
1791635186.994 {"t":"clk","node":33120,"up_ms":22380}
1791635186.994 {"t":"led","node":33120,"shows":"green","app":0}
1791635186.994 {"t":"event","at_ms":12347,"node":33120,"kind":"peer_admitted","peer":29544,"slot":0,"a":0,"b":0}
1791635186.994 {"t":"event","at_ms":12817,"node":33120,"kind":"peer_admitted","peer":25344,"slot":1,"a":0,"b":0}
1791635186.994 {"t":"event","at_ms":14347,"node":33120,"kind":"peer_admitted","peer":29544,"slot":0,"a":0,"b":0}
1791635186.994 {"t":"event","at_ms":14817,"node":33120,"kind":"peer_admitted","peer":25344,"slot":1,"a":0,"b":0}
1791635186.994 {"t":"event","at_ms":16348,"node":33120,"kind":"peer_admitted","peer":29544,"slot":0,"a":0,"b":0}
1791635186.994 {"t":"event","at_ms":16819,"node":33120,"kind":"peer_admitted","peer":25344,"slot":1,"a":0,"b":0}
1791635186.994 {"t":"event","at_ms":18348,"node":33120,"kind":"peer_admitted","peer":29544,"slot":0,"a":0,"b":0}
1791635186.994 {"t":"event","at_ms":18819,"node":33120,"kind":"peer_admitted","peer":25344,"slot":1,"a":0,"b":0}
1791635186.994 {"t":"event","at_ms":20348,"node":33120,"kind":"peer_admitted","peer":29544,"slot":0,"a":0,"b":0}
1791635186.994 {"t":"event","at_ms":20824,"node":33120,"kind":"peer_admitted","peer":25344,"slot":1,"a":0,"b":0}
1791635186.994 {"t":"event","at_ms":22348,"node":33120,"kind":"peer_admitted","peer":29544,"slot":0,"a":0,"b":0}
1791635186.994 {"t":"link","up_ms":22479,"node":33120,"peer":29544,"mac":"b8:1f:3f:da:73:68","state":"alive","epoch":171,"espnow_ver":2,"mtu":1446,"misses":0,"rssi":-9,"tx":{"frames":76,"cb_ok":76,"cb_fail":0,"enqueue_err":0,"pdr_ppm":1000000},"rx":{"frames":294,"lost_seqgap":0,"reorder_dup":0,"dropped_bad":0,"hb_lost":0,"bcast_frames":205,"pdr_ppm":1000000},"rtt":{"samples":10,"min_us":5540,"max_us":9093,"timeouts":0,"txq_last_us":2874,"txq_max_us":6314,"remote_turnaround_us":808,"remote_turnaround_max_us":1418,"p50_us":[4000,6000],"p99_us":[8000,11000],"hist":[0,0,0,0,5,4,1,0,0,0,0,0,0,0,0,0]}}
1791635186.994 {"t":"link","up_ms":22533,"node":33120,"peer":25344,"mac":"b8:1f:3f:da:63:00","state":"alive","epoch":243,"espnow_ver":2,"mtu":1446,"misses":0,"rssi":-19,"tx":{"frames":77,"cb_ok":77,"cb_fail":0,"enqueue_err":0,"pdr_ppm":1000000},"rx":{"frames":279,"lost_seqgap":0,"reorder_dup":0,"dropped_bad":0,"hb_lost":4,"bcast_frames":204,"pdr_ppm":1000000},"rtt":{"samples":10,"min_us":6029,"max_us":31219,"timeouts":0,"txq_last_us":2841,"txq_max_us":30949,"remote_turnaround_us":955,"remote_turnaround_max_us":6589,"p50_us":[6000,8000],"p99_us":[30000,42000],"hist":[0,0,0,0,0,8,0,1,0,0,1,0,0,0,0,0]}}
1791635186.994 {"t":"auth","node":33120,"up_ms":22575,"enrolled":1,"required":1,"verified_peers":2,"verified":2,"cache_hits":22,"refused":0,"rate_limited":0,"stale_epoch":0,"verify_us_max":87047,"link_stack_free_b":1524,"crypto_stack_free_b":1140,"tags_ok":140,"bad_tag":0,"replayed":0,"untagged":0,"bcast_dropped":0,"beacon_epoch_ignored":0,"tag_us_max":1095}
1791635186.994 {"t":"act","node":33120,"setpoint":0,"has_value":0,"writes_served":0}
1791635186.994 {"t":"peers","node":33120,"own_period_ms":100,"own_busy":0,"channel":1,"scanning":0,"scans":0,"hops":0,"found":0,"lost_to_found_ms":0,"moves_followed":0,"moves_refused":0,"sweeps":0,"sweep_found":0,"sweeping":0,"search_visits":0,"relay":0,"fwd_u":0,"fwd_b":0,"fwd_h":0,"relay_dup":213,"list":[{"id":29544,"state":"alive","via_relay":0,"period_ms":100,"misses":6,"busy":1,"rtt_n":10},{"id":25344,"state":"alive","via_relay":0,"period_ms":100,"misses":6,"busy":0,"rtt_n":10}]}
1791635186.994 {"t":"ss","node":33120,"accepted":0,"unsigned":0,"unknown_sender":0,"bad_signature":0,"replayed":0,"rate_limited":0,"verify_us_max":0,"floors":[{"src":25344,"epoch":139,"counter":1}]}
1791635186.994 {"t":"rec","node":33120,"up_ms":22670,"settled":1,"sent":86,"received":71,"malformed":0,"views":2,"replies_fenced":0,"actors":[{"key":1245650351,"running":0,"term":0,"owner":25344,"owner_term":7,"assigned":25344,"starts":0,"fenced":0,"released":0}]}
1791635187.327 {"t":"node","up_ms":22697,"node":33120,"epoch":290,"peers_alive":2,"peers_dead":0,"no_radio":0,"free_dram":250307,"largest_block":172032,"rx":{"total":1019,"bad_frame":0,"unknown_peer":10,"wrong_dst":0,"short_payload":0,"unknown_opcode":0,"queue_dropped":49},"tx":{"total":377,"enqueue_err":0,"done_queue_dropped":0},"membership":{"deaths":0,"revivals":0,"reboots_seen":0,"table_full":0,"events_dropped":0}}
1791635187.327 {"t":"ns","node":33120,"hash":13581963,"owner":33120,"kind":"sampled","unit":100,"class":4,"bound_ms":5000,"quality":"GOOD","age_ms":344,"ts":22382,"updates":2,"value":2}
1791635187.327 {"t":"ns","node":33120,"hash":3142365229,"owner":33120,"kind":"sampled","unit":101,"class":4,"bound_ms":30000,"quality":"GOOD","age_ms":359,"ts":22381,"updates":2,"value":172032}
1791635187.327 {"t":"ns","node":33120,"hash":1245650351,"owner":25344,"kind":"sampled","unit":0,"class":3,"bound_ms":500,"quality":"NO_DATA","age_ms":0,"ts":0,"updates":0,"value":null}
1791635187.327 {"t":"ns","node":33120,"hash":2033492666,"owner":33120,"kind":"sampled","unit":0,"class":3,"bound_ms":0,"quality":"NO_DATA","age_ms":0,"ts":0,"updates":0,"value":null}
1791635187.327 {"t":"ns","node":33120,"hash":2347817554,"owner":33120,"kind":"sampled","unit":100,"class":4,"bound_ms":0,"quality":"GOOD","age_ms":412,"ts":22381,"updates":2,"value":290}
1791635187.327 {"t":"ns","node":33120,"hash":1170356950,"owner":33120,"kind":"sampled","unit":80,"class":4,"bound_ms":30000,"quality":"GOOD","age_ms":426,"ts":22381,"updates":2,"value":22}
1791635187.327 {"t":"ns","node":33120,"hash":3085599597,"owner":33120,"kind":"sampled","unit":0,"class":4,"bound_ms":5000,"quality":"GOOD","age_ms":441,"ts":22382,"updates":2,"value":-19}
1791635187.327 {"t":"ns","node":33120,"hash":2486014333,"owner":33120,"kind":"sampled","unit":101,"class":4,"bound_ms":30000,"quality":"GOOD","age_ms":456,"ts":22381,"updates":2,"value":250307}
1791635197.465 {"t":"clk","node":33120,"up_ms":32851}
1791635197.465 {"t":"led","node":33120,"shows":"green","app":0}
1791635197.465 {"t":"event","at_ms":22822,"node":33120,"kind":"peer_admitted","peer":25344,"slot":1,"a":0,"b":0}
1791635197.465 {"t":"event","at_ms":24348,"node":33120,"kind":"peer_admitted","peer":29544,"slot":0,"a":0,"b":0}
1791635197.465 {"t":"event","at_ms":24858,"node":33120,"kind":"peer_admitted","peer":25344,"slot":1,"a":0,"b":0}
1791635197.465 {"t":"event","at_ms":26348,"node":33120,"kind":"peer_admitted","peer":29544,"slot":0,"a":0,"b":0}
1791635197.465 {"t":"event","at_ms":26857,"node":33120,"kind":"peer_admitted","peer":25344,"slot":1,"a":0,"b":0}
1791635197.465 {"t":"event","at_ms":28351,"node":33120,"kind":"peer_admitted","peer":29544,"slot":0,"a":0,"b":0}
1791635197.465 {"t":"event","at_ms":28856,"node":33120,"kind":"peer_admitted","peer":25344,"slot":1,"a":0,"b":0}
1791635197.465 {"t":"event","at_ms":30348,"node":33120,"kind":"peer_admitted","peer":29544,"slot":0,"a":0,"b":0}
1791635197.465 {"t":"event","at_ms":30857,"node":33120,"kind":"peer_admitted","peer":25344,"slot":1,"a":0,"b":0}
1791635197.465 {"t":"event","at_ms":32348,"node":33120,"kind":"peer_admitted","peer":29544,"slot":0,"a":0,"b":0}
1791635197.465 {"t":"event","at_ms":32857,"node":33120,"kind":"peer_admitted","peer":25344,"slot":1,"a":0,"b":0}
1791635197.465 {"t":"link","up_ms":32948,"node":33120,"peer":29544,"mac":"b8:1f:3f:da:73:68","state":"alive","epoch":171,"espnow_ver":2,"mtu":1446,"misses":0,"rssi":-10,"tx":{"frames":113,"cb_ok":113,"cb_fail":0,"enqueue_err":0,"pdr_ppm":1000000},"rx":{"frames":441,"lost_seqgap":0,"reorder_dup":0,"dropped_bad":0,"hb_lost":0,"bcast_frames":310,"pdr_ppm":1000000},"rtt":{"samples":16,"min_us":5540,"max_us":9093,"timeouts":0,"txq_last_us":2852,"txq_max_us":6314,"remote_turnaround_us":870,"remote_turnaround_max_us":1418,"p50_us":[4000,6000],"p99_us":[8000,11000],"hist":[0,0,0,0,11,4,1,0,0,0,0,0,0,0,0,0]}}
1791635197.465 {"t":"link","up_ms":33002,"node":33120,"peer":25344,"mac":"b8:1f:3f:da:63:00","state":"alive","epoch":243,"espnow_ver":2,"mtu":1446,"misses":0,"rssi":-20,"tx":{"frames":113,"cb_ok":113,"cb_fail":0,"enqueue_err":0,"pdr_ppm":1000000},"rx":{"frames":417,"lost_seqgap":0,"reorder_dup":0,"dropped_bad":0,"hb_lost":4,"bcast_frames":308,"pdr_ppm":1000000},"rtt":{"samples":15,"min_us":5976,"max_us":31219,"timeouts":0,"txq_last_us":2829,"txq_max_us":30949,"remote_turnaround_us":955,"remote_turnaround_max_us":6589,"p50_us":[6000,8000],"p99_us":[30000,42000],"hist":[0,0,0,0,1,10,1,2,0,0,1,0,0,0,0,0]}}
1791635197.465 {"t":"auth","node":33120,"up_ms":33056,"enrolled":1,"required":1,"verified_peers":2,"verified":2,"cache_hits":33,"refused":0,"rate_limited":0,"stale_epoch":0,"verify_us_max":87047,"link_stack_free_b":1524,"crypto_stack_free_b":1140,"tags_ok":205,"bad_tag":0,"replayed":0,"untagged":0,"bcast_dropped":0,"beacon_epoch_ignored":0,"tag_us_max":1095}
1791635197.465 {"t":"act","node":33120,"setpoint":0,"has_value":0,"writes_served":0}
1791635197.465 {"t":"peers","node":33120,"own_period_ms":100,"own_busy":0,"channel":1,"scanning":0,"scans":0,"hops":0,"found":0,"lost_to_found_ms":0,"moves_followed":0,"moves_refused":0,"sweeps":0,"sweep_found":0,"sweeping":0,"search_visits":0,"relay":0,"fwd_u":0,"fwd_b":0,"fwd_h":0,"relay_dup":323,"list":[{"id":29544,"state":"alive","via_relay":0,"period_ms":100,"misses":6,"busy":1,"rtt_n":16},{"id":25344,"state":"alive","via_relay":0,"period_ms":100,"misses":6,"busy":0,"rtt_n":15}]}
1791635197.465 {"t":"ss","node":33120,"accepted":0,"unsigned":0,"unknown_sender":0,"bad_signature":0,"replayed":0,"rate_limited":0,"verify_us_max":0,"floors":[{"src":25344,"epoch":139,"counter":1}]}
1791635197.465 {"t":"rec","node":33120,"up_ms":33141,"settled":1,"sent":127,"received":106,"malformed":0,"views":2,"replies_fenced":0,"actors":[{"key":1245650351,"running":0,"term":0,"owner":25344,"owner_term":7,"assigned":25344,"starts":0,"fenced":0,"released":0}]}
1791635197.803 {"t":"node","up_ms":33167,"node":33120,"epoch":290,"peers_alive":2,"peers_dead":0,"no_radio":0,"free_dram":250307,"largest_block":172032,"rx":{"total":1524,"bad_frame":0,"unknown_peer":10,"wrong_dst":0,"short_payload":0,"unknown_opcode":0,"queue_dropped":49},"tx":{"total":559,"enqueue_err":0,"done_queue_dropped":0},"membership":{"deaths":0,"revivals":0,"reboots_seen":0,"table_full":0,"events_dropped":0}}
1791635197.803 {"t":"ns","node":33120,"hash":13581963,"owner":33120,"kind":"sampled","unit":100,"class":4,"bound_ms":5000,"quality":"GOOD","age_ms":354,"ts":32853,"updates":3,"value":2}
1791635197.803 {"t":"ns","node":33120,"hash":3142365229,"owner":33120,"kind":"sampled","unit":101,"class":4,"bound_ms":30000,"quality":"GOOD","age_ms":369,"ts":32852,"updates":3,"value":172032}
1791635197.803 {"t":"ns","node":33120,"hash":1245650351,"owner":25344,"kind":"sampled","unit":0,"class":3,"bound_ms":500,"quality":"NO_DATA","age_ms":0,"ts":0,"updates":0,"value":null}
1791635197.803 {"t":"ns","node":33120,"hash":2033492666,"owner":33120,"kind":"sampled","unit":0,"class":3,"bound_ms":0,"quality":"NO_DATA","age_ms":0,"ts":0,"updates":0,"value":null}
1791635197.803 {"t":"ns","node":33120,"hash":2347817554,"owner":33120,"kind":"sampled","unit":100,"class":4,"bound_ms":0,"quality":"GOOD","age_ms":411,"ts":32852,"updates":3,"value":290}
1791635197.803 {"t":"ns","node":33120,"hash":1170356950,"owner":33120,"kind":"sampled","unit":80,"class":4,"bound_ms":30000,"quality":"GOOD","age_ms":425,"ts":32852,"updates":3,"value":32}
1791635197.803 {"t":"ns","node":33120,"hash":3085599597,"owner":33120,"kind":"sampled","unit":0,"class":4,"bound_ms":5000,"quality":"GOOD","age_ms":438,"ts":32853,"updates":3,"value":-20}
1791635197.803 {"t":"ns","node":33120,"hash":2486014333,"owner":33120,"kind":"sampled","unit":101,"class":4,"bound_ms":30000,"quality":"GOOD","age_ms":453,"ts":32852,"updates":3,"value":250307}
1791635207.933 {"t":"clk","node":33120,"up_ms":43319}
1791635207.933 {"t":"led","node":33120,"shows":"green","app":0}
1791635207.933 {"t":"event","at_ms":34348,"node":33120,"kind":"peer_admitted","peer":29544,"slot":0,"a":0,"b":0}
1791635207.933 {"t":"event","at_ms":34862,"node":33120,"kind":"peer_admitted","peer":25344,"slot":1,"a":0,"b":0}
1791635207.933 {"t":"event","at_ms":36348,"node":33120,"kind":"peer_admitted","peer":29544,"slot":0,"a":0,"b":0}
1791635207.933 {"t":"event","at_ms":36862,"node":33120,"kind":"peer_admitted","peer":25344,"slot":1,"a":0,"b":0}
1791635207.933 {"t":"event","at_ms":38348,"node":33120,"kind":"peer_admitted","peer":29544,"slot":0,"a":0,"b":0}
1791635207.933 {"t":"event","at_ms":38862,"node":33120,"kind":"peer_admitted","peer":25344,"slot":1,"a":0,"b":0}
1791635207.933 {"t":"event","at_ms":40348,"node":33120,"kind":"peer_admitted","peer":29544,"slot":0,"a":0,"b":0}
1791635207.933 {"t":"event","at_ms":40863,"node":33120,"kind":"peer_admitted","peer":25344,"slot":1,"a":0,"b":0}
1791635207.933 {"t":"event","at_ms":42348,"node":33120,"kind":"peer_admitted","peer":29544,"slot":0,"a":0,"b":0}
1791635207.933 {"t":"event","at_ms":42863,"node":33120,"kind":"peer_admitted","peer":25344,"slot":1,"a":0,"b":0}
1791635207.933 {"t":"link","up_ms":43404,"node":33120,"peer":29544,"mac":"b8:1f:3f:da:73:68","state":"alive","epoch":171,"espnow_ver":2,"mtu":1446,"misses":0,"rssi":-8,"tx":{"frames":149,"cb_ok":149,"cb_fail":0,"enqueue_err":0,"pdr_ppm":1000000},"rx":{"frames":586,"lost_seqgap":0,"reorder_dup":0,"dropped_bad":0,"hb_lost":0,"bcast_frames":414,"pdr_ppm":1000000},"rtt":{"samples":21,"min_us":5540,"max_us":9093,"timeouts":0,"txq_last_us":3461,"txq_max_us":6314,"remote_turnaround_us":802,"remote_turnaround_max_us":1418,"p50_us":[4000,6000],"p99_us":[8000,11000],"hist":[0,0,0,0,13,7,1,0,0,0,0,0,0,0,0,0]}}
1791635207.933 {"t":"link","up_ms":43458,"node":33120,"peer":25344,"mac":"b8:1f:3f:da:63:00","state":"alive","epoch":243,"espnow_ver":2,"mtu":1446,"misses":0,"rssi":-20,"tx":{"frames":147,"cb_ok":147,"cb_fail":0,"enqueue_err":0,"pdr_ppm":1000000},"rx":{"frames":553,"lost_seqgap":0,"reorder_dup":0,"dropped_bad":0,"hb_lost":4,"bcast_frames":413,"pdr_ppm":1000000},"rtt":{"samples":20,"min_us":5899,"max_us":31219,"timeouts":0,"txq_last_us":2845,"txq_max_us":30949,"remote_turnaround_us":942,"remote_turnaround_max_us":8221,"p50_us":[6000,8000],"p99_us":[30000,42000],"hist":[0,0,0,0,2,13,1,2,1,0,1,0,0,0,0,0]}}
1791635207.933 {"t":"auth","node":33120,"up_ms":43512,"enrolled":1,"required":1,"verified_peers":2,"verified":2,"cache_hits":43,"refused":0,"rate_limited":0,"stale_epoch":0,"verify_us_max":87047,"link_stack_free_b":1524,"crypto_stack_free_b":1140,"tags_ok":267,"bad_tag":0,"replayed":0,"untagged":0,"bcast_dropped":0,"beacon_epoch_ignored":0,"tag_us_max":1095}
1791635207.933 {"t":"act","node":33120,"setpoint":0,"has_value":0,"writes_served":0}
1791635207.933 {"t":"peers","node":33120,"own_period_ms":100,"own_busy":0,"channel":1,"scanning":0,"scans":0,"hops":0,"found":0,"lost_to_found_ms":0,"moves_followed":0,"moves_refused":0,"sweeps":0,"sweep_found":0,"sweeping":0,"search_visits":0,"relay":0,"fwd_u":0,"fwd_b":0,"fwd_h":0,"relay_dup":433,"list":[{"id":29544,"state":"alive","via_relay":0,"period_ms":100,"misses":6,"busy":1,"rtt_n":21},{"id":25344,"state":"alive","via_relay":0,"period_ms":100,"misses":6,"busy":0,"rtt_n":20}]}
1791635207.933 {"t":"ss","node":33120,"accepted":0,"unsigned":0,"unknown_sender":0,"bad_signature":0,"replayed":0,"rate_limited":0,"verify_us_max":0,"floors":[{"src":25344,"epoch":139,"counter":1}]}
1791635207.933 {"t":"rec","node":33120,"up_ms":43607,"settled":1,"sent":169,"received":140,"malformed":0,"views":2,"replies_fenced":0,"actors":[{"key":1245650351,"running":0,"term":0,"owner":25344,"owner_term":7,"assigned":25344,"starts":0,"fenced":0,"released":0}]}
1791635207.933 {"t":"node","up_ms":43623,"node":33120,"epoch":290,"peers_alive":2,"peers_dead":0,"no_radio":0,"free_dram":250307,"largest_block":172032,"rx":{"total":2027,"bad_frame":0,"unknown_peer":10,"wrong_dst":0,"short_payload":0,"unknown_opcode":0,"queue_dropped":49},"tx":{"total":738,"enqueue_err":0,"done_queue_dropped":0},"membership":{"deaths":0,"revivals":0,"reboots_seen":0,"table_full":0,"events_dropped":0}}
1791635208.256 {"t":"ns","node":33120,"hash":13581963,"owner":33120,"kind":"sampled","unit":100,"class":4,"bound_ms":5000,"quality":"GOOD","age_ms":342,"ts":43321,"updates":4,"value":2}
1791635208.256 {"t":"ns","node":33120,"hash":3142365229,"owner":33120,"kind":"sampled","unit":101,"class":4,"bound_ms":30000,"quality":"GOOD","age_ms":356,"ts":43321,"updates":4,"value":172032}
1791635208.256 {"t":"ns","node":33120,"hash":1245650351,"owner":25344,"kind":"sampled","unit":0,"class":3,"bound_ms":500,"quality":"NO_DATA","age_ms":0,"ts":0,"updates":0,"value":null}
1791635208.256 {"t":"ns","node":33120,"hash":2033492666,"owner":33120,"kind":"sampled","unit":0,"class":3,"bound_ms":0,"quality":"NO_DATA","age_ms":0,"ts":0,"updates":0,"value":null}
1791635208.256 {"t":"ns","node":33120,"hash":2347817554,"owner":33120,"kind":"sampled","unit":100,"class":4,"bound_ms":0,"quality":"GOOD","age_ms":398,"ts":43321,"updates":4,"value":290}
1791635208.256 {"t":"ns","node":33120,"hash":1170356950,"owner":33120,"kind":"sampled","unit":80,"class":4,"bound_ms":30000,"quality":"GOOD","age_ms":412,"ts":43321,"updates":4,"value":43}
1791635208.256 {"t":"ns","node":33120,"hash":3085599597,"owner":33120,"kind":"sampled","unit":0,"class":4,"bound_ms":5000,"quality":"GOOD","age_ms":426,"ts":43321,"updates":4,"value":-20}
1791635208.256 {"t":"ns","node":33120,"hash":2486014333,"owner":33120,"kind":"sampled","unit":101,"class":4,"bound_ms":30000,"quality":"GOOD","age_ms":440,"ts":43321,"updates":4,"value":250307}
1791635218.400 {"t":"clk","node":33120,"up_ms":53787}
1791635218.400 {"t":"led","node":33120,"shows":"green","app":0}
1791635218.400 {"t":"event","at_ms":44348,"node":33120,"kind":"peer_admitted","peer":29544,"slot":0,"a":0,"b":0}
1791635218.400 {"t":"event","at_ms":44862,"node":33120,"kind":"peer_admitted","peer":25344,"slot":1,"a":0,"b":0}
1791635218.400 {"t":"event","at_ms":46348,"node":33120,"kind":"peer_admitted","peer":29544,"slot":0,"a":0,"b":0}
1791635218.400 {"t":"event","at_ms":46876,"node":33120,"kind":"peer_admitted","peer":25344,"slot":1,"a":0,"b":0}
1791635218.400 {"t":"event","at_ms":48348,"node":33120,"kind":"peer_admitted","peer":29544,"slot":0,"a":0,"b":0}
1791635218.400 {"t":"event","at_ms":48876,"node":33120,"kind":"peer_admitted","peer":25344,"slot":1,"a":0,"b":0}
1791635218.400 {"t":"event","at_ms":50348,"node":33120,"kind":"peer_admitted","peer":29544,"slot":0,"a":0,"b":0}
1791635218.400 {"t":"event","at_ms":50876,"node":33120,"kind":"peer_admitted","peer":25344,"slot":1,"a":0,"b":0}
1791635218.400 {"t":"event","at_ms":52348,"node":33120,"kind":"peer_admitted","peer":29544,"slot":0,"a":0,"b":0}
1791635218.400 {"t":"event","at_ms":52911,"node":33120,"kind":"peer_admitted","peer":25344,"slot":1,"a":0,"b":0}
1791635218.400 {"t":"link","up_ms":53872,"node":33120,"peer":29544,"mac":"b8:1f:3f:da:73:68","state":"alive","epoch":171,"espnow_ver":2,"mtu":1446,"misses":0,"rssi":-9,"tx":{"frames":185,"cb_ok":185,"cb_fail":0,"enqueue_err":0,"pdr_ppm":1000000},"rx":{"frames":732,"lost_seqgap":0,"reorder_dup":0,"dropped_bad":0,"hb_lost":0,"bcast_frames":519,"pdr_ppm":1000000},"rtt":{"samples":26,"min_us":5540,"max_us":9093,"timeouts":0,"txq_last_us":2884,"txq_max_us":6314,"remote_turnaround_us":801,"remote_turnaround_max_us":1418,"p50_us":[4000,6000],"p99_us":[8000,11000],"hist":[0,0,0,0,18,7,1,0,0,0,0,0,0,0,0,0]}}
1791635218.400 {"t":"link","up_ms":53926,"node":33120,"peer":25344,"mac":"b8:1f:3f:da:63:00","state":"alive","epoch":243,"espnow_ver":2,"mtu":1446,"misses":0,"rssi":-20,"tx":{"frames":183,"cb_ok":183,"cb_fail":0,"enqueue_err":0,"pdr_ppm":1000000},"rx":{"frames":693,"lost_seqgap":0,"reorder_dup":0,"dropped_bad":0,"hb_lost":4,"bcast_frames":518,"pdr_ppm":1000000},"rtt":{"samples":26,"min_us":5899,"max_us":31219,"timeouts":0,"txq_last_us":2721,"txq_max_us":30949,"remote_turnaround_us":1173,"remote_turnaround_max_us":8221,"p50_us":[6000,8000],"p99_us":[30000,42000],"hist":[0,0,0,0,4,17,1,2,1,0,1,0,0,0,0,0]}}
1791635218.400 {"t":"auth","node":33120,"up_ms":53980,"enrolled":1,"required":1,"verified_peers":2,"verified":2,"cache_hits":53,"refused":0,"rate_limited":0,"stale_epoch":0,"verify_us_max":87047,"link_stack_free_b":1524,"crypto_stack_free_b":1140,"tags_ok":334,"bad_tag":0,"replayed":0,"untagged":0,"bcast_dropped":0,"beacon_epoch_ignored":0,"tag_us_max":1095}
1791635218.400 {"t":"act","node":33120,"setpoint":0,"has_value":0,"writes_served":0}
1791635218.400 {"t":"peers","node":33120,"own_period_ms":100,"own_busy":0,"channel":1,"scanning":0,"scans":0,"hops":0,"found":0,"lost_to_found_ms":0,"moves_followed":0,"moves_refused":0,"sweeps":0,"sweep_found":0,"sweeping":0,"search_visits":0,"relay":0,"fwd_u":0,"fwd_b":0,"fwd_h":0,"relay_dup":542,"list":[{"id":29544,"state":"alive","via_relay":0,"period_ms":100,"misses":6,"busy":1,"rtt_n":26},{"id":25344,"state":"alive","via_relay":0,"period_ms":100,"misses":6,"busy":0,"rtt_n":26}]}
1791635218.400 {"t":"ss","node":33120,"accepted":0,"unsigned":0,"unknown_sender":0,"bad_signature":0,"replayed":0,"rate_limited":0,"verify_us_max":0,"floors":[{"src":25344,"epoch":139,"counter":1}]}
1791635218.400 {"t":"rec","node":33120,"up_ms":54075,"settled":1,"sent":211,"received":174,"malformed":0,"views":2,"replies_fenced":0,"actors":[{"key":1245650351,"running":0,"term":0,"owner":25344,"owner_term":7,"assigned":25344,"starts":0,"fenced":0,"released":0}]}
1791635218.400 {"t":"node","up_ms":54090,"node":33120,"epoch":290,"peers_alive":2,"peers_dead":0,"no_radio":0,"free_dram":250307,"largest_block":172032,"rx":{"total":2529,"bad_frame":0,"unknown_peer":10,"wrong_dst":0,"short_payload":0,"unknown_opcode":0,"queue_dropped":49},"tx":{"total":921,"enqueue_err":0,"done_queue_dropped":0},"membership":{"deaths":0,"revivals":0,"reboots_seen":0,"table_full":0,"events_dropped":0}}
1791635218.716 {"t":"ns","node":33120,"hash":13581963,"owner":33120,"kind":"sampled","unit":100,"class":4,"bound_ms":5000,"quality":"GOOD","age_ms":341,"ts":53789,"updates":5,"value":2}
1791635218.716 {"t":"ns","node":33120,"hash":3142365229,"owner":33120,"kind":"sampled","unit":101,"class":4,"bound_ms":30000,"quality":"GOOD","age_ms":355,"ts":53789,"updates":5,"value":172032}
1791635218.716 {"t":"ns","node":33120,"hash":1245650351,"owner":25344,"kind":"sampled","unit":0,"class":3,"bound_ms":500,"quality":"NO_DATA","age_ms":0,"ts":0,"updates":0,"value":null}
1791635218.716 {"t":"ns","node":33120,"hash":2033492666,"owner":33120,"kind":"sampled","unit":0,"class":3,"bound_ms":0,"quality":"NO_DATA","age_ms":0,"ts":0,"updates":0,"value":null}
1791635218.716 {"t":"ns","node":33120,"hash":2347817554,"owner":33120,"kind":"sampled","unit":100,"class":4,"bound_ms":0,"quality":"GOOD","age_ms":398,"ts":53789,"updates":5,"value":290}
1791635218.716 {"t":"ns","node":33120,"hash":1170356950,"owner":33120,"kind":"sampled","unit":80,"class":4,"bound_ms":30000,"quality":"GOOD","age_ms":412,"ts":53789,"updates":5,"value":53}
1791635218.716 {"t":"ns","node":33120,"hash":3085599597,"owner":33120,"kind":"sampled","unit":0,"class":4,"bound_ms":5000,"quality":"GOOD","age_ms":426,"ts":53789,"updates":5,"value":-20}
1791635218.716 {"t":"ns","node":33120,"hash":2486014333,"owner":33120,"kind":"sampled","unit":101,"class":4,"bound_ms":30000,"quality":"GOOD","age_ms":451,"ts":53789,"updates":5,"value":250307}
1791635228.867 {"t":"clk","node":33120,"up_ms":64254}
1791635228.867 {"t":"led","node":33120,"shows":"green","app":0}
1791635228.867 {"t":"event","at_ms":54348,"node":33120,"kind":"peer_admitted","peer":29544,"slot":0,"a":0,"b":0}
1791635228.867 {"t":"event","at_ms":54911,"node":33120,"kind":"peer_admitted","peer":25344,"slot":1,"a":0,"b":0}
1791635228.867 {"t":"event","at_ms":56349,"node":33120,"kind":"peer_admitted","peer":29544,"slot":0,"a":0,"b":0}
1791635228.867 {"t":"event","at_ms":56911,"node":33120,"kind":"peer_admitted","peer":25344,"slot":1,"a":0,"b":0}
1791635228.867 {"t":"event","at_ms":58348,"node":33120,"kind":"peer_admitted","peer":29544,"slot":0,"a":0,"b":0}
1791635228.867 {"t":"event","at_ms":58911,"node":33120,"kind":"peer_admitted","peer":25344,"slot":1,"a":0,"b":0}
1791635228.867 {"t":"event","at_ms":60348,"node":33120,"kind":"peer_admitted","peer":29544,"slot":0,"a":0,"b":0}
1791635228.867 {"t":"event","at_ms":60911,"node":33120,"kind":"peer_admitted","peer":25344,"slot":1,"a":0,"b":0}
1791635228.867 {"t":"event","at_ms":62348,"node":33120,"kind":"peer_admitted","peer":29544,"slot":0,"a":0,"b":0}
1791635228.867 {"t":"event","at_ms":62911,"node":33120,"kind":"peer_admitted","peer":25344,"slot":1,"a":0,"b":0}
1791635228.867 {"t":"link","up_ms":64341,"node":33120,"peer":29544,"mac":"b8:1f:3f:da:73:68","state":"alive","epoch":171,"espnow_ver":2,"mtu":1446,"misses":0,"rssi":-9,"tx":{"frames":222,"cb_ok":222,"cb_fail":0,"enqueue_err":0,"pdr_ppm":1000000},"rx":{"frames":879,"lost_seqgap":0,"reorder_dup":0,"dropped_bad":0,"hb_lost":1,"bcast_frames":623,"pdr_ppm":1000000},"rtt":{"samples":31,"min_us":5540,"max_us":22293,"timeouts":0,"txq_last_us":2885,"txq_max_us":11213,"remote_turnaround_us":802,"remote_turnaround_max_us":1418,"p50_us":[4000,6000],"p99_us":[22000,30000],"hist":[0,0,0,0,22,7,1,0,0,1,0,0,0,0,0,0]}}
1791635228.867 {"t":"link","up_ms":64395,"node":33120,"peer":25344,"mac":"b8:1f:3f:da:63:00","state":"alive","epoch":243,"espnow_ver":2,"mtu":1446,"misses":0,"rssi":-20,"tx":{"frames":216,"cb_ok":216,"cb_fail":0,"enqueue_err":0,"pdr_ppm":1000000},"rx":{"frames":827,"lost_seqgap":0,"reorder_dup":0,"dropped_bad":0,"hb_lost":5,"bcast_frames":621,"pdr_ppm":1000000},"rtt":{"samples":31,"min_us":5899,"max_us":31219,"timeouts":0,"txq_last_us":2856,"txq_max_us":30949,"remote_turnaround_us":950,"remote_turnaround_max_us":8221,"p50_us":[6000,8000],"p99_us":[30000,42000],"hist":[0,0,0,0,5,20,2,2,1,0,1,0,0,0,0,0]}}
1791635228.867 {"t":"auth","node":33120,"up_ms":64449,"enrolled":1,"required":1,"verified_peers":2,"verified":2,"cache_hits":64,"refused":0,"rate_limited":0,"stale_epoch":0,"verify_us_max":87047,"link_stack_free_b":1524,"crypto_stack_free_b":1140,"tags_ok":397,"bad_tag":0,"replayed":0,"untagged":0,"bcast_dropped":0,"beacon_epoch_ignored":0,"tag_us_max":1095}
1791635228.867 {"t":"act","node":33120,"setpoint":0,"has_value":0,"writes_served":0}
1791635228.867 {"t":"peers","node":33120,"own_period_ms":100,"own_busy":0,"channel":1,"scanning":0,"scans":0,"hops":0,"found":0,"lost_to_found_ms":0,"moves_followed":0,"moves_refused":0,"sweeps":0,"sweep_found":0,"sweeping":0,"search_visits":0,"relay":0,"fwd_u":0,"fwd_b":0,"fwd_h":0,"relay_dup":650,"list":[{"id":29544,"state":"alive","via_relay":0,"period_ms":100,"misses":6,"busy":1,"rtt_n":31},{"id":25344,"state":"alive","via_relay":0,"period_ms":100,"misses":6,"busy":0,"rtt_n":31}]}
1791635228.867 {"t":"ss","node":33120,"accepted":0,"unsigned":0,"unknown_sender":0,"bad_signature":0,"replayed":0,"rate_limited":0,"verify_us_max":0,"floors":[{"src":25344,"epoch":139,"counter":1}]}
1791635228.867 {"t":"rec","node":33120,"up_ms":64544,"settled":1,"sent":253,"received":208,"malformed":0,"views":2,"replies_fenced":0,"actors":[{"key":1245650351,"running":0,"term":0,"owner":25344,"owner_term":7,"assigned":25344,"starts":0,"fenced":0,"released":0}]}
1791635228.867 {"t":"node","up_ms":64559,"node":33120,"epoch":290,"peers_alive":2,"peers_dead":0,"no_radio":0,"free_dram":250307,"largest_block":172032,"rx":{"total":3027,"bad_frame":0,"unknown_peer":10,"wrong_dst":0,"short_payload":0,"unknown_opcode":0,"queue_dropped":49},"tx":{"total":1102,"enqueue_err":0,"done_queue_dropped":0},"membership":{"deaths":0,"revivals":0,"reboots_seen":0,"table_full":0,"events_dropped":0}}
1791635229.186 {"t":"ns","node":33120,"hash":13581963,"owner":33120,"kind":"sampled","unit":100,"class":4,"bound_ms":5000,"quality":"GOOD","age_ms":345,"ts":64256,"updates":6,"value":2}
1791635229.186 {"t":"ns","node":33120,"hash":3142365229,"owner":33120,"kind":"sampled","unit":101,"class":4,"bound_ms":30000,"quality":"GOOD","age_ms":360,"ts":64255,"updates":6,"value":172032}
1791635229.186 {"t":"ns","node":33120,"hash":1245650351,"owner":25344,"kind":"sampled","unit":0,"class":3,"bound_ms":500,"quality":"NO_DATA","age_ms":0,"ts":0,"updates":0,"value":null}
1791635229.186 {"t":"ns","node":33120,"hash":2033492666,"owner":33120,"kind":"sampled","unit":0,"class":3,"bound_ms":0,"quality":"NO_DATA","age_ms":0,"ts":0,"updates":0,"value":null}
1791635229.186 {"t":"ns","node":33120,"hash":2347817554,"owner":33120,"kind":"sampled","unit":100,"class":4,"bound_ms":0,"quality":"GOOD","age_ms":402,"ts":64255,"updates":6,"value":290}
1791635229.186 {"t":"ns","node":33120,"hash":1170356950,"owner":33120,"kind":"sampled","unit":80,"class":4,"bound_ms":30000,"quality":"GOOD","age_ms":416,"ts":64255,"updates":6,"value":64}
1791635229.186 {"t":"ns","node":33120,"hash":3085599597,"owner":33120,"kind":"sampled","unit":0,"class":4,"bound_ms":5000,"quality":"GOOD","age_ms":429,"ts":64256,"updates":6,"value":-20}
1791635229.186 {"t":"ns","node":33120,"hash":2486014333,"owner":33120,"kind":"sampled","unit":101,"class":4,"bound_ms":30000,"quality":"GOOD","age_ms":445,"ts":64255,"updates":6,"value":250307}
1791635239.330 {"t":"clk","node":33120,"up_ms":74714}
1791635239.330 {"t":"led","node":33120,"shows":"green","app":0}
1791635239.330 {"t":"event","at_ms":64348,"node":33120,"kind":"peer_admitted","peer":29544,"slot":0,"a":0,"b":0}
1791635239.330 {"t":"event","at_ms":64911,"node":33120,"kind":"peer_admitted","peer":25344,"slot":1,"a":0,"b":0}
1791635239.330 {"t":"event","at_ms":66348,"node":33120,"kind":"peer_admitted","peer":29544,"slot":0,"a":0,"b":0}
1791635239.330 {"t":"event","at_ms":66911,"node":33120,"kind":"peer_admitted","peer":25344,"slot":1,"a":0,"b":0}
1791635239.330 {"t":"event","at_ms":68348,"node":33120,"kind":"peer_admitted","peer":29544,"slot":0,"a":0,"b":0}
1791635239.330 {"t":"event","at_ms":68937,"node":33120,"kind":"peer_admitted","peer":25344,"slot":1,"a":0,"b":0}
1791635239.330 {"t":"event","at_ms":70348,"node":33120,"kind":"peer_admitted","peer":29544,"slot":0,"a":0,"b":0}
1791635239.330 {"t":"event","at_ms":70936,"node":33120,"kind":"peer_admitted","peer":25344,"slot":1,"a":0,"b":0}
1791635239.330 {"t":"event","at_ms":72348,"node":33120,"kind":"peer_admitted","peer":29544,"slot":0,"a":0,"b":0}
1791635239.330 {"t":"event","at_ms":72942,"node":33120,"kind":"peer_admitted","peer":25344,"slot":1,"a":0,"b":0}
1791635239.330 {"t":"event","at_ms":74348,"node":33120,"kind":"peer_admitted","peer":29544,"slot":0,"a":0,"b":0}
1791635239.330 {"t":"link","up_ms":74813,"node":33120,"peer":29544,"mac":"b8:1f:3f:da:73:68","state":"alive","epoch":171,"espnow_ver":2,"mtu":1446,"misses":0,"rssi":-9,"tx":{"frames":260,"cb_ok":260,"cb_fail":0,"enqueue_err":0,"pdr_ppm":1000000},"rx":{"frames":1026,"lost_seqgap":0,"reorder_dup":0,"dropped_bad":0,"hb_lost":2,"bcast_frames":727,"pdr_ppm":1000000},"rtt":{"samples":37,"min_us":5540,"max_us":22293,"timeouts":0,"txq_last_us":4415,"txq_max_us":11213,"remote_turnaround_us":816,"remote_turnaround_max_us":1418,"p50_us":[4000,6000],"p99_us":[22000,30000],"hist":[0,0,0,0,25,9,2,0,0,1,0,0,0,0,0,0]}}
1791635239.330 {"t":"link","up_ms":74866,"node":33120,"peer":25344,"mac":"b8:1f:3f:da:63:00","state":"alive","epoch":243,"espnow_ver":2,"mtu":1446,"misses":0,"rssi":-20,"tx":{"frames":251,"cb_ok":251,"cb_fail":0,"enqueue_err":0,"pdr_ppm":1000000},"rx":{"frames":964,"lost_seqgap":0,"reorder_dup":0,"dropped_bad":0,"hb_lost":6,"bcast_frames":725,"pdr_ppm":1000000},"rtt":{"samples":36,"min_us":5899,"max_us":31219,"timeouts":0,"txq_last_us":2881,"txq_max_us":30949,"remote_turnaround_us":1164,"remote_turnaround_max_us":9766,"p50_us":[6000,8000],"p99_us":[30000,42000],"hist":[0,0,0,0,6,23,2,2,2,0,1,0,0,0,0,0]}}
1791635239.330 {"t":"auth","node":33120,"up_ms":74909,"enrolled":1,"required":1,"verified_peers":2,"verified":2,"cache_hits":74,"refused":0,"rate_limited":0,"stale_epoch":0,"verify_us_max":87047,"link_stack_free_b":1524,"crypto_stack_free_b":1140,"tags_ok":462,"bad_tag":0,"replayed":0,"untagged":0,"bcast_dropped":0,"beacon_epoch_ignored":0,"tag_us_max":1095}
1791635239.330 {"t":"act","node":33120,"setpoint":0,"has_value":0,"writes_served":0}
1791635239.330 {"t":"peers","node":33120,"own_period_ms":100,"own_busy":0,"channel":1,"scanning":0,"scans":0,"hops":0,"found":0,"lost_to_found_ms":0,"moves_followed":0,"moves_refused":0,"sweeps":0,"sweep_found":0,"sweeping":0,"search_visits":0,"relay":0,"fwd_u":0,"fwd_b":0,"fwd_h":0,"relay_dup":760,"list":[{"id":29544,"state":"alive","via_relay":0,"period_ms":100,"misses":6,"busy":1,"rtt_n":37},{"id":25344,"state":"alive","via_relay":0,"period_ms":100,"misses":6,"busy":0,"rtt_n":36}]}
1791635239.330 {"t":"ss","node":33120,"accepted":0,"unsigned":0,"unknown_sender":0,"bad_signature":0,"replayed":0,"rate_limited":0,"verify_us_max":0,"floors":[{"src":25344,"epoch":139,"counter":1}]}
1791635239.330 {"t":"rec","node":33120,"up_ms":75005,"settled":1,"sent":295,"received":243,"malformed":0,"views":2,"replies_fenced":0,"actors":[{"key":1245650351,"running":0,"term":0,"owner":25344,"owner_term":7,"assigned":25344,"starts":0,"fenced":0,"released":0}]}
1791635239.664 {"t":"node","up_ms":75031,"node":33120,"epoch":290,"peers_alive":2,"peers_dead":0,"no_radio":0,"free_dram":250307,"largest_block":172032,"rx":{"total":3531,"bad_frame":0,"unknown_peer":10,"wrong_dst":0,"short_payload":0,"unknown_opcode":0,"queue_dropped":49},"tx":{"total":1285,"enqueue_err":0,"done_queue_dropped":0},"membership":{"deaths":0,"revivals":0,"reboots_seen":0,"table_full":0,"events_dropped":0}}
1791635239.664 {"t":"ns","node":33120,"hash":13581963,"owner":33120,"kind":"sampled","unit":100,"class":4,"bound_ms":5000,"quality":"GOOD","age_ms":355,"ts":74716,"updates":7,"value":2}
1791635239.664 {"t":"ns","node":33120,"hash":3142365229,"owner":33120,"kind":"sampled","unit":101,"class":4,"bound_ms":30000,"quality":"GOOD","age_ms":370,"ts":74715,"updates":7,"value":172032}
1791635239.664 {"t":"ns","node":33120,"hash":1245650351,"owner":25344,"kind":"sampled","unit":0,"class":3,"bound_ms":500,"quality":"NO_DATA","age_ms":0,"ts":0,"updates":0,"value":null}
1791635239.664 {"t":"ns","node":33120,"hash":2033492666,"owner":33120,"kind":"sampled","unit":0,"class":3,"bound_ms":0,"quality":"NO_DATA","age_ms":0,"ts":0,"updates":0,"value":null}
1791635239.664 {"t":"ns","node":33120,"hash":2347817554,"owner":33120,"kind":"sampled","unit":100,"class":4,"bound_ms":0,"quality":"GOOD","age_ms":413,"ts":74715,"updates":7,"value":290}
1791635239.664 {"t":"ns","node":33120,"hash":1170356950,"owner":33120,"kind":"sampled","unit":80,"class":4,"bound_ms":30000,"quality":"GOOD","age_ms":427,"ts":74715,"updates":7,"value":74}
1791635239.664 {"t":"ns","node":33120,"hash":3085599597,"owner":33120,"kind":"sampled","unit":0,"class":4,"bound_ms":5000,"quality":"GOOD","age_ms":440,"ts":74716,"updates":7,"value":-20}
1791635239.664 {"t":"ns","node":33120,"hash":2486014333,"owner":33120,"kind":"sampled","unit":101,"class":4,"bound_ms":30000,"quality":"GOOD","age_ms":454,"ts":74715,"updates":7,"value":250307}
1791635249.797 {"t":"clk","node":33120,"up_ms":85185}
1791635249.797 {"t":"led","node":33120,"shows":"green","app":0}
1791635249.797 {"t":"event","at_ms":74944,"node":33120,"kind":"peer_admitted","peer":25344,"slot":1,"a":0,"b":0}
1791635249.797 {"t":"event","at_ms":76348,"node":33120,"kind":"peer_admitted","peer":29544,"slot":0,"a":0,"b":0}
1791635249.797 {"t":"event","at_ms":76945,"node":33120,"kind":"peer_admitted","peer":25344,"slot":1,"a":0,"b":0}
1791635249.797 {"t":"event","at_ms":78348,"node":33120,"kind":"peer_admitted","peer":29544,"slot":0,"a":0,"b":0}
1791635249.797 {"t":"event","at_ms":78946,"node":33120,"kind":"peer_admitted","peer":25344,"slot":1,"a":0,"b":0}
1791635249.797 {"t":"event","at_ms":80348,"node":33120,"kind":"peer_admitted","peer":29544,"slot":0,"a":0,"b":0}
1791635249.797 {"t":"event","at_ms":80946,"node":33120,"kind":"peer_admitted","peer":25344,"slot":1,"a":0,"b":0}
1791635249.797 {"t":"event","at_ms":82348,"node":33120,"kind":"peer_admitted","peer":29544,"slot":0,"a":0,"b":0}
1791635249.797 {"t":"event","at_ms":82946,"node":33120,"kind":"peer_admitted","peer":25344,"slot":1,"a":0,"b":0}
1791635249.797 {"t":"event","at_ms":84348,"node":33120,"kind":"peer_admitted","peer":29544,"slot":0,"a":0,"b":0}
1791635249.797 {"t":"event","at_ms":84945,"node":33120,"kind":"peer_admitted","peer":25344,"slot":1,"a":0,"b":0}
1791635249.797 {"t":"link","up_ms":85283,"node":33120,"peer":29544,"mac":"b8:1f:3f:da:73:68","state":"alive","epoch":171,"espnow_ver":2,"mtu":1446,"misses":0,"rssi":-10,"tx":{"frames":296,"cb_ok":296,"cb_fail":0,"enqueue_err":0,"pdr_ppm":1000000},"rx":{"frames":1171,"lost_seqgap":0,"reorder_dup":0,"dropped_bad":0,"hb_lost":2,"bcast_frames":831,"pdr_ppm":1000000},"rtt":{"samples":42,"min_us":5540,"max_us":22293,"timeouts":0,"txq_last_us":2854,"txq_max_us":11213,"remote_turnaround_us":850,"remote_turnaround_max_us":1418,"p50_us":[4000,6000],"p99_us":[22000,30000],"hist":[0,0,0,0,30,9,2,0,0,1,0,0,0,0,0,0]}}
1791635249.797 {"t":"link","up_ms":85338,"node":33120,"peer":25344,"mac":"b8:1f:3f:da:63:00","state":"alive","epoch":243,"espnow_ver":2,"mtu":1446,"misses":0,"rssi":-20,"tx":{"frames":286,"cb_ok":286,"cb_fail":0,"enqueue_err":0,"pdr_ppm":1000000},"rx":{"frames":1101,"lost_seqgap":0,"reorder_dup":0,"dropped_bad":0,"hb_lost":6,"bcast_frames":830,"pdr_ppm":1000000},"rtt":{"samples":41,"min_us":5899,"max_us":31219,"timeouts":0,"txq_last_us":2866,"txq_max_us":30949,"remote_turnaround_us":965,"remote_turnaround_max_us":9766,"p50_us":[6000,8000],"p99_us":[30000,42000],"hist":[0,0,0,0,7,27,2,2,2,0,1,0,0,0,0,0]}}
1791635249.797 {"t":"auth","node":33120,"up_ms":85380,"enrolled":1,"required":1,"verified_peers":2,"verified":2,"cache_hits":85,"refused":0,"rate_limited":0,"stale_epoch":0,"verify_us_max":87047,"link_stack_free_b":1524,"crypto_stack_free_b":1140,"tags_ok":524,"bad_tag":0,"replayed":0,"untagged":0,"bcast_dropped":0,"beacon_epoch_ignored":0,"tag_us_max":1095}
1791635249.797 {"t":"act","node":33120,"setpoint":0,"has_value":0,"writes_served":0}
1791635249.797 {"t":"peers","node":33120,"own_period_ms":100,"own_busy":0,"channel":1,"scanning":0,"scans":0,"hops":0,"found":0,"lost_to_found_ms":0,"moves_followed":0,"moves_refused":0,"sweeps":0,"sweep_found":0,"sweeping":0,"search_visits":0,"relay":0,"fwd_u":0,"fwd_b":0,"fwd_h":0,"relay_dup":869,"list":[{"id":29544,"state":"alive","via_relay":0,"period_ms":100,"misses":6,"busy":1,"rtt_n":42},{"id":25344,"state":"alive","via_relay":0,"period_ms":100,"misses":6,"busy":0,"rtt_n":41}]}
1791635249.797 {"t":"ss","node":33120,"accepted":0,"unsigned":0,"unknown_sender":0,"bad_signature":0,"replayed":0,"rate_limited":0,"verify_us_max":0,"floors":[{"src":25344,"epoch":139,"counter":1}]}
1791635249.797 {"t":"rec","node":33120,"up_ms":85476,"settled":1,"sent":337,"received":277,"malformed":0,"views":2,"replies_fenced":0,"actors":[{"key":1245650351,"running":0,"term":0,"owner":25344,"owner_term":7,"assigned":25344,"starts":0,"fenced":0,"released":0}]}
1791635250.127 {"t":"node","up_ms":85502,"node":33120,"epoch":290,"peers_alive":2,"peers_dead":0,"no_radio":0,"free_dram":250307,"largest_block":172032,"rx":{"total":4030,"bad_frame":0,"unknown_peer":10,"wrong_dst":0,"short_payload":0,"unknown_opcode":0,"queue_dropped":49},"tx":{"total":1465,"enqueue_err":0,"done_queue_dropped":0},"membership":{"deaths":0,"revivals":0,"reboots_seen":0,"table_full":0,"events_dropped":0}}
1791635250.127 {"t":"ns","node":33120,"hash":13581963,"owner":33120,"kind":"sampled","unit":100,"class":4,"bound_ms":5000,"quality":"GOOD","age_ms":355,"ts":85187,"updates":8,"value":2}
1791635250.127 {"t":"ns","node":33120,"hash":3142365229,"owner":33120,"kind":"sampled","unit":101,"class":4,"bound_ms":30000,"quality":"GOOD","age_ms":369,"ts":85187,"updates":8,"value":172032}
1791635250.127 {"t":"ns","node":33120,"hash":1245650351,"owner":25344,"kind":"sampled","unit":0,"class":3,"bound_ms":500,"quality":"NO_DATA","age_ms":0,"ts":0,"updates":0,"value":null}
1791635250.127 {"t":"ns","node":33120,"hash":2033492666,"owner":33120,"kind":"sampled","unit":0,"class":3,"bound_ms":0,"quality":"NO_DATA","age_ms":0,"ts":0,"updates":0,"value":null}
1791635250.127 {"t":"ns","node":33120,"hash":2347817554,"owner":33120,"kind":"sampled","unit":100,"class":4,"bound_ms":0,"quality":"GOOD","age_ms":412,"ts":85187,"updates":8,"value":290}
1791635250.127 {"t":"ns","node":33120,"hash":1170356950,"owner":33120,"kind":"sampled","unit":80,"class":4,"bound_ms":30000,"quality":"GOOD","age_ms":426,"ts":85187,"updates":8,"value":85}
1791635250.127 {"t":"ns","node":33120,"hash":3085599597,"owner":33120,"kind":"sampled","unit":0,"class":4,"bound_ms":5000,"quality":"GOOD","age_ms":440,"ts":85187,"updates":8,"value":-20}
1791635250.127 {"t":"ns","node":33120,"hash":2486014333,"owner":33120,"kind":"sampled","unit":101,"class":4,"bound_ms":30000,"quality":"GOOD","age_ms":454,"ts":85187,"updates":8,"value":250307}
1791635260.267 {"t":"clk","node":33120,"up_ms":95655}
1791635260.267 {"t":"led","node":33120,"shows":"green","app":0}
1791635260.267 {"t":"event","at_ms":86348,"node":33120,"kind":"peer_admitted","peer":29544,"slot":0,"a":0,"b":0}
1791635260.267 {"t":"event","at_ms":86946,"node":33120,"kind":"peer_admitted","peer":25344,"slot":1,"a":0,"b":0}
1791635260.267 {"t":"event","at_ms":88348,"node":33120,"kind":"peer_admitted","peer":29544,"slot":0,"a":0,"b":0}
1791635260.267 {"t":"event","at_ms":88946,"node":33120,"kind":"peer_admitted","peer":25344,"slot":1,"a":0,"b":0}
1791635260.267 {"t":"event","at_ms":90352,"node":33120,"kind":"peer_admitted","peer":29544,"slot":0,"a":0,"b":0}
1791635260.267 {"t":"event","at_ms":90958,"node":33120,"kind":"peer_admitted","peer":25344,"slot":1,"a":0,"b":0}
1791635260.267 {"t":"event","at_ms":92348,"node":33120,"kind":"peer_admitted","peer":29544,"slot":0,"a":0,"b":0}
1791635260.267 {"t":"event","at_ms":92957,"node":33120,"kind":"peer_admitted","peer":25344,"slot":1,"a":0,"b":0}
1791635260.267 {"t":"event","at_ms":94349,"node":33120,"kind":"peer_admitted","peer":29544,"slot":0,"a":0,"b":0}
1791635260.267 {"t":"event","at_ms":94957,"node":33120,"kind":"peer_admitted","peer":25344,"slot":1,"a":0,"b":0}
1791635260.267 {"t":"link","up_ms":95741,"node":33120,"peer":29544,"mac":"b8:1f:3f:da:73:68","state":"alive","epoch":171,"espnow_ver":2,"mtu":1446,"misses":0,"rssi":-10,"tx":{"frames":332,"cb_ok":332,"cb_fail":0,"enqueue_err":0,"pdr_ppm":1000000},"rx":{"frames":1317,"lost_seqgap":0,"reorder_dup":0,"dropped_bad":0,"hb_lost":2,"bcast_frames":936,"pdr_ppm":1000000},"rtt":{"samples":47,"min_us":5540,"max_us":22293,"timeouts":0,"txq_last_us":2873,"txq_max_us":11213,"remote_turnaround_us":796,"remote_turnaround_max_us":1418,"p50_us":[4000,6000],"p99_us":[22000,30000],"hist":[0,0,0,0,35,9,2,0,0,1,0,0,0,0,0,0]}}
1791635260.267 {"t":"link","up_ms":95795,"node":33120,"peer":25344,"mac":"b8:1f:3f:da:63:00","state":"alive","epoch":243,"espnow_ver":2,"mtu":1446,"misses":0,"rssi":-19,"tx":{"frames":322,"cb_ok":322,"cb_fail":0,"enqueue_err":0,"pdr_ppm":1000000},"rx":{"frames":1239,"lost_seqgap":0,"reorder_dup":0,"dropped_bad":0,"hb_lost":6,"bcast_frames":934,"pdr_ppm":1000000},"rtt":{"samples":47,"min_us":5875,"max_us":44518,"timeouts":0,"txq_last_us":2705,"txq_max_us":30949,"remote_turnaround_us":935,"remote_turnaround_max_us":9766,"p50_us":[6000,8000],"p99_us":[42000,60000],"hist":[0,0,0,0,10,28,3,2,2,0,1,1,0,0,0,0]}}
1791635260.267 {"t":"auth","node":33120,"up_ms":95849,"enrolled":1,"required":1,"verified_peers":2,"verified":2,"cache_hits":95,"refused":0,"rate_limited":0,"stale_epoch":0,"verify_us_max":87047,"link_stack_free_b":1524,"crypto_stack_free_b":1140,"tags_ok":589,"bad_tag":0,"replayed":0,"untagged":0,"bcast_dropped":0,"beacon_epoch_ignored":0,"tag_us_max":1095}
1791635260.267 {"t":"act","node":33120,"setpoint":0,"has_value":0,"writes_served":0}
1791635260.267 {"t":"peers","node":33120,"own_period_ms":100,"own_busy":0,"channel":1,"scanning":0,"scans":0,"hops":0,"found":0,"lost_to_found_ms":0,"moves_followed":0,"moves_refused":0,"sweeps":0,"sweep_found":0,"sweeping":0,"search_visits":0,"relay":0,"fwd_u":0,"fwd_b":0,"fwd_h":0,"relay_dup":979,"list":[{"id":29544,"state":"alive","via_relay":0,"period_ms":100,"misses":6,"busy":1,"rtt_n":47},{"id":25344,"state":"alive","via_relay":0,"period_ms":100,"misses":6,"busy":0,"rtt_n":47}]}
1791635260.267 {"t":"ss","node":33120,"accepted":0,"unsigned":0,"unknown_sender":0,"bad_signature":0,"replayed":0,"rate_limited":0,"verify_us_max":0,"floors":[{"src":25344,"epoch":139,"counter":1}]}
1791635260.267 {"t":"rec","node":33120,"up_ms":95944,"settled":1,"sent":378,"received":312,"malformed":0,"views":2,"replies_fenced":0,"actors":[{"key":1245650351,"running":0,"term":0,"owner":25344,"owner_term":7,"assigned":25344,"starts":0,"fenced":0,"released":0}]}
1791635260.267 {"t":"node","up_ms":95959,"node":33120,"epoch":290,"peers_alive":2,"peers_dead":0,"no_radio":0,"free_dram":250307,"largest_block":172032,"rx":{"total":4537,"bad_frame":0,"unknown_peer":10,"wrong_dst":0,"short_payload":0,"unknown_opcode":0,"queue_dropped":49},"tx":{"total":1647,"enqueue_err":0,"done_queue_dropped":0},"membership":{"deaths":0,"revivals":0,"reboots_seen":0,"table_full":0,"events_dropped":0}}
1791635260.590 {"t":"ns","node":33120,"hash":13581963,"owner":33120,"kind":"sampled","unit":100,"class":4,"bound_ms":5000,"quality":"GOOD","age_ms":343,"ts":95656,"updates":9,"value":2}
1791635260.590 {"t":"ns","node":33120,"hash":3142365229,"owner":33120,"kind":"sampled","unit":101,"class":4,"bound_ms":30000,"quality":"GOOD","age_ms":358,"ts":95656,"updates":9,"value":172032}
1791635260.590 {"t":"ns","node":33120,"hash":1245650351,"owner":25344,"kind":"sampled","unit":0,"class":3,"bound_ms":500,"quality":"NO_DATA","age_ms":0,"ts":0,"updates":0,"value":null}
1791635260.590 {"t":"ns","node":33120,"hash":2033492666,"owner":33120,"kind":"sampled","unit":0,"class":3,"bound_ms":0,"quality":"NO_DATA","age_ms":0,"ts":0,"updates":0,"value":null}
1791635260.590 {"t":"ns","node":33120,"hash":2347817554,"owner":33120,"kind":"sampled","unit":100,"class":4,"bound_ms":0,"quality":"GOOD","age_ms":399,"ts":95656,"updates":9,"value":290}
1791635260.590 {"t":"ns","node":33120,"hash":1170356950,"owner":33120,"kind":"sampled","unit":80,"class":4,"bound_ms":30000,"quality":"GOOD","age_ms":413,"ts":95656,"updates":9,"value":95}
1791635260.590 {"t":"ns","node":33120,"hash":3085599597,"owner":33120,"kind":"sampled","unit":0,"class":4,"bound_ms":5000,"quality":"GOOD","age_ms":427,"ts":95657,"updates":9,"value":-19}
1791635260.590 {"t":"ns","node":33120,"hash":2486014333,"owner":33120,"kind":"sampled","unit":101,"class":4,"bound_ms":30000,"quality":"GOOD","age_ms":442,"ts":95656,"updates":9,"value":250307}
1791635270.736 {"t":"clk","node":33120,"up_ms":106124}
1791635270.736 {"t":"led","node":33120,"shows":"green","app":0}
1791635270.736 {"t":"event","at_ms":96348,"node":33120,"kind":"peer_admitted","peer":29544,"slot":0,"a":0,"b":0}
1791635270.736 {"t":"event","at_ms":96957,"node":33120,"kind":"peer_admitted","peer":25344,"slot":1,"a":0,"b":0}
1791635270.736 {"t":"event","at_ms":98348,"node":33120,"kind":"peer_admitted","peer":29544,"slot":0,"a":0,"b":0}
1791635270.736 {"t":"event","at_ms":98958,"node":33120,"kind":"peer_admitted","peer":25344,"slot":1,"a":0,"b":0}
1791635270.736 {"t":"event","at_ms":100348,"node":33120,"kind":"peer_admitted","peer":29544,"slot":0,"a":0,"b":0}
1791635270.736 {"t":"event","at_ms":100980,"node":33120,"kind":"peer_admitted","peer":25344,"slot":1,"a":0,"b":0}
1791635270.736 {"t":"event","at_ms":102348,"node":33120,"kind":"peer_admitted","peer":29544,"slot":0,"a":0,"b":0}
1791635270.736 {"t":"event","at_ms":102980,"node":33120,"kind":"peer_admitted","peer":25344,"slot":1,"a":0,"b":0}
1791635270.736 W (107372) pot.m0: peer 0x6300 declared DEAD after 6 misses (664 ms silent)
1791635270.736 {"t":"event","at_ms":104348,"node":33120,"kind":"peer_admitted","peer":29544,"slot":0,"a":0,"b":0}
1791635270.736 {"t":"event","at_ms":104980,"node":33120,"kind":"peer_admitted","peer":25344,"slot":1,"a":0,"b":0}
1791635270.736 {"t":"event","at_ms":106183,"node":33120,"kind":"peer_dead","peer":25344,"slot":1,"a":6,"b":664}
1791635270.736 {"t":"event","at_ms":106207,"node":33120,"kind":"actor_owner","peer":0,"slot":255,"a":1245650351,"b":0}
1791635270.736 {"t":"event","at_ms":106217,"node":33120,"kind":"actor_owner","peer":29544,"slot":255,"a":1245650351,"b":8}
1791635270.736 {"t":"link","up_ms":106249,"node":33120,"peer":29544,"mac":"b8:1f:3f:da:73:68","state":"alive","epoch":171,"espnow_ver":2,"mtu":1446,"misses":0,"rssi":-10,"tx":{"frames":368,"cb_ok":368,"cb_fail":0,"enqueue_err":0,"pdr_ppm":1000000},"rx":{"frames":1465,"lost_seqgap":0,"reorder_dup":0,"dropped_bad":0,"hb_lost":2,"bcast_frames":1041,"pdr_ppm":1000000},"rtt":{"samples":52,"min_us":5540,"max_us":22293,"timeouts":0,"txq_last_us":2888,"txq_max_us":11213,"remote_turnaround_us":800,"remote_turnaround_max_us":1418,"p50_us":[4000,6000],"p99_us":[22000,30000],"hist":[0,0,0,0,38,11,2,0,0,1,0,0,0,0,0,0]}}
1791635270.736 {"t":"link","up_ms":106303,"node":33120,"peer":25344,"mac":"b8:1f:3f:da:63:00","state":"dead","epoch":243,"espnow_ver":2,"mtu":1446,"misses":6,"rssi":-20,"tx":{"frames":356,"cb_ok":354,"cb_fail":2,"enqueue_err":0,"pdr_ppm":994382},"rx":{"frames":1362,"lost_seqgap":0,"reorder_dup":0,"dropped_bad":0,"hb_lost":6,"bcast_frames":1029,"pdr_ppm":1000000},"rtt":{"samples":51,"min_us":5875,"max_us":239652,"timeouts":0,"txq_last_us":2839,"txq_max_us":30949,"remote_turnaround_us":234758,"remote_turnaround_max_us":234758,"p50_us":[6000,8000],"p99_us":[200000,null],"hist":[0,0,0,0,10,31,3,2,2,0,1,1,0,0,0,1]}}
1791635270.736 {"t":"auth","node":33120,"up_ms":106346,"enrolled":1,"required":1,"verified_peers":2,"verified":2,"cache_hits":105,"refused":0,"rate_limited":0,"stale_epoch":0,"verify_us_max":87047,"link_stack_free_b":1524,"crypto_stack_free_b":1140,"tags_ok":651,"bad_tag":0,"replayed":0,"untagged":0,"bcast_dropped":0,"beacon_epoch_ignored":0,"tag_us_max":1095}
1791635270.736 {"t":"act","node":33120,"setpoint":0,"has_value":0,"writes_served":0}
1791635270.736 {"t":"peers","node":33120,"own_period_ms":100,"own_busy":0,"channel":1,"scanning":0,"scans":0,"hops":0,"found":0,"lost_to_found_ms":0,"moves_followed":0,"moves_refused":0,"sweeps":0,"sweep_found":0,"sweeping":0,"search_visits":0,"relay":0,"fwd_u":0,"fwd_b":0,"fwd_h":0,"relay_dup":1078,"list":[{"id":29544,"state":"alive","via_relay":0,"period_ms":100,"misses":6,"busy":1,"rtt_n":52},{"id":25344,"state":"dead","via_relay":0,"period_ms":100,"misses":6,"busy":0,"rtt_n":51}]}
1791635270.736 {"t":"ss","node":33120,"accepted":0,"unsigned":0,"unknown_sender":0,"bad_signature":0,"replayed":0,"rate_limited":0,"verify_us_max":0,"floors":[{"src":25344,"epoch":139,"counter":1}]}
1791635270.736 {"t":"rec","node":33120,"up_ms":106442,"settled":1,"sent":420,"received":346,"malformed":0,"views":3,"replies_fenced":0,"actors":[{"key":1245650351,"running":0,"term":0,"owner":29544,"owner_term":8,"assigned":29544,"starts":0,"fenced":0,"released":0}]}
1791635271.093 {"t":"node","up_ms":106468,"node":33120,"epoch":290,"peers_alive":1,"peers_dead":1,"no_radio":0,"free_dram":250307,"largest_block":172032,"rx":{"total":5015,"bad_frame":0,"unknown_peer":10,"wrong_dst":0,"short_payload":0,"unknown_opcode":0,"queue_dropped":49},"tx":{"total":1829,"enqueue_err":0,"done_queue_dropped":0},"membership":{"deaths":1,"revivals":0,"reboots_seen":0,"table_full":0,"events_dropped":0}}
1791635271.093 {"t":"ns","node":33120,"hash":13581963,"owner":33120,"kind":"sampled","unit":100,"class":4,"bound_ms":5000,"quality":"GOOD","age_ms":382,"ts":106126,"updates":10,"value":2}
1791635271.093 {"t":"ns","node":33120,"hash":3142365229,"owner":33120,"kind":"sampled","unit":101,"class":4,"bound_ms":30000,"quality":"GOOD","age_ms":397,"ts":106125,"updates":10,"value":172032}
1791635271.093 {"t":"ns","node":33120,"hash":1245650351,"owner":29544,"kind":"sampled","unit":0,"class":3,"bound_ms":500,"quality":"NO_DATA","age_ms":0,"ts":0,"updates":0,"value":null}
1791635271.093 {"t":"ns","node":33120,"hash":2033492666,"owner":33120,"kind":"sampled","unit":0,"class":3,"bound_ms":0,"quality":"NO_DATA","age_ms":0,"ts":0,"updates":0,"value":null}
1791635271.093 {"t":"ns","node":33120,"hash":2347817554,"owner":33120,"kind":"sampled","unit":100,"class":4,"bound_ms":0,"quality":"GOOD","age_ms":439,"ts":106125,"updates":10,"value":290}
1791635271.093 {"t":"ns","node":33120,"hash":1170356950,"owner":33120,"kind":"sampled","unit":80,"class":4,"bound_ms":30000,"quality":"GOOD","age_ms":453,"ts":106125,"updates":10,"value":106}
1791635271.093 {"t":"ns","node":33120,"hash":3085599597,"owner":33120,"kind":"sampled","unit":0,"class":4,"bound_ms":5000,"quality":"GOOD","age_ms":466,"ts":106126,"updates":10,"value":-20}
1791635271.093 {"t":"ns","node":33120,"hash":2486014333,"owner":33120,"kind":"sampled","unit":101,"class":4,"bound_ms":30000,"quality":"GOOD","age_ms":481,"ts":106125,"updates":10,"value":250307}
1791635273.051 W (109777) pot.m0: peer 0x6300 rebooted, epoch now 244
1791635281.236 {"t":"clk","node":33120,"up_ms":116620}
1791635281.236 {"t":"led","node":33120,"shows":"green","app":0}
1791635281.236 {"t":"event","at_ms":106349,"node":33120,"kind":"peer_admitted","peer":29544,"slot":0,"a":0,"b":0}
1791635281.236 {"t":"event","at_ms":106784,"node":33120,"kind":"probe_timeout","peer":25344,"slot":1,"a":261,"b":0}
1791635281.236 {"t":"event","at_ms":108348,"node":33120,"kind":"peer_admitted","peer":29544,"slot":0,"a":0,"b":0}
1791635281.236 {"t":"event","at_ms":108589,"node":33120,"kind":"peer_rebooted","peer":25344,"slot":1,"a":244,"b":0}
1791635281.236 {"t":"event","at_ms":108591,"node":33120,"kind":"peer_admitted","peer":25344,"slot":1,"a":0,"b":0}
1791635281.236 {"t":"event","at_ms":108593,"node":33120,"kind":"peer_admitted","peer":25344,"slot":1,"a":0,"b":0}
1791635281.236 {"t":"event","at_ms":108595,"node":33120,"kind":"peer_admitted","peer":29544,"slot":0,"a":0,"b":0}
1791635281.236 {"t":"event","at_ms":108661,"node":33120,"kind":"peer_admitted","peer":25344,"slot":1,"a":0,"b":0}
1791635281.236 {"t":"event","at_ms":108747,"node":33120,"kind":"peer_admitted","peer":25344,"slot":1,"a":0,"b":0}
1791635281.236 {"t":"event","at_ms":110349,"node":33120,"kind":"peer_admitted","peer":29544,"slot":0,"a":0,"b":0}
1791635281.236 {"t":"event","at_ms":110511,"node":33120,"kind":"peer_admitted","peer":25344,"slot":1,"a":0,"b":0}
1791635281.236 {"t":"event","at_ms":112349,"node":33120,"kind":"peer_admitted","peer":29544,"slot":0,"a":0,"b":0}
1791635281.236 {"t":"event","at_ms":112511,"node":33120,"kind":"peer_admitted","peer":25344,"slot":1,"a":0,"b":0}
1791635281.236 {"t":"event","at_ms":114349,"node":33120,"kind":"peer_admitted","peer":29544,"slot":0,"a":0,"b":0}
1791635281.236 {"t":"event","at_ms":114513,"node":33120,"kind":"peer_admitted","peer":25344,"slot":1,"a":0,"b":0}
1791635281.236 {"t":"event","at_ms":114526,"node":33120,"kind":"actor_owner","peer":0,"slot":255,"a":1245650351,"b":0}
1791635281.236 {"t":"event","at_ms":114529,"node":33120,"kind":"actor_owner","peer":25344,"slot":255,"a":1245650351,"b":9}
1791635281.236 {"t":"event","at_ms":116349,"node":33120,"kind":"peer_admitted","peer":29544,"slot":0,"a":0,"b":0}
1791635281.236 {"t":"event","at_ms":116511,"node":33120,"kind":"peer_admitted","peer":25344,"slot":1,"a":0,"b":0}
1791635281.236 {"t":"link","up_ms":116788,"node":33120,"peer":29544,"mac":"b8:1f:3f:da:73:68","state":"alive","epoch":171,"espnow_ver":2,"mtu":1446,"misses":0,"rssi":-9,"tx":{"frames":412,"cb_ok":411,"cb_fail":0,"enqueue_err":0,"pdr_ppm":1000000},"rx":{"frames":1620,"lost_seqgap":0,"reorder_dup":0,"dropped_bad":0,"hb_lost":2,"bcast_frames":1146,"pdr_ppm":1000000},"rtt":{"samples":57,"min_us":5540,"max_us":22293,"timeouts":0,"txq_last_us":2784,"txq_max_us":11213,"remote_turnaround_us":795,"remote_turnaround_max_us":1418,"p50_us":[4000,6000],"p99_us":[22000,30000],"hist":[0,0,0,0,42,12,2,0,0,1,0,0,0,0,0,0]}}
1791635281.236 {"t":"link","up_ms":116842,"node":33120,"peer":25344,"mac":"b8:1f:3f:da:63:00","state":"alive","epoch":244,"espnow_ver":2,"mtu":1446,"misses":0,"rssi":-20,"tx":{"frames":390,"cb_ok":388,"cb_fail":2,"enqueue_err":0,"pdr_ppm":994871},"rx":{"frames":1481,"lost_seqgap":0,"reorder_dup":0,"dropped_bad":0,"hb_lost":6,"bcast_frames":1110,"pdr_ppm":1000000},"rtt":{"samples":55,"min_us":5875,"max_us":239652,"timeouts":1,"txq_last_us":2869,"txq_max_us":30949,"remote_turnaround_us":948,"remote_turnaround_max_us":234758,"p50_us":[6000,8000],"p99_us":[200000,null],"hist":[0,0,0,0,11,34,3,2,2,0,1,1,0,0,0,1]}}
1791635281.236 {"t":"auth","node":33120,"up_ms":116897,"enrolled":1,"required":1,"verified_peers":2,"verified":3,"cache_hits":119,"refused":0,"rate_limited":0,"stale_epoch":0,"verify_us_max":87047,"link_stack_free_b":1524,"crypto_stack_free_b":1140,"tags_ok":725,"bad_tag":0,"replayed":0,"untagged":0,"bcast_dropped":0,"beacon_epoch_ignored":0,"tag_us_max":1095}
1791635281.236 {"t":"act","node":33120,"setpoint":0,"has_value":0,"writes_served":0}
1791635281.642 {"t":"peers","node":33120,"own_period_ms":100,"own_busy":0,"channel":1,"scanning":0,"scans":0,"hops":0,"found":0,"lost_to_found_ms":0,"moves_followed":0,"moves_refused":0,"sweeps":0,"sweep_found":0,"sweeping":0,"search_visits":0,"relay":0,"fwd_u":0,"fwd_b":0,"fwd_h":0,"relay_dup":1168,"list":[{"id":29544,"state":"alive","via_relay":0,"period_ms":100,"misses":6,"busy":1,"rtt_n":58},{"id":25344,"state":"alive","via_relay":0,"period_ms":100,"misses":6,"busy":0,"rtt_n":55}]}
1791635281.642 {"t":"ss","node":33120,"accepted":0,"unsigned":0,"unknown_sender":0,"bad_signature":0,"replayed":0,"rate_limited":0,"verify_us_max":0,"floors":[{"src":25344,"epoch":139,"counter":1}]}
1791635281.642 {"t":"rec","node":33120,"up_ms":116991,"settled":1,"sent":463,"received":391,"malformed":0,"views":4,"replies_fenced":0,"actors":[{"key":1245650351,"running":0,"term":0,"owner":25344,"owner_term":9,"assigned":25344,"starts":0,"fenced":0,"released":0}]}
1791635281.642 {"t":"node","up_ms":117007,"node":33120,"epoch":290,"peers_alive":2,"peers_dead":0,"no_radio":0,"free_dram":250307,"largest_block":172032,"rx":{"total":5493,"bad_frame":0,"unknown_peer":10,"wrong_dst":0,"short_payload":0,"unknown_opcode":0,"queue_dropped":49},"tx":{"total":2017,"enqueue_err":0,"done_queue_dropped":0},"membership":{"deaths":1,"revivals":0,"reboots_seen":1,"table_full":0,"events_dropped":0}}
1791635281.642 {"t":"ns","node":33120,"hash":13581963,"owner":33120,"kind":"sampled","unit":100,"class":4,"bound_ms":5000,"quality":"GOOD","age_ms":425,"ts":116622,"updates":11,"value":2}
1791635281.642 {"t":"ns","node":33120,"hash":3142365229,"owner":33120,"kind":"sampled","unit":101,"class":4,"bound_ms":30000,"quality":"GOOD","age_ms":440,"ts":116621,"updates":11,"value":172032}
1791635281.642 {"t":"ns","node":33120,"hash":1245650351,"owner":25344,"kind":"sampled","unit":0,"class":3,"bound_ms":500,"quality":"NO_DATA","age_ms":0,"ts":0,"updates":0,"value":null}
1791635281.642 {"t":"ns","node":33120,"hash":2033492666,"owner":33120,"kind":"sampled","unit":0,"class":3,"bound_ms":0,"quality":"NO_DATA","age_ms":0,"ts":0,"updates":0,"value":null}
1791635281.642 {"t":"ns","node":33120,"hash":2347817554,"owner":33120,"kind":"sampled","unit":100,"class":4,"bound_ms":0,"quality":"GOOD","age_ms":482,"ts":116621,"updates":11,"value":290}
1791635281.642 {"t":"ns","node":33120,"hash":1170356950,"owner":33120,"kind":"sampled","unit":80,"class":4,"bound_ms":30000,"quality":"GOOD","age_ms":496,"ts":116621,"updates":11,"value":116}
1791635281.642 {"t":"ns","node":33120,"hash":3085599597,"owner":33120,"kind":"sampled","unit":0,"class":4,"bound_ms":5000,"quality":"GOOD","age_ms":520,"ts":116622,"updates":11,"value":-20}
1791635281.642 {"t":"ns","node":33120,"hash":2486014333,"owner":33120,"kind":"sampled","unit":101,"class":4,"bound_ms":30000,"quality":"GOOD","age_ms":535,"ts":116621,"updates":11,"value":250307}
1791635291.781 {"t":"clk","node":33120,"up_ms":127170}
1791635291.781 {"t":"led","node":33120,"shows":"green","app":0}
1791635291.781 {"t":"event","at_ms":118349,"node":33120,"kind":"peer_admitted","peer":29544,"slot":0,"a":0,"b":0}
1791635291.781 {"t":"event","at_ms":118511,"node":33120,"kind":"peer_admitted","peer":25344,"slot":1,"a":0,"b":0}
1791635291.781 {"t":"event","at_ms":120350,"node":33120,"kind":"peer_admitted","peer":29544,"slot":0,"a":0,"b":0}
1791635291.781 {"t":"event","at_ms":120513,"node":33120,"kind":"peer_admitted","peer":25344,"slot":1,"a":0,"b":0}
1791635291.781 {"t":"event","at_ms":122349,"node":33120,"kind":"peer_admitted","peer":29544,"slot":0,"a":0,"b":0}
1791635291.781 {"t":"event","at_ms":122511,"node":33120,"kind":"peer_admitted","peer":25344,"slot":1,"a":0,"b":0}
1791635291.781 {"t":"event","at_ms":124348,"node":33120,"kind":"peer_admitted","peer":29544,"slot":0,"a":0,"b":0}
1791635291.781 {"t":"event","at_ms":124511,"node":33120,"kind":"peer_admitted","peer":25344,"slot":1,"a":0,"b":0}
1791635291.781 {"t":"event","at_ms":126351,"node":33120,"kind":"peer_admitted","peer":29544,"slot":0,"a":0,"b":0}
1791635291.781 {"t":"event","at_ms":126511,"node":33120,"kind":"peer_admitted","peer":25344,"slot":1,"a":0,"b":0}
1791635291.781 {"t":"link","up_ms":127255,"node":33120,"peer":29544,"mac":"b8:1f:3f:da:73:68","state":"alive","epoch":171,"espnow_ver":2,"mtu":1446,"misses":0,"rssi":-9,"tx":{"frames":448,"cb_ok":448,"cb_fail":0,"enqueue_err":0,"pdr_ppm":1000000},"rx":{"frames":1766,"lost_seqgap":0,"reorder_dup":0,"dropped_bad":0,"hb_lost":3,"bcast_frames":1250,"pdr_ppm":1000000},"rtt":{"samples":63,"min_us":5540,"max_us":22293,"timeouts":0,"txq_last_us":2859,"txq_max_us":11213,"remote_turnaround_us":806,"remote_turnaround_max_us":1418,"p50_us":[4000,6000],"p99_us":[22000,30000],"hist":[0,0,0,0,48,12,2,0,0,1,0,0,0,0,0,0]}}
1791635291.781 {"t":"link","up_ms":127310,"node":33120,"peer":25344,"mac":"b8:1f:3f:da:63:00","state":"alive","epoch":244,"espnow_ver":2,"mtu":1446,"misses":0,"rssi":-19,"tx":{"frames":425,"cb_ok":423,"cb_fail":2,"enqueue_err":0,"pdr_ppm":995294},"rx":{"frames":1624,"lost_seqgap":0,"reorder_dup":0,"dropped_bad":0,"hb_lost":6,"bcast_frames":1215,"pdr_ppm":1000000},"rtt":{"samples":60,"min_us":5875,"max_us":239652,"timeouts":1,"txq_last_us":2845,"txq_max_us":30949,"remote_turnaround_us":909,"remote_turnaround_max_us":234758,"p50_us":[6000,8000],"p99_us":[200000,null],"hist":[0,0,0,0,13,37,3,2,2,0,1,1,0,0,0,1]}}
1791635291.781 {"t":"auth","node":33120,"up_ms":127364,"enrolled":1,"required":1,"verified_peers":2,"verified":3,"cache_hits":129,"refused":0,"rate_limited":0,"stale_epoch":0,"verify_us_max":87047,"link_stack_free_b":1524,"crypto_stack_free_b":1140,"tags_ok":794,"bad_tag":0,"replayed":0,"untagged":0,"bcast_dropped":0,"beacon_epoch_ignored":0,"tag_us_max":1095}
1791635291.781 {"t":"act","node":33120,"setpoint":0,"has_value":0,"writes_served":0}
1791635291.781 {"t":"peers","node":33120,"own_period_ms":100,"own_busy":0,"channel":1,"scanning":0,"scans":0,"hops":0,"found":0,"lost_to_found_ms":0,"moves_followed":0,"moves_refused":0,"sweeps":0,"sweep_found":0,"sweeping":0,"search_visits":0,"relay":0,"fwd_u":0,"fwd_b":0,"fwd_h":0,"relay_dup":1278,"list":[{"id":29544,"state":"alive","via_relay":0,"period_ms":100,"misses":6,"busy":1,"rtt_n":63},{"id":25344,"state":"alive","via_relay":0,"period_ms":100,"misses":6,"busy":0,"rtt_n":60}]}
1791635291.781 {"t":"ss","node":33120,"accepted":0,"unsigned":0,"unknown_sender":0,"bad_signature":0,"replayed":0,"rate_limited":0,"verify_us_max":0,"floors":[{"src":25344,"epoch":139,"counter":1}]}
1791635291.781 {"t":"rec","node":33120,"up_ms":127459,"settled":1,"sent":505,"received":431,"malformed":0,"views":4,"replies_fenced":0,"actors":[{"key":1245650351,"running":0,"term":0,"owner":25344,"owner_term":9,"assigned":25344,"starts":0,"fenced":0,"released":0}]}
1791635291.781 {"t":"node","up_ms":127474,"node":33120,"epoch":290,"peers_alive":2,"peers_dead":0,"no_radio":0,"free_dram":250307,"largest_block":172032,"rx":{"total":5999,"bad_frame":0,"unknown_peer":10,"wrong_dst":0,"short_payload":0,"unknown_opcode":0,"queue_dropped":49},"tx":{"total":2196,"enqueue_err":0,"done_queue_dropped":0},"membership":{"deaths":1,"revivals":0,"reboots_seen":1,"table_full":0,"events_dropped":0}}
1791635292.109 {"t":"ns","node":33120,"hash":13581963,"owner":33120,"kind":"sampled","unit":100,"class":4,"bound_ms":5000,"quality":"GOOD","age_ms":343,"ts":127172,"updates":12,"value":2}
1791635292.109 {"t":"ns","node":33120,"hash":3142365229,"owner":33120,"kind":"sampled","unit":101,"class":4,"bound_ms":30000,"quality":"GOOD","age_ms":358,"ts":127171,"updates":12,"value":172032}
1791635292.109 {"t":"ns","node":33120,"hash":1245650351,"owner":25344,"kind":"sampled","unit":0,"class":3,"bound_ms":500,"quality":"NO_DATA","age_ms":0,"ts":0,"updates":0,"value":null}
1791635292.109 {"t":"ns","node":33120,"hash":2033492666,"owner":33120,"kind":"sampled","unit":0,"class":3,"bound_ms":0,"quality":"NO_DATA","age_ms":0,"ts":0,"updates":0,"value":null}
1791635292.109 {"t":"ns","node":33120,"hash":2347817554,"owner":33120,"kind":"sampled","unit":100,"class":4,"bound_ms":0,"quality":"GOOD","age_ms":400,"ts":127171,"updates":12,"value":290}
1791635292.109 {"t":"ns","node":33120,"hash":1170356950,"owner":33120,"kind":"sampled","unit":80,"class":4,"bound_ms":30000,"quality":"GOOD","age_ms":425,"ts":127171,"updates":12,"value":127}
1791635292.109 {"t":"ns","node":33120,"hash":3085599597,"owner":33120,"kind":"sampled","unit":0,"class":4,"bound_ms":5000,"quality":"GOOD","age_ms":439,"ts":127172,"updates":12,"value":-19}
1791635292.109 {"t":"ns","node":33120,"hash":2486014333,"owner":33120,"kind":"sampled","unit":101,"class":4,"bound_ms":30000,"quality":"GOOD","age_ms":454,"ts":127171,"updates":12,"value":250307}
1791635302.249 {"t":"clk","node":33120,"up_ms":137639}
1791635302.249 {"t":"led","node":33120,"shows":"green","app":0}
1791635302.249 {"t":"event","at_ms":128349,"node":33120,"kind":"peer_admitted","peer":29544,"slot":0,"a":0,"b":0}
1791635302.249 {"t":"event","at_ms":128511,"node":33120,"kind":"peer_admitted","peer":25344,"slot":1,"a":0,"b":0}
1791635302.249 {"t":"event","at_ms":130349,"node":33120,"kind":"peer_admitted","peer":29544,"slot":0,"a":0,"b":0}
1791635302.249 {"t":"event","at_ms":130511,"node":33120,"kind":"peer_admitted","peer":25344,"slot":1,"a":0,"b":0}
1791635302.249 {"t":"event","at_ms":132349,"node":33120,"kind":"peer_admitted","peer":29544,"slot":0,"a":0,"b":0}
1791635302.249 {"t":"event","at_ms":132541,"node":33120,"kind":"peer_admitted","peer":25344,"slot":1,"a":0,"b":0}
1791635302.249 {"t":"event","at_ms":134349,"node":33120,"kind":"peer_admitted","peer":29544,"slot":0,"a":0,"b":0}
1791635302.249 {"t":"event","at_ms":134511,"node":33120,"kind":"peer_admitted","peer":25344,"slot":1,"a":0,"b":0}
1791635302.249 {"t":"event","at_ms":136349,"node":33120,"kind":"peer_admitted","peer":29544,"slot":0,"a":0,"b":0}
1791635302.249 {"t":"event","at_ms":136511,"node":33120,"kind":"peer_admitted","peer":25344,"slot":1,"a":0,"b":0}
1791635302.249 {"t":"link","up_ms":137723,"node":33120,"peer":29544,"mac":"b8:1f:3f:da:73:68","state":"alive","epoch":171,"espnow_ver":2,"mtu":1446,"misses":0,"rssi":-9,"tx":{"frames":484,"cb_ok":484,"cb_fail":0,"enqueue_err":0,"pdr_ppm":1000000},"rx":{"frames":1912,"lost_seqgap":0,"reorder_dup":0,"dropped_bad":0,"hb_lost":3,"bcast_frames":1355,"pdr_ppm":1000000},"rtt":{"samples":68,"min_us":5540,"max_us":22293,"timeouts":0,"txq_last_us":2865,"txq_max_us":11213,"remote_turnaround_us":834,"remote_turnaround_max_us":1752,"p50_us":[4000,6000],"p99_us":[22000,30000],"hist":[0,0,0,0,51,13,3,0,0,1,0,0,0,0,0,0]}}
1791635302.249 {"t":"link","up_ms":137777,"node":33120,"peer":25344,"mac":"b8:1f:3f:da:63:00","state":"alive","epoch":244,"espnow_ver":2,"mtu":1446,"misses":0,"rssi":-20,"tx":{"frames":458,"cb_ok":456,"cb_fail":2,"enqueue_err":0,"pdr_ppm":995633},"rx":{"frames":1766,"lost_seqgap":0,"reorder_dup":0,"dropped_bad":0,"hb_lost":8,"bcast_frames":1318,"pdr_ppm":1000000},"rtt":{"samples":65,"min_us":5875,"max_us":239652,"timeouts":1,"txq_last_us":2877,"txq_max_us":30949,"remote_turnaround_us":965,"remote_turnaround_max_us":234758,"p50_us":[6000,8000],"p99_us":[200000,null],"hist":[0,0,0,0,13,41,4,2,2,0,1,1,0,0,0,1]}}
1791635302.250 {"t":"auth","node":33120,"up_ms":137833,"enrolled":1,"required":1,"verified_peers":2,"verified":3,"cache_hits":139,"refused":0,"rate_limited":0,"stale_epoch":0,"verify_us_max":87047,"link_stack_free_b":1524,"crypto_stack_free_b":1140,"tags_ok":865,"bad_tag":0,"replayed":0,"untagged":0,"bcast_dropped":0,"beacon_epoch_ignored":0,"tag_us_max":1095}
1791635302.250 {"t":"act","node":33120,"setpoint":0,"has_value":0,"writes_served":0}
1791635302.250 {"t":"peers","node":33120,"own_period_ms":100,"own_busy":0,"channel":1,"scanning":0,"scans":0,"hops":0,"found":0,"lost_to_found_ms":0,"moves_followed":0,"moves_refused":0,"sweeps":0,"sweep_found":0,"sweeping":0,"search_visits":0,"relay":0,"fwd_u":0,"fwd_b":0,"fwd_h":0,"relay_dup":1386,"list":[{"id":29544,"state":"alive","via_relay":0,"period_ms":100,"misses":6,"busy":1,"rtt_n":68},{"id":25344,"state":"alive","via_relay":0,"period_ms":100,"misses":6,"busy":0,"rtt_n":66}]}
1791635302.250 {"t":"ss","node":33120,"accepted":0,"unsigned":0,"unknown_sender":0,"bad_signature":0,"replayed":0,"rate_limited":0,"verify_us_max":0,"floors":[{"src":25344,"epoch":139,"counter":1}]}
1791635302.250 {"t":"rec","node":33120,"up_ms":137928,"settled":1,"sent":547,"received":473,"malformed":0,"views":4,"replies_fenced":0,"actors":[{"key":1245650351,"running":0,"term":0,"owner":25344,"owner_term":9,"assigned":25344,"starts":0,"fenced":0,"released":0}]}
1791635302.250 {"t":"node","up_ms":137943,"node":33120,"epoch":290,"peers_alive":2,"peers_dead":0,"no_radio":0,"free_dram":250307,"largest_block":172032,"rx":{"total":6507,"bad_frame":0,"unknown_peer":10,"wrong_dst":0,"short_payload":0,"unknown_opcode":0,"queue_dropped":49},"tx":{"total":2378,"enqueue_err":0,"done_queue_dropped":0},"membership":{"deaths":1,"revivals":0,"reboots_seen":1,"table_full":0,"events_dropped":0}}
1791635302.576 {"t":"ns","node":33120,"hash":13581963,"owner":33120,"kind":"sampled","unit":100,"class":4,"bound_ms":5000,"quality":"GOOD","age_ms":342,"ts":137641,"updates":13,"value":2}
1791635302.576 {"t":"ns","node":33120,"hash":3142365229,"owner":33120,"kind":"sampled","unit":101,"class":4,"bound_ms":30000,"quality":"GOOD","age_ms":357,"ts":137640,"updates":13,"value":172032}
1791635302.576 {"t":"ns","node":33120,"hash":1245650351,"owner":25344,"kind":"sampled","unit":0,"class":3,"bound_ms":500,"quality":"NO_DATA","age_ms":0,"ts":0,"updates":0,"value":null}
1791635302.576 {"t":"ns","node":33120,"hash":2033492666,"owner":33120,"kind":"sampled","unit":0,"class":3,"bound_ms":0,"quality":"NO_DATA","age_ms":0,"ts":0,"updates":0,"value":null}
1791635302.576 {"t":"ns","node":33120,"hash":2347817554,"owner":33120,"kind":"sampled","unit":100,"class":4,"bound_ms":0,"quality":"GOOD","age_ms":399,"ts":137640,"updates":13,"value":290}
1791635302.576 {"t":"ns","node":33120,"hash":1170356950,"owner":33120,"kind":"sampled","unit":80,"class":4,"bound_ms":30000,"quality":"GOOD","age_ms":424,"ts":137640,"updates":13,"value":137}
1791635302.576 {"t":"ns","node":33120,"hash":3085599597,"owner":33120,"kind":"sampled","unit":0,"class":4,"bound_ms":5000,"quality":"GOOD","age_ms":437,"ts":137641,"updates":13,"value":-20}
1791635302.576 {"t":"ns","node":33120,"hash":2486014333,"owner":33120,"kind":"sampled","unit":101,"class":4,"bound_ms":30000,"quality":"GOOD","age_ms":453,"ts":137640,"updates":13,"value":250307}
1791635312.722 {"t":"clk","node":33120,"up_ms":148107}
1791635312.722 {"t":"led","node":33120,"shows":"green","app":0}
1791635312.722 {"t":"event","at_ms":138349,"node":33120,"kind":"peer_admitted","peer":29544,"slot":0,"a":0,"b":0}
1791635312.722 {"t":"event","at_ms":138511,"node":33120,"kind":"peer_admitted","peer":25344,"slot":1,"a":0,"b":0}
1791635312.722 {"t":"event","at_ms":140349,"node":33120,"kind":"peer_admitted","peer":29544,"slot":0,"a":0,"b":0}
1791635312.722 {"t":"event","at_ms":140511,"node":33120,"kind":"peer_admitted","peer":25344,"slot":1,"a":0,"b":0}
1791635312.722 {"t":"event","at_ms":142349,"node":33120,"kind":"peer_admitted","peer":29544,"slot":0,"a":0,"b":0}
1791635312.722 {"t":"event","at_ms":142511,"node":33120,"kind":"peer_admitted","peer":25344,"slot":1,"a":0,"b":0}
1791635312.722 {"t":"event","at_ms":144349,"node":33120,"kind":"peer_admitted","peer":29544,"slot":0,"a":0,"b":0}
1791635312.722 {"t":"event","at_ms":144511,"node":33120,"kind":"peer_admitted","peer":25344,"slot":1,"a":0,"b":0}
1791635312.722 {"t":"event","at_ms":146349,"node":33120,"kind":"peer_admitted","peer":29544,"slot":0,"a":0,"b":0}
1791635312.722 {"t":"event","at_ms":146511,"node":33120,"kind":"peer_admitted","peer":25344,"slot":1,"a":0,"b":0}
1791635312.722 {"t":"link","up_ms":148192,"node":33120,"peer":29544,"mac":"b8:1f:3f:da:73:68","state":"alive","epoch":171,"espnow_ver":2,"mtu":1446,"misses":0,"rssi":-10,"tx":{"frames":520,"cb_ok":520,"cb_fail":0,"enqueue_err":0,"pdr_ppm":1000000},"rx":{"frames":2058,"lost_seqgap":0,"reorder_dup":0,"dropped_bad":0,"hb_lost":3,"bcast_frames":1459,"pdr_ppm":1000000},"rtt":{"samples":73,"min_us":5540,"max_us":22293,"timeouts":0,"txq_last_us":2864,"txq_max_us":11213,"remote_turnaround_us":827,"remote_turnaround_max_us":1752,"p50_us":[4000,6000],"p99_us":[22000,30000],"hist":[0,0,0,0,54,15,3,0,0,1,0,0,0,0,0,0]}}
1791635312.722 {"t":"link","up_ms":148245,"node":33120,"peer":25344,"mac":"b8:1f:3f:da:63:00","state":"alive","epoch":244,"espnow_ver":2,"mtu":1446,"misses":0,"rssi":-20,"tx":{"frames":494,"cb_ok":492,"cb_fail":2,"enqueue_err":0,"pdr_ppm":995951},"rx":{"frames":1913,"lost_seqgap":0,"reorder_dup":0,"dropped_bad":0,"hb_lost":8,"bcast_frames":1423,"pdr_ppm":1000000},"rtt":{"samples":71,"min_us":5875,"max_us":239652,"timeouts":1,"txq_last_us":2882,"txq_max_us":30949,"remote_turnaround_us":1157,"remote_turnaround_max_us":234758,"p50_us":[6000,8000],"p99_us":[200000,null],"hist":[0,0,0,0,13,47,4,2,2,0,1,1,0,0,0,1]}}
1791635312.722 {"t":"auth","node":33120,"up_ms":148300,"enrolled":1,"required":1,"verified_peers":2,"verified":3,"cache_hits":149,"refused":0,"rate_limited":0,"stale_epoch":0,"verify_us_max":87047,"link_stack_free_b":1524,"crypto_stack_free_b":1140,"tags_ok":937,"bad_tag":0,"replayed":0,"untagged":0,"bcast_dropped":0,"beacon_epoch_ignored":0,"tag_us_max":1095}
1791635312.722 {"t":"act","node":33120,"setpoint":0,"has_value":0,"writes_served":0}
1791635312.722 {"t":"peers","node":33120,"own_period_ms":100,"own_busy":0,"channel":1,"scanning":0,"scans":0,"hops":0,"found":0,"lost_to_found_ms":0,"moves_followed":0,"moves_refused":0,"sweeps":0,"sweep_found":0,"sweeping":0,"search_visits":0,"relay":0,"fwd_u":0,"fwd_b":0,"fwd_h":0,"relay_dup":1495,"list":[{"id":29544,"state":"alive","via_relay":0,"period_ms":100,"misses":6,"busy":1,"rtt_n":73},{"id":25344,"state":"alive","via_relay":0,"period_ms":100,"misses":6,"busy":0,"rtt_n":71}]}
1791635312.722 {"t":"ss","node":33120,"accepted":0,"unsigned":0,"unknown_sender":0,"bad_signature":0,"replayed":0,"rate_limited":0,"verify_us_max":0,"floors":[{"src":25344,"epoch":139,"counter":1}]}
1791635312.722 {"t":"rec","node":33120,"up_ms":148396,"settled":1,"sent":589,"received":515,"malformed":0,"views":4,"replies_fenced":0,"actors":[{"key":1245650351,"running":0,"term":0,"owner":25344,"owner_term":9,"assigned":25344,"starts":0,"fenced":0,"released":0}]}
1791635312.722 {"t":"node","up_ms":148411,"node":33120,"epoch":290,"peers_alive":2,"peers_dead":0,"no_radio":0,"free_dram":250307,"largest_block":172032,"rx":{"total":7020,"bad_frame":0,"unknown_peer":10,"wrong_dst":0,"short_payload":0,"unknown_opcode":0,"queue_dropped":49},"tx":{"total":2561,"enqueue_err":0,"done_queue_dropped":0},"membership":{"deaths":1,"revivals":0,"reboots_seen":1,"table_full":0,"events_dropped":0}}
1791635313.041 {"t":"ns","node":33120,"hash":13581963,"owner":33120,"kind":"sampled","unit":100,"class":4,"bound_ms":5000,"quality":"GOOD","age_ms":342,"ts":148109,"updates":14,"value":2}
1791635313.041 {"t":"ns","node":33120,"hash":3142365229,"owner":33120,"kind":"sampled","unit":101,"class":4,"bound_ms":30000,"quality":"GOOD","age_ms":357,"ts":148108,"updates":14,"value":172032}
1791635313.041 {"t":"ns","node":33120,"hash":1245650351,"owner":25344,"kind":"sampled","unit":0,"class":3,"bound_ms":500,"quality":"NO_DATA","age_ms":0,"ts":0,"updates":0,"value":null}
1791635313.041 {"t":"ns","node":33120,"hash":2033492666,"owner":33120,"kind":"sampled","unit":0,"class":3,"bound_ms":0,"quality":"NO_DATA","age_ms":0,"ts":0,"updates":0,"value":null}
1791635313.041 {"t":"ns","node":33120,"hash":2347817554,"owner":33120,"kind":"sampled","unit":100,"class":4,"bound_ms":0,"quality":"GOOD","age_ms":409,"ts":148109,"updates":14,"value":290}
1791635313.041 {"t":"ns","node":33120,"hash":1170356950,"owner":33120,"kind":"sampled","unit":80,"class":4,"bound_ms":30000,"quality":"GOOD","age_ms":424,"ts":148108,"updates":14,"value":148}
1791635313.041 {"t":"ns","node":33120,"hash":3085599597,"owner":33120,"kind":"sampled","unit":0,"class":4,"bound_ms":5000,"quality":"GOOD","age_ms":439,"ts":148109,"updates":14,"value":-20}
1791635313.041 {"t":"ns","node":33120,"hash":2486014333,"owner":33120,"kind":"sampled","unit":101,"class":4,"bound_ms":30000,"quality":"GOOD","age_ms":454,"ts":148108,"updates":14,"value":250307}
1791635323.187 {"t":"clk","node":33120,"up_ms":158577}
1791635323.187 {"t":"led","node":33120,"shows":"green","app":0}
1791635323.187 {"t":"event","at_ms":148349,"node":33120,"kind":"peer_admitted","peer":29544,"slot":0,"a":0,"b":0}
1791635323.187 {"t":"event","at_ms":148511,"node":33120,"kind":"peer_admitted","peer":25344,"slot":1,"a":0,"b":0}
1791635323.187 {"t":"event","at_ms":150349,"node":33120,"kind":"peer_admitted","peer":29544,"slot":0,"a":0,"b":0}
1791635323.187 {"t":"event","at_ms":150511,"node":33120,"kind":"peer_admitted","peer":25344,"slot":1,"a":0,"b":0}
1791635323.187 {"t":"event","at_ms":152349,"node":33120,"kind":"peer_admitted","peer":29544,"slot":0,"a":0,"b":0}
1791635323.187 {"t":"event","at_ms":152511,"node":33120,"kind":"peer_admitted","peer":25344,"slot":1,"a":0,"b":0}
1791635323.187 {"t":"event","at_ms":154349,"node":33120,"kind":"peer_admitted","peer":29544,"slot":0,"a":0,"b":0}
1791635323.187 {"t":"event","at_ms":154511,"node":33120,"kind":"peer_admitted","peer":25344,"slot":1,"a":0,"b":0}
1791635323.187 {"t":"event","at_ms":156349,"node":33120,"kind":"peer_admitted","peer":29544,"slot":0,"a":0,"b":0}
1791635323.187 {"t":"event","at_ms":156511,"node":33120,"kind":"peer_admitted","peer":25344,"slot":1,"a":0,"b":0}
1791635323.187 {"t":"event","at_ms":158351,"node":33120,"kind":"peer_admitted","peer":29544,"slot":0,"a":0,"b":0}
1791635323.187 {"t":"event","at_ms":158511,"node":33120,"kind":"peer_admitted","peer":25344,"slot":1,"a":0,"b":0}
1791635323.187 {"t":"link","up_ms":158687,"node":33120,"peer":29544,"mac":"b8:1f:3f:da:73:68","state":"alive","epoch":171,"espnow_ver":2,"mtu":1446,"misses":0,"rssi":-9,"tx":{"frames":558,"cb_ok":558,"cb_fail":0,"enqueue_err":0,"pdr_ppm":1000000},"rx":{"frames":2206,"lost_seqgap":0,"reorder_dup":0,"dropped_bad":0,"hb_lost":3,"bcast_frames":1564,"pdr_ppm":1000000},"rtt":{"samples":78,"min_us":5540,"max_us":22293,"timeouts":0,"txq_last_us":2863,"txq_max_us":11213,"remote_turnaround_us":839,"remote_turnaround_max_us":1752,"p50_us":[4000,6000],"p99_us":[22000,30000],"hist":[0,0,0,0,59,15,3,0,0,1,0,0,0,0,0,0]}}
1791635323.187 {"t":"link","up_ms":158730,"node":33120,"peer":25344,"mac":"b8:1f:3f:da:63:00","state":"alive","epoch":244,"espnow_ver":2,"mtu":1446,"misses":0,"rssi":-20,"tx":{"frames":529,"cb_ok":527,"cb_fail":2,"enqueue_err":0,"pdr_ppm":996219},"rx":{"frames":2057,"lost_seqgap":0,"reorder_dup":0,"dropped_bad":0,"hb_lost":8,"bcast_frames":1527,"pdr_ppm":1000000},"rtt":{"samples":76,"min_us":5875,"max_us":239652,"timeouts":1,"txq_last_us":2884,"txq_max_us":30949,"remote_turnaround_us":967,"remote_turnaround_max_us":234758,"p50_us":[6000,8000],"p99_us":[200000,null],"hist":[0,0,0,0,13,51,5,2,2,0,1,1,0,0,0,1]}}
1791635323.187 {"t":"auth","node":33120,"up_ms":158786,"enrolled":1,"required":1,"verified_peers":2,"verified":3,"cache_hits":161,"refused":0,"rate_limited":0,"stale_epoch":0,"verify_us_max":87047,"link_stack_free_b":1524,"crypto_stack_free_b":1140,"tags_ok":1008,"bad_tag":0,"replayed":0,"untagged":0,"bcast_dropped":0,"beacon_epoch_ignored":0,"tag_us_max":1095}
1791635323.187 {"t":"act","node":33120,"setpoint":0,"has_value":0,"writes_served":0}
1791635323.187 {"t":"peers","node":33120,"own_period_ms":100,"own_busy":0,"channel":1,"scanning":0,"scans":0,"hops":0,"found":0,"lost_to_found_ms":0,"moves_followed":0,"moves_refused":0,"sweeps":0,"sweep_found":0,"sweeping":0,"search_visits":0,"relay":0,"fwd_u":0,"fwd_b":0,"fwd_h":0,"relay_dup":1605,"list":[{"id":29544,"state":"alive","via_relay":0,"period_ms":100,"misses":6,"busy":1,"rtt_n":79},{"id":25344,"state":"alive","via_relay":0,"period_ms":100,"misses":6,"busy":0,"rtt_n":76}]}
1791635323.187 {"t":"ss","node":33120,"accepted":0,"unsigned":0,"unknown_sender":0,"bad_signature":0,"replayed":0,"rate_limited":0,"verify_us_max":0,"floors":[{"src":25344,"epoch":139,"counter":1}]}
1791635323.187 {"t":"rec","node":33120,"up_ms":158881,"settled":1,"sent":631,"received":557,"malformed":0,"views":4,"replies_fenced":0,"actors":[{"key":1245650351,"running":0,"term":0,"owner":25344,"owner_term":9,"assigned":25344,"starts":0,"fenced":0,"released":0}]}
1791635323.523 {"t":"node","up_ms":158908,"node":33120,"epoch":290,"peers_alive":2,"peers_dead":0,"no_radio":0,"free_dram":250307,"largest_block":172032,"rx":{"total":7531,"bad_frame":0,"unknown_peer":10,"wrong_dst":0,"short_payload":0,"unknown_opcode":0,"queue_dropped":49},"tx":{"total":2743,"enqueue_err":0,"done_queue_dropped":0},"membership":{"deaths":1,"revivals":0,"reboots_seen":1,"table_full":0,"events_dropped":0}}
1791635323.523 {"t":"ns","node":33120,"hash":13581963,"owner":33120,"kind":"sampled","unit":100,"class":4,"bound_ms":5000,"quality":"GOOD","age_ms":357,"ts":158579,"updates":15,"value":2}
1791635323.523 {"t":"ns","node":33120,"hash":3142365229,"owner":33120,"kind":"sampled","unit":101,"class":4,"bound_ms":30000,"quality":"GOOD","age_ms":373,"ts":158578,"updates":15,"value":172032}
1791635323.523 {"t":"ns","node":33120,"hash":1245650351,"owner":25344,"kind":"sampled","unit":0,"class":3,"bound_ms":500,"quality":"NO_DATA","age_ms":0,"ts":0,"updates":0,"value":null}
1791635323.523 {"t":"ns","node":33120,"hash":2033492666,"owner":33120,"kind":"sampled","unit":0,"class":3,"bound_ms":0,"quality":"NO_DATA","age_ms":0,"ts":0,"updates":0,"value":null}
1791635323.523 {"t":"ns","node":33120,"hash":2347817554,"owner":33120,"kind":"sampled","unit":100,"class":4,"bound_ms":0,"quality":"GOOD","age_ms":425,"ts":158579,"updates":15,"value":290}
1791635323.523 {"t":"ns","node":33120,"hash":1170356950,"owner":33120,"kind":"sampled","unit":80,"class":4,"bound_ms":30000,"quality":"GOOD","age_ms":439,"ts":158578,"updates":15,"value":158}
1791635323.523 {"t":"ns","node":33120,"hash":3085599597,"owner":33120,"kind":"sampled","unit":0,"class":4,"bound_ms":5000,"quality":"GOOD","age_ms":453,"ts":158579,"updates":15,"value":-19}
1791635323.523 {"t":"ns","node":33120,"hash":2486014333,"owner":33120,"kind":"sampled","unit":101,"class":4,"bound_ms":30000,"quality":"GOOD","age_ms":468,"ts":158578,"updates":15,"value":250307}
1791635333.670 {"t":"clk","node":33120,"up_ms":169061}
1791635333.670 {"t":"led","node":33120,"shows":"green","app":0}
1791635333.670 {"t":"event","at_ms":160349,"node":33120,"kind":"peer_admitted","peer":29544,"slot":0,"a":0,"b":0}
1791635333.670 {"t":"event","at_ms":160511,"node":33120,"kind":"peer_admitted","peer":25344,"slot":1,"a":0,"b":0}
1791635333.670 {"t":"event","at_ms":162348,"node":33120,"kind":"peer_admitted","peer":29544,"slot":0,"a":0,"b":0}
1791635333.670 {"t":"event","at_ms":162511,"node":33120,"kind":"peer_admitted","peer":25344,"slot":1,"a":0,"b":0}
1791635333.670 {"t":"event","at_ms":164348,"node":33120,"kind":"peer_admitted","peer":29544,"slot":0,"a":0,"b":0}
1791635333.670 {"t":"event","at_ms":164511,"node":33120,"kind":"peer_admitted","peer":25344,"slot":1,"a":0,"b":0}
1791635333.670 {"t":"event","at_ms":166348,"node":33120,"kind":"peer_admitted","peer":29544,"slot":0,"a":0,"b":0}
1791635333.670 {"t":"event","at_ms":166511,"node":33120,"kind":"peer_admitted","peer":25344,"slot":1,"a":0,"b":0}
1791635333.670 {"t":"event","at_ms":168349,"node":33120,"kind":"peer_admitted","peer":29544,"slot":0,"a":0,"b":0}
1791635333.670 {"t":"event","at_ms":168511,"node":33120,"kind":"peer_admitted","peer":25344,"slot":1,"a":0,"b":0}
1791635333.670 {"t":"link","up_ms":169146,"node":33120,"peer":29544,"mac":"b8:1f:3f:da:73:68","state":"alive","epoch":171,"espnow_ver":2,"mtu":1446,"misses":0,"rssi":-9,"tx":{"frames":595,"cb_ok":595,"cb_fail":0,"enqueue_err":0,"pdr_ppm":1000000},"rx":{"frames":2353,"lost_seqgap":0,"reorder_dup":0,"dropped_bad":0,"hb_lost":3,"bcast_frames":1669,"pdr_ppm":1000000},"rtt":{"samples":84,"min_us":5540,"max_us":22293,"timeouts":0,"txq_last_us":2890,"txq_max_us":11213,"remote_turnaround_us":820,"remote_turnaround_max_us":1752,"p50_us":[4000,6000],"p99_us":[22000,30000],"hist":[0,0,0,0,62,18,3,0,0,1,0,0,0,0,0,0]}}
1791635333.670 {"t":"link","up_ms":169200,"node":33120,"peer":25344,"mac":"b8:1f:3f:da:63:00","state":"alive","epoch":244,"espnow_ver":2,"mtu":1446,"misses":0,"rssi":-20,"tx":{"frames":564,"cb_ok":562,"cb_fail":2,"enqueue_err":0,"pdr_ppm":996453},"rx":{"frames":2202,"lost_seqgap":0,"reorder_dup":0,"dropped_bad":0,"hb_lost":8,"bcast_frames":1632,"pdr_ppm":1000000},"rtt":{"samples":81,"min_us":5875,"max_us":239652,"timeouts":1,"txq_last_us":2894,"txq_max_us":30949,"remote_turnaround_us":1223,"remote_turnaround_max_us":234758,"p50_us":[6000,8000],"p99_us":[200000,null],"hist":[0,0,0,0,13,56,5,2,2,0,1,1,0,0,0,1]}}
1791635333.670 {"t":"auth","node":33120,"up_ms":169254,"enrolled":1,"required":1,"verified_peers":2,"verified":3,"cache_hits":171,"refused":0,"rate_limited":0,"stale_epoch":0,"verify_us_max":87047,"link_stack_free_b":1524,"crypto_stack_free_b":1140,"tags_ok":1080,"bad_tag":0,"replayed":0,"untagged":0,"bcast_dropped":0,"beacon_epoch_ignored":0,"tag_us_max":1095}
1791635333.670 {"t":"act","node":33120,"setpoint":0,"has_value":0,"writes_served":0}
1791635333.670 {"t":"peers","node":33120,"own_period_ms":100,"own_busy":0,"channel":1,"scanning":0,"scans":0,"hops":0,"found":0,"lost_to_found_ms":0,"moves_followed":0,"moves_refused":0,"sweeps":0,"sweep_found":0,"sweeping":0,"search_visits":0,"relay":0,"fwd_u":0,"fwd_b":0,"fwd_h":0,"relay_dup":1715,"list":[{"id":29544,"state":"alive","via_relay":0,"period_ms":100,"misses":6,"busy":1,"rtt_n":84},{"id":25344,"state":"alive","via_relay":0,"period_ms":100,"misses":6,"busy":0,"rtt_n":81}]}
1791635333.670 {"t":"ss","node":33120,"accepted":0,"unsigned":0,"unknown_sender":0,"bad_signature":0,"replayed":0,"rate_limited":0,"verify_us_max":0,"floors":[{"src":25344,"epoch":139,"counter":1}]}
1791635333.670 {"t":"rec","node":33120,"up_ms":169349,"settled":1,"sent":673,"received":599,"malformed":0,"views":4,"replies_fenced":0,"actors":[{"key":1245650351,"running":0,"term":0,"owner":25344,"owner_term":9,"assigned":25344,"starts":0,"fenced":0,"released":0}]}
1791635333.670 {"t":"node","up_ms":169375,"node":33120,"epoch":290,"peers_alive":2,"peers_dead":0,"no_radio":0,"free_dram":250307,"largest_block":172032,"rx":{"total":8040,"bad_frame":0,"unknown_peer":10,"wrong_dst":0,"short_payload":0,"unknown_opcode":0,"queue_dropped":49},"tx":{"total":2923,"enqueue_err":0,"done_queue_dropped":0},"membership":{"deaths":1,"revivals":0,"reboots_seen":1,"table_full":0,"events_dropped":0}}
1791635333.996 {"t":"ns","node":33120,"hash":13581963,"owner":33120,"kind":"sampled","unit":100,"class":4,"bound_ms":5000,"quality":"GOOD","age_ms":341,"ts":169063,"updates":16,"value":2}
1791635333.996 {"t":"ns","node":33120,"hash":3142365229,"owner":33120,"kind":"sampled","unit":101,"class":4,"bound_ms":30000,"quality":"GOOD","age_ms":356,"ts":169062,"updates":16,"value":172032}
1791635333.996 {"t":"ns","node":33120,"hash":1245650351,"owner":25344,"kind":"sampled","unit":0,"class":3,"bound_ms":500,"quality":"NO_DATA","age_ms":0,"ts":0,"updates":0,"value":null}
1791635333.996 {"t":"ns","node":33120,"hash":2033492666,"owner":33120,"kind":"sampled","unit":0,"class":3,"bound_ms":0,"quality":"NO_DATA","age_ms":0,"ts":0,"updates":0,"value":null}
1791635333.996 {"t":"ns","node":33120,"hash":2347817554,"owner":33120,"kind":"sampled","unit":100,"class":4,"bound_ms":0,"quality":"GOOD","age_ms":410,"ts":169062,"updates":16,"value":290}
1791635333.996 {"t":"ns","node":33120,"hash":1170356950,"owner":33120,"kind":"sampled","unit":80,"class":4,"bound_ms":30000,"quality":"GOOD","age_ms":423,"ts":169062,"updates":16,"value":169}
1791635333.996 {"t":"ns","node":33120,"hash":3085599597,"owner":33120,"kind":"sampled","unit":0,"class":4,"bound_ms":5000,"quality":"GOOD","age_ms":437,"ts":169063,"updates":16,"value":-20}
1791635333.996 {"t":"ns","node":33120,"hash":2486014333,"owner":33120,"kind":"sampled","unit":101,"class":4,"bound_ms":30000,"quality":"GOOD","age_ms":452,"ts":169062,"updates":16,"value":250307}
1791635344.138 {"t":"clk","node":33120,"up_ms":179529}
1791635344.138 {"t":"led","node":33120,"shows":"green","app":0}
1791635344.138 {"t":"event","at_ms":170349,"node":33120,"kind":"peer_admitted","peer":29544,"slot":0,"a":0,"b":0}
1791635344.138 {"t":"event","at_ms":170511,"node":33120,"kind":"peer_admitted","peer":25344,"slot":1,"a":0,"b":0}
1791635344.138 {"t":"event","at_ms":172349,"node":33120,"kind":"peer_admitted","peer":29544,"slot":0,"a":0,"b":0}
1791635344.138 {"t":"event","at_ms":172511,"node":33120,"kind":"peer_admitted","peer":25344,"slot":1,"a":0,"b":0}
1791635344.138 {"t":"event","at_ms":174349,"node":33120,"kind":"peer_admitted","peer":29544,"slot":0,"a":0,"b":0}
1791635344.138 {"t":"event","at_ms":174511,"node":33120,"kind":"peer_admitted","peer":25344,"slot":1,"a":0,"b":0}
1791635344.138 {"t":"event","at_ms":176349,"node":33120,"kind":"peer_admitted","peer":29544,"slot":0,"a":0,"b":0}
1791635344.138 {"t":"event","at_ms":176511,"node":33120,"kind":"peer_admitted","peer":25344,"slot":1,"a":0,"b":0}
1791635344.138 {"t":"event","at_ms":178349,"node":33120,"kind":"peer_admitted","peer":29544,"slot":0,"a":0,"b":0}
1791635344.138 {"t":"event","at_ms":178513,"node":33120,"kind":"peer_admitted","peer":25344,"slot":1,"a":0,"b":0}
1791635344.138 {"t":"link","up_ms":179615,"node":33120,"peer":29544,"mac":"b8:1f:3f:da:73:68","state":"alive","epoch":171,"espnow_ver":2,"mtu":1446,"misses":0,"rssi":-9,"tx":{"frames":631,"cb_ok":631,"cb_fail":0,"enqueue_err":0,"pdr_ppm":1000000},"rx":{"frames":2499,"lost_seqgap":0,"reorder_dup":0,"dropped_bad":0,"hb_lost":3,"bcast_frames":1774,"pdr_ppm":1000000},"rtt":{"samples":89,"min_us":5540,"max_us":22293,"timeouts":0,"txq_last_us":2851,"txq_max_us":11213,"remote_turnaround_us":807,"remote_turnaround_max_us":1752,"p50_us":[4000,6000],"p99_us":[22000,30000],"hist":[0,0,0,0,65,20,3,0,0,1,0,0,0,0,0,0]}}
1791635344.138 {"t":"link","up_ms":179668,"node":33120,"peer":25344,"mac":"b8:1f:3f:da:63:00","state":"alive","epoch":244,"espnow_ver":2,"mtu":1446,"misses":0,"rssi":-20,"tx":{"frames":598,"cb_ok":596,"cb_fail":2,"enqueue_err":0,"pdr_ppm":996655},"rx":{"frames":2346,"lost_seqgap":0,"reorder_dup":0,"dropped_bad":0,"hb_lost":8,"bcast_frames":1737,"pdr_ppm":1000000},"rtt":{"samples":86,"min_us":5875,"max_us":239652,"timeouts":1,"txq_last_us":2857,"txq_max_us":30949,"remote_turnaround_us":959,"remote_turnaround_max_us":234758,"p50_us":[6000,8000],"p99_us":[200000,null],"hist":[0,0,0,0,13,61,5,2,2,0,1,1,0,0,0,1]}}
1791635344.138 {"t":"auth","node":33120,"up_ms":179723,"enrolled":1,"required":1,"verified_peers":2,"verified":3,"cache_hits":181,"refused":0,"rate_limited":0,"stale_epoch":0,"verify_us_max":87047,"link_stack_free_b":1524,"crypto_stack_free_b":1140,"tags_ok":1150,"bad_tag":0,"replayed":0,"untagged":0,"bcast_dropped":0,"beacon_epoch_ignored":0,"tag_us_max":1095}
1791635344.138 {"t":"act","node":33120,"setpoint":0,"has_value":0,"writes_served":0}
1791635344.138 {"t":"peers","node":33120,"own_period_ms":100,"own_busy":0,"channel":1,"scanning":0,"scans":0,"hops":0,"found":0,"lost_to_found_ms":0,"moves_followed":0,"moves_refused":0,"sweeps":0,"sweep_found":0,"sweeping":0,"search_visits":0,"relay":0,"fwd_u":0,"fwd_b":0,"fwd_h":0,"relay_dup":1824,"list":[{"id":29544,"state":"alive","via_relay":0,"period_ms":100,"misses":6,"busy":1,"rtt_n":89},{"id":25344,"state":"alive","via_relay":0,"period_ms":100,"misses":6,"busy":0,"rtt_n":86}]}
1791635344.138 {"t":"ss","node":33120,"accepted":0,"unsigned":0,"unknown_sender":0,"bad_signature":0,"replayed":0,"rate_limited":0,"verify_us_max":0,"floors":[{"src":25344,"epoch":139,"counter":1}]}
1791635344.138 {"t":"rec","node":33120,"up_ms":179818,"settled":1,"sent":715,"received":640,"malformed":0,"views":4,"replies_fenced":0,"actors":[{"key":1245650351,"running":0,"term":0,"owner":25344,"owner_term":9,"assigned":25344,"starts":0,"fenced":0,"released":0}]}
1791635344.138 {"t":"node","up_ms":179834,"node":33120,"epoch":290,"peers_alive":2,"peers_dead":0,"no_radio":0,"free_dram":250307,"largest_block":172032,"rx":{"total":8547,"bad_frame":0,"unknown_peer":10,"wrong_dst":0,"short_payload":0,"unknown_opcode":0,"queue_dropped":49},"tx":{"total":3104,"enqueue_err":0,"done_queue_dropped":0},"membership":{"deaths":1,"revivals":0,"reboots_seen":1,"table_full":0,"events_dropped":0}}
1791635344.467 {"t":"ns","node":33120,"hash":13581963,"owner":33120,"kind":"sampled","unit":100,"class":4,"bound_ms":5000,"quality":"GOOD","age_ms":343,"ts":179531,"updates":17,"value":2}
1791635344.467 {"t":"ns","node":33120,"hash":3142365229,"owner":33120,"kind":"sampled","unit":101,"class":4,"bound_ms":30000,"quality":"GOOD","age_ms":358,"ts":179530,"updates":17,"value":172032}
1791635344.467 {"t":"ns","node":33120,"hash":1245650351,"owner":25344,"kind":"sampled","unit":0,"class":3,"bound_ms":500,"quality":"NO_DATA","age_ms":0,"ts":0,"updates":0,"value":null}
1791635344.467 {"t":"ns","node":33120,"hash":2033492666,"owner":33120,"kind":"sampled","unit":0,"class":3,"bound_ms":0,"quality":"NO_DATA","age_ms":0,"ts":0,"updates":0,"value":null}
1791635344.467 {"t":"ns","node":33120,"hash":2347817554,"owner":33120,"kind":"sampled","unit":100,"class":4,"bound_ms":0,"quality":"GOOD","age_ms":400,"ts":179531,"updates":17,"value":290}
1791635344.467 {"t":"ns","node":33120,"hash":1170356950,"owner":33120,"kind":"sampled","unit":80,"class":4,"bound_ms":30000,"quality":"GOOD","age_ms":414,"ts":179531,"updates":17,"value":179}
1791635344.467 {"t":"ns","node":33120,"hash":3085599597,"owner":33120,"kind":"sampled","unit":0,"class":4,"bound_ms":5000,"quality":"GOOD","age_ms":439,"ts":179531,"updates":17,"value":-19}
1791635344.467 {"t":"ns","node":33120,"hash":2486014333,"owner":33120,"kind":"sampled","unit":101,"class":4,"bound_ms":30000,"quality":"GOOD","age_ms":455,"ts":179530,"updates":17,"value":250307}
1791635354.614 {"t":"clk","node":33120,"up_ms":190000}
1791635354.614 {"t":"led","node":33120,"shows":"green","app":0}
1791635354.614 {"t":"event","at_ms":180349,"node":33120,"kind":"peer_admitted","peer":29544,"slot":0,"a":0,"b":0}
1791635354.614 {"t":"event","at_ms":180511,"node":33120,"kind":"peer_admitted","peer":25344,"slot":1,"a":0,"b":0}
1791635354.614 {"t":"event","at_ms":182349,"node":33120,"kind":"peer_admitted","peer":29544,"slot":0,"a":0,"b":0}
1791635354.614 {"t":"event","at_ms":182511,"node":33120,"kind":"peer_admitted","peer":25344,"slot":1,"a":0,"b":0}
1791635354.614 {"t":"event","at_ms":184350,"node":33120,"kind":"peer_admitted","peer":29544,"slot":0,"a":0,"b":0}
1791635354.614 {"t":"event","at_ms":184511,"node":33120,"kind":"peer_admitted","peer":25344,"slot":1,"a":0,"b":0}
1791635354.614 {"t":"event","at_ms":186349,"node":33120,"kind":"peer_admitted","peer":29544,"slot":0,"a":0,"b":0}
1791635354.614 {"t":"event","at_ms":186512,"node":33120,"kind":"peer_admitted","peer":25344,"slot":1,"a":0,"b":0}
1791635354.614 {"t":"event","at_ms":188349,"node":33120,"kind":"peer_admitted","peer":29544,"slot":0,"a":0,"b":0}
1791635354.614 {"t":"event","at_ms":188511,"node":33120,"kind":"peer_admitted","peer":25344,"slot":1,"a":0,"b":0}
1791635354.614 {"t":"link","up_ms":190085,"node":33120,"peer":29544,"mac":"b8:1f:3f:da:73:68","state":"alive","epoch":171,"espnow_ver":2,"mtu":1446,"misses":0,"rssi":-10,"tx":{"frames":667,"cb_ok":667,"cb_fail":0,"enqueue_err":0,"pdr_ppm":1000000},"rx":{"frames":2645,"lost_seqgap":0,"reorder_dup":0,"dropped_bad":0,"hb_lost":3,"bcast_frames":1878,"pdr_ppm":1000000},"rtt":{"samples":94,"min_us":5540,"max_us":22293,"timeouts":0,"txq_last_us":2886,"txq_max_us":11213,"remote_turnaround_us":829,"remote_turnaround_max_us":1752,"p50_us":[4000,6000],"p99_us":[22000,30000],"hist":[0,0,0,0,70,20,3,0,0,1,0,0,0,0,0,0]}}
1791635354.614 {"t":"link","up_ms":190139,"node":33120,"peer":25344,"mac":"b8:1f:3f:da:63:00","state":"alive","epoch":244,"espnow_ver":2,"mtu":1446,"misses":0,"rssi":-20,"tx":{"frames":634,"cb_ok":632,"cb_fail":2,"enqueue_err":0,"pdr_ppm":996845},"rx":{"frames":2492,"lost_seqgap":0,"reorder_dup":0,"dropped_bad":0,"hb_lost":8,"bcast_frames":1841,"pdr_ppm":1000000},"rtt":{"samples":92,"min_us":5875,"max_us":239652,"timeouts":1,"txq_last_us":3398,"txq_max_us":30949,"remote_turnaround_us":1165,"remote_turnaround_max_us":234758,"p50_us":[6000,8000],"p99_us":[200000,null],"hist":[0,0,0,0,13,66,6,2,2,0,1,1,0,0,0,1]}}
1791635354.614 {"t":"auth","node":33120,"up_ms":190193,"enrolled":1,"required":1,"verified_peers":2,"verified":3,"cache_hits":191,"refused":0,"rate_limited":0,"stale_epoch":0,"verify_us_max":87047,"link_stack_free_b":1524,"crypto_stack_free_b":1140,"tags_ok":1224,"bad_tag":0,"replayed":0,"untagged":0,"bcast_dropped":0,"beacon_epoch_ignored":0,"tag_us_max":1095}
1791635354.614 {"t":"act","node":33120,"setpoint":0,"has_value":0,"writes_served":0}
1791635354.614 {"t":"peers","node":33120,"own_period_ms":100,"own_busy":0,"channel":1,"scanning":0,"scans":0,"hops":0,"found":0,"lost_to_found_ms":0,"moves_followed":0,"moves_refused":0,"sweeps":0,"sweep_found":0,"sweeping":0,"search_visits":0,"relay":0,"fwd_u":0,"fwd_b":0,"fwd_h":0,"relay_dup":1933,"list":[{"id":29544,"state":"alive","via_relay":0,"period_ms":100,"misses":6,"busy":1,"rtt_n":94},{"id":25344,"state":"alive","via_relay":0,"period_ms":100,"misses":6,"busy":0,"rtt_n":92}]}
1791635354.614 {"t":"ss","node":33120,"accepted":0,"unsigned":0,"unknown_sender":0,"bad_signature":0,"replayed":0,"rate_limited":0,"verify_us_max":0,"floors":[{"src":25344,"epoch":139,"counter":1}]}
1791635354.614 {"t":"rec","node":33120,"up_ms":190288,"settled":1,"sent":756,"received":682,"malformed":0,"views":4,"replies_fenced":0,"actors":[{"key":1245650351,"running":0,"term":0,"owner":25344,"owner_term":9,"assigned":25344,"starts":0,"fenced":0,"released":0}]}
1791635354.614 {"t":"node","up_ms":190315,"node":33120,"epoch":290,"peers_alive":2,"peers_dead":0,"no_radio":0,"free_dram":250055,"largest_block":172032,"rx":{"total":9061,"bad_frame":0,"unknown_peer":10,"wrong_dst":0,"short_payload":0,"unknown_opcode":0,"queue_dropped":49},"tx":{"total":3287,"enqueue_err":0,"done_queue_dropped":0},"membership":{"deaths":1,"revivals":0,"reboots_seen":1,"table_full":0,"events_dropped":0}}
1791635354.930 {"t":"ns","node":33120,"hash":13581963,"owner":33120,"kind":"sampled","unit":100,"class":4,"bound_ms":5000,"quality":"GOOD","age_ms":343,"ts":190002,"updates":18,"value":2}
1791635354.930 {"t":"ns","node":33120,"hash":3142365229,"owner":33120,"kind":"sampled","unit":101,"class":4,"bound_ms":30000,"quality":"GOOD","age_ms":359,"ts":190001,"updates":18,"value":172032}
1791635354.930 {"t":"ns","node":33120,"hash":1245650351,"owner":25344,"kind":"sampled","unit":0,"class":3,"bound_ms":500,"quality":"NO_DATA","age_ms":0,"ts":0,"updates":0,"value":null}
1791635354.930 {"t":"ns","node":33120,"hash":2033492666,"owner":33120,"kind":"sampled","unit":0,"class":3,"bound_ms":0,"quality":"NO_DATA","age_ms":0,"ts":0,"updates":0,"value":null}
1791635354.930 {"t":"ns","node":33120,"hash":2347817554,"owner":33120,"kind":"sampled","unit":100,"class":4,"bound_ms":0,"quality":"GOOD","age_ms":401,"ts":190001,"updates":18,"value":290}
1791635354.930 {"t":"ns","node":33120,"hash":1170356950,"owner":33120,"kind":"sampled","unit":80,"class":4,"bound_ms":30000,"quality":"GOOD","age_ms":426,"ts":190001,"updates":18,"value":190}
1791635354.930 {"t":"ns","node":33120,"hash":3085599597,"owner":33120,"kind":"sampled","unit":0,"class":4,"bound_ms":5000,"quality":"GOOD","age_ms":439,"ts":190002,"updates":18,"value":-19}
1791635354.930 {"t":"ns","node":33120,"hash":2486014333,"owner":33120,"kind":"sampled","unit":101,"class":4,"bound_ms":30000,"quality":"GOOD","age_ms":454,"ts":190001,"updates":18,"value":250307}
1791635365.078 {"t":"clk","node":33120,"up_ms":200470}
1791635365.078 {"t":"led","node":33120,"shows":"green","app":0}
1791635365.078 {"t":"event","at_ms":190349,"node":33120,"kind":"peer_admitted","peer":29544,"slot":0,"a":0,"b":0}
1791635365.078 {"t":"event","at_ms":190511,"node":33120,"kind":"peer_admitted","peer":25344,"slot":1,"a":0,"b":0}
1791635365.078 {"t":"event","at_ms":192350,"node":33120,"kind":"peer_admitted","peer":29544,"slot":0,"a":0,"b":0}
1791635365.078 {"t":"event","at_ms":192549,"node":33120,"kind":"peer_admitted","peer":25344,"slot":1,"a":0,"b":0}
1791635365.078 {"t":"event","at_ms":194349,"node":33120,"kind":"peer_admitted","peer":29544,"slot":0,"a":0,"b":0}
1791635365.078 {"t":"event","at_ms":194511,"node":33120,"kind":"peer_admitted","peer":25344,"slot":1,"a":0,"b":0}
1791635365.078 {"t":"event","at_ms":196349,"node":33120,"kind":"peer_admitted","peer":29544,"slot":0,"a":0,"b":0}
1791635365.078 {"t":"event","at_ms":196511,"node":33120,"kind":"peer_admitted","peer":25344,"slot":1,"a":0,"b":0}
1791635365.078 {"t":"event","at_ms":198349,"node":33120,"kind":"peer_admitted","peer":29544,"slot":0,"a":0,"b":0}
1791635365.078 {"t":"event","at_ms":198511,"node":33120,"kind":"peer_admitted","peer":25344,"slot":1,"a":0,"b":0}
1791635365.078 {"t":"event","at_ms":200349,"node":33120,"kind":"peer_admitted","peer":29544,"slot":0,"a":0,"b":0}
1791635365.078 {"t":"event","at_ms":200511,"node":33120,"kind":"peer_admitted","peer":25344,"slot":1,"a":0,"b":0}
1791635365.078 {"t":"link","up_ms":200581,"node":33120,"peer":29544,"mac":"b8:1f:3f:da:73:68","state":"alive","epoch":171,"espnow_ver":2,"mtu":1446,"misses":0,"rssi":-9,"tx":{"frames":705,"cb_ok":705,"cb_fail":0,"enqueue_err":0,"pdr_ppm":1000000},"rx":{"frames":2793,"lost_seqgap":0,"reorder_dup":0,"dropped_bad":0,"hb_lost":3,"bcast_frames":1983,"pdr_ppm":1000000},"rtt":{"samples":99,"min_us":5540,"max_us":22293,"timeouts":0,"txq_last_us":2894,"txq_max_us":11213,"remote_turnaround_us":798,"remote_turnaround_max_us":1752,"p50_us":[4000,6000],"p99_us":[22000,30000],"hist":[0,0,0,0,73,21,4,0,0,1,0,0,0,0,0,0]}}
1791635365.078 {"t":"link","up_ms":200624,"node":33120,"peer":25344,"mac":"b8:1f:3f:da:63:00","state":"alive","epoch":244,"espnow_ver":2,"mtu":1446,"misses":0,"rssi":-20,"tx":{"frames":669,"cb_ok":667,"cb_fail":2,"enqueue_err":0,"pdr_ppm":997010},"rx":{"frames":2637,"lost_seqgap":0,"reorder_dup":0,"dropped_bad":0,"hb_lost":8,"bcast_frames":1946,"pdr_ppm":1000000},"rtt":{"samples":97,"min_us":5875,"max_us":239652,"timeouts":1,"txq_last_us":2900,"txq_max_us":30949,"remote_turnaround_us":1217,"remote_turnaround_max_us":234758,"p50_us":[6000,8000],"p99_us":[200000,null],"hist":[0,0,0,0,13,71,6,2,2,0,1,1,0,0,0,1]}}
1791635365.078 {"t":"auth","node":33120,"up_ms":200678,"enrolled":1,"required":1,"verified_peers":2,"verified":3,"cache_hits":203,"refused":0,"rate_limited":0,"stale_epoch":0,"verify_us_max":87047,"link_stack_free_b":1524,"crypto_stack_free_b":1140,"tags_ok":1295,"bad_tag":0,"replayed":0,"untagged":0,"bcast_dropped":0,"beacon_epoch_ignored":0,"tag_us_max":1095}
1791635365.078 {"t":"act","node":33120,"setpoint":0,"has_value":0,"writes_served":0}
1791635365.078 {"t":"peers","node":33120,"own_period_ms":100,"own_busy":0,"channel":1,"scanning":0,"scans":0,"hops":0,"found":0,"lost_to_found_ms":0,"moves_followed":0,"moves_refused":0,"sweeps":0,"sweep_found":0,"sweeping":0,"search_visits":0,"relay":0,"fwd_u":0,"fwd_b":0,"fwd_h":0,"relay_dup":2044,"list":[{"id":29544,"state":"alive","via_relay":0,"period_ms":100,"misses":6,"busy":1,"rtt_n":99},{"id":25344,"state":"alive","via_relay":0,"period_ms":100,"misses":6,"busy":0,"rtt_n":97}]}
1791635365.078 {"t":"ss","node":33120,"accepted":0,"unsigned":0,"unknown_sender":0,"bad_signature":0,"replayed":0,"rate_limited":0,"verify_us_max":0,"floors":[{"src":25344,"epoch":139,"counter":1}]}
1791635365.078 {"t":"rec","node":33120,"up_ms":200773,"settled":1,"sent":798,"received":724,"malformed":0,"views":4,"replies_fenced":0,"actors":[{"key":1245650351,"running":0,"term":0,"owner":25344,"owner_term":9,"assigned":25344,"starts":0,"fenced":0,"released":0}]}
1791635365.429 {"t":"node","up_ms":200800,"node":33120,"epoch":290,"peers_alive":2,"peers_dead":0,"no_radio":0,"free_dram":250291,"largest_block":172032,"rx":{"total":9573,"bad_frame":0,"unknown_peer":10,"wrong_dst":0,"short_payload":0,"unknown_opcode":0,"queue_dropped":49},"tx":{"total":3470,"enqueue_err":0,"done_queue_dropped":0},"membership":{"deaths":1,"revivals":0,"reboots_seen":1,"table_full":0,"events_dropped":0}}
1791635365.429 {"t":"ns","node":33120,"hash":13581963,"owner":33120,"kind":"sampled","unit":100,"class":4,"bound_ms":5000,"quality":"GOOD","age_ms":357,"ts":200472,"updates":19,"value":2}
1791635365.429 {"t":"ns","node":33120,"hash":3142365229,"owner":33120,"kind":"sampled","unit":101,"class":4,"bound_ms":30000,"quality":"GOOD","age_ms":372,"ts":200471,"updates":19,"value":172032}
1791635365.429 {"t":"ns","node":33120,"hash":1245650351,"owner":25344,"kind":"sampled","unit":0,"class":3,"bound_ms":500,"quality":"NO_DATA","age_ms":0,"ts":0,"updates":0,"value":null}
1791635365.429 {"t":"ns","node":33120,"hash":2033492666,"owner":33120,"kind":"sampled","unit":0,"class":3,"bound_ms":0,"quality":"NO_DATA","age_ms":0,"ts":0,"updates":0,"value":null}
1791635365.429 {"t":"ns","node":33120,"hash":2347817554,"owner":33120,"kind":"sampled","unit":100,"class":4,"bound_ms":0,"quality":"GOOD","age_ms":425,"ts":200471,"updates":19,"value":290}
1791635365.429 {"t":"ns","node":33120,"hash":1170356950,"owner":33120,"kind":"sampled","unit":80,"class":4,"bound_ms":30000,"quality":"GOOD","age_ms":440,"ts":200471,"updates":19,"value":200}
1791635365.429 {"t":"ns","node":33120,"hash":3085599597,"owner":33120,"kind":"sampled","unit":0,"class":4,"bound_ms":5000,"quality":"GOOD","age_ms":453,"ts":200472,"updates":19,"value":-20}
1791635365.429 {"t":"ns","node":33120,"hash":2486014333,"owner":33120,"kind":"sampled","unit":101,"class":4,"bound_ms":30000,"quality":"GOOD","age_ms":468,"ts":200471,"updates":19,"value":250307}
1791635375.561 {"t":"clk","node":33120,"up_ms":210953}
1791635375.561 {"t":"led","node":33120,"shows":"green","app":0}
1791635375.561 {"t":"event","at_ms":202349,"node":33120,"kind":"peer_admitted","peer":29544,"slot":0,"a":0,"b":0}
1791635375.561 {"t":"event","at_ms":202511,"node":33120,"kind":"peer_admitted","peer":25344,"slot":1,"a":0,"b":0}
1791635375.561 {"t":"event","at_ms":204349,"node":33120,"kind":"peer_admitted","peer":29544,"slot":0,"a":0,"b":0}
1791635375.561 {"t":"event","at_ms":204511,"node":33120,"kind":"peer_admitted","peer":25344,"slot":1,"a":0,"b":0}
1791635375.561 {"t":"event","at_ms":206349,"node":33120,"kind":"peer_admitted","peer":29544,"slot":0,"a":0,"b":0}
1791635375.561 {"t":"event","at_ms":206511,"node":33120,"kind":"peer_admitted","peer":25344,"slot":1,"a":0,"b":0}
1791635375.561 {"t":"event","at_ms":208349,"node":33120,"kind":"peer_admitted","peer":29544,"slot":0,"a":0,"b":0}
1791635375.561 {"t":"event","at_ms":208511,"node":33120,"kind":"peer_admitted","peer":25344,"slot":1,"a":0,"b":0}
1791635375.561 {"t":"event","at_ms":210349,"node":33120,"kind":"peer_admitted","peer":29544,"slot":0,"a":0,"b":0}
1791635375.561 {"t":"event","at_ms":210511,"node":33120,"kind":"peer_admitted","peer":25344,"slot":1,"a":0,"b":0}
1791635375.561 {"t":"link","up_ms":211038,"node":33120,"peer":29544,"mac":"b8:1f:3f:da:73:68","state":"alive","epoch":171,"espnow_ver":2,"mtu":1446,"misses":0,"rssi":-9,"tx":{"frames":741,"cb_ok":741,"cb_fail":0,"enqueue_err":0,"pdr_ppm":1000000},"rx":{"frames":2940,"lost_seqgap":0,"reorder_dup":0,"dropped_bad":0,"hb_lost":3,"bcast_frames":2088,"pdr_ppm":1000000},"rtt":{"samples":105,"min_us":5540,"max_us":22293,"timeouts":0,"txq_last_us":2871,"txq_max_us":11213,"remote_turnaround_us":809,"remote_turnaround_max_us":1752,"p50_us":[4000,6000],"p99_us":[8000,11000],"hist":[0,0,0,0,76,24,4,0,0,1,0,0,0,0,0,0]}}
1791635375.561 {"t":"link","up_ms":211092,"node":33120,"peer":25344,"mac":"b8:1f:3f:da:63:00","state":"alive","epoch":244,"espnow_ver":2,"mtu":1446,"misses":0,"rssi":-19,"tx":{"frames":704,"cb_ok":702,"cb_fail":2,"enqueue_err":0,"pdr_ppm":997159},"rx":{"frames":2781,"lost_seqgap":0,"reorder_dup":0,"dropped_bad":0,"hb_lost":8,"bcast_frames":2051,"pdr_ppm":1000000},"rtt":{"samples":102,"min_us":5875,"max_us":239652,"timeouts":1,"txq_last_us":2852,"txq_max_us":30949,"remote_turnaround_us":1148,"remote_turnaround_max_us":234758,"p50_us":[6000,8000],"p99_us":[42000,60000],"hist":[0,0,0,0,13,76,6,2,2,0,1,1,0,0,0,1]}}
1791635375.561 {"t":"auth","node":33120,"up_ms":211147,"enrolled":1,"required":1,"verified_peers":2,"verified":3,"cache_hits":213,"refused":0,"rate_limited":0,"stale_epoch":0,"verify_us_max":87047,"link_stack_free_b":1524,"crypto_stack_free_b":1140,"tags_ok":1367,"bad_tag":0,"replayed":0,"untagged":0,"bcast_dropped":0,"beacon_epoch_ignored":0,"tag_us_max":1095}
1791635375.561 {"t":"act","node":33120,"setpoint":0,"has_value":0,"writes_served":0}
1791635375.561 {"t":"peers","node":33120,"own_period_ms":100,"own_busy":0,"channel":1,"scanning":0,"scans":0,"hops":0,"found":0,"lost_to_found_ms":0,"moves_followed":0,"moves_refused":0,"sweeps":0,"sweep_found":0,"sweeping":0,"search_visits":0,"relay":0,"fwd_u":0,"fwd_b":0,"fwd_h":0,"relay_dup":2154,"list":[{"id":29544,"state":"alive","via_relay":0,"period_ms":100,"misses":6,"busy":1,"rtt_n":105},{"id":25344,"state":"alive","via_relay":0,"period_ms":100,"misses":6,"busy":0,"rtt_n":102}]}
1791635375.561 {"t":"ss","node":33120,"accepted":0,"unsigned":0,"unknown_sender":0,"bad_signature":0,"replayed":0,"rate_limited":0,"verify_us_max":0,"floors":[{"src":25344,"epoch":139,"counter":1}]}
1791635375.561 {"t":"rec","node":33120,"up_ms":211241,"settled":1,"sent":840,"received":766,"malformed":0,"views":4,"replies_fenced":0,"actors":[{"key":1245650351,"running":0,"term":0,"owner":25344,"owner_term":9,"assigned":25344,"starts":0,"fenced":0,"released":0}]}
1791635375.561 {"t":"node","up_ms":211268,"node":33120,"epoch":290,"peers_alive":2,"peers_dead":0,"no_radio":0,"free_dram":250307,"largest_block":172032,"rx":{"total":10082,"bad_frame":0,"unknown_peer":10,"wrong_dst":0,"short_payload":0,"unknown_opcode":0,"queue_dropped":49},"tx":{"total":3649,"enqueue_err":0,"done_queue_dropped":0},"membership":{"deaths":1,"revivals":0,"reboots_seen":1,"table_full":0,"events_dropped":0}}
1791635375.891 {"t":"ns","node":33120,"hash":13581963,"owner":33120,"kind":"sampled","unit":100,"class":4,"bound_ms":5000,"quality":"GOOD","age_ms":342,"ts":210955,"updates":20,"value":2}
1791635375.891 {"t":"ns","node":33120,"hash":3142365229,"owner":33120,"kind":"sampled","unit":101,"class":4,"bound_ms":30000,"quality":"GOOD","age_ms":357,"ts":210954,"updates":20,"value":172032}
1791635375.891 {"t":"ns","node":33120,"hash":1245650351,"owner":25344,"kind":"sampled","unit":0,"class":3,"bound_ms":500,"quality":"NO_DATA","age_ms":0,"ts":0,"updates":0,"value":null}
1791635375.891 {"t":"ns","node":33120,"hash":2033492666,"owner":33120,"kind":"sampled","unit":0,"class":3,"bound_ms":0,"quality":"NO_DATA","age_ms":0,"ts":0,"updates":0,"value":null}
1791635375.891 {"t":"ns","node":33120,"hash":2347817554,"owner":33120,"kind":"sampled","unit":100,"class":4,"bound_ms":0,"quality":"GOOD","age_ms":410,"ts":210954,"updates":20,"value":290}
1791635375.891 {"t":"ns","node":33120,"hash":1170356950,"owner":33120,"kind":"sampled","unit":80,"class":4,"bound_ms":30000,"quality":"GOOD","age_ms":424,"ts":210954,"updates":20,"value":210}
1791635375.891 {"t":"ns","node":33120,"hash":3085599597,"owner":33120,"kind":"sampled","unit":0,"class":4,"bound_ms":5000,"quality":"GOOD","age_ms":437,"ts":210955,"updates":20,"value":-20}
1791635375.891 {"t":"ns","node":33120,"hash":2486014333,"owner":33120,"kind":"sampled","unit":101,"class":4,"bound_ms":30000,"quality":"GOOD","age_ms":452,"ts":210954,"updates":20,"value":250307}
1791635386.029 {"t":"clk","node":33120,"up_ms":221421}
1791635386.029 {"t":"led","node":33120,"shows":"green","app":0}
1791635386.029 {"t":"event","at_ms":212349,"node":33120,"kind":"peer_admitted","peer":29544,"slot":0,"a":0,"b":0}
1791635386.029 {"t":"event","at_ms":212511,"node":33120,"kind":"peer_admitted","peer":25344,"slot":1,"a":0,"b":0}
1791635386.029 {"t":"event","at_ms":214349,"node":33120,"kind":"peer_admitted","peer":29544,"slot":0,"a":0,"b":0}
1791635386.029 {"t":"event","at_ms":214511,"node":33120,"kind":"peer_admitted","peer":25344,"slot":1,"a":0,"b":0}
1791635386.029 {"t":"event","at_ms":216349,"node":33120,"kind":"peer_admitted","peer":29544,"slot":0,"a":0,"b":0}
1791635386.029 {"t":"event","at_ms":216511,"node":33120,"kind":"peer_admitted","peer":25344,"slot":1,"a":0,"b":0}
1791635386.029 {"t":"event","at_ms":218349,"node":33120,"kind":"peer_admitted","peer":29544,"slot":0,"a":0,"b":0}
1791635386.029 {"t":"event","at_ms":218513,"node":33120,"kind":"peer_admitted","peer":25344,"slot":1,"a":0,"b":0}
1791635386.029 {"t":"event","at_ms":220349,"node":33120,"kind":"peer_admitted","peer":29544,"slot":0,"a":0,"b":0}
1791635386.029 {"t":"event","at_ms":220511,"node":33120,"kind":"peer_admitted","peer":25344,"slot":1,"a":0,"b":0}
1791635386.029 {"t":"link","up_ms":221505,"node":33120,"peer":29544,"mac":"b8:1f:3f:da:73:68","state":"alive","epoch":171,"espnow_ver":2,"mtu":1446,"misses":0,"rssi":-9,"tx":{"frames":777,"cb_ok":777,"cb_fail":0,"enqueue_err":0,"pdr_ppm":1000000},"rx":{"frames":3084,"lost_seqgap":0,"reorder_dup":0,"dropped_bad":0,"hb_lost":4,"bcast_frames":2191,"pdr_ppm":1000000},"rtt":{"samples":110,"min_us":5540,"max_us":22293,"timeouts":0,"txq_last_us":2877,"txq_max_us":11213,"remote_turnaround_us":819,"remote_turnaround_max_us":1752,"p50_us":[4000,6000],"p99_us":[8000,11000],"hist":[0,0,0,0,81,24,4,0,0,1,0,0,0,0,0,0]}}
1791635386.029 {"t":"link","up_ms":221559,"node":33120,"peer":25344,"mac":"b8:1f:3f:da:63:00","state":"alive","epoch":244,"espnow_ver":2,"mtu":1446,"misses":0,"rssi":-20,"tx":{"frames":738,"cb_ok":736,"cb_fail":2,"enqueue_err":0,"pdr_ppm":997289},"rx":{"frames":2925,"lost_seqgap":0,"reorder_dup":0,"dropped_bad":0,"hb_lost":8,"bcast_frames":2156,"pdr_ppm":1000000},"rtt":{"samples":107,"min_us":5875,"max_us":239652,"timeouts":1,"txq_last_us":2856,"txq_max_us":30949,"remote_turnaround_us":1186,"remote_turnaround_max_us":234758,"p50_us":[6000,8000],"p99_us":[42000,60000],"hist":[0,0,0,0,13,81,6,2,2,0,1,1,0,0,0,1]}}
1791635386.029 {"t":"auth","node":33120,"up_ms":221614,"enrolled":1,"required":1,"verified_peers":2,"verified":3,"cache_hits":223,"refused":0,"rate_limited":0,"stale_epoch":0,"verify_us_max":87047,"link_stack_free_b":1524,"crypto_stack_free_b":1140,"tags_ok":1436,"bad_tag":0,"replayed":0,"untagged":0,"bcast_dropped":0,"beacon_epoch_ignored":0,"tag_us_max":1095}
1791635386.029 {"t":"act","node":33120,"setpoint":0,"has_value":0,"writes_served":0}
1791635386.029 {"t":"peers","node":33120,"own_period_ms":100,"own_busy":0,"channel":1,"scanning":0,"scans":0,"hops":0,"found":0,"lost_to_found_ms":0,"moves_followed":0,"moves_refused":0,"sweeps":0,"sweep_found":0,"sweeping":0,"search_visits":0,"relay":0,"fwd_u":0,"fwd_b":0,"fwd_h":0,"relay_dup":2264,"list":[{"id":29544,"state":"alive","via_relay":0,"period_ms":100,"misses":6,"busy":1,"rtt_n":110},{"id":25344,"state":"alive","via_relay":0,"period_ms":100,"misses":6,"busy":0,"rtt_n":107}]}
1791635386.029 {"t":"ss","node":33120,"accepted":0,"unsigned":0,"unknown_sender":0,"bad_signature":0,"replayed":0,"rate_limited":0,"verify_us_max":0,"floors":[{"src":25344,"epoch":139,"counter":1}]}
1791635386.029 {"t":"rec","node":33120,"up_ms":221709,"settled":1,"sent":882,"received":808,"malformed":0,"views":4,"replies_fenced":0,"actors":[{"key":1245650351,"running":0,"term":0,"owner":25344,"owner_term":9,"assigned":25344,"starts":0,"fenced":0,"released":0}]}
1791635386.029 {"t":"node","up_ms":221735,"node":33120,"epoch":290,"peers_alive":2,"peers_dead":0,"no_radio":0,"free_dram":250307,"largest_block":172032,"rx":{"total":10589,"bad_frame":0,"unknown_peer":10,"wrong_dst":0,"short_payload":0,"unknown_opcode":0,"queue_dropped":49},"tx":{"total":3829,"enqueue_err":0,"done_queue_dropped":0},"membership":{"deaths":1,"revivals":0,"reboots_seen":1,"table_full":0,"events_dropped":0}}
1791635386.349 {"t":"ns","node":33120,"hash":13581963,"owner":33120,"kind":"sampled","unit":100,"class":4,"bound_ms":5000,"quality":"GOOD","age_ms":341,"ts":221423,"updates":21,"value":2}
1791635386.349 {"t":"ns","node":33120,"hash":3142365229,"owner":33120,"kind":"sampled","unit":101,"class":4,"bound_ms":30000,"quality":"GOOD","age_ms":356,"ts":221422,"updates":21,"value":172032}
1791635386.349 {"t":"ns","node":33120,"hash":1245650351,"owner":25344,"kind":"sampled","unit":0,"class":3,"bound_ms":500,"quality":"NO_DATA","age_ms":0,"ts":0,"updates":0,"value":null}
1791635386.349 {"t":"ns","node":33120,"hash":2033492666,"owner":33120,"kind":"sampled","unit":0,"class":3,"bound_ms":0,"quality":"NO_DATA","age_ms":0,"ts":0,"updates":0,"value":null}
1791635386.349 {"t":"ns","node":33120,"hash":2347817554,"owner":33120,"kind":"sampled","unit":100,"class":4,"bound_ms":0,"quality":"GOOD","age_ms":411,"ts":221422,"updates":21,"value":290}
1791635386.349 {"t":"ns","node":33120,"hash":1170356950,"owner":33120,"kind":"sampled","unit":80,"class":4,"bound_ms":30000,"quality":"GOOD","age_ms":425,"ts":221422,"updates":21,"value":221}
1791635386.349 {"t":"ns","node":33120,"hash":3085599597,"owner":33120,"kind":"sampled","unit":0,"class":4,"bound_ms":5000,"quality":"GOOD","age_ms":438,"ts":221423,"updates":21,"value":-20}
1791635386.349 {"t":"ns","node":33120,"hash":2486014333,"owner":33120,"kind":"sampled","unit":101,"class":4,"bound_ms":30000,"quality":"GOOD","age_ms":453,"ts":221422,"updates":21,"value":250307}
1791635396.497 {"t":"clk","node":33120,"up_ms":231890}
1791635396.497 {"t":"led","node":33120,"shows":"green","app":0}
1791635396.497 {"t":"event","at_ms":222349,"node":33120,"kind":"peer_admitted","peer":29544,"slot":0,"a":0,"b":0}
1791635396.497 {"t":"event","at_ms":222513,"node":33120,"kind":"peer_admitted","peer":25344,"slot":1,"a":0,"b":0}
1791635396.497 {"t":"event","at_ms":224351,"node":33120,"kind":"peer_admitted","peer":29544,"slot":0,"a":0,"b":0}
1791635396.497 {"t":"event","at_ms":224511,"node":33120,"kind":"peer_admitted","peer":25344,"slot":1,"a":0,"b":0}
1791635396.497 {"t":"event","at_ms":226349,"node":33120,"kind":"peer_admitted","peer":29544,"slot":0,"a":0,"b":0}
1791635396.497 {"t":"event","at_ms":226511,"node":33120,"kind":"peer_admitted","peer":25344,"slot":1,"a":0,"b":0}
1791635396.497 {"t":"event","at_ms":228349,"node":33120,"kind":"peer_admitted","peer":29544,"slot":0,"a":0,"b":0}
1791635396.497 {"t":"event","at_ms":228511,"node":33120,"kind":"peer_admitted","peer":25344,"slot":1,"a":0,"b":0}
1791635396.497 {"t":"event","at_ms":230349,"node":33120,"kind":"peer_admitted","peer":29544,"slot":0,"a":0,"b":0}
1791635396.497 {"t":"event","at_ms":230511,"node":33120,"kind":"peer_admitted","peer":25344,"slot":1,"a":0,"b":0}
1791635396.497 {"t":"link","up_ms":231975,"node":33120,"peer":29544,"mac":"b8:1f:3f:da:73:68","state":"alive","epoch":171,"espnow_ver":2,"mtu":1446,"misses":0,"rssi":-10,"tx":{"frames":813,"cb_ok":813,"cb_fail":0,"enqueue_err":0,"pdr_ppm":1000000},"rx":{"frames":3231,"lost_seqgap":0,"reorder_dup":0,"dropped_bad":0,"hb_lost":4,"bcast_frames":2296,"pdr_ppm":1000000},"rtt":{"samples":115,"min_us":5540,"max_us":22293,"timeouts":0,"txq_last_us":2850,"txq_max_us":11213,"remote_turnaround_us":814,"remote_turnaround_max_us":1752,"p50_us":[4000,6000],"p99_us":[8000,11000],"hist":[0,0,0,0,85,25,4,0,0,1,0,0,0,0,0,0]}}
1791635396.497 {"t":"link","up_ms":232029,"node":33120,"peer":25344,"mac":"b8:1f:3f:da:63:00","state":"alive","epoch":244,"espnow_ver":2,"mtu":1446,"misses":0,"rssi":-19,"tx":{"frames":774,"cb_ok":772,"cb_fail":2,"enqueue_err":0,"pdr_ppm":997416},"rx":{"frames":3071,"lost_seqgap":0,"reorder_dup":0,"dropped_bad":0,"hb_lost":8,"bcast_frames":2260,"pdr_ppm":1000000},"rtt":{"samples":113,"min_us":5875,"max_us":239652,"timeouts":1,"txq_last_us":2838,"txq_max_us":30949,"remote_turnaround_us":1153,"remote_turnaround_max_us":234758,"p50_us":[6000,8000],"p99_us":[42000,60000],"hist":[0,0,0,0,13,87,6,2,2,0,1,1,0,0,0,1]}}
1791635396.497 {"t":"auth","node":33120,"up_ms":232083,"enrolled":1,"required":1,"verified_peers":2,"verified":3,"cache_hits":233,"refused":0,"rate_limited":0,"stale_epoch":0,"verify_us_max":87047,"link_stack_free_b":1524,"crypto_stack_free_b":1140,"tags_ok":1510,"bad_tag":0,"replayed":0,"untagged":0,"bcast_dropped":0,"beacon_epoch_ignored":0,"tag_us_max":1095}
1791635396.497 {"t":"act","node":33120,"setpoint":0,"has_value":0,"writes_served":0}
1791635396.497 {"t":"peers","node":33120,"own_period_ms":100,"own_busy":0,"channel":1,"scanning":0,"scans":0,"hops":0,"found":0,"lost_to_found_ms":0,"moves_followed":0,"moves_refused":0,"sweeps":0,"sweep_found":0,"sweeping":0,"search_visits":0,"relay":0,"fwd_u":0,"fwd_b":0,"fwd_h":0,"relay_dup":2373,"list":[{"id":29544,"state":"alive","via_relay":0,"period_ms":100,"misses":6,"busy":1,"rtt_n":115},{"id":25344,"state":"alive","via_relay":0,"period_ms":100,"misses":6,"busy":0,"rtt_n":113}]}
1791635396.497 {"t":"ss","node":33120,"accepted":0,"unsigned":0,"unknown_sender":0,"bad_signature":0,"replayed":0,"rate_limited":0,"verify_us_max":0,"floors":[{"src":25344,"epoch":139,"counter":1}]}
1791635396.497 {"t":"rec","node":33120,"up_ms":232179,"settled":1,"sent":924,"received":850,"malformed":0,"views":4,"replies_fenced":0,"actors":[{"key":1245650351,"running":0,"term":0,"owner":25344,"owner_term":9,"assigned":25344,"starts":0,"fenced":0,"released":0}]}
1791635396.497 {"t":"node","up_ms":232205,"node":33120,"epoch":290,"peers_alive":2,"peers_dead":0,"no_radio":0,"free_dram":250307,"largest_block":172032,"rx":{"total":11102,"bad_frame":0,"unknown_peer":10,"wrong_dst":0,"short_payload":0,"unknown_opcode":0,"queue_dropped":49},"tx":{"total":4012,"enqueue_err":0,"done_queue_dropped":0},"membership":{"deaths":1,"revivals":0,"reboots_seen":1,"table_full":0,"events_dropped":0}}
1791635396.830 {"t":"ns","node":33120,"hash":13581963,"owner":33120,"kind":"sampled","unit":100,"class":4,"bound_ms":5000,"quality":"GOOD","age_ms":342,"ts":231892,"updates":22,"value":2}
1791635396.830 {"t":"ns","node":33120,"hash":3142365229,"owner":33120,"kind":"sampled","unit":101,"class":4,"bound_ms":30000,"quality":"GOOD","age_ms":357,"ts":231891,"updates":22,"value":172032}
1791635396.830 {"t":"ns","node":33120,"hash":1245650351,"owner":25344,"kind":"sampled","unit":0,"class":3,"bound_ms":500,"quality":"NO_DATA","age_ms":0,"ts":0,"updates":0,"value":null}
1791635396.830 {"t":"ns","node":33120,"hash":2033492666,"owner":33120,"kind":"sampled","unit":0,"class":3,"bound_ms":0,"quality":"NO_DATA","age_ms":0,"ts":0,"updates":0,"value":null}
1791635396.830 {"t":"ns","node":33120,"hash":2347817554,"owner":33120,"kind":"sampled","unit":100,"class":4,"bound_ms":0,"quality":"GOOD","age_ms":410,"ts":231891,"updates":22,"value":290}
1791635396.830 {"t":"ns","node":33120,"hash":1170356950,"owner":33120,"kind":"sampled","unit":80,"class":4,"bound_ms":30000,"quality":"GOOD","age_ms":425,"ts":231891,"updates":22,"value":231}
1791635396.830 {"t":"ns","node":33120,"hash":3085599597,"owner":33120,"kind":"sampled","unit":0,"class":4,"bound_ms":5000,"quality":"GOOD","age_ms":438,"ts":231892,"updates":22,"value":-21}
1791635396.830 {"t":"ns","node":33120,"hash":2486014333,"owner":33120,"kind":"sampled","unit":101,"class":4,"bound_ms":30000,"quality":"GOOD","age_ms":454,"ts":231891,"updates":22,"value":250307}
1791635406.967 {"t":"clk","node":33120,"up_ms":242360}
1791635406.967 {"t":"led","node":33120,"shows":"green","app":0}
1791635406.967 {"t":"event","at_ms":232349,"node":33120,"kind":"peer_admitted","peer":29544,"slot":0,"a":0,"b":0}
1791635406.967 {"t":"event","at_ms":232511,"node":33120,"kind":"peer_admitted","peer":25344,"slot":1,"a":0,"b":0}
1791635406.967 {"t":"event","at_ms":234349,"node":33120,"kind":"peer_admitted","peer":29544,"slot":0,"a":0,"b":0}
1791635406.967 {"t":"event","at_ms":234511,"node":33120,"kind":"peer_admitted","peer":25344,"slot":1,"a":0,"b":0}
1791635406.967 {"t":"event","at_ms":236349,"node":33120,"kind":"peer_admitted","peer":29544,"slot":0,"a":0,"b":0}
1791635406.967 {"t":"event","at_ms":236511,"node":33120,"kind":"peer_admitted","peer":25344,"slot":1,"a":0,"b":0}
1791635406.967 {"t":"event","at_ms":238349,"node":33120,"kind":"peer_admitted","peer":29544,"slot":0,"a":0,"b":0}
1791635406.967 {"t":"event","at_ms":238511,"node":33120,"kind":"peer_admitted","peer":25344,"slot":1,"a":0,"b":0}
1791635406.967 {"t":"event","at_ms":240349,"node":33120,"kind":"peer_admitted","peer":29544,"slot":0,"a":0,"b":0}
1791635406.967 {"t":"event","at_ms":240511,"node":33120,"kind":"peer_admitted","peer":25344,"slot":1,"a":0,"b":0}
1791635406.967 {"t":"event","at_ms":242349,"node":33120,"kind":"peer_admitted","peer":29544,"slot":0,"a":0,"b":0}
1791635406.967 {"t":"link","up_ms":242457,"node":33120,"peer":29544,"mac":"b8:1f:3f:da:73:68","state":"alive","epoch":171,"espnow_ver":2,"mtu":1446,"misses":0,"rssi":-9,"tx":{"frames":851,"cb_ok":851,"cb_fail":0,"enqueue_err":0,"pdr_ppm":1000000},"rx":{"frames":3379,"lost_seqgap":0,"reorder_dup":0,"dropped_bad":0,"hb_lost":4,"bcast_frames":2401,"pdr_ppm":1000000},"rtt":{"samples":120,"min_us":5540,"max_us":22293,"timeouts":0,"txq_last_us":2871,"txq_max_us":11213,"remote_turnaround_us":818,"remote_turnaround_max_us":1752,"p50_us":[4000,6000],"p99_us":[8000,11000],"hist":[0,0,0,0,87,26,6,0,0,1,0,0,0,0,0,0]}}
1791635406.967 {"t":"link","up_ms":242512,"node":33120,"peer":25344,"mac":"b8:1f:3f:da:63:00","state":"alive","epoch":244,"espnow_ver":2,"mtu":1446,"misses":0,"rssi":-20,"tx":{"frames":809,"cb_ok":806,"cb_fail":2,"enqueue_err":0,"pdr_ppm":997524},"rx":{"frames":3215,"lost_seqgap":0,"reorder_dup":0,"dropped_bad":0,"hb_lost":9,"bcast_frames":2364,"pdr_ppm":1000000},"rtt":{"samples":118,"min_us":5875,"max_us":239652,"timeouts":1,"txq_last_us":11675,"txq_max_us":30949,"remote_turnaround_us":954,"remote_turnaround_max_us":234758,"p50_us":[6000,8000],"p99_us":[42000,60000],"hist":[0,0,0,0,13,90,6,3,3,0,1,1,0,0,0,1]}}
1791635406.967 {"t":"auth","node":33120,"up_ms":242566,"enrolled":1,"required":1,"verified_peers":2,"verified":3,"cache_hits":245,"refused":0,"rate_limited":0,"stale_epoch":0,"verify_us_max":87047,"link_stack_free_b":1524,"crypto_stack_free_b":1140,"tags_ok":1581,"bad_tag":0,"replayed":0,"untagged":0,"bcast_dropped":0,"beacon_epoch_ignored":0,"tag_us_max":1095}
1791635406.967 {"t":"act","node":33120,"setpoint":0,"has_value":0,"writes_served":0}
1791635406.967 {"t":"peers","node":33120,"own_period_ms":100,"own_busy":0,"channel":1,"scanning":0,"scans":0,"hops":0,"found":0,"lost_to_found_ms":0,"moves_followed":0,"moves_refused":0,"sweeps":0,"sweep_found":0,"sweeping":0,"search_visits":0,"relay":0,"fwd_u":0,"fwd_b":0,"fwd_h":0,"relay_dup":2483,"list":[{"id":29544,"state":"alive","via_relay":0,"period_ms":100,"misses":6,"busy":1,"rtt_n":120},{"id":25344,"state":"alive","via_relay":0,"period_ms":100,"misses":6,"busy":0,"rtt_n":118}]}
1791635406.967 {"t":"ss","node":33120,"accepted":0,"unsigned":0,"unknown_sender":0,"bad_signature":0,"replayed":0,"rate_limited":0,"verify_us_max":0,"floors":[{"src":25344,"epoch":139,"counter":1}]}
1791635406.967 {"t":"rec","node":33120,"up_ms":242661,"settled":1,"sent":966,"received":892,"malformed":0,"views":4,"replies_fenced":0,"actors":[{"key":1245650351,"running":0,"term":0,"owner":25344,"owner_term":9,"assigned":25344,"starts":0,"fenced":0,"released":0}]}
1791635407.303 {"t":"node","up_ms":242676,"node":33120,"epoch":290,"peers_alive":2,"peers_dead":0,"no_radio":0,"free_dram":250307,"largest_block":172032,"rx":{"total":11610,"bad_frame":0,"unknown_peer":10,"wrong_dst":0,"short_payload":0,"unknown_opcode":0,"queue_dropped":49},"tx":{"total":4194,"enqueue_err":0,"done_queue_dropped":0},"membership":{"deaths":1,"revivals":0,"reboots_seen":1,"table_full":0,"events_dropped":0}}
1791635407.303 {"t":"ns","node":33120,"hash":13581963,"owner":33120,"kind":"sampled","unit":100,"class":4,"bound_ms":5000,"quality":"GOOD","age_ms":354,"ts":242362,"updates":23,"value":2}
1791635407.303 {"t":"ns","node":33120,"hash":3142365229,"owner":33120,"kind":"sampled","unit":101,"class":4,"bound_ms":30000,"quality":"GOOD","age_ms":370,"ts":242361,"updates":23,"value":172032}
1791635407.303 {"t":"ns","node":33120,"hash":1245650351,"owner":25344,"kind":"sampled","unit":0,"class":3,"bound_ms":500,"quality":"NO_DATA","age_ms":0,"ts":0,"updates":0,"value":null}
1791635407.303 {"t":"ns","node":33120,"hash":2033492666,"owner":33120,"kind":"sampled","unit":0,"class":3,"bound_ms":0,"quality":"NO_DATA","age_ms":0,"ts":0,"updates":0,"value":null}
1791635407.303 {"t":"ns","node":33120,"hash":2347817554,"owner":33120,"kind":"sampled","unit":100,"class":4,"bound_ms":0,"quality":"GOOD","age_ms":410,"ts":242362,"updates":23,"value":290}
1791635407.303 {"t":"ns","node":33120,"hash":1170356950,"owner":33120,"kind":"sampled","unit":80,"class":4,"bound_ms":30000,"quality":"GOOD","age_ms":426,"ts":242361,"updates":23,"value":242}
1791635407.303 {"t":"ns","node":33120,"hash":3085599597,"owner":33120,"kind":"sampled","unit":0,"class":4,"bound_ms":5000,"quality":"GOOD","age_ms":439,"ts":242362,"updates":23,"value":-20}
1791635407.303 {"t":"ns","node":33120,"hash":2486014333,"owner":33120,"kind":"sampled","unit":101,"class":4,"bound_ms":30000,"quality":"GOOD","age_ms":454,"ts":242361,"updates":23,"value":250307}
1791635417.448 {"t":"clk","node":33120,"up_ms":252841}
1791635417.448 {"t":"led","node":33120,"shows":"yellow","app":0}
1791635417.448 {"t":"event","at_ms":242511,"node":33120,"kind":"peer_admitted","peer":25344,"slot":1,"a":0,"b":0}
1791635417.448 {"t":"event","at_ms":244349,"node":33120,"kind":"peer_admitted","peer":29544,"slot":0,"a":0,"b":0}
1791635417.448 {"t":"event","at_ms":244511,"node":33120,"kind":"peer_admitted","peer":25344,"slot":1,"a":0,"b":0}
1791635417.448 {"t":"event","at_ms":246349,"node":33120,"kind":"peer_admitted","peer":29544,"slot":0,"a":0,"b":0}
1791635417.448 {"t":"event","at_ms":246511,"node":33120,"kind":"peer_admitted","peer":25344,"slot":1,"a":0,"b":0}
1791635417.448 {"t":"event","at_ms":248350,"node":33120,"kind":"peer_admitted","peer":29544,"slot":0,"a":0,"b":0}
1791635417.448 {"t":"event","at_ms":248511,"node":33120,"kind":"peer_admitted","peer":25344,"slot":1,"a":0,"b":0}
1791635417.448 {"t":"event","at_ms":250364,"node":33120,"kind":"peer_admitted","peer":29544,"slot":0,"a":0,"b":0}
1791635417.448 {"t":"event","at_ms":250511,"node":33120,"kind":"peer_admitted","peer":25344,"slot":1,"a":0,"b":0}
1791635417.448 {"t":"event","at_ms":252349,"node":33120,"kind":"peer_admitted","peer":29544,"slot":0,"a":0,"b":0}
1791635417.448 {"t":"event","at_ms":252558,"node":33120,"kind":"peer_admitted","peer":25344,"slot":1,"a":0,"b":0}
1791635417.448 {"t":"link","up_ms":252939,"node":33120,"peer":29544,"mac":"b8:1f:3f:da:73:68","state":"alive","epoch":171,"espnow_ver":2,"mtu":1446,"misses":0,"rssi":-9,"tx":{"frames":888,"cb_ok":888,"cb_fail":0,"enqueue_err":0,"pdr_ppm":1000000},"rx":{"frames":3524,"lost_seqgap":0,"reorder_dup":0,"dropped_bad":0,"hb_lost":6,"bcast_frames":2504,"pdr_ppm":1000000},"rtt":{"samples":126,"min_us":5540,"max_us":22293,"timeouts":0,"txq_last_us":2867,"txq_max_us":11213,"remote_turnaround_us":798,"remote_turnaround_max_us":1752,"p50_us":[4000,6000],"p99_us":[8000,11000],"hist":[0,0,0,0,93,26,6,0,0,1,0,0,0,0,0,0]}}
1791635417.448 {"t":"link","up_ms":252993,"node":33120,"peer":25344,"mac":"b8:1f:3f:da:63:00","state":"alive","epoch":244,"espnow_ver":2,"mtu":1446,"misses":0,"rssi":-20,"tx":{"frames":844,"cb_ok":842,"cb_fail":2,"enqueue_err":0,"pdr_ppm":997630},"rx":{"frames":3358,"lost_seqgap":0,"reorder_dup":0,"dropped_bad":0,"hb_lost":11,"bcast_frames":2467,"pdr_ppm":1000000},"rtt":{"samples":123,"min_us":5875,"max_us":239652,"timeouts":1,"txq_last_us":2806,"txq_max_us":30949,"remote_turnaround_us":958,"remote_turnaround_max_us":234758,"p50_us":[6000,8000],"p99_us":[42000,60000],"hist":[0,0,0,0,14,93,6,3,4,0,1,1,0,0,0,1]}}
1791635417.448 {"t":"auth","node":33120,"up_ms":253047,"enrolled":1,"required":1,"verified_peers":2,"verified":3,"cache_hits":255,"refused":0,"rate_limited":0,"stale_epoch":0,"verify_us_max":87047,"link_stack_free_b":1524,"crypto_stack_free_b":1140,"tags_ok":1653,"bad_tag":0,"replayed":0,"untagged":0,"bcast_dropped":0,"beacon_epoch_ignored":0,"tag_us_max":1095}
1791635417.448 {"t":"act","node":33120,"setpoint":0,"has_value":0,"writes_served":0}
1791635417.448 {"t":"peers","node":33120,"own_period_ms":100,"own_busy":0,"channel":1,"scanning":0,"scans":0,"hops":0,"found":0,"lost_to_found_ms":0,"moves_followed":0,"moves_refused":0,"sweeps":0,"sweep_found":0,"sweeping":0,"search_visits":0,"relay":0,"fwd_u":0,"fwd_b":0,"fwd_h":0,"relay_dup":2591,"list":[{"id":29544,"state":"alive","via_relay":0,"period_ms":100,"misses":6,"busy":1,"rtt_n":126},{"id":25344,"state":"alive","via_relay":0,"period_ms":100,"misses":6,"busy":0,"rtt_n":123}]}
1791635417.448 {"t":"ss","node":33120,"accepted":0,"unsigned":0,"unknown_sender":0,"bad_signature":0,"replayed":0,"rate_limited":0,"verify_us_max":0,"floors":[{"src":25344,"epoch":139,"counter":1}]}
1791635417.448 {"t":"rec","node":33120,"up_ms":253142,"settled":1,"sent":1008,"received":933,"malformed":0,"views":4,"replies_fenced":0,"actors":[{"key":1245650351,"running":0,"term":0,"owner":25344,"owner_term":9,"assigned":25344,"starts":0,"fenced":0,"released":0}]}
1791635417.776 {"t":"node","up_ms":253157,"node":33120,"epoch":290,"peers_alive":2,"peers_dead":0,"no_radio":0,"free_dram":250307,"largest_block":172032,"rx":{"total":12115,"bad_frame":0,"unknown_peer":10,"wrong_dst":0,"short_payload":0,"unknown_opcode":0,"queue_dropped":49},"tx":{"total":4376,"enqueue_err":0,"done_queue_dropped":0},"membership":{"deaths":1,"revivals":0,"reboots_seen":1,"table_full":0,"events_dropped":0}}
1791635417.776 {"t":"ns","node":33120,"hash":13581963,"owner":33120,"kind":"sampled","unit":100,"class":4,"bound_ms":5000,"quality":"GOOD","age_ms":354,"ts":252843,"updates":24,"value":2}
1791635417.776 {"t":"ns","node":33120,"hash":3142365229,"owner":33120,"kind":"sampled","unit":101,"class":4,"bound_ms":30000,"quality":"GOOD","age_ms":370,"ts":252842,"updates":24,"value":172032}
1791635417.776 {"t":"ns","node":33120,"hash":1245650351,"owner":25344,"kind":"sampled","unit":0,"class":3,"bound_ms":500,"quality":"NO_DATA","age_ms":0,"ts":0,"updates":0,"value":null}
1791635417.776 {"t":"ns","node":33120,"hash":2033492666,"owner":33120,"kind":"sampled","unit":0,"class":3,"bound_ms":0,"quality":"NO_DATA","age_ms":0,"ts":0,"updates":0,"value":null}
1791635417.776 {"t":"ns","node":33120,"hash":2347817554,"owner":33120,"kind":"sampled","unit":100,"class":4,"bound_ms":0,"quality":"GOOD","age_ms":410,"ts":252843,"updates":24,"value":290}
1791635417.776 {"t":"ns","node":33120,"hash":1170356950,"owner":33120,"kind":"sampled","unit":80,"class":4,"bound_ms":30000,"quality":"GOOD","age_ms":425,"ts":252842,"updates":24,"value":252}
1791635417.776 {"t":"ns","node":33120,"hash":3085599597,"owner":33120,"kind":"sampled","unit":0,"class":4,"bound_ms":5000,"quality":"GOOD","age_ms":438,"ts":252843,"updates":24,"value":-20}
1791635417.776 {"t":"ns","node":33120,"hash":2486014333,"owner":33120,"kind":"sampled","unit":101,"class":4,"bound_ms":30000,"quality":"GOOD","age_ms":464,"ts":252842,"updates":24,"value":250307}
1791635427.927 {"t":"clk","node":33120,"up_ms":263321}
1791635427.927 {"t":"led","node":33120,"shows":"green","app":0}
1791635427.927 {"t":"event","at_ms":254355,"node":33120,"kind":"peer_admitted","peer":29544,"slot":0,"a":0,"b":0}
1791635427.927 {"t":"event","at_ms":254511,"node":33120,"kind":"peer_admitted","peer":25344,"slot":1,"a":0,"b":0}
1791635427.927 {"t":"event","at_ms":256352,"node":33120,"kind":"peer_admitted","peer":29544,"slot":0,"a":0,"b":0}
1791635427.927 {"t":"event","at_ms":256511,"node":33120,"kind":"peer_admitted","peer":25344,"slot":1,"a":0,"b":0}
1791635427.927 {"t":"event","at_ms":258350,"node":33120,"kind":"peer_admitted","peer":29544,"slot":0,"a":0,"b":0}
1791635427.927 {"t":"event","at_ms":258511,"node":33120,"kind":"peer_admitted","peer":25344,"slot":1,"a":0,"b":0}
1791635427.927 {"t":"event","at_ms":260349,"node":33120,"kind":"peer_admitted","peer":29544,"slot":0,"a":0,"b":0}
1791635427.927 {"t":"event","at_ms":260511,"node":33120,"kind":"peer_admitted","peer":25344,"slot":1,"a":0,"b":0}
1791635427.927 {"t":"event","at_ms":262349,"node":33120,"kind":"peer_admitted","peer":29544,"slot":0,"a":0,"b":0}
1791635427.927 {"t":"event","at_ms":262511,"node":33120,"kind":"peer_admitted","peer":25344,"slot":1,"a":0,"b":0}
1791635427.927 {"t":"link","up_ms":263406,"node":33120,"peer":29544,"mac":"b8:1f:3f:da:73:68","state":"alive","epoch":171,"espnow_ver":2,"mtu":1446,"misses":0,"rssi":-10,"tx":{"frames":924,"cb_ok":924,"cb_fail":0,"enqueue_err":0,"pdr_ppm":1000000},"rx":{"frames":3667,"lost_seqgap":0,"reorder_dup":0,"dropped_bad":0,"hb_lost":7,"bcast_frames":2607,"pdr_ppm":1000000},"rtt":{"samples":131,"min_us":5540,"max_us":22293,"timeouts":0,"txq_last_us":2826,"txq_max_us":11213,"remote_turnaround_us":820,"remote_turnaround_max_us":1752,"p50_us":[4000,6000],"p99_us":[8000,11000],"hist":[0,0,0,0,97,27,6,0,0,1,0,0,0,0,0,0]}}
1791635427.927 {"t":"link","up_ms":263460,"node":33120,"peer":25344,"mac":"b8:1f:3f:da:63:00","state":"alive","epoch":244,"espnow_ver":2,"mtu":1446,"misses":0,"rssi":-20,"tx":{"frames":878,"cb_ok":876,"cb_fail":2,"enqueue_err":0,"pdr_ppm":997722},"rx":{"frames":3501,"lost_seqgap":0,"reorder_dup":0,"dropped_bad":0,"hb_lost":12,"bcast_frames":2571,"pdr_ppm":1000000},"rtt":{"samples":128,"min_us":5875,"max_us":239652,"timeouts":1,"txq_last_us":2822,"txq_max_us":30949,"remote_turnaround_us":1147,"remote_turnaround_max_us":234758,"p50_us":[6000,8000],"p99_us":[42000,60000],"hist":[0,0,0,0,14,97,7,3,4,0,1,1,0,0,0,1]}}
1791635427.927 {"t":"auth","node":33120,"up_ms":263515,"enrolled":1,"required":1,"verified_peers":2,"verified":3,"cache_hits":265,"refused":0,"rate_limited":0,"stale_epoch":0,"verify_us_max":87047,"link_stack_free_b":1524,"crypto_stack_free_b":1140,"tags_ok":1722,"bad_tag":0,"replayed":0,"untagged":0,"bcast_dropped":0,"beacon_epoch_ignored":0,"tag_us_max":1095}
1791635427.927 {"t":"act","node":33120,"setpoint":0,"has_value":0,"writes_served":0}
1791635427.927 {"t":"peers","node":33120,"own_period_ms":100,"own_busy":0,"channel":1,"scanning":0,"scans":0,"hops":0,"found":0,"lost_to_found_ms":0,"moves_followed":0,"moves_refused":0,"sweeps":0,"sweep_found":0,"sweeping":0,"search_visits":0,"relay":0,"fwd_u":0,"fwd_b":0,"fwd_h":0,"relay_dup":2699,"list":[{"id":29544,"state":"alive","via_relay":0,"period_ms":100,"misses":6,"busy":1,"rtt_n":131},{"id":25344,"state":"alive","via_relay":0,"period_ms":100,"misses":6,"busy":0,"rtt_n":128}]}
1791635427.927 {"t":"ss","node":33120,"accepted":0,"unsigned":0,"unknown_sender":0,"bad_signature":0,"replayed":0,"rate_limited":0,"verify_us_max":0,"floors":[{"src":25344,"epoch":139,"counter":1}]}
1791635427.927 {"t":"rec","node":33120,"up_ms":263609,"settled":1,"sent":1050,"received":975,"malformed":0,"views":4,"replies_fenced":0,"actors":[{"key":1245650351,"running":0,"term":0,"owner":25344,"owner_term":9,"assigned":25344,"starts":0,"fenced":0,"released":0}]}
1791635427.927 {"t":"node","up_ms":263636,"node":33120,"epoch":290,"peers_alive":2,"peers_dead":0,"no_radio":0,"free_dram":250307,"largest_block":172032,"rx":{"total":12615,"bad_frame":0,"unknown_peer":10,"wrong_dst":0,"short_payload":0,"unknown_opcode":0,"queue_dropped":49},"tx":{"total":4556,"enqueue_err":0,"done_queue_dropped":0},"membership":{"deaths":1,"revivals":0,"reboots_seen":1,"table_full":0,"events_dropped":0}}
1791635428.259 {"t":"ns","node":33120,"hash":13581963,"owner":33120,"kind":"sampled","unit":100,"class":4,"bound_ms":5000,"quality":"GOOD","age_ms":342,"ts":263323,"updates":25,"value":2}
1791635428.259 {"t":"ns","node":33120,"hash":3142365229,"owner":33120,"kind":"sampled","unit":101,"class":4,"bound_ms":30000,"quality":"GOOD","age_ms":357,"ts":263322,"updates":25,"value":172032}
1791635428.259 {"t":"ns","node":33120,"hash":1245650351,"owner":25344,"kind":"sampled","unit":0,"class":3,"bound_ms":500,"quality":"NO_DATA","age_ms":0,"ts":0,"updates":0,"value":null}
1791635428.259 {"t":"ns","node":33120,"hash":2033492666,"owner":33120,"kind":"sampled","unit":0,"class":3,"bound_ms":0,"quality":"NO_DATA","age_ms":0,"ts":0,"updates":0,"value":null}
1791635428.259 {"t":"ns","node":33120,"hash":2347817554,"owner":33120,"kind":"sampled","unit":100,"class":4,"bound_ms":0,"quality":"GOOD","age_ms":400,"ts":263322,"updates":25,"value":290}
1791635428.259 {"t":"ns","node":33120,"hash":1170356950,"owner":33120,"kind":"sampled","unit":80,"class":4,"bound_ms":30000,"quality":"GOOD","age_ms":425,"ts":263322,"updates":25,"value":263}
1791635428.259 {"t":"ns","node":33120,"hash":3085599597,"owner":33120,"kind":"sampled","unit":0,"class":4,"bound_ms":5000,"quality":"GOOD","age_ms":438,"ts":263323,"updates":25,"value":-19}
1791635428.259 {"t":"ns","node":33120,"hash":2486014333,"owner":33120,"kind":"sampled","unit":101,"class":4,"bound_ms":30000,"quality":"GOOD","age_ms":453,"ts":263322,"updates":25,"value":250307}
1791635438.402 {"t":"clk","node":33120,"up_ms":273790}
1791635438.402 {"t":"led","node":33120,"shows":"green","app":0}
1791635438.402 {"t":"event","at_ms":264349,"node":33120,"kind":"peer_admitted","peer":29544,"slot":0,"a":0,"b":0}
1791635438.402 {"t":"event","at_ms":264511,"node":33120,"kind":"peer_admitted","peer":25344,"slot":1,"a":0,"b":0}
1791635438.402 {"t":"event","at_ms":266349,"node":33120,"kind":"peer_admitted","peer":29544,"slot":0,"a":0,"b":0}
1791635438.402 {"t":"event","at_ms":266511,"node":33120,"kind":"peer_admitted","peer":25344,"slot":1,"a":0,"b":0}
1791635438.402 {"t":"event","at_ms":268349,"node":33120,"kind":"peer_admitted","peer":29544,"slot":0,"a":0,"b":0}
1791635438.402 {"t":"event","at_ms":268511,"node":33120,"kind":"peer_admitted","peer":25344,"slot":1,"a":0,"b":0}
1791635438.402 {"t":"event","at_ms":270349,"node":33120,"kind":"peer_admitted","peer":29544,"slot":0,"a":0,"b":0}
1791635438.402 {"t":"event","at_ms":270511,"node":33120,"kind":"peer_admitted","peer":25344,"slot":1,"a":0,"b":0}
1791635438.402 {"t":"event","at_ms":272349,"node":33120,"kind":"peer_admitted","peer":29544,"slot":0,"a":0,"b":0}
1791635438.402 {"t":"event","at_ms":272511,"node":33120,"kind":"peer_admitted","peer":25344,"slot":1,"a":0,"b":0}
1791635438.402 {"t":"link","up_ms":273876,"node":33120,"peer":29544,"mac":"b8:1f:3f:da:73:68","state":"alive","epoch":171,"espnow_ver":2,"mtu":1446,"misses":0,"rssi":-8,"tx":{"frames":960,"cb_ok":960,"cb_fail":0,"enqueue_err":0,"pdr_ppm":1000000},"rx":{"frames":3813,"lost_seqgap":0,"reorder_dup":0,"dropped_bad":0,"hb_lost":7,"bcast_frames":2712,"pdr_ppm":1000000},"rtt":{"samples":136,"min_us":5540,"max_us":22293,"timeouts":0,"txq_last_us":2872,"txq_max_us":11213,"remote_turnaround_us":813,"remote_turnaround_max_us":1752,"p50_us":[4000,6000],"p99_us":[8000,11000],"hist":[0,0,0,0,100,29,6,0,0,1,0,0,0,0,0,0]}}
1791635438.402 {"t":"link","up_ms":273930,"node":33120,"peer":25344,"mac":"b8:1f:3f:da:63:00","state":"alive","epoch":244,"espnow_ver":2,"mtu":1446,"misses":0,"rssi":-20,"tx":{"frames":914,"cb_ok":912,"cb_fail":2,"enqueue_err":0,"pdr_ppm":997811},"rx":{"frames":3646,"lost_seqgap":0,"reorder_dup":0,"dropped_bad":0,"hb_lost":13,"bcast_frames":2674,"pdr_ppm":1000000},"rtt":{"samples":134,"min_us":5875,"max_us":239652,"timeouts":1,"txq_last_us":2842,"txq_max_us":30949,"remote_turnaround_us":1149,"remote_turnaround_max_us":234758,"p50_us":[6000,8000],"p99_us":[42000,60000],"hist":[0,0,0,0,14,103,7,3,4,0,1,1,0,0,0,1]}}
1791635438.402 {"t":"auth","node":33120,"up_ms":273985,"enrolled":1,"required":1,"verified_peers":2,"verified":3,"cache_hits":275,"refused":0,"rate_limited":0,"stale_epoch":0,"verify_us_max":87047,"link_stack_free_b":1524,"crypto_stack_free_b":1140,"tags_ok":1796,"bad_tag":0,"replayed":0,"untagged":0,"bcast_dropped":0,"beacon_epoch_ignored":0,"tag_us_max":1095}
1791635438.402 {"t":"act","node":33120,"setpoint":0,"has_value":0,"writes_served":0}
1791635438.402 {"t":"peers","node":33120,"own_period_ms":100,"own_busy":0,"channel":1,"scanning":0,"scans":0,"hops":0,"found":0,"lost_to_found_ms":0,"moves_followed":0,"moves_refused":0,"sweeps":0,"sweep_found":0,"sweeping":0,"search_visits":0,"relay":0,"fwd_u":0,"fwd_b":0,"fwd_h":0,"relay_dup":2807,"list":[{"id":29544,"state":"alive","via_relay":0,"period_ms":100,"misses":6,"busy":1,"rtt_n":136},{"id":25344,"state":"alive","via_relay":0,"period_ms":100,"misses":6,"busy":0,"rtt_n":134}]}
1791635438.402 {"t":"ss","node":33120,"accepted":0,"unsigned":0,"unknown_sender":0,"bad_signature":0,"replayed":0,"rate_limited":0,"verify_us_max":0,"floors":[{"src":25344,"epoch":139,"counter":1}]}
1791635438.402 {"t":"rec","node":33120,"up_ms":274080,"settled":1,"sent":1091,"received":1017,"malformed":0,"views":4,"replies_fenced":0,"actors":[{"key":1245650351,"running":0,"term":0,"owner":25344,"owner_term":9,"assigned":25344,"starts":0,"fenced":0,"released":0}]}
1791635438.402 {"t":"node","up_ms":274106,"node":33120,"epoch":290,"peers_alive":2,"peers_dead":0,"no_radio":0,"free_dram":250307,"largest_block":172032,"rx":{"total":13126,"bad_frame":0,"unknown_peer":10,"wrong_dst":0,"short_payload":0,"unknown_opcode":0,"queue_dropped":49},"tx":{"total":4739,"enqueue_err":0,"done_queue_dropped":0},"membership":{"deaths":1,"revivals":0,"reboots_seen":1,"table_full":0,"events_dropped":0}}
1791635438.720 {"t":"ns","node":33120,"hash":13581963,"owner":33120,"kind":"sampled","unit":100,"class":4,"bound_ms":5000,"quality":"GOOD","age_ms":343,"ts":273792,"updates":26,"value":2}
1791635438.720 {"t":"ns","node":33120,"hash":3142365229,"owner":33120,"kind":"sampled","unit":101,"class":4,"bound_ms":30000,"quality":"GOOD","age_ms":357,"ts":273792,"updates":26,"value":172032}
1791635438.720 {"t":"ns","node":33120,"hash":1245650351,"owner":25344,"kind":"sampled","unit":0,"class":3,"bound_ms":500,"quality":"NO_DATA","age_ms":0,"ts":0,"updates":0,"value":null}
1791635438.720 {"t":"ns","node":33120,"hash":2033492666,"owner":33120,"kind":"sampled","unit":0,"class":3,"bound_ms":0,"quality":"NO_DATA","age_ms":0,"ts":0,"updates":0,"value":null}
1791635438.720 {"t":"ns","node":33120,"hash":2347817554,"owner":33120,"kind":"sampled","unit":100,"class":4,"bound_ms":0,"quality":"GOOD","age_ms":410,"ts":273792,"updates":26,"value":290}
1791635438.720 {"t":"ns","node":33120,"hash":1170356950,"owner":33120,"kind":"sampled","unit":80,"class":4,"bound_ms":30000,"quality":"GOOD","age_ms":424,"ts":273792,"updates":26,"value":273}
1791635438.720 {"t":"ns","node":33120,"hash":3085599597,"owner":33120,"kind":"sampled","unit":0,"class":4,"bound_ms":5000,"quality":"GOOD","age_ms":439,"ts":273792,"updates":26,"value":-20}
1791635438.720 {"t":"ns","node":33120,"hash":2486014333,"owner":33120,"kind":"sampled","unit":101,"class":4,"bound_ms":30000,"quality":"GOOD","age_ms":453,"ts":273792,"updates":26,"value":250307}
1791635448.865 {"t":"clk","node":33120,"up_ms":284259}
1791635448.865 {"t":"led","node":33120,"shows":"green","app":0}
1791635448.865 {"t":"event","at_ms":274349,"node":33120,"kind":"peer_admitted","peer":29544,"slot":0,"a":0,"b":0}
1791635448.865 {"t":"event","at_ms":274513,"node":33120,"kind":"peer_admitted","peer":25344,"slot":1,"a":0,"b":0}
1791635448.865 {"t":"event","at_ms":276349,"node":33120,"kind":"peer_admitted","peer":29544,"slot":0,"a":0,"b":0}
1791635448.865 {"t":"event","at_ms":276511,"node":33120,"kind":"peer_admitted","peer":25344,"slot":1,"a":0,"b":0}
1791635448.865 {"t":"event","at_ms":278349,"node":33120,"kind":"peer_admitted","peer":29544,"slot":0,"a":0,"b":0}
1791635448.865 {"t":"event","at_ms":278511,"node":33120,"kind":"peer_admitted","peer":25344,"slot":1,"a":0,"b":0}
1791635448.865 {"t":"event","at_ms":280349,"node":33120,"kind":"peer_admitted","peer":29544,"slot":0,"a":0,"b":0}
1791635448.865 {"t":"event","at_ms":280511,"node":33120,"kind":"peer_admitted","peer":25344,"slot":1,"a":0,"b":0}
1791635448.865 {"t":"event","at_ms":282349,"node":33120,"kind":"peer_admitted","peer":29544,"slot":0,"a":0,"b":0}
1791635448.865 {"t":"event","at_ms":282512,"node":33120,"kind":"peer_admitted","peer":25344,"slot":1,"a":0,"b":0}
1791635448.865 {"t":"link","up_ms":284345,"node":33120,"peer":29544,"mac":"b8:1f:3f:da:73:68","state":"alive","epoch":171,"espnow_ver":2,"mtu":1446,"misses":0,"rssi":-9,"tx":{"frames":997,"cb_ok":997,"cb_fail":0,"enqueue_err":0,"pdr_ppm":1000000},"rx":{"frames":3961,"lost_seqgap":0,"reorder_dup":0,"dropped_bad":0,"hb_lost":7,"bcast_frames":2817,"pdr_ppm":1000000},"rtt":{"samples":141,"min_us":5540,"max_us":22293,"timeouts":0,"txq_last_us":2866,"txq_max_us":11213,"remote_turnaround_us":816,"remote_turnaround_max_us":1752,"p50_us":[4000,6000],"p99_us":[8000,11000],"hist":[0,0,0,0,105,29,6,0,0,1,0,0,0,0,0,0]}}
1791635448.865 {"t":"link","up_ms":284400,"node":33120,"peer":25344,"mac":"b8:1f:3f:da:63:00","state":"alive","epoch":244,"espnow_ver":2,"mtu":1446,"misses":0,"rssi":-20,"tx":{"frames":948,"cb_ok":946,"cb_fail":2,"enqueue_err":0,"pdr_ppm":997890},"rx":{"frames":3790,"lost_seqgap":0,"reorder_dup":0,"dropped_bad":0,"hb_lost":13,"bcast_frames":2779,"pdr_ppm":1000000},"rtt":{"samples":139,"min_us":5875,"max_us":239652,"timeouts":1,"txq_last_us":2829,"txq_max_us":30949,"remote_turnaround_us":1161,"remote_turnaround_max_us":234758,"p50_us":[6000,8000],"p99_us":[42000,60000],"hist":[0,0,0,0,14,107,8,3,4,0,1,1,0,0,0,1]}}
1791635448.865 {"t":"auth","node":33120,"up_ms":284454,"enrolled":1,"required":1,"verified_peers":2,"verified":3,"cache_hits":286,"refused":0,"rate_limited":0,"stale_epoch":0,"verify_us_max":87047,"link_stack_free_b":1524,"crypto_stack_free_b":1140,"tags_ok":1867,"bad_tag":0,"replayed":0,"untagged":0,"bcast_dropped":0,"beacon_epoch_ignored":0,"tag_us_max":1095}
1791635448.865 {"t":"act","node":33120,"setpoint":0,"has_value":0,"writes_served":0}
1791635448.865 {"t":"peers","node":33120,"own_period_ms":100,"own_busy":0,"channel":1,"scanning":0,"scans":0,"hops":0,"found":0,"lost_to_found_ms":0,"moves_followed":0,"moves_refused":0,"sweeps":0,"sweep_found":0,"sweeping":0,"search_visits":0,"relay":0,"fwd_u":0,"fwd_b":0,"fwd_h":0,"relay_dup":2917,"list":[{"id":29544,"state":"alive","via_relay":0,"period_ms":100,"misses":6,"busy":1,"rtt_n":141},{"id":25344,"state":"alive","via_relay":0,"period_ms":100,"misses":6,"busy":0,"rtt_n":139}]}
1791635448.865 {"t":"ss","node":33120,"accepted":0,"unsigned":0,"unknown_sender":0,"bad_signature":0,"replayed":0,"rate_limited":0,"verify_us_max":0,"floors":[{"src":25344,"epoch":139,"counter":1}]}
1791635448.865 {"t":"rec","node":33120,"up_ms":284549,"settled":1,"sent":1133,"received":1059,"malformed":0,"views":4,"replies_fenced":0,"actors":[{"key":1245650351,"running":0,"term":0,"owner":25344,"owner_term":9,"assigned":25344,"starts":0,"fenced":0,"released":0}]}
1791635448.865 {"t":"node","up_ms":284564,"node":33120,"epoch":290,"peers_alive":2,"peers_dead":0,"no_radio":0,"free_dram":250307,"largest_block":172032,"rx":{"total":13639,"bad_frame":0,"unknown_peer":10,"wrong_dst":0,"short_payload":0,"unknown_opcode":0,"queue_dropped":49},"tx":{"total":4920,"enqueue_err":0,"done_queue_dropped":0},"membership":{"deaths":1,"revivals":0,"reboots_seen":1,"table_full":0,"events_dropped":0}}
1791635449.187 {"t":"ns","node":33120,"hash":13581963,"owner":33120,"kind":"sampled","unit":100,"class":4,"bound_ms":5000,"quality":"GOOD","age_ms":343,"ts":284261,"updates":27,"value":2}
1791635449.187 {"t":"ns","node":33120,"hash":3142365229,"owner":33120,"kind":"sampled","unit":101,"class":4,"bound_ms":30000,"quality":"GOOD","age_ms":358,"ts":284260,"updates":27,"value":172032}
1791635449.187 {"t":"ns","node":33120,"hash":1245650351,"owner":25344,"kind":"sampled","unit":0,"class":3,"bound_ms":500,"quality":"NO_DATA","age_ms":0,"ts":0,"updates":0,"value":null}
1791635449.187 {"t":"ns","node":33120,"hash":2033492666,"owner":33120,"kind":"sampled","unit":0,"class":3,"bound_ms":0,"quality":"NO_DATA","age_ms":0,"ts":0,"updates":0,"value":null}
1791635449.187 {"t":"ns","node":33120,"hash":2347817554,"owner":33120,"kind":"sampled","unit":100,"class":4,"bound_ms":0,"quality":"GOOD","age_ms":400,"ts":284260,"updates":27,"value":290}
1791635449.187 {"t":"ns","node":33120,"hash":1170356950,"owner":33120,"kind":"sampled","unit":80,"class":4,"bound_ms":30000,"quality":"GOOD","age_ms":425,"ts":284260,"updates":27,"value":284}
1791635449.187 {"t":"ns","node":33120,"hash":3085599597,"owner":33120,"kind":"sampled","unit":0,"class":4,"bound_ms":5000,"quality":"GOOD","age_ms":439,"ts":284261,"updates":27,"value":-20}
1791635449.187 {"t":"ns","node":33120,"hash":2486014333,"owner":33120,"kind":"sampled","unit":101,"class":4,"bound_ms":30000,"quality":"GOOD","age_ms":454,"ts":284260,"updates":27,"value":250307}
1791635459.336 {"t":"clk","node":33120,"up_ms":294729}
1791635459.336 {"t":"led","node":33120,"shows":"green","app":0}
1791635459.336 {"t":"event","at_ms":284349,"node":33120,"kind":"peer_admitted","peer":29544,"slot":0,"a":0,"b":0}
1791635459.336 {"t":"event","at_ms":284512,"node":33120,"kind":"peer_admitted","peer":25344,"slot":1,"a":0,"b":0}
1791635459.336 {"t":"event","at_ms":286349,"node":33120,"kind":"peer_admitted","peer":29544,"slot":0,"a":0,"b":0}
1791635459.336 {"t":"event","at_ms":286511,"node":33120,"kind":"peer_admitted","peer":25344,"slot":1,"a":0,"b":0}
1791635459.336 {"t":"event","at_ms":288349,"node":33120,"kind":"peer_admitted","peer":29544,"slot":0,"a":0,"b":0}
1791635459.336 {"t":"event","at_ms":288511,"node":33120,"kind":"peer_admitted","peer":25344,"slot":1,"a":0,"b":0}
1791635459.336 {"t":"event","at_ms":290349,"node":33120,"kind":"peer_admitted","peer":29544,"slot":0,"a":0,"b":0}
1791635459.336 {"t":"event","at_ms":290511,"node":33120,"kind":"peer_admitted","peer":25344,"slot":1,"a":0,"b":0}
1791635459.336 {"t":"event","at_ms":292349,"node":33120,"kind":"peer_admitted","peer":29544,"slot":0,"a":0,"b":0}
1791635459.336 {"t":"event","at_ms":292511,"node":33120,"kind":"peer_admitted","peer":25344,"slot":1,"a":0,"b":0}
1791635459.336 {"t":"event","at_ms":294349,"node":33120,"kind":"peer_admitted","peer":29544,"slot":0,"a":0,"b":0}
1791635459.336 {"t":"event","at_ms":294511,"node":33120,"kind":"peer_admitted","peer":25344,"slot":1,"a":0,"b":0}
1791635459.336 {"t":"link","up_ms":294841,"node":33120,"peer":29544,"mac":"b8:1f:3f:da:73:68","state":"alive","epoch":171,"espnow_ver":2,"mtu":1446,"misses":0,"rssi":-9,"tx":{"frames":1035,"cb_ok":1035,"cb_fail":0,"enqueue_err":0,"pdr_ppm":1000000},"rx":{"frames":4109,"lost_seqgap":0,"reorder_dup":0,"dropped_bad":0,"hb_lost":7,"bcast_frames":2922,"pdr_ppm":1000000},"rtt":{"samples":147,"min_us":5540,"max_us":22293,"timeouts":0,"txq_last_us":2956,"txq_max_us":11213,"remote_turnaround_us":811,"remote_turnaround_max_us":1752,"p50_us":[4000,6000],"p99_us":[8000,11000],"hist":[0,0,0,0,110,30,6,0,0,1,0,0,0,0,0,0]}}
1791635459.336 {"t":"link","up_ms":294884,"node":33120,"peer":25344,"mac":"b8:1f:3f:da:63:00","state":"alive","epoch":244,"espnow_ver":2,"mtu":1446,"misses":0,"rssi":-20,"tx":{"frames":984,"cb_ok":982,"cb_fail":2,"enqueue_err":0,"pdr_ppm":997967},"rx":{"frames":3936,"lost_seqgap":0,"reorder_dup":0,"dropped_bad":0,"hb_lost":13,"bcast_frames":2884,"pdr_ppm":1000000},"rtt":{"samples":144,"min_us":5875,"max_us":239652,"timeouts":1,"txq_last_us":2800,"txq_max_us":30949,"remote_turnaround_us":949,"remote_turnaround_max_us":234758,"p50_us":[6000,8000],"p99_us":[42000,60000],"hist":[0,0,0,0,15,110,9,3,4,0,1,1,0,0,0,1]}}
1791635459.336 {"t":"auth","node":33120,"up_ms":294939,"enrolled":1,"required":1,"verified_peers":2,"verified":3,"cache_hits":297,"refused":0,"rate_limited":0,"stale_epoch":0,"verify_us_max":87047,"link_stack_free_b":1524,"crypto_stack_free_b":1140,"tags_ok":1939,"bad_tag":0,"replayed":0,"untagged":0,"bcast_dropped":0,"beacon_epoch_ignored":0,"tag_us_max":1095}
1791635459.336 {"t":"act","node":33120,"setpoint":0,"has_value":0,"writes_served":0}
1791635459.336 {"t":"peers","node":33120,"own_period_ms":100,"own_busy":0,"channel":1,"scanning":0,"scans":0,"hops":0,"found":0,"lost_to_found_ms":0,"moves_followed":0,"moves_refused":0,"sweeps":0,"sweep_found":0,"sweeping":0,"search_visits":0,"relay":0,"fwd_u":0,"fwd_b":0,"fwd_h":0,"relay_dup":3028,"list":[{"id":29544,"state":"alive","via_relay":0,"period_ms":100,"misses":6,"busy":1,"rtt_n":147},{"id":25344,"state":"alive","via_relay":0,"period_ms":100,"misses":6,"busy":0,"rtt_n":144}]}
1791635459.336 {"t":"ss","node":33120,"accepted":0,"unsigned":0,"unknown_sender":0,"bad_signature":0,"replayed":0,"rate_limited":0,"verify_us_max":0,"floors":[{"src":25344,"epoch":139,"counter":1}]}
1791635459.336 {"t":"rec","node":33120,"up_ms":295033,"settled":1,"sent":1175,"received":1101,"malformed":0,"views":4,"replies_fenced":0,"actors":[{"key":1245650351,"running":0,"term":0,"owner":25344,"owner_term":9,"assigned":25344,"starts":0,"fenced":0,"released":0}]}
1791635459.686 {"t":"node","up_ms":295060,"node":33120,"epoch":290,"peers_alive":2,"peers_dead":0,"no_radio":0,"free_dram":250307,"largest_block":172032,"rx":{"total":14151,"bad_frame":0,"unknown_peer":10,"wrong_dst":0,"short_payload":0,"unknown_opcode":0,"queue_dropped":49},"tx":{"total":5102,"enqueue_err":0,"done_queue_dropped":0},"membership":{"deaths":1,"revivals":0,"reboots_seen":1,"table_full":0,"events_dropped":0}}
1791635459.686 {"t":"ns","node":33120,"hash":13581963,"owner":33120,"kind":"sampled","unit":100,"class":4,"bound_ms":5000,"quality":"GOOD","age_ms":358,"ts":294731,"updates":28,"value":2}
1791635459.686 {"t":"ns","node":33120,"hash":3142365229,"owner":33120,"kind":"sampled","unit":101,"class":4,"bound_ms":30000,"quality":"GOOD","age_ms":373,"ts":294730,"updates":28,"value":172032}
1791635459.686 {"t":"ns","node":33120,"hash":1245650351,"owner":25344,"kind":"sampled","unit":0,"class":3,"bound_ms":500,"quality":"NO_DATA","age_ms":0,"ts":0,"updates":0,"value":null}
1791635459.686 {"t":"ns","node":33120,"hash":2033492666,"owner":33120,"kind":"sampled","unit":0,"class":3,"bound_ms":0,"quality":"NO_DATA","age_ms":0,"ts":0,"updates":0,"value":null}
1791635459.686 {"t":"ns","node":33120,"hash":2347817554,"owner":33120,"kind":"sampled","unit":100,"class":4,"bound_ms":0,"quality":"GOOD","age_ms":425,"ts":294731,"updates":28,"value":290}
1791635459.686 {"t":"ns","node":33120,"hash":1170356950,"owner":33120,"kind":"sampled","unit":80,"class":4,"bound_ms":30000,"quality":"GOOD","age_ms":440,"ts":294730,"updates":28,"value":294}
1791635459.686 {"t":"ns","node":33120,"hash":3085599597,"owner":33120,"kind":"sampled","unit":0,"class":4,"bound_ms":5000,"quality":"GOOD","age_ms":453,"ts":294731,"updates":28,"value":-19}
1791635459.686 {"t":"ns","node":33120,"hash":2486014333,"owner":33120,"kind":"sampled","unit":101,"class":4,"bound_ms":30000,"quality":"GOOD","age_ms":469,"ts":294730,"updates":28,"value":250307}
1791635469.819 {"t":"clk","node":33120,"up_ms":305214}
1791635469.819 {"t":"led","node":33120,"shows":"green","app":0}
1791635469.819 {"t":"event","at_ms":296349,"node":33120,"kind":"peer_admitted","peer":29544,"slot":0,"a":0,"b":0}
1791635469.819 {"t":"event","at_ms":296511,"node":33120,"kind":"peer_admitted","peer":25344,"slot":1,"a":0,"b":0}
1791635469.819 {"t":"event","at_ms":298349,"node":33120,"kind":"peer_admitted","peer":29544,"slot":0,"a":0,"b":0}
1791635469.819 {"t":"event","at_ms":298511,"node":33120,"kind":"peer_admitted","peer":25344,"slot":1,"a":0,"b":0}
1791635469.819 {"t":"event","at_ms":300349,"node":33120,"kind":"peer_admitted","peer":29544,"slot":0,"a":0,"b":0}
1791635469.819 {"t":"event","at_ms":300511,"node":33120,"kind":"peer_admitted","peer":25344,"slot":1,"a":0,"b":0}
1791635469.819 {"t":"event","at_ms":302349,"node":33120,"kind":"peer_admitted","peer":29544,"slot":0,"a":0,"b":0}
1791635469.819 {"t":"event","at_ms":302511,"node":33120,"kind":"peer_admitted","peer":25344,"slot":1,"a":0,"b":0}
1791635469.819 {"t":"event","at_ms":304349,"node":33120,"kind":"peer_admitted","peer":29544,"slot":0,"a":0,"b":0}
1791635469.819 {"t":"event","at_ms":304511,"node":33120,"kind":"peer_admitted","peer":25344,"slot":1,"a":0,"b":0}
1791635469.819 {"t":"link","up_ms":305299,"node":33120,"peer":29544,"mac":"b8:1f:3f:da:73:68","state":"alive","epoch":171,"espnow_ver":2,"mtu":1446,"misses":0,"rssi":-9,"tx":{"frames":1071,"cb_ok":1071,"cb_fail":0,"enqueue_err":0,"pdr_ppm":1000000},"rx":{"frames":4253,"lost_seqgap":0,"reorder_dup":0,"dropped_bad":0,"hb_lost":7,"bcast_frames":3026,"pdr_ppm":1000000},"rtt":{"samples":152,"min_us":5540,"max_us":22293,"timeouts":0,"txq_last_us":2829,"txq_max_us":11213,"remote_turnaround_us":807,"remote_turnaround_max_us":1752,"p50_us":[4000,6000],"p99_us":[8000,11000],"hist":[0,0,0,0,112,33,6,0,0,1,0,0,0,0,0,0]}}
1791635469.819 {"t":"link","up_ms":305353,"node":33120,"peer":25344,"mac":"b8:1f:3f:da:63:00","state":"alive","epoch":244,"espnow_ver":2,"mtu":1446,"misses":0,"rssi":-20,"tx":{"frames":1018,"cb_ok":1015,"cb_fail":2,"enqueue_err":0,"pdr_ppm":998033},"rx":{"frames":4080,"lost_seqgap":0,"reorder_dup":0,"dropped_bad":0,"hb_lost":13,"bcast_frames":2989,"pdr_ppm":1000000},"rtt":{"samples":149,"min_us":5875,"max_us":239652,"timeouts":1,"txq_last_us":2851,"txq_max_us":30949,"remote_turnaround_us":1155,"remote_turnaround_max_us":234758,"p50_us":[6000,8000],"p99_us":[42000,60000],"hist":[0,0,0,0,16,114,9,3,4,0,1,1,0,0,0,1]}}
1791635469.819 {"t":"auth","node":33120,"up_ms":305407,"enrolled":1,"required":1,"verified_peers":2,"verified":3,"cache_hits":307,"refused":0,"rate_limited":0,"stale_epoch":0,"verify_us_max":87047,"link_stack_free_b":1524,"crypto_stack_free_b":1140,"tags_ok":2009,"bad_tag":0,"replayed":0,"untagged":0,"bcast_dropped":0,"beacon_epoch_ignored":0,"tag_us_max":1095}
1791635469.819 {"t":"act","node":33120,"setpoint":0,"has_value":0,"writes_served":0}
1791635469.819 {"t":"peers","node":33120,"own_period_ms":100,"own_busy":0,"channel":1,"scanning":0,"scans":0,"hops":0,"found":0,"lost_to_found_ms":0,"moves_followed":0,"moves_refused":0,"sweeps":0,"sweep_found":0,"sweeping":0,"search_visits":0,"relay":0,"fwd_u":0,"fwd_b":0,"fwd_h":0,"relay_dup":3137,"list":[{"id":29544,"state":"alive","via_relay":0,"period_ms":100,"misses":6,"busy":1,"rtt_n":152},{"id":25344,"state":"alive","via_relay":0,"period_ms":100,"misses":6,"busy":0,"rtt_n":149}]}
1791635469.819 {"t":"ss","node":33120,"accepted":0,"unsigned":0,"unknown_sender":0,"bad_signature":0,"replayed":0,"rate_limited":0,"verify_us_max":0,"floors":[{"src":25344,"epoch":139,"counter":1}]}
1791635469.819 {"t":"rec","node":33120,"up_ms":305502,"settled":1,"sent":1217,"received":1143,"malformed":0,"views":4,"replies_fenced":0,"actors":[{"key":1245650351,"running":0,"term":0,"owner":25344,"owner_term":9,"assigned":25344,"starts":0,"fenced":0,"released":0}]}
1791635469.819 {"t":"node","up_ms":305529,"node":33120,"epoch":290,"peers_alive":2,"peers_dead":0,"no_radio":0,"free_dram":250307,"largest_block":172032,"rx":{"total":14658,"bad_frame":0,"unknown_peer":10,"wrong_dst":0,"short_payload":0,"unknown_opcode":0,"queue_dropped":49},"tx":{"total":5282,"enqueue_err":0,"done_queue_dropped":0},"membership":{"deaths":1,"revivals":0,"reboots_seen":1,"table_full":0,"events_dropped":0}}
1791635470.152 {"t":"ns","node":33120,"hash":13581963,"owner":33120,"kind":"sampled","unit":100,"class":4,"bound_ms":5000,"quality":"GOOD","age_ms":341,"ts":305216,"updates":29,"value":2}
1791635470.152 {"t":"ns","node":33120,"hash":3142365229,"owner":33120,"kind":"sampled","unit":101,"class":4,"bound_ms":30000,"quality":"GOOD","age_ms":356,"ts":305215,"updates":29,"value":172032}
1791635470.152 {"t":"ns","node":33120,"hash":1245650351,"owner":25344,"kind":"sampled","unit":0,"class":3,"bound_ms":500,"quality":"NO_DATA","age_ms":0,"ts":0,"updates":0,"value":null}
1791635470.152 {"t":"ns","node":33120,"hash":2033492666,"owner":33120,"kind":"sampled","unit":0,"class":3,"bound_ms":0,"quality":"NO_DATA","age_ms":0,"ts":0,"updates":0,"value":null}
1791635470.152 {"t":"ns","node":33120,"hash":2347817554,"owner":33120,"kind":"sampled","unit":100,"class":4,"bound_ms":0,"quality":"GOOD","age_ms":411,"ts":305215,"updates":29,"value":290}
1791635470.152 {"t":"ns","node":33120,"hash":1170356950,"owner":33120,"kind":"sampled","unit":80,"class":4,"bound_ms":30000,"quality":"GOOD","age_ms":424,"ts":305215,"updates":29,"value":305}
1791635470.152 {"t":"ns","node":33120,"hash":3085599597,"owner":33120,"kind":"sampled","unit":0,"class":4,"bound_ms":5000,"quality":"GOOD","age_ms":437,"ts":305216,"updates":29,"value":-20}
1791635470.152 {"t":"ns","node":33120,"hash":2486014333,"owner":33120,"kind":"sampled","unit":101,"class":4,"bound_ms":30000,"quality":"GOOD","age_ms":453,"ts":305215,"updates":29,"value":250307}
1791635480.287 {"t":"clk","node":33120,"up_ms":315682}
1791635480.287 {"t":"led","node":33120,"shows":"green","app":0}
1791635480.287 {"t":"event","at_ms":306349,"node":33120,"kind":"peer_admitted","peer":29544,"slot":0,"a":0,"b":0}
1791635480.287 {"t":"event","at_ms":306513,"node":33120,"kind":"peer_admitted","peer":25344,"slot":1,"a":0,"b":0}
1791635480.287 {"t":"event","at_ms":308349,"node":33120,"kind":"peer_admitted","peer":29544,"slot":0,"a":0,"b":0}
1791635480.287 {"t":"event","at_ms":308511,"node":33120,"kind":"peer_admitted","peer":25344,"slot":1,"a":0,"b":0}
1791635480.287 {"t":"event","at_ms":310349,"node":33120,"kind":"peer_admitted","peer":29544,"slot":0,"a":0,"b":0}
1791635480.287 {"t":"event","at_ms":310511,"node":33120,"kind":"peer_admitted","peer":25344,"slot":1,"a":0,"b":0}
1791635480.287 {"t":"event","at_ms":312352,"node":33120,"kind":"peer_admitted","peer":29544,"slot":0,"a":0,"b":0}
1791635480.287 {"t":"event","at_ms":312511,"node":33120,"kind":"peer_admitted","peer":25344,"slot":1,"a":0,"b":0}
1791635480.287 {"t":"event","at_ms":314354,"node":33120,"kind":"peer_admitted","peer":29544,"slot":0,"a":0,"b":0}
1791635480.287 {"t":"event","at_ms":314511,"node":33120,"kind":"peer_admitted","peer":25344,"slot":1,"a":0,"b":0}
1791635480.287 {"t":"link","up_ms":315769,"node":33120,"peer":29544,"mac":"b8:1f:3f:da:73:68","state":"alive","epoch":171,"espnow_ver":2,"mtu":1446,"misses":0,"rssi":-9,"tx":{"frames":1107,"cb_ok":1107,"cb_fail":0,"enqueue_err":0,"pdr_ppm":1000000},"rx":{"frames":4399,"lost_seqgap":0,"reorder_dup":0,"dropped_bad":0,"hb_lost":7,"bcast_frames":3131,"pdr_ppm":1000000},"rtt":{"samples":157,"min_us":5540,"max_us":22293,"timeouts":0,"txq_last_us":2841,"txq_max_us":11213,"remote_turnaround_us":808,"remote_turnaround_max_us":1752,"p50_us":[4000,6000],"p99_us":[8000,11000],"hist":[0,0,0,0,117,33,6,0,0,1,0,0,0,0,0,0]}}
1791635480.287 {"t":"link","up_ms":315823,"node":33120,"peer":25344,"mac":"b8:1f:3f:da:63:00","state":"alive","epoch":244,"espnow_ver":2,"mtu":1446,"misses":0,"rssi":-20,"tx":{"frames":1053,"cb_ok":1051,"cb_fail":2,"enqueue_err":0,"pdr_ppm":998100},"rx":{"frames":4225,"lost_seqgap":0,"reorder_dup":0,"dropped_bad":0,"hb_lost":13,"bcast_frames":3093,"pdr_ppm":1000000},"rtt":{"samples":155,"min_us":5875,"max_us":239652,"timeouts":1,"txq_last_us":2874,"txq_max_us":30949,"remote_turnaround_us":1176,"remote_turnaround_max_us":234758,"p50_us":[6000,8000],"p99_us":[42000,60000],"hist":[0,0,0,0,18,118,9,3,4,0,1,1,0,0,0,1]}}
1791635480.287 {"t":"auth","node":33120,"up_ms":315877,"enrolled":1,"required":1,"verified_peers":2,"verified":3,"cache_hits":317,"refused":0,"rate_limited":0,"stale_epoch":0,"verify_us_max":87047,"link_stack_free_b":1524,"crypto_stack_free_b":1140,"tags_ok":2081,"bad_tag":0,"replayed":0,"untagged":0,"bcast_dropped":0,"beacon_epoch_ignored":0,"tag_us_max":1095}
1791635480.287 {"t":"act","node":33120,"setpoint":0,"has_value":0,"writes_served":0}
1791635480.287 {"t":"peers","node":33120,"own_period_ms":100,"own_busy":0,"channel":1,"scanning":0,"scans":0,"hops":0,"found":0,"lost_to_found_ms":0,"moves_followed":0,"moves_refused":0,"sweeps":0,"sweep_found":0,"sweeping":0,"search_visits":0,"relay":0,"fwd_u":0,"fwd_b":0,"fwd_h":0,"relay_dup":3246,"list":[{"id":29544,"state":"alive","via_relay":0,"period_ms":100,"misses":6,"busy":1,"rtt_n":157},{"id":25344,"state":"alive","via_relay":0,"period_ms":100,"misses":6,"busy":0,"rtt_n":155}]}
1791635480.287 {"t":"ss","node":33120,"accepted":0,"unsigned":0,"unknown_sender":0,"bad_signature":0,"replayed":0,"rate_limited":0,"verify_us_max":0,"floors":[{"src":25344,"epoch":139,"counter":1}]}
1791635480.287 {"t":"rec","node":33120,"up_ms":315972,"settled":1,"sent":1259,"received":1185,"malformed":0,"views":4,"replies_fenced":0,"actors":[{"key":1245650351,"running":0,"term":0,"owner":25344,"owner_term":9,"assigned":25344,"starts":0,"fenced":0,"released":0}]}
1791635480.287 {"t":"node","up_ms":315988,"node":33120,"epoch":290,"peers_alive":2,"peers_dead":0,"no_radio":0,"free_dram":250307,"largest_block":172032,"rx":{"total":15172,"bad_frame":0,"unknown_peer":10,"wrong_dst":0,"short_payload":0,"unknown_opcode":0,"queue_dropped":49},"tx":{"total":5465,"enqueue_err":0,"done_queue_dropped":0},"membership":{"deaths":1,"revivals":0,"reboots_seen":1,"table_full":0,"events_dropped":0}}
1791635480.612 {"t":"ns","node":33120,"hash":13581963,"owner":33120,"kind":"sampled","unit":100,"class":4,"bound_ms":5000,"quality":"GOOD","age_ms":344,"ts":315684,"updates":30,"value":2}
1791635480.612 {"t":"ns","node":33120,"hash":3142365229,"owner":33120,"kind":"sampled","unit":101,"class":4,"bound_ms":30000,"quality":"GOOD","age_ms":358,"ts":315684,"updates":30,"value":172032}
1791635480.612 {"t":"ns","node":33120,"hash":1245650351,"owner":25344,"kind":"sampled","unit":0,"class":3,"bound_ms":500,"quality":"NO_DATA","age_ms":0,"ts":0,"updates":0,"value":null}
1791635480.612 {"t":"ns","node":33120,"hash":2033492666,"owner":33120,"kind":"sampled","unit":0,"class":3,"bound_ms":0,"quality":"NO_DATA","age_ms":0,"ts":0,"updates":0,"value":null}
1791635480.612 {"t":"ns","node":33120,"hash":2347817554,"owner":33120,"kind":"sampled","unit":100,"class":4,"bound_ms":0,"quality":"GOOD","age_ms":400,"ts":315684,"updates":30,"value":290}
1791635480.612 {"t":"ns","node":33120,"hash":1170356950,"owner":33120,"kind":"sampled","unit":80,"class":4,"bound_ms":30000,"quality":"GOOD","age_ms":415,"ts":315684,"updates":30,"value":315}
1791635480.612 {"t":"ns","node":33120,"hash":3085599597,"owner":33120,"kind":"sampled","unit":0,"class":4,"bound_ms":5000,"quality":"GOOD","age_ms":439,"ts":315685,"updates":30,"value":-20}
1791635480.612 {"t":"ns","node":33120,"hash":2486014333,"owner":33120,"kind":"sampled","unit":101,"class":4,"bound_ms":30000,"quality":"GOOD","age_ms":454,"ts":315684,"updates":30,"value":250103}
1791635490.757 {"t":"clk","node":33120,"up_ms":326153}
1791635490.757 {"t":"led","node":33120,"shows":"green","app":0}
1791635490.757 {"t":"event","at_ms":316349,"node":33120,"kind":"peer_admitted","peer":29544,"slot":0,"a":0,"b":0}
1791635490.757 {"t":"event","at_ms":316513,"node":33120,"kind":"peer_admitted","peer":25344,"slot":1,"a":0,"b":0}
1791635490.757 {"t":"event","at_ms":318353,"node":33120,"kind":"peer_admitted","peer":29544,"slot":0,"a":0,"b":0}
1791635490.757 {"t":"event","at_ms":318511,"node":33120,"kind":"peer_admitted","peer":25344,"slot":1,"a":0,"b":0}
1791635490.757 {"t":"event","at_ms":320349,"node":33120,"kind":"peer_admitted","peer":29544,"slot":0,"a":0,"b":0}
1791635490.757 {"t":"event","at_ms":320512,"node":33120,"kind":"peer_admitted","peer":25344,"slot":1,"a":0,"b":0}
1791635490.757 {"t":"event","at_ms":322350,"node":33120,"kind":"peer_admitted","peer":29544,"slot":0,"a":0,"b":0}
1791635490.757 {"t":"event","at_ms":322511,"node":33120,"kind":"peer_admitted","peer":25344,"slot":1,"a":0,"b":0}
1791635490.757 {"t":"event","at_ms":324350,"node":33120,"kind":"peer_admitted","peer":29544,"slot":0,"a":0,"b":0}
1791635490.757 {"t":"event","at_ms":324511,"node":33120,"kind":"peer_admitted","peer":25344,"slot":1,"a":0,"b":0}
1791635490.757 {"t":"link","up_ms":326238,"node":33120,"peer":29544,"mac":"b8:1f:3f:da:73:68","state":"alive","epoch":171,"espnow_ver":2,"mtu":1446,"misses":0,"rssi":-9,"tx":{"frames":1143,"cb_ok":1143,"cb_fail":0,"enqueue_err":0,"pdr_ppm":1000000},"rx":{"frames":4546,"lost_seqgap":0,"reorder_dup":0,"dropped_bad":0,"hb_lost":7,"bcast_frames":3236,"pdr_ppm":1000000},"rtt":{"samples":162,"min_us":5540,"max_us":22293,"timeouts":0,"txq_last_us":2836,"txq_max_us":11213,"remote_turnaround_us":819,"remote_turnaround_max_us":1752,"p50_us":[4000,6000],"p99_us":[8000,11000],"hist":[0,0,0,0,121,34,6,0,0,1,0,0,0,0,0,0]}}
1791635490.757 {"t":"link","up_ms":326292,"node":33120,"peer":25344,"mac":"b8:1f:3f:da:63:00","state":"alive","epoch":244,"espnow_ver":2,"mtu":1446,"misses":0,"rssi":-19,"tx":{"frames":1087,"cb_ok":1085,"cb_fail":2,"enqueue_err":0,"pdr_ppm":998160},"rx":{"frames":4369,"lost_seqgap":0,"reorder_dup":0,"dropped_bad":0,"hb_lost":14,"bcast_frames":3197,"pdr_ppm":1000000},"rtt":{"samples":160,"min_us":5875,"max_us":239652,"timeouts":1,"txq_last_us":2822,"txq_max_us":30949,"remote_turnaround_us":951,"remote_turnaround_max_us":234758,"p50_us":[6000,8000],"p99_us":[42000,60000],"hist":[0,0,0,0,19,122,9,3,4,0,1,1,0,0,0,1]}}
1791635490.757 {"t":"auth","node":33120,"up_ms":326347,"enrolled":1,"required":1,"verified_peers":2,"verified":3,"cache_hits":327,"refused":0,"rate_limited":0,"stale_epoch":0,"verify_us_max":87047,"link_stack_free_b":1524,"crypto_stack_free_b":1140,"tags_ok":2154,"bad_tag":0,"replayed":0,"untagged":0,"bcast_dropped":0,"beacon_epoch_ignored":0,"tag_us_max":1095}
1791635490.757 {"t":"act","node":33120,"setpoint":0,"has_value":0,"writes_served":0}
1791635490.757 {"t":"peers","node":33120,"own_period_ms":100,"own_busy":0,"channel":1,"scanning":0,"scans":0,"hops":0,"found":0,"lost_to_found_ms":0,"moves_followed":0,"moves_refused":0,"sweeps":0,"sweep_found":0,"sweeping":0,"search_visits":0,"relay":0,"fwd_u":0,"fwd_b":0,"fwd_h":0,"relay_dup":3355,"list":[{"id":29544,"state":"alive","via_relay":0,"period_ms":100,"misses":6,"busy":1,"rtt_n":162},{"id":25344,"state":"alive","via_relay":0,"period_ms":100,"misses":6,"busy":0,"rtt_n":160}]}
1791635490.757 {"t":"ss","node":33120,"accepted":0,"unsigned":0,"unknown_sender":0,"bad_signature":0,"replayed":0,"rate_limited":0,"verify_us_max":0,"floors":[{"src":25344,"epoch":139,"counter":1}]}
1791635490.757 {"t":"rec","node":33120,"up_ms":326442,"settled":1,"sent":1301,"received":1227,"malformed":0,"views":4,"replies_fenced":0,"actors":[{"key":1245650351,"running":0,"term":0,"owner":25344,"owner_term":9,"assigned":25344,"starts":0,"fenced":0,"released":0}]}
1791635490.757 {"t":"node","up_ms":326468,"node":33120,"epoch":290,"peers_alive":2,"peers_dead":0,"no_radio":0,"free_dram":250307,"largest_block":172032,"rx":{"total":15681,"bad_frame":0,"unknown_peer":10,"wrong_dst":0,"short_payload":0,"unknown_opcode":0,"queue_dropped":49},"tx":{"total":5646,"enqueue_err":0,"done_queue_dropped":0},"membership":{"deaths":1,"revivals":0,"reboots_seen":1,"table_full":0,"events_dropped":0}}
1791635491.091 {"t":"ns","node":33120,"hash":13581963,"owner":33120,"kind":"sampled","unit":100,"class":4,"bound_ms":5000,"quality":"GOOD","age_ms":343,"ts":326155,"updates":31,"value":2}
1791635491.091 {"t":"ns","node":33120,"hash":3142365229,"owner":33120,"kind":"sampled","unit":101,"class":4,"bound_ms":30000,"quality":"GOOD","age_ms":358,"ts":326154,"updates":31,"value":172032}
1791635491.091 {"t":"ns","node":33120,"hash":1245650351,"owner":25344,"kind":"sampled","unit":0,"class":3,"bound_ms":500,"quality":"NO_DATA","age_ms":0,"ts":0,"updates":0,"value":null}
1791635491.091 {"t":"ns","node":33120,"hash":2033492666,"owner":33120,"kind":"sampled","unit":0,"class":3,"bound_ms":0,"quality":"NO_DATA","age_ms":0,"ts":0,"updates":0,"value":null}
1791635491.091 {"t":"ns","node":33120,"hash":2347817554,"owner":33120,"kind":"sampled","unit":100,"class":4,"bound_ms":0,"quality":"GOOD","age_ms":400,"ts":326154,"updates":31,"value":290}
1791635491.091 {"t":"ns","node":33120,"hash":1170356950,"owner":33120,"kind":"sampled","unit":80,"class":4,"bound_ms":30000,"quality":"GOOD","age_ms":425,"ts":326154,"updates":31,"value":326}
1791635491.091 {"t":"ns","node":33120,"hash":3085599597,"owner":33120,"kind":"sampled","unit":0,"class":4,"bound_ms":5000,"quality":"GOOD","age_ms":438,"ts":326155,"updates":31,"value":-20}
1791635491.091 {"t":"ns","node":33120,"hash":2486014333,"owner":33120,"kind":"sampled","unit":101,"class":4,"bound_ms":30000,"quality":"GOOD","age_ms":454,"ts":326154,"updates":31,"value":250307}
1791635501.231 {"t":"clk","node":33120,"up_ms":336623}
1791635501.231 {"t":"led","node":33120,"shows":"green","app":0}
1791635501.231 {"t":"event","at_ms":326350,"node":33120,"kind":"peer_admitted","peer":29544,"slot":0,"a":0,"b":0}
1791635501.231 {"t":"event","at_ms":326511,"node":33120,"kind":"peer_admitted","peer":25344,"slot":1,"a":0,"b":0}
1791635501.231 {"t":"event","at_ms":328349,"node":33120,"kind":"peer_admitted","peer":29544,"slot":0,"a":0,"b":0}
1791635501.231 {"t":"event","at_ms":328511,"node":33120,"kind":"peer_admitted","peer":25344,"slot":1,"a":0,"b":0}
1791635501.231 {"t":"event","at_ms":330349,"node":33120,"kind":"peer_admitted","peer":29544,"slot":0,"a":0,"b":0}
1791635501.231 {"t":"event","at_ms":330511,"node":33120,"kind":"peer_admitted","peer":25344,"slot":1,"a":0,"b":0}
1791635501.231 {"t":"event","at_ms":332349,"node":33120,"kind":"peer_admitted","peer":29544,"slot":0,"a":0,"b":0}
1791635501.231 {"t":"event","at_ms":332511,"node":33120,"kind":"peer_admitted","peer":25344,"slot":1,"a":0,"b":0}
1791635501.231 {"t":"event","at_ms":334349,"node":33120,"kind":"peer_admitted","peer":29544,"slot":0,"a":0,"b":0}
1791635501.231 {"t":"event","at_ms":334512,"node":33120,"kind":"peer_admitted","peer":25344,"slot":1,"a":0,"b":0}
1791635501.231 {"t":"event","at_ms":336349,"node":33120,"kind":"peer_admitted","peer":29544,"slot":0,"a":0,"b":0}
1791635501.231 {"t":"event","at_ms":336511,"node":33120,"kind":"peer_admitted","peer":25344,"slot":1,"a":0,"b":0}
1791635501.231 {"t":"link","up_ms":336733,"node":33120,"peer":29544,"mac":"b8:1f:3f:da:73:68","state":"alive","epoch":171,"espnow_ver":2,"mtu":1446,"misses":0,"rssi":-9,"tx":{"frames":1181,"cb_ok":1181,"cb_fail":0,"enqueue_err":0,"pdr_ppm":1000000},"rx":{"frames":4694,"lost_seqgap":0,"reorder_dup":0,"dropped_bad":0,"hb_lost":7,"bcast_frames":3341,"pdr_ppm":1000000},"rtt":{"samples":167,"min_us":5443,"max_us":22293,"timeouts":0,"txq_last_us":2813,"txq_max_us":11213,"remote_turnaround_us":935,"remote_turnaround_max_us":1752,"p50_us":[4000,6000],"p99_us":[8000,11000],"hist":[0,0,0,0,124,34,8,0,0,1,0,0,0,0,0,0]}}
1791635501.231 {"t":"link","up_ms":336787,"node":33120,"peer":25344,"mac":"b8:1f:3f:da:63:00","state":"alive","epoch":244,"espnow_ver":2,"mtu":1446,"misses":0,"rssi":-20,"tx":{"frames":1123,"cb_ok":1121,"cb_fail":2,"enqueue_err":0,"pdr_ppm":998219},"rx":{"frames":4515,"lost_seqgap":0,"reorder_dup":0,"dropped_bad":0,"hb_lost":14,"bcast_frames":3302,"pdr_ppm":1000000},"rtt":{"samples":165,"min_us":5875,"max_us":239652,"timeouts":1,"txq_last_us":2814,"txq_max_us":30949,"remote_turnaround_us":948,"remote_turnaround_max_us":234758,"p50_us":[6000,8000],"p99_us":[42000,60000],"hist":[0,0,0,0,19,127,9,3,4,0,1,1,0,0,0,1]}}
1791635501.231 {"t":"auth","node":33120,"up_ms":336831,"enrolled":1,"required":1,"verified_peers":2,"verified":3,"cache_hits":339,"refused":0,"rate_limited":0,"stale_epoch":0,"verify_us_max":87047,"link_stack_free_b":1524,"crypto_stack_free_b":1140,"tags_ok":2225,"bad_tag":0,"replayed":0,"untagged":0,"bcast_dropped":0,"beacon_epoch_ignored":0,"tag_us_max":1095}
1791635501.231 {"t":"act","node":33120,"setpoint":0,"has_value":0,"writes_served":0}
1791635501.231 {"t":"peers","node":33120,"own_period_ms":100,"own_busy":0,"channel":1,"scanning":0,"scans":0,"hops":0,"found":0,"lost_to_found_ms":0,"moves_followed":0,"moves_refused":0,"sweeps":0,"sweep_found":0,"sweeping":0,"search_visits":0,"relay":0,"fwd_u":0,"fwd_b":0,"fwd_h":0,"relay_dup":3466,"list":[{"id":29544,"state":"alive","via_relay":0,"period_ms":100,"misses":6,"busy":1,"rtt_n":168},{"id":25344,"state":"alive","via_relay":0,"period_ms":100,"misses":6,"busy":0,"rtt_n":165}]}
1791635501.231 {"t":"ss","node":33120,"accepted":0,"unsigned":0,"unknown_sender":0,"bad_signature":0,"replayed":0,"rate_limited":0,"verify_us_max":0,"floors":[{"src":25344,"epoch":139,"counter":1}]}
1791635501.231 {"t":"rec","node":33120,"up_ms":336926,"settled":1,"sent":1343,"received":1269,"malformed":0,"views":4,"replies_fenced":0,"actors":[{"key":1245650351,"running":0,"term":0,"owner":25344,"owner_term":9,"assigned":25344,"starts":0,"fenced":0,"released":0}]}
1791635501.576 {"t":"node","up_ms":336952,"node":33120,"epoch":290,"peers_alive":2,"peers_dead":0,"no_radio":0,"free_dram":250307,"largest_block":172032,"rx":{"total":16194,"bad_frame":0,"unknown_peer":10,"wrong_dst":0,"short_payload":0,"unknown_opcode":0,"queue_dropped":49},"tx":{"total":5829,"enqueue_err":0,"done_queue_dropped":0},"membership":{"deaths":1,"revivals":0,"reboots_seen":1,"table_full":0,"events_dropped":0}}
1791635501.576 {"t":"ns","node":33120,"hash":13581963,"owner":33120,"kind":"sampled","unit":100,"class":4,"bound_ms":5000,"quality":"GOOD","age_ms":367,"ts":336625,"updates":32,"value":2}
1791635501.576 {"t":"ns","node":33120,"hash":3142365229,"owner":33120,"kind":"sampled","unit":101,"class":4,"bound_ms":30000,"quality":"GOOD","age_ms":383,"ts":336624,"updates":32,"value":172032}
1791635501.576 {"t":"ns","node":33120,"hash":1245650351,"owner":25344,"kind":"sampled","unit":0,"class":3,"bound_ms":500,"quality":"NO_DATA","age_ms":0,"ts":0,"updates":0,"value":null}
1791635501.576 {"t":"ns","node":33120,"hash":2033492666,"owner":33120,"kind":"sampled","unit":0,"class":3,"bound_ms":0,"quality":"NO_DATA","age_ms":0,"ts":0,"updates":0,"value":null}
1791635501.576 {"t":"ns","node":33120,"hash":2347817554,"owner":33120,"kind":"sampled","unit":100,"class":4,"bound_ms":0,"quality":"GOOD","age_ms":424,"ts":336624,"updates":32,"value":290}
1791635501.576 {"t":"ns","node":33120,"hash":1170356950,"owner":33120,"kind":"sampled","unit":80,"class":4,"bound_ms":30000,"quality":"GOOD","age_ms":438,"ts":336624,"updates":32,"value":336}
1791635501.576 {"t":"ns","node":33120,"hash":3085599597,"owner":33120,"kind":"sampled","unit":0,"class":4,"bound_ms":5000,"quality":"GOOD","age_ms":451,"ts":336625,"updates":32,"value":-19}
1791635501.576 {"t":"ns","node":33120,"hash":2486014333,"owner":33120,"kind":"sampled","unit":101,"class":4,"bound_ms":30000,"quality":"GOOD","age_ms":466,"ts":336624,"updates":32,"value":250307}
1791635511.709 {"t":"clk","node":33120,"up_ms":347105}
1791635511.709 {"t":"led","node":33120,"shows":"green","app":0}
1791635511.709 {"t":"event","at_ms":338349,"node":33120,"kind":"peer_admitted","peer":29544,"slot":0,"a":0,"b":0}
1791635511.709 {"t":"event","at_ms":338511,"node":33120,"kind":"peer_admitted","peer":25344,"slot":1,"a":0,"b":0}
1791635511.709 {"t":"event","at_ms":340349,"node":33120,"kind":"peer_admitted","peer":29544,"slot":0,"a":0,"b":0}
1791635511.709 {"t":"event","at_ms":340512,"node":33120,"kind":"peer_admitted","peer":25344,"slot":1,"a":0,"b":0}
1791635511.709 {"t":"event","at_ms":342349,"node":33120,"kind":"peer_admitted","peer":29544,"slot":0,"a":0,"b":0}
1791635511.709 {"t":"event","at_ms":342512,"node":33120,"kind":"peer_admitted","peer":25344,"slot":1,"a":0,"b":0}
1791635511.709 {"t":"event","at_ms":344349,"node":33120,"kind":"peer_admitted","peer":29544,"slot":0,"a":0,"b":0}
1791635511.709 {"t":"event","at_ms":344512,"node":33120,"kind":"peer_admitted","peer":25344,"slot":1,"a":0,"b":0}
1791635511.709 {"t":"event","at_ms":346350,"node":33120,"kind":"peer_admitted","peer":29544,"slot":0,"a":0,"b":0}
1791635511.709 {"t":"event","at_ms":346512,"node":33120,"kind":"peer_admitted","peer":25344,"slot":1,"a":0,"b":0}
1791635511.709 {"t":"link","up_ms":347190,"node":33120,"peer":29544,"mac":"b8:1f:3f:da:73:68","state":"alive","epoch":171,"espnow_ver":2,"mtu":1446,"misses":0,"rssi":-10,"tx":{"frames":1218,"cb_ok":1218,"cb_fail":0,"enqueue_err":0,"pdr_ppm":1000000},"rx":{"frames":4840,"lost_seqgap":0,"reorder_dup":0,"dropped_bad":0,"hb_lost":7,"bcast_frames":3445,"pdr_ppm":1000000},"rtt":{"samples":173,"min_us":5443,"max_us":22293,"timeouts":0,"txq_last_us":2778,"txq_max_us":11213,"remote_turnaround_us":810,"remote_turnaround_max_us":1752,"p50_us":[4000,6000],"p99_us":[8000,11000],"hist":[0,0,0,0,129,35,8,0,0,1,0,0,0,0,0,0]}}
1791635511.709 {"t":"link","up_ms":347244,"node":33120,"peer":25344,"mac":"b8:1f:3f:da:63:00","state":"alive","epoch":244,"espnow_ver":2,"mtu":1446,"misses":0,"rssi":-20,"tx":{"frames":1157,"cb_ok":1155,"cb_fail":2,"enqueue_err":0,"pdr_ppm":998271},"rx":{"frames":4657,"lost_seqgap":0,"reorder_dup":0,"dropped_bad":0,"hb_lost":14,"bcast_frames":3406,"pdr_ppm":1000000},"rtt":{"samples":170,"min_us":5875,"max_us":239652,"timeouts":1,"txq_last_us":2721,"txq_max_us":30949,"remote_turnaround_us":931,"remote_turnaround_max_us":234758,"p50_us":[6000,8000],"p99_us":[42000,60000],"hist":[0,0,0,0,22,128,10,3,4,0,1,1,0,0,0,1]}}
1791635511.709 {"t":"auth","node":33120,"up_ms":347298,"enrolled":1,"required":1,"verified_peers":2,"verified":3,"cache_hits":349,"refused":0,"rate_limited":0,"stale_epoch":0,"verify_us_max":87047,"link_stack_free_b":1524,"crypto_stack_free_b":1140,"tags_ok":2295,"bad_tag":0,"replayed":0,"untagged":0,"bcast_dropped":0,"beacon_epoch_ignored":0,"tag_us_max":1095}
1791635511.709 {"t":"act","node":33120,"setpoint":0,"has_value":0,"writes_served":0}
1791635511.709 {"t":"peers","node":33120,"own_period_ms":100,"own_busy":0,"channel":1,"scanning":0,"scans":0,"hops":0,"found":0,"lost_to_found_ms":0,"moves_followed":0,"moves_refused":0,"sweeps":0,"sweep_found":0,"sweeping":0,"search_visits":0,"relay":0,"fwd_u":0,"fwd_b":0,"fwd_h":0,"relay_dup":3575,"list":[{"id":29544,"state":"alive","via_relay":0,"period_ms":100,"misses":6,"busy":1,"rtt_n":173},{"id":25344,"state":"alive","via_relay":0,"period_ms":100,"misses":6,"busy":0,"rtt_n":170}]}
1791635511.709 {"t":"ss","node":33120,"accepted":0,"unsigned":0,"unknown_sender":0,"bad_signature":0,"replayed":0,"rate_limited":0,"verify_us_max":0,"floors":[{"src":25344,"epoch":139,"counter":1}]}
1791635511.709 {"t":"rec","node":33120,"up_ms":347394,"settled":1,"sent":1385,"received":1311,"malformed":0,"views":4,"replies_fenced":0,"actors":[{"key":1245650351,"running":0,"term":0,"owner":25344,"owner_term":9,"assigned":25344,"starts":0,"fenced":0,"released":0}]}
1791635511.709 {"t":"node","up_ms":347420,"node":33120,"epoch":290,"peers_alive":2,"peers_dead":0,"no_radio":0,"free_dram":250307,"largest_block":172032,"rx":{"total":16702,"bad_frame":0,"unknown_peer":10,"wrong_dst":0,"short_payload":0,"unknown_opcode":0,"queue_dropped":49},"tx":{"total":6009,"enqueue_err":0,"done_queue_dropped":0},"membership":{"deaths":1,"revivals":0,"reboots_seen":1,"table_full":0,"events_dropped":0}}
1791635512.032 {"t":"ns","node":33120,"hash":13581963,"owner":33120,"kind":"sampled","unit":100,"class":4,"bound_ms":5000,"quality":"GOOD","age_ms":342,"ts":347107,"updates":33,"value":2}
1791635512.032 {"t":"ns","node":33120,"hash":3142365229,"owner":33120,"kind":"sampled","unit":101,"class":4,"bound_ms":30000,"quality":"GOOD","age_ms":357,"ts":347106,"updates":33,"value":172032}
1791635512.032 {"t":"ns","node":33120,"hash":1245650351,"owner":25344,"kind":"sampled","unit":0,"class":3,"bound_ms":500,"quality":"NO_DATA","age_ms":0,"ts":0,"updates":0,"value":null}
1791635512.032 {"t":"ns","node":33120,"hash":2033492666,"owner":33120,"kind":"sampled","unit":0,"class":3,"bound_ms":0,"quality":"NO_DATA","age_ms":0,"ts":0,"updates":0,"value":null}
1791635512.032 {"t":"ns","node":33120,"hash":2347817554,"owner":33120,"kind":"sampled","unit":100,"class":4,"bound_ms":0,"quality":"GOOD","age_ms":409,"ts":347107,"updates":33,"value":290}
1791635512.032 {"t":"ns","node":33120,"hash":1170356950,"owner":33120,"kind":"sampled","unit":80,"class":4,"bound_ms":30000,"quality":"GOOD","age_ms":424,"ts":347106,"updates":33,"value":347}
1791635512.032 {"t":"ns","node":33120,"hash":3085599597,"owner":33120,"kind":"sampled","unit":0,"class":4,"bound_ms":5000,"quality":"GOOD","age_ms":437,"ts":347107,"updates":33,"value":-20}
1791635512.032 {"t":"ns","node":33120,"hash":2486014333,"owner":33120,"kind":"sampled","unit":101,"class":4,"bound_ms":30000,"quality":"GOOD","age_ms":452,"ts":347106,"updates":33,"value":250307}
1791635522.176 {"t":"clk","node":33120,"up_ms":357573}
1791635522.176 {"t":"led","node":33120,"shows":"green","app":0}
1791635522.176 {"t":"event","at_ms":348350,"node":33120,"kind":"peer_admitted","peer":29544,"slot":0,"a":0,"b":0}
1791635522.176 {"t":"event","at_ms":348514,"node":33120,"kind":"peer_admitted","peer":25344,"slot":1,"a":0,"b":0}
1791635522.176 {"t":"event","at_ms":350350,"node":33120,"kind":"peer_admitted","peer":29544,"slot":0,"a":0,"b":0}
1791635522.176 {"t":"event","at_ms":350512,"node":33120,"kind":"peer_admitted","peer":25344,"slot":1,"a":0,"b":0}
1791635522.176 {"t":"event","at_ms":352349,"node":33120,"kind":"peer_admitted","peer":29544,"slot":0,"a":0,"b":0}
1791635522.176 {"t":"event","at_ms":352512,"node":33120,"kind":"peer_admitted","peer":25344,"slot":1,"a":0,"b":0}
1791635522.176 {"t":"event","at_ms":354352,"node":33120,"kind":"peer_admitted","peer":29544,"slot":0,"a":0,"b":0}
1791635522.176 {"t":"event","at_ms":354512,"node":33120,"kind":"peer_admitted","peer":25344,"slot":1,"a":0,"b":0}
1791635522.176 {"t":"event","at_ms":356350,"node":33120,"kind":"peer_admitted","peer":29544,"slot":0,"a":0,"b":0}
1791635522.176 {"t":"event","at_ms":356512,"node":33120,"kind":"peer_admitted","peer":25344,"slot":1,"a":0,"b":0}
1791635522.176 {"t":"link","up_ms":357658,"node":33120,"peer":29544,"mac":"b8:1f:3f:da:73:68","state":"alive","epoch":171,"espnow_ver":2,"mtu":1446,"misses":0,"rssi":-9,"tx":{"frames":1254,"cb_ok":1254,"cb_fail":0,"enqueue_err":0,"pdr_ppm":1000000},"rx":{"frames":4986,"lost_seqgap":0,"reorder_dup":0,"dropped_bad":0,"hb_lost":7,"bcast_frames":3550,"pdr_ppm":1000000},"rtt":{"samples":178,"min_us":5443,"max_us":22293,"timeouts":0,"txq_last_us":2751,"txq_max_us":11213,"remote_turnaround_us":826,"remote_turnaround_max_us":1752,"p50_us":[4000,6000],"p99_us":[8000,11000],"hist":[0,0,0,0,133,36,8,0,0,1,0,0,0,0,0,0]}}
1791635522.176 {"t":"link","up_ms":357712,"node":33120,"peer":25344,"mac":"b8:1f:3f:da:63:00","state":"alive","epoch":244,"espnow_ver":2,"mtu":1446,"misses":0,"rssi":-20,"tx":{"frames":1192,"cb_ok":1190,"cb_fail":2,"enqueue_err":0,"pdr_ppm":998322},"rx":{"frames":4802,"lost_seqgap":0,"reorder_dup":0,"dropped_bad":0,"hb_lost":14,"bcast_frames":3511,"pdr_ppm":1000000},"rtt":{"samples":175,"min_us":5875,"max_us":239652,"timeouts":1,"txq_last_us":2776,"txq_max_us":30949,"remote_turnaround_us":932,"remote_turnaround_max_us":234758,"p50_us":[6000,8000],"p99_us":[42000,60000],"hist":[0,0,0,0,25,129,11,3,4,0,1,1,0,0,0,1]}}
1791635522.176 {"t":"auth","node":33120,"up_ms":357766,"enrolled":1,"required":1,"verified_peers":2,"verified":3,"cache_hits":359,"refused":0,"rate_limited":0,"stale_epoch":0,"verify_us_max":87047,"link_stack_free_b":1524,"crypto_stack_free_b":1140,"tags_ok":2366,"bad_tag":0,"replayed":0,"untagged":0,"bcast_dropped":0,"beacon_epoch_ignored":0,"tag_us_max":1095}
1791635522.176 {"t":"act","node":33120,"setpoint":0,"has_value":0,"writes_served":0}
1791635522.176 {"t":"peers","node":33120,"own_period_ms":100,"own_busy":0,"channel":1,"scanning":0,"scans":0,"hops":0,"found":0,"lost_to_found_ms":0,"moves_followed":0,"moves_refused":0,"sweeps":0,"sweep_found":0,"sweeping":0,"search_visits":0,"relay":0,"fwd_u":0,"fwd_b":0,"fwd_h":0,"relay_dup":3685,"list":[{"id":29544,"state":"alive","via_relay":0,"period_ms":100,"misses":6,"busy":1,"rtt_n":178},{"id":25344,"state":"alive","via_relay":0,"period_ms":100,"misses":6,"busy":0,"rtt_n":176}]}
1791635522.176 {"t":"ss","node":33120,"accepted":0,"unsigned":0,"unknown_sender":0,"bad_signature":0,"replayed":0,"rate_limited":0,"verify_us_max":0,"floors":[{"src":25344,"epoch":139,"counter":1}]}
1791635522.176 {"t":"rec","node":33120,"up_ms":357862,"settled":1,"sent":1427,"received":1353,"malformed":0,"views":4,"replies_fenced":0,"actors":[{"key":1245650351,"running":0,"term":0,"owner":25344,"owner_term":9,"assigned":25344,"starts":0,"fenced":0,"released":0}]}
1791635522.176 {"t":"node","up_ms":357888,"node":33120,"epoch":290,"peers_alive":2,"peers_dead":0,"no_radio":0,"free_dram":250307,"largest_block":172032,"rx":{"total":17211,"bad_frame":0,"unknown_peer":10,"wrong_dst":0,"short_payload":0,"unknown_opcode":0,"queue_dropped":49},"tx":{"total":6191,"enqueue_err":0,"done_queue_dropped":0},"membership":{"deaths":1,"revivals":0,"reboots_seen":1,"table_full":0,"events_dropped":0}}
1791635522.507 {"t":"ns","node":33120,"hash":13581963,"owner":33120,"kind":"sampled","unit":100,"class":4,"bound_ms":5000,"quality":"GOOD","age_ms":343,"ts":357575,"updates":34,"value":2}
1791635522.507 {"t":"ns","node":33120,"hash":3142365229,"owner":33120,"kind":"sampled","unit":101,"class":4,"bound_ms":30000,"quality":"GOOD","age_ms":358,"ts":357574,"updates":34,"value":172032}
1791635522.507 {"t":"ns","node":33120,"hash":1245650351,"owner":25344,"kind":"sampled","unit":0,"class":3,"bound_ms":500,"quality":"NO_DATA","age_ms":0,"ts":0,"updates":0,"value":null}
1791635522.507 {"t":"ns","node":33120,"hash":2033492666,"owner":33120,"kind":"sampled","unit":0,"class":3,"bound_ms":0,"quality":"NO_DATA","age_ms":0,"ts":0,"updates":0,"value":null}
1791635522.507 {"t":"ns","node":33120,"hash":2347817554,"owner":33120,"kind":"sampled","unit":100,"class":4,"bound_ms":0,"quality":"GOOD","age_ms":411,"ts":357574,"updates":34,"value":290}
1791635522.507 {"t":"ns","node":33120,"hash":1170356950,"owner":33120,"kind":"sampled","unit":80,"class":4,"bound_ms":30000,"quality":"GOOD","age_ms":425,"ts":357574,"updates":34,"value":357}
1791635522.507 {"t":"ns","node":33120,"hash":3085599597,"owner":33120,"kind":"sampled","unit":0,"class":4,"bound_ms":5000,"quality":"GOOD","age_ms":438,"ts":357575,"updates":34,"value":-20}
1791635522.507 {"t":"ns","node":33120,"hash":2486014333,"owner":33120,"kind":"sampled","unit":101,"class":4,"bound_ms":30000,"quality":"GOOD","age_ms":453,"ts":357574,"updates":34,"value":250307}
1791635532.651 {"t":"clk","node":33120,"up_ms":368042}
1791635532.651 {"t":"led","node":33120,"shows":"green","app":0}
1791635532.651 {"t":"event","at_ms":358350,"node":33120,"kind":"peer_admitted","peer":29544,"slot":0,"a":0,"b":0}
1791635532.651 {"t":"event","at_ms":358512,"node":33120,"kind":"peer_admitted","peer":25344,"slot":1,"a":0,"b":0}
1791635532.651 {"t":"event","at_ms":360350,"node":33120,"kind":"peer_admitted","peer":29544,"slot":0,"a":0,"b":0}
1791635532.651 {"t":"event","at_ms":360512,"node":33120,"kind":"peer_admitted","peer":25344,"slot":1,"a":0,"b":0}
1791635532.651 {"t":"event","at_ms":362349,"node":33120,"kind":"peer_admitted","peer":29544,"slot":0,"a":0,"b":0}
1791635532.651 {"t":"event","at_ms":362512,"node":33120,"kind":"peer_admitted","peer":25344,"slot":1,"a":0,"b":0}
1791635532.651 {"t":"event","at_ms":364349,"node":33120,"kind":"peer_admitted","peer":29544,"slot":0,"a":0,"b":0}
1791635532.651 {"t":"event","at_ms":364512,"node":33120,"kind":"peer_admitted","peer":25344,"slot":1,"a":0,"b":0}
1791635532.651 {"t":"event","at_ms":366350,"node":33120,"kind":"peer_admitted","peer":29544,"slot":0,"a":0,"b":0}
1791635532.651 {"t":"event","at_ms":366512,"node":33120,"kind":"peer_admitted","peer":25344,"slot":1,"a":0,"b":0}
1791635532.651 {"t":"link","up_ms":368129,"node":33120,"peer":29544,"mac":"b8:1f:3f:da:73:68","state":"alive","epoch":171,"espnow_ver":2,"mtu":1446,"misses":0,"rssi":-9,"tx":{"frames":1290,"cb_ok":1290,"cb_fail":0,"enqueue_err":0,"pdr_ppm":1000000},"rx":{"frames":5133,"lost_seqgap":0,"reorder_dup":0,"dropped_bad":0,"hb_lost":7,"bcast_frames":3655,"pdr_ppm":1000000},"rtt":{"samples":183,"min_us":5443,"max_us":22293,"timeouts":0,"txq_last_us":2737,"txq_max_us":11213,"remote_turnaround_us":823,"remote_turnaround_max_us":1752,"p50_us":[4000,6000],"p99_us":[8000,11000],"hist":[0,0,0,0,137,37,8,0,0,1,0,0,0,0,0,0]}}
1791635532.651 {"t":"link","up_ms":368183,"node":33120,"peer":25344,"mac":"b8:1f:3f:da:63:00","state":"alive","epoch":244,"espnow_ver":2,"mtu":1446,"misses":0,"rssi":-20,"tx":{"frames":1227,"cb_ok":1225,"cb_fail":2,"enqueue_err":0,"pdr_ppm":998370},"rx":{"frames":4948,"lost_seqgap":0,"reorder_dup":0,"dropped_bad":0,"hb_lost":14,"bcast_frames":3616,"pdr_ppm":1000000},"rtt":{"samples":181,"min_us":5875,"max_us":239652,"timeouts":1,"txq_last_us":2737,"txq_max_us":30949,"remote_turnaround_us":941,"remote_turnaround_max_us":234758,"p50_us":[6000,8000],"p99_us":[42000,60000],"hist":[0,0,0,0,30,130,11,3,4,0,1,1,0,0,0,1]}}
1791635532.651 {"t":"auth","node":33120,"up_ms":368238,"enrolled":1,"required":1,"verified_peers":2,"verified":3,"cache_hits":369,"refused":0,"rate_limited":0,"stale_epoch":0,"verify_us_max":87047,"link_stack_free_b":1524,"crypto_stack_free_b":1140,"tags_ok":2438,"bad_tag":0,"replayed":0,"untagged":0,"bcast_dropped":0,"beacon_epoch_ignored":0,"tag_us_max":1095}
1791635532.651 {"t":"act","node":33120,"setpoint":0,"has_value":0,"writes_served":0}
1791635532.651 {"t":"peers","node":33120,"own_period_ms":100,"own_busy":0,"channel":1,"scanning":0,"scans":0,"hops":0,"found":0,"lost_to_found_ms":0,"moves_followed":0,"moves_refused":0,"sweeps":0,"sweep_found":0,"sweeping":0,"search_visits":0,"relay":0,"fwd_u":0,"fwd_b":0,"fwd_h":0,"relay_dup":3795,"list":[{"id":29544,"state":"alive","via_relay":0,"period_ms":100,"misses":6,"busy":1,"rtt_n":183},{"id":25344,"state":"alive","via_relay":0,"period_ms":100,"misses":6,"busy":0,"rtt_n":181}]}
1791635532.651 {"t":"ss","node":33120,"accepted":0,"unsigned":0,"unknown_sender":0,"bad_signature":0,"replayed":0,"rate_limited":0,"verify_us_max":0,"floors":[{"src":25344,"epoch":139,"counter":1}]}
1791635532.651 {"t":"rec","node":33120,"up_ms":368333,"settled":1,"sent":1468,"received":1395,"malformed":0,"views":4,"replies_fenced":0,"actors":[{"key":1245650351,"running":0,"term":0,"owner":25344,"owner_term":9,"assigned":25344,"starts":0,"fenced":0,"released":0}]}
1791635532.651 {"t":"node","up_ms":368350,"node":33120,"epoch":290,"peers_alive":2,"peers_dead":0,"no_radio":0,"free_dram":250087,"largest_block":172032,"rx":{"total":17725,"bad_frame":0,"unknown_peer":10,"wrong_dst":0,"short_payload":0,"unknown_opcode":0,"queue_dropped":49},"tx":{"total":6372,"enqueue_err":0,"done_queue_dropped":0},"membership":{"deaths":1,"revivals":0,"reboots_seen":1,"table_full":0,"events_dropped":0}}
1791635532.979 {"t":"ns","node":33120,"hash":13581963,"owner":33120,"kind":"sampled","unit":100,"class":4,"bound_ms":5000,"quality":"GOOD","age_ms":346,"ts":368044,"updates":35,"value":2}
1791635532.979 {"t":"ns","node":33120,"hash":3142365229,"owner":33120,"kind":"sampled","unit":101,"class":4,"bound_ms":30000,"quality":"GOOD","age_ms":362,"ts":368043,"updates":35,"value":172032}
1791635532.979 {"t":"ns","node":33120,"hash":1245650351,"owner":25344,"kind":"sampled","unit":0,"class":3,"bound_ms":500,"quality":"NO_DATA","age_ms":0,"ts":0,"updates":0,"value":null}
1791635532.979 {"t":"ns","node":33120,"hash":2033492666,"owner":33120,"kind":"sampled","unit":0,"class":3,"bound_ms":0,"quality":"NO_DATA","age_ms":0,"ts":0,"updates":0,"value":null}
1791635532.979 {"t":"ns","node":33120,"hash":2347817554,"owner":33120,"kind":"sampled","unit":100,"class":4,"bound_ms":0,"quality":"GOOD","age_ms":404,"ts":368043,"updates":35,"value":290}
1791635532.979 {"t":"ns","node":33120,"hash":1170356950,"owner":33120,"kind":"sampled","unit":80,"class":4,"bound_ms":30000,"quality":"GOOD","age_ms":418,"ts":368043,"updates":35,"value":368}
1791635532.979 {"t":"ns","node":33120,"hash":3085599597,"owner":33120,"kind":"sampled","unit":0,"class":4,"bound_ms":5000,"quality":"GOOD","age_ms":431,"ts":368044,"updates":35,"value":-19}
1791635532.979 {"t":"ns","node":33120,"hash":2486014333,"owner":33120,"kind":"sampled","unit":101,"class":4,"bound_ms":30000,"quality":"GOOD","age_ms":457,"ts":368043,"updates":35,"value":250307}
1791635543.118 {"t":"clk","node":33120,"up_ms":378515}
1791635543.118 {"t":"led","node":33120,"shows":"green","app":0}
1791635543.118 {"t":"event","at_ms":368350,"node":33120,"kind":"peer_admitted","peer":29544,"slot":0,"a":0,"b":0}
1791635543.118 {"t":"event","at_ms":368512,"node":33120,"kind":"peer_admitted","peer":25344,"slot":1,"a":0,"b":0}
1791635543.118 {"t":"event","at_ms":370349,"node":33120,"kind":"peer_admitted","peer":29544,"slot":0,"a":0,"b":0}
1791635543.118 {"t":"event","at_ms":370513,"node":33120,"kind":"peer_admitted","peer":25344,"slot":1,"a":0,"b":0}
1791635543.118 {"t":"event","at_ms":372349,"node":33120,"kind":"peer_admitted","peer":29544,"slot":0,"a":0,"b":0}
1791635543.118 {"t":"event","at_ms":372512,"node":33120,"kind":"peer_admitted","peer":25344,"slot":1,"a":0,"b":0}
1791635543.118 {"t":"event","at_ms":374350,"node":33120,"kind":"peer_admitted","peer":29544,"slot":0,"a":0,"b":0}
1791635543.118 {"t":"event","at_ms":374512,"node":33120,"kind":"peer_admitted","peer":25344,"slot":1,"a":0,"b":0}
1791635543.118 {"t":"event","at_ms":376351,"node":33120,"kind":"peer_admitted","peer":29544,"slot":0,"a":0,"b":0}
1791635543.118 {"t":"event","at_ms":376512,"node":33120,"kind":"peer_admitted","peer":25344,"slot":1,"a":0,"b":0}
1791635543.118 {"t":"event","at_ms":378349,"node":33120,"kind":"peer_admitted","peer":29544,"slot":0,"a":0,"b":0}
1791635543.118 {"t":"event","at_ms":378512,"node":33120,"kind":"peer_admitted","peer":25344,"slot":1,"a":0,"b":0}
1791635543.118 {"t":"link","up_ms":378626,"node":33120,"peer":29544,"mac":"b8:1f:3f:da:73:68","state":"alive","epoch":171,"espnow_ver":2,"mtu":1446,"misses":0,"rssi":-10,"tx":{"frames":1328,"cb_ok":1328,"cb_fail":0,"enqueue_err":0,"pdr_ppm":1000000},"rx":{"frames":5281,"lost_seqgap":0,"reorder_dup":0,"dropped_bad":0,"hb_lost":7,"bcast_frames":3760,"pdr_ppm":1000000},"rtt":{"samples":188,"min_us":5443,"max_us":30976,"timeouts":0,"txq_last_us":2755,"txq_max_us":28023,"remote_turnaround_us":896,"remote_turnaround_max_us":1752,"p50_us":[4000,6000],"p99_us":[22000,30000],"hist":[0,0,0,0,140,38,8,0,0,1,1,0,0,0,0,0]}}
1791635543.118 {"t":"link","up_ms":378668,"node":33120,"peer":25344,"mac":"b8:1f:3f:da:63:00","state":"alive","epoch":244,"espnow_ver":2,"mtu":1446,"misses":0,"rssi":-20,"tx":{"frames":1263,"cb_ok":1261,"cb_fail":2,"enqueue_err":0,"pdr_ppm":998416},"rx":{"frames":5094,"lost_seqgap":0,"reorder_dup":0,"dropped_bad":0,"hb_lost":14,"bcast_frames":3721,"pdr_ppm":1000000},"rtt":{"samples":186,"min_us":5849,"max_us":239652,"timeouts":1,"txq_last_us":2757,"txq_max_us":30949,"remote_turnaround_us":927,"remote_turnaround_max_us":234758,"p50_us":[6000,8000],"p99_us":[42000,60000],"hist":[0,0,0,0,34,131,11,3,4,0,1,1,0,0,0,1]}}
1791635543.118 {"t":"auth","node":33120,"up_ms":378723,"enrolled":1,"required":1,"verified_peers":2,"verified":3,"cache_hits":381,"refused":0,"rate_limited":0,"stale_epoch":0,"verify_us_max":87047,"link_stack_free_b":1524,"crypto_stack_free_b":1140,"tags_ok":2510,"bad_tag":0,"replayed":0,"untagged":0,"bcast_dropped":0,"beacon_epoch_ignored":0,"tag_us_max":1095}
1791635543.118 {"t":"act","node":33120,"setpoint":0,"has_value":0,"writes_served":0}
1791635543.118 {"t":"peers","node":33120,"own_period_ms":100,"own_busy":0,"channel":1,"scanning":0,"scans":0,"hops":0,"found":0,"lost_to_found_ms":0,"moves_followed":0,"moves_refused":0,"sweeps":0,"sweep_found":0,"sweeping":0,"search_visits":0,"relay":0,"fwd_u":0,"fwd_b":0,"fwd_h":0,"relay_dup":3906,"list":[{"id":29544,"state":"alive","via_relay":0,"period_ms":100,"misses":6,"busy":1,"rtt_n":188},{"id":25344,"state":"alive","via_relay":0,"period_ms":100,"misses":6,"busy":0,"rtt_n":186}]}
1791635543.118 {"t":"ss","node":33120,"accepted":0,"unsigned":0,"unknown_sender":0,"bad_signature":0,"replayed":0,"rate_limited":0,"verify_us_max":0,"floors":[{"src":25344,"epoch":139,"counter":1}]}
1791635543.118 {"t":"rec","node":33120,"up_ms":378819,"settled":1,"sent":1510,"received":1436,"malformed":0,"views":4,"replies_fenced":0,"actors":[{"key":1245650351,"running":0,"term":0,"owner":25344,"owner_term":9,"assigned":25344,"starts":0,"fenced":0,"released":0}]}
1791635543.466 {"t":"node","up_ms":378845,"node":33120,"epoch":290,"peers_alive":2,"peers_dead":0,"no_radio":0,"free_dram":250307,"largest_block":172032,"rx":{"total":18236,"bad_frame":0,"unknown_peer":10,"wrong_dst":0,"short_payload":0,"unknown_opcode":0,"queue_dropped":49},"tx":{"total":6555,"enqueue_err":0,"done_queue_dropped":0},"membership":{"deaths":1,"revivals":0,"reboots_seen":1,"table_full":0,"events_dropped":0}}
1791635543.466 {"t":"ns","node":33120,"hash":13581963,"owner":33120,"kind":"sampled","unit":100,"class":4,"bound_ms":5000,"quality":"GOOD","age_ms":357,"ts":378517,"updates":36,"value":2}
1791635543.466 {"t":"ns","node":33120,"hash":3142365229,"owner":33120,"kind":"sampled","unit":101,"class":4,"bound_ms":30000,"quality":"GOOD","age_ms":382,"ts":378517,"updates":36,"value":172032}
1791635543.466 {"t":"ns","node":33120,"hash":1245650351,"owner":25344,"kind":"sampled","unit":0,"class":3,"bound_ms":500,"quality":"NO_DATA","age_ms":0,"ts":0,"updates":0,"value":null}
1791635543.466 {"t":"ns","node":33120,"hash":2033492666,"owner":33120,"kind":"sampled","unit":0,"class":3,"bound_ms":0,"quality":"NO_DATA","age_ms":0,"ts":0,"updates":0,"value":null}
1791635543.466 {"t":"ns","node":33120,"hash":2347817554,"owner":33120,"kind":"sampled","unit":100,"class":4,"bound_ms":0,"quality":"GOOD","age_ms":424,"ts":378517,"updates":36,"value":290}
1791635543.466 {"t":"ns","node":33120,"hash":1170356950,"owner":33120,"kind":"sampled","unit":80,"class":4,"bound_ms":30000,"quality":"GOOD","age_ms":438,"ts":378517,"updates":36,"value":378}
1791635543.466 {"t":"ns","node":33120,"hash":3085599597,"owner":33120,"kind":"sampled","unit":0,"class":4,"bound_ms":5000,"quality":"GOOD","age_ms":452,"ts":378517,"updates":36,"value":-20}
1791635543.466 {"t":"ns","node":33120,"hash":2486014333,"owner":33120,"kind":"sampled","unit":101,"class":4,"bound_ms":30000,"quality":"GOOD","age_ms":467,"ts":378516,"updates":36,"value":250307}
1791635553.602 {"t":"clk","node":33120,"up_ms":388998}
1791635553.602 {"t":"led","node":33120,"shows":"green","app":0}
1791635553.602 {"t":"event","at_ms":380349,"node":33120,"kind":"peer_admitted","peer":29544,"slot":0,"a":0,"b":0}
1791635553.602 {"t":"event","at_ms":380512,"node":33120,"kind":"peer_admitted","peer":25344,"slot":1,"a":0,"b":0}
1791635553.602 {"t":"event","at_ms":382349,"node":33120,"kind":"peer_admitted","peer":29544,"slot":0,"a":0,"b":0}
1791635553.602 {"t":"event","at_ms":382512,"node":33120,"kind":"peer_admitted","peer":25344,"slot":1,"a":0,"b":0}
1791635553.602 {"t":"event","at_ms":384349,"node":33120,"kind":"peer_admitted","peer":29544,"slot":0,"a":0,"b":0}
1791635553.602 {"t":"event","at_ms":384512,"node":33120,"kind":"peer_admitted","peer":25344,"slot":1,"a":0,"b":0}
1791635553.602 {"t":"event","at_ms":386352,"node":33120,"kind":"peer_admitted","peer":29544,"slot":0,"a":0,"b":0}
1791635553.602 {"t":"event","at_ms":386512,"node":33120,"kind":"peer_admitted","peer":25344,"slot":1,"a":0,"b":0}
1791635553.602 {"t":"event","at_ms":388350,"node":33120,"kind":"peer_admitted","peer":29544,"slot":0,"a":0,"b":0}
1791635553.602 {"t":"event","at_ms":388512,"node":33120,"kind":"peer_admitted","peer":25344,"slot":1,"a":0,"b":0}
1791635553.602 {"t":"link","up_ms":389082,"node":33120,"peer":29544,"mac":"b8:1f:3f:da:73:68","state":"alive","epoch":171,"espnow_ver":2,"mtu":1446,"misses":0,"rssi":-9,"tx":{"frames":1364,"cb_ok":1364,"cb_fail":0,"enqueue_err":0,"pdr_ppm":1000000},"rx":{"frames":5427,"lost_seqgap":0,"reorder_dup":0,"dropped_bad":0,"hb_lost":7,"bcast_frames":3864,"pdr_ppm":1000000},"rtt":{"samples":194,"min_us":5443,"max_us":30976,"timeouts":0,"txq_last_us":2865,"txq_max_us":28023,"remote_turnaround_us":823,"remote_turnaround_max_us":1752,"p50_us":[4000,6000],"p99_us":[22000,30000],"hist":[0,0,0,0,145,39,8,0,0,1,1,0,0,0,0,0]}}
1791635553.602 {"t":"link","up_ms":389136,"node":33120,"peer":25344,"mac":"b8:1f:3f:da:63:00","state":"alive","epoch":244,"espnow_ver":2,"mtu":1446,"misses":0,"rssi":-20,"tx":{"frames":1297,"cb_ok":1295,"cb_fail":2,"enqueue_err":0,"pdr_ppm":998457},"rx":{"frames":5236,"lost_seqgap":0,"reorder_dup":0,"dropped_bad":0,"hb_lost":15,"bcast_frames":3824,"pdr_ppm":1000000},"rtt":{"samples":191,"min_us":5849,"max_us":239652,"timeouts":1,"txq_last_us":2834,"txq_max_us":30949,"remote_turnaround_us":962,"remote_turnaround_max_us":234758,"p50_us":[6000,8000],"p99_us":[42000,60000],"hist":[0,0,0,0,35,133,13,3,4,0,1,1,0,0,0,1]}}
1791635553.602 {"t":"auth","node":33120,"up_ms":389191,"enrolled":1,"required":1,"verified_peers":2,"verified":3,"cache_hits":391,"refused":0,"rate_limited":0,"stale_epoch":0,"verify_us_max":87047,"link_stack_free_b":1524,"crypto_stack_free_b":1140,"tags_ok":2581,"bad_tag":0,"replayed":0,"untagged":0,"bcast_dropped":0,"beacon_epoch_ignored":0,"tag_us_max":1095}
1791635553.602 {"t":"act","node":33120,"setpoint":0,"has_value":0,"writes_served":0}
1791635553.602 {"t":"peers","node":33120,"own_period_ms":100,"own_busy":0,"channel":1,"scanning":0,"scans":0,"hops":0,"found":0,"lost_to_found_ms":0,"moves_followed":0,"moves_refused":0,"sweeps":0,"sweep_found":0,"sweeping":0,"search_visits":0,"relay":0,"fwd_u":0,"fwd_b":0,"fwd_h":0,"relay_dup":4014,"list":[{"id":29544,"state":"alive","via_relay":0,"period_ms":100,"misses":6,"busy":1,"rtt_n":194},{"id":25344,"state":"alive","via_relay":0,"period_ms":100,"misses":6,"busy":0,"rtt_n":191}]}
1791635553.602 {"t":"ss","node":33120,"accepted":0,"unsigned":0,"unknown_sender":0,"bad_signature":0,"replayed":0,"rate_limited":0,"verify_us_max":0,"floors":[{"src":25344,"epoch":139,"counter":1}]}
1791635553.602 {"t":"rec","node":33120,"up_ms":389286,"settled":1,"sent":1552,"received":1477,"malformed":0,"views":4,"replies_fenced":0,"actors":[{"key":1245650351,"running":0,"term":0,"owner":25344,"owner_term":9,"assigned":25344,"starts":0,"fenced":0,"released":0}]}
1791635553.602 {"t":"node","up_ms":389312,"node":33120,"epoch":290,"peers_alive":2,"peers_dead":0,"no_radio":0,"free_dram":250307,"largest_block":172032,"rx":{"total":18743,"bad_frame":0,"unknown_peer":10,"wrong_dst":0,"short_payload":0,"unknown_opcode":0,"queue_dropped":49},"tx":{"total":6735,"enqueue_err":0,"done_queue_dropped":0},"membership":{"deaths":1,"revivals":0,"reboots_seen":1,"table_full":0,"events_dropped":0}}
1791635553.921 {"t":"ns","node":33120,"hash":13581963,"owner":33120,"kind":"sampled","unit":100,"class":4,"bound_ms":5000,"quality":"GOOD","age_ms":341,"ts":389000,"updates":37,"value":2}
1791635553.921 {"t":"ns","node":33120,"hash":3142365229,"owner":33120,"kind":"sampled","unit":101,"class":4,"bound_ms":30000,"quality":"GOOD","age_ms":357,"ts":388999,"updates":37,"value":172032}
1791635553.921 {"t":"ns","node":33120,"hash":1245650351,"owner":25344,"kind":"sampled","unit":0,"class":3,"bound_ms":500,"quality":"NO_DATA","age_ms":0,"ts":0,"updates":0,"value":null}
1791635553.921 {"t":"ns","node":33120,"hash":2033492666,"owner":33120,"kind":"sampled","unit":0,"class":3,"bound_ms":0,"quality":"NO_DATA","age_ms":0,"ts":0,"updates":0,"value":null}
1791635553.921 {"t":"ns","node":33120,"hash":2347817554,"owner":33120,"kind":"sampled","unit":100,"class":4,"bound_ms":0,"quality":"GOOD","age_ms":410,"ts":389000,"updates":37,"value":290}
1791635553.921 {"t":"ns","node":33120,"hash":1170356950,"owner":33120,"kind":"sampled","unit":80,"class":4,"bound_ms":30000,"quality":"GOOD","age_ms":426,"ts":388999,"updates":37,"value":388}
1791635553.921 {"t":"ns","node":33120,"hash":3085599597,"owner":33120,"kind":"sampled","unit":0,"class":4,"bound_ms":5000,"quality":"GOOD","age_ms":439,"ts":389000,"updates":37,"value":-20}
1791635553.921 {"t":"ns","node":33120,"hash":2486014333,"owner":33120,"kind":"sampled","unit":101,"class":4,"bound_ms":30000,"quality":"GOOD","age_ms":454,"ts":388999,"updates":37,"value":250307}
