1791632555.059 I (41067) pot.m0: discovered peer 0x00fe
1791632558.584 {"t":"clk","node":25344,"up_ms":43293}
1791632558.584 {"t":"led","node":25344,"shows":"green","app":0}
1791632558.584 {"t":"event","at_ms":32983,"node":25344,"kind":"peer_admitted","peer":33120,"slot":1,"a":0,"b":0}
1791632558.584 {"t":"event","at_ms":33462,"node":25344,"kind":"peer_admitted","peer":29544,"slot":0,"a":0,"b":0}
1791632558.584 {"t":"event","at_ms":34984,"node":25344,"kind":"peer_admitted","peer":33120,"slot":1,"a":0,"b":0}
1791632558.584 {"t":"event","at_ms":35462,"node":25344,"kind":"peer_admitted","peer":29544,"slot":0,"a":0,"b":0}
1791632558.584 {"t":"event","at_ms":36983,"node":25344,"kind":"peer_admitted","peer":33120,"slot":1,"a":0,"b":0}
1791632558.584 {"t":"event","at_ms":37462,"node":25344,"kind":"peer_admitted","peer":29544,"slot":0,"a":0,"b":0}
1791632558.584 {"t":"event","at_ms":38983,"node":25344,"kind":"peer_admitted","peer":33120,"slot":1,"a":0,"b":0}
1791632558.584 {"t":"event","at_ms":39462,"node":25344,"kind":"peer_admitted","peer":29544,"slot":0,"a":0,"b":0}
1791632558.584 {"t":"event","at_ms":39904,"node":25344,"kind":"peer_discovered","peer":254,"slot":2,"a":0,"b":0}
1791632558.584 {"t":"event","at_ms":39905,"node":25344,"kind":"peer_alive","peer":254,"slot":2,"a":0,"b":0}
1791632558.584 {"t":"event","at_ms":39906,"node":25344,"kind":"peer_admitted","peer":254,"slot":2,"a":0,"b":0}
1791632558.584 {"t":"event","at_ms":40983,"node":25344,"kind":"peer_admitted","peer":33120,"slot":1,"a":0,"b":0}
1791632558.584 {"t":"event","at_ms":41462,"node":25344,"kind":"peer_admitted","peer":29544,"slot":0,"a":0,"b":0}
1791632558.584 {"t":"event","at_ms":42983,"node":25344,"kind":"peer_admitted","peer":33120,"slot":1,"a":0,"b":0}
1791632558.584 {"t":"link","up_ms":43418,"node":25344,"peer":29544,"mac":"b8:1f:3f:da:73:68","state":"alive","epoch":169,"espnow_ver":2,"mtu":1446,"misses":0,"rssi":-30,"tx":{"frames":178,"cb_ok":178,"cb_fail":0,"enqueue_err":0,"pdr_ppm":1000000},"rx":{"frames":616,"lost_seqgap":0,"reorder_dup":0,"dropped_bad":0,"hb_lost":3,"bcast_frames":413,"pdr_ppm":1000000},"rtt":{"samples":20,"min_us":5488,"max_us":20197,"timeouts":0,"txq_last_us":9392,"txq_max_us":9392,"remote_turnaround_us":4804,"remote_turnaround_max_us":4804,"p50_us":[4000,6000],"p99_us":[16000,22000],"hist":[0,0,0,0,15,4,0,0,1,0,0,0,0,0,0,0]}}
1791632558.584 {"t":"link","up_ms":43462,"node":25344,"peer":33120,"mac":"b8:1f:3f:da:81:60","state":"alive","epoch":281,"espnow_ver":2,"mtu":1446,"misses":0,"rssi":-23,"tx":{"frames":146,"cb_ok":146,"cb_fail":0,"enqueue_err":0,"pdr_ppm":1000000},"rx":{"frames":584,"lost_seqgap":1,"reorder_dup":0,"dropped_bad":0,"hb_lost":0,"bcast_frames":415,"pdr_ppm":998290},"rtt":{"samples":20,"min_us":5912,"max_us":8282,"timeouts":0,"txq_last_us":0,"txq_max_us":0,"remote_turnaround_us":1056,"remote_turnaround_max_us":1161,"p50_us":[4000,6000],"p99_us":[8000,11000],"hist":[0,0,0,0,10,9,1,0,0,0,0,0,0,0,0,0]}}
1791632558.584 {"t":"link","up_ms":43517,"node":25344,"peer":254,"mac":"02:00:00:00:00:fe","state":"alive","epoch":0,"espnow_ver":0,"mtu":226,"misses":0,"rssi":0,"tx":{"frames":41,"cb_ok":0,"cb_fail":0,"enqueue_err":0,"pdr_ppm":null},"rx":{"frames":69,"lost_seqgap":0,"reorder_dup":0,"dropped_bad":0,"hb_lost":0,"bcast_frames":0,"pdr_ppm":1000000},"rtt":{"samples":1,"min_us":53280,"max_us":53280,"timeouts":0,"txq_last_us":0,"txq_max_us":0,"remote_turnaround_us":20,"remote_turnaround_max_us":20,"p50_us":[42000,60000],"p99_us":[42000,60000],"hist":[0,0,0,0,0,0,0,0,0,0,0,1,0,0,0,0]}}
1791632558.584 {"t":"auth","node":25344,"up_ms":43571,"enrolled":1,"required":1,"verified_peers":2,"verified":2,"cache_hits":42,"refused":0,"rate_limited":0,"stale_epoch":0,"verify_us_max":79778,"link_stack_free_b":820,"crypto_stack_free_b":1268,"tags_ok":331,"bad_tag":0,"replayed":0,"untagged":0,"bcast_dropped":0,"beacon_epoch_ignored":0,"tag_us_max":959}
1791632558.584 {"t":"act","node":25344,"setpoint":0,"has_value":0,"writes_served":0}
1791632558.996 {"t":"peers","node":25344,"own_period_ms":100,"own_busy":0,"channel":1,"scanning":0,"scans":0,"hops":0,"found":0,"lost_to_found_ms":0,"moves_followed":0,"moves_refused":0,"sweeps":0,"sweep_found":0,"sweeping":0,"search_visits":0,"relay":0,"fwd_u":0,"fwd_b":0,"fwd_h":0,"relay_dup":437,"list":[{"id":29544,"state":"alive","via_relay":0,"period_ms":100,"misses":6,"busy":1,"rtt_n":20},{"id":33120,"state":"alive","via_relay":0,"period_ms":100,"misses":6,"busy":0,"rtt_n":20},{"id":254,"state":"alive","via_relay":0,"period_ms":100,"misses":6,"busy":0,"rtt_n":1}]}
1791632558.996 {"t":"ss","node":25344,"accepted":0,"unsigned":0,"unknown_sender":0,"bad_signature":0,"replayed":0,"rate_limited":0,"verify_us_max":0,"floors":[]}
1791632558.996 {"t":"rec","node":25344,"up_ms":43668,"settled":1,"sent":173,"received":169,"malformed":0,"views":2,"replies_fenced":0,"actors":[{"key":1245650351,"running":1,"term":5,"owner":25344,"owner_term":5,"assigned":254,"starts":1,"fenced":0,"released":0}]}
1791632558.996 {"t":"node","up_ms":43683,"node":25344,"epoch":242,"peers_alive":3,"peers_dead":0,"no_radio":0,"free_dram":250343,"largest_block":172032,"rx":{"total":2164,"bad_frame":0,"unknown_peer":13,"wrong_dst":0,"short_payload":0,"unknown_opcode":0,"queue_dropped":51},"tx":{"total":812,"enqueue_err":0,"done_queue_dropped":0},"membership":{"deaths":0,"revivals":0,"reboots_seen":0,"table_full":0,"events_dropped":0}}
1791632558.996 {"t":"ns","node":25344,"hash":2410274060,"owner":25344,"kind":"sampled","unit":100,"class":4,"bound_ms":0,"quality":"GOOD","age_ms":428,"ts":43295,"updates":4,"value":242}
1791632558.996 {"t":"ns","node":25344,"hash":1274253983,"owner":25344,"kind":"sampled","unit":0,"class":4,"bound_ms":5000,"quality":"GOOD","age_ms":442,"ts":43295,"updates":4,"value":-31}
1791632558.996 {"t":"ns","node":25344,"hash":3354298913,"owner":25344,"kind":"sampled","unit":100,"class":4,"bound_ms":5000,"quality":"GOOD","age_ms":456,"ts":43295,"updates":4,"value":3}
1791632558.996 {"t":"ns","node":25344,"hash":1771187623,"owner":25344,"kind":"sampled","unit":101,"class":4,"bound_ms":30000,"quality":"GOOD","age_ms":471,"ts":43294,"updates":4,"value":250343}
1791632558.996 {"t":"ns","node":25344,"hash":1245650351,"owner":25344,"kind":"sampled","unit":0,"class":3,"bound_ms":500,"quality":"GOOD","age_ms":77,"ts":43703,"updates":359,"value":1660944743}
1791632558.996 {"t":"ns","node":25344,"hash":2033492666,"owner":25344,"kind":"sampled","unit":0,"class":3,"bound_ms":0,"quality":"NO_DATA","age_ms":0,"ts":0,"updates":0,"value":null}
1791632558.996 {"t":"ns","node":25344,"hash":4103947588,"owner":25344,"kind":"sampled","unit":80,"class":4,"bound_ms":30000,"quality":"GOOD","age_ms":525,"ts":43294,"updates":4,"value":43}
1791632558.996 {"t":"ns","node":25344,"hash":1662441583,"owner":25344,"kind":"sampled","unit":101,"class":4,"bound_ms":30000,"quality":"GOOD","age_ms":540,"ts":43294,"updates":4,"value":172032}
1791632569.139 {"t":"clk","node":25344,"up_ms":53849}
1791632569.139 {"t":"led","node":25344,"shows":"green","app":0}
1791632569.139 {"t":"event","at_ms":43462,"node":25344,"kind":"peer_admitted","peer":29544,"slot":0,"a":0,"b":0}
1791632569.139 {"t":"event","at_ms":44983,"node":25344,"kind":"peer_admitted","peer":33120,"slot":1,"a":0,"b":0}
1791632569.139 {"t":"event","at_ms":45462,"node":25344,"kind":"peer_admitted","peer":29544,"slot":0,"a":0,"b":0}
1791632569.139 {"t":"event","at_ms":46983,"node":25344,"kind":"peer_admitted","peer":33120,"slot":1,"a":0,"b":0}
1791632569.139 {"t":"event","at_ms":47462,"node":25344,"kind":"peer_admitted","peer":29544,"slot":0,"a":0,"b":0}
1791632569.139 {"t":"event","at_ms":48983,"node":25344,"kind":"peer_admitted","peer":33120,"slot":1,"a":0,"b":0}
1791632569.139 {"t":"event","at_ms":49462,"node":25344,"kind":"peer_admitted","peer":29544,"slot":0,"a":0,"b":0}
1791632569.139 {"t":"event","at_ms":50983,"node":25344,"kind":"peer_admitted","peer":33120,"slot":1,"a":0,"b":0}
1791632569.139 {"t":"event","at_ms":51462,"node":25344,"kind":"peer_admitted","peer":29544,"slot":0,"a":0,"b":0}
1791632569.139 {"t":"event","at_ms":52983,"node":25344,"kind":"peer_admitted","peer":33120,"slot":1,"a":0,"b":0}
1791632569.139 {"t":"event","at_ms":53462,"node":25344,"kind":"peer_admitted","peer":29544,"slot":0,"a":0,"b":0}
1791632569.139 {"t":"link","up_ms":53947,"node":25344,"peer":29544,"mac":"b8:1f:3f:da:73:68","state":"alive","epoch":169,"espnow_ver":2,"mtu":1446,"misses":0,"rssi":-30,"tx":{"frames":303,"cb_ok":303,"cb_fail":0,"enqueue_err":0,"pdr_ppm":1000000},"rx":{"frames":859,"lost_seqgap":0,"reorder_dup":0,"dropped_bad":0,"hb_lost":4,"bcast_frames":518,"pdr_ppm":1000000},"rtt":{"samples":24,"min_us":5488,"max_us":20197,"timeouts":0,"txq_last_us":9392,"txq_max_us":9392,"remote_turnaround_us":842,"remote_turnaround_max_us":4804,"p50_us":[4000,6000],"p99_us":[16000,22000],"hist":[0,0,0,0,18,5,0,0,1,0,0,0,0,0,0,0]}}
1791632569.139 {"t":"link","up_ms":54002,"node":25344,"peer":33120,"mac":"b8:1f:3f:da:81:60","state":"alive","epoch":281,"espnow_ver":2,"mtu":1446,"misses":0,"rssi":-22,"tx":{"frames":173,"cb_ok":173,"cb_fail":0,"enqueue_err":0,"pdr_ppm":1000000},"rx":{"frames":730,"lost_seqgap":1,"reorder_dup":0,"dropped_bad":0,"hb_lost":0,"bcast_frames":521,"pdr_ppm":998632},"rtt":{"samples":23,"min_us":5912,"max_us":16620,"timeouts":0,"txq_last_us":0,"txq_max_us":0,"remote_turnaround_us":1021,"remote_turnaround_max_us":1161,"p50_us":[6000,8000],"p99_us":[16000,22000],"hist":[0,0,0,0,11,9,1,1,1,0,0,0,0,0,0,0]}}
1791632569.139 {"t":"link","up_ms":54045,"node":25344,"peer":254,"mac":"02:00:00:00:00:fe","state":"alive","epoch":0,"espnow_ver":0,"mtu":226,"misses":0,"rssi":0,"tx":{"frames":157,"cb_ok":0,"cb_fail":0,"enqueue_err":0,"pdr_ppm":null},"rx":{"frames":267,"lost_seqgap":0,"reorder_dup":0,"dropped_bad":0,"hb_lost":0,"bcast_frames":0,"pdr_ppm":1000000},"rtt":{"samples":5,"min_us":7145,"max_us":53280,"timeouts":0,"txq_last_us":0,"txq_max_us":0,"remote_turnaround_us":15,"remote_turnaround_max_us":20,"p50_us":[42000,60000],"p99_us":[42000,60000],"hist":[0,0,0,0,0,1,0,0,0,1,0,3,0,0,0,0]}}
1791632569.139 {"t":"auth","node":25344,"up_ms":54099,"enrolled":1,"required":1,"verified_peers":2,"verified":2,"cache_hits":52,"refused":0,"rate_limited":0,"stale_epoch":0,"verify_us_max":79778,"link_stack_free_b":820,"crypto_stack_free_b":1268,"tags_ok":498,"bad_tag":0,"replayed":0,"untagged":0,"bcast_dropped":0,"beacon_epoch_ignored":0,"tag_us_max":1033}
1791632569.139 {"t":"act","node":25344,"setpoint":0,"has_value":0,"writes_served":0}
1791632569.139 {"t":"peers","node":25344,"own_period_ms":100,"own_busy":0,"channel":1,"scanning":0,"scans":0,"hops":0,"found":0,"lost_to_found_ms":0,"moves_followed":0,"moves_refused":0,"sweeps":0,"sweep_found":0,"sweeping":0,"search_visits":0,"relay":0,"fwd_u":0,"fwd_b":0,"fwd_h":0,"relay_dup":547,"list":[{"id":29544,"state":"alive","via_relay":0,"period_ms":100,"misses":6,"busy":1,"rtt_n":24},{"id":33120,"state":"alive","via_relay":0,"period_ms":100,"misses":6,"busy":0,"rtt_n":23},{"id":254,"state":"alive","via_relay":0,"period_ms":100,"misses":6,"busy":0,"rtt_n":5}]}
1791632569.139 {"t":"ss","node":25344,"accepted":0,"unsigned":0,"unknown_sender":0,"bad_signature":0,"replayed":0,"rate_limited":0,"verify_us_max":0,"floors":[]}
1791632569.523 {"t":"rec","node":25344,"up_ms":54194,"settled":1,"sent":214,"received":211,"malformed":0,"views":2,"replies_fenced":0,"actors":[{"key":1245650351,"running":1,"term":5,"owner":25344,"owner_term":5,"assigned":254,"starts":1,"fenced":0,"released":0}]}
1791632569.523 {"t":"node","up_ms":54221,"node":25344,"epoch":242,"peers_alive":3,"peers_dead":0,"no_radio":0,"free_dram":250343,"largest_block":172032,"rx":{"total":2972,"bad_frame":0,"unknown_peer":13,"wrong_dst":0,"short_payload":0,"unknown_opcode":0,"queue_dropped":51},"tx":{"total":1190,"enqueue_err":0,"done_queue_dropped":0},"membership":{"deaths":0,"revivals":0,"reboots_seen":0,"table_full":0,"events_dropped":0}}
1791632569.523 {"t":"ns","node":25344,"hash":2410274060,"owner":25344,"kind":"sampled","unit":100,"class":4,"bound_ms":0,"quality":"GOOD","age_ms":400,"ts":53850,"updates":5,"value":242}
1791632569.523 {"t":"ns","node":25344,"hash":1274253983,"owner":25344,"kind":"sampled","unit":0,"class":4,"bound_ms":5000,"quality":"GOOD","age_ms":414,"ts":53851,"updates":5,"value":-31}
1791632569.523 {"t":"ns","node":25344,"hash":3354298913,"owner":25344,"kind":"sampled","unit":100,"class":4,"bound_ms":5000,"quality":"GOOD","age_ms":428,"ts":53851,"updates":5,"value":3}
1791632569.523 {"t":"ns","node":25344,"hash":1771187623,"owner":25344,"kind":"sampled","unit":101,"class":4,"bound_ms":30000,"quality":"GOOD","age_ms":453,"ts":53850,"updates":5,"value":250343}
1791632569.523 {"t":"ns","node":25344,"hash":1245650351,"owner":25344,"kind":"sampled","unit":0,"class":3,"bound_ms":500,"quality":"GOOD","age_ms":9,"ts":54309,"updates":464,"value":1660944848}
1791632569.523 {"t":"ns","node":25344,"hash":2033492666,"owner":25344,"kind":"sampled","unit":0,"class":3,"bound_ms":0,"quality":"NO_DATA","age_ms":0,"ts":0,"updates":0,"value":null}
1791632569.523 {"t":"ns","node":25344,"hash":4103947588,"owner":25344,"kind":"sampled","unit":80,"class":4,"bound_ms":30000,"quality":"GOOD","age_ms":496,"ts":53850,"updates":5,"value":53}
1791632569.523 {"t":"ns","node":25344,"hash":1662441583,"owner":25344,"kind":"sampled","unit":101,"class":4,"bound_ms":30000,"quality":"GOOD","age_ms":511,"ts":53850,"updates":5,"value":172032}
1791632579.670 {"t":"clk","node":25344,"up_ms":64375}
1791632579.670 {"t":"led","node":25344,"shows":"green","app":0}
1791632579.670 {"t":"event","at_ms":54983,"node":25344,"kind":"peer_admitted","peer":33120,"slot":1,"a":0,"b":0}
1791632579.670 {"t":"event","at_ms":55462,"node":25344,"kind":"peer_admitted","peer":29544,"slot":0,"a":0,"b":0}
1791632579.670 {"t":"event","at_ms":56983,"node":25344,"kind":"peer_admitted","peer":33120,"slot":1,"a":0,"b":0}
1791632579.670 {"t":"event","at_ms":57462,"node":25344,"kind":"peer_admitted","peer":29544,"slot":0,"a":0,"b":0}
1791632579.670 {"t":"event","at_ms":58983,"node":25344,"kind":"peer_admitted","peer":33120,"slot":1,"a":0,"b":0}
1791632579.670 {"t":"event","at_ms":59462,"node":25344,"kind":"peer_admitted","peer":29544,"slot":0,"a":0,"b":0}
1791632579.670 {"t":"event","at_ms":60984,"node":25344,"kind":"peer_admitted","peer":33120,"slot":1,"a":0,"b":0}
1791632579.670 {"t":"event","at_ms":61462,"node":25344,"kind":"peer_admitted","peer":29544,"slot":0,"a":0,"b":0}
1791632579.670 {"t":"event","at_ms":62983,"node":25344,"kind":"peer_admitted","peer":33120,"slot":1,"a":0,"b":0}
1791632579.670 {"t":"event","at_ms":63462,"node":25344,"kind":"peer_admitted","peer":29544,"slot":0,"a":0,"b":0}
1791632579.670 {"t":"link","up_ms":64460,"node":25344,"peer":29544,"mac":"b8:1f:3f:da:73:68","state":"alive","epoch":169,"espnow_ver":2,"mtu":1446,"misses":0,"rssi":-31,"tx":{"frames":428,"cb_ok":428,"cb_fail":0,"enqueue_err":0,"pdr_ppm":1000000},"rx":{"frames":1101,"lost_seqgap":0,"reorder_dup":0,"dropped_bad":0,"hb_lost":4,"bcast_frames":623,"pdr_ppm":1000000},"rtt":{"samples":27,"min_us":5488,"max_us":20197,"timeouts":0,"txq_last_us":9392,"txq_max_us":9392,"remote_turnaround_us":829,"remote_turnaround_max_us":4804,"p50_us":[4000,6000],"p99_us":[16000,22000],"hist":[0,0,0,0,20,6,0,0,1,0,0,0,0,0,0,0]}}
1791632579.670 {"t":"link","up_ms":64514,"node":25344,"peer":33120,"mac":"b8:1f:3f:da:81:60","state":"alive","epoch":281,"espnow_ver":2,"mtu":1446,"misses":0,"rssi":-22,"tx":{"frames":201,"cb_ok":201,"cb_fail":0,"enqueue_err":0,"pdr_ppm":1000000},"rx":{"frames":875,"lost_seqgap":1,"reorder_dup":0,"dropped_bad":0,"hb_lost":0,"bcast_frames":626,"pdr_ppm":998858},"rtt":{"samples":27,"min_us":5912,"max_us":16620,"timeouts":0,"txq_last_us":0,"txq_max_us":0,"remote_turnaround_us":1018,"remote_turnaround_max_us":1161,"p50_us":[6000,8000],"p99_us":[16000,22000],"hist":[0,0,0,0,13,10,2,1,1,0,0,0,0,0,0,0]}}
1791632579.670 {"t":"link","up_ms":64568,"node":25344,"peer":254,"mac":"02:00:00:00:00:fe","state":"alive","epoch":0,"espnow_ver":0,"mtu":226,"misses":0,"rssi":0,"tx":{"frames":271,"cb_ok":0,"cb_fail":0,"enqueue_err":0,"pdr_ppm":null},"rx":{"frames":464,"lost_seqgap":0,"reorder_dup":0,"dropped_bad":0,"hb_lost":0,"bcast_frames":0,"pdr_ppm":1000000},"rtt":{"samples":8,"min_us":7145,"max_us":53280,"timeouts":0,"txq_last_us":0,"txq_max_us":0,"remote_turnaround_us":14,"remote_turnaround_max_us":20,"p50_us":[42000,60000],"p99_us":[42000,60000],"hist":[0,0,0,0,0,1,0,0,0,1,1,5,0,0,0,0]}}
1791632579.670 {"t":"auth","node":25344,"up_ms":64611,"enrolled":1,"required":1,"verified_peers":2,"verified":2,"cache_hits":62,"refused":0,"rate_limited":0,"stale_epoch":0,"verify_us_max":79778,"link_stack_free_b":820,"crypto_stack_free_b":1268,"tags_ok":665,"bad_tag":0,"replayed":0,"untagged":0,"bcast_dropped":0,"beacon_epoch_ignored":0,"tag_us_max":1033}
1791632579.670 {"t":"act","node":25344,"setpoint":0,"has_value":0,"writes_served":0}
1791632579.670 {"t":"peers","node":25344,"own_period_ms":100,"own_busy":0,"channel":1,"scanning":0,"scans":0,"hops":0,"found":0,"lost_to_found_ms":0,"moves_followed":0,"moves_refused":0,"sweeps":0,"sweep_found":0,"sweeping":0,"search_visits":0,"relay":0,"fwd_u":0,"fwd_b":0,"fwd_h":0,"relay_dup":655,"list":[{"id":29544,"state":"alive","via_relay":0,"period_ms":100,"misses":6,"busy":1,"rtt_n":27},{"id":33120,"state":"alive","via_relay":0,"period_ms":100,"misses":6,"busy":0,"rtt_n":27},{"id":254,"state":"alive","via_relay":0,"period_ms":100,"misses":6,"busy":0,"rtt_n":8}]}
1791632579.670 {"t":"ss","node":25344,"accepted":0,"unsigned":0,"unknown_sender":0,"bad_signature":0,"replayed":0,"rate_limited":0,"verify_us_max":0,"floors":[]}
1791632580.035 {"t":"rec","node":25344,"up_ms":64718,"settled":1,"sent":256,"received":252,"malformed":0,"views":2,"replies_fenced":0,"actors":[{"key":1245650351,"running":1,"term":5,"owner":25344,"owner_term":5,"assigned":254,"starts":1,"fenced":0,"released":0}]}
1791632580.035 {"t":"node","up_ms":64734,"node":25344,"epoch":242,"peers_alive":3,"peers_dead":0,"no_radio":0,"free_dram":250139,"largest_block":172032,"rx":{"total":3775,"bad_frame":0,"unknown_peer":13,"wrong_dst":0,"short_payload":0,"unknown_opcode":0,"queue_dropped":51},"tx":{"total":1569,"enqueue_err":0,"done_queue_dropped":0},"membership":{"deaths":0,"revivals":0,"reboots_seen":0,"table_full":0,"events_dropped":0}}
1791632580.035 {"t":"ns","node":25344,"hash":2410274060,"owner":25344,"kind":"sampled","unit":100,"class":4,"bound_ms":0,"quality":"GOOD","age_ms":399,"ts":64376,"updates":6,"value":242}
1791632580.035 {"t":"ns","node":25344,"hash":1274253983,"owner":25344,"kind":"sampled","unit":0,"class":4,"bound_ms":5000,"quality":"GOOD","age_ms":412,"ts":64377,"updates":6,"value":-30}
1791632580.035 {"t":"ns","node":25344,"hash":3354298913,"owner":25344,"kind":"sampled","unit":100,"class":4,"bound_ms":5000,"quality":"GOOD","age_ms":427,"ts":64376,"updates":6,"value":3}
1791632580.035 {"t":"ns","node":25344,"hash":1771187623,"owner":25344,"kind":"sampled","unit":101,"class":4,"bound_ms":30000,"quality":"GOOD","age_ms":440,"ts":64376,"updates":6,"value":249059}
1791632580.035 {"t":"ns","node":25344,"hash":1245650351,"owner":25344,"kind":"sampled","unit":0,"class":3,"bound_ms":500,"quality":"GOOD","age_ms":33,"ts":64797,"updates":568,"value":1660944952}
1791632580.035 {"t":"ns","node":25344,"hash":2033492666,"owner":25344,"kind":"sampled","unit":0,"class":3,"bound_ms":0,"quality":"NO_DATA","age_ms":0,"ts":0,"updates":0,"value":null}
1791632580.035 {"t":"ns","node":25344,"hash":4103947588,"owner":25344,"kind":"sampled","unit":80,"class":4,"bound_ms":30000,"quality":"GOOD","age_ms":483,"ts":64376,"updates":6,"value":64}
1791632580.035 {"t":"ns","node":25344,"hash":1662441583,"owner":25344,"kind":"sampled","unit":101,"class":4,"bound_ms":30000,"quality":"GOOD","age_ms":497,"ts":64376,"updates":6,"value":172032}
1791632590.192 {"t":"clk","node":25344,"up_ms":74899}
1791632590.192 {"t":"led","node":25344,"shows":"green","app":0}
1791632590.192 {"t":"event","at_ms":64983,"node":25344,"kind":"peer_admitted","peer":33120,"slot":1,"a":0,"b":0}
1791632590.192 {"t":"event","at_ms":65466,"node":25344,"kind":"peer_admitted","peer":29544,"slot":0,"a":0,"b":0}
1791632590.192 {"t":"event","at_ms":66985,"node":25344,"kind":"peer_admitted","peer":33120,"slot":1,"a":0,"b":0}
1791632590.192 {"t":"event","at_ms":67462,"node":25344,"kind":"peer_admitted","peer":29544,"slot":0,"a":0,"b":0}
1791632590.192 {"t":"event","at_ms":68983,"node":25344,"kind":"peer_admitted","peer":33120,"slot":1,"a":0,"b":0}
1791632590.192 {"t":"event","at_ms":69462,"node":25344,"kind":"peer_admitted","peer":29544,"slot":0,"a":0,"b":0}
1791632590.192 {"t":"event","at_ms":70983,"node":25344,"kind":"peer_admitted","peer":33120,"slot":1,"a":0,"b":0}
1791632590.192 {"t":"event","at_ms":71462,"node":25344,"kind":"peer_admitted","peer":29544,"slot":0,"a":0,"b":0}
1791632590.192 {"t":"event","at_ms":72983,"node":25344,"kind":"peer_admitted","peer":33120,"slot":1,"a":0,"b":0}
1791632590.192 {"t":"event","at_ms":73462,"node":25344,"kind":"peer_admitted","peer":29544,"slot":0,"a":0,"b":0}
1791632590.192 {"t":"event","at_ms":74983,"node":25344,"kind":"peer_admitted","peer":33120,"slot":1,"a":0,"b":0}
1791632590.192 {"t":"link","up_ms":74999,"node":25344,"peer":29544,"mac":"b8:1f:3f:da:73:68","state":"alive","epoch":169,"espnow_ver":2,"mtu":1446,"misses":0,"rssi":-30,"tx":{"frames":554,"cb_ok":553,"cb_fail":0,"enqueue_err":0,"pdr_ppm":1000000},"rx":{"frames":1341,"lost_seqgap":0,"reorder_dup":0,"dropped_bad":0,"hb_lost":5,"bcast_frames":727,"pdr_ppm":1000000},"rtt":{"samples":31,"min_us":5488,"max_us":23843,"timeouts":0,"txq_last_us":2817,"txq_max_us":9414,"remote_turnaround_us":2604,"remote_turnaround_max_us":4804,"p50_us":[4000,6000],"p99_us":[22000,30000],"hist":[0,0,0,0,22,6,1,0,1,1,0,0,0,0,0,0]}}
1791632590.192 {"t":"link","up_ms":75042,"node":25344,"peer":33120,"mac":"b8:1f:3f:da:81:60","state":"alive","epoch":281,"espnow_ver":2,"mtu":1446,"misses":0,"rssi":-22,"tx":{"frames":230,"cb_ok":230,"cb_fail":0,"enqueue_err":0,"pdr_ppm":1000000},"rx":{"frames":1021,"lost_seqgap":1,"reorder_dup":0,"dropped_bad":0,"hb_lost":0,"bcast_frames":731,"pdr_ppm":999021},"rtt":{"samples":30,"min_us":5912,"max_us":18390,"timeouts":0,"txq_last_us":0,"txq_max_us":0,"remote_turnaround_us":1019,"remote_turnaround_max_us":1161,"p50_us":[4000,6000],"p99_us":[16000,22000],"hist":[0,0,0,0,15,10,2,1,2,0,0,0,0,0,0,0]}}
1791632590.192 {"t":"link","up_ms":75096,"node":25344,"peer":254,"mac":"02:00:00:00:00:fe","state":"alive","epoch":0,"espnow_ver":0,"mtu":226,"misses":0,"rssi":0,"tx":{"frames":386,"cb_ok":0,"cb_fail":0,"enqueue_err":0,"pdr_ppm":null},"rx":{"frames":664,"lost_seqgap":0,"reorder_dup":0,"dropped_bad":0,"hb_lost":0,"bcast_frames":0,"pdr_ppm":1000000},"rtt":{"samples":12,"min_us":7145,"max_us":63239,"timeouts":0,"txq_last_us":0,"txq_max_us":0,"remote_turnaround_us":14,"remote_turnaround_max_us":20,"p50_us":[42000,60000],"p99_us":[60000,85000],"hist":[0,0,0,0,0,1,0,0,0,2,1,7,1,0,0,0]}}
1791632590.192 {"t":"auth","node":25344,"up_ms":75150,"enrolled":1,"required":1,"verified_peers":2,"verified":2,"cache_hits":73,"refused":0,"rate_limited":0,"stale_epoch":0,"verify_us_max":79778,"link_stack_free_b":820,"crypto_stack_free_b":1268,"tags_ok":832,"bad_tag":0,"replayed":0,"untagged":0,"bcast_dropped":0,"beacon_epoch_ignored":0,"tag_us_max":1033}
1791632590.192 {"t":"act","node":25344,"setpoint":0,"has_value":0,"writes_served":0}
1791632590.192 {"t":"peers","node":25344,"own_period_ms":100,"own_busy":0,"channel":1,"scanning":0,"scans":0,"hops":0,"found":0,"lost_to_found_ms":0,"moves_followed":0,"moves_refused":0,"sweeps":0,"sweep_found":0,"sweeping":0,"search_visits":0,"relay":0,"fwd_u":0,"fwd_b":0,"fwd_h":0,"relay_dup":764,"list":[{"id":29544,"state":"alive","via_relay":0,"period_ms":100,"misses":6,"busy":1,"rtt_n":31},{"id":33120,"state":"alive","via_relay":0,"period_ms":100,"misses":6,"busy":0,"rtt_n":30},{"id":254,"state":"alive","via_relay":0,"period_ms":100,"misses":6,"busy":0,"rtt_n":12}]}
1791632590.192 {"t":"ss","node":25344,"accepted":0,"unsigned":0,"unknown_sender":0,"bad_signature":0,"replayed":0,"rate_limited":0,"verify_us_max":0,"floors":[]}
1791632590.576 {"t":"rec","node":25344,"up_ms":75249,"settled":1,"sent":298,"received":294,"malformed":0,"views":2,"replies_fenced":0,"actors":[{"key":1245650351,"running":1,"term":5,"owner":25344,"owner_term":5,"assigned":254,"starts":1,"fenced":0,"released":0}]}
1791632590.576 {"t":"node","up_ms":75264,"node":25344,"epoch":242,"peers_alive":3,"peers_dead":0,"no_radio":0,"free_dram":250343,"largest_block":172032,"rx":{"total":4581,"bad_frame":0,"unknown_peer":13,"wrong_dst":0,"short_payload":0,"unknown_opcode":0,"queue_dropped":51},"tx":{"total":1948,"enqueue_err":0,"done_queue_dropped":0},"membership":{"deaths":0,"revivals":0,"reboots_seen":0,"table_full":0,"events_dropped":0}}
1791632590.576 {"t":"ns","node":25344,"hash":2410274060,"owner":25344,"kind":"sampled","unit":100,"class":4,"bound_ms":0,"quality":"GOOD","age_ms":403,"ts":74901,"updates":7,"value":242}
1791632590.576 {"t":"ns","node":25344,"hash":1274253983,"owner":25344,"kind":"sampled","unit":0,"class":4,"bound_ms":5000,"quality":"GOOD","age_ms":418,"ts":74901,"updates":7,"value":-30}
1791632590.576 {"t":"ns","node":25344,"hash":3354298913,"owner":25344,"kind":"sampled","unit":100,"class":4,"bound_ms":5000,"quality":"GOOD","age_ms":432,"ts":74901,"updates":7,"value":3}
1791632590.576 {"t":"ns","node":25344,"hash":1771187623,"owner":25344,"kind":"sampled","unit":101,"class":4,"bound_ms":30000,"quality":"GOOD","age_ms":447,"ts":74900,"updates":7,"value":250343}
1791632590.576 {"t":"ns","node":25344,"hash":1245650351,"owner":25344,"kind":"sampled","unit":0,"class":3,"bound_ms":500,"quality":"GOOD","age_ms":43,"ts":75318,"updates":672,"value":1660945056}
1791632590.576 {"t":"ns","node":25344,"hash":2033492666,"owner":25344,"kind":"sampled","unit":0,"class":3,"bound_ms":0,"quality":"NO_DATA","age_ms":0,"ts":0,"updates":0,"value":null}
1791632590.576 {"t":"ns","node":25344,"hash":4103947588,"owner":25344,"kind":"sampled","unit":80,"class":4,"bound_ms":30000,"quality":"GOOD","age_ms":501,"ts":74900,"updates":7,"value":74}
1791632590.576 {"t":"ns","node":25344,"hash":1662441583,"owner":25344,"kind":"sampled","unit":101,"class":4,"bound_ms":30000,"quality":"GOOD","age_ms":515,"ts":74900,"updates":7,"value":172032}
1791632600.719 {"t":"clk","node":25344,"up_ms":85430}
1791632600.719 {"t":"led","node":25344,"shows":"green","app":0}
1791632600.719 {"t":"event","at_ms":75462,"node":25344,"kind":"peer_admitted","peer":29544,"slot":0,"a":0,"b":0}
1791632600.719 {"t":"event","at_ms":76983,"node":25344,"kind":"peer_admitted","peer":33120,"slot":1,"a":0,"b":0}
1791632600.719 {"t":"event","at_ms":77462,"node":25344,"kind":"peer_admitted","peer":29544,"slot":0,"a":0,"b":0}
1791632600.719 {"t":"event","at_ms":78984,"node":25344,"kind":"peer_admitted","peer":33120,"slot":1,"a":0,"b":0}
1791632600.719 {"t":"event","at_ms":79462,"node":25344,"kind":"peer_admitted","peer":29544,"slot":0,"a":0,"b":0}
1791632600.719 {"t":"event","at_ms":80983,"node":25344,"kind":"peer_admitted","peer":33120,"slot":1,"a":0,"b":0}
1791632600.719 {"t":"event","at_ms":81462,"node":25344,"kind":"peer_admitted","peer":29544,"slot":0,"a":0,"b":0}
1791632600.719 {"t":"event","at_ms":82983,"node":25344,"kind":"peer_admitted","peer":33120,"slot":1,"a":0,"b":0}
1791632600.719 {"t":"event","at_ms":83462,"node":25344,"kind":"peer_admitted","peer":29544,"slot":0,"a":0,"b":0}
1791632600.719 {"t":"event","at_ms":84983,"node":25344,"kind":"peer_admitted","peer":33120,"slot":1,"a":0,"b":0}
1791632600.719 {"t":"event","at_ms":85462,"node":25344,"kind":"peer_admitted","peer":29544,"slot":0,"a":0,"b":0}
1791632600.719 {"t":"link","up_ms":85530,"node":25344,"peer":29544,"mac":"b8:1f:3f:da:73:68","state":"alive","epoch":169,"espnow_ver":2,"mtu":1446,"misses":0,"rssi":-30,"tx":{"frames":679,"cb_ok":679,"cb_fail":0,"enqueue_err":0,"pdr_ppm":1000000},"rx":{"frames":1585,"lost_seqgap":0,"reorder_dup":0,"dropped_bad":0,"hb_lost":5,"bcast_frames":833,"pdr_ppm":1000000},"rtt":{"samples":34,"min_us":5488,"max_us":23843,"timeouts":0,"txq_last_us":2817,"txq_max_us":9414,"remote_turnaround_us":852,"remote_turnaround_max_us":4804,"p50_us":[4000,6000],"p99_us":[22000,30000],"hist":[0,0,0,0,25,6,1,0,1,1,0,0,0,0,0,0]}}
1791632600.719 {"t":"link","up_ms":85573,"node":25344,"peer":33120,"mac":"b8:1f:3f:da:81:60","state":"alive","epoch":281,"espnow_ver":2,"mtu":1446,"misses":0,"rssi":-22,"tx":{"frames":258,"cb_ok":258,"cb_fail":0,"enqueue_err":0,"pdr_ppm":1000000},"rx":{"frames":1167,"lost_seqgap":1,"reorder_dup":0,"dropped_bad":0,"hb_lost":0,"bcast_frames":837,"pdr_ppm":999143},"rtt":{"samples":34,"min_us":5912,"max_us":18390,"timeouts":0,"txq_last_us":3337,"txq_max_us":3337,"remote_turnaround_us":1033,"remote_turnaround_max_us":1161,"p50_us":[6000,8000],"p99_us":[16000,22000],"hist":[0,0,0,0,15,13,2,2,2,0,0,0,0,0,0,0]}}
1791632600.719 {"t":"link","up_ms":85627,"node":25344,"peer":254,"mac":"02:00:00:00:00:fe","state":"alive","epoch":0,"espnow_ver":0,"mtu":226,"misses":0,"rssi":0,"tx":{"frames":500,"cb_ok":0,"cb_fail":0,"enqueue_err":0,"pdr_ppm":null},"rx":{"frames":861,"lost_seqgap":0,"reorder_dup":0,"dropped_bad":0,"hb_lost":0,"bcast_frames":0,"pdr_ppm":1000000},"rtt":{"samples":15,"min_us":7145,"max_us":80253,"timeouts":0,"txq_last_us":0,"txq_max_us":0,"remote_turnaround_us":13,"remote_turnaround_max_us":20,"p50_us":[42000,60000],"p99_us":[60000,85000],"hist":[0,0,0,0,0,1,0,0,0,2,1,9,2,0,0,0]}}
1791632600.719 {"t":"auth","node":25344,"up_ms":85681,"enrolled":1,"required":1,"verified_peers":2,"verified":2,"cache_hits":84,"refused":0,"rate_limited":0,"stale_epoch":0,"verify_us_max":79778,"link_stack_free_b":820,"crypto_stack_free_b":1268,"tags_ok":998,"bad_tag":0,"replayed":0,"untagged":0,"bcast_dropped":0,"beacon_epoch_ignored":0,"tag_us_max":1033}
1791632600.719 {"t":"act","node":25344,"setpoint":0,"has_value":0,"writes_served":0}
1791632600.719 {"t":"peers","node":25344,"own_period_ms":100,"own_busy":0,"channel":1,"scanning":0,"scans":0,"hops":0,"found":0,"lost_to_found_ms":0,"moves_followed":0,"moves_refused":0,"sweeps":0,"sweep_found":0,"sweeping":0,"search_visits":0,"relay":0,"fwd_u":0,"fwd_b":0,"fwd_h":0,"relay_dup":872,"list":[{"id":29544,"state":"alive","via_relay":0,"period_ms":100,"misses":6,"busy":1,"rtt_n":34},{"id":33120,"state":"alive","via_relay":0,"period_ms":100,"misses":6,"busy":0,"rtt_n":34},{"id":254,"state":"alive","via_relay":0,"period_ms":100,"misses":6,"busy":0,"rtt_n":15}]}
1791632600.719 {"t":"ss","node":25344,"accepted":0,"unsigned":0,"unknown_sender":0,"bad_signature":0,"replayed":0,"rate_limited":0,"verify_us_max":0,"floors":[]}
1791632601.103 {"t":"rec","node":25344,"up_ms":85777,"settled":1,"sent":339,"received":335,"malformed":0,"views":2,"replies_fenced":0,"actors":[{"key":1245650351,"running":1,"term":5,"owner":25344,"owner_term":5,"assigned":254,"starts":1,"fenced":0,"released":0}]}
1791632601.103 {"t":"node","up_ms":85805,"node":25344,"epoch":242,"peers_alive":3,"peers_dead":0,"no_radio":0,"free_dram":250343,"largest_block":172032,"rx":{"total":5382,"bad_frame":0,"unknown_peer":13,"wrong_dst":0,"short_payload":0,"unknown_opcode":0,"queue_dropped":51},"tx":{"total":2326,"enqueue_err":0,"done_queue_dropped":0},"membership":{"deaths":0,"revivals":0,"reboots_seen":0,"table_full":0,"events_dropped":0}}
1791632601.103 {"t":"ns","node":25344,"hash":2410274060,"owner":25344,"kind":"sampled","unit":100,"class":4,"bound_ms":0,"quality":"GOOD","age_ms":404,"ts":85431,"updates":8,"value":242}
1791632601.103 {"t":"ns","node":25344,"hash":1274253983,"owner":25344,"kind":"sampled","unit":0,"class":4,"bound_ms":5000,"quality":"GOOD","age_ms":417,"ts":85432,"updates":8,"value":-30}
1791632601.103 {"t":"ns","node":25344,"hash":3354298913,"owner":25344,"kind":"sampled","unit":100,"class":4,"bound_ms":5000,"quality":"GOOD","age_ms":431,"ts":85432,"updates":8,"value":3}
1791632601.103 {"t":"ns","node":25344,"hash":1771187623,"owner":25344,"kind":"sampled","unit":101,"class":4,"bound_ms":30000,"quality":"GOOD","age_ms":447,"ts":85431,"updates":8,"value":250343}
1791632601.103 {"t":"ns","node":25344,"hash":1245650351,"owner":25344,"kind":"sampled","unit":0,"class":3,"bound_ms":500,"quality":"GOOD","age_ms":14,"ts":85878,"updates":777,"value":1660945161}
1791632601.103 {"t":"ns","node":25344,"hash":2033492666,"owner":25344,"kind":"sampled","unit":0,"class":3,"bound_ms":0,"quality":"NO_DATA","age_ms":0,"ts":0,"updates":0,"value":null}
1791632601.103 {"t":"ns","node":25344,"hash":4103947588,"owner":25344,"kind":"sampled","unit":80,"class":4,"bound_ms":30000,"quality":"GOOD","age_ms":500,"ts":85431,"updates":8,"value":85}
1791632601.103 {"t":"ns","node":25344,"hash":1662441583,"owner":25344,"kind":"sampled","unit":101,"class":4,"bound_ms":30000,"quality":"GOOD","age_ms":514,"ts":85431,"updates":8,"value":172032}
1791632611.249 {"t":"clk","node":25344,"up_ms":95960}
1791632611.249 {"t":"led","node":25344,"shows":"green","app":0}
1791632611.249 {"t":"event","at_ms":86983,"node":25344,"kind":"peer_admitted","peer":33120,"slot":1,"a":0,"b":0}
1791632611.249 {"t":"event","at_ms":87462,"node":25344,"kind":"peer_admitted","peer":29544,"slot":0,"a":0,"b":0}
1791632611.249 {"t":"event","at_ms":88983,"node":25344,"kind":"peer_admitted","peer":33120,"slot":1,"a":0,"b":0}
1791632611.249 {"t":"event","at_ms":89463,"node":25344,"kind":"peer_admitted","peer":29544,"slot":0,"a":0,"b":0}
1791632611.249 {"t":"event","at_ms":90983,"node":25344,"kind":"peer_admitted","peer":33120,"slot":1,"a":0,"b":0}
1791632611.249 {"t":"event","at_ms":91463,"node":25344,"kind":"peer_admitted","peer":29544,"slot":0,"a":0,"b":0}
1791632611.249 {"t":"event","at_ms":92983,"node":25344,"kind":"peer_admitted","peer":33120,"slot":1,"a":0,"b":0}
1791632611.249 {"t":"event","at_ms":93462,"node":25344,"kind":"peer_admitted","peer":29544,"slot":0,"a":0,"b":0}
1791632611.249 {"t":"event","at_ms":94983,"node":25344,"kind":"peer_admitted","peer":33120,"slot":1,"a":0,"b":0}
1791632611.249 {"t":"event","at_ms":95462,"node":25344,"kind":"peer_admitted","peer":29544,"slot":0,"a":0,"b":0}
1791632611.249 {"t":"link","up_ms":96048,"node":25344,"peer":29544,"mac":"b8:1f:3f:da:73:68","state":"alive","epoch":169,"espnow_ver":2,"mtu":1446,"misses":0,"rssi":-30,"tx":{"frames":803,"cb_ok":803,"cb_fail":0,"enqueue_err":0,"pdr_ppm":1000000},"rx":{"frames":1825,"lost_seqgap":0,"reorder_dup":0,"dropped_bad":0,"hb_lost":6,"bcast_frames":937,"pdr_ppm":1000000},"rtt":{"samples":38,"min_us":5488,"max_us":23843,"timeouts":0,"txq_last_us":9005,"txq_max_us":9414,"remote_turnaround_us":860,"remote_turnaround_max_us":4804,"p50_us":[4000,6000],"p99_us":[22000,30000],"hist":[0,0,0,0,28,6,1,0,2,1,0,0,0,0,0,0]}}
1791632611.249 {"t":"link","up_ms":96102,"node":25344,"peer":33120,"mac":"b8:1f:3f:da:81:60","state":"alive","epoch":281,"espnow_ver":2,"mtu":1446,"misses":0,"rssi":-22,"tx":{"frames":285,"cb_ok":285,"cb_fail":0,"enqueue_err":0,"pdr_ppm":1000000},"rx":{"frames":1312,"lost_seqgap":1,"reorder_dup":0,"dropped_bad":0,"hb_lost":0,"bcast_frames":942,"pdr_ppm":999238},"rtt":{"samples":37,"min_us":5833,"max_us":18390,"timeouts":0,"txq_last_us":3337,"txq_max_us":3337,"remote_turnaround_us":1048,"remote_turnaround_max_us":1161,"p50_us":[6000,8000],"p99_us":[16000,22000],"hist":[0,0,0,0,16,14,3,2,2,0,0,0,0,0,0,0]}}
1791632611.249 {"t":"link","up_ms":96156,"node":25344,"peer":254,"mac":"02:00:00:00:00:fe","state":"alive","epoch":0,"espnow_ver":0,"mtu":226,"misses":0,"rssi":0,"tx":{"frames":614,"cb_ok":0,"cb_fail":0,"enqueue_err":0,"pdr_ppm":null},"rx":{"frames":1058,"lost_seqgap":0,"reorder_dup":0,"dropped_bad":0,"hb_lost":0,"bcast_frames":0,"pdr_ppm":1000000},"rtt":{"samples":19,"min_us":7145,"max_us":99239,"timeouts":0,"txq_last_us":0,"txq_max_us":0,"remote_turnaround_us":14,"remote_turnaround_max_us":20,"p50_us":[42000,60000],"p99_us":[85000,110000],"hist":[0,0,0,0,0,1,0,0,0,3,1,11,2,1,0,0]}}
1791632611.249 {"t":"auth","node":25344,"up_ms":96199,"enrolled":1,"required":1,"verified_peers":2,"verified":2,"cache_hits":94,"refused":0,"rate_limited":0,"stale_epoch":0,"verify_us_max":79778,"link_stack_free_b":820,"crypto_stack_free_b":1268,"tags_ok":1164,"bad_tag":0,"replayed":0,"untagged":0,"bcast_dropped":0,"beacon_epoch_ignored":0,"tag_us_max":1033}
1791632611.249 {"t":"act","node":25344,"setpoint":0,"has_value":0,"writes_served":0}
1791632611.249 {"t":"peers","node":25344,"own_period_ms":100,"own_busy":0,"channel":1,"scanning":0,"scans":0,"hops":0,"found":0,"lost_to_found_ms":0,"moves_followed":0,"moves_refused":0,"sweeps":0,"sweep_found":0,"sweeping":0,"search_visits":0,"relay":0,"fwd_u":0,"fwd_b":0,"fwd_h":0,"relay_dup":979,"list":[{"id":29544,"state":"alive","via_relay":0,"period_ms":100,"misses":6,"busy":1,"rtt_n":38},{"id":33120,"state":"alive","via_relay":0,"period_ms":100,"misses":6,"busy":0,"rtt_n":37},{"id":254,"state":"alive","via_relay":0,"period_ms":100,"misses":6,"busy":0,"rtt_n":19}]}
1791632611.249 {"t":"ss","node":25344,"accepted":0,"unsigned":0,"unknown_sender":0,"bad_signature":0,"replayed":0,"rate_limited":0,"verify_us_max":0,"floors":[]}
1791632611.624 {"t":"rec","node":25344,"up_ms":96295,"settled":1,"sent":381,"received":377,"malformed":0,"views":2,"replies_fenced":0,"actors":[{"key":1245650351,"running":1,"term":5,"owner":25344,"owner_term":5,"assigned":254,"starts":1,"fenced":0,"released":0}]}
1791632611.624 {"t":"node","up_ms":96321,"node":25344,"epoch":242,"peers_alive":3,"peers_dead":0,"no_radio":0,"free_dram":249059,"largest_block":172032,"rx":{"total":6182,"bad_frame":0,"unknown_peer":13,"wrong_dst":0,"short_payload":0,"unknown_opcode":0,"queue_dropped":51},"tx":{"total":2701,"enqueue_err":0,"done_queue_dropped":0},"membership":{"deaths":0,"revivals":0,"reboots_seen":0,"table_full":0,"events_dropped":0}}
1791632611.624 {"t":"ns","node":25344,"hash":2410274060,"owner":25344,"kind":"sampled","unit":100,"class":4,"bound_ms":0,"quality":"GOOD","age_ms":400,"ts":95961,"updates":9,"value":242}
1791632611.624 {"t":"ns","node":25344,"hash":1274253983,"owner":25344,"kind":"sampled","unit":0,"class":4,"bound_ms":5000,"quality":"GOOD","age_ms":414,"ts":95962,"updates":9,"value":-30}
1791632611.624 {"t":"ns","node":25344,"hash":3354298913,"owner":25344,"kind":"sampled","unit":100,"class":4,"bound_ms":5000,"quality":"GOOD","age_ms":428,"ts":95962,"updates":9,"value":3}
1791632611.624 {"t":"ns","node":25344,"hash":1771187623,"owner":25344,"kind":"sampled","unit":101,"class":4,"bound_ms":30000,"quality":"GOOD","age_ms":443,"ts":95961,"updates":9,"value":250343}
1791632611.624 {"t":"ns","node":25344,"hash":1245650351,"owner":25344,"kind":"sampled","unit":0,"class":3,"bound_ms":500,"quality":"GOOD","age_ms":87,"ts":96331,"updates":880,"value":1660945264}
1791632611.624 {"t":"ns","node":25344,"hash":2033492666,"owner":25344,"kind":"sampled","unit":0,"class":3,"bound_ms":0,"quality":"NO_DATA","age_ms":0,"ts":0,"updates":0,"value":null}
1791632611.624 {"t":"ns","node":25344,"hash":4103947588,"owner":25344,"kind":"sampled","unit":80,"class":4,"bound_ms":30000,"quality":"GOOD","age_ms":486,"ts":95961,"updates":9,"value":95}
1791632611.624 {"t":"ns","node":25344,"hash":1662441583,"owner":25344,"kind":"sampled","unit":101,"class":4,"bound_ms":30000,"quality":"GOOD","age_ms":500,"ts":95961,"updates":9,"value":172032}
1791632621.764 {"t":"clk","node":25344,"up_ms":106475}
1791632621.764 {"t":"led","node":25344,"shows":"green","app":0}
1791632621.764 {"t":"event","at_ms":96983,"node":25344,"kind":"peer_admitted","peer":33120,"slot":1,"a":0,"b":0}
1791632621.764 {"t":"event","at_ms":97462,"node":25344,"kind":"peer_admitted","peer":29544,"slot":0,"a":0,"b":0}
1791632621.764 {"t":"event","at_ms":98983,"node":25344,"kind":"peer_admitted","peer":33120,"slot":1,"a":0,"b":0}
1791632621.764 {"t":"event","at_ms":99462,"node":25344,"kind":"peer_admitted","peer":29544,"slot":0,"a":0,"b":0}
1791632621.764 {"t":"event","at_ms":100983,"node":25344,"kind":"peer_admitted","peer":33120,"slot":1,"a":0,"b":0}
1791632621.764 {"t":"event","at_ms":101462,"node":25344,"kind":"peer_admitted","peer":29544,"slot":0,"a":0,"b":0}
1791632621.764 {"t":"event","at_ms":102983,"node":25344,"kind":"peer_admitted","peer":33120,"slot":1,"a":0,"b":0}
1791632621.764 {"t":"event","at_ms":103478,"node":25344,"kind":"peer_admitted","peer":29544,"slot":0,"a":0,"b":0}
1791632621.764 {"t":"event","at_ms":104983,"node":25344,"kind":"peer_admitted","peer":33120,"slot":1,"a":0,"b":0}
1791632621.764 {"t":"event","at_ms":105475,"node":25344,"kind":"peer_admitted","peer":29544,"slot":0,"a":0,"b":0}
1791632621.764 {"t":"link","up_ms":106560,"node":25344,"peer":29544,"mac":"b8:1f:3f:da:73:68","state":"alive","epoch":169,"espnow_ver":2,"mtu":1446,"misses":0,"rssi":-30,"tx":{"frames":928,"cb_ok":928,"cb_fail":0,"enqueue_err":0,"pdr_ppm":1000000},"rx":{"frames":2066,"lost_seqgap":0,"reorder_dup":0,"dropped_bad":0,"hb_lost":6,"bcast_frames":1042,"pdr_ppm":1000000},"rtt":{"samples":41,"min_us":5488,"max_us":23843,"timeouts":0,"txq_last_us":9422,"txq_max_us":9422,"remote_turnaround_us":1012,"remote_turnaround_max_us":4804,"p50_us":[4000,6000],"p99_us":[22000,30000],"hist":[0,0,0,0,29,7,1,0,3,1,0,0,0,0,0,0]}}
1791632621.764 {"t":"link","up_ms":106614,"node":25344,"peer":33120,"mac":"b8:1f:3f:da:81:60","state":"alive","epoch":281,"espnow_ver":2,"mtu":1446,"misses":0,"rssi":-22,"tx":{"frames":313,"cb_ok":313,"cb_fail":0,"enqueue_err":0,"pdr_ppm":1000000},"rx":{"frames":1457,"lost_seqgap":1,"reorder_dup":0,"dropped_bad":0,"hb_lost":0,"bcast_frames":1047,"pdr_ppm":999314},"rtt":{"samples":41,"min_us":5833,"max_us":18390,"timeouts":0,"txq_last_us":4461,"txq_max_us":4461,"remote_turnaround_us":1023,"remote_turnaround_max_us":1161,"p50_us":[6000,8000],"p99_us":[16000,22000],"hist":[0,0,0,0,18,15,4,2,2,0,0,0,0,0,0,0]}}
1791632621.764 {"t":"link","up_ms":106668,"node":25344,"peer":254,"mac":"02:00:00:00:00:fe","state":"alive","epoch":0,"espnow_ver":0,"mtu":226,"misses":0,"rssi":0,"tx":{"frames":728,"cb_ok":0,"cb_fail":0,"enqueue_err":0,"pdr_ppm":null},"rx":{"frames":1255,"lost_seqgap":0,"reorder_dup":0,"dropped_bad":0,"hb_lost":0,"bcast_frames":0,"pdr_ppm":1000000},"rtt":{"samples":22,"min_us":7145,"max_us":99239,"timeouts":0,"txq_last_us":0,"txq_max_us":0,"remote_turnaround_us":13,"remote_turnaround_max_us":20,"p50_us":[42000,60000],"p99_us":[85000,110000],"hist":[0,0,0,0,0,1,0,0,0,3,1,13,3,1,0,0]}}
1791632621.764 {"t":"auth","node":25344,"up_ms":106722,"enrolled":1,"required":1,"verified_peers":2,"verified":2,"cache_hits":104,"refused":0,"rate_limited":0,"stale_epoch":0,"verify_us_max":79778,"link_stack_free_b":820,"crypto_stack_free_b":1268,"tags_ok":1332,"bad_tag":0,"replayed":0,"untagged":0,"bcast_dropped":0,"beacon_epoch_ignored":0,"tag_us_max":1033}
1791632621.764 {"t":"act","node":25344,"setpoint":0,"has_value":0,"writes_served":0}
1791632621.764 {"t":"peers","node":25344,"own_period_ms":100,"own_busy":0,"channel":1,"scanning":0,"scans":0,"hops":0,"found":0,"lost_to_found_ms":0,"moves_followed":0,"moves_refused":0,"sweeps":0,"sweep_found":0,"sweeping":0,"search_visits":0,"relay":0,"fwd_u":0,"fwd_b":0,"fwd_h":0,"relay_dup":1089,"list":[{"id":29544,"state":"alive","via_relay":0,"period_ms":100,"misses":6,"busy":1,"rtt_n":41},{"id":33120,"state":"alive","via_relay":0,"period_ms":100,"misses":6,"busy":0,"rtt_n":41},{"id":254,"state":"alive","via_relay":0,"period_ms":100,"misses":6,"busy":0,"rtt_n":22}]}
1791632621.764 {"t":"ss","node":25344,"accepted":0,"unsigned":0,"unknown_sender":0,"bad_signature":0,"replayed":0,"rate_limited":0,"verify_us_max":0,"floors":[]}
1791632622.141 {"t":"rec","node":25344,"up_ms":106818,"settled":1,"sent":422,"received":418,"malformed":0,"views":2,"replies_fenced":0,"actors":[{"key":1245650351,"running":1,"term":5,"owner":25344,"owner_term":5,"assigned":254,"starts":1,"fenced":0,"released":0}]}
1791632622.141 {"t":"node","up_ms":106833,"node":25344,"epoch":242,"peers_alive":3,"peers_dead":0,"no_radio":0,"free_dram":250343,"largest_block":172032,"rx":{"total":6988,"bad_frame":0,"unknown_peer":13,"wrong_dst":0,"short_payload":0,"unknown_opcode":0,"queue_dropped":51},"tx":{"total":3079,"enqueue_err":0,"done_queue_dropped":0},"membership":{"deaths":0,"revivals":0,"reboots_seen":0,"table_full":0,"events_dropped":0}}
1791632622.141 {"t":"ns","node":25344,"hash":2410274060,"owner":25344,"kind":"sampled","unit":100,"class":4,"bound_ms":0,"quality":"GOOD","age_ms":396,"ts":106477,"updates":10,"value":242}
1791632622.141 {"t":"ns","node":25344,"hash":1274253983,"owner":25344,"kind":"sampled","unit":0,"class":4,"bound_ms":5000,"quality":"GOOD","age_ms":410,"ts":106477,"updates":10,"value":-30}
1791632622.141 {"t":"ns","node":25344,"hash":3354298913,"owner":25344,"kind":"sampled","unit":100,"class":4,"bound_ms":5000,"quality":"GOOD","age_ms":425,"ts":106477,"updates":10,"value":3}
1791632622.141 {"t":"ns","node":25344,"hash":1771187623,"owner":25344,"kind":"sampled","unit":101,"class":4,"bound_ms":30000,"quality":"GOOD","age_ms":440,"ts":106476,"updates":10,"value":250343}
1791632622.141 {"t":"ns","node":25344,"hash":1245650351,"owner":25344,"kind":"sampled","unit":0,"class":3,"bound_ms":500,"quality":"GOOD","age_ms":7,"ts":106934,"updates":985,"value":1660945369}
1791632622.141 {"t":"ns","node":25344,"hash":2033492666,"owner":25344,"kind":"sampled","unit":0,"class":3,"bound_ms":0,"quality":"NO_DATA","age_ms":0,"ts":0,"updates":0,"value":null}
1791632622.141 {"t":"ns","node":25344,"hash":4103947588,"owner":25344,"kind":"sampled","unit":80,"class":4,"bound_ms":30000,"quality":"GOOD","age_ms":492,"ts":106477,"updates":10,"value":106}
1791632622.141 {"t":"ns","node":25344,"hash":1662441583,"owner":25344,"kind":"sampled","unit":101,"class":4,"bound_ms":30000,"quality":"GOOD","age_ms":507,"ts":106477,"updates":10,"value":172032}
1791632632.292 {"t":"clk","node":25344,"up_ms":116998}
1791632632.292 {"t":"led","node":25344,"shows":"green","app":0}
1791632632.292 {"t":"event","at_ms":106983,"node":25344,"kind":"peer_admitted","peer":33120,"slot":1,"a":0,"b":0}
1791632632.292 {"t":"event","at_ms":107480,"node":25344,"kind":"peer_admitted","peer":29544,"slot":0,"a":0,"b":0}
1791632632.292 {"t":"event","at_ms":108989,"node":25344,"kind":"peer_admitted","peer":33120,"slot":1,"a":0,"b":0}
1791632632.292 {"t":"event","at_ms":109479,"node":25344,"kind":"peer_admitted","peer":29544,"slot":0,"a":0,"b":0}
1791632632.292 {"t":"event","at_ms":110983,"node":25344,"kind":"peer_admitted","peer":33120,"slot":1,"a":0,"b":0}
1791632632.292 {"t":"event","at_ms":111480,"node":25344,"kind":"peer_admitted","peer":29544,"slot":0,"a":0,"b":0}
1791632632.292 {"t":"event","at_ms":112983,"node":25344,"kind":"peer_admitted","peer":33120,"slot":1,"a":0,"b":0}
1791632632.292 {"t":"event","at_ms":113479,"node":25344,"kind":"peer_admitted","peer":29544,"slot":0,"a":0,"b":0}
1791632632.292 {"t":"event","at_ms":114983,"node":25344,"kind":"peer_admitted","peer":33120,"slot":1,"a":0,"b":0}
1791632632.292 {"t":"event","at_ms":115479,"node":25344,"kind":"peer_admitted","peer":29544,"slot":0,"a":0,"b":0}
1791632632.292 {"t":"event","at_ms":116983,"node":25344,"kind":"peer_admitted","peer":33120,"slot":1,"a":0,"b":0}
1791632632.292 {"t":"link","up_ms":117097,"node":25344,"peer":29544,"mac":"b8:1f:3f:da:73:68","state":"alive","epoch":169,"espnow_ver":2,"mtu":1446,"misses":0,"rssi":-30,"tx":{"frames":1054,"cb_ok":1054,"cb_fail":0,"enqueue_err":0,"pdr_ppm":1000000},"rx":{"frames":2309,"lost_seqgap":0,"reorder_dup":0,"dropped_bad":0,"hb_lost":6,"bcast_frames":1147,"pdr_ppm":1000000},"rtt":{"samples":45,"min_us":5488,"max_us":36483,"timeouts":0,"txq_last_us":9376,"txq_max_us":9422,"remote_turnaround_us":846,"remote_turnaround_max_us":23822,"p50_us":[4000,6000],"p99_us":[30000,42000],"hist":[0,0,0,0,31,7,1,0,4,1,1,0,0,0,0,0]}}
1791632632.292 {"t":"link","up_ms":117151,"node":25344,"peer":33120,"mac":"b8:1f:3f:da:81:60","state":"alive","epoch":281,"espnow_ver":2,"mtu":1446,"misses":0,"rssi":-22,"tx":{"frames":341,"cb_ok":341,"cb_fail":0,"enqueue_err":0,"pdr_ppm":1000000},"rx":{"frames":1603,"lost_seqgap":1,"reorder_dup":0,"dropped_bad":0,"hb_lost":0,"bcast_frames":1152,"pdr_ppm":999376},"rtt":{"samples":44,"min_us":5833,"max_us":18390,"timeouts":0,"txq_last_us":2813,"txq_max_us":4461,"remote_turnaround_us":1017,"remote_turnaround_max_us":1161,"p50_us":[6000,8000],"p99_us":[16000,22000],"hist":[0,0,0,0,20,16,4,2,2,0,0,0,0,0,0,0]}}
1791632632.292 {"t":"link","up_ms":117205,"node":25344,"peer":254,"mac":"02:00:00:00:00:fe","state":"alive","epoch":0,"espnow_ver":0,"mtu":226,"misses":0,"rssi":0,"tx":{"frames":844,"cb_ok":0,"cb_fail":0,"enqueue_err":0,"pdr_ppm":null},"rx":{"frames":1455,"lost_seqgap":0,"reorder_dup":0,"dropped_bad":0,"hb_lost":0,"bcast_frames":0,"pdr_ppm":1000000},"rtt":{"samples":26,"min_us":7145,"max_us":99239,"timeouts":0,"txq_last_us":0,"txq_max_us":0,"remote_turnaround_us":13,"remote_turnaround_max_us":23,"p50_us":[42000,60000],"p99_us":[85000,110000],"hist":[0,0,0,0,0,1,0,0,1,3,1,15,4,1,0,0]}}
1791632632.292 {"t":"auth","node":25344,"up_ms":117248,"enrolled":1,"required":1,"verified_peers":2,"verified":2,"cache_hits":115,"refused":0,"rate_limited":0,"stale_epoch":0,"verify_us_max":79778,"link_stack_free_b":820,"crypto_stack_free_b":1268,"tags_ok":1498,"bad_tag":0,"replayed":0,"untagged":0,"bcast_dropped":0,"beacon_epoch_ignored":0,"tag_us_max":1033}
1791632632.292 {"t":"act","node":25344,"setpoint":0,"has_value":0,"writes_served":0}
1791632632.292 {"t":"peers","node":25344,"own_period_ms":100,"own_busy":0,"channel":1,"scanning":0,"scans":0,"hops":0,"found":0,"lost_to_found_ms":0,"moves_followed":0,"moves_refused":0,"sweeps":0,"sweep_found":0,"sweeping":0,"search_visits":0,"relay":0,"fwd_u":0,"fwd_b":0,"fwd_h":0,"relay_dup":1199,"list":[{"id":29544,"state":"alive","via_relay":0,"period_ms":100,"misses":6,"busy":1,"rtt_n":45},{"id":33120,"state":"alive","via_relay":0,"period_ms":100,"misses":6,"busy":0,"rtt_n":44},{"id":254,"state":"alive","via_relay":0,"period_ms":100,"misses":6,"busy":0,"rtt_n":26}]}
1791632632.680 {"t":"ss","node":25344,"accepted":0,"unsigned":0,"unknown_sender":0,"bad_signature":0,"replayed":0,"rate_limited":0,"verify_us_max":0,"floors":[]}
1791632632.680 {"t":"rec","node":25344,"up_ms":117345,"settled":1,"sent":464,"received":459,"malformed":0,"views":2,"replies_fenced":0,"actors":[{"key":1245650351,"running":1,"term":5,"owner":25344,"owner_term":5,"assigned":254,"starts":1,"fenced":0,"released":0}]}
1791632632.680 {"t":"node","up_ms":117371,"node":25344,"epoch":242,"peers_alive":3,"peers_dead":0,"no_radio":0,"free_dram":250343,"largest_block":172032,"rx":{"total":7795,"bad_frame":0,"unknown_peer":13,"wrong_dst":0,"short_payload":0,"unknown_opcode":0,"queue_dropped":51},"tx":{"total":3458,"enqueue_err":0,"done_queue_dropped":0},"membership":{"deaths":0,"revivals":0,"reboots_seen":0,"table_full":0,"events_dropped":0}}
1791632632.680 {"t":"ns","node":25344,"hash":2410274060,"owner":25344,"kind":"sampled","unit":100,"class":4,"bound_ms":0,"quality":"GOOD","age_ms":411,"ts":117000,"updates":11,"value":242}
1791632632.680 {"t":"ns","node":25344,"hash":1274253983,"owner":25344,"kind":"sampled","unit":0,"class":4,"bound_ms":5000,"quality":"GOOD","age_ms":426,"ts":117000,"updates":11,"value":-30}
1791632632.680 {"t":"ns","node":25344,"hash":3354298913,"owner":25344,"kind":"sampled","unit":100,"class":4,"bound_ms":5000,"quality":"GOOD","age_ms":440,"ts":117000,"updates":11,"value":3}
1791632632.680 {"t":"ns","node":25344,"hash":1771187623,"owner":25344,"kind":"sampled","unit":101,"class":4,"bound_ms":30000,"quality":"GOOD","age_ms":455,"ts":116999,"updates":11,"value":250343}
1791632632.680 {"t":"ns","node":25344,"hash":1245650351,"owner":25344,"kind":"sampled","unit":0,"class":3,"bound_ms":500,"quality":"GOOD","age_ms":6,"ts":117462,"updates":1089,"value":1660945473}
1791632632.680 {"t":"ns","node":25344,"hash":2033492666,"owner":25344,"kind":"sampled","unit":0,"class":3,"bound_ms":0,"quality":"NO_DATA","age_ms":0,"ts":0,"updates":0,"value":null}
1791632632.680 {"t":"ns","node":25344,"hash":4103947588,"owner":25344,"kind":"sampled","unit":80,"class":4,"bound_ms":30000,"quality":"GOOD","age_ms":496,"ts":117000,"updates":11,"value":117}
1791632632.680 {"t":"ns","node":25344,"hash":1662441583,"owner":25344,"kind":"sampled","unit":101,"class":4,"bound_ms":30000,"quality":"GOOD","age_ms":510,"ts":117000,"updates":11,"value":172032}
1791632642.813 {"t":"clk","node":25344,"up_ms":127525}
1791632642.813 {"t":"led","node":25344,"shows":"green","app":0}
1791632642.813 {"t":"event","at_ms":117479,"node":25344,"kind":"peer_admitted","peer":29544,"slot":0,"a":0,"b":0}
1791632642.813 {"t":"event","at_ms":118983,"node":25344,"kind":"peer_admitted","peer":33120,"slot":1,"a":0,"b":0}
1791632642.813 {"t":"event","at_ms":119479,"node":25344,"kind":"peer_admitted","peer":29544,"slot":0,"a":0,"b":0}
1791632642.813 {"t":"event","at_ms":120998,"node":25344,"kind":"peer_admitted","peer":33120,"slot":1,"a":0,"b":0}
1791632642.813 {"t":"event","at_ms":121479,"node":25344,"kind":"peer_admitted","peer":29544,"slot":0,"a":0,"b":0}
1791632642.813 {"t":"event","at_ms":122983,"node":25344,"kind":"peer_admitted","peer":33120,"slot":1,"a":0,"b":0}
1791632642.813 {"t":"event","at_ms":123480,"node":25344,"kind":"peer_admitted","peer":29544,"slot":0,"a":0,"b":0}
1791632642.813 {"t":"event","at_ms":124983,"node":25344,"kind":"peer_admitted","peer":33120,"slot":1,"a":0,"b":0}
1791632642.813 {"t":"event","at_ms":125479,"node":25344,"kind":"peer_admitted","peer":29544,"slot":0,"a":0,"b":0}
1791632642.813 {"t":"event","at_ms":126983,"node":25344,"kind":"peer_admitted","peer":33120,"slot":1,"a":0,"b":0}
1791632642.813 {"t":"event","at_ms":127480,"node":25344,"kind":"peer_admitted","peer":29544,"slot":0,"a":0,"b":0}
1791632642.813 {"t":"link","up_ms":127623,"node":25344,"peer":29544,"mac":"b8:1f:3f:da:73:68","state":"alive","epoch":169,"espnow_ver":2,"mtu":1446,"misses":0,"rssi":-30,"tx":{"frames":1178,"cb_ok":1178,"cb_fail":0,"enqueue_err":0,"pdr_ppm":1000000},"rx":{"frames":2550,"lost_seqgap":0,"reorder_dup":0,"dropped_bad":0,"hb_lost":6,"bcast_frames":1252,"pdr_ppm":1000000},"rtt":{"samples":48,"min_us":5488,"max_us":36483,"timeouts":0,"txq_last_us":2933,"txq_max_us":9422,"remote_turnaround_us":857,"remote_turnaround_max_us":23822,"p50_us":[4000,6000],"p99_us":[30000,42000],"hist":[0,0,0,0,33,7,1,1,4,1,1,0,0,0,0,0]}}
1791632642.813 {"t":"link","up_ms":127678,"node":25344,"peer":33120,"mac":"b8:1f:3f:da:81:60","state":"alive","epoch":281,"espnow_ver":2,"mtu":1446,"misses":0,"rssi":-22,"tx":{"frames":369,"cb_ok":369,"cb_fail":0,"enqueue_err":0,"pdr_ppm":1000000},"rx":{"frames":1750,"lost_seqgap":1,"reorder_dup":0,"dropped_bad":0,"hb_lost":0,"bcast_frames":1258,"pdr_ppm":999428},"rtt":{"samples":48,"min_us":5833,"max_us":18390,"timeouts":0,"txq_last_us":6524,"txq_max_us":6524,"remote_turnaround_us":1016,"remote_turnaround_max_us":1161,"p50_us":[6000,8000],"p99_us":[16000,22000],"hist":[0,0,0,0,21,18,4,3,2,0,0,0,0,0,0,0]}}
1791632642.813 {"t":"link","up_ms":127732,"node":25344,"peer":254,"mac":"02:00:00:00:00:fe","state":"alive","epoch":0,"espnow_ver":0,"mtu":226,"misses":0,"rssi":0,"tx":{"frames":958,"cb_ok":0,"cb_fail":0,"enqueue_err":0,"pdr_ppm":null},"rx":{"frames":1652,"lost_seqgap":0,"reorder_dup":0,"dropped_bad":0,"hb_lost":0,"bcast_frames":0,"pdr_ppm":1000000},"rtt":{"samples":29,"min_us":7145,"max_us":99239,"timeouts":0,"txq_last_us":0,"txq_max_us":0,"remote_turnaround_us":14,"remote_turnaround_max_us":23,"p50_us":[42000,60000],"p99_us":[85000,110000],"hist":[0,0,0,0,0,1,0,0,1,3,1,18,4,1,0,0]}}
1791632642.813 {"t":"auth","node":25344,"up_ms":127775,"enrolled":1,"required":1,"verified_peers":2,"verified":2,"cache_hits":126,"refused":0,"rate_limited":0,"stale_epoch":0,"verify_us_max":79778,"link_stack_free_b":820,"crypto_stack_free_b":1268,"tags_ok":1664,"bad_tag":0,"replayed":0,"untagged":0,"bcast_dropped":0,"beacon_epoch_ignored":0,"tag_us_max":1033}
1791632642.813 {"t":"act","node":25344,"setpoint":0,"has_value":0,"writes_served":0}
1791632642.813 {"t":"peers","node":25344,"own_period_ms":100,"own_busy":0,"channel":1,"scanning":0,"scans":0,"hops":0,"found":0,"lost_to_found_ms":0,"moves_followed":0,"moves_refused":0,"sweeps":0,"sweep_found":0,"sweeping":0,"search_visits":0,"relay":0,"fwd_u":0,"fwd_b":0,"fwd_h":0,"relay_dup":1307,"list":[{"id":29544,"state":"alive","via_relay":0,"period_ms":100,"misses":6,"busy":1,"rtt_n":48},{"id":33120,"state":"alive","via_relay":0,"period_ms":100,"misses":6,"busy":0,"rtt_n":48},{"id":254,"state":"alive","via_relay":0,"period_ms":100,"misses":6,"busy":0,"rtt_n":30}]}
1791632643.208 {"t":"ss","node":25344,"accepted":0,"unsigned":0,"unknown_sender":0,"bad_signature":0,"replayed":0,"rate_limited":0,"verify_us_max":0,"floors":[]}
1791632643.208 {"t":"rec","node":25344,"up_ms":127871,"settled":1,"sent":505,"received":501,"malformed":0,"views":2,"replies_fenced":0,"actors":[{"key":1245650351,"running":1,"term":5,"owner":25344,"owner_term":5,"assigned":254,"starts":1,"fenced":0,"released":0}]}
1791632643.208 {"t":"node","up_ms":127898,"node":25344,"epoch":242,"peers_alive":3,"peers_dead":0,"no_radio":0,"free_dram":250343,"largest_block":172032,"rx":{"total":8601,"bad_frame":0,"unknown_peer":13,"wrong_dst":0,"short_payload":0,"unknown_opcode":0,"queue_dropped":51},"tx":{"total":3837,"enqueue_err":0,"done_queue_dropped":0},"membership":{"deaths":0,"revivals":0,"reboots_seen":0,"table_full":0,"events_dropped":0}}
1791632643.208 {"t":"ns","node":25344,"hash":2410274060,"owner":25344,"kind":"sampled","unit":100,"class":4,"bound_ms":0,"quality":"GOOD","age_ms":411,"ts":127527,"updates":12,"value":242}
1791632643.208 {"t":"ns","node":25344,"hash":1274253983,"owner":25344,"kind":"sampled","unit":0,"class":4,"bound_ms":5000,"quality":"GOOD","age_ms":426,"ts":127527,"updates":12,"value":-30}
1791632643.208 {"t":"ns","node":25344,"hash":3354298913,"owner":25344,"kind":"sampled","unit":100,"class":4,"bound_ms":5000,"quality":"GOOD","age_ms":440,"ts":127527,"updates":12,"value":3}
1791632643.208 {"t":"ns","node":25344,"hash":1771187623,"owner":25344,"kind":"sampled","unit":101,"class":4,"bound_ms":30000,"quality":"GOOD","age_ms":455,"ts":127526,"updates":12,"value":250343}
1791632643.208 {"t":"ns","node":25344,"hash":1245650351,"owner":25344,"kind":"sampled","unit":0,"class":3,"bound_ms":500,"quality":"GOOD","age_ms":89,"ts":127906,"updates":1192,"value":1660945576}
1791632643.208 {"t":"ns","node":25344,"hash":2033492666,"owner":25344,"kind":"sampled","unit":0,"class":3,"bound_ms":0,"quality":"NO_DATA","age_ms":0,"ts":0,"updates":0,"value":null}
1791632643.208 {"t":"ns","node":25344,"hash":4103947588,"owner":25344,"kind":"sampled","unit":80,"class":4,"bound_ms":30000,"quality":"GOOD","age_ms":497,"ts":127527,"updates":12,"value":127}
1791632643.208 {"t":"ns","node":25344,"hash":1662441583,"owner":25344,"kind":"sampled","unit":101,"class":4,"bound_ms":30000,"quality":"GOOD","age_ms":512,"ts":127527,"updates":12,"value":172032}
1791632651.582 W (137596) pot.m0: peer 0x7368 declared DEAD after 6 misses (626 ms silent)
1791632653.345 {"t":"clk","node":25344,"up_ms":138054}
1791632653.345 {"t":"led","node":25344,"shows":"red","app":0}
1791632653.345 {"t":"event","at_ms":128983,"node":25344,"kind":"peer_admitted","peer":33120,"slot":1,"a":0,"b":0}
1791632653.345 {"t":"event","at_ms":129479,"node":25344,"kind":"peer_admitted","peer":29544,"slot":0,"a":0,"b":0}
1791632653.345 {"t":"event","at_ms":130983,"node":25344,"kind":"peer_admitted","peer":33120,"slot":1,"a":0,"b":0}
1791632653.345 {"t":"event","at_ms":131479,"node":25344,"kind":"peer_admitted","peer":29544,"slot":0,"a":0,"b":0}
1791632653.345 {"t":"event","at_ms":132987,"node":25344,"kind":"peer_admitted","peer":33120,"slot":1,"a":0,"b":0}
1791632653.345 {"t":"event","at_ms":133479,"node":25344,"kind":"peer_admitted","peer":29544,"slot":0,"a":0,"b":0}
1791632653.345 {"t":"event","at_ms":134983,"node":25344,"kind":"peer_admitted","peer":33120,"slot":1,"a":0,"b":0}
1791632653.345 {"t":"event","at_ms":135479,"node":25344,"kind":"peer_admitted","peer":29544,"slot":0,"a":0,"b":0}
1791632653.345 {"t":"event","at_ms":136433,"node":25344,"kind":"peer_dead","peer":29544,"slot":0,"a":6,"b":626}
1791632653.345 {"t":"event","at_ms":136590,"node":25344,"kind":"peer_admitted","peer":33120,"slot":1,"a":0,"b":0}
1791632653.345 {"t":"event","at_ms":136828,"node":25344,"kind":"peer_admitted","peer":33120,"slot":1,"a":0,"b":0}
1791632653.345 {"t":"event","at_ms":136983,"node":25344,"kind":"peer_admitted","peer":33120,"slot":1,"a":0,"b":0}
1791632653.345 {"t":"event","at_ms":137126,"node":25344,"kind":"peer_admitted","peer":33120,"slot":1,"a":0,"b":0}
1791632653.345 {"t":"event","at_ms":137437,"node":25344,"kind":"peer_admitted","peer":33120,"slot":1,"a":0,"b":0}
1791632653.345 {"t":"event","at_ms":137734,"node":25344,"kind":"peer_admitted","peer":33120,"slot":1,"a":0,"b":0}
1791632653.345 {"t":"event","at_ms":138033,"node":25344,"kind":"peer_admitted","peer":33120,"slot":1,"a":0,"b":0}
1791632653.345 {"t":"link","up_ms":138196,"node":25344,"peer":29544,"mac":"b8:1f:3f:da:73:68","state":"dead","epoch":169,"espnow_ver":2,"mtu":1446,"misses":6,"rssi":-31,"tx":{"frames":1262,"cb_ok":1260,"cb_fail":2,"enqueue_err":0,"pdr_ppm":998415},"rx":{"frames":2721,"lost_seqgap":0,"reorder_dup":0,"dropped_bad":0,"hb_lost":7,"bcast_frames":1331,"pdr_ppm":1000000},"rtt":{"samples":51,"min_us":5488,"max_us":36483,"timeouts":0,"txq_last_us":10121,"txq_max_us":10121,"remote_turnaround_us":868,"remote_turnaround_max_us":23822,"p50_us":[4000,6000],"p99_us":[30000,42000],"hist":[0,0,0,0,35,7,1,1,5,1,1,0,0,0,0,0]}}
1791632653.345 {"t":"link","up_ms":138250,"node":25344,"peer":33120,"mac":"b8:1f:3f:da:81:60","state":"alive","epoch":281,"espnow_ver":2,"mtu":1446,"misses":0,"rssi":-22,"tx":{"frames":404,"cb_ok":404,"cb_fail":0,"enqueue_err":0,"pdr_ppm":1000000},"rx":{"frames":1906,"lost_seqgap":1,"reorder_dup":0,"dropped_bad":0,"hb_lost":4,"bcast_frames":1359,"pdr_ppm":999475},"rtt":{"samples":51,"min_us":5833,"max_us":18390,"timeouts":0,"txq_last_us":3575,"txq_max_us":6524,"remote_turnaround_us":954,"remote_turnaround_max_us":1161,"p50_us":[6000,8000],"p99_us":[16000,22000],"hist":[0,0,0,0,22,20,4,3,2,0,0,0,0,0,0,0]}}
1791632653.345 {"t":"link","up_ms":138306,"node":25344,"peer":254,"mac":"02:00:00:00:00:fe","state":"alive","epoch":0,"espnow_ver":0,"mtu":226,"misses":0,"rssi":0,"tx":{"frames":1036,"cb_ok":0,"cb_fail":0,"enqueue_err":0,"pdr_ppm":null},"rx":{"frames":1814,"lost_seqgap":0,"reorder_dup":0,"dropped_bad":0,"hb_lost":0,"bcast_frames":0,"pdr_ppm":1000000},"rtt":{"samples":33,"min_us":7145,"max_us":99239,"timeouts":0,"txq_last_us":0,"txq_max_us":0,"remote_turnaround_us":14,"remote_turnaround_max_us":23,"p50_us":[42000,60000],"p99_us":[85000,110000],"hist":[0,0,0,0,0,1,0,0,2,3,1,20,5,1,0,0]}}
1791632653.345 {"t":"auth","node":25344,"up_ms":138349,"enrolled":1,"required":1,"verified_peers":2,"verified":3,"cache_hits":141,"refused":0,"rate_limited":0,"stale_epoch":0,"verify_us_max":79778,"link_stack_free_b":820,"crypto_stack_free_b":1220,"tags_ok":1795,"bad_tag":0,"replayed":0,"untagged":0,"bcast_dropped":0,"beacon_epoch_ignored":0,"tag_us_max":1033}
1791632653.345 {"t":"act","node":25344,"setpoint":0,"has_value":0,"writes_served":0}
1791632653.788 {"t":"peers","node":25344,"own_period_ms":100,"own_busy":0,"channel":8,"scanning":0,"scans":0,"hops":7,"found":0,"lost_to_found_ms":0,"moves_followed":0,"moves_refused":0,"sweeps":1,"sweep_found":0,"sweeping":1,"search_visits":0,"relay":0,"fwd_u":0,"fwd_b":0,"fwd_h":0,"relay_dup":1391,"list":[{"id":29544,"state":"dead","via_relay":0,"period_ms":100,"misses":6,"busy":1,"rtt_n":51},{"id":33120,"state":"alive","via_relay":0,"period_ms":100,"misses":6,"busy":0,"rtt_n":51},{"id":254,"state":"alive","via_relay":0,"period_ms":100,"misses":6,"busy":0,"rtt_n":33}]}
1791632653.788 {"t":"ss","node":25344,"accepted":0,"unsigned":0,"unknown_sender":0,"bad_signature":0,"replayed":0,"rate_limited":0,"verify_us_max":0,"floors":[]}
1791632653.788 {"t":"rec","node":25344,"up_ms":138445,"settled":1,"sent":547,"received":540,"malformed":0,"views":3,"replies_fenced":0,"actors":[{"key":1245650351,"running":1,"term":5,"owner":25344,"owner_term":5,"assigned":254,"starts":1,"fenced":0,"released":0}]}
1791632653.788 {"t":"node","up_ms":138471,"node":25344,"epoch":242,"peers_alive":2,"peers_dead":1,"no_radio":0,"free_dram":250219,"largest_block":172032,"rx":{"total":9249,"bad_frame":0,"unknown_peer":13,"wrong_dst":0,"short_payload":0,"unknown_opcode":0,"queue_dropped":51},"tx":{"total":4148,"enqueue_err":0,"done_queue_dropped":0},"membership":{"deaths":1,"revivals":0,"reboots_seen":0,"table_full":0,"events_dropped":0}}
1791632653.788 {"t":"ns","node":25344,"hash":2410274060,"owner":25344,"kind":"sampled","unit":100,"class":4,"bound_ms":0,"quality":"GOOD","age_ms":452,"ts":138059,"updates":13,"value":242}
1791632653.788 {"t":"ns","node":25344,"hash":1274253983,"owner":25344,"kind":"sampled","unit":0,"class":4,"bound_ms":5000,"quality":"GOOD","age_ms":466,"ts":138059,"updates":13,"value":-21}
1791632653.788 {"t":"ns","node":25344,"hash":3354298913,"owner":25344,"kind":"sampled","unit":100,"class":4,"bound_ms":5000,"quality":"GOOD","age_ms":480,"ts":138059,"updates":13,"value":2}
1791632653.788 {"t":"ns","node":25344,"hash":1771187623,"owner":25344,"kind":"sampled","unit":101,"class":4,"bound_ms":30000,"quality":"GOOD","age_ms":495,"ts":138058,"updates":13,"value":250219}
1791632653.788 {"t":"ns","node":25344,"hash":1245650351,"owner":25344,"kind":"sampled","unit":0,"class":3,"bound_ms":500,"quality":"GOOD","age_ms":42,"ts":138525,"updates":1297,"value":1660945681}
1791632653.788 {"t":"ns","node":25344,"hash":2033492666,"owner":25344,"kind":"sampled","unit":0,"class":3,"bound_ms":0,"quality":"NO_DATA","age_ms":0,"ts":0,"updates":0,"value":null}
1791632653.788 {"t":"ns","node":25344,"hash":4103947588,"owner":25344,"kind":"sampled","unit":80,"class":4,"bound_ms":30000,"quality":"GOOD","age_ms":564,"ts":138059,"updates":13,"value":138}
1791632653.788 {"t":"ns","node":25344,"hash":1662441583,"owner":25344,"kind":"sampled","unit":101,"class":4,"bound_ms":30000,"quality":"GOOD","age_ms":579,"ts":138059,"updates":13,"value":172032}
1791632654.221 W (140239) pot.m0: peer 0x7368 rebooted, epoch now 170
1791632663.944 {"t":"clk","node":25344,"up_ms":148653}
1791632663.944 {"t":"led","node":25344,"shows":"green","app":0}
1791632663.944 {"t":"event","at_ms":138333,"node":25344,"kind":"peer_admitted","peer":33120,"slot":1,"a":0,"b":0}
1791632663.944 {"t":"event","at_ms":138632,"node":25344,"kind":"peer_admitted","peer":33120,"slot":1,"a":0,"b":0}
1791632663.944 {"t":"event","at_ms":138794,"node":25344,"kind":"probe_timeout","peer":29544,"slot":0,"a":1127,"b":0}
1791632663.944 {"t":"event","at_ms":138945,"node":25344,"kind":"peer_admitted","peer":33120,"slot":1,"a":0,"b":0}
1791632663.944 {"t":"event","at_ms":138984,"node":25344,"kind":"peer_admitted","peer":33120,"slot":1,"a":0,"b":0}
1791632663.944 {"t":"event","at_ms":139077,"node":25344,"kind":"peer_rebooted","peer":29544,"slot":0,"a":170,"b":0}
1791632663.944 {"t":"event","at_ms":139079,"node":25344,"kind":"peer_admitted","peer":29544,"slot":0,"a":0,"b":0}
1791632663.944 {"t":"event","at_ms":139249,"node":25344,"kind":"peer_admitted","peer":33120,"slot":1,"a":0,"b":0}
1791632663.944 {"t":"event","at_ms":139260,"node":25344,"kind":"frame_rejected","peer":29544,"slot":0,"a":1,"b":0}
1791632663.944 {"t":"event","at_ms":139292,"node":25344,"kind":"peer_admitted","peer":33120,"slot":1,"a":0,"b":0}
1791632663.944 {"t":"event","at_ms":139297,"node":25344,"kind":"peer_admitted","peer":29544,"slot":0,"a":0,"b":0}
1791632663.944 {"t":"event","at_ms":139319,"node":25344,"kind":"peer_admitted","peer":29544,"slot":0,"a":0,"b":0}
1791632663.944 {"t":"event","at_ms":139355,"node":25344,"kind":"peer_admitted","peer":29544,"slot":0,"a":0,"b":0}
1791632663.944 {"t":"event","at_ms":139521,"node":25344,"kind":"channel_changed","peer":0,"slot":255,"a":1,"b":7}
1791632663.944 {"t":"event","at_ms":139637,"node":25344,"kind":"peer_admitted","peer":33120,"slot":1,"a":0,"b":0}
1791632663.944 {"t":"event","at_ms":141005,"node":25344,"kind":"peer_admitted","peer":33120,"slot":1,"a":0,"b":0}
1791632663.944 {"t":"event","at_ms":141642,"node":25344,"kind":"peer_admitted","peer":33120,"slot":1,"a":0,"b":0}
1791632663.944 {"t":"event","at_ms":143128,"node":25344,"kind":"peer_admitted","peer":33120,"slot":1,"a":0,"b":0}
1791632663.944 {"t":"event","at_ms":143147,"node":25344,"kind":"peer_admitted","peer":29544,"slot":0,"a":0,"b":0}
1791632663.944 {"t":"event","at_ms":143434,"node":25344,"kind":"peer_admitted","peer":29544,"slot":0,"a":0,"b":0}
1791632663.944 {"t":"event","at_ms":143436,"node":25344,"kind":"peer_admitted","peer":29544,"slot":0,"a":0,"b":0}
1791632663.944 {"t":"event","at_ms":143559,"node":25344,"kind":"peer_admitted","peer":29544,"slot":0,"a":0,"b":0}
1791632663.944 {"t":"event","at_ms":144984,"node":25344,"kind":"peer_admitted","peer":33120,"slot":1,"a":0,"b":0}
1791632663.944 {"t":"event","at_ms":145130,"node":25344,"kind":"peer_admitted","peer":29544,"slot":0,"a":0,"b":0}
1791632663.944 {"t":"event","at_ms":146984,"node":25344,"kind":"peer_admitted","peer":33120,"slot":1,"a":0,"b":0}
1791632663.944 {"t":"event","at_ms":147130,"node":25344,"kind":"peer_admitted","peer":29544,"slot":0,"a":0,"b":0}
1791632663.944 {"t":"link","up_ms":148880,"node":25344,"peer":29544,"mac":"b8:1f:3f:da:73:68","state":"alive","epoch":170,"espnow_ver":2,"mtu":1446,"misses":0,"rssi":-30,"tx":{"frames":1296,"cb_ok":1286,"cb_fail":10,"enqueue_err":0,"pdr_ppm":992283},"rx":{"frames":2826,"lost_seqgap":7,"reorder_dup":0,"dropped_bad":0,"hb_lost":31,"bcast_frames":1394,"pdr_ppm":997529},"rtt":{"samples":54,"min_us":5488,"max_us":36483,"timeouts":1,"txq_last_us":22751,"txq_max_us":22751,"remote_turnaround_us":922,"remote_turnaround_max_us":23822,"p50_us":[4000,6000],"p99_us":[30000,42000],"hist":[0,0,0,0,37,7,1,1,5,2,1,0,0,0,0,0]}}
1791632663.944 {"t":"link","up_ms":148934,"node":25344,"peer":33120,"mac":"b8:1f:3f:da:81:60","state":"alive","epoch":281,"espnow_ver":2,"mtu":1446,"misses":0,"rssi":-22,"tx":{"frames":440,"cb_ok":439,"cb_fail":0,"enqueue_err":0,"pdr_ppm":1000000},"rx":{"frames":2069,"lost_seqgap":1,"reorder_dup":0,"dropped_bad":0,"hb_lost":4,"bcast_frames":1466,"pdr_ppm":999516},"rtt":{"samples":55,"min_us":5833,"max_us":18390,"timeouts":0,"txq_last_us":2860,"txq_max_us":6524,"remote_turnaround_us":966,"remote_turnaround_max_us":1161,"p50_us":[6000,8000],"p99_us":[16000,22000],"hist":[0,0,0,0,24,21,4,4,2,0,0,0,0,0,0,0]}}
1791632664.457 {"t":"link","up_ms":148989,"node":25344,"peer":254,"mac":"02:00:00:00:00:fe","state":"alive","epoch":0,"espnow_ver":0,"mtu":226,"misses":0,"rssi":0,"tx":{"frames":1061,"cb_ok":0,"cb_fail":0,"enqueue_err":0,"pdr_ppm":null},"rx":{"frames":1922,"lost_seqgap":0,"reorder_dup":0,"dropped_bad":0,"hb_lost":0,"bcast_frames":0,"pdr_ppm":1000000},"rtt":{"samples":37,"min_us":7145,"max_us":99239,"timeouts":0,"txq_last_us":0,"txq_max_us":0,"remote_turnaround_us":13,"remote_turnaround_max_us":23,"p50_us":[42000,60000],"p99_us":[85000,110000],"hist":[0,0,0,0,0,1,0,0,2,3,1,23,5,2,0,0]}}
1791632664.457 {"t":"auth","node":25344,"up_ms":149042,"enrolled":1,"required":1,"verified_peers":2,"verified":8,"cache_hits":158,"refused":0,"rate_limited":0,"stale_epoch":0,"verify_us_max":86101,"link_stack_free_b":820,"crypto_stack_free_b":1220,"tags_ok":1870,"bad_tag":0,"replayed":2,"untagged":0,"bcast_dropped":0,"beacon_epoch_ignored":0,"tag_us_max":1033}
1791632664.457 {"t":"act","node":25344,"setpoint":0,"has_value":0,"writes_served":0}
1791632664.457 {"t":"peers","node":25344,"own_period_ms":100,"own_busy":0,"channel":1,"scanning":0,"scans":0,"hops":10,"found":0,"lost_to_found_ms":0,"moves_followed":0,"moves_refused":0,"sweeps":1,"sweep_found":0,"sweeping":0,"search_visits":1,"relay":0,"fwd_u":0,"fwd_b":0,"fwd_h":0,"relay_dup":1464,"list":[{"id":29544,"state":"alive","via_relay":0,"period_ms":100,"misses":6,"busy":1,"rtt_n":54},{"id":33120,"state":"alive","via_relay":0,"period_ms":100,"misses":6,"busy":0,"rtt_n":55},{"id":254,"state":"alive","via_relay":0,"period_ms":100,"misses":6,"busy":0,"rtt_n":37}]}
1791632664.457 {"t":"ss","node":25344,"accepted":0,"unsigned":0,"unknown_sender":0,"bad_signature":0,"replayed":0,"rate_limited":0,"verify_us_max":0,"floors":[]}
1791632664.457 {"t":"rec","node":25344,"up_ms":149139,"settled":1,"sent":590,"received":581,"malformed":0,"views":4,"replies_fenced":0,"actors":[{"key":1245650351,"running":1,"term":5,"owner":25344,"owner_term":5,"assigned":254,"starts":1,"fenced":0,"released":0}]}
1791632664.457 {"t":"node","up_ms":149154,"node":25344,"epoch":242,"peers_alive":3,"peers_dead":0,"no_radio":0,"free_dram":250219,"largest_block":172032,"rx":{"total":9774,"bad_frame":0,"unknown_peer":13,"wrong_dst":0,"short_payload":0,"unknown_opcode":0,"queue_dropped":51},"tx":{"total":4359,"enqueue_err":0,"done_queue_dropped":0},"membership":{"deaths":1,"revivals":0,"reboots_seen":1,"table_full":0,"events_dropped":0}}
1791632664.457 {"t":"ns","node":25344,"hash":2410274060,"owner":25344,"kind":"sampled","unit":100,"class":4,"bound_ms":0,"quality":"GOOD","age_ms":536,"ts":148658,"updates":14,"value":242}
1791632664.457 {"t":"ns","node":25344,"hash":1274253983,"owner":25344,"kind":"sampled","unit":0,"class":4,"bound_ms":5000,"quality":"GOOD","age_ms":550,"ts":148658,"updates":14,"value":-30}
1791632664.457 {"t":"ns","node":25344,"hash":3354298913,"owner":25344,"kind":"sampled","unit":100,"class":4,"bound_ms":5000,"quality":"GOOD","age_ms":564,"ts":148658,"updates":14,"value":3}
1791632664.457 {"t":"ns","node":25344,"hash":1771187623,"owner":25344,"kind":"sampled","unit":101,"class":4,"bound_ms":30000,"quality":"GOOD","age_ms":579,"ts":148657,"updates":14,"value":250219}
1791632664.457 {"t":"ns","node":25344,"hash":1245650351,"owner":25344,"kind":"sampled","unit":0,"class":3,"bound_ms":500,"quality":"GOOD","age_ms":5,"ts":149245,"updates":1402,"value":1660945786}
1791632664.457 {"t":"ns","node":25344,"hash":2033492666,"owner":25344,"kind":"sampled","unit":0,"class":3,"bound_ms":0,"quality":"NO_DATA","age_ms":0,"ts":0,"updates":0,"value":null}
1791632664.457 {"t":"ns","node":25344,"hash":4103947588,"owner":25344,"kind":"sampled","unit":80,"class":4,"bound_ms":30000,"quality":"GOOD","age_ms":631,"ts":148658,"updates":14,"value":148}
1791632664.457 {"t":"ns","node":25344,"hash":1662441583,"owner":25344,"kind":"sampled","unit":101,"class":4,"bound_ms":30000,"quality":"GOOD","age_ms":645,"ts":148658,"updates":14,"value":172032}
1791632674.605 {"t":"clk","node":25344,"up_ms":159318}
1791632674.605 {"t":"led","node":25344,"shows":"green","app":0}
1791632674.605 {"t":"event","at_ms":148984,"node":25344,"kind":"peer_admitted","peer":33120,"slot":1,"a":0,"b":0}
1791632674.605 {"t":"event","at_ms":149130,"node":25344,"kind":"peer_admitted","peer":29544,"slot":0,"a":0,"b":0}
1791632674.605 {"t":"event","at_ms":150985,"node":25344,"kind":"peer_admitted","peer":33120,"slot":1,"a":0,"b":0}
1791632674.605 {"t":"event","at_ms":151130,"node":25344,"kind":"peer_admitted","peer":29544,"slot":0,"a":0,"b":0}
1791632674.605 {"t":"event","at_ms":152988,"node":25344,"kind":"peer_admitted","peer":33120,"slot":1,"a":0,"b":0}
1791632674.605 {"t":"event","at_ms":153130,"node":25344,"kind":"peer_admitted","peer":29544,"slot":0,"a":0,"b":0}
1791632674.605 {"t":"event","at_ms":154988,"node":25344,"kind":"peer_admitted","peer":33120,"slot":1,"a":0,"b":0}
1791632674.605 {"t":"event","at_ms":155130,"node":25344,"kind":"peer_admitted","peer":29544,"slot":0,"a":0,"b":0}
1791632674.605 {"t":"event","at_ms":156989,"node":25344,"kind":"peer_admitted","peer":33120,"slot":1,"a":0,"b":0}
1791632674.605 {"t":"event","at_ms":157130,"node":25344,"kind":"peer_admitted","peer":29544,"slot":0,"a":0,"b":0}
1791632674.605 {"t":"event","at_ms":158989,"node":25344,"kind":"peer_admitted","peer":33120,"slot":1,"a":0,"b":0}
1791632674.605 {"t":"event","at_ms":159130,"node":25344,"kind":"peer_admitted","peer":29544,"slot":0,"a":0,"b":0}
1791632674.605 {"t":"link","up_ms":159419,"node":25344,"peer":29544,"mac":"b8:1f:3f:da:73:68","state":"alive","epoch":170,"espnow_ver":2,"mtu":1446,"misses":0,"rssi":-30,"tx":{"frames":1326,"cb_ok":1316,"cb_fail":10,"enqueue_err":0,"pdr_ppm":992458},"rx":{"frames":2973,"lost_seqgap":7,"reorder_dup":0,"dropped_bad":0,"hb_lost":31,"bcast_frames":1499,"pdr_ppm":997651},"rtt":{"samples":58,"min_us":5488,"max_us":36483,"timeouts":1,"txq_last_us":2840,"txq_max_us":22751,"remote_turnaround_us":1566,"remote_turnaround_max_us":23822,"p50_us":[4000,6000],"p99_us":[30000,42000],"hist":[0,0,0,0,39,9,1,1,5,2,1,0,0,0,0,0]}}
1791632674.605 {"t":"link","up_ms":159474,"node":25344,"peer":33120,"mac":"b8:1f:3f:da:81:60","state":"alive","epoch":281,"espnow_ver":2,"mtu":1446,"misses":0,"rssi":-22,"tx":{"frames":549,"cb_ok":549,"cb_fail":0,"enqueue_err":0,"pdr_ppm":1000000},"rx":{"frames":2295,"lost_seqgap":1,"reorder_dup":0,"dropped_bad":0,"hb_lost":4,"bcast_frames":1572,"pdr_ppm":999564},"rtt":{"samples":58,"min_us":5833,"max_us":18390,"timeouts":0,"txq_last_us":2860,"txq_max_us":6524,"remote_turnaround_us":1023,"remote_turnaround_max_us":1161,"p50_us":[6000,8000],"p99_us":[16000,22000],"hist":[0,0,0,0,25,23,4,4,2,0,0,0,0,0,0,0]}}
1791632674.605 {"t":"link","up_ms":159528,"node":25344,"peer":254,"mac":"02:00:00:00:00:fe","state":"alive","epoch":0,"espnow_ver":0,"mtu":226,"misses":0,"rssi":0,"tx":{"frames":1159,"cb_ok":0,"cb_fail":0,"enqueue_err":0,"pdr_ppm":null},"rx":{"frames":2104,"lost_seqgap":0,"reorder_dup":0,"dropped_bad":0,"hb_lost":0,"bcast_frames":0,"pdr_ppm":1000000},"rtt":{"samples":40,"min_us":7145,"max_us":99239,"timeouts":0,"txq_last_us":0,"txq_max_us":0,"remote_turnaround_us":13,"remote_turnaround_max_us":23,"p50_us":[42000,60000],"p99_us":[85000,110000],"hist":[0,0,0,0,0,1,0,0,2,3,2,25,5,2,0,0]}}
1791632674.605 {"t":"auth","node":25344,"up_ms":159583,"enrolled":1,"required":1,"verified_peers":2,"verified":8,"cache_hits":169,"refused":0,"rate_limited":0,"stale_epoch":0,"verify_us_max":86101,"link_stack_free_b":820,"crypto_stack_free_b":1220,"tags_ok":2021,"bad_tag":0,"replayed":2,"untagged":0,"bcast_dropped":0,"beacon_epoch_ignored":0,"tag_us_max":1069}
1791632674.605 {"t":"act","node":25344,"setpoint":0,"has_value":0,"writes_served":0}
1791632674.605 {"t":"peers","node":25344,"own_period_ms":100,"own_busy":0,"channel":1,"scanning":0,"scans":0,"hops":10,"found":0,"lost_to_found_ms":0,"moves_followed":0,"moves_refused":0,"sweeps":1,"sweep_found":0,"sweeping":0,"search_visits":1,"relay":0,"fwd_u":0,"fwd_b":0,"fwd_h":0,"relay_dup":1574,"list":[{"id":29544,"state":"alive","via_relay":0,"period_ms":100,"misses":6,"busy":1,"rtt_n":58},{"id":33120,"state":"alive","via_relay":0,"period_ms":100,"misses":6,"busy":0,"rtt_n":58},{"id":254,"state":"alive","via_relay":0,"period_ms":100,"misses":6,"busy":0,"rtt_n":40}]}
1791632675.007 {"t":"ss","node":25344,"accepted":0,"unsigned":0,"unknown_sender":0,"bad_signature":0,"replayed":0,"rate_limited":0,"verify_us_max":0,"floors":[]}
1791632675.007 {"t":"rec","node":25344,"up_ms":159679,"settled":1,"sent":632,"received":623,"malformed":0,"views":4,"replies_fenced":0,"actors":[{"key":1245650351,"running":1,"term":5,"owner":25344,"owner_term":5,"assigned":254,"starts":1,"fenced":0,"released":0}]}
1791632675.007 {"t":"node","up_ms":159694,"node":25344,"epoch":242,"peers_alive":3,"peers_dead":0,"no_radio":0,"free_dram":250219,"largest_block":172032,"rx":{"total":10554,"bad_frame":0,"unknown_peer":13,"wrong_dst":0,"short_payload":0,"unknown_opcode":0,"queue_dropped":51},"tx":{"total":4708,"enqueue_err":0,"done_queue_dropped":0},"membership":{"deaths":1,"revivals":0,"reboots_seen":1,"table_full":0,"events_dropped":0}}
1791632675.007 {"t":"ns","node":25344,"hash":2410274060,"owner":25344,"kind":"sampled","unit":100,"class":4,"bound_ms":0,"quality":"GOOD","age_ms":414,"ts":159320,"updates":15,"value":242}
1791632675.007 {"t":"ns","node":25344,"hash":1274253983,"owner":25344,"kind":"sampled","unit":0,"class":4,"bound_ms":5000,"quality":"GOOD","age_ms":428,"ts":159320,"updates":15,"value":-29}
1791632675.007 {"t":"ns","node":25344,"hash":3354298913,"owner":25344,"kind":"sampled","unit":100,"class":4,"bound_ms":5000,"quality":"GOOD","age_ms":443,"ts":159320,"updates":15,"value":3}
1791632675.007 {"t":"ns","node":25344,"hash":1771187623,"owner":25344,"kind":"sampled","unit":101,"class":4,"bound_ms":30000,"quality":"GOOD","age_ms":458,"ts":159319,"updates":15,"value":250219}
1791632675.007 {"t":"ns","node":25344,"hash":1245650351,"owner":25344,"kind":"sampled","unit":0,"class":3,"bound_ms":500,"quality":"GOOD","age_ms":2,"ts":159800,"updates":1507,"value":1660945891}
1791632675.007 {"t":"ns","node":25344,"hash":2033492666,"owner":25344,"kind":"sampled","unit":0,"class":3,"bound_ms":0,"quality":"NO_DATA","age_ms":0,"ts":0,"updates":0,"value":null}
1791632675.007 {"t":"ns","node":25344,"hash":4103947588,"owner":25344,"kind":"sampled","unit":80,"class":4,"bound_ms":30000,"quality":"GOOD","age_ms":515,"ts":159319,"updates":15,"value":159}
1791632675.007 {"t":"ns","node":25344,"hash":1662441583,"owner":25344,"kind":"sampled","unit":101,"class":4,"bound_ms":30000,"quality":"GOOD","age_ms":530,"ts":159319,"updates":15,"value":172032}
1791632685.150 {"t":"clk","node":25344,"up_ms":169863}
1791632685.150 {"t":"led","node":25344,"shows":"green","app":0}
1791632685.150 {"t":"event","at_ms":161012,"node":25344,"kind":"peer_admitted","peer":33120,"slot":1,"a":0,"b":0}
1791632685.150 {"t":"event","at_ms":161130,"node":25344,"kind":"peer_admitted","peer":29544,"slot":0,"a":0,"b":0}
1791632685.150 {"t":"event","at_ms":163012,"node":25344,"kind":"peer_admitted","peer":33120,"slot":1,"a":0,"b":0}
1791632685.150 {"t":"event","at_ms":163130,"node":25344,"kind":"peer_admitted","peer":29544,"slot":0,"a":0,"b":0}
1791632685.150 {"t":"event","at_ms":165012,"node":25344,"kind":"peer_admitted","peer":33120,"slot":1,"a":0,"b":0}
1791632685.150 {"t":"event","at_ms":165130,"node":25344,"kind":"peer_admitted","peer":29544,"slot":0,"a":0,"b":0}
1791632685.150 {"t":"event","at_ms":167012,"node":25344,"kind":"peer_admitted","peer":33120,"slot":1,"a":0,"b":0}
1791632685.150 {"t":"event","at_ms":167130,"node":25344,"kind":"peer_admitted","peer":29544,"slot":0,"a":0,"b":0}
1791632685.150 {"t":"event","at_ms":169012,"node":25344,"kind":"peer_admitted","peer":33120,"slot":1,"a":0,"b":0}
1791632685.150 {"t":"event","at_ms":169130,"node":25344,"kind":"peer_admitted","peer":29544,"slot":0,"a":0,"b":0}
1791632685.150 {"t":"link","up_ms":169949,"node":25344,"peer":29544,"mac":"b8:1f:3f:da:73:68","state":"alive","epoch":170,"espnow_ver":2,"mtu":1446,"misses":0,"rssi":-30,"tx":{"frames":1353,"cb_ok":1343,"cb_fail":10,"enqueue_err":0,"pdr_ppm":992609},"rx":{"frames":3118,"lost_seqgap":7,"reorder_dup":0,"dropped_bad":0,"hb_lost":31,"bcast_frames":1604,"pdr_ppm":997760},"rtt":{"samples":61,"min_us":5488,"max_us":36483,"timeouts":1,"txq_last_us":3179,"txq_max_us":22751,"remote_turnaround_us":880,"remote_turnaround_max_us":23822,"p50_us":[4000,6000],"p99_us":[30000,42000],"hist":[0,0,0,0,40,10,1,2,5,2,1,0,0,0,0,0]}}
1791632685.150 {"t":"link","up_ms":170004,"node":25344,"peer":33120,"mac":"b8:1f:3f:da:81:60","state":"alive","epoch":281,"espnow_ver":2,"mtu":1446,"misses":0,"rssi":-22,"tx":{"frames":674,"cb_ok":674,"cb_fail":0,"enqueue_err":0,"pdr_ppm":1000000},"rx":{"frames":2538,"lost_seqgap":1,"reorder_dup":0,"dropped_bad":0,"hb_lost":4,"bcast_frames":1677,"pdr_ppm":999606},"rtt":{"samples":62,"min_us":5833,"max_us":21788,"timeouts":0,"txq_last_us":2794,"txq_max_us":9576,"remote_turnaround_us":2625,"remote_turnaround_max_us":3067,"p50_us":[6000,8000],"p99_us":[16000,22000],"hist":[0,0,0,0,26,24,5,4,3,0,0,0,0,0,0,0]}}
1791632685.150 {"t":"link","up_ms":170059,"node":25344,"peer":254,"mac":"02:00:00:00:00:fe","state":"alive","epoch":0,"espnow_ver":0,"mtu":226,"misses":0,"rssi":0,"tx":{"frames":1274,"cb_ok":0,"cb_fail":0,"enqueue_err":0,"pdr_ppm":null},"rx":{"frames":2304,"lost_seqgap":0,"reorder_dup":0,"dropped_bad":0,"hb_lost":0,"bcast_frames":0,"pdr_ppm":1000000},"rtt":{"samples":44,"min_us":7145,"max_us":99239,"timeouts":0,"txq_last_us":0,"txq_max_us":0,"remote_turnaround_us":14,"remote_turnaround_max_us":23,"p50_us":[42000,60000],"p99_us":[85000,110000],"hist":[0,0,0,0,0,1,0,0,2,4,2,28,5,2,0,0]}}
1791632685.150 {"t":"auth","node":25344,"up_ms":170102,"enrolled":1,"required":1,"verified_peers":2,"verified":8,"cache_hits":179,"refused":0,"rate_limited":0,"stale_epoch":0,"verify_us_max":86101,"link_stack_free_b":820,"crypto_stack_free_b":1220,"tags_ok":2190,"bad_tag":0,"replayed":2,"untagged":0,"bcast_dropped":0,"beacon_epoch_ignored":0,"tag_us_max":1069}
1791632685.150 {"t":"act","node":25344,"setpoint":0,"has_value":0,"writes_served":0}
1791632685.150 {"t":"peers","node":25344,"own_period_ms":100,"own_busy":0,"channel":1,"scanning":0,"scans":0,"hops":10,"found":0,"lost_to_found_ms":0,"moves_followed":0,"moves_refused":0,"sweeps":1,"sweep_found":0,"sweeping":0,"search_visits":1,"relay":0,"fwd_u":0,"fwd_b":0,"fwd_h":0,"relay_dup":1683,"list":[{"id":29544,"state":"alive","via_relay":0,"period_ms":100,"misses":6,"busy":1,"rtt_n":61},{"id":33120,"state":"alive","via_relay":0,"period_ms":100,"misses":6,"busy":0,"rtt_n":62},{"id":254,"state":"alive","via_relay":0,"period_ms":100,"misses":6,"busy":0,"rtt_n":44}]}
1791632685.150 {"t":"ss","node":25344,"accepted":0,"unsigned":0,"unknown_sender":0,"bad_signature":0,"replayed":0,"rate_limited":0,"verify_us_max":0,"floors":[]}
1791632685.532 {"t":"rec","node":25344,"up_ms":170210,"settled":1,"sent":674,"received":664,"malformed":0,"views":4,"replies_fenced":0,"actors":[{"key":1245650351,"running":1,"term":5,"owner":25344,"owner_term":5,"assigned":254,"starts":1,"fenced":0,"released":0}]}
1791632685.532 {"t":"node","up_ms":170225,"node":25344,"epoch":242,"peers_alive":3,"peers_dead":0,"no_radio":0,"free_dram":250219,"largest_block":172032,"rx":{"total":11361,"bad_frame":0,"unknown_peer":13,"wrong_dst":0,"short_payload":0,"unknown_opcode":0,"queue_dropped":51},"tx":{"total":5088,"enqueue_err":0,"done_queue_dropped":0},"membership":{"deaths":1,"revivals":0,"reboots_seen":1,"table_full":0,"events_dropped":0}}
1791632685.532 {"t":"ns","node":25344,"hash":2410274060,"owner":25344,"kind":"sampled","unit":100,"class":4,"bound_ms":0,"quality":"GOOD","age_ms":400,"ts":169865,"updates":16,"value":242}
1791632685.532 {"t":"ns","node":25344,"hash":1274253983,"owner":25344,"kind":"sampled","unit":0,"class":4,"bound_ms":5000,"quality":"GOOD","age_ms":414,"ts":169865,"updates":16,"value":-30}
1791632685.532 {"t":"ns","node":25344,"hash":3354298913,"owner":25344,"kind":"sampled","unit":100,"class":4,"bound_ms":5000,"quality":"GOOD","age_ms":428,"ts":169865,"updates":16,"value":3}
1791632685.532 {"t":"ns","node":25344,"hash":1771187623,"owner":25344,"kind":"sampled","unit":101,"class":4,"bound_ms":30000,"quality":"GOOD","age_ms":442,"ts":169865,"updates":16,"value":248935}
1791632685.532 {"t":"ns","node":25344,"hash":1245650351,"owner":25344,"kind":"sampled","unit":0,"class":3,"bound_ms":500,"quality":"GOOD","age_ms":14,"ts":170307,"updates":1611,"value":1660945995}
1791632685.532 {"t":"ns","node":25344,"hash":2033492666,"owner":25344,"kind":"sampled","unit":0,"class":3,"bound_ms":0,"quality":"NO_DATA","age_ms":0,"ts":0,"updates":0,"value":null}
1791632685.532 {"t":"ns","node":25344,"hash":4103947588,"owner":25344,"kind":"sampled","unit":80,"class":4,"bound_ms":30000,"quality":"GOOD","age_ms":485,"ts":169865,"updates":16,"value":169}
1791632685.532 {"t":"ns","node":25344,"hash":1662441583,"owner":25344,"kind":"sampled","unit":101,"class":4,"bound_ms":30000,"quality":"GOOD","age_ms":511,"ts":169865,"updates":16,"value":172032}
1791632695.676 {"t":"clk","node":25344,"up_ms":180390}
1791632695.676 {"t":"led","node":25344,"shows":"green","app":0}
1791632695.676 {"t":"event","at_ms":171012,"node":25344,"kind":"peer_admitted","peer":33120,"slot":1,"a":0,"b":0}
1791632695.676 {"t":"event","at_ms":171130,"node":25344,"kind":"peer_admitted","peer":29544,"slot":0,"a":0,"b":0}
1791632695.676 {"t":"event","at_ms":173013,"node":25344,"kind":"peer_admitted","peer":33120,"slot":1,"a":0,"b":0}
1791632695.676 {"t":"event","at_ms":173130,"node":25344,"kind":"peer_admitted","peer":29544,"slot":0,"a":0,"b":0}
1791632695.676 {"t":"event","at_ms":175012,"node":25344,"kind":"peer_admitted","peer":33120,"slot":1,"a":0,"b":0}
1791632695.676 {"t":"event","at_ms":175130,"node":25344,"kind":"peer_admitted","peer":29544,"slot":0,"a":0,"b":0}
1791632695.676 {"t":"event","at_ms":177025,"node":25344,"kind":"peer_admitted","peer":33120,"slot":1,"a":0,"b":0}
1791632695.676 {"t":"event","at_ms":177130,"node":25344,"kind":"peer_admitted","peer":29544,"slot":0,"a":0,"b":0}
1791632695.676 {"t":"event","at_ms":179024,"node":25344,"kind":"peer_admitted","peer":33120,"slot":1,"a":0,"b":0}
1791632695.676 {"t":"event","at_ms":179130,"node":25344,"kind":"peer_admitted","peer":29544,"slot":0,"a":0,"b":0}
1791632695.676 {"t":"link","up_ms":180476,"node":25344,"peer":29544,"mac":"b8:1f:3f:da:73:68","state":"alive","epoch":170,"espnow_ver":2,"mtu":1446,"misses":0,"rssi":-29,"tx":{"frames":1382,"cb_ok":1372,"cb_fail":10,"enqueue_err":0,"pdr_ppm":992764},"rx":{"frames":3265,"lost_seqgap":7,"reorder_dup":0,"dropped_bad":0,"hb_lost":31,"bcast_frames":1710,"pdr_ppm":997860},"rtt":{"samples":65,"min_us":5488,"max_us":36483,"timeouts":1,"txq_last_us":3179,"txq_max_us":22751,"remote_turnaround_us":851,"remote_turnaround_max_us":23822,"p50_us":[4000,6000],"p99_us":[30000,42000],"hist":[0,0,0,0,42,11,1,3,5,2,1,0,0,0,0,0]}}
1791632695.676 {"t":"link","up_ms":180530,"node":25344,"peer":33120,"mac":"b8:1f:3f:da:81:60","state":"alive","epoch":281,"espnow_ver":2,"mtu":1446,"misses":0,"rssi":-22,"tx":{"frames":798,"cb_ok":798,"cb_fail":0,"enqueue_err":0,"pdr_ppm":1000000},"rx":{"frames":2778,"lost_seqgap":1,"reorder_dup":0,"dropped_bad":0,"hb_lost":4,"bcast_frames":1782,"pdr_ppm":999640},"rtt":{"samples":65,"min_us":5833,"max_us":40879,"timeouts":0,"txq_last_us":2781,"txq_max_us":9576,"remote_turnaround_us":960,"remote_turnaround_max_us":27643,"p50_us":[6000,8000],"p99_us":[30000,42000],"hist":[0,0,0,0,27,25,5,4,3,0,1,0,0,0,0,0]}}
1791632695.676 {"t":"link","up_ms":180585,"node":25344,"peer":254,"mac":"02:00:00:00:00:fe","state":"alive","epoch":0,"espnow_ver":0,"mtu":226,"misses":0,"rssi":0,"tx":{"frames":1389,"cb_ok":0,"cb_fail":0,"enqueue_err":0,"pdr_ppm":null},"rx":{"frames":2501,"lost_seqgap":0,"reorder_dup":0,"dropped_bad":0,"hb_lost":0,"bcast_frames":0,"pdr_ppm":1000000},"rtt":{"samples":47,"min_us":7145,"max_us":99239,"timeouts":0,"txq_last_us":0,"txq_max_us":0,"remote_turnaround_us":18,"remote_turnaround_max_us":23,"p50_us":[42000,60000],"p99_us":[85000,110000],"hist":[0,0,0,0,0,1,0,0,2,5,2,29,6,2,0,0]}}
1791632695.676 {"t":"auth","node":25344,"up_ms":180638,"enrolled":1,"required":1,"verified_peers":2,"verified":8,"cache_hits":189,"refused":0,"rate_limited":0,"stale_epoch":0,"verify_us_max":86101,"link_stack_free_b":820,"crypto_stack_free_b":1220,"tags_ok":2355,"bad_tag":0,"replayed":2,"untagged":0,"bcast_dropped":0,"beacon_epoch_ignored":0,"tag_us_max":1069}
1791632695.676 {"t":"act","node":25344,"setpoint":0,"has_value":0,"writes_served":0}
1791632695.676 {"t":"peers","node":25344,"own_period_ms":100,"own_busy":0,"channel":1,"scanning":0,"scans":0,"hops":10,"found":0,"lost_to_found_ms":0,"moves_followed":0,"moves_refused":0,"sweeps":1,"sweep_found":0,"sweeping":0,"search_visits":1,"relay":0,"fwd_u":0,"fwd_b":0,"fwd_h":0,"relay_dup":1794,"list":[{"id":29544,"state":"alive","via_relay":0,"period_ms":100,"misses":6,"busy":1,"rtt_n":65},{"id":33120,"state":"alive","via_relay":0,"period_ms":100,"misses":6,"busy":0,"rtt_n":65},{"id":254,"state":"alive","via_relay":0,"period_ms":100,"misses":6,"busy":0,"rtt_n":47}]}
1791632695.676 {"t":"ss","node":25344,"accepted":0,"unsigned":0,"unknown_sender":0,"bad_signature":0,"replayed":0,"rate_limited":0,"verify_us_max":0,"floors":[]}
1791632696.065 {"t":"rec","node":25344,"up_ms":180734,"settled":1,"sent":715,"received":706,"malformed":0,"views":4,"replies_fenced":0,"actors":[{"key":1245650351,"running":1,"term":5,"owner":25344,"owner_term":5,"assigned":254,"starts":1,"fenced":0,"released":0}]}
1791632696.065 {"t":"node","up_ms":180750,"node":25344,"epoch":242,"peers_alive":3,"peers_dead":0,"no_radio":0,"free_dram":250219,"largest_block":172032,"rx":{"total":12165,"bad_frame":0,"unknown_peer":13,"wrong_dst":0,"short_payload":0,"unknown_opcode":0,"queue_dropped":51},"tx":{"total":5464,"enqueue_err":0,"done_queue_dropped":0},"membership":{"deaths":1,"revivals":0,"reboots_seen":1,"table_full":0,"events_dropped":0}}
1791632696.065 {"t":"ns","node":25344,"hash":2410274060,"owner":25344,"kind":"sampled","unit":100,"class":4,"bound_ms":0,"quality":"GOOD","age_ms":398,"ts":180392,"updates":17,"value":242}
1791632696.065 {"t":"ns","node":25344,"hash":1274253983,"owner":25344,"kind":"sampled","unit":0,"class":4,"bound_ms":5000,"quality":"GOOD","age_ms":413,"ts":180392,"updates":17,"value":-29}
1791632696.065 {"t":"ns","node":25344,"hash":3354298913,"owner":25344,"kind":"sampled","unit":100,"class":4,"bound_ms":5000,"quality":"GOOD","age_ms":427,"ts":180392,"updates":17,"value":3}
1791632696.065 {"t":"ns","node":25344,"hash":1771187623,"owner":25344,"kind":"sampled","unit":101,"class":4,"bound_ms":30000,"quality":"GOOD","age_ms":442,"ts":180391,"updates":17,"value":250219}
1791632696.065 {"t":"ns","node":25344,"hash":1245650351,"owner":25344,"kind":"sampled","unit":0,"class":3,"bound_ms":500,"quality":"GOOD","age_ms":43,"ts":180804,"updates":1715,"value":1660946099}
1791632696.065 {"t":"ns","node":25344,"hash":2033492666,"owner":25344,"kind":"sampled","unit":0,"class":3,"bound_ms":0,"quality":"NO_DATA","age_ms":0,"ts":0,"updates":0,"value":null}
1791632696.065 {"t":"ns","node":25344,"hash":4103947588,"owner":25344,"kind":"sampled","unit":80,"class":4,"bound_ms":30000,"quality":"GOOD","age_ms":488,"ts":180391,"updates":17,"value":180}
1791632696.065 {"t":"ns","node":25344,"hash":1662441583,"owner":25344,"kind":"sampled","unit":101,"class":4,"bound_ms":30000,"quality":"GOOD","age_ms":502,"ts":180391,"updates":17,"value":172032}
1791632706.194 {"t":"clk","node":25344,"up_ms":190908}
1791632706.194 {"t":"led","node":25344,"shows":"green","app":0}
1791632706.194 {"t":"event","at_ms":181022,"node":25344,"kind":"peer_admitted","peer":33120,"slot":1,"a":0,"b":0}
1791632706.194 {"t":"event","at_ms":181130,"node":25344,"kind":"peer_admitted","peer":29544,"slot":0,"a":0,"b":0}
1791632706.194 {"t":"event","at_ms":183022,"node":25344,"kind":"peer_admitted","peer":33120,"slot":1,"a":0,"b":0}
1791632706.194 {"t":"event","at_ms":183130,"node":25344,"kind":"peer_admitted","peer":29544,"slot":0,"a":0,"b":0}
1791632706.194 {"t":"event","at_ms":185022,"node":25344,"kind":"peer_admitted","peer":33120,"slot":1,"a":0,"b":0}
1791632706.194 {"t":"event","at_ms":185130,"node":25344,"kind":"peer_admitted","peer":29544,"slot":0,"a":0,"b":0}
1791632706.194 {"t":"event","at_ms":187022,"node":25344,"kind":"peer_admitted","peer":33120,"slot":1,"a":0,"b":0}
1791632706.194 {"t":"event","at_ms":187130,"node":25344,"kind":"peer_admitted","peer":29544,"slot":0,"a":0,"b":0}
1791632706.194 {"t":"event","at_ms":189022,"node":25344,"kind":"peer_admitted","peer":33120,"slot":1,"a":0,"b":0}
1791632706.194 {"t":"event","at_ms":189130,"node":25344,"kind":"peer_admitted","peer":29544,"slot":0,"a":0,"b":0}
1791632706.194 {"t":"link","up_ms":190994,"node":25344,"peer":29544,"mac":"b8:1f:3f:da:73:68","state":"alive","epoch":170,"espnow_ver":2,"mtu":1446,"misses":0,"rssi":-29,"tx":{"frames":1409,"cb_ok":1399,"cb_fail":10,"enqueue_err":0,"pdr_ppm":992902},"rx":{"frames":3409,"lost_seqgap":7,"reorder_dup":0,"dropped_bad":0,"hb_lost":31,"bcast_frames":1815,"pdr_ppm":997950},"rtt":{"samples":68,"min_us":5488,"max_us":36483,"timeouts":1,"txq_last_us":2815,"txq_max_us":22751,"remote_turnaround_us":887,"remote_turnaround_max_us":23822,"p50_us":[4000,6000],"p99_us":[30000,42000],"hist":[0,0,0,0,44,12,1,3,5,2,1,0,0,0,0,0]}}
1791632706.194 {"t":"link","up_ms":191049,"node":25344,"peer":33120,"mac":"b8:1f:3f:da:81:60","state":"alive","epoch":281,"espnow_ver":2,"mtu":1446,"misses":0,"rssi":-22,"tx":{"frames":923,"cb_ok":923,"cb_fail":0,"enqueue_err":0,"pdr_ppm":1000000},"rx":{"frames":3021,"lost_seqgap":1,"reorder_dup":0,"dropped_bad":0,"hb_lost":4,"bcast_frames":1887,"pdr_ppm":999669},"rtt":{"samples":69,"min_us":5833,"max_us":40879,"timeouts":0,"txq_last_us":3190,"txq_max_us":9576,"remote_turnaround_us":979,"remote_turnaround_max_us":27643,"p50_us":[6000,8000],"p99_us":[30000,42000],"hist":[0,0,0,0,28,28,5,4,3,0,1,0,0,0,0,0]}}
1791632706.194 {"t":"link","up_ms":191103,"node":25344,"peer":254,"mac":"02:00:00:00:00:fe","state":"alive","epoch":0,"espnow_ver":0,"mtu":226,"misses":0,"rssi":0,"tx":{"frames":1504,"cb_ok":0,"cb_fail":0,"enqueue_err":0,"pdr_ppm":null},"rx":{"frames":2699,"lost_seqgap":0,"reorder_dup":0,"dropped_bad":0,"hb_lost":0,"bcast_frames":0,"pdr_ppm":1000000},"rtt":{"samples":51,"min_us":7145,"max_us":99239,"timeouts":0,"txq_last_us":0,"txq_max_us":0,"remote_turnaround_us":13,"remote_turnaround_max_us":23,"p50_us":[42000,60000],"p99_us":[85000,110000],"hist":[0,0,0,0,0,1,1,0,2,5,3,31,6,2,0,0]}}
1791632706.194 {"t":"auth","node":25344,"up_ms":191147,"enrolled":1,"required":1,"verified_peers":2,"verified":8,"cache_hits":201,"refused":0,"rate_limited":0,"stale_epoch":0,"verify_us_max":86101,"link_stack_free_b":820,"crypto_stack_free_b":1220,"tags_ok":2522,"bad_tag":0,"replayed":2,"untagged":0,"bcast_dropped":0,"beacon_epoch_ignored":0,"tag_us_max":1069}
1791632706.194 {"t":"act","node":25344,"setpoint":0,"has_value":0,"writes_served":0}
1791632706.194 {"t":"peers","node":25344,"own_period_ms":100,"own_busy":0,"channel":1,"scanning":0,"scans":0,"hops":10,"found":0,"lost_to_found_ms":0,"moves_followed":0,"moves_refused":0,"sweeps":1,"sweep_found":0,"sweeping":0,"search_visits":1,"relay":0,"fwd_u":0,"fwd_b":0,"fwd_h":0,"relay_dup":1905,"list":[{"id":29544,"state":"alive","via_relay":0,"period_ms":100,"misses":6,"busy":1,"rtt_n":68},{"id":33120,"state":"alive","via_relay":0,"period_ms":100,"misses":6,"busy":0,"rtt_n":69},{"id":254,"state":"alive","via_relay":0,"period_ms":100,"misses":6,"busy":0,"rtt_n":51}]}
1791632706.194 {"t":"ss","node":25344,"accepted":0,"unsigned":0,"unknown_sender":0,"bad_signature":0,"replayed":0,"rate_limited":0,"verify_us_max":0,"floors":[]}
1791632706.570 {"t":"rec","node":25344,"up_ms":191254,"settled":1,"sent":757,"received":747,"malformed":0,"views":4,"replies_fenced":0,"actors":[{"key":1245650351,"running":1,"term":5,"owner":25344,"owner_term":5,"assigned":254,"starts":1,"fenced":0,"released":0}]}
1791632706.570 {"t":"node","up_ms":191269,"node":25344,"epoch":242,"peers_alive":3,"peers_dead":0,"no_radio":0,"free_dram":250219,"largest_block":172032,"rx":{"total":12976,"bad_frame":0,"unknown_peer":13,"wrong_dst":0,"short_payload":0,"unknown_opcode":0,"queue_dropped":51},"tx":{"total":5845,"enqueue_err":0,"done_queue_dropped":0},"membership":{"deaths":1,"revivals":0,"reboots_seen":1,"table_full":0,"events_dropped":0}}
1791632706.570 {"t":"ns","node":25344,"hash":2410274060,"owner":25344,"kind":"sampled","unit":100,"class":4,"bound_ms":0,"quality":"GOOD","age_ms":399,"ts":190910,"updates":18,"value":242}
1791632706.570 {"t":"ns","node":25344,"hash":1274253983,"owner":25344,"kind":"sampled","unit":0,"class":4,"bound_ms":5000,"quality":"GOOD","age_ms":413,"ts":190910,"updates":18,"value":-30}
1791632706.570 {"t":"ns","node":25344,"hash":3354298913,"owner":25344,"kind":"sampled","unit":100,"class":4,"bound_ms":5000,"quality":"GOOD","age_ms":427,"ts":190910,"updates":18,"value":3}
1791632706.570 {"t":"ns","node":25344,"hash":1771187623,"owner":25344,"kind":"sampled","unit":101,"class":4,"bound_ms":30000,"quality":"GOOD","age_ms":442,"ts":190909,"updates":18,"value":250219}
1791632706.570 {"t":"ns","node":25344,"hash":1245650351,"owner":25344,"kind":"sampled","unit":0,"class":3,"bound_ms":500,"quality":"GOOD","age_ms":30,"ts":191336,"updates":1819,"value":1660946203}
1791632706.570 {"t":"ns","node":25344,"hash":2033492666,"owner":25344,"kind":"sampled","unit":0,"class":3,"bound_ms":0,"quality":"NO_DATA","age_ms":0,"ts":0,"updates":0,"value":null}
1791632706.570 {"t":"ns","node":25344,"hash":4103947588,"owner":25344,"kind":"sampled","unit":80,"class":4,"bound_ms":30000,"quality":"GOOD","age_ms":496,"ts":190909,"updates":18,"value":190}
1791632706.570 {"t":"ns","node":25344,"hash":1662441583,"owner":25344,"kind":"sampled","unit":101,"class":4,"bound_ms":30000,"quality":"GOOD","age_ms":510,"ts":190909,"updates":18,"value":172032}
1791632716.722 {"t":"clk","node":25344,"up_ms":201434}
1791632716.722 {"t":"led","node":25344,"shows":"green","app":0}
1791632716.722 {"t":"event","at_ms":191022,"node":25344,"kind":"peer_admitted","peer":33120,"slot":1,"a":0,"b":0}
1791632716.722 {"t":"event","at_ms":191130,"node":25344,"kind":"peer_admitted","peer":29544,"slot":0,"a":0,"b":0}
1791632716.722 {"t":"event","at_ms":193022,"node":25344,"kind":"peer_admitted","peer":33120,"slot":1,"a":0,"b":0}
1791632716.722 {"t":"event","at_ms":193130,"node":25344,"kind":"peer_admitted","peer":29544,"slot":0,"a":0,"b":0}
1791632716.722 {"t":"event","at_ms":195022,"node":25344,"kind":"peer_admitted","peer":33120,"slot":1,"a":0,"b":0}
1791632716.722 {"t":"event","at_ms":195133,"node":25344,"kind":"peer_admitted","peer":29544,"slot":0,"a":0,"b":0}
1791632716.722 {"t":"event","at_ms":197022,"node":25344,"kind":"peer_admitted","peer":33120,"slot":1,"a":0,"b":0}
1791632716.722 {"t":"event","at_ms":197130,"node":25344,"kind":"peer_admitted","peer":29544,"slot":0,"a":0,"b":0}
1791632716.722 {"t":"event","at_ms":199022,"node":25344,"kind":"peer_admitted","peer":33120,"slot":1,"a":0,"b":0}
1791632716.722 {"t":"event","at_ms":199130,"node":25344,"kind":"peer_admitted","peer":29544,"slot":0,"a":0,"b":0}
1791632716.722 {"t":"event","at_ms":201022,"node":25344,"kind":"peer_admitted","peer":33120,"slot":1,"a":0,"b":0}
1791632716.722 {"t":"event","at_ms":201130,"node":25344,"kind":"peer_admitted","peer":29544,"slot":0,"a":0,"b":0}
1791632716.722 {"t":"link","up_ms":201546,"node":25344,"peer":29544,"mac":"b8:1f:3f:da:73:68","state":"alive","epoch":170,"espnow_ver":2,"mtu":1446,"misses":0,"rssi":-30,"tx":{"frames":1438,"cb_ok":1427,"cb_fail":10,"enqueue_err":0,"pdr_ppm":993041},"rx":{"frames":3555,"lost_seqgap":7,"reorder_dup":0,"dropped_bad":0,"hb_lost":31,"bcast_frames":1920,"pdr_ppm":998034},"rtt":{"samples":72,"min_us":5398,"max_us":36483,"timeouts":1,"txq_last_us":2815,"txq_max_us":22751,"remote_turnaround_us":683,"remote_turnaround_max_us":23822,"p50_us":[4000,6000],"p99_us":[30000,42000],"hist":[0,0,0,0,46,13,1,3,6,2,1,0,0,0,0,0]}}
1791632716.722 {"t":"link","up_ms":201589,"node":25344,"peer":33120,"mac":"b8:1f:3f:da:81:60","state":"alive","epoch":281,"espnow_ver":2,"mtu":1446,"misses":0,"rssi":-22,"tx":{"frames":1049,"cb_ok":1049,"cb_fail":0,"enqueue_err":0,"pdr_ppm":1000000},"rx":{"frames":3264,"lost_seqgap":1,"reorder_dup":0,"dropped_bad":0,"hb_lost":4,"bcast_frames":1993,"pdr_ppm":999693},"rtt":{"samples":72,"min_us":5791,"max_us":40879,"timeouts":0,"txq_last_us":3001,"txq_max_us":9576,"remote_turnaround_us":882,"remote_turnaround_max_us":27643,"p50_us":[6000,8000],"p99_us":[30000,42000],"hist":[0,0,0,0,30,28,5,5,3,0,1,0,0,0,0,0]}}
1791632716.722 {"t":"link","up_ms":201645,"node":25344,"peer":254,"mac":"02:00:00:00:00:fe","state":"alive","epoch":0,"espnow_ver":0,"mtu":226,"misses":0,"rssi":0,"tx":{"frames":1618,"cb_ok":0,"cb_fail":0,"enqueue_err":0,"pdr_ppm":null},"rx":{"frames":2897,"lost_seqgap":0,"reorder_dup":0,"dropped_bad":0,"hb_lost":0,"bcast_frames":0,"pdr_ppm":1000000},"rtt":{"samples":54,"min_us":7145,"max_us":99239,"timeouts":0,"txq_last_us":0,"txq_max_us":0,"remote_turnaround_us":13,"remote_turnaround_max_us":23,"p50_us":[42000,60000],"p99_us":[85000,110000],"hist":[0,0,0,0,0,1,1,0,2,5,3,32,8,2,0,0]}}
1791632716.722 {"t":"auth","node":25344,"up_ms":201699,"enrolled":1,"required":1,"verified_peers":2,"verified":8,"cache_hits":211,"refused":0,"rate_limited":0,"stale_epoch":0,"verify_us_max":86101,"link_stack_free_b":820,"crypto_stack_free_b":1220,"tags_ok":2688,"bad_tag":0,"replayed":2,"untagged":0,"bcast_dropped":0,"beacon_epoch_ignored":0,"tag_us_max":1203}
1791632716.722 {"t":"act","node":25344,"setpoint":0,"has_value":0,"writes_served":0}
1791632716.722 {"t":"peers","node":25344,"own_period_ms":100,"own_busy":0,"channel":1,"scanning":0,"scans":0,"hops":10,"found":0,"lost_to_found_ms":0,"moves_followed":0,"moves_refused":0,"sweeps":1,"sweep_found":0,"sweeping":0,"search_visits":1,"relay":0,"fwd_u":0,"fwd_b":0,"fwd_h":0,"relay_dup":2013,"list":[{"id":29544,"state":"alive","via_relay":0,"period_ms":100,"misses":6,"busy":1,"rtt_n":72},{"id":33120,"state":"alive","via_relay":0,"period_ms":100,"misses":6,"busy":0,"rtt_n":72},{"id":254,"state":"alive","via_relay":0,"period_ms":100,"misses":6,"busy":0,"rtt_n":54}]}
1791632717.127 {"t":"ss","node":25344,"accepted":0,"unsigned":0,"unknown_sender":0,"bad_signature":0,"replayed":0,"rate_limited":0,"verify_us_max":0,"floors":[]}
1791632717.127 {"t":"rec","node":25344,"up_ms":201796,"settled":1,"sent":799,"received":788,"malformed":0,"views":4,"replies_fenced":0,"actors":[{"key":1245650351,"running":1,"term":5,"owner":25344,"owner_term":5,"assigned":254,"starts":1,"fenced":0,"released":0}]}
1791632717.127 {"t":"node","up_ms":201813,"node":25344,"epoch":242,"peers_alive":3,"peers_dead":0,"no_radio":0,"free_dram":250219,"largest_block":172032,"rx":{"total":13780,"bad_frame":0,"unknown_peer":13,"wrong_dst":0,"short_payload":0,"unknown_opcode":0,"queue_dropped":51},"tx":{"total":6224,"enqueue_err":0,"done_queue_dropped":0},"membership":{"deaths":1,"revivals":0,"reboots_seen":1,"table_full":0,"events_dropped":0}}
1791632717.127 {"t":"ns","node":25344,"hash":2410274060,"owner":25344,"kind":"sampled","unit":100,"class":4,"bound_ms":0,"quality":"GOOD","age_ms":418,"ts":201435,"updates":19,"value":242}
1791632717.127 {"t":"ns","node":25344,"hash":1274253983,"owner":25344,"kind":"sampled","unit":0,"class":4,"bound_ms":5000,"quality":"GOOD","age_ms":431,"ts":201436,"updates":19,"value":-30}
1791632717.127 {"t":"ns","node":25344,"hash":3354298913,"owner":25344,"kind":"sampled","unit":100,"class":4,"bound_ms":5000,"quality":"GOOD","age_ms":445,"ts":201436,"updates":19,"value":3}
1791632717.127 {"t":"ns","node":25344,"hash":1771187623,"owner":25344,"kind":"sampled","unit":101,"class":4,"bound_ms":30000,"quality":"GOOD","age_ms":460,"ts":201435,"updates":19,"value":250219}
1791632717.127 {"t":"ns","node":25344,"hash":1245650351,"owner":25344,"kind":"sampled","unit":0,"class":3,"bound_ms":500,"quality":"GOOD","age_ms":37,"ts":201872,"updates":1923,"value":1660946307}
1791632717.127 {"t":"ns","node":25344,"hash":2033492666,"owner":25344,"kind":"sampled","unit":0,"class":3,"bound_ms":0,"quality":"NO_DATA","age_ms":0,"ts":0,"updates":0,"value":null}
1791632717.127 {"t":"ns","node":25344,"hash":4103947588,"owner":25344,"kind":"sampled","unit":80,"class":4,"bound_ms":30000,"quality":"GOOD","age_ms":513,"ts":201435,"updates":19,"value":201}
1791632717.127 {"t":"ns","node":25344,"hash":1662441583,"owner":25344,"kind":"sampled","unit":101,"class":4,"bound_ms":30000,"quality":"GOOD","age_ms":530,"ts":201435,"updates":19,"value":172032}
1791632727.271 {"t":"clk","node":25344,"up_ms":211980}
1791632727.271 {"t":"led","node":25344,"shows":"green","app":0}
1791632727.271 {"t":"event","at_ms":203022,"node":25344,"kind":"peer_admitted","peer":33120,"slot":1,"a":0,"b":0}
1791632727.271 {"t":"event","at_ms":203133,"node":25344,"kind":"peer_admitted","peer":29544,"slot":0,"a":0,"b":0}
1791632727.271 {"t":"event","at_ms":205022,"node":25344,"kind":"peer_admitted","peer":33120,"slot":1,"a":0,"b":0}
1791632727.271 {"t":"event","at_ms":205133,"node":25344,"kind":"peer_admitted","peer":29544,"slot":0,"a":0,"b":0}
1791632727.271 {"t":"event","at_ms":207022,"node":25344,"kind":"peer_admitted","peer":33120,"slot":1,"a":0,"b":0}
1791632727.271 {"t":"event","at_ms":207130,"node":25344,"kind":"peer_admitted","peer":29544,"slot":0,"a":0,"b":0}
1791632727.271 {"t":"event","at_ms":209022,"node":25344,"kind":"peer_admitted","peer":33120,"slot":1,"a":0,"b":0}
1791632727.271 {"t":"event","at_ms":209130,"node":25344,"kind":"peer_admitted","peer":29544,"slot":0,"a":0,"b":0}
1791632727.271 {"t":"event","at_ms":211022,"node":25344,"kind":"peer_admitted","peer":33120,"slot":1,"a":0,"b":0}
1791632727.271 {"t":"event","at_ms":211130,"node":25344,"kind":"peer_admitted","peer":29544,"slot":0,"a":0,"b":0}
1791632727.271 {"t":"link","up_ms":212067,"node":25344,"peer":29544,"mac":"b8:1f:3f:da:73:68","state":"alive","epoch":170,"espnow_ver":2,"mtu":1446,"misses":0,"rssi":-30,"tx":{"frames":1465,"cb_ok":1455,"cb_fail":10,"enqueue_err":0,"pdr_ppm":993174},"rx":{"frames":3701,"lost_seqgap":7,"reorder_dup":0,"dropped_bad":0,"hb_lost":31,"bcast_frames":2025,"pdr_ppm":998112},"rtt":{"samples":75,"min_us":5398,"max_us":36483,"timeouts":1,"txq_last_us":2815,"txq_max_us":22751,"remote_turnaround_us":682,"remote_turnaround_max_us":23822,"p50_us":[4000,6000],"p99_us":[30000,42000],"hist":[0,0,0,0,47,14,2,3,6,2,1,0,0,0,0,0]}}
1791632727.271 {"t":"link","up_ms":212121,"node":25344,"peer":33120,"mac":"b8:1f:3f:da:81:60","state":"alive","epoch":281,"espnow_ver":2,"mtu":1446,"misses":0,"rssi":-22,"tx":{"frames":1174,"cb_ok":1174,"cb_fail":0,"enqueue_err":0,"pdr_ppm":1000000},"rx":{"frames":3507,"lost_seqgap":1,"reorder_dup":0,"dropped_bad":0,"hb_lost":4,"bcast_frames":2098,"pdr_ppm":999714},"rtt":{"samples":76,"min_us":5791,"max_us":40879,"timeouts":0,"txq_last_us":2837,"txq_max_us":9576,"remote_turnaround_us":1015,"remote_turnaround_max_us":27643,"p50_us":[6000,8000],"p99_us":[30000,42000],"hist":[0,0,0,0,31,30,6,5,3,0,1,0,0,0,0,0]}}
1791632727.271 {"t":"link","up_ms":212176,"node":25344,"peer":254,"mac":"02:00:00:00:00:fe","state":"alive","epoch":0,"espnow_ver":0,"mtu":226,"misses":0,"rssi":0,"tx":{"frames":1733,"cb_ok":0,"cb_fail":0,"enqueue_err":0,"pdr_ppm":null},"rx":{"frames":3096,"lost_seqgap":0,"reorder_dup":0,"dropped_bad":0,"hb_lost":0,"bcast_frames":0,"pdr_ppm":1000000},"rtt":{"samples":58,"min_us":7145,"max_us":99239,"timeouts":0,"txq_last_us":0,"txq_max_us":0,"remote_turnaround_us":14,"remote_turnaround_max_us":23,"p50_us":[42000,60000],"p99_us":[85000,110000],"hist":[0,0,0,0,0,1,1,0,3,5,3,35,8,2,0,0]}}
1791632727.271 {"t":"auth","node":25344,"up_ms":212230,"enrolled":1,"required":1,"verified_peers":2,"verified":8,"cache_hits":221,"refused":0,"rate_limited":0,"stale_epoch":0,"verify_us_max":86101,"link_stack_free_b":820,"crypto_stack_free_b":1220,"tags_ok":2857,"bad_tag":0,"replayed":2,"untagged":0,"bcast_dropped":0,"beacon_epoch_ignored":0,"tag_us_max":1203}
1791632727.271 {"t":"act","node":25344,"setpoint":0,"has_value":0,"writes_served":0}
1791632727.271 {"t":"peers","node":25344,"own_period_ms":100,"own_busy":0,"channel":1,"scanning":0,"scans":0,"hops":10,"found":0,"lost_to_found_ms":0,"moves_followed":0,"moves_refused":0,"sweeps":1,"sweep_found":0,"sweeping":0,"search_visits":1,"relay":0,"fwd_u":0,"fwd_b":0,"fwd_h":0,"relay_dup":2123,"list":[{"id":29544,"state":"alive","via_relay":0,"period_ms":100,"misses":6,"busy":1,"rtt_n":75},{"id":33120,"state":"alive","via_relay":0,"period_ms":100,"misses":6,"busy":0,"rtt_n":76},{"id":254,"state":"alive","via_relay":0,"period_ms":100,"misses":6,"busy":0,"rtt_n":58}]}
1791632727.271 {"t":"ss","node":25344,"accepted":0,"unsigned":0,"unknown_sender":0,"bad_signature":0,"replayed":0,"rate_limited":0,"verify_us_max":0,"floors":[]}
1791632727.644 {"t":"rec","node":25344,"up_ms":212326,"settled":1,"sent":840,"received":830,"malformed":0,"views":4,"replies_fenced":0,"actors":[{"key":1245650351,"running":1,"term":5,"owner":25344,"owner_term":5,"assigned":254,"starts":1,"fenced":0,"released":0}]}
1791632727.644 {"t":"node","up_ms":212341,"node":25344,"epoch":242,"peers_alive":3,"peers_dead":0,"no_radio":0,"free_dram":250219,"largest_block":172032,"rx":{"total":14586,"bad_frame":0,"unknown_peer":13,"wrong_dst":0,"short_payload":0,"unknown_opcode":0,"queue_dropped":51},"tx":{"total":6600,"enqueue_err":0,"done_queue_dropped":0},"membership":{"deaths":1,"revivals":0,"reboots_seen":1,"table_full":0,"events_dropped":0}}
1791632727.644 {"t":"ns","node":25344,"hash":2410274060,"owner":25344,"kind":"sampled","unit":100,"class":4,"bound_ms":0,"quality":"GOOD","age_ms":399,"ts":211982,"updates":20,"value":242}
1791632727.644 {"t":"ns","node":25344,"hash":1274253983,"owner":25344,"kind":"sampled","unit":0,"class":4,"bound_ms":5000,"quality":"GOOD","age_ms":413,"ts":211982,"updates":20,"value":-30}
1791632727.644 {"t":"ns","node":25344,"hash":3354298913,"owner":25344,"kind":"sampled","unit":100,"class":4,"bound_ms":5000,"quality":"GOOD","age_ms":427,"ts":211982,"updates":20,"value":3}
1791632727.644 {"t":"ns","node":25344,"hash":1771187623,"owner":25344,"kind":"sampled","unit":101,"class":4,"bound_ms":30000,"quality":"GOOD","age_ms":442,"ts":211981,"updates":20,"value":250219}
1791632727.644 {"t":"ns","node":25344,"hash":1245650351,"owner":25344,"kind":"sampled","unit":0,"class":3,"bound_ms":500,"quality":"GOOD","age_ms":60,"ts":212377,"updates":2027,"value":1660946411}
1791632727.644 {"t":"ns","node":25344,"hash":2033492666,"owner":25344,"kind":"sampled","unit":0,"class":3,"bound_ms":0,"quality":"NO_DATA","age_ms":0,"ts":0,"updates":0,"value":null}
1791632727.644 {"t":"ns","node":25344,"hash":4103947588,"owner":25344,"kind":"sampled","unit":80,"class":4,"bound_ms":30000,"quality":"GOOD","age_ms":497,"ts":211982,"updates":20,"value":211}
1791632727.644 {"t":"ns","node":25344,"hash":1662441583,"owner":25344,"kind":"sampled","unit":101,"class":4,"bound_ms":30000,"quality":"GOOD","age_ms":512,"ts":211982,"updates":20,"value":172032}
1791632737.793 {"t":"clk","node":25344,"up_ms":222508}
1791632737.793 {"t":"led","node":25344,"shows":"green","app":0}
1791632737.793 {"t":"event","at_ms":213022,"node":25344,"kind":"peer_admitted","peer":33120,"slot":1,"a":0,"b":0}
1791632737.793 {"t":"event","at_ms":213131,"node":25344,"kind":"peer_admitted","peer":29544,"slot":0,"a":0,"b":0}
1791632737.793 {"t":"event","at_ms":215022,"node":25344,"kind":"peer_admitted","peer":33120,"slot":1,"a":0,"b":0}
1791632737.793 {"t":"event","at_ms":215130,"node":25344,"kind":"peer_admitted","peer":29544,"slot":0,"a":0,"b":0}
1791632737.793 {"t":"event","at_ms":217022,"node":25344,"kind":"peer_admitted","peer":33120,"slot":1,"a":0,"b":0}
1791632737.793 {"t":"event","at_ms":217130,"node":25344,"kind":"peer_admitted","peer":29544,"slot":0,"a":0,"b":0}
1791632737.793 {"t":"event","at_ms":219027,"node":25344,"kind":"peer_admitted","peer":33120,"slot":1,"a":0,"b":0}
1791632737.793 {"t":"event","at_ms":219131,"node":25344,"kind":"peer_admitted","peer":29544,"slot":0,"a":0,"b":0}
1791632737.793 {"t":"event","at_ms":221026,"node":25344,"kind":"peer_admitted","peer":33120,"slot":1,"a":0,"b":0}
1791632737.793 {"t":"event","at_ms":221130,"node":25344,"kind":"peer_admitted","peer":29544,"slot":0,"a":0,"b":0}
1791632737.793 {"t":"link","up_ms":222594,"node":25344,"peer":29544,"mac":"b8:1f:3f:da:73:68","state":"alive","epoch":170,"espnow_ver":2,"mtu":1446,"misses":0,"rssi":-30,"tx":{"frames":1493,"cb_ok":1483,"cb_fail":10,"enqueue_err":0,"pdr_ppm":993302},"rx":{"frames":3847,"lost_seqgap":7,"reorder_dup":0,"dropped_bad":0,"hb_lost":31,"bcast_frames":2131,"pdr_ppm":998183},"rtt":{"samples":79,"min_us":5398,"max_us":36483,"timeouts":1,"txq_last_us":2815,"txq_max_us":22751,"remote_turnaround_us":858,"remote_turnaround_max_us":23822,"p50_us":[4000,6000],"p99_us":[30000,42000],"hist":[0,0,0,0,48,15,3,4,6,2,1,0,0,0,0,0]}}
1791632737.793 {"t":"link","up_ms":222648,"node":25344,"peer":33120,"mac":"b8:1f:3f:da:81:60","state":"alive","epoch":281,"espnow_ver":2,"mtu":1446,"misses":0,"rssi":-22,"tx":{"frames":1298,"cb_ok":1298,"cb_fail":0,"enqueue_err":0,"pdr_ppm":1000000},"rx":{"frames":3747,"lost_seqgap":1,"reorder_dup":0,"dropped_bad":0,"hb_lost":4,"bcast_frames":2203,"pdr_ppm":999733},"rtt":{"samples":79,"min_us":5791,"max_us":40879,"timeouts":0,"txq_last_us":2850,"txq_max_us":9576,"remote_turnaround_us":1030,"remote_turnaround_max_us":27643,"p50_us":[6000,8000],"p99_us":[30000,42000],"hist":[0,0,0,0,32,31,6,5,4,0,1,0,0,0,0,0]}}
1791632737.793 {"t":"link","up_ms":222703,"node":25344,"peer":254,"mac":"02:00:00:00:00:fe","state":"alive","epoch":0,"espnow_ver":0,"mtu":226,"misses":0,"rssi":0,"tx":{"frames":1848,"cb_ok":0,"cb_fail":0,"enqueue_err":0,"pdr_ppm":null},"rx":{"frames":3293,"lost_seqgap":0,"reorder_dup":0,"dropped_bad":0,"hb_lost":0,"bcast_frames":0,"pdr_ppm":1000000},"rtt":{"samples":61,"min_us":7145,"max_us":99239,"timeouts":0,"txq_last_us":0,"txq_max_us":0,"remote_turnaround_us":19,"remote_turnaround_max_us":23,"p50_us":[42000,60000],"p99_us":[85000,110000],"hist":[0,0,0,0,0,1,1,0,4,5,3,37,8,2,0,0]}}
1791632737.793 {"t":"auth","node":25344,"up_ms":222757,"enrolled":1,"required":1,"verified_peers":2,"verified":8,"cache_hits":231,"refused":0,"rate_limited":0,"stale_epoch":0,"verify_us_max":86101,"link_stack_free_b":820,"crypto_stack_free_b":1220,"tags_ok":3022,"bad_tag":0,"replayed":2,"untagged":0,"bcast_dropped":0,"beacon_epoch_ignored":0,"tag_us_max":1203}
1791632737.793 {"t":"act","node":25344,"setpoint":0,"has_value":0,"writes_served":0}
1791632737.793 {"t":"peers","node":25344,"own_period_ms":100,"own_busy":0,"channel":1,"scanning":0,"scans":0,"hops":10,"found":0,"lost_to_found_ms":0,"moves_followed":0,"moves_refused":0,"sweeps":1,"sweep_found":0,"sweeping":0,"search_visits":1,"relay":0,"fwd_u":0,"fwd_b":0,"fwd_h":0,"relay_dup":2234,"list":[{"id":29544,"state":"alive","via_relay":0,"period_ms":100,"misses":6,"busy":1,"rtt_n":79},{"id":33120,"state":"alive","via_relay":0,"period_ms":100,"misses":6,"busy":0,"rtt_n":80},{"id":254,"state":"alive","via_relay":0,"period_ms":100,"misses":6,"busy":0,"rtt_n":61}]}
1791632737.793 {"t":"ss","node":25344,"accepted":0,"unsigned":0,"unknown_sender":0,"bad_signature":0,"replayed":0,"rate_limited":0,"verify_us_max":0,"floors":[]}
1791632738.173 {"t":"rec","node":25344,"up_ms":222853,"settled":1,"sent":882,"received":871,"malformed":0,"views":4,"replies_fenced":0,"actors":[{"key":1245650351,"running":1,"term":5,"owner":25344,"owner_term":5,"assigned":254,"starts":1,"fenced":0,"released":0}]}
1791632738.173 {"t":"node","up_ms":222868,"node":25344,"epoch":242,"peers_alive":3,"peers_dead":0,"no_radio":0,"free_dram":248935,"largest_block":172032,"rx":{"total":15394,"bad_frame":0,"unknown_peer":13,"wrong_dst":0,"short_payload":0,"unknown_opcode":0,"queue_dropped":51},"tx":{"total":6979,"enqueue_err":0,"done_queue_dropped":0},"membership":{"deaths":1,"revivals":0,"reboots_seen":1,"table_full":0,"events_dropped":0}}
1791632738.173 {"t":"ns","node":25344,"hash":2410274060,"owner":25344,"kind":"sampled","unit":100,"class":4,"bound_ms":0,"quality":"GOOD","age_ms":400,"ts":222510,"updates":21,"value":242}
1791632738.173 {"t":"ns","node":25344,"hash":1274253983,"owner":25344,"kind":"sampled","unit":0,"class":4,"bound_ms":5000,"quality":"GOOD","age_ms":414,"ts":222510,"updates":21,"value":-29}
1791632738.173 {"t":"ns","node":25344,"hash":3354298913,"owner":25344,"kind":"sampled","unit":100,"class":4,"bound_ms":5000,"quality":"GOOD","age_ms":428,"ts":222510,"updates":21,"value":3}
1791632738.173 {"t":"ns","node":25344,"hash":1771187623,"owner":25344,"kind":"sampled","unit":101,"class":4,"bound_ms":30000,"quality":"GOOD","age_ms":443,"ts":222509,"updates":21,"value":250219}
1791632738.173 {"t":"ns","node":25344,"hash":1245650351,"owner":25344,"kind":"sampled","unit":0,"class":3,"bound_ms":500,"quality":"GOOD","age_ms":99,"ts":222868,"updates":2131,"value":1660946515}
1791632738.173 {"t":"ns","node":25344,"hash":2033492666,"owner":25344,"kind":"sampled","unit":0,"class":3,"bound_ms":0,"quality":"NO_DATA","age_ms":0,"ts":0,"updates":0,"value":null}
1791632738.173 {"t":"ns","node":25344,"hash":4103947588,"owner":25344,"kind":"sampled","unit":80,"class":4,"bound_ms":30000,"quality":"GOOD","age_ms":485,"ts":222510,"updates":21,"value":222}
1791632738.173 {"t":"ns","node":25344,"hash":1662441583,"owner":25344,"kind":"sampled","unit":101,"class":4,"bound_ms":30000,"quality":"GOOD","age_ms":510,"ts":222510,"updates":21,"value":172032}
1791632748.324 {"t":"clk","node":25344,"up_ms":233035}
1791632748.324 {"t":"led","node":25344,"shows":"green","app":0}
1791632748.324 {"t":"event","at_ms":223026,"node":25344,"kind":"peer_admitted","peer":33120,"slot":1,"a":0,"b":0}
1791632748.324 {"t":"event","at_ms":223130,"node":25344,"kind":"peer_admitted","peer":29544,"slot":0,"a":0,"b":0}
1791632748.324 {"t":"event","at_ms":225026,"node":25344,"kind":"peer_admitted","peer":33120,"slot":1,"a":0,"b":0}
1791632748.324 {"t":"event","at_ms":225130,"node":25344,"kind":"peer_admitted","peer":29544,"slot":0,"a":0,"b":0}
1791632748.324 {"t":"event","at_ms":227025,"node":25344,"kind":"peer_admitted","peer":33120,"slot":1,"a":0,"b":0}
1791632748.324 {"t":"event","at_ms":227130,"node":25344,"kind":"peer_admitted","peer":29544,"slot":0,"a":0,"b":0}
1791632748.324 {"t":"event","at_ms":229026,"node":25344,"kind":"peer_admitted","peer":33120,"slot":1,"a":0,"b":0}
1791632748.324 {"t":"event","at_ms":229136,"node":25344,"kind":"peer_admitted","peer":29544,"slot":0,"a":0,"b":0}
1791632748.324 {"t":"event","at_ms":231026,"node":25344,"kind":"peer_admitted","peer":33120,"slot":1,"a":0,"b":0}
1791632748.324 {"t":"event","at_ms":231130,"node":25344,"kind":"peer_admitted","peer":29544,"slot":0,"a":0,"b":0}
1791632748.324 {"t":"event","at_ms":233026,"node":25344,"kind":"peer_admitted","peer":33120,"slot":1,"a":0,"b":0}
1791632748.324 {"t":"event","at_ms":233130,"node":25344,"kind":"peer_admitted","peer":29544,"slot":0,"a":0,"b":0}
1791632748.324 {"t":"link","up_ms":233149,"node":25344,"peer":29544,"mac":"b8:1f:3f:da:73:68","state":"alive","epoch":170,"espnow_ver":2,"mtu":1446,"misses":0,"rssi":-29,"tx":{"frames":1521,"cb_ok":1511,"cb_fail":10,"enqueue_err":0,"pdr_ppm":993425},"rx":{"frames":3992,"lost_seqgap":7,"reorder_dup":0,"dropped_bad":0,"hb_lost":31,"bcast_frames":2236,"pdr_ppm":998249},"rtt":{"samples":82,"min_us":5398,"max_us":36483,"timeouts":1,"txq_last_us":2815,"txq_max_us":22751,"remote_turnaround_us":852,"remote_turnaround_max_us":23822,"p50_us":[4000,6000],"p99_us":[30000,42000],"hist":[0,0,0,0,50,16,3,4,6,2,1,0,0,0,0,0]}}
1791632748.324 {"t":"link","up_ms":233193,"node":25344,"peer":33120,"mac":"b8:1f:3f:da:81:60","state":"alive","epoch":281,"espnow_ver":2,"mtu":1446,"misses":0,"rssi":-22,"tx":{"frames":1426,"cb_ok":1426,"cb_fail":0,"enqueue_err":0,"pdr_ppm":1000000},"rx":{"frames":3993,"lost_seqgap":1,"reorder_dup":0,"dropped_bad":0,"hb_lost":4,"bcast_frames":2309,"pdr_ppm":999749},"rtt":{"samples":83,"min_us":5791,"max_us":40879,"timeouts":0,"txq_last_us":7017,"txq_max_us":9576,"remote_turnaround_us":968,"remote_turnaround_max_us":27643,"p50_us":[6000,8000],"p99_us":[30000,42000],"hist":[0,0,0,0,33,33,6,5,5,0,1,0,0,0,0,0]}}
1791632748.324 {"t":"link","up_ms":233247,"node":25344,"peer":254,"mac":"02:00:00:00:00:fe","state":"alive","epoch":0,"espnow_ver":0,"mtu":226,"misses":0,"rssi":0,"tx":{"frames":1963,"cb_ok":0,"cb_fail":0,"enqueue_err":0,"pdr_ppm":null},"rx":{"frames":3491,"lost_seqgap":0,"reorder_dup":0,"dropped_bad":0,"hb_lost":0,"bcast_frames":0,"pdr_ppm":1000000},"rtt":{"samples":65,"min_us":7145,"max_us":99239,"timeouts":0,"txq_last_us":0,"txq_max_us":0,"remote_turnaround_us":13,"remote_turnaround_max_us":23,"p50_us":[42000,60000],"p99_us":[85000,110000],"hist":[0,0,0,0,0,1,1,1,4,5,3,40,8,2,0,0]}}
1791632748.324 {"t":"auth","node":25344,"up_ms":233302,"enrolled":1,"required":1,"verified_peers":2,"verified":8,"cache_hits":243,"refused":0,"rate_limited":0,"stale_epoch":0,"verify_us_max":86101,"link_stack_free_b":820,"crypto_stack_free_b":1220,"tags_ok":3190,"bad_tag":0,"replayed":2,"untagged":0,"bcast_dropped":0,"beacon_epoch_ignored":0,"tag_us_max":1203}
1791632748.324 {"t":"act","node":25344,"setpoint":0,"has_value":0,"writes_served":0}
1791632748.324 {"t":"peers","node":25344,"own_period_ms":100,"own_busy":0,"channel":1,"scanning":0,"scans":0,"hops":10,"found":0,"lost_to_found_ms":0,"moves_followed":0,"moves_refused":0,"sweeps":1,"sweep_found":0,"sweeping":0,"search_visits":1,"relay":0,"fwd_u":0,"fwd_b":0,"fwd_h":0,"relay_dup":2345,"list":[{"id":29544,"state":"alive","via_relay":0,"period_ms":100,"misses":6,"busy":1,"rtt_n":82},{"id":33120,"state":"alive","via_relay":0,"period_ms":100,"misses":6,"busy":0,"rtt_n":83},{"id":254,"state":"alive","via_relay":0,"period_ms":100,"misses":6,"busy":0,"rtt_n":65}]}
1791632748.720 {"t":"ss","node":25344,"accepted":0,"unsigned":0,"unknown_sender":0,"bad_signature":0,"replayed":0,"rate_limited":0,"verify_us_max":0,"floors":[]}
1791632748.720 {"t":"rec","node":25344,"up_ms":233399,"settled":1,"sent":924,"received":913,"malformed":0,"views":4,"replies_fenced":0,"actors":[{"key":1245650351,"running":1,"term":5,"owner":25344,"owner_term":5,"assigned":254,"starts":1,"fenced":0,"released":0}]}
1791632748.720 {"t":"node","up_ms":233414,"node":25344,"epoch":242,"peers_alive":3,"peers_dead":0,"no_radio":0,"free_dram":250219,"largest_block":172032,"rx":{"total":16203,"bad_frame":0,"unknown_peer":13,"wrong_dst":0,"short_payload":0,"unknown_opcode":0,"queue_dropped":51},"tx":{"total":7359,"enqueue_err":0,"done_queue_dropped":0},"membership":{"deaths":1,"revivals":0,"reboots_seen":1,"table_full":0,"events_dropped":0}}
1791632748.720 {"t":"ns","node":25344,"hash":2410274060,"owner":25344,"kind":"sampled","unit":100,"class":4,"bound_ms":0,"quality":"GOOD","age_ms":417,"ts":233037,"updates":22,"value":242}
1791632748.720 {"t":"ns","node":25344,"hash":1274253983,"owner":25344,"kind":"sampled","unit":0,"class":4,"bound_ms":5000,"quality":"GOOD","age_ms":432,"ts":233037,"updates":22,"value":-30}
1791632748.720 {"t":"ns","node":25344,"hash":3354298913,"owner":25344,"kind":"sampled","unit":100,"class":4,"bound_ms":5000,"quality":"GOOD","age_ms":446,"ts":233037,"updates":22,"value":3}
1791632748.720 {"t":"ns","node":25344,"hash":1771187623,"owner":25344,"kind":"sampled","unit":101,"class":4,"bound_ms":30000,"quality":"GOOD","age_ms":461,"ts":233036,"updates":22,"value":250219}
1791632748.720 {"t":"ns","node":25344,"hash":1245650351,"owner":25344,"kind":"sampled","unit":0,"class":3,"bound_ms":500,"quality":"GOOD","age_ms":77,"ts":233445,"updates":2236,"value":1660946620}
1791632748.720 {"t":"ns","node":25344,"hash":2033492666,"owner":25344,"kind":"sampled","unit":0,"class":3,"bound_ms":0,"quality":"NO_DATA","age_ms":0,"ts":0,"updates":0,"value":null}
1791632748.720 {"t":"ns","node":25344,"hash":4103947588,"owner":25344,"kind":"sampled","unit":80,"class":4,"bound_ms":30000,"quality":"GOOD","age_ms":514,"ts":233036,"updates":22,"value":233}
1791632748.720 {"t":"ns","node":25344,"hash":1662441583,"owner":25344,"kind":"sampled","unit":101,"class":4,"bound_ms":30000,"quality":"GOOD","age_ms":529,"ts":233036,"updates":22,"value":172032}
1791632758.296 W (244308) pot.m0: peer 0x8160 declared DEAD after 6 misses (667 ms silent)
1791632758.866 {"t":"clk","node":25344,"up_ms":243579}
1791632758.866 {"t":"led","node":25344,"shows":"red","app":0}
1791632758.866 {"t":"event","at_ms":235042,"node":25344,"kind":"peer_admitted","peer":33120,"slot":1,"a":0,"b":0}
1791632758.866 {"t":"event","at_ms":235136,"node":25344,"kind":"peer_admitted","peer":29544,"slot":0,"a":0,"b":0}
1791632758.866 {"t":"event","at_ms":237041,"node":25344,"kind":"peer_admitted","peer":33120,"slot":1,"a":0,"b":0}
1791632758.866 {"t":"event","at_ms":237130,"node":25344,"kind":"peer_admitted","peer":29544,"slot":0,"a":0,"b":0}
1791632758.866 {"t":"event","at_ms":239041,"node":25344,"kind":"peer_admitted","peer":33120,"slot":1,"a":0,"b":0}
1791632758.866 {"t":"event","at_ms":239130,"node":25344,"kind":"peer_admitted","peer":29544,"slot":0,"a":0,"b":0}
1791632758.866 {"t":"event","at_ms":241085,"node":25344,"kind":"peer_admitted","peer":33120,"slot":1,"a":0,"b":0}
1791632758.866 {"t":"event","at_ms":241130,"node":25344,"kind":"peer_admitted","peer":29544,"slot":0,"a":0,"b":0}
1791632758.866 {"t":"event","at_ms":243130,"node":25344,"kind":"peer_admitted","peer":29544,"slot":0,"a":0,"b":0}
1791632758.866 {"t":"event","at_ms":243146,"node":25344,"kind":"peer_dead","peer":33120,"slot":1,"a":6,"b":667}
1791632758.866 {"t":"link","up_ms":243664,"node":25344,"peer":29544,"mac":"b8:1f:3f:da:73:68","state":"alive","epoch":170,"espnow_ver":2,"mtu":1446,"misses":0,"rssi":-29,"tx":{"frames":1549,"cb_ok":1539,"cb_fail":10,"enqueue_err":0,"pdr_ppm":993544},"rx":{"frames":4136,"lost_seqgap":7,"reorder_dup":0,"dropped_bad":0,"hb_lost":33,"bcast_frames":2339,"pdr_ppm":998310},"rtt":{"samples":86,"min_us":5398,"max_us":36483,"timeouts":1,"txq_last_us":2815,"txq_max_us":22751,"remote_turnaround_us":857,"remote_turnaround_max_us":23822,"p50_us":[4000,6000],"p99_us":[30000,42000],"hist":[0,0,0,0,51,19,3,4,6,2,1,0,0,0,0,0]}}
1791632758.866 {"t":"link","up_ms":243717,"node":25344,"peer":33120,"mac":"b8:1f:3f:da:81:60","state":"dead","epoch":281,"espnow_ver":2,"mtu":1446,"misses":6,"rssi":-22,"tx":{"frames":1521,"cb_ok":1519,"cb_fail":2,"enqueue_err":0,"pdr_ppm":998685},"rx":{"frames":4186,"lost_seqgap":1,"reorder_dup":0,"dropped_bad":0,"hb_lost":4,"bcast_frames":2399,"pdr_ppm":999761},"rtt":{"samples":86,"min_us":5791,"max_us":275303,"timeouts":0,"txq_last_us":2847,"txq_max_us":9576,"remote_turnaround_us":270031,"remote_turnaround_max_us":270031,"p50_us":[6000,8000],"p99_us":[200000,null],"hist":[0,0,0,0,33,34,6,6,5,0,1,0,0,0,0,1]}}
1791632758.866 {"t":"link","up_ms":243772,"node":25344,"peer":254,"mac":"02:00:00:00:00:fe","state":"alive","epoch":0,"espnow_ver":0,"mtu":226,"misses":0,"rssi":0,"tx":{"frames":2051,"cb_ok":0,"cb_fail":0,"enqueue_err":0,"pdr_ppm":null},"rx":{"frames":3663,"lost_seqgap":0,"reorder_dup":0,"dropped_bad":0,"hb_lost":0,"bcast_frames":0,"pdr_ppm":1000000},"rtt":{"samples":68,"min_us":7145,"max_us":99239,"timeouts":0,"txq_last_us":0,"txq_max_us":0,"remote_turnaround_us":15,"remote_turnaround_max_us":23,"p50_us":[42000,60000],"p99_us":[85000,110000],"hist":[0,0,0,0,0,1,1,1,4,5,3,41,9,3,0,0]}}
1791632758.866 {"t":"auth","node":25344,"up_ms":243826,"enrolled":1,"required":1,"verified_peers":2,"verified":8,"cache_hits":252,"refused":0,"rate_limited":0,"stale_epoch":0,"verify_us_max":86101,"link_stack_free_b":820,"crypto_stack_free_b":1220,"tags_ok":3325,"bad_tag":0,"replayed":2,"untagged":0,"bcast_dropped":0,"beacon_epoch_ignored":0,"tag_us_max":1203}
1791632758.866 {"t":"act","node":25344,"setpoint":0,"has_value":0,"writes_served":0}
1791632758.866 {"t":"peers","node":25344,"own_period_ms":100,"own_busy":0,"channel":1,"scanning":0,"scans":0,"hops":10,"found":0,"lost_to_found_ms":0,"moves_followed":0,"moves_refused":0,"sweeps":1,"sweep_found":0,"sweeping":0,"search_visits":1,"relay":0,"fwd_u":0,"fwd_b":0,"fwd_h":0,"relay_dup":2436,"list":[{"id":29544,"state":"alive","via_relay":0,"period_ms":100,"misses":6,"busy":1,"rtt_n":86},{"id":33120,"state":"dead","via_relay":0,"period_ms":100,"misses":6,"busy":0,"rtt_n":86},{"id":254,"state":"alive","via_relay":0,"period_ms":100,"misses":6,"busy":0,"rtt_n":68}]}
1791632758.866 {"t":"ss","node":25344,"accepted":0,"unsigned":0,"unknown_sender":0,"bad_signature":0,"replayed":0,"rate_limited":0,"verify_us_max":0,"floors":[]}
1791632759.240 {"t":"rec","node":25344,"up_ms":243922,"settled":1,"sent":966,"received":953,"malformed":0,"views":5,"replies_fenced":0,"actors":[{"key":1245650351,"running":1,"term":5,"owner":25344,"owner_term":5,"assigned":254,"starts":1,"fenced":0,"released":0}]}
1791632759.240 {"t":"node","up_ms":243948,"node":25344,"epoch":242,"peers_alive":2,"peers_dead":1,"no_radio":0,"free_dram":250219,"largest_block":172032,"rx":{"total":16908,"bad_frame":0,"unknown_peer":13,"wrong_dst":0,"short_payload":0,"unknown_opcode":0,"queue_dropped":51},"tx":{"total":7679,"enqueue_err":0,"done_queue_dropped":0},"membership":{"deaths":2,"revivals":0,"reboots_seen":1,"table_full":0,"events_dropped":0}}
1791632759.240 {"t":"ns","node":25344,"hash":2410274060,"owner":25344,"kind":"sampled","unit":100,"class":4,"bound_ms":0,"quality":"GOOD","age_ms":397,"ts":243580,"updates":23,"value":242}
1791632759.241 {"t":"ns","node":25344,"hash":1274253983,"owner":25344,"kind":"sampled","unit":0,"class":4,"bound_ms":5000,"quality":"GOOD","age_ms":411,"ts":243581,"updates":23,"value":-29}
1791632759.241 {"t":"ns","node":25344,"hash":3354298913,"owner":25344,"kind":"sampled","unit":100,"class":4,"bound_ms":5000,"quality":"GOOD","age_ms":426,"ts":243580,"updates":23,"value":2}
1791632759.241 {"t":"ns","node":25344,"hash":1771187623,"owner":25344,"kind":"sampled","unit":101,"class":4,"bound_ms":30000,"quality":"GOOD","age_ms":440,"ts":243580,"updates":23,"value":250219}
1791632759.241 {"t":"ns","node":25344,"hash":1245650351,"owner":25344,"kind":"sampled","unit":0,"class":3,"bound_ms":500,"quality":"GOOD","age_ms":75,"ts":243970,"updates":2340,"value":1660946724}
1791632759.241 {"t":"ns","node":25344,"hash":2033492666,"owner":25344,"kind":"sampled","unit":0,"class":3,"bound_ms":0,"quality":"NO_DATA","age_ms":0,"ts":0,"updates":0,"value":null}
1791632759.241 {"t":"ns","node":25344,"hash":4103947588,"owner":25344,"kind":"sampled","unit":80,"class":4,"bound_ms":30000,"quality":"GOOD","age_ms":494,"ts":243580,"updates":23,"value":243}
1791632759.241 {"t":"ns","node":25344,"hash":1662441583,"owner":25344,"kind":"sampled","unit":101,"class":4,"bound_ms":30000,"quality":"GOOD","age_ms":508,"ts":243580,"updates":23,"value":172032}
1791632760.802 W (246824) pot.m0: peer 0x8160 rebooted, epoch now 282
1791632769.387 {"t":"clk","node":25344,"up_ms":254103}
1791632769.387 {"t":"led","node":25344,"shows":"green","app":0}
1791632769.387 {"t":"event","at_ms":244804,"node":25344,"kind":"probe_timeout","peer":33120,"slot":1,"a":1268,"b":0}
1791632769.387 {"t":"event","at_ms":245130,"node":25344,"kind":"peer_admitted","peer":29544,"slot":0,"a":0,"b":0}
1791632769.387 {"t":"event","at_ms":245662,"node":25344,"kind":"peer_rebooted","peer":33120,"slot":1,"a":282,"b":0}
1791632769.387 {"t":"event","at_ms":245664,"node":25344,"kind":"peer_admitted","peer":33120,"slot":1,"a":0,"b":0}
1791632769.387 {"t":"event","at_ms":245667,"node":25344,"kind":"peer_admitted","peer":33120,"slot":1,"a":0,"b":0}
1791632769.387 {"t":"event","at_ms":245669,"node":25344,"kind":"peer_admitted","peer":29544,"slot":0,"a":0,"b":0}
1791632769.387 {"t":"event","at_ms":245731,"node":25344,"kind":"peer_admitted","peer":33120,"slot":1,"a":0,"b":0}
1791632769.387 {"t":"event","at_ms":245817,"node":25344,"kind":"peer_admitted","peer":33120,"slot":1,"a":0,"b":0}
1791632769.387 {"t":"event","at_ms":247130,"node":25344,"kind":"peer_admitted","peer":29544,"slot":0,"a":0,"b":0}
1791632769.387 {"t":"event","at_ms":247580,"node":25344,"kind":"peer_admitted","peer":33120,"slot":1,"a":0,"b":0}
1791632769.387 {"t":"event","at_ms":249130,"node":25344,"kind":"peer_admitted","peer":29544,"slot":0,"a":0,"b":0}
1791632769.387 {"t":"event","at_ms":249579,"node":25344,"kind":"peer_admitted","peer":33120,"slot":1,"a":0,"b":0}
1791632769.387 {"t":"event","at_ms":251130,"node":25344,"kind":"peer_admitted","peer":29544,"slot":0,"a":0,"b":0}
1791632769.387 {"t":"event","at_ms":251579,"node":25344,"kind":"peer_admitted","peer":33120,"slot":1,"a":0,"b":0}
1791632769.387 {"t":"event","at_ms":253130,"node":25344,"kind":"peer_admitted","peer":29544,"slot":0,"a":0,"b":0}
1791632769.387 {"t":"event","at_ms":253580,"node":25344,"kind":"peer_admitted","peer":33120,"slot":1,"a":0,"b":0}
1791632769.387 {"t":"link","up_ms":254244,"node":25344,"peer":29544,"mac":"b8:1f:3f:da:73:68","state":"alive","epoch":170,"espnow_ver":2,"mtu":1446,"misses":0,"rssi":-29,"tx":{"frames":1579,"cb_ok":1569,"cb_fail":10,"enqueue_err":0,"pdr_ppm":993666},"rx":{"frames":4289,"lost_seqgap":7,"reorder_dup":0,"dropped_bad":0,"hb_lost":33,"bcast_frames":2445,"pdr_ppm":998370},"rtt":{"samples":89,"min_us":5398,"max_us":36483,"timeouts":1,"txq_last_us":2815,"txq_max_us":22751,"remote_turnaround_us":802,"remote_turnaround_max_us":23822,"p50_us":[4000,6000],"p99_us":[30000,42000],"hist":[0,0,0,0,52,21,3,4,6,2,1,0,0,0,0,0]}}
1791632769.387 {"t":"link","up_ms":254298,"node":25344,"peer":33120,"mac":"b8:1f:3f:da:81:60","state":"alive","epoch":282,"espnow_ver":2,"mtu":1446,"misses":0,"rssi":-22,"tx":{"frames":1554,"cb_ok":1551,"cb_fail":3,"enqueue_err":0,"pdr_ppm":998069},"rx":{"frames":4314,"lost_seqgap":1,"reorder_dup":0,"dropped_bad":0,"hb_lost":4,"bcast_frames":2484,"pdr_ppm":999768},"rtt":{"samples":89,"min_us":5791,"max_us":275303,"timeouts":1,"txq_last_us":2847,"txq_max_us":9576,"remote_turnaround_us":845,"remote_turnaround_max_us":270031,"p50_us":[6000,8000],"p99_us":[200000,null],"hist":[0,0,0,0,35,34,7,6,5,0,1,0,0,0,0,1]}}
1791632769.387 {"t":"link","up_ms":254352,"node":25344,"peer":254,"mac":"02:00:00:00:00:fe","state":"alive","epoch":0,"espnow_ver":0,"mtu":226,"misses":0,"rssi":0,"tx":{"frames":2075,"cb_ok":0,"cb_fail":0,"enqueue_err":0,"pdr_ppm":null},"rx":{"frames":3768,"lost_seqgap":0,"reorder_dup":0,"dropped_bad":0,"hb_lost":0,"bcast_frames":0,"pdr_ppm":1000000},"rtt":{"samples":72,"min_us":7145,"max_us":99239,"timeouts":0,"txq_last_us":0,"txq_max_us":0,"remote_turnaround_us":16,"remote_turnaround_max_us":23,"p50_us":[42000,60000],"p99_us":[85000,110000],"hist":[0,0,0,0,0,1,1,1,4,5,3,44,9,4,0,0]}}
1791632769.387 {"t":"auth","node":25344,"up_ms":254395,"enrolled":1,"required":1,"verified_peers":2,"verified":9,"cache_hits":265,"refused":0,"rate_limited":0,"stale_epoch":0,"verify_us_max":86101,"link_stack_free_b":820,"crypto_stack_free_b":1220,"tags_ok":3400,"bad_tag":0,"replayed":2,"untagged":0,"bcast_dropped":0,"beacon_epoch_ignored":0,"tag_us_max":1203}
1791632769.387 {"t":"act","node":25344,"setpoint":0,"has_value":0,"writes_served":0}
1791632769.820 {"t":"peers","node":25344,"own_period_ms":100,"own_busy":0,"channel":1,"scanning":0,"scans":0,"hops":10,"found":0,"lost_to_found_ms":0,"moves_followed":0,"moves_refused":0,"sweeps":1,"sweep_found":0,"sweeping":0,"search_visits":1,"relay":0,"fwd_u":0,"fwd_b":0,"fwd_h":0,"relay_dup":2530,"list":[{"id":29544,"state":"alive","via_relay":0,"period_ms":100,"misses":6,"busy":1,"rtt_n":89},{"id":33120,"state":"alive","via_relay":0,"period_ms":100,"misses":6,"busy":0,"rtt_n":89},{"id":254,"state":"alive","via_relay":0,"period_ms":100,"misses":6,"busy":0,"rtt_n":72}]}
1791632769.820 {"t":"ss","node":25344,"accepted":0,"unsigned":0,"unknown_sender":0,"bad_signature":0,"replayed":0,"rate_limited":0,"verify_us_max":0,"floors":[]}
1791632769.820 {"t":"rec","node":25344,"up_ms":254502,"settled":1,"sent":1009,"received":996,"malformed":0,"views":6,"replies_fenced":0,"actors":[{"key":1245650351,"running":1,"term":5,"owner":25344,"owner_term":5,"assigned":254,"starts":1,"fenced":0,"released":0}]}
1791632769.820 {"t":"node","up_ms":254518,"node":25344,"epoch":242,"peers_alive":3,"peers_dead":0,"no_radio":0,"free_dram":250219,"largest_block":172032,"rx":{"total":17502,"bad_frame":0,"unknown_peer":13,"wrong_dst":0,"short_payload":0,"unknown_opcode":0,"queue_dropped":51},"tx":{"total":7876,"enqueue_err":0,"done_queue_dropped":0},"membership":{"deaths":2,"revivals":0,"reboots_seen":2,"table_full":0,"events_dropped":0}}
1791632769.820 {"t":"ns","node":25344,"hash":2410274060,"owner":25344,"kind":"sampled","unit":100,"class":4,"bound_ms":0,"quality":"GOOD","age_ms":453,"ts":254105,"updates":24,"value":242}
1791632769.820 {"t":"ns","node":25344,"hash":1274253983,"owner":25344,"kind":"sampled","unit":0,"class":4,"bound_ms":5000,"quality":"GOOD","age_ms":467,"ts":254105,"updates":24,"value":-29}
1791632769.820 {"t":"ns","node":25344,"hash":3354298913,"owner":25344,"kind":"sampled","unit":100,"class":4,"bound_ms":5000,"quality":"GOOD","age_ms":481,"ts":254105,"updates":24,"value":3}
1791632769.820 {"t":"ns","node":25344,"hash":1771187623,"owner":25344,"kind":"sampled","unit":101,"class":4,"bound_ms":30000,"quality":"GOOD","age_ms":496,"ts":254104,"updates":24,"value":250219}
1791632769.820 {"t":"ns","node":25344,"hash":1245650351,"owner":25344,"kind":"sampled","unit":0,"class":3,"bound_ms":500,"quality":"GOOD","age_ms":75,"ts":254539,"updates":2445,"value":1660946829}
1791632769.820 {"t":"ns","node":25344,"hash":2033492666,"owner":25344,"kind":"sampled","unit":0,"class":3,"bound_ms":0,"quality":"NO_DATA","age_ms":0,"ts":0,"updates":0,"value":null}
1791632769.820 {"t":"ns","node":25344,"hash":4103947588,"owner":25344,"kind":"sampled","unit":80,"class":4,"bound_ms":30000,"quality":"GOOD","age_ms":539,"ts":254104,"updates":24,"value":254}
1791632769.820 {"t":"ns","node":25344,"hash":1662441583,"owner":25344,"kind":"sampled","unit":101,"class":4,"bound_ms":30000,"quality":"GOOD","age_ms":564,"ts":254104,"updates":24,"value":172032}
1791632772.814 I (258829) pot.m0: fw: begin counter 2, 848272 B: ok
1791632779.967 {"t":"clk","node":25344,"up_ms":264683}
1791632779.967 {"t":"led","node":25344,"shows":"green","app":0}
1791632779.967 {"t":"event","at_ms":255130,"node":25344,"kind":"peer_admitted","peer":29544,"slot":0,"a":0,"b":0}
1791632779.967 {"t":"event","at_ms":255579,"node":25344,"kind":"peer_admitted","peer":33120,"slot":1,"a":0,"b":0}
1791632779.967 {"t":"event","at_ms":257130,"node":25344,"kind":"peer_admitted","peer":29544,"slot":0,"a":0,"b":0}
1791632779.967 {"t":"event","at_ms":257580,"node":25344,"kind":"peer_admitted","peer":33120,"slot":1,"a":0,"b":0}
1791632779.967 {"t":"event","at_ms":259132,"node":25344,"kind":"peer_admitted","peer":29544,"slot":0,"a":0,"b":0}
1791632779.967 {"t":"event","at_ms":259580,"node":25344,"kind":"peer_admitted","peer":33120,"slot":1,"a":0,"b":0}
1791632779.967 {"t":"event","at_ms":261130,"node":25344,"kind":"peer_admitted","peer":29544,"slot":0,"a":0,"b":0}
1791632779.967 {"t":"event","at_ms":261579,"node":25344,"kind":"peer_admitted","peer":33120,"slot":1,"a":0,"b":0}
1791632779.967 {"t":"event","at_ms":263130,"node":25344,"kind":"peer_admitted","peer":29544,"slot":0,"a":0,"b":0}
1791632779.967 {"t":"event","at_ms":263580,"node":25344,"kind":"peer_admitted","peer":33120,"slot":1,"a":0,"b":0}
1791632779.967 {"t":"link","up_ms":264768,"node":25344,"peer":29544,"mac":"b8:1f:3f:da:73:68","state":"alive","epoch":170,"espnow_ver":2,"mtu":1446,"misses":0,"rssi":-30,"tx":{"frames":1607,"cb_ok":1597,"cb_fail":10,"enqueue_err":0,"pdr_ppm":993777},"rx":{"frames":4434,"lost_seqgap":7,"reorder_dup":0,"dropped_bad":0,"hb_lost":33,"bcast_frames":2550,"pdr_ppm":998423},"rtt":{"samples":93,"min_us":5398,"max_us":36483,"timeouts":1,"txq_last_us":2815,"txq_max_us":22751,"remote_turnaround_us":838,"remote_turnaround_max_us":23822,"p50_us":[4000,6000],"p99_us":[30000,42000],"hist":[0,0,0,0,54,22,4,4,6,2,1,0,0,0,0,0]}}
1791632779.967 {"t":"link","up_ms":264822,"node":25344,"peer":33120,"mac":"b8:1f:3f:da:81:60","state":"alive","epoch":282,"espnow_ver":2,"mtu":1446,"misses":0,"rssi":-22,"tx":{"frames":1584,"cb_ok":1581,"cb_fail":3,"enqueue_err":0,"pdr_ppm":998106},"rx":{"frames":4462,"lost_seqgap":1,"reorder_dup":0,"dropped_bad":0,"hb_lost":4,"bcast_frames":2590,"pdr_ppm":999775},"rtt":{"samples":93,"min_us":5791,"max_us":275303,"timeouts":1,"txq_last_us":3018,"txq_max_us":9576,"remote_turnaround_us":829,"remote_turnaround_max_us":270031,"p50_us":[6000,8000],"p99_us":[200000,null],"hist":[0,0,0,0,37,36,7,6,5,0,1,0,0,0,0,1]}}
1791632779.967 {"t":"link","up_ms":264877,"node":25344,"peer":254,"mac":"02:00:00:00:00:fe","state":"alive","epoch":0,"espnow_ver":0,"mtu":226,"misses":0,"rssi":0,"tx":{"frames":2162,"cb_ok":0,"cb_fail":0,"enqueue_err":0,"pdr_ppm":null},"rx":{"frames":3940,"lost_seqgap":0,"reorder_dup":0,"dropped_bad":0,"hb_lost":0,"bcast_frames":0,"pdr_ppm":1000000},"rtt":{"samples":75,"min_us":7145,"max_us":99239,"timeouts":0,"txq_last_us":0,"txq_max_us":0,"remote_turnaround_us":13,"remote_turnaround_max_us":23,"p50_us":[42000,60000],"p99_us":[85000,110000],"hist":[0,0,0,0,0,1,1,1,4,5,3,45,10,5,0,0]}}
1791632779.967 {"t":"auth","node":25344,"up_ms":264931,"enrolled":1,"required":1,"verified_peers":2,"verified":9,"cache_hits":275,"refused":0,"rate_limited":0,"stale_epoch":0,"verify_us_max":86101,"link_stack_free_b":820,"crypto_stack_free_b":1220,"tags_ok":3472,"bad_tag":0,"replayed":2,"untagged":0,"bcast_dropped":0,"beacon_epoch_ignored":0,"tag_us_max":1203}
1791632779.967 {"t":"act","node":25344,"setpoint":0,"has_value":0,"writes_served":0}
1791632779.967 {"t":"peers","node":25344,"own_period_ms":100,"own_busy":0,"channel":1,"scanning":0,"scans":0,"hops":10,"found":0,"lost_to_found_ms":0,"moves_followed":0,"moves_refused":0,"sweeps":1,"sweep_found":0,"sweeping":0,"search_visits":1,"relay":0,"fwd_u":0,"fwd_b":0,"fwd_h":0,"relay_dup":2639,"list":[{"id":29544,"state":"alive","via_relay":0,"period_ms":100,"misses":6,"busy":1,"rtt_n":93},{"id":33120,"state":"alive","via_relay":0,"period_ms":100,"misses":6,"busy":0,"rtt_n":93},{"id":254,"state":"alive","via_relay":0,"period_ms":100,"misses":6,"busy":0,"rtt_n":75}]}
1791632779.967 {"t":"ss","node":25344,"accepted":0,"unsigned":0,"unknown_sender":0,"bad_signature":0,"replayed":0,"rate_limited":0,"verify_us_max":0,"floors":[]}
1791632780.363 {"t":"rec","node":25344,"up_ms":265027,"settled":1,"sent":1050,"received":1038,"malformed":0,"views":6,"replies_fenced":0,"actors":[{"key":1245650351,"running":1,"term":5,"owner":25344,"owner_term":5,"assigned":254,"starts":1,"fenced":0,"released":0}]}
1791632780.363 {"t":"node","up_ms":265042,"node":25344,"epoch":242,"peers_alive":3,"peers_dead":0,"no_radio":0,"free_dram":250163,"largest_block":172032,"rx":{"total":18183,"bad_frame":0,"unknown_peer":13,"wrong_dst":0,"short_payload":0,"unknown_opcode":0,"queue_dropped":51},"tx":{"total":8132,"enqueue_err":0,"done_queue_dropped":0},"membership":{"deaths":2,"revivals":0,"reboots_seen":2,"table_full":0,"events_dropped":0}}
1791632780.363 {"t":"ns","node":25344,"hash":2410274060,"owner":25344,"kind":"sampled","unit":100,"class":4,"bound_ms":0,"quality":"GOOD","age_ms":419,"ts":264685,"updates":25,"value":242}
1791632780.363 {"t":"ns","node":25344,"hash":1274253983,"owner":25344,"kind":"sampled","unit":0,"class":4,"bound_ms":5000,"quality":"GOOD","age_ms":433,"ts":264685,"updates":25,"value":-30}
1791632780.363 {"t":"ns","node":25344,"hash":3354298913,"owner":25344,"kind":"sampled","unit":100,"class":4,"bound_ms":5000,"quality":"GOOD","age_ms":447,"ts":264685,"updates":25,"value":3}
1791632780.363 {"t":"ns","node":25344,"hash":1771187623,"owner":25344,"kind":"sampled","unit":101,"class":4,"bound_ms":30000,"quality":"GOOD","age_ms":463,"ts":264684,"updates":25,"value":250163}
1791632780.363 {"t":"ns","node":25344,"hash":1245650351,"owner":25344,"kind":"sampled","unit":0,"class":3,"bound_ms":500,"quality":"GOOD","age_ms":69,"ts":265092,"updates":2545,"value":1660946929}
1791632780.363 {"t":"ns","node":25344,"hash":2033492666,"owner":25344,"kind":"sampled","unit":0,"class":3,"bound_ms":0,"quality":"NO_DATA","age_ms":0,"ts":0,"updates":0,"value":null}
1791632780.363 {"t":"ns","node":25344,"hash":4103947588,"owner":25344,"kind":"sampled","unit":80,"class":4,"bound_ms":30000,"quality":"GOOD","age_ms":505,"ts":264685,"updates":25,"value":264}
1791632780.363 {"t":"ns","node":25344,"hash":1662441583,"owner":25344,"kind":"sampled","unit":101,"class":4,"bound_ms":30000,"quality":"GOOD","age_ms":520,"ts":264684,"updates":25,"value":172032}
1791632790.528 {"t":"clk","node":25344,"up_ms":275218}
1791632790.528 {"t":"led","node":25344,"shows":"green","app":0}
1791632790.528 {"t":"event","at_ms":265130,"node":25344,"kind":"peer_admitted","peer":29544,"slot":0,"a":0,"b":0}
1791632790.528 {"t":"event","at_ms":265579,"node":25344,"kind":"peer_admitted","peer":33120,"slot":1,"a":0,"b":0}
1791632790.528 {"t":"event","at_ms":267153,"node":25344,"kind":"peer_admitted","peer":29544,"slot":0,"a":0,"b":0}
1791632790.528 {"t":"event","at_ms":267580,"node":25344,"kind":"peer_admitted","peer":33120,"slot":1,"a":0,"b":0}
1791632790.528 {"t":"event","at_ms":269130,"node":25344,"kind":"peer_admitted","peer":29544,"slot":0,"a":0,"b":0}
1791632790.528 {"t":"event","at_ms":269579,"node":25344,"kind":"peer_admitted","peer":33120,"slot":1,"a":0,"b":0}
1791632790.528 {"t":"event","at_ms":271153,"node":25344,"kind":"peer_admitted","peer":29544,"slot":0,"a":0,"b":0}
1791632790.528 {"t":"event","at_ms":271586,"node":25344,"kind":"peer_admitted","peer":33120,"slot":1,"a":0,"b":0}
1791632790.528 {"t":"event","at_ms":273130,"node":25344,"kind":"peer_admitted","peer":29544,"slot":0,"a":0,"b":0}
1791632790.528 {"t":"event","at_ms":273580,"node":25344,"kind":"peer_admitted","peer":33120,"slot":1,"a":0,"b":0}
1791632790.528 {"t":"event","at_ms":275130,"node":25344,"kind":"peer_admitted","peer":29544,"slot":0,"a":0,"b":0}
1791632790.528 {"t":"link","up_ms":275318,"node":25344,"peer":29544,"mac":"b8:1f:3f:da:73:68","state":"alive","epoch":170,"espnow_ver":2,"mtu":1446,"misses":0,"rssi":-29,"tx":{"frames":1634,"cb_ok":1624,"cb_fail":10,"enqueue_err":0,"pdr_ppm":993880},"rx":{"frames":4580,"lost_seqgap":7,"reorder_dup":0,"dropped_bad":0,"hb_lost":33,"bcast_frames":2656,"pdr_ppm":998473},"rtt":{"samples":96,"min_us":5398,"max_us":36483,"timeouts":1,"txq_last_us":3001,"txq_max_us":22751,"remote_turnaround_us":793,"remote_turnaround_max_us":23822,"p50_us":[4000,6000],"p99_us":[30000,42000],"hist":[0,0,0,0,57,22,4,4,6,2,1,0,0,0,0,0]}}
1791632790.528 {"t":"link","up_ms":275372,"node":25344,"peer":33120,"mac":"b8:1f:3f:da:81:60","state":"alive","epoch":282,"espnow_ver":2,"mtu":1446,"misses":0,"rssi":-22,"tx":{"frames":1610,"cb_ok":1607,"cb_fail":3,"enqueue_err":0,"pdr_ppm":998136},"rx":{"frames":4606,"lost_seqgap":1,"reorder_dup":0,"dropped_bad":0,"hb_lost":4,"bcast_frames":2695,"pdr_ppm":999782},"rtt":{"samples":96,"min_us":5791,"max_us":275303,"timeouts":1,"txq_last_us":2759,"txq_max_us":9576,"remote_turnaround_us":899,"remote_turnaround_max_us":270031,"p50_us":[6000,8000],"p99_us":[200000,null],"hist":[0,0,0,0,38,38,7,6,5,0,1,0,0,0,0,1]}}
1791632790.528 {"t":"link","up_ms":275426,"node":25344,"peer":254,"mac":"02:00:00:00:00:fe","state":"alive","epoch":0,"espnow_ver":0,"mtu":226,"misses":0,"rssi":0,"tx":{"frames":2277,"cb_ok":0,"cb_fail":0,"enqueue_err":0,"pdr_ppm":null},"rx":{"frames":4138,"lost_seqgap":0,"reorder_dup":0,"dropped_bad":0,"hb_lost":0,"bcast_frames":0,"pdr_ppm":1000000},"rtt":{"samples":79,"min_us":7145,"max_us":99239,"timeouts":0,"txq_last_us":0,"txq_max_us":0,"remote_turnaround_us":15,"remote_turnaround_max_us":23,"p50_us":[42000,60000],"p99_us":[85000,110000],"hist":[0,0,0,0,0,1,1,1,4,5,3,49,10,5,0,0]}}
1791632790.528 {"t":"auth","node":25344,"up_ms":275491,"enrolled":1,"required":1,"verified_peers":2,"verified":9,"cache_hits":286,"refused":0,"rate_limited":0,"stale_epoch":0,"verify_us_max":86101,"link_stack_free_b":820,"crypto_stack_free_b":1220,"tags_ok":3540,"bad_tag":0,"replayed":2,"untagged":0,"bcast_dropped":0,"beacon_epoch_ignored":0,"tag_us_max":1203}
1791632790.528 {"t":"act","node":25344,"setpoint":0,"has_value":0,"writes_served":0}
1791632790.528 {"t":"peers","node":25344,"own_period_ms":100,"own_busy":0,"channel":1,"scanning":0,"scans":0,"hops":10,"found":0,"lost_to_found_ms":0,"moves_followed":0,"moves_refused":0,"sweeps":1,"sweep_found":0,"sweeping":0,"search_visits":1,"relay":0,"fwd_u":0,"fwd_b":0,"fwd_h":0,"relay_dup":2750,"list":[{"id":29544,"state":"alive","via_relay":0,"period_ms":100,"misses":6,"busy":1,"rtt_n":96},{"id":33120,"state":"alive","via_relay":0,"period_ms":100,"misses":6,"busy":0,"rtt_n":96},{"id":254,"state":"alive","via_relay":0,"period_ms":100,"misses":6,"busy":0,"rtt_n":79}]}
1791632790.922 {"t":"ss","node":25344,"accepted":0,"unsigned":0,"unknown_sender":0,"bad_signature":0,"replayed":0,"rate_limited":0,"verify_us_max":0,"floors":[]}
1791632790.922 {"t":"rec","node":25344,"up_ms":275597,"settled":1,"sent":1090,"received":1081,"malformed":0,"views":6,"replies_fenced":0,"actors":[{"key":1245650351,"running":1,"term":5,"owner":25344,"owner_term":5,"assigned":254,"starts":1,"fenced":0,"released":0}]}
1791632790.922 {"t":"node","up_ms":275612,"node":25344,"epoch":242,"peers_alive":3,"peers_dead":0,"no_radio":0,"free_dram":250163,"largest_block":172032,"rx":{"total":18896,"bad_frame":0,"unknown_peer":13,"wrong_dst":0,"short_payload":0,"unknown_opcode":0,"queue_dropped":51},"tx":{"total":8414,"enqueue_err":0,"done_queue_dropped":0},"membership":{"deaths":2,"revivals":0,"reboots_seen":2,"table_full":0,"events_dropped":0}}
1791632790.922 {"t":"ns","node":25344,"hash":2410274060,"owner":25344,"kind":"sampled","unit":100,"class":4,"bound_ms":0,"quality":"GOOD","age_ms":431,"ts":275222,"updates":26,"value":242}
1791632790.922 {"t":"ns","node":25344,"hash":1274253983,"owner":25344,"kind":"sampled","unit":0,"class":4,"bound_ms":5000,"quality":"GOOD","age_ms":445,"ts":275222,"updates":26,"value":-29}
1791632790.922 {"t":"ns","node":25344,"hash":3354298913,"owner":25344,"kind":"sampled","unit":100,"class":4,"bound_ms":5000,"quality":"GOOD","age_ms":459,"ts":275222,"updates":26,"value":3}
1791632790.922 {"t":"ns","node":25344,"hash":1771187623,"owner":25344,"kind":"sampled","unit":101,"class":4,"bound_ms":30000,"quality":"GOOD","age_ms":473,"ts":275222,"updates":26,"value":250163}
1791632790.922 {"t":"ns","node":25344,"hash":1245650351,"owner":25344,"kind":"sampled","unit":0,"class":3,"bound_ms":500,"quality":"GOOD","age_ms":15,"ts":275695,"updates":2646,"value":1660947030}
1791632790.922 {"t":"ns","node":25344,"hash":2033492666,"owner":25344,"kind":"sampled","unit":0,"class":3,"bound_ms":0,"quality":"NO_DATA","age_ms":0,"ts":0,"updates":0,"value":null}
1791632790.922 {"t":"ns","node":25344,"hash":4103947588,"owner":25344,"kind":"sampled","unit":80,"class":4,"bound_ms":30000,"quality":"GOOD","age_ms":528,"ts":275222,"updates":26,"value":275}
1791632790.922 {"t":"ns","node":25344,"hash":1662441583,"owner":25344,"kind":"sampled","unit":101,"class":4,"bound_ms":30000,"quality":"GOOD","age_ms":548,"ts":275222,"updates":26,"value":172032}
1791632801.102 {"t":"clk","node":25344,"up_ms":285785}
1791632801.102 {"t":"led","node":25344,"shows":"green","app":0}
1791632801.102 {"t":"event","at_ms":275581,"node":25344,"kind":"peer_admitted","peer":33120,"slot":1,"a":0,"b":0}
1791632801.102 {"t":"event","at_ms":277130,"node":25344,"kind":"peer_admitted","peer":29544,"slot":0,"a":0,"b":0}
1791632801.102 {"t":"event","at_ms":277580,"node":25344,"kind":"peer_admitted","peer":33120,"slot":1,"a":0,"b":0}
1791632801.102 {"t":"event","at_ms":279130,"node":25344,"kind":"peer_admitted","peer":29544,"slot":0,"a":0,"b":0}
1791632801.102 {"t":"event","at_ms":279580,"node":25344,"kind":"peer_admitted","peer":33120,"slot":1,"a":0,"b":0}
1791632801.102 {"t":"event","at_ms":281130,"node":25344,"kind":"peer_admitted","peer":29544,"slot":0,"a":0,"b":0}
1791632801.102 {"t":"event","at_ms":281580,"node":25344,"kind":"peer_admitted","peer":33120,"slot":1,"a":0,"b":0}
1791632801.102 {"t":"event","at_ms":283130,"node":25344,"kind":"peer_admitted","peer":29544,"slot":0,"a":0,"b":0}
1791632801.102 {"t":"event","at_ms":283580,"node":25344,"kind":"peer_admitted","peer":33120,"slot":1,"a":0,"b":0}
1791632801.102 {"t":"event","at_ms":285130,"node":25344,"kind":"peer_admitted","peer":29544,"slot":0,"a":0,"b":0}
1791632801.102 {"t":"event","at_ms":285580,"node":25344,"kind":"peer_admitted","peer":33120,"slot":1,"a":0,"b":0}
1791632801.102 {"t":"link","up_ms":285910,"node":25344,"peer":29544,"mac":"b8:1f:3f:da:73:68","state":"alive","epoch":170,"espnow_ver":2,"mtu":1446,"misses":0,"rssi":-30,"tx":{"frames":1662,"cb_ok":1652,"cb_fail":10,"enqueue_err":0,"pdr_ppm":993983},"rx":{"frames":4726,"lost_seqgap":7,"reorder_dup":0,"dropped_bad":0,"hb_lost":34,"bcast_frames":2761,"pdr_ppm":998521},"rtt":{"samples":100,"min_us":5398,"max_us":36483,"timeouts":1,"txq_last_us":3822,"txq_max_us":22751,"remote_turnaround_us":647,"remote_turnaround_max_us":23822,"p50_us":[4000,6000],"p99_us":[22000,30000],"hist":[0,0,0,0,60,23,4,4,6,2,1,0,0,0,0,0]}}
1791632801.102 {"t":"link","up_ms":285969,"node":25344,"peer":33120,"mac":"b8:1f:3f:da:81:60","state":"alive","epoch":282,"espnow_ver":2,"mtu":1446,"misses":0,"rssi":-21,"tx":{"frames":1639,"cb_ok":1636,"cb_fail":3,"enqueue_err":0,"pdr_ppm":998169},"rx":{"frames":4754,"lost_seqgap":1,"reorder_dup":0,"dropped_bad":0,"hb_lost":4,"bcast_frames":2801,"pdr_ppm":999789},"rtt":{"samples":99,"min_us":5791,"max_us":275303,"timeouts":1,"txq_last_us":2759,"txq_max_us":9576,"remote_turnaround_us":957,"remote_turnaround_max_us":270031,"p50_us":[6000,8000],"p99_us":[200000,null],"hist":[0,0,0,0,38,39,9,6,5,0,1,0,0,0,0,1]}}
1791632801.102 {"t":"link","up_ms":286012,"node":25344,"peer":254,"mac":"02:00:00:00:00:fe","state":"alive","epoch":0,"espnow_ver":0,"mtu":226,"misses":0,"rssi":0,"tx":{"frames":2392,"cb_ok":0,"cb_fail":0,"enqueue_err":0,"pdr_ppm":null},"rx":{"frames":4337,"lost_seqgap":0,"reorder_dup":0,"dropped_bad":0,"hb_lost":0,"bcast_frames":0,"pdr_ppm":1000000},"rtt":{"samples":82,"min_us":7145,"max_us":99239,"timeouts":0,"txq_last_us":0,"txq_max_us":0,"remote_turnaround_us":12,"remote_turnaround_max_us":23,"p50_us":[42000,60000],"p99_us":[85000,110000],"hist":[0,0,0,0,0,1,1,1,4,5,3,52,10,5,0,0]}}
1791632801.102 {"t":"auth","node":25344,"up_ms":286069,"enrolled":1,"required":1,"verified_peers":2,"verified":9,"cache_hits":297,"refused":0,"rate_limited":0,"stale_epoch":0,"verify_us_max":86101,"link_stack_free_b":820,"crypto_stack_free_b":1220,"tags_ok":3614,"bad_tag":0,"replayed":2,"untagged":0,"bcast_dropped":0,"beacon_epoch_ignored":0,"tag_us_max":1203}
1791632801.102 {"t":"act","node":25344,"setpoint":0,"has_value":0,"writes_served":0}
1791632801.102 {"t":"peers","node":25344,"own_period_ms":100,"own_busy":0,"channel":1,"scanning":0,"scans":0,"hops":10,"found":0,"lost_to_found_ms":0,"moves_followed":0,"moves_refused":0,"sweeps":1,"sweep_found":0,"sweeping":0,"search_visits":1,"relay":0,"fwd_u":0,"fwd_b":0,"fwd_h":0,"relay_dup":2860,"list":[{"id":29544,"state":"alive","via_relay":0,"period_ms":100,"misses":6,"busy":1,"rtt_n":100},{"id":33120,"state":"alive","via_relay":0,"period_ms":100,"misses":6,"busy":0,"rtt_n":100},{"id":254,"state":"alive","via_relay":0,"period_ms":100,"misses":6,"busy":0,"rtt_n":82}]}
1791632801.516 {"t":"ss","node":25344,"accepted":0,"unsigned":0,"unknown_sender":0,"bad_signature":0,"replayed":0,"rate_limited":0,"verify_us_max":0,"floors":[]}
1791632801.516 {"t":"rec","node":25344,"up_ms":286166,"settled":1,"sent":1131,"received":1123,"malformed":0,"views":6,"replies_fenced":0,"actors":[{"key":1245650351,"running":1,"term":5,"owner":25344,"owner_term":5,"assigned":254,"starts":1,"fenced":0,"released":0}]}
1791632801.516 {"t":"node","up_ms":286192,"node":25344,"epoch":242,"peers_alive":3,"peers_dead":0,"no_radio":0,"free_dram":250163,"largest_block":172032,"rx":{"total":19613,"bad_frame":0,"unknown_peer":13,"wrong_dst":0,"short_payload":0,"unknown_opcode":0,"queue_dropped":51},"tx":{"total":8697,"enqueue_err":0,"done_queue_dropped":0},"membership":{"deaths":2,"revivals":0,"reboots_seen":2,"table_full":0,"events_dropped":0}}
1791632801.516 {"t":"ns","node":25344,"hash":2410274060,"owner":25344,"kind":"sampled","unit":100,"class":4,"bound_ms":0,"quality":"GOOD","age_ms":434,"ts":285787,"updates":27,"value":242}
1791632801.516 {"t":"ns","node":25344,"hash":1274253983,"owner":25344,"kind":"sampled","unit":0,"class":4,"bound_ms":5000,"quality":"GOOD","age_ms":488,"ts":285787,"updates":27,"value":-30}
1791632801.516 {"t":"ns","node":25344,"hash":3354298913,"owner":25344,"kind":"sampled","unit":100,"class":4,"bound_ms":5000,"quality":"GOOD","age_ms":502,"ts":285787,"updates":27,"value":3}
1791632801.516 {"t":"ns","node":25344,"hash":1771187623,"owner":25344,"kind":"sampled","unit":101,"class":4,"bound_ms":30000,"quality":"GOOD","age_ms":517,"ts":285786,"updates":27,"value":250163}
1791632801.516 {"t":"ns","node":25344,"hash":1245650351,"owner":25344,"kind":"sampled","unit":0,"class":3,"bound_ms":500,"quality":"GOOD","age_ms":43,"ts":286274,"updates":2747,"value":1660947131}
1791632801.516 {"t":"ns","node":25344,"hash":2033492666,"owner":25344,"kind":"sampled","unit":0,"class":3,"bound_ms":0,"quality":"NO_DATA","age_ms":0,"ts":0,"updates":0,"value":null}
1791632801.516 {"t":"ns","node":25344,"hash":4103947588,"owner":25344,"kind":"sampled","unit":80,"class":4,"bound_ms":30000,"quality":"GOOD","age_ms":560,"ts":285786,"updates":27,"value":285}
1791632801.516 {"t":"ns","node":25344,"hash":1662441583,"owner":25344,"kind":"sampled","unit":101,"class":4,"bound_ms":30000,"quality":"GOOD","age_ms":574,"ts":285786,"updates":27,"value":172032}
1791632811.685 {"t":"clk","node":25344,"up_ms":296375}
1791632811.685 {"t":"led","node":25344,"shows":"green","app":0}
1791632811.685 {"t":"event","at_ms":287145,"node":25344,"kind":"peer_admitted","peer":29544,"slot":0,"a":0,"b":0}
1791632811.685 {"t":"event","at_ms":287580,"node":25344,"kind":"peer_admitted","peer":33120,"slot":1,"a":0,"b":0}
1791632811.685 {"t":"event","at_ms":289130,"node":25344,"kind":"peer_admitted","peer":29544,"slot":0,"a":0,"b":0}
1791632811.685 {"t":"event","at_ms":289580,"node":25344,"kind":"peer_admitted","peer":33120,"slot":1,"a":0,"b":0}
1791632811.685 {"t":"event","at_ms":291130,"node":25344,"kind":"peer_admitted","peer":29544,"slot":0,"a":0,"b":0}
1791632811.685 {"t":"event","at_ms":291580,"node":25344,"kind":"peer_admitted","peer":33120,"slot":1,"a":0,"b":0}
1791632811.685 {"t":"event","at_ms":293130,"node":25344,"kind":"peer_admitted","peer":29544,"slot":0,"a":0,"b":0}
1791632811.685 {"t":"event","at_ms":293580,"node":25344,"kind":"peer_admitted","peer":33120,"slot":1,"a":0,"b":0}
1791632811.685 {"t":"event","at_ms":295130,"node":25344,"kind":"peer_admitted","peer":29544,"slot":0,"a":0,"b":0}
1791632811.685 {"t":"event","at_ms":295580,"node":25344,"kind":"peer_admitted","peer":33120,"slot":1,"a":0,"b":0}
1791632811.685 {"t":"link","up_ms":296461,"node":25344,"peer":29544,"mac":"b8:1f:3f:da:73:68","state":"alive","epoch":170,"espnow_ver":2,"mtu":1446,"misses":0,"rssi":-29,"tx":{"frames":1690,"cb_ok":1680,"cb_fail":10,"enqueue_err":0,"pdr_ppm":994082},"rx":{"frames":4871,"lost_seqgap":7,"reorder_dup":0,"dropped_bad":0,"hb_lost":34,"bcast_frames":2866,"pdr_ppm":998564},"rtt":{"samples":103,"min_us":5398,"max_us":36483,"timeouts":1,"txq_last_us":3629,"txq_max_us":22751,"remote_turnaround_us":831,"remote_turnaround_max_us":23822,"p50_us":[4000,6000],"p99_us":[22000,30000],"hist":[0,0,0,0,60,26,4,4,6,2,1,0,0,0,0,0]}}
1791632811.685 {"t":"link","up_ms":296521,"node":25344,"peer":33120,"mac":"b8:1f:3f:da:81:60","state":"alive","epoch":282,"espnow_ver":2,"mtu":1446,"misses":0,"rssi":-22,"tx":{"frames":1666,"cb_ok":1663,"cb_fail":3,"enqueue_err":0,"pdr_ppm":998199},"rx":{"frames":4900,"lost_seqgap":1,"reorder_dup":0,"dropped_bad":0,"hb_lost":4,"bcast_frames":2907,"pdr_ppm":999795},"rtt":{"samples":103,"min_us":5791,"max_us":275303,"timeouts":1,"txq_last_us":2759,"txq_max_us":9576,"remote_turnaround_us":995,"remote_turnaround_max_us":270031,"p50_us":[6000,8000],"p99_us":[30000,42000],"hist":[0,0,0,0,39,42,9,6,5,0,1,0,0,0,0,1]}}
1791632811.685 {"t":"link","up_ms":296564,"node":25344,"peer":254,"mac":"02:00:00:00:00:fe","state":"alive","epoch":0,"espnow_ver":0,"mtu":226,"misses":0,"rssi":0,"tx":{"frames":2507,"cb_ok":0,"cb_fail":0,"enqueue_err":0,"pdr_ppm":null},"rx":{"frames":4537,"lost_seqgap":0,"reorder_dup":0,"dropped_bad":0,"hb_lost":0,"bcast_frames":0,"pdr_ppm":1000000},"rtt":{"samples":86,"min_us":7145,"max_us":99239,"timeouts":0,"txq_last_us":0,"txq_max_us":0,"remote_turnaround_us":15,"remote_turnaround_max_us":23,"p50_us":[42000,60000],"p99_us":[85000,110000],"hist":[0,0,0,0,0,1,1,1,4,5,3,56,10,5,0,0]}}
1791632811.685 {"t":"auth","node":25344,"up_ms":296618,"enrolled":1,"required":1,"verified_peers":2,"verified":9,"cache_hits":307,"refused":0,"rate_limited":0,"stale_epoch":0,"verify_us_max":86101,"link_stack_free_b":820,"crypto_stack_free_b":1220,"tags_ok":3682,"bad_tag":0,"replayed":2,"untagged":0,"bcast_dropped":0,"beacon_epoch_ignored":0,"tag_us_max":1203}
1791632811.685 {"t":"act","node":25344,"setpoint":0,"has_value":0,"writes_served":0}
1791632811.685 {"t":"peers","node":25344,"own_period_ms":100,"own_busy":0,"channel":1,"scanning":0,"scans":0,"hops":10,"found":0,"lost_to_found_ms":0,"moves_followed":0,"moves_refused":0,"sweeps":1,"sweep_found":0,"sweeping":0,"search_visits":1,"relay":0,"fwd_u":0,"fwd_b":0,"fwd_h":0,"relay_dup":2971,"list":[{"id":29544,"state":"alive","via_relay":0,"period_ms":100,"misses":6,"busy":1,"rtt_n":103},{"id":33120,"state":"alive","via_relay":0,"period_ms":100,"misses":6,"busy":0,"rtt_n":103},{"id":254,"state":"alive","via_relay":0,"period_ms":100,"misses":6,"busy":0,"rtt_n":86}]}
1791632811.685 {"t":"ss","node":25344,"accepted":0,"unsigned":0,"unknown_sender":0,"bad_signature":0,"replayed":0,"rate_limited":0,"verify_us_max":0,"floors":[]}
1791632812.064 {"t":"rec","node":25344,"up_ms":296742,"settled":1,"sent":1172,"received":1165,"malformed":0,"views":6,"replies_fenced":0,"actors":[{"key":1245650351,"running":1,"term":5,"owner":25344,"owner_term":5,"assigned":254,"starts":1,"fenced":0,"released":0}]}
1791632812.064 {"t":"node","up_ms":296757,"node":25344,"epoch":242,"peers_alive":3,"peers_dead":0,"no_radio":0,"free_dram":250163,"largest_block":172032,"rx":{"total":20325,"bad_frame":0,"unknown_peer":13,"wrong_dst":0,"short_payload":0,"unknown_opcode":0,"queue_dropped":51},"tx":{"total":8977,"enqueue_err":0,"done_queue_dropped":0},"membership":{"deaths":2,"revivals":0,"reboots_seen":2,"table_full":0,"events_dropped":0}}
1791632812.064 {"t":"ns","node":25344,"hash":2410274060,"owner":25344,"kind":"sampled","unit":100,"class":4,"bound_ms":0,"quality":"GOOD","age_ms":420,"ts":296377,"updates":28,"value":242}
1791632812.064 {"t":"ns","node":25344,"hash":1274253983,"owner":25344,"kind":"sampled","unit":0,"class":4,"bound_ms":5000,"quality":"GOOD","age_ms":435,"ts":296377,"updates":28,"value":-29}
1791632812.064 {"t":"ns","node":25344,"hash":3354298913,"owner":25344,"kind":"sampled","unit":100,"class":4,"bound_ms":5000,"quality":"GOOD","age_ms":448,"ts":296377,"updates":28,"value":3}
1791632812.064 {"t":"ns","node":25344,"hash":1771187623,"owner":25344,"kind":"sampled","unit":101,"class":4,"bound_ms":30000,"quality":"GOOD","age_ms":466,"ts":296377,"updates":28,"value":250163}
1791632812.064 {"t":"ns","node":25344,"hash":1245650351,"owner":25344,"kind":"sampled","unit":0,"class":3,"bound_ms":500,"quality":"GOOD","age_ms":62,"ts":296795,"updates":2845,"value":1660947229}
1791632812.064 {"t":"ns","node":25344,"hash":2033492666,"owner":25344,"kind":"sampled","unit":0,"class":3,"bound_ms":0,"quality":"NO_DATA","age_ms":0,"ts":0,"updates":0,"value":null}
1791632812.064 {"t":"ns","node":25344,"hash":4103947588,"owner":25344,"kind":"sampled","unit":80,"class":4,"bound_ms":30000,"quality":"GOOD","age_ms":519,"ts":296377,"updates":28,"value":296}
1791632812.064 {"t":"ns","node":25344,"hash":1662441583,"owner":25344,"kind":"sampled","unit":101,"class":4,"bound_ms":30000,"quality":"GOOD","age_ms":534,"ts":296377,"updates":28,"value":172032}
1791632822.234 {"t":"clk","node":25344,"up_ms":306925}
1791632822.234 {"t":"led","node":25344,"shows":"green","app":0}
1791632822.234 {"t":"event","at_ms":297130,"node":25344,"kind":"peer_admitted","peer":29544,"slot":0,"a":0,"b":0}
1791632822.234 {"t":"event","at_ms":297580,"node":25344,"kind":"peer_admitted","peer":33120,"slot":1,"a":0,"b":0}
1791632822.234 {"t":"event","at_ms":299130,"node":25344,"kind":"peer_admitted","peer":29544,"slot":0,"a":0,"b":0}
1791632822.234 {"t":"event","at_ms":299581,"node":25344,"kind":"peer_admitted","peer":33120,"slot":1,"a":0,"b":0}
1791632822.234 {"t":"event","at_ms":301132,"node":25344,"kind":"peer_admitted","peer":29544,"slot":0,"a":0,"b":0}
1791632822.234 {"t":"event","at_ms":301580,"node":25344,"kind":"peer_admitted","peer":33120,"slot":1,"a":0,"b":0}
1791632822.234 {"t":"event","at_ms":303155,"node":25344,"kind":"peer_admitted","peer":29544,"slot":0,"a":0,"b":0}
1791632822.234 {"t":"event","at_ms":303584,"node":25344,"kind":"peer_admitted","peer":33120,"slot":1,"a":0,"b":0}
1791632822.234 {"t":"event","at_ms":305130,"node":25344,"kind":"peer_admitted","peer":29544,"slot":0,"a":0,"b":0}
1791632822.234 {"t":"event","at_ms":305580,"node":25344,"kind":"peer_admitted","peer":33120,"slot":1,"a":0,"b":0}
1791632822.234 {"t":"link","up_ms":307010,"node":25344,"peer":29544,"mac":"b8:1f:3f:da:73:68","state":"alive","epoch":170,"espnow_ver":2,"mtu":1446,"misses":0,"rssi":-29,"tx":{"frames":1717,"cb_ok":1707,"cb_fail":10,"enqueue_err":0,"pdr_ppm":994175},"rx":{"frames":5017,"lost_seqgap":7,"reorder_dup":0,"dropped_bad":0,"hb_lost":34,"bcast_frames":2972,"pdr_ppm":998606},"rtt":{"samples":107,"min_us":5398,"max_us":36483,"timeouts":1,"txq_last_us":3619,"txq_max_us":22751,"remote_turnaround_us":800,"remote_turnaround_max_us":23822,"p50_us":[4000,6000],"p99_us":[22000,30000],"hist":[0,0,0,0,63,27,4,4,6,2,1,0,0,0,0,0]}}
1791632822.234 {"t":"link","up_ms":307091,"node":25344,"peer":33120,"mac":"b8:1f:3f:da:81:60","state":"alive","epoch":282,"espnow_ver":2,"mtu":1446,"misses":0,"rssi":-22,"tx":{"frames":1693,"cb_ok":1690,"cb_fail":3,"enqueue_err":0,"pdr_ppm":998227},"rx":{"frames":5044,"lost_seqgap":1,"reorder_dup":0,"dropped_bad":0,"hb_lost":4,"bcast_frames":3012,"pdr_ppm":999801},"rtt":{"samples":106,"min_us":5791,"max_us":275303,"timeouts":1,"txq_last_us":2833,"txq_max_us":9576,"remote_turnaround_us":972,"remote_turnaround_max_us":270031,"p50_us":[6000,8000],"p99_us":[30000,42000],"hist":[0,0,0,0,40,44,9,6,5,0,1,0,0,0,0,1]}}
1791632822.234 {"t":"link","up_ms":307139,"node":25344,"peer":254,"mac":"02:00:00:00:00:fe","state":"alive","epoch":0,"espnow_ver":0,"mtu":226,"misses":0,"rssi":0,"tx":{"frames":2622,"cb_ok":0,"cb_fail":0,"enqueue_err":0,"pdr_ppm":null},"rx":{"frames":4736,"lost_seqgap":0,"reorder_dup":0,"dropped_bad":0,"hb_lost":0,"bcast_frames":0,"pdr_ppm":1000000},"rtt":{"samples":89,"min_us":7145,"max_us":99239,"timeouts":0,"txq_last_us":0,"txq_max_us":0,"remote_turnaround_us":14,"remote_turnaround_max_us":23,"p50_us":[42000,60000],"p99_us":[85000,110000],"hist":[0,0,0,0,0,1,1,1,4,5,3,59,10,5,0,0]}}
1791632822.234 {"t":"auth","node":25344,"up_ms":307193,"enrolled":1,"required":1,"verified_peers":2,"verified":9,"cache_hits":318,"refused":0,"rate_limited":0,"stale_epoch":0,"verify_us_max":86101,"link_stack_free_b":820,"crypto_stack_free_b":1220,"tags_ok":3753,"bad_tag":0,"replayed":2,"untagged":0,"bcast_dropped":0,"beacon_epoch_ignored":0,"tag_us_max":1203}
1791632822.234 {"t":"act","node":25344,"setpoint":0,"has_value":0,"writes_served":0}
1791632822.234 {"t":"peers","node":25344,"own_period_ms":100,"own_busy":0,"channel":1,"scanning":0,"scans":0,"hops":10,"found":0,"lost_to_found_ms":0,"moves_followed":0,"moves_refused":0,"sweeps":1,"sweep_found":0,"sweeping":0,"search_visits":1,"relay":0,"fwd_u":0,"fwd_b":0,"fwd_h":0,"relay_dup":3082,"list":[{"id":29544,"state":"alive","via_relay":0,"period_ms":100,"misses":6,"busy":1,"rtt_n":107},{"id":33120,"state":"alive","via_relay":0,"period_ms":100,"misses":6,"busy":0,"rtt_n":107},{"id":254,"state":"alive","via_relay":0,"period_ms":100,"misses":6,"busy":0,"rtt_n":89}]}
1791632822.234 {"t":"ss","node":25344,"accepted":0,"unsigned":0,"unknown_sender":0,"bad_signature":0,"replayed":0,"rate_limited":0,"verify_us_max":0,"floors":[]}
1791632822.640 {"t":"rec","node":25344,"up_ms":307290,"settled":1,"sent":1212,"received":1208,"malformed":0,"views":6,"replies_fenced":0,"actors":[{"key":1245650351,"running":1,"term":5,"owner":25344,"owner_term":5,"assigned":254,"starts":1,"fenced":0,"released":0}]}
1791632822.640 {"t":"node","up_ms":307317,"node":25344,"epoch":242,"peers_alive":3,"peers_dead":0,"no_radio":0,"free_dram":250163,"largest_block":172032,"rx":{"total":21036,"bad_frame":0,"unknown_peer":13,"wrong_dst":0,"short_payload":0,"unknown_opcode":0,"queue_dropped":51},"tx":{"total":9257,"enqueue_err":0,"done_queue_dropped":0},"membership":{"deaths":2,"revivals":0,"reboots_seen":2,"table_full":0,"events_dropped":0}}
1791632822.640 {"t":"ns","node":25344,"hash":2410274060,"owner":25344,"kind":"sampled","unit":100,"class":4,"bound_ms":0,"quality":"GOOD","age_ms":419,"ts":306927,"updates":29,"value":242}
1791632822.640 {"t":"ns","node":25344,"hash":1274253983,"owner":25344,"kind":"sampled","unit":0,"class":4,"bound_ms":5000,"quality":"GOOD","age_ms":445,"ts":306927,"updates":29,"value":-29}
1791632822.640 {"t":"ns","node":25344,"hash":3354298913,"owner":25344,"kind":"sampled","unit":100,"class":4,"bound_ms":5000,"quality":"GOOD","age_ms":459,"ts":306927,"updates":29,"value":3}
1791632822.640 {"t":"ns","node":25344,"hash":1771187623,"owner":25344,"kind":"sampled","unit":101,"class":4,"bound_ms":30000,"quality":"GOOD","age_ms":474,"ts":306926,"updates":29,"value":250163}
1791632822.640 {"t":"ns","node":25344,"hash":1245650351,"owner":25344,"kind":"sampled","unit":0,"class":3,"bound_ms":500,"quality":"GOOD","age_ms":62,"ts":307352,"updates":2944,"value":1660947328}
1791632822.640 {"t":"ns","node":25344,"hash":2033492666,"owner":25344,"kind":"sampled","unit":0,"class":3,"bound_ms":0,"quality":"NO_DATA","age_ms":0,"ts":0,"updates":0,"value":null}
1791632822.640 {"t":"ns","node":25344,"hash":4103947588,"owner":25344,"kind":"sampled","unit":80,"class":4,"bound_ms":30000,"quality":"GOOD","age_ms":515,"ts":306927,"updates":29,"value":306}
1791632822.640 {"t":"ns","node":25344,"hash":1662441583,"owner":25344,"kind":"sampled","unit":101,"class":4,"bound_ms":30000,"quality":"GOOD","age_ms":554,"ts":306927,"updates":29,"value":172032}
1791632832.821 {"t":"clk","node":25344,"up_ms":317497}
1791632832.821 {"t":"led","node":25344,"shows":"green","app":0}
1791632832.821 {"t":"event","at_ms":307130,"node":25344,"kind":"peer_admitted","peer":29544,"slot":0,"a":0,"b":0}
1791632832.821 {"t":"event","at_ms":307582,"node":25344,"kind":"peer_admitted","peer":33120,"slot":1,"a":0,"b":0}
1791632832.821 {"t":"event","at_ms":309130,"node":25344,"kind":"peer_admitted","peer":29544,"slot":0,"a":0,"b":0}
1791632832.821 {"t":"event","at_ms":309580,"node":25344,"kind":"peer_admitted","peer":33120,"slot":1,"a":0,"b":0}
1791632832.821 {"t":"event","at_ms":311130,"node":25344,"kind":"peer_admitted","peer":29544,"slot":0,"a":0,"b":0}
1791632832.821 {"t":"event","at_ms":311580,"node":25344,"kind":"peer_admitted","peer":33120,"slot":1,"a":0,"b":0}
1791632832.821 {"t":"event","at_ms":313130,"node":25344,"kind":"peer_admitted","peer":29544,"slot":0,"a":0,"b":0}
1791632832.821 {"t":"event","at_ms":313580,"node":25344,"kind":"peer_admitted","peer":33120,"slot":1,"a":0,"b":0}
1791632832.821 {"t":"event","at_ms":315136,"node":25344,"kind":"peer_admitted","peer":29544,"slot":0,"a":0,"b":0}
1791632832.821 {"t":"event","at_ms":315580,"node":25344,"kind":"peer_admitted","peer":33120,"slot":1,"a":0,"b":0}
1791632832.821 {"t":"event","at_ms":317130,"node":25344,"kind":"peer_admitted","peer":29544,"slot":0,"a":0,"b":0}
1791632832.821 {"t":"event","at_ms":317580,"node":25344,"kind":"peer_admitted","peer":33120,"slot":1,"a":0,"b":0}
1791632832.821 {"t":"link","up_ms":317598,"node":25344,"peer":29544,"mac":"b8:1f:3f:da:73:68","state":"alive","epoch":170,"espnow_ver":2,"mtu":1446,"misses":0,"rssi":-29,"tx":{"frames":1745,"cb_ok":1735,"cb_fail":10,"enqueue_err":0,"pdr_ppm":994269},"rx":{"frames":5163,"lost_seqgap":7,"reorder_dup":0,"dropped_bad":0,"hb_lost":34,"bcast_frames":3078,"pdr_ppm":998646},"rtt":{"samples":110,"min_us":5398,"max_us":36483,"timeouts":1,"txq_last_us":2810,"txq_max_us":22751,"remote_turnaround_us":825,"remote_turnaround_max_us":23822,"p50_us":[4000,6000],"p99_us":[22000,30000],"hist":[0,0,0,0,65,28,4,4,6,2,1,0,0,0,0,0]}}
1791632832.821 {"t":"link","up_ms":317652,"node":25344,"peer":33120,"mac":"b8:1f:3f:da:81:60","state":"alive","epoch":282,"espnow_ver":2,"mtu":1446,"misses":0,"rssi":-22,"tx":{"frames":1722,"cb_ok":1719,"cb_fail":3,"enqueue_err":0,"pdr_ppm":998257},"rx":{"frames":5192,"lost_seqgap":1,"reorder_dup":0,"dropped_bad":0,"hb_lost":4,"bcast_frames":3118,"pdr_ppm":999807},"rtt":{"samples":110,"min_us":5791,"max_us":275303,"timeouts":1,"txq_last_us":2834,"txq_max_us":9576,"remote_turnaround_us":978,"remote_turnaround_max_us":270031,"p50_us":[6000,8000],"p99_us":[30000,42000],"hist":[0,0,0,0,42,46,9,6,5,0,1,0,0,0,0,1]}}
1791632832.821 {"t":"link","up_ms":317707,"node":25344,"peer":254,"mac":"02:00:00:00:00:fe","state":"alive","epoch":0,"espnow_ver":0,"mtu":226,"misses":0,"rssi":0,"tx":{"frames":2736,"cb_ok":0,"cb_fail":0,"enqueue_err":0,"pdr_ppm":null},"rx":{"frames":4934,"lost_seqgap":0,"reorder_dup":0,"dropped_bad":0,"hb_lost":0,"bcast_frames":0,"pdr_ppm":1000000},"rtt":{"samples":93,"min_us":7145,"max_us":99239,"timeouts":0,"txq_last_us":0,"txq_max_us":0,"remote_turnaround_us":13,"remote_turnaround_max_us":23,"p50_us":[42000,60000],"p99_us":[85000,110000],"hist":[0,0,0,0,0,1,1,1,4,5,3,63,10,5,0,0]}}
1791632832.821 {"t":"auth","node":25344,"up_ms":317763,"enrolled":1,"required":1,"verified_peers":2,"verified":9,"cache_hits":329,"refused":0,"rate_limited":0,"stale_epoch":0,"verify_us_max":86101,"link_stack_free_b":820,"crypto_stack_free_b":1220,"tags_ok":3823,"bad_tag":0,"replayed":2,"untagged":0,"bcast_dropped":0,"beacon_epoch_ignored":0,"tag_us_max":1203}
1791632832.821 {"t":"act","node":25344,"setpoint":0,"has_value":0,"writes_served":0}
1791632832.821 {"t":"peers","node":25344,"own_period_ms":100,"own_busy":0,"channel":1,"scanning":0,"scans":0,"hops":10,"found":0,"lost_to_found_ms":0,"moves_followed":0,"moves_refused":0,"sweeps":1,"sweep_found":0,"sweeping":0,"search_visits":1,"relay":0,"fwd_u":0,"fwd_b":0,"fwd_h":0,"relay_dup":3193,"list":[{"id":29544,"state":"alive","via_relay":0,"period_ms":100,"misses":6,"busy":1,"rtt_n":110},{"id":33120,"state":"alive","via_relay":0,"period_ms":100,"misses":6,"busy":0,"rtt_n":110},{"id":254,"state":"alive","via_relay":0,"period_ms":100,"misses":6,"busy":0,"rtt_n":93}]}
1791632833.222 {"t":"ss","node":25344,"accepted":0,"unsigned":0,"unknown_sender":0,"bad_signature":0,"replayed":0,"rate_limited":0,"verify_us_max":0,"floors":[]}
1791632833.222 {"t":"rec","node":25344,"up_ms":317898,"settled":1,"sent":1253,"received":1250,"malformed":0,"views":6,"replies_fenced":0,"actors":[{"key":1245650351,"running":1,"term":5,"owner":25344,"owner_term":5,"assigned":254,"starts":1,"fenced":0,"released":0}]}
1791632833.222 {"t":"node","up_ms":317913,"node":25344,"epoch":242,"peers_alive":3,"peers_dead":0,"no_radio":0,"free_dram":250163,"largest_block":172032,"rx":{"total":21753,"bad_frame":0,"unknown_peer":13,"wrong_dst":0,"short_payload":0,"unknown_opcode":0,"queue_dropped":51},"tx":{"total":9539,"enqueue_err":0,"done_queue_dropped":0},"membership":{"deaths":2,"revivals":0,"reboots_seen":2,"table_full":0,"events_dropped":0}}
1791632833.222 {"t":"ns","node":25344,"hash":2410274060,"owner":25344,"kind":"sampled","unit":100,"class":4,"bound_ms":0,"quality":"GOOD","age_ms":456,"ts":317499,"updates":30,"value":242}
1791632833.222 {"t":"ns","node":25344,"hash":1274253983,"owner":25344,"kind":"sampled","unit":0,"class":4,"bound_ms":5000,"quality":"GOOD","age_ms":470,"ts":317499,"updates":30,"value":-29}
1791632833.222 {"t":"ns","node":25344,"hash":3354298913,"owner":25344,"kind":"sampled","unit":100,"class":4,"bound_ms":5000,"quality":"GOOD","age_ms":484,"ts":317499,"updates":30,"value":3}
1791632833.222 {"t":"ns","node":25344,"hash":1771187623,"owner":25344,"kind":"sampled","unit":101,"class":4,"bound_ms":30000,"quality":"GOOD","age_ms":499,"ts":317498,"updates":30,"value":250163}
1791632833.222 {"t":"ns","node":25344,"hash":1245650351,"owner":25344,"kind":"sampled","unit":0,"class":3,"bound_ms":500,"quality":"GOOD","age_ms":100,"ts":317911,"updates":3042,"value":1660947426}
1791632833.222 {"t":"ns","node":25344,"hash":2033492666,"owner":25344,"kind":"sampled","unit":0,"class":3,"bound_ms":0,"quality":"NO_DATA","age_ms":0,"ts":0,"updates":0,"value":null}
1791632833.222 {"t":"ns","node":25344,"hash":4103947588,"owner":25344,"kind":"sampled","unit":80,"class":4,"bound_ms":30000,"quality":"GOOD","age_ms":554,"ts":317498,"updates":30,"value":317}
1791632833.222 {"t":"ns","node":25344,"hash":1662441583,"owner":25344,"kind":"sampled","unit":101,"class":4,"bound_ms":30000,"quality":"GOOD","age_ms":569,"ts":317498,"updates":30,"value":172032}
1791632843.394 {"t":"clk","node":25344,"up_ms":328081}
1791632843.394 {"t":"led","node":25344,"shows":"green","app":0}
1791632843.394 {"t":"event","at_ms":319130,"node":25344,"kind":"peer_admitted","peer":29544,"slot":0,"a":0,"b":0}
1791632843.394 {"t":"event","at_ms":319593,"node":25344,"kind":"peer_admitted","peer":33120,"slot":1,"a":0,"b":0}
1791632843.394 {"t":"event","at_ms":321130,"node":25344,"kind":"peer_admitted","peer":29544,"slot":0,"a":0,"b":0}
1791632843.394 {"t":"event","at_ms":321580,"node":25344,"kind":"peer_admitted","peer":33120,"slot":1,"a":0,"b":0}
1791632843.394 {"t":"event","at_ms":323132,"node":25344,"kind":"peer_admitted","peer":29544,"slot":0,"a":0,"b":0}
1791632843.394 {"t":"event","at_ms":323580,"node":25344,"kind":"peer_admitted","peer":33120,"slot":1,"a":0,"b":0}
1791632843.394 {"t":"event","at_ms":325130,"node":25344,"kind":"peer_admitted","peer":29544,"slot":0,"a":0,"b":0}
1791632843.394 {"t":"event","at_ms":325580,"node":25344,"kind":"peer_admitted","peer":33120,"slot":1,"a":0,"b":0}
1791632843.394 {"t":"event","at_ms":327130,"node":25344,"kind":"peer_admitted","peer":29544,"slot":0,"a":0,"b":0}
1791632843.394 {"t":"event","at_ms":327580,"node":25344,"kind":"peer_admitted","peer":33120,"slot":1,"a":0,"b":0}
1791632843.394 {"t":"link","up_ms":328173,"node":25344,"peer":29544,"mac":"b8:1f:3f:da:73:68","state":"alive","epoch":170,"espnow_ver":2,"mtu":1446,"misses":0,"rssi":-29,"tx":{"frames":1773,"cb_ok":1763,"cb_fail":10,"enqueue_err":0,"pdr_ppm":994359},"rx":{"frames":5310,"lost_seqgap":7,"reorder_dup":0,"dropped_bad":0,"hb_lost":34,"bcast_frames":3183,"pdr_ppm":998683},"rtt":{"samples":114,"min_us":5398,"max_us":36483,"timeouts":1,"txq_last_us":2787,"txq_max_us":22751,"remote_turnaround_us":783,"remote_turnaround_max_us":23822,"p50_us":[4000,6000],"p99_us":[22000,30000],"hist":[0,0,0,0,68,29,4,4,6,2,1,0,0,0,0,0]}}
1791632843.394 {"t":"link","up_ms":328252,"node":25344,"peer":33120,"mac":"b8:1f:3f:da:81:60","state":"alive","epoch":282,"espnow_ver":2,"mtu":1446,"misses":0,"rssi":-22,"tx":{"frames":1749,"cb_ok":1746,"cb_fail":3,"enqueue_err":0,"pdr_ppm":998284},"rx":{"frames":5338,"lost_seqgap":1,"reorder_dup":0,"dropped_bad":0,"hb_lost":4,"bcast_frames":3224,"pdr_ppm":999812},"rtt":{"samples":113,"min_us":5791,"max_us":275303,"timeouts":1,"txq_last_us":3850,"txq_max_us":9576,"remote_turnaround_us":997,"remote_turnaround_max_us":270031,"p50_us":[6000,8000],"p99_us":[30000,42000],"hist":[0,0,0,0,42,49,9,6,5,0,1,0,0,0,0,1]}}
1791632843.394 {"t":"link","up_ms":328307,"node":25344,"peer":254,"mac":"02:00:00:00:00:fe","state":"alive","epoch":0,"espnow_ver":0,"mtu":226,"misses":0,"rssi":0,"tx":{"frames":2851,"cb_ok":0,"cb_fail":0,"enqueue_err":0,"pdr_ppm":null},"rx":{"frames":5133,"lost_seqgap":0,"reorder_dup":0,"dropped_bad":0,"hb_lost":0,"bcast_frames":0,"pdr_ppm":1000000},"rtt":{"samples":96,"min_us":7145,"max_us":99239,"timeouts":0,"txq_last_us":0,"txq_max_us":0,"remote_turnaround_us":14,"remote_turnaround_max_us":23,"p50_us":[42000,60000],"p99_us":[85000,110000],"hist":[0,0,0,0,0,1,1,1,4,5,3,66,10,5,0,0]}}
1791632843.394 {"t":"auth","node":25344,"up_ms":328350,"enrolled":1,"required":1,"verified_peers":2,"verified":9,"cache_hits":339,"refused":0,"rate_limited":0,"stale_epoch":0,"verify_us_max":86101,"link_stack_free_b":820,"crypto_stack_free_b":1220,"tags_ok":3895,"bad_tag":0,"replayed":2,"untagged":0,"bcast_dropped":0,"beacon_epoch_ignored":0,"tag_us_max":1203}
1791632843.394 {"t":"act","node":25344,"setpoint":0,"has_value":0,"writes_served":0}
1791632843.394 {"t":"peers","node":25344,"own_period_ms":100,"own_busy":0,"channel":1,"scanning":0,"scans":0,"hops":10,"found":0,"lost_to_found_ms":0,"moves_followed":0,"moves_refused":0,"sweeps":1,"sweep_found":0,"sweeping":0,"search_visits":1,"relay":0,"fwd_u":0,"fwd_b":0,"fwd_h":0,"relay_dup":3304,"list":[{"id":29544,"state":"alive","via_relay":0,"period_ms":100,"misses":6,"busy":1,"rtt_n":114},{"id":33120,"state":"alive","via_relay":0,"period_ms":100,"misses":6,"busy":0,"rtt_n":114},{"id":254,"state":"alive","via_relay":0,"period_ms":100,"misses":6,"busy":0,"rtt_n":96}]}
1791632843.394 {"t":"ss","node":25344,"accepted":0,"unsigned":0,"unknown_sender":0,"bad_signature":0,"replayed":0,"rate_limited":0,"verify_us_max":0,"floors":[]}
1791632843.769 {"t":"rec","node":25344,"up_ms":328453,"settled":1,"sent":1294,"received":1292,"malformed":0,"views":6,"replies_fenced":0,"actors":[{"key":1245650351,"running":1,"term":5,"owner":25344,"owner_term":5,"assigned":254,"starts":1,"fenced":0,"released":0}]}
1791632843.769 {"t":"node","up_ms":328479,"node":25344,"epoch":242,"peers_alive":3,"peers_dead":0,"no_radio":0,"free_dram":250163,"largest_block":172032,"rx":{"total":22466,"bad_frame":0,"unknown_peer":13,"wrong_dst":0,"short_payload":0,"unknown_opcode":0,"queue_dropped":51},"tx":{"total":9821,"enqueue_err":0,"done_queue_dropped":0},"membership":{"deaths":2,"revivals":0,"reboots_seen":2,"table_full":0,"events_dropped":0}}
1791632843.769 {"t":"ns","node":25344,"hash":2410274060,"owner":25344,"kind":"sampled","unit":100,"class":4,"bound_ms":0,"quality":"GOOD","age_ms":425,"ts":328083,"updates":31,"value":242}
1791632843.769 {"t":"ns","node":25344,"hash":1274253983,"owner":25344,"kind":"sampled","unit":0,"class":4,"bound_ms":5000,"quality":"GOOD","age_ms":439,"ts":328083,"updates":31,"value":-29}
1791632843.769 {"t":"ns","node":25344,"hash":3354298913,"owner":25344,"kind":"sampled","unit":100,"class":4,"bound_ms":5000,"quality":"GOOD","age_ms":464,"ts":328083,"updates":31,"value":3}
1791632843.769 {"t":"ns","node":25344,"hash":1771187623,"owner":25344,"kind":"sampled","unit":101,"class":4,"bound_ms":30000,"quality":"GOOD","age_ms":479,"ts":328082,"updates":31,"value":250163}
1791632843.769 {"t":"ns","node":25344,"hash":1245650351,"owner":25344,"kind":"sampled","unit":0,"class":3,"bound_ms":500,"quality":"GOOD","age_ms":23,"ts":328553,"updates":3142,"value":1660947526}
1791632843.769 {"t":"ns","node":25344,"hash":2033492666,"owner":25344,"kind":"sampled","unit":0,"class":3,"bound_ms":0,"quality":"NO_DATA","age_ms":0,"ts":0,"updates":0,"value":null}
1791632843.769 {"t":"ns","node":25344,"hash":4103947588,"owner":25344,"kind":"sampled","unit":80,"class":4,"bound_ms":30000,"quality":"GOOD","age_ms":522,"ts":328082,"updates":31,"value":328}
1791632843.769 {"t":"ns","node":25344,"hash":1662441583,"owner":25344,"kind":"sampled","unit":101,"class":4,"bound_ms":30000,"quality":"GOOD","age_ms":536,"ts":328082,"updates":31,"value":172032}
1791632853.930 {"t":"clk","node":25344,"up_ms":338640}
1791632853.930 {"t":"led","node":25344,"shows":"green","app":0}
1791632853.930 {"t":"event","at_ms":329130,"node":25344,"kind":"peer_admitted","peer":29544,"slot":0,"a":0,"b":0}
1791632853.930 {"t":"event","at_ms":329580,"node":25344,"kind":"peer_admitted","peer":33120,"slot":1,"a":0,"b":0}
1791632853.930 {"t":"event","at_ms":331130,"node":25344,"kind":"peer_admitted","peer":29544,"slot":0,"a":0,"b":0}
1791632853.930 {"t":"event","at_ms":331581,"node":25344,"kind":"peer_admitted","peer":33120,"slot":1,"a":0,"b":0}
1791632853.930 {"t":"event","at_ms":333131,"node":25344,"kind":"peer_admitted","peer":29544,"slot":0,"a":0,"b":0}
1791632853.930 {"t":"event","at_ms":333580,"node":25344,"kind":"peer_admitted","peer":33120,"slot":1,"a":0,"b":0}
1791632853.930 {"t":"event","at_ms":335130,"node":25344,"kind":"peer_admitted","peer":29544,"slot":0,"a":0,"b":0}
1791632853.930 {"t":"event","at_ms":335607,"node":25344,"kind":"peer_admitted","peer":33120,"slot":1,"a":0,"b":0}
1791632853.930 {"t":"event","at_ms":337130,"node":25344,"kind":"peer_admitted","peer":29544,"slot":0,"a":0,"b":0}
1791632853.930 {"t":"event","at_ms":337580,"node":25344,"kind":"peer_admitted","peer":33120,"slot":1,"a":0,"b":0}
1791632853.930 {"t":"link","up_ms":338736,"node":25344,"peer":29544,"mac":"b8:1f:3f:da:73:68","state":"alive","epoch":170,"espnow_ver":2,"mtu":1446,"misses":0,"rssi":-30,"tx":{"frames":1800,"cb_ok":1790,"cb_fail":10,"enqueue_err":0,"pdr_ppm":994444},"rx":{"frames":5455,"lost_seqgap":7,"reorder_dup":0,"dropped_bad":0,"hb_lost":34,"bcast_frames":3289,"pdr_ppm":998718},"rtt":{"samples":117,"min_us":5398,"max_us":36483,"timeouts":1,"txq_last_us":2797,"txq_max_us":22751,"remote_turnaround_us":848,"remote_turnaround_max_us":23822,"p50_us":[4000,6000],"p99_us":[22000,30000],"hist":[0,0,0,0,71,29,4,4,6,2,1,0,0,0,0,0]}}
1791632853.930 {"t":"link","up_ms":338790,"node":25344,"peer":33120,"mac":"b8:1f:3f:da:81:60","state":"alive","epoch":282,"espnow_ver":2,"mtu":1446,"misses":0,"rssi":-22,"tx":{"frames":1777,"cb_ok":1774,"cb_fail":3,"enqueue_err":0,"pdr_ppm":998311},"rx":{"frames":5484,"lost_seqgap":1,"reorder_dup":0,"dropped_bad":0,"hb_lost":4,"bcast_frames":3329,"pdr_ppm":999817},"rtt":{"samples":117,"min_us":5791,"max_us":275303,"timeouts":1,"txq_last_us":3850,"txq_max_us":9576,"remote_turnaround_us":967,"remote_turnaround_max_us":270031,"p50_us":[6000,8000],"p99_us":[30000,42000],"hist":[0,0,0,0,45,50,9,6,5,0,1,0,0,0,0,1]}}
1791632853.930 {"t":"link","up_ms":338833,"node":25344,"peer":254,"mac":"02:00:00:00:00:fe","state":"alive","epoch":0,"espnow_ver":0,"mtu":226,"misses":0,"rssi":0,"tx":{"frames":2966,"cb_ok":0,"cb_fail":0,"enqueue_err":0,"pdr_ppm":null},"rx":{"frames":5333,"lost_seqgap":0,"reorder_dup":0,"dropped_bad":0,"hb_lost":0,"bcast_frames":0,"pdr_ppm":1000000},"rtt":{"samples":100,"min_us":7145,"max_us":99239,"timeouts":0,"txq_last_us":0,"txq_max_us":0,"remote_turnaround_us":17,"remote_turnaround_max_us":23,"p50_us":[42000,60000],"p99_us":[85000,110000],"hist":[0,0,0,0,0,1,1,1,4,5,3,70,10,5,0,0]}}
1791632853.930 {"t":"auth","node":25344,"up_ms":338887,"enrolled":1,"required":1,"verified_peers":2,"verified":9,"cache_hits":349,"refused":0,"rate_limited":0,"stale_epoch":0,"verify_us_max":86101,"link_stack_free_b":820,"crypto_stack_free_b":1220,"tags_ok":3964,"bad_tag":0,"replayed":2,"untagged":0,"bcast_dropped":0,"beacon_epoch_ignored":0,"tag_us_max":1203}
1791632853.930 {"t":"act","node":25344,"setpoint":0,"has_value":0,"writes_served":0}
1791632853.930 {"t":"peers","node":25344,"own_period_ms":100,"own_busy":0,"channel":1,"scanning":0,"scans":0,"hops":10,"found":0,"lost_to_found_ms":0,"moves_followed":0,"moves_refused":0,"sweeps":1,"sweep_found":0,"sweeping":0,"search_visits":1,"relay":0,"fwd_u":0,"fwd_b":0,"fwd_h":0,"relay_dup":3415,"list":[{"id":29544,"state":"alive","via_relay":0,"period_ms":100,"misses":6,"busy":1,"rtt_n":117},{"id":33120,"state":"alive","via_relay":0,"period_ms":100,"misses":6,"busy":0,"rtt_n":117},{"id":254,"state":"alive","via_relay":0,"period_ms":100,"misses":6,"busy":0,"rtt_n":100}]}
1791632853.930 {"t":"ss","node":25344,"accepted":0,"unsigned":0,"unknown_sender":0,"bad_signature":0,"replayed":0,"rate_limited":0,"verify_us_max":0,"floors":[]}
1791632854.328 {"t":"rec","node":25344,"up_ms":338990,"settled":1,"sent":1335,"received":1334,"malformed":0,"views":6,"replies_fenced":0,"actors":[{"key":1245650351,"running":1,"term":5,"owner":25344,"owner_term":5,"assigned":254,"starts":1,"fenced":0,"released":0}]}
1791632854.328 {"t":"node","up_ms":339005,"node":25344,"epoch":242,"peers_alive":3,"peers_dead":0,"no_radio":0,"free_dram":250163,"largest_block":172032,"rx":{"total":23171,"bad_frame":0,"unknown_peer":13,"wrong_dst":0,"short_payload":0,"unknown_opcode":0,"queue_dropped":51},"tx":{"total":10099,"enqueue_err":0,"done_queue_dropped":0},"membership":{"deaths":2,"revivals":0,"reboots_seen":2,"table_full":0,"events_dropped":0}}
1791632854.328 {"t":"ns","node":25344,"hash":2410274060,"owner":25344,"kind":"sampled","unit":100,"class":4,"bound_ms":0,"quality":"GOOD","age_ms":425,"ts":338648,"updates":32,"value":242}
1791632854.328 {"t":"ns","node":25344,"hash":1274253983,"owner":25344,"kind":"sampled","unit":0,"class":4,"bound_ms":5000,"quality":"GOOD","age_ms":440,"ts":338648,"updates":32,"value":-30}
1791632854.328 {"t":"ns","node":25344,"hash":3354298913,"owner":25344,"kind":"sampled","unit":100,"class":4,"bound_ms":5000,"quality":"GOOD","age_ms":453,"ts":338648,"updates":32,"value":3}
1791632854.328 {"t":"ns","node":25344,"hash":1771187623,"owner":25344,"kind":"sampled","unit":101,"class":4,"bound_ms":30000,"quality":"GOOD","age_ms":468,"ts":338648,"updates":32,"value":249959}
1791632854.328 {"t":"ns","node":25344,"hash":1245650351,"owner":25344,"kind":"sampled","unit":0,"class":3,"bound_ms":500,"quality":"GOOD","age_ms":17,"ts":339114,"updates":3241,"value":1660947625}
1791632854.328 {"t":"ns","node":25344,"hash":2033492666,"owner":25344,"kind":"sampled","unit":0,"class":3,"bound_ms":0,"quality":"NO_DATA","age_ms":0,"ts":0,"updates":0,"value":null}
1791632854.328 {"t":"ns","node":25344,"hash":4103947588,"owner":25344,"kind":"sampled","unit":80,"class":4,"bound_ms":30000,"quality":"GOOD","age_ms":517,"ts":338648,"updates":32,"value":338}
1791632854.328 {"t":"ns","node":25344,"hash":1662441583,"owner":25344,"kind":"sampled","unit":101,"class":4,"bound_ms":30000,"quality":"GOOD","age_ms":531,"ts":338648,"updates":32,"value":172032}
1791632862.829 I (348565) esp_image: segment 0: paddr=00140020 vaddr=3c0a0020 size=20398h (131992) map
1791632862.829 I (348585) esp_image: segment 1: paddr=001603c0 vaddr=3fc98800 size=054cch ( 21708)
1791632862.829 I (348589) esp_image: segment 2: paddr=00165894 vaddr=40374000 size=0a784h ( 42884)
1791632862.829 I (348596) esp_image: segment 3: paddr=00170020 vaddr=42000020 size=95160h (610656) map
1791632862.829 I (348678) esp_image: segment 4: paddr=00205188 vaddr=4037e784 size=09fb8h ( 40888)
1791632862.829 I (348686) esp_image: segment 5: paddr=0020f148 vaddr=50000000 size=00024h (    36)
1791632862.829 I (348688) esp_image: segment 0: paddr=00140020 vaddr=3c0a0020 size=20398h (131992) map
1791632862.829 I (348719) esp_image: segment 1: paddr=001603c0 vaddr=3fc98800 size=054cch ( 21708)
1791632862.829 I (348723) esp_image: segment 2: paddr=00165894 vaddr=40374000 size=0a784h ( 42884)
1791632862.829 I (348731) esp_image: segment 3: paddr=00170020 vaddr=42000020 size=95160h (610656) map
1791632862.829 I (348813) esp_image: segment 4: paddr=00205188 vaddr=4037e784 size=09fb8h ( 40888)
1791632862.829 I (348820) esp_image: segment 5: paddr=0020f148 vaddr=50000000 size=00024h (    36)
1791632862.829 I (348851) pot.m0: fw: commit of counter 2: ok (342 ms)
1791632864.717 W (350355) pot.m0: deploy: rebooting into the new slot
1791632864.717 {"t":"clk","node":25344,xxESP-ROM:esp32s3-20210327
1791632864.717 Build:Mar 27 2021
1791632864.717 rst:0xc (RTC_SW_CPU_RST),boot:0x8 (SPI_FAST_FLASH_BOOT)
1791632864.717 Saved PC:0x4037e97a
1791632864.717 SPIWP:0xee
1791632864.717 mode:DIO, clock div:1
1791632864.717 load:0x3fce2820,len:0x14f0
1791632864.717 load:0x403c8700,len:0xda0
1791632864.717 load:0x403cb700,len:0x2f9c
1791632864.717 entry 0x403c8908
1791632864.717 I (29) boot: ESP-IDF v6.0.2 2nd stage bootloader
1791632864.717 I (29) boot: compile time Oct 10 2026 13:38:58
1791632864.717 I (29) boot: Multicore bootloader
1791632864.717 I (29) boot: chip revision: v0.2
1791632864.717 I (32) boot: efuse block revision: v1.4
1791632864.717 I (36) boot.esp32s3: Boot SPI Speed : 80MHz
1791632864.717 I (40) boot.esp32s3: SPI Mode       : DIO
1791632864.717 I (43) boot.esp32s3: SPI Flash Size : 16MB
1791632864.717 I (47) boot: Enabling RNG early entropy source...
1791632864.717 I (52) boot: Partition Table:
1791632864.717 I (54) boot: ## Label            Usage          Type ST Offset   Length
1791632864.717 I (61) boot:  0 nvs              WiFi data        01 02 00009000 00006000
1791632864.717 I (67) boot:  1 phy_init         RF data          01 01 0000f000 00001000
1791632864.717 I (74) boot:  2 factory          factory app      00 00 00010000 00100000
1791632864.717 I (80) boot:  3 modA             Unknown data     01 40 00110000 00010000
1791632864.717 I (87) boot:  4 modB             Unknown data     01 40 00120000 00010000
1791632864.717 I (93) boot:  5 otadata          OTA data         01 00 00130000 00002000
1791632864.717 I (100) boot:  6 ota_0            OTA app          00 10 00140000 00200000
1791632864.717 I (106) boot:  7 ota_1            OTA app          00 11 00340000 00200000
1791632864.717 I (113) boot: End of partition table
1791632864.717 I (141) esp_image: segment 0: paddr=00140020 vaddr=3c0a0020 size=20398h (131992) map
1791632864.717 I (166) esp_image: segment 1: paddr=001603c0 vaddr=3fc98800 size=054cch ( 21708) load
1791632864.717 I (171) esp_image: segment 2: paddr=00165894 vaddr=40374000 size=0a784h ( 42884) load
1791632864.717 I (181) esp_image: segment 3: paddr=00170020 vaddr=42000020 size=95160h (610656) map
1791632864.717 I (293) esp_image: segment 4: paddr=00205188 vaddr=4037e784 size=09fb8h ( 40888) load
1791632864.717 I (302) esp_image: segment 5: paddr=0020f148 vaddr=50000000 size=00024h (    36) load
1791632864.717 I (311) boot: Loaded app from partition at offset 0x140000
1791632864.717 I (312) boot: Disabling RNG early entropy source...
1791632864.717 I (322) octal_psram: vendor id    : 0x0d (AP)
1791632864.717 I (322) octal_psram: dev id       : 0x02 (generation 3)
1791632864.717 I (322) octal_psram: density      : 0x03 (64 Mbit)
1791632864.717 I (324) octal_psram: good-die     : 0x01 (Pass)
1791632864.717 I (328) octal_psram: Latency      : 0x01 (Fixed)
1791632864.717 I (333) octal_psram: VCC          : 0x01 (3V)
1791632864.717 I (337) octal_psram: SRF          : 0x01 (Fast Refresh)
1791632864.717 I (342) octal_psram: BurstType    : 0x01 (Hybrid Wrap)
1791632864.717 I (347) octal_psram: BurstLen     : 0x01 (32 Byte)
1791632864.717 I (351) octal_psram: Readlatency  : 0x02 (10 cycles@Fixed)
1791632864.717 I (356) octal_psram: DriveStrength: 0x00 (1/1)
1791632864.717 I (361) esp_psram: Found 8MB PSRAM device
1791632864.717 I (364) esp_psram: Speed: 40MHz
1791632864.717 I (367) cpu_start: Multicore app
1791632865.750 I (1101) esp_psram: SPI SRAM memory test OK
1791632865.750 I (1111) cpu_start: GPIO 44 and 43 are used as console UART I/O pins
1791632865.750 I (1111) cpu_start: Pro cpu start user code
1791632865.750 I (1111) cpu_start: cpu freq: 160000000 Hz
1791632865.750 I (1113) app_init: Application information:
1791632865.750 I (1117) app_init: Project name:     potluck_m0
1791632865.750 I (1122) app_init: App version:      deploy-and-detach-162-g6aafa26-
1791632865.750 I (1128) app_init: Compile time:     Oct 10 2026 13:38:30
1791632865.750 I (1133) app_init: ELF file SHA256:  af12540b1...
1791632865.750 I (1137) app_init: ESP-IDF:          v6.0.2
1791632865.750 I (1141) efuse_init: Min chip rev:     v0.0
1791632865.750 I (1145) efuse_init: Max chip rev:     v0.99
1791632865.750 I (1149) efuse_init: Chip rev:         v0.2
1791632865.750 I (1153) heap_init: Initializing. RAM available for dynamic allocation:
1791632865.750 I (1159) heap_init: At 3FCACD60 len 0003C9B0 (242 KiB): RAM
1791632865.750 I (1165) heap_init: At 3FCE9710 len 00005724 (21 KiB): RAM
1791632865.750 I (1170) heap_init: At 3FCF0000 len 00008000 (32 KiB): DRAM
1791632865.750 I (1175) heap_init: At 600FE000 len 00001FE8 (7 KiB): RTCRAM
1791632865.750 I (1181) esp_psram: Adding pool of 8151K of PSRAM memory to heap allocator
1791632865.750 I (1188) spi_flash: detected chip: generic
1791632865.750 I (1191) spi_flash: flash io: dio
1791632865.750 I (1195) sleep_gpio: Configure to isolate all GPIO pins in sleep state
1791632865.750 I (1201) sleep_gpio: Enable automatic switching of GPIO sleep configuration
1791632865.750 I (1208) main_task: Started on CPU0
1791632865.750 I (1231) esp_psram: Reserving pool of 32K of internal memory for DMA/internal allocations
1791632865.750 I (1232) main_task: Calling app_main()
1791632865.750 I (1247) pot.m0: channel 1 from the last boot (build default 1)
1791632865.750 I (1248) pp: pp rom version: e7ae62f
1791632865.750 I (1249) net80211: net80211 rom version: e7ae62f
1791632865.750 I (1251) wifi:wifi driver task: 3fcee984, prio:23, stack:6656, core=0
1791632865.750 I (1256) wifi:wifi firmware version: 00ad238
1791632865.750 I (1259) wifi:wifi certification version: v7.0
1791632865.750 I (1263) wifi:config NVS flash: disabled
1791632865.750 I (1267) wifi:config nano formatting: disabled
1791632865.750 I (1271) wifi:Init data frame dynamic rx buffer num: 16
1791632865.750 I (1276) wifi:Init static rx mgmt buffer num: 5
1791632865.750 I (1280) wifi:Init management short buffer num: 32
1791632865.750 I (1285) wifi:Init dynamic tx buffer num: 32
1791632865.750 I (1289) wifi:Init static tx FG buffer num: 2
1791632865.750 I (1293) wifi:Init static rx buffer size: 1600
1791632865.750 I (1297) wifi:Init static rx buffer num: 6
1791632865.750 I (1301) wifi:Init dynamic rx buffer num: 16
1791632865.750 I (1306) wifi_init: accept mbox: 6
1791632865.750 I (1308) wifi_init: tcpip mbox: 32
1791632865.750 I (1311) wifi_init: udp mbox: 6
1791632865.750 I (1314) wifi_init: tcp mbox: 6
1791632865.750 I (1317) wifi_init: tcp tx win: 5760
1791632865.750 I (1320) wifi_init: tcp rx win: 5760
1791632865.750 I (1324) wifi_init: tcp mss: 1440
1791632865.750 I (1327) wifi_init: WiFi IRAM OP enabled
1791632865.750 I (1330) wifi_init: WiFi RX IRAM OP enabled
1791632865.750 I (1335) phy_init: phy_version 712,87e8c20e,Apr 13 2026,18:51:10
1791632865.750 I (1379) wifi:mode : sta (b8:1f:3f:da:63:00)
1791632865.750 I (1379) wifi:enable tsf
1791632865.750 I (1381) wifi:Set ps type: 0, coexist: 0
1791632865.750 
1791632865.750 I (1383) ESPNOW: espnow [version: 2.0] init
1791632865.750 I (1383) pot.espnow: esp-now v2 up on channel 1, mac b8:1f:3f:da:63:00
1791632865.750 I (1390) pot.epoch: boot epoch 243
1791632865.750 I (1392) pot.m0: namespace: 6 resources declared
1791632865.750 I (1397) pot.serial: frame link on UART1, tx=17 rx=18, 921600 baud
1791632865.750 I (1403) pot.m0: status LED on GPIO48 and GPIO38; self-test red, green, blue
1791632867.555 I (2912) pot.m0: deploy: image counter 24, digest 682b3a05..., 1 actor(s) in the image
1791632867.555 I (2912) pot.m0: deploy: boot confirmed, running slot A, trial boot 0/3, counter 24
1791632867.555 I (2917) pot.m0: fw: running ota_0 (deploy-and-detach-162-g6aafa26-), counter 2, floor 0, ON TRIAL; spare slot ota_1, 2048 KB
1791632867.555 I (2927) pot.m0: reconciler: 1 portable actor(s)
1791632867.555 {"t":"enrol","node":25344,"pub":"b8bc667283c59cc9c247fcaa4d4202779018c9532e92329507b8eaf3f19af4ea","enrolled":1,"ca_fp":"ef76cc2e"}
1791632867.555 I (2943) pot.m0: auth: enrolled, required
1791632867.555 I (2947) pot.m0: Potluck M0 node 0x6300 epoch 243, heartbeat 100 ms x 6 misses = 600 ms
1791632867.555 I (2955) main_task: Returned from app_main()
1791632867.555 {"t":"boot","node":25344,"epoch":243,"mac":"b8:1f:3f:da:63:00","espnow_ver":2,"chan":1,"hb_period_ms":100,"hb_miss_limit":6,"fw":"deploy-and-detach-162-g6aafa26-","idf":"v6.0.2","dram":{"at_boot":288335,"after_nvs":288335,"after_netif":280519,"after_wifi_init":249967,"after_wifi_start":248263,"after_espnow":248111,"largest_block":172032,"wifi_stack":32256,"espnow":152,"total_to_radio":40224}}
1791632867.555 I (2998) pot.m0: beacon mode: broadcast_beacon
1791632867.555 I (3128) pot.m0: discovered peer 0x7368
1791632867.555 I (3129) pot.m0: peer 0x7368 pinned to ESP-NOW v2, payload cap 1446 B
1791632867.555 I (3215) pot.m0: discovered peer 0x8160
1791632867.555 I (3216) pot.m0: peer 0x8160 pinned to ESP-NOW v2, payload cap 1446 B
1791632877.537 {"t":"clk","node":25344,"up_ms":11818}
1791632877.537 {"t":"led","node":25344,"shows":"green","app":0}
1791632877.537 {"t":"event","at_ms":1946,"node":25344,"kind":"peer_discovered","peer":29544,"slot":0,"a":170,"b":0}
1791632877.537 {"t":"event","at_ms":1947,"node":25344,"kind":"version_pinned","peer":29544,"slot":0,"a":2,"b":1446}
1791632877.537 {"t":"event","at_ms":1949,"node":25344,"kind":"peer_alive","peer":29544,"slot":0,"a":0,"b":0}
1791632877.537 {"t":"event","at_ms":1950,"node":25344,"kind":"peer_admitted","peer":29544,"slot":0,"a":0,"b":0}
1791632877.537 {"t":"event","at_ms":2033,"node":25344,"kind":"peer_discovered","peer":33120,"slot":1,"a":282,"b":0}
1791632877.537 {"t":"event","at_ms":2034,"node":25344,"kind":"version_pinned","peer":33120,"slot":1,"a":2,"b":1446}
1791632877.537 {"t":"event","at_ms":2035,"node":25344,"kind":"peer_alive","peer":33120,"slot":1,"a":0,"b":0}
1791632877.537 {"t":"event","at_ms":2037,"node":25344,"kind":"peer_admitted","peer":33120,"slot":1,"a":0,"b":0}
1791632877.537 {"t":"event","at_ms":2041,"node":25344,"kind":"actor_owner","peer":29544,"slot":255,"a":1245650351,"b":6}
1791632877.537 {"t":"event","at_ms":2748,"node":25344,"kind":"peer_admitted","peer":29544,"slot":0,"a":0,"b":0}
1791632877.537 {"t":"event","at_ms":3199,"node":25344,"kind":"peer_admitted","peer":33120,"slot":1,"a":0,"b":0}
1791632877.537 {"t":"event","at_ms":4748,"node":25344,"kind":"peer_admitted","peer":29544,"slot":0,"a":0,"b":0}
1791632877.537 {"t":"event","at_ms":5198,"node":25344,"kind":"peer_admitted","peer":33120,"slot":1,"a":0,"b":0}
1791632877.537 {"t":"event","at_ms":6748,"node":25344,"kind":"peer_admitted","peer":29544,"slot":0,"a":0,"b":0}
1791632877.537 I (13183) pot.m0: fw: trial passed after 100 heartbeats with 2 radio peer(s) - counter 2 CONFIRMED
1791632877.537 {"t":"event","at_ms":7199,"node":25344,"kind":"peer_admitted","peer":33120,"slot":1,"a":0,"b":0}
1791632877.537 {"t":"event","at_ms":7812,"node":25344,"kind":"actor_owner","peer":0,"slot":255,"a":1245650351,"b":0}
1791632877.537 {"t":"event","at_ms":7813,"node":25344,"kind":"actor_started","peer":25344,"slot":255,"a":1245650351,"b":7}
1791632877.537 {"t":"event","at_ms":7813,"node":25344,"kind":"actor_owner","peer":25344,"slot":255,"a":1245650351,"b":7}
1791632877.537 {"t":"event","at_ms":8748,"node":25344,"kind":"peer_admitted","peer":29544,"slot":0,"a":0,"b":0}
1791632877.537 {"t":"event","at_ms":9199,"node":25344,"kind":"peer_admitted","peer":33120,"slot":1,"a":0,"b":0}
1791632877.537 {"t":"event","at_ms":10748,"node":25344,"kind":"peer_admitted","peer":29544,"slot":0,"a":0,"b":0}
1791632877.537 {"t":"event","at_ms":11199,"node":25344,"kind":"peer_admitted","peer":33120,"slot":1,"a":0,"b":0}
1791632877.537 {"t":"link","up_ms":12073,"node":25344,"peer":29544,"mac":"b8:1f:3f:da:73:68","state":"alive","epoch":170,"espnow_ver":2,"mtu":1446,"misses":0,"rssi":-29,"tx":{"frames":38,"cb_ok":38,"cb_fail":0,"enqueue_err":0,"pdr_ppm":1000000},"rx":{"frames":147,"lost_seqgap":0,"reorder_dup":0,"dropped_bad":0,"hb_lost":0,"bcast_frames":101,"pdr_ppm":1000000},"rtt":{"samples":5,"min_us":5430,"max_us":5825,"timeouts":0,"txq_last_us":0,"txq_max_us":0,"remote_turnaround_us":704,"remote_turnaround_max_us":949,"p50_us":[4000,6000],"p99_us":[4000,6000],"hist":[0,0,0,0,5,0,0,0,0,0,0,0,0,0,0,0]}}
1791632877.537 {"t":"link","up_ms":12126,"node":25344,"peer":33120,"mac":"b8:1f:3f:da:81:60","state":"alive","epoch":282,"espnow_ver":2,"mtu":1446,"misses":0,"rssi":-22,"tx":{"frames":39,"cb_ok":39,"cb_fail":0,"enqueue_err":0,"pdr_ppm":1000000},"rx":{"frames":146,"lost_seqgap":2,"reorder_dup":0,"dropped_bad":0,"hb_lost":1,"bcast_frames":102,"pdr_ppm":986486},"rtt":{"samples":5,"min_us":5839,"max_us":8104,"timeouts":0,"txq_last_us":0,"txq_max_us":0,"remote_turnaround_us":992,"remote_turnaround_max_us":992,"p50_us":[4000,6000],"p99_us":[8000,11000],"hist":[0,0,0,0,3,1,1,0,0,0,0,0,0,0,0,0]}}
1791632877.537 {"t":"auth","node":25344,"up_ms":12180,"enrolled":1,"required":1,"verified_peers":2,"verified":2,"cache_hits":10,"refused":0,"rate_limited":0,"stale_epoch":0,"verify_us_max":80307,"link_stack_free_b":1028,"crypto_stack_free_b":1268,"tags_ok":78,"bad_tag":0,"replayed":0,"untagged":0,"bcast_dropped":0,"beacon_epoch_ignored":0,"tag_us_max":1037}
1791632877.537 {"t":"act","node":25344,"setpoint":0,"has_value":0,"writes_served":0}
1791632877.965 {"t":"peers","node":25344,"own_period_ms":100,"own_busy":0,"channel":1,"scanning":0,"scans":0,"hops":0,"found":0,"lost_to_found_ms":0,"moves_followed":0,"moves_refused":0,"sweeps":0,"sweep_found":0,"sweeping":0,"search_visits":0,"relay":0,"fwd_u":0,"fwd_b":0,"fwd_h":0,"relay_dup":107,"list":[{"id":29544,"state":"alive","via_relay":0,"period_ms":100,"misses":6,"busy":1,"rtt_n":5},{"id":33120,"state":"alive","via_relay":0,"period_ms":100,"misses":6,"busy":0,"rtt_n":5}]}
1791632877.965 {"t":"ss","node":25344,"accepted":0,"unsigned":0,"unknown_sender":0,"bad_signature":0,"replayed":0,"rate_limited":0,"verify_us_max":0,"floors":[]}
1791632877.965 {"t":"rec","node":25344,"up_ms":12264,"settled":1,"sent":46,"received":42,"malformed":0,"views":1,"replies_fenced":0,"actors":[{"key":1245650351,"running":1,"term":7,"owner":25344,"owner_term":7,"assigned":25344,"starts":1,"fenced":0,"released":0}]}
1791632877.965 {"t":"node","up_ms":12290,"node":25344,"epoch":243,"peers_alive":2,"peers_dead":0,"no_radio":0,"free_dram":250307,"largest_block":172032,"rx":{"total":631,"bad_frame":0,"unknown_peer":116,"wrong_dst":0,"short_payload":0,"unknown_opcode":0,"queue_dropped":52},"tx":{"total":190,"enqueue_err":0,"done_queue_dropped":0},"membership":{"deaths":0,"revivals":0,"reboots_seen":0,"table_full":0,"events_dropped":0}}
1791632877.965 {"t":"ns","node":25344,"hash":2410274060,"owner":25344,"kind":"sampled","unit":100,"class":4,"bound_ms":0,"quality":"GOOD","age_ms":499,"ts":11820,"updates":1,"value":243}
1791632877.965 {"t":"ns","node":25344,"hash":1274253983,"owner":25344,"kind":"sampled","unit":0,"class":4,"bound_ms":5000,"quality":"GOOD","age_ms":524,"ts":11820,"updates":1,"value":-29}
1791632877.965 {"t":"ns","node":25344,"hash":3354298913,"owner":25344,"kind":"sampled","unit":100,"class":4,"bound_ms":5000,"quality":"GOOD","age_ms":538,"ts":11820,"updates":1,"value":2}
1791632877.965 {"t":"ns","node":25344,"hash":1771187623,"owner":25344,"kind":"sampled","unit":101,"class":4,"bound_ms":30000,"quality":"GOOD","age_ms":552,"ts":11820,"updates":1,"value":250307}
1791632877.965 {"t":"ns","node":25344,"hash":1245650351,"owner":25344,"kind":"sampled","unit":0,"class":3,"bound_ms":500,"quality":"GOOD","age_ms":46,"ts":12340,"updates":46,"value":1660944430}
1791632877.965 {"t":"ns","node":25344,"hash":2033492666,"owner":25344,"kind":"sampled","unit":0,"class":3,"bound_ms":0,"quality":"NO_DATA","age_ms":0,"ts":0,"updates":0,"value":null}
1791632877.965 {"t":"ns","node":25344,"hash":4103947588,"owner":25344,"kind":"sampled","unit":80,"class":4,"bound_ms":30000,"quality":"GOOD","age_ms":594,"ts":11820,"updates":1,"value":11}
1791632877.965 {"t":"ns","node":25344,"hash":1662441583,"owner":25344,"kind":"sampled","unit":101,"class":4,"bound_ms":30000,"quality":"GOOD","age_ms":608,"ts":11820,"updates":1,"value":172032}
1791632888.105 {"t":"clk","node":25344,"up_ms":22443}
1791632888.105 {"t":"led","node":25344,"shows":"green","app":0}
1791632888.105 {"t":"event","at_ms":12749,"node":25344,"kind":"peer_admitted","peer":29544,"slot":0,"a":0,"b":0}
1791632888.105 {"t":"event","at_ms":13199,"node":25344,"kind":"peer_admitted","peer":33120,"slot":1,"a":0,"b":0}
1791632888.105 {"t":"event","at_ms":14751,"node":25344,"kind":"peer_admitted","peer":29544,"slot":0,"a":0,"b":0}
1791632888.105 {"t":"event","at_ms":15199,"node":25344,"kind":"peer_admitted","peer":33120,"slot":1,"a":0,"b":0}
1791632888.105 {"t":"event","at_ms":16748,"node":25344,"kind":"peer_admitted","peer":29544,"slot":0,"a":0,"b":0}
1791632888.105 {"t":"event","at_ms":17199,"node":25344,"kind":"peer_admitted","peer":33120,"slot":1,"a":0,"b":0}
1791632888.105 {"t":"event","at_ms":18748,"node":25344,"kind":"peer_admitted","peer":29544,"slot":0,"a":0,"b":0}
1791632888.105 {"t":"event","at_ms":19198,"node":25344,"kind":"peer_admitted","peer":33120,"slot":1,"a":0,"b":0}
1791632888.105 {"t":"event","at_ms":20748,"node":25344,"kind":"peer_admitted","peer":29544,"slot":0,"a":0,"b":0}
1791632888.105 {"t":"event","at_ms":21198,"node":25344,"kind":"peer_admitted","peer":33120,"slot":1,"a":0,"b":0}
1791632888.105 {"t":"link","up_ms":22527,"node":25344,"peer":29544,"mac":"b8:1f:3f:da:73:68","state":"alive","epoch":170,"espnow_ver":2,"mtu":1446,"misses":0,"rssi":-30,"tx":{"frames":74,"cb_ok":74,"cb_fail":0,"enqueue_err":0,"pdr_ppm":1000000},"rx":{"frames":292,"lost_seqgap":0,"reorder_dup":0,"dropped_bad":0,"hb_lost":0,"bcast_frames":206,"pdr_ppm":1000000},"rtt":{"samples":10,"min_us":5371,"max_us":6409,"timeouts":0,"txq_last_us":2813,"txq_max_us":2813,"remote_turnaround_us":835,"remote_turnaround_max_us":1032,"p50_us":[4000,6000],"p99_us":[6000,8000],"hist":[0,0,0,0,9,1,0,0,0,0,0,0,0,0,0,0]}}
1791632888.105 {"t":"link","up_ms":22581,"node":25344,"peer":33120,"mac":"b8:1f:3f:da:81:60","state":"alive","epoch":282,"espnow_ver":2,"mtu":1446,"misses":0,"rssi":-22,"tx":{"frames":75,"cb_ok":75,"cb_fail":0,"enqueue_err":0,"pdr_ppm":1000000},"rx":{"frames":292,"lost_seqgap":2,"reorder_dup":0,"dropped_bad":0,"hb_lost":1,"bcast_frames":207,"pdr_ppm":993197},"rtt":{"samples":10,"min_us":5839,"max_us":8104,"timeouts":0,"txq_last_us":0,"txq_max_us":0,"remote_turnaround_us":969,"remote_turnaround_max_us":992,"p50_us":[4000,6000],"p99_us":[8000,11000],"hist":[0,0,0,0,8,1,1,0,0,0,0,0,0,0,0,0]}}
1791632888.105 {"t":"auth","node":25344,"up_ms":22635,"enrolled":1,"required":1,"verified_peers":2,"verified":2,"cache_hits":20,"refused":0,"rate_limited":0,"stale_epoch":0,"verify_us_max":80307,"link_stack_free_b":1028,"crypto_stack_free_b":1268,"tags_ok":150,"bad_tag":0,"replayed":0,"untagged":0,"bcast_dropped":0,"beacon_epoch_ignored":0,"tag_us_max":1037}
1791632888.105 {"t":"act","node":25344,"setpoint":0,"has_value":0,"writes_served":0}
1791632888.105 {"t":"peers","node":25344,"own_period_ms":100,"own_busy":0,"channel":1,"scanning":0,"scans":0,"hops":0,"found":0,"lost_to_found_ms":0,"moves_followed":0,"moves_refused":0,"sweeps":0,"sweep_found":0,"sweeping":0,"search_visits":0,"relay":0,"fwd_u":0,"fwd_b":0,"fwd_h":0,"relay_dup":216,"list":[{"id":29544,"state":"alive","via_relay":0,"period_ms":100,"misses":6,"busy":1,"rtt_n":10},{"id":33120,"state":"alive","via_relay":0,"period_ms":100,"misses":6,"busy":0,"rtt_n":10}]}
1791632888.105 {"t":"ss","node":25344,"accepted":0,"unsigned":0,"unknown_sender":0,"bad_signature":0,"replayed":0,"rate_limited":0,"verify_us_max":0,"floors":[]}
1791632888.105 {"t":"rec","node":25344,"up_ms":22719,"settled":1,"sent":88,"received":84,"malformed":0,"views":1,"replies_fenced":0,"actors":[{"key":1245650351,"running":1,"term":7,"owner":25344,"owner_term":7,"assigned":25344,"starts":1,"fenced":0,"released":0}]}
1791632888.105 {"t":"node","up_ms":22745,"node":25344,"epoch":243,"peers_alive":2,"peers_dead":0,"no_radio":0,"free_dram":250307,"largest_block":172032,"rx":{"total":1242,"bad_frame":0,"unknown_peer":216,"wrong_dst":0,"short_payload":0,"unknown_opcode":0,"queue_dropped":52},"tx":{"total":372,"enqueue_err":0,"done_queue_dropped":0},"membership":{"deaths":0,"revivals":0,"reboots_seen":0,"table_full":0,"events_dropped":0}}
1791632888.421 {"t":"ns","node":25344,"hash":2410274060,"owner":25344,"kind":"sampled","unit":100,"class":4,"bound_ms":0,"quality":"GOOD","age_ms":341,"ts":22444,"updates":2,"value":243}
1791632888.421 {"t":"ns","node":25344,"hash":1274253983,"owner":25344,"kind":"sampled","unit":0,"class":4,"bound_ms":5000,"quality":"GOOD","age_ms":354,"ts":22445,"updates":2,"value":-30}
1791632888.421 {"t":"ns","node":25344,"hash":3354298913,"owner":25344,"kind":"sampled","unit":100,"class":4,"bound_ms":5000,"quality":"GOOD","age_ms":368,"ts":22445,"updates":2,"value":2}
1791632888.421 {"t":"ns","node":25344,"hash":1771187623,"owner":25344,"kind":"sampled","unit":101,"class":4,"bound_ms":30000,"quality":"GOOD","age_ms":383,"ts":22444,"updates":2,"value":250307}
1791632888.421 {"t":"ns","node":25344,"hash":1245650351,"owner":25344,"kind":"sampled","unit":0,"class":3,"bound_ms":500,"quality":"GOOD","age_ms":1,"ts":22840,"updates":151,"value":1660944535}
1791632888.421 {"t":"ns","node":25344,"hash":2033492666,"owner":25344,"kind":"sampled","unit":0,"class":3,"bound_ms":0,"quality":"NO_DATA","age_ms":0,"ts":0,"updates":0,"value":null}
1791632888.421 {"t":"ns","node":25344,"hash":4103947588,"owner":25344,"kind":"sampled","unit":80,"class":4,"bound_ms":30000,"quality":"GOOD","age_ms":425,"ts":22444,"updates":2,"value":22}
1791632888.421 {"t":"ns","node":25344,"hash":1662441583,"owner":25344,"kind":"sampled","unit":101,"class":4,"bound_ms":30000,"quality":"GOOD","age_ms":440,"ts":22444,"updates":2,"value":172032}
1791632898.562 {"t":"clk","node":25344,"up_ms":32899}
1791632898.562 {"t":"led","node":25344,"shows":"green","app":0}
1791632898.562 {"t":"event","at_ms":22749,"node":25344,"kind":"peer_admitted","peer":29544,"slot":0,"a":0,"b":0}
1791632898.562 {"t":"event","at_ms":23199,"node":25344,"kind":"peer_admitted","peer":33120,"slot":1,"a":0,"b":0}
1791632898.562 {"t":"event","at_ms":24749,"node":25344,"kind":"peer_admitted","peer":29544,"slot":0,"a":0,"b":0}
1791632898.562 {"t":"event","at_ms":25199,"node":25344,"kind":"peer_admitted","peer":33120,"slot":1,"a":0,"b":0}
1791632898.562 {"t":"event","at_ms":26748,"node":25344,"kind":"peer_admitted","peer":29544,"slot":0,"a":0,"b":0}
1791632898.562 {"t":"event","at_ms":27198,"node":25344,"kind":"peer_admitted","peer":33120,"slot":1,"a":0,"b":0}
1791632898.562 {"t":"event","at_ms":28773,"node":25344,"kind":"peer_admitted","peer":29544,"slot":0,"a":0,"b":0}
1791632898.562 {"t":"event","at_ms":29198,"node":25344,"kind":"peer_admitted","peer":33120,"slot":1,"a":0,"b":0}
1791632898.562 {"t":"event","at_ms":30749,"node":25344,"kind":"peer_admitted","peer":29544,"slot":0,"a":0,"b":0}
1791632898.562 {"t":"event","at_ms":31198,"node":25344,"kind":"peer_admitted","peer":33120,"slot":1,"a":0,"b":0}
1791632898.562 {"t":"event","at_ms":32749,"node":25344,"kind":"peer_admitted","peer":29544,"slot":0,"a":0,"b":0}
1791632898.562 {"t":"link","up_ms":32997,"node":25344,"peer":29544,"mac":"b8:1f:3f:da:73:68","state":"alive","epoch":170,"espnow_ver":2,"mtu":1446,"misses":0,"rssi":-30,"tx":{"frames":112,"cb_ok":112,"cb_fail":0,"enqueue_err":0,"pdr_ppm":1000000},"rx":{"frames":439,"lost_seqgap":0,"reorder_dup":0,"dropped_bad":0,"hb_lost":1,"bcast_frames":310,"pdr_ppm":1000000},"rtt":{"samples":16,"min_us":5371,"max_us":17101,"timeouts":0,"txq_last_us":5164,"txq_max_us":5164,"remote_turnaround_us":763,"remote_turnaround_max_us":1032,"p50_us":[4000,6000],"p99_us":[16000,22000],"hist":[0,0,0,0,12,2,0,1,1,0,0,0,0,0,0,0]}}
1791632898.562 {"t":"link","up_ms":33051,"node":25344,"peer":33120,"mac":"b8:1f:3f:da:81:60","state":"alive","epoch":282,"espnow_ver":2,"mtu":1446,"misses":0,"rssi":-22,"tx":{"frames":111,"cb_ok":111,"cb_fail":0,"enqueue_err":0,"pdr_ppm":1000000},"rx":{"frames":438,"lost_seqgap":2,"reorder_dup":0,"dropped_bad":0,"hb_lost":1,"bcast_frames":312,"pdr_ppm":995454},"rtt":{"samples":15,"min_us":5839,"max_us":8104,"timeouts":0,"txq_last_us":0,"txq_max_us":0,"remote_turnaround_us":974,"remote_turnaround_max_us":992,"p50_us":[4000,6000],"p99_us":[8000,11000],"hist":[0,0,0,0,13,1,1,0,0,0,0,0,0,0,0,0]}}
1791632898.562 {"t":"auth","node":25344,"up_ms":33094,"enrolled":1,"required":1,"verified_peers":2,"verified":2,"cache_hits":31,"refused":0,"rate_limited":0,"stale_epoch":0,"verify_us_max":80307,"link_stack_free_b":1028,"crypto_stack_free_b":1268,"tags_ok":223,"bad_tag":0,"replayed":0,"untagged":0,"bcast_dropped":0,"beacon_epoch_ignored":0,"tag_us_max":1037}
1791632898.562 {"t":"act","node":25344,"setpoint":0,"has_value":0,"writes_served":0}
1791632898.562 {"t":"peers","node":25344,"own_period_ms":100,"own_busy":0,"channel":1,"scanning":0,"scans":0,"hops":0,"found":0,"lost_to_found_ms":0,"moves_followed":0,"moves_refused":0,"sweeps":0,"sweep_found":0,"sweeping":0,"search_visits":0,"relay":0,"fwd_u":0,"fwd_b":0,"fwd_h":0,"relay_dup":325,"list":[{"id":29544,"state":"alive","via_relay":0,"period_ms":100,"misses":6,"busy":1,"rtt_n":16},{"id":33120,"state":"alive","via_relay":0,"period_ms":100,"misses":6,"busy":0,"rtt_n":15}]}
1791632898.562 {"t":"ss","node":25344,"accepted":0,"unsigned":0,"unknown_sender":0,"bad_signature":0,"replayed":0,"rate_limited":0,"verify_us_max":0,"floors":[]}
1791632898.562 {"t":"rec","node":25344,"up_ms":33189,"settled":1,"sent":130,"received":126,"malformed":0,"views":1,"replies_fenced":0,"actors":[{"key":1245650351,"running":1,"term":7,"owner":25344,"owner_term":7,"assigned":25344,"starts":1,"fenced":0,"released":0}]}
1791632898.562 {"t":"node","up_ms":33216,"node":25344,"epoch":243,"peers_alive":2,"peers_dead":0,"no_radio":0,"free_dram":250307,"largest_block":172032,"rx":{"total":1853,"bad_frame":0,"unknown_peer":316,"wrong_dst":0,"short_payload":0,"unknown_opcode":0,"queue_dropped":52},"tx":{"total":557,"enqueue_err":0,"done_queue_dropped":0},"membership":{"deaths":0,"revivals":0,"reboots_seen":0,"table_full":0,"events_dropped":0}}
1791632898.885 {"t":"ns","node":25344,"hash":2410274060,"owner":25344,"kind":"sampled","unit":100,"class":4,"bound_ms":0,"quality":"GOOD","age_ms":345,"ts":32900,"updates":3,"value":243}
1791632898.885 {"t":"ns","node":25344,"hash":1274253983,"owner":25344,"kind":"sampled","unit":0,"class":4,"bound_ms":5000,"quality":"GOOD","age_ms":358,"ts":32901,"updates":3,"value":-29}
1791632898.885 {"t":"ns","node":25344,"hash":3354298913,"owner":25344,"kind":"sampled","unit":100,"class":4,"bound_ms":5000,"quality":"GOOD","age_ms":372,"ts":32901,"updates":3,"value":2}
1791632898.885 {"t":"ns","node":25344,"hash":1771187623,"owner":25344,"kind":"sampled","unit":101,"class":4,"bound_ms":30000,"quality":"GOOD","age_ms":386,"ts":32900,"updates":3,"value":250307}
1791632898.885 {"t":"ns","node":25344,"hash":1245650351,"owner":25344,"kind":"sampled","unit":0,"class":3,"bound_ms":500,"quality":"GOOD","age_ms":72,"ts":33240,"updates":255,"value":1660944639}
1791632898.885 {"t":"ns","node":25344,"hash":2033492666,"owner":25344,"kind":"sampled","unit":0,"class":3,"bound_ms":0,"quality":"NO_DATA","age_ms":0,"ts":0,"updates":0,"value":null}
1791632898.885 {"t":"ns","node":25344,"hash":4103947588,"owner":25344,"kind":"sampled","unit":80,"class":4,"bound_ms":30000,"quality":"GOOD","age_ms":440,"ts":32900,"updates":3,"value":32}
1791632898.885 {"t":"ns","node":25344,"hash":1662441583,"owner":25344,"kind":"sampled","unit":101,"class":4,"bound_ms":30000,"quality":"GOOD","age_ms":455,"ts":32900,"updates":3,"value":172032}
1791632909.032 {"t":"clk","node":25344,"up_ms":43370}
1791632909.032 {"t":"led","node":25344,"shows":"green","app":0}
1791632909.032 {"t":"event","at_ms":33198,"node":25344,"kind":"peer_admitted","peer":33120,"slot":1,"a":0,"b":0}
1791632909.032 {"t":"event","at_ms":34749,"node":25344,"kind":"peer_admitted","peer":29544,"slot":0,"a":0,"b":0}
1791632909.032 {"t":"event","at_ms":35198,"node":25344,"kind":"peer_admitted","peer":33120,"slot":1,"a":0,"b":0}
1791632909.032 {"t":"event","at_ms":36749,"node":25344,"kind":"peer_admitted","peer":29544,"slot":0,"a":0,"b":0}
1791632909.032 {"t":"event","at_ms":37198,"node":25344,"kind":"peer_admitted","peer":33120,"slot":1,"a":0,"b":0}
1791632909.032 {"t":"event","at_ms":38749,"node":25344,"kind":"peer_admitted","peer":29544,"slot":0,"a":0,"b":0}
1791632909.032 {"t":"event","at_ms":39198,"node":25344,"kind":"peer_admitted","peer":33120,"slot":1,"a":0,"b":0}
1791632909.032 {"t":"event","at_ms":40749,"node":25344,"kind":"peer_admitted","peer":29544,"slot":0,"a":0,"b":0}
1791632909.032 {"t":"event","at_ms":41198,"node":25344,"kind":"peer_admitted","peer":33120,"slot":1,"a":0,"b":0}
1791632909.032 {"t":"event","at_ms":42749,"node":25344,"kind":"peer_admitted","peer":29544,"slot":0,"a":0,"b":0}
1791632909.032 {"t":"event","at_ms":43199,"node":25344,"kind":"peer_admitted","peer":33120,"slot":1,"a":0,"b":0}
1791632909.032 {"t":"link","up_ms":43468,"node":25344,"peer":29544,"mac":"b8:1f:3f:da:73:68","state":"alive","epoch":170,"espnow_ver":2,"mtu":1446,"misses":0,"rssi":-30,"tx":{"frames":148,"cb_ok":148,"cb_fail":0,"enqueue_err":0,"pdr_ppm":1000000},"rx":{"frames":584,"lost_seqgap":0,"reorder_dup":0,"dropped_bad":0,"hb_lost":1,"bcast_frames":414,"pdr_ppm":1000000},"rtt":{"samples":21,"min_us":5371,"max_us":17101,"timeouts":0,"txq_last_us":5164,"txq_max_us":5164,"remote_turnaround_us":705,"remote_turnaround_max_us":1032,"p50_us":[4000,6000],"p99_us":[16000,22000],"hist":[0,0,0,0,17,2,0,1,1,0,0,0,0,0,0,0]}}
1791632909.032 {"t":"link","up_ms":43522,"node":25344,"peer":33120,"mac":"b8:1f:3f:da:81:60","state":"alive","epoch":282,"espnow_ver":2,"mtu":1446,"misses":0,"rssi":-22,"tx":{"frames":149,"cb_ok":149,"cb_fail":0,"enqueue_err":0,"pdr_ppm":1000000},"rx":{"frames":585,"lost_seqgap":2,"reorder_dup":0,"dropped_bad":0,"hb_lost":1,"bcast_frames":416,"pdr_ppm":996592},"rtt":{"samples":20,"min_us":5822,"max_us":8104,"timeouts":0,"txq_last_us":4440,"txq_max_us":4440,"remote_turnaround_us":1068,"remote_turnaround_max_us":1068,"p50_us":[4000,6000],"p99_us":[8000,11000],"hist":[0,0,0,0,16,3,1,0,0,0,0,0,0,0,0,0]}}
1791632909.032 {"t":"auth","node":25344,"up_ms":43565,"enrolled":1,"required":1,"verified_peers":2,"verified":2,"cache_hits":42,"refused":0,"rate_limited":0,"stale_epoch":0,"verify_us_max":80307,"link_stack_free_b":1028,"crypto_stack_free_b":1268,"tags_ok":295,"bad_tag":0,"replayed":0,"untagged":0,"bcast_dropped":0,"beacon_epoch_ignored":0,"tag_us_max":1037}
1791632909.032 {"t":"act","node":25344,"setpoint":0,"has_value":0,"writes_served":0}
1791632909.032 {"t":"peers","node":25344,"own_period_ms":100,"own_busy":0,"channel":1,"scanning":0,"scans":0,"hops":0,"found":0,"lost_to_found_ms":0,"moves_followed":0,"moves_refused":0,"sweeps":0,"sweep_found":0,"sweeping":0,"search_visits":0,"relay":0,"fwd_u":0,"fwd_b":0,"fwd_h":0,"relay_dup":435,"list":[{"id":29544,"state":"alive","via_relay":0,"period_ms":100,"misses":6,"busy":1,"rtt_n":21},{"id":33120,"state":"alive","via_relay":0,"period_ms":100,"misses":6,"busy":0,"rtt_n":20}]}
1791632909.032 {"t":"ss","node":25344,"accepted":0,"unsigned":0,"unknown_sender":0,"bad_signature":0,"replayed":0,"rate_limited":0,"verify_us_max":0,"floors":[]}
1791632909.032 {"t":"rec","node":25344,"up_ms":43659,"settled":1,"sent":172,"received":168,"malformed":0,"views":1,"replies_fenced":0,"actors":[{"key":1245650351,"running":1,"term":7,"owner":25344,"owner_term":7,"assigned":25344,"starts":1,"fenced":0,"released":0}]}
1791632909.032 {"t":"node","up_ms":43685,"node":25344,"epoch":243,"peers_alive":2,"peers_dead":0,"no_radio":0,"free_dram":250307,"largest_block":172032,"rx":{"total":2464,"bad_frame":0,"unknown_peer":416,"wrong_dst":0,"short_payload":0,"unknown_opcode":0,"queue_dropped":52},"tx":{"total":740,"enqueue_err":0,"done_queue_dropped":0},"membership":{"deaths":0,"revivals":0,"reboots_seen":0,"table_full":0,"events_dropped":0}}
1791632909.354 {"t":"ns","node":25344,"hash":2410274060,"owner":25344,"kind":"sampled","unit":100,"class":4,"bound_ms":0,"quality":"GOOD","age_ms":343,"ts":43371,"updates":4,"value":243}
1791632909.354 {"t":"ns","node":25344,"hash":1274253983,"owner":25344,"kind":"sampled","unit":0,"class":4,"bound_ms":5000,"quality":"GOOD","age_ms":356,"ts":43372,"updates":4,"value":-30}
1791632909.354 {"t":"ns","node":25344,"hash":3354298913,"owner":25344,"kind":"sampled","unit":100,"class":4,"bound_ms":5000,"quality":"GOOD","age_ms":381,"ts":43372,"updates":4,"value":2}
1791632909.354 {"t":"ns","node":25344,"hash":1771187623,"owner":25344,"kind":"sampled","unit":101,"class":4,"bound_ms":30000,"quality":"GOOD","age_ms":396,"ts":43371,"updates":4,"value":250307}
1791632909.354 {"t":"ns","node":25344,"hash":1245650351,"owner":25344,"kind":"sampled","unit":0,"class":3,"bound_ms":500,"quality":"GOOD","age_ms":42,"ts":43740,"updates":360,"value":1660944744}
1791632909.354 {"t":"ns","node":25344,"hash":2033492666,"owner":25344,"kind":"sampled","unit":0,"class":3,"bound_ms":0,"quality":"NO_DATA","age_ms":0,"ts":0,"updates":0,"value":null}
1791632909.354 {"t":"ns","node":25344,"hash":4103947588,"owner":25344,"kind":"sampled","unit":80,"class":4,"bound_ms":30000,"quality":"GOOD","age_ms":439,"ts":43371,"updates":4,"value":43}
1791632909.354 {"t":"ns","node":25344,"hash":1662441583,"owner":25344,"kind":"sampled","unit":101,"class":4,"bound_ms":30000,"quality":"GOOD","age_ms":453,"ts":43371,"updates":4,"value":172032}
1791632919.500 {"t":"clk","node":25344,"up_ms":53839}
1791632919.500 {"t":"led","node":25344,"shows":"green","app":0}
1791632919.500 {"t":"event","at_ms":44749,"node":25344,"kind":"peer_admitted","peer":29544,"slot":0,"a":0,"b":0}
1791632919.500 {"t":"event","at_ms":45198,"node":25344,"kind":"peer_admitted","peer":33120,"slot":1,"a":0,"b":0}
1791632919.500 {"t":"event","at_ms":46749,"node":25344,"kind":"peer_admitted","peer":29544,"slot":0,"a":0,"b":0}
1791632919.500 {"t":"event","at_ms":47198,"node":25344,"kind":"peer_admitted","peer":33120,"slot":1,"a":0,"b":0}
1791632919.500 {"t":"event","at_ms":48749,"node":25344,"kind":"peer_admitted","peer":29544,"slot":0,"a":0,"b":0}
1791632919.501 {"t":"event","at_ms":49198,"node":25344,"kind":"peer_admitted","peer":33120,"slot":1,"a":0,"b":0}
1791632919.501 {"t":"event","at_ms":50749,"node":25344,"kind":"peer_admitted","peer":29544,"slot":0,"a":0,"b":0}
1791632919.501 {"t":"event","at_ms":51198,"node":25344,"kind":"peer_admitted","peer":33120,"slot":1,"a":0,"b":0}
1791632919.501 {"t":"event","at_ms":52749,"node":25344,"kind":"peer_admitted","peer":29544,"slot":0,"a":0,"b":0}
1791632919.501 {"t":"event","at_ms":53198,"node":25344,"kind":"peer_admitted","peer":33120,"slot":1,"a":0,"b":0}
1791632919.501 {"t":"link","up_ms":53925,"node":25344,"peer":29544,"mac":"b8:1f:3f:da:73:68","state":"alive","epoch":170,"espnow_ver":2,"mtu":1446,"misses":0,"rssi":-29,"tx":{"frames":185,"cb_ok":185,"cb_fail":0,"enqueue_err":0,"pdr_ppm":1000000},"rx":{"frames":731,"lost_seqgap":0,"reorder_dup":0,"dropped_bad":0,"hb_lost":2,"bcast_frames":518,"pdr_ppm":1000000},"rtt":{"samples":26,"min_us":5355,"max_us":17101,"timeouts":0,"txq_last_us":5164,"txq_max_us":5164,"remote_turnaround_us":690,"remote_turnaround_max_us":1032,"p50_us":[4000,6000],"p99_us":[16000,22000],"hist":[0,0,0,0,21,3,0,1,1,0,0,0,0,0,0,0]}}
1791632919.501 {"t":"link","up_ms":53979,"node":25344,"peer":33120,"mac":"b8:1f:3f:da:81:60","state":"alive","epoch":282,"espnow_ver":2,"mtu":1446,"misses":0,"rssi":-22,"tx":{"frames":186,"cb_ok":186,"cb_fail":0,"enqueue_err":0,"pdr_ppm":1000000},"rx":{"frames":733,"lost_seqgap":2,"reorder_dup":0,"dropped_bad":0,"hb_lost":1,"bcast_frames":521,"pdr_ppm":997278},"rtt":{"samples":26,"min_us":5822,"max_us":8104,"timeouts":0,"txq_last_us":4440,"txq_max_us":4440,"remote_turnaround_us":988,"remote_turnaround_max_us":1068,"p50_us":[4000,6000],"p99_us":[8000,11000],"hist":[0,0,0,0,21,4,1,0,0,0,0,0,0,0,0,0]}}
1791632919.501 {"t":"auth","node":25344,"up_ms":54034,"enrolled":1,"required":1,"verified_peers":2,"verified":2,"cache_hits":52,"refused":0,"rate_limited":0,"stale_epoch":0,"verify_us_max":80307,"link_stack_free_b":1028,"crypto_stack_free_b":1268,"tags_ok":371,"bad_tag":0,"replayed":0,"untagged":0,"bcast_dropped":0,"beacon_epoch_ignored":0,"tag_us_max":1037}
1791632919.501 {"t":"act","node":25344,"setpoint":0,"has_value":0,"writes_served":0}
1791632919.501 {"t":"peers","node":25344,"own_period_ms":100,"own_busy":0,"channel":1,"scanning":0,"scans":0,"hops":0,"found":0,"lost_to_found_ms":0,"moves_followed":0,"moves_refused":0,"sweeps":0,"sweep_found":0,"sweeping":0,"search_visits":0,"relay":0,"fwd_u":0,"fwd_b":0,"fwd_h":0,"relay_dup":545,"list":[{"id":29544,"state":"alive","via_relay":0,"period_ms":100,"misses":6,"busy":1,"rtt_n":26},{"id":33120,"state":"alive","via_relay":0,"period_ms":100,"misses":6,"busy":0,"rtt_n":26}]}
1791632919.501 {"t":"ss","node":25344,"accepted":0,"unsigned":0,"unknown_sender":0,"bad_signature":0,"replayed":0,"rate_limited":0,"verify_us_max":0,"floors":[]}
1791632919.501 {"t":"rec","node":25344,"up_ms":54117,"settled":1,"sent":213,"received":210,"malformed":0,"views":1,"replies_fenced":0,"actors":[{"key":1245650351,"running":1,"term":7,"owner":25344,"owner_term":7,"assigned":25344,"starts":1,"fenced":0,"released":0}]}
1791632919.501 {"t":"node","up_ms":54143,"node":25344,"epoch":243,"peers_alive":2,"peers_dead":0,"no_radio":0,"free_dram":250307,"largest_block":172032,"rx":{"total":3077,"bad_frame":0,"unknown_peer":514,"wrong_dst":0,"short_payload":0,"unknown_opcode":0,"queue_dropped":52},"tx":{"total":924,"enqueue_err":0,"done_queue_dropped":0},"membership":{"deaths":0,"revivals":0,"reboots_seen":0,"table_full":0,"events_dropped":0}}
1791632919.828 {"t":"ns","node":25344,"hash":2410274060,"owner":25344,"kind":"sampled","unit":100,"class":4,"bound_ms":0,"quality":"GOOD","age_ms":342,"ts":53841,"updates":5,"value":243}
1791632919.828 {"t":"ns","node":25344,"hash":1274253983,"owner":25344,"kind":"sampled","unit":0,"class":4,"bound_ms":5000,"quality":"GOOD","age_ms":356,"ts":53841,"updates":5,"value":-30}
1791632919.828 {"t":"ns","node":25344,"hash":3354298913,"owner":25344,"kind":"sampled","unit":100,"class":4,"bound_ms":5000,"quality":"GOOD","age_ms":370,"ts":53841,"updates":5,"value":2}
1791632919.828 {"t":"ns","node":25344,"hash":1771187623,"owner":25344,"kind":"sampled","unit":101,"class":4,"bound_ms":30000,"quality":"GOOD","age_ms":384,"ts":53841,"updates":5,"value":250103}
1791632919.828 {"t":"ns","node":25344,"hash":1245650351,"owner":25344,"kind":"sampled","unit":0,"class":3,"bound_ms":500,"quality":"GOOD","age_ms":0,"ts":54240,"updates":465,"value":1660944849}
1791632919.828 {"t":"ns","node":25344,"hash":2033492666,"owner":25344,"kind":"sampled","unit":0,"class":3,"bound_ms":0,"quality":"NO_DATA","age_ms":0,"ts":0,"updates":0,"value":null}
1791632919.828 {"t":"ns","node":25344,"hash":4103947588,"owner":25344,"kind":"sampled","unit":80,"class":4,"bound_ms":30000,"quality":"GOOD","age_ms":428,"ts":53841,"updates":5,"value":53}
1791632919.828 {"t":"ns","node":25344,"hash":1662441583,"owner":25344,"kind":"sampled","unit":101,"class":4,"bound_ms":30000,"quality":"GOOD","age_ms":442,"ts":53841,"updates":5,"value":172032}
1791632929.958 {"t":"clk","node":25344,"up_ms":64297}
1791632929.958 {"t":"led","node":25344,"shows":"green","app":0}
1791632929.958 {"t":"event","at_ms":54749,"node":25344,"kind":"peer_admitted","peer":29544,"slot":0,"a":0,"b":0}
1791632929.958 {"t":"event","at_ms":55200,"node":25344,"kind":"peer_admitted","peer":33120,"slot":1,"a":0,"b":0}
1791632929.958 {"t":"event","at_ms":56749,"node":25344,"kind":"peer_admitted","peer":29544,"slot":0,"a":0,"b":0}
1791632929.958 {"t":"event","at_ms":57199,"node":25344,"kind":"peer_admitted","peer":33120,"slot":1,"a":0,"b":0}
1791632929.958 {"t":"event","at_ms":58749,"node":25344,"kind":"peer_admitted","peer":29544,"slot":0,"a":0,"b":0}
1791632929.958 {"t":"event","at_ms":59198,"node":25344,"kind":"peer_admitted","peer":33120,"slot":1,"a":0,"b":0}
1791632929.958 {"t":"event","at_ms":60749,"node":25344,"kind":"peer_admitted","peer":29544,"slot":0,"a":0,"b":0}
1791632929.958 {"t":"event","at_ms":61199,"node":25344,"kind":"peer_admitted","peer":33120,"slot":1,"a":0,"b":0}
1791632929.958 {"t":"event","at_ms":62749,"node":25344,"kind":"peer_admitted","peer":29544,"slot":0,"a":0,"b":0}
1791632929.958 {"t":"event","at_ms":63199,"node":25344,"kind":"peer_admitted","peer":33120,"slot":1,"a":0,"b":0}
1791632929.958 {"t":"link","up_ms":64382,"node":25344,"peer":29544,"mac":"b8:1f:3f:da:73:68","state":"alive","epoch":170,"espnow_ver":2,"mtu":1446,"misses":0,"rssi":-30,"tx":{"frames":221,"cb_ok":221,"cb_fail":0,"enqueue_err":0,"pdr_ppm":1000000},"rx":{"frames":875,"lost_seqgap":0,"reorder_dup":0,"dropped_bad":0,"hb_lost":3,"bcast_frames":621,"pdr_ppm":1000000},"rtt":{"samples":31,"min_us":5355,"max_us":17101,"timeouts":0,"txq_last_us":5164,"txq_max_us":5164,"remote_turnaround_us":880,"remote_turnaround_max_us":1032,"p50_us":[4000,6000],"p99_us":[16000,22000],"hist":[0,0,0,0,23,6,0,1,1,0,0,0,0,0,0,0]}}
1791632929.958 {"t":"link","up_ms":64436,"node":25344,"peer":33120,"mac":"b8:1f:3f:da:81:60","state":"alive","epoch":282,"espnow_ver":2,"mtu":1446,"misses":0,"rssi":-22,"tx":{"frames":222,"cb_ok":222,"cb_fail":0,"enqueue_err":0,"pdr_ppm":1000000},"rx":{"frames":879,"lost_seqgap":2,"reorder_dup":0,"dropped_bad":0,"hb_lost":1,"bcast_frames":626,"pdr_ppm":997729},"rtt":{"samples":31,"min_us":5822,"max_us":8104,"timeouts":0,"txq_last_us":4440,"txq_max_us":4440,"remote_turnaround_us":976,"remote_turnaround_max_us":1068,"p50_us":[4000,6000],"p99_us":[8000,11000],"hist":[0,0,0,0,25,5,1,0,0,0,0,0,0,0,0,0]}}
1791632929.958 {"t":"auth","node":25344,"up_ms":64490,"enrolled":1,"required":1,"verified_peers":2,"verified":2,"cache_hits":62,"refused":0,"rate_limited":0,"stale_epoch":0,"verify_us_max":80307,"link_stack_free_b":1028,"crypto_stack_free_b":1268,"tags_ok":443,"bad_tag":0,"replayed":0,"untagged":0,"bcast_dropped":0,"beacon_epoch_ignored":0,"tag_us_max":1037}
1791632929.958 {"t":"act","node":25344,"setpoint":0,"has_value":0,"writes_served":0}
1791632929.958 {"t":"peers","node":25344,"own_period_ms":100,"own_busy":0,"channel":1,"scanning":0,"scans":0,"hops":0,"found":0,"lost_to_found_ms":0,"moves_followed":0,"moves_refused":0,"sweeps":0,"sweep_found":0,"sweeping":0,"search_visits":0,"relay":0,"fwd_u":0,"fwd_b":0,"fwd_h":0,"relay_dup":653,"list":[{"id":29544,"state":"alive","via_relay":0,"period_ms":100,"misses":6,"busy":1,"rtt_n":31},{"id":33120,"state":"alive","via_relay":0,"period_ms":100,"misses":6,"busy":0,"rtt_n":31}]}
1791632929.958 {"t":"ss","node":25344,"accepted":0,"unsigned":0,"unknown_sender":0,"bad_signature":0,"replayed":0,"rate_limited":0,"verify_us_max":0,"floors":[]}
1791632929.958 {"t":"rec","node":25344,"up_ms":64574,"settled":1,"sent":255,"received":252,"malformed":0,"views":1,"replies_fenced":0,"actors":[{"key":1245650351,"running":1,"term":7,"owner":25344,"owner_term":7,"assigned":25344,"starts":1,"fenced":0,"released":0}]}
1791632929.958 {"t":"node","up_ms":64600,"node":25344,"epoch":243,"peers_alive":2,"peers_dead":0,"no_radio":0,"free_dram":250307,"largest_block":172032,"rx":{"total":3684,"bad_frame":0,"unknown_peer":614,"wrong_dst":0,"short_payload":0,"unknown_opcode":0,"queue_dropped":52},"tx":{"total":1104,"enqueue_err":0,"done_queue_dropped":0},"membership":{"deaths":0,"revivals":0,"reboots_seen":0,"table_full":0,"events_dropped":0}}
1791632930.273 {"t":"ns","node":25344,"hash":2410274060,"owner":25344,"kind":"sampled","unit":100,"class":4,"bound_ms":0,"quality":"GOOD","age_ms":342,"ts":64298,"updates":6,"value":243}
1791632930.273 {"t":"ns","node":25344,"hash":1274253983,"owner":25344,"kind":"sampled","unit":0,"class":4,"bound_ms":5000,"quality":"GOOD","age_ms":356,"ts":64299,"updates":6,"value":-30}
1791632930.273 {"t":"ns","node":25344,"hash":3354298913,"owner":25344,"kind":"sampled","unit":100,"class":4,"bound_ms":5000,"quality":"GOOD","age_ms":370,"ts":64299,"updates":6,"value":2}
1791632930.273 {"t":"ns","node":25344,"hash":1771187623,"owner":25344,"kind":"sampled","unit":101,"class":4,"bound_ms":30000,"quality":"GOOD","age_ms":385,"ts":64298,"updates":6,"value":250307}
1791632930.273 {"t":"ns","node":25344,"hash":1245650351,"owner":25344,"kind":"sampled","unit":0,"class":3,"bound_ms":500,"quality":"GOOD","age_ms":57,"ts":64640,"updates":569,"value":1660944953}
1791632930.273 {"t":"ns","node":25344,"hash":2033492666,"owner":25344,"kind":"sampled","unit":0,"class":3,"bound_ms":0,"quality":"NO_DATA","age_ms":0,"ts":0,"updates":0,"value":null}
1791632930.273 {"t":"ns","node":25344,"hash":4103947588,"owner":25344,"kind":"sampled","unit":80,"class":4,"bound_ms":30000,"quality":"GOOD","age_ms":427,"ts":64298,"updates":6,"value":64}
1791632930.273 {"t":"ns","node":25344,"hash":1662441583,"owner":25344,"kind":"sampled","unit":101,"class":4,"bound_ms":30000,"quality":"GOOD","age_ms":442,"ts":64298,"updates":6,"value":172032}
1791632940.416 {"t":"clk","node":25344,"up_ms":74755}
1791632940.416 {"t":"led","node":25344,"shows":"green","app":0}
1791632940.416 {"t":"event","at_ms":64749,"node":25344,"kind":"peer_admitted","peer":29544,"slot":0,"a":0,"b":0}
1791632940.416 {"t":"event","at_ms":65199,"node":25344,"kind":"peer_admitted","peer":33120,"slot":1,"a":0,"b":0}
1791632940.416 {"t":"event","at_ms":66749,"node":25344,"kind":"peer_admitted","peer":29544,"slot":0,"a":0,"b":0}
1791632940.416 {"t":"event","at_ms":67199,"node":25344,"kind":"peer_admitted","peer":33120,"slot":1,"a":0,"b":0}
1791632940.416 {"t":"event","at_ms":68749,"node":25344,"kind":"peer_admitted","peer":29544,"slot":0,"a":0,"b":0}
1791632940.416 {"t":"event","at_ms":69198,"node":25344,"kind":"peer_admitted","peer":33120,"slot":1,"a":0,"b":0}
1791632940.416 {"t":"event","at_ms":70749,"node":25344,"kind":"peer_admitted","peer":29544,"slot":0,"a":0,"b":0}
1791632940.416 {"t":"event","at_ms":72749,"node":25344,"kind":"peer_admitted","peer":29544,"slot":0,"a":0,"b":0}
1791632940.416 {"t":"event","at_ms":73199,"node":25344,"kind":"peer_admitted","peer":33120,"slot":1,"a":0,"b":0}
1791632940.416 {"t":"event","at_ms":74749,"node":25344,"kind":"peer_admitted","peer":29544,"slot":0,"a":0,"b":0}
1791632940.416 {"t":"link","up_ms":74840,"node":25344,"peer":29544,"mac":"b8:1f:3f:da:73:68","state":"alive","epoch":170,"espnow_ver":2,"mtu":1446,"misses":0,"rssi":-30,"tx":{"frames":259,"cb_ok":259,"cb_fail":0,"enqueue_err":0,"pdr_ppm":1000000},"rx":{"frames":1023,"lost_seqgap":0,"reorder_dup":0,"dropped_bad":0,"hb_lost":3,"bcast_frames":726,"pdr_ppm":1000000},"rtt":{"samples":37,"min_us":5355,"max_us":17101,"timeouts":0,"txq_last_us":5164,"txq_max_us":5164,"remote_turnaround_us":693,"remote_turnaround_max_us":1032,"p50_us":[4000,6000],"p99_us":[16000,22000],"hist":[0,0,0,0,29,6,0,1,1,0,0,0,0,0,0,0]}}
1791632940.416 {"t":"link","up_ms":74894,"node":25344,"peer":33120,"mac":"b8:1f:3f:da:81:60","state":"alive","epoch":282,"espnow_ver":2,"mtu":1446,"misses":0,"rssi":-22,"tx":{"frames":256,"cb_ok":256,"cb_fail":0,"enqueue_err":0,"pdr_ppm":1000000},"rx":{"frames":1022,"lost_seqgap":2,"reorder_dup":0,"dropped_bad":0,"hb_lost":1,"bcast_frames":730,"pdr_ppm":998046},"rtt":{"samples":36,"min_us":5822,"max_us":8104,"timeouts":0,"txq_last_us":4440,"txq_max_us":4440,"remote_turnaround_us":981,"remote_turnaround_max_us":1068,"p50_us":[4000,6000],"p99_us":[8000,11000],"hist":[0,0,0,0,30,5,1,0,0,0,0,0,0,0,0,0]}}
1791632940.416 {"t":"auth","node":25344,"up_ms":74949,"enrolled":1,"required":1,"verified_peers":2,"verified":2,"cache_hits":72,"refused":0,"rate_limited":0,"stale_epoch":0,"verify_us_max":80307,"link_stack_free_b":1028,"crypto_stack_free_b":1268,"tags_ok":516,"bad_tag":0,"replayed":0,"untagged":0,"bcast_dropped":0,"beacon_epoch_ignored":0,"tag_us_max":1037}
1791632940.416 {"t":"act","node":25344,"setpoint":0,"has_value":0,"writes_served":0}
1791632940.416 {"t":"peers","node":25344,"own_period_ms":100,"own_busy":0,"channel":1,"scanning":0,"scans":0,"hops":0,"found":0,"lost_to_found_ms":0,"moves_followed":0,"moves_refused":0,"sweeps":0,"sweep_found":0,"sweeping":0,"search_visits":0,"relay":0,"fwd_u":0,"fwd_b":0,"fwd_h":0,"relay_dup":763,"list":[{"id":29544,"state":"alive","via_relay":0,"period_ms":100,"misses":6,"busy":1,"rtt_n":37},{"id":33120,"state":"alive","via_relay":0,"period_ms":100,"misses":6,"busy":0,"rtt_n":36}]}
1791632940.416 {"t":"ss","node":25344,"accepted":0,"unsigned":0,"unknown_sender":0,"bad_signature":0,"replayed":0,"rate_limited":0,"verify_us_max":0,"floors":[]}
1791632940.416 {"t":"rec","node":25344,"up_ms":75032,"settled":1,"sent":297,"received":293,"malformed":0,"views":1,"replies_fenced":0,"actors":[{"key":1245650351,"running":1,"term":7,"owner":25344,"owner_term":7,"assigned":25344,"starts":1,"fenced":0,"released":0}]}
1791632940.416 {"t":"node","up_ms":75058,"node":25344,"epoch":243,"peers_alive":2,"peers_dead":0,"no_radio":0,"free_dram":250307,"largest_block":172032,"rx":{"total":4295,"bad_frame":0,"unknown_peer":714,"wrong_dst":0,"short_payload":0,"unknown_opcode":0,"queue_dropped":52},"tx":{"total":1287,"enqueue_err":0,"done_queue_dropped":0},"membership":{"deaths":0,"revivals":0,"reboots_seen":0,"table_full":0,"events_dropped":0}}
1791632940.744 {"t":"ns","node":25344,"hash":2410274060,"owner":25344,"kind":"sampled","unit":100,"class":4,"bound_ms":0,"quality":"GOOD","age_ms":342,"ts":74756,"updates":7,"value":243}
1791632940.744 {"t":"ns","node":25344,"hash":1274253983,"owner":25344,"kind":"sampled","unit":0,"class":4,"bound_ms":5000,"quality":"GOOD","age_ms":355,"ts":74757,"updates":7,"value":-30}
1791632940.744 {"t":"ns","node":25344,"hash":3354298913,"owner":25344,"kind":"sampled","unit":100,"class":4,"bound_ms":5000,"quality":"GOOD","age_ms":369,"ts":74757,"updates":7,"value":2}
1791632940.744 {"t":"ns","node":25344,"hash":1771187623,"owner":25344,"kind":"sampled","unit":101,"class":4,"bound_ms":30000,"quality":"GOOD","age_ms":384,"ts":74756,"updates":7,"value":250307}
1791632940.744 {"t":"ns","node":25344,"hash":1245650351,"owner":25344,"kind":"sampled","unit":0,"class":3,"bound_ms":500,"quality":"GOOD","age_ms":15,"ts":75140,"updates":674,"value":1660945058}
1791632940.744 {"t":"ns","node":25344,"hash":2033492666,"owner":25344,"kind":"sampled","unit":0,"class":3,"bound_ms":0,"quality":"NO_DATA","age_ms":0,"ts":0,"updates":0,"value":null}
1791632940.744 {"t":"ns","node":25344,"hash":4103947588,"owner":25344,"kind":"sampled","unit":80,"class":4,"bound_ms":30000,"quality":"GOOD","age_ms":427,"ts":74756,"updates":7,"value":74}
1791632940.744 {"t":"ns","node":25344,"hash":1662441583,"owner":25344,"kind":"sampled","unit":101,"class":4,"bound_ms":30000,"quality":"GOOD","age_ms":443,"ts":74756,"updates":7,"value":172032}
1791632950.875 {"t":"clk","node":25344,"up_ms":85214}
1791632950.875 {"t":"led","node":25344,"shows":"green","app":0}
1791632950.875 {"t":"event","at_ms":75199,"node":25344,"kind":"peer_admitted","peer":33120,"slot":1,"a":0,"b":0}
1791632950.875 {"t":"event","at_ms":76749,"node":25344,"kind":"peer_admitted","peer":29544,"slot":0,"a":0,"b":0}
1791632950.875 {"t":"event","at_ms":77199,"node":25344,"kind":"peer_admitted","peer":33120,"slot":1,"a":0,"b":0}
1791632950.875 {"t":"event","at_ms":78749,"node":25344,"kind":"peer_admitted","peer":29544,"slot":0,"a":0,"b":0}
1791632950.875 {"t":"event","at_ms":79198,"node":25344,"kind":"peer_admitted","peer":33120,"slot":1,"a":0,"b":0}
1791632950.875 {"t":"event","at_ms":80749,"node":25344,"kind":"peer_admitted","peer":29544,"slot":0,"a":0,"b":0}
1791632950.875 {"t":"event","at_ms":81199,"node":25344,"kind":"peer_admitted","peer":33120,"slot":1,"a":0,"b":0}
1791632950.875 {"t":"event","at_ms":82749,"node":25344,"kind":"peer_admitted","peer":29544,"slot":0,"a":0,"b":0}
1791632950.875 {"t":"event","at_ms":83198,"node":25344,"kind":"peer_admitted","peer":33120,"slot":1,"a":0,"b":0}
1791632950.875 {"t":"event","at_ms":84749,"node":25344,"kind":"peer_admitted","peer":29544,"slot":0,"a":0,"b":0}
1791632950.875 {"t":"event","at_ms":85198,"node":25344,"kind":"peer_admitted","peer":33120,"slot":1,"a":0,"b":0}
1791632950.875 {"t":"link","up_ms":85311,"node":25344,"peer":29544,"mac":"b8:1f:3f:da:73:68","state":"alive","epoch":170,"espnow_ver":2,"mtu":1446,"misses":0,"rssi":-31,"tx":{"frames":295,"cb_ok":295,"cb_fail":0,"enqueue_err":0,"pdr_ppm":1000000},"rx":{"frames":1169,"lost_seqgap":0,"reorder_dup":0,"dropped_bad":0,"hb_lost":3,"bcast_frames":831,"pdr_ppm":1000000},"rtt":{"samples":42,"min_us":5355,"max_us":17101,"timeouts":0,"txq_last_us":5164,"txq_max_us":5164,"remote_turnaround_us":819,"remote_turnaround_max_us":1104,"p50_us":[4000,6000],"p99_us":[16000,22000],"hist":[0,0,0,0,33,7,0,1,1,0,0,0,0,0,0,0]}}
1791632950.875 {"t":"link","up_ms":85365,"node":25344,"peer":33120,"mac":"b8:1f:3f:da:81:60","state":"alive","epoch":282,"espnow_ver":2,"mtu":1446,"misses":0,"rssi":-21,"tx":{"frames":294,"cb_ok":294,"cb_fail":0,"enqueue_err":0,"pdr_ppm":1000000},"rx":{"frames":1169,"lost_seqgap":2,"reorder_dup":0,"dropped_bad":0,"hb_lost":2,"bcast_frames":834,"pdr_ppm":998292},"rtt":{"samples":41,"min_us":5820,"max_us":8104,"timeouts":0,"txq_last_us":2838,"txq_max_us":4440,"remote_turnaround_us":1050,"remote_turnaround_max_us":1068,"p50_us":[4000,6000],"p99_us":[8000,11000],"hist":[0,0,0,0,32,8,1,0,0,0,0,0,0,0,0,0]}}
1791632950.875 {"t":"auth","node":25344,"up_ms":85419,"enrolled":1,"required":1,"verified_peers":2,"verified":2,"cache_hits":83,"refused":0,"rate_limited":0,"stale_epoch":0,"verify_us_max":80307,"link_stack_free_b":1028,"crypto_stack_free_b":1268,"tags_ok":588,"bad_tag":0,"replayed":0,"untagged":0,"bcast_dropped":0,"beacon_epoch_ignored":0,"tag_us_max":1037}
1791632950.875 {"t":"act","node":25344,"setpoint":0,"has_value":0,"writes_served":0}
1791632950.875 {"t":"peers","node":25344,"own_period_ms":100,"own_busy":0,"channel":1,"scanning":0,"scans":0,"hops":0,"found":0,"lost_to_found_ms":0,"moves_followed":0,"moves_refused":0,"sweeps":0,"sweep_found":0,"sweeping":0,"search_visits":0,"relay":0,"fwd_u":0,"fwd_b":0,"fwd_h":0,"relay_dup":872,"list":[{"id":29544,"state":"alive","via_relay":0,"period_ms":100,"misses":6,"busy":1,"rtt_n":42},{"id":33120,"state":"alive","via_relay":0,"period_ms":100,"misses":6,"busy":0,"rtt_n":41}]}
1791632950.875 {"t":"ss","node":25344,"accepted":0,"unsigned":0,"unknown_sender":0,"bad_signature":0,"replayed":0,"rate_limited":0,"verify_us_max":0,"floors":[]}
1791632950.875 {"t":"rec","node":25344,"up_ms":85503,"settled":1,"sent":339,"received":335,"malformed":0,"views":1,"replies_fenced":0,"actors":[{"key":1245650351,"running":1,"term":7,"owner":25344,"owner_term":7,"assigned":25344,"starts":1,"fenced":0,"released":0}]}
1791632950.875 {"t":"node","up_ms":85529,"node":25344,"epoch":243,"peers_alive":2,"peers_dead":0,"no_radio":0,"free_dram":250307,"largest_block":172032,"rx":{"total":4902,"bad_frame":0,"unknown_peer":814,"wrong_dst":0,"short_payload":0,"unknown_opcode":0,"queue_dropped":52},"tx":{"total":1470,"enqueue_err":0,"done_queue_dropped":0},"membership":{"deaths":0,"revivals":0,"reboots_seen":0,"table_full":0,"events_dropped":0}}
1791632951.208 {"t":"ns","node":25344,"hash":2410274060,"owner":25344,"kind":"sampled","unit":100,"class":4,"bound_ms":0,"quality":"GOOD","age_ms":343,"ts":85215,"updates":8,"value":243}
1791632951.208 {"t":"ns","node":25344,"hash":1274253983,"owner":25344,"kind":"sampled","unit":0,"class":4,"bound_ms":5000,"quality":"GOOD","age_ms":356,"ts":85216,"updates":8,"value":-30}
1791632951.208 {"t":"ns","node":25344,"hash":3354298913,"owner":25344,"kind":"sampled","unit":100,"class":4,"bound_ms":5000,"quality":"GOOD","age_ms":383,"ts":85216,"updates":8,"value":2}
1791632951.208 {"t":"ns","node":25344,"hash":1771187623,"owner":25344,"kind":"sampled","unit":101,"class":4,"bound_ms":30000,"quality":"GOOD","age_ms":398,"ts":85215,"updates":8,"value":250307}
1791632951.208 {"t":"ns","node":25344,"hash":1245650351,"owner":25344,"kind":"sampled","unit":0,"class":3,"bound_ms":500,"quality":"GOOD","age_ms":87,"ts":85540,"updates":778,"value":1660945162}
1791632951.208 {"t":"ns","node":25344,"hash":2033492666,"owner":25344,"kind":"sampled","unit":0,"class":3,"bound_ms":0,"quality":"NO_DATA","age_ms":0,"ts":0,"updates":0,"value":null}
1791632951.208 {"t":"ns","node":25344,"hash":4103947588,"owner":25344,"kind":"sampled","unit":80,"class":4,"bound_ms":30000,"quality":"GOOD","age_ms":441,"ts":85215,"updates":8,"value":85}
1791632951.208 {"t":"ns","node":25344,"hash":1662441583,"owner":25344,"kind":"sampled","unit":101,"class":4,"bound_ms":30000,"quality":"GOOD","age_ms":455,"ts":85215,"updates":8,"value":172032}
1791632961.345 {"t":"clk","node":25344,"up_ms":95685}
1791632961.345 {"t":"led","node":25344,"shows":"green","app":0}
1791632961.345 {"t":"event","at_ms":86749,"node":25344,"kind":"peer_admitted","peer":29544,"slot":0,"a":0,"b":0}
1791632961.345 {"t":"event","at_ms":87202,"node":25344,"kind":"peer_admitted","peer":33120,"slot":1,"a":0,"b":0}
1791632961.345 {"t":"event","at_ms":88749,"node":25344,"kind":"peer_admitted","peer":29544,"slot":0,"a":0,"b":0}
1791632961.345 {"t":"event","at_ms":89198,"node":25344,"kind":"peer_admitted","peer":33120,"slot":1,"a":0,"b":0}
1791632961.345 {"t":"event","at_ms":90749,"node":25344,"kind":"peer_admitted","peer":29544,"slot":0,"a":0,"b":0}
1791632961.345 {"t":"event","at_ms":91198,"node":25344,"kind":"peer_admitted","peer":33120,"slot":1,"a":0,"b":0}
1791632961.345 {"t":"event","at_ms":92749,"node":25344,"kind":"peer_admitted","peer":29544,"slot":0,"a":0,"b":0}
1791632961.345 {"t":"event","at_ms":93198,"node":25344,"kind":"peer_admitted","peer":33120,"slot":1,"a":0,"b":0}
1791632961.345 {"t":"event","at_ms":94749,"node":25344,"kind":"peer_admitted","peer":29544,"slot":0,"a":0,"b":0}
1791632961.345 {"t":"event","at_ms":95198,"node":25344,"kind":"peer_admitted","peer":33120,"slot":1,"a":0,"b":0}
1791632961.345 {"t":"link","up_ms":95770,"node":25344,"peer":29544,"mac":"b8:1f:3f:da:73:68","state":"alive","epoch":170,"espnow_ver":2,"mtu":1446,"misses":0,"rssi":-29,"tx":{"frames":332,"cb_ok":332,"cb_fail":0,"enqueue_err":0,"pdr_ppm":1000000},"rx":{"frames":1315,"lost_seqgap":0,"reorder_dup":0,"dropped_bad":0,"hb_lost":3,"bcast_frames":935,"pdr_ppm":1000000},"rtt":{"samples":47,"min_us":5355,"max_us":17101,"timeouts":0,"txq_last_us":5164,"txq_max_us":5164,"remote_turnaround_us":767,"remote_turnaround_max_us":1104,"p50_us":[4000,6000],"p99_us":[16000,22000],"hist":[0,0,0,0,36,9,0,1,1,0,0,0,0,0,0,0]}}
1791632961.345 {"t":"link","up_ms":95824,"node":25344,"peer":33120,"mac":"b8:1f:3f:da:81:60","state":"alive","epoch":282,"espnow_ver":2,"mtu":1446,"misses":0,"rssi":-22,"tx":{"frames":331,"cb_ok":331,"cb_fail":0,"enqueue_err":0,"pdr_ppm":1000000},"rx":{"frames":1315,"lost_seqgap":2,"reorder_dup":0,"dropped_bad":0,"hb_lost":3,"bcast_frames":937,"pdr_ppm":998481},"rtt":{"samples":47,"min_us":5820,"max_us":8104,"timeouts":0,"txq_last_us":2838,"txq_max_us":4440,"remote_turnaround_us":976,"remote_turnaround_max_us":1068,"p50_us":[4000,6000],"p99_us":[8000,11000],"hist":[0,0,0,0,37,9,1,0,0,0,0,0,0,0,0,0]}}
1791632961.345 {"t":"auth","node":25344,"up_ms":95878,"enrolled":1,"required":1,"verified_peers":2,"verified":2,"cache_hits":93,"refused":0,"rate_limited":0,"stale_epoch":0,"verify_us_max":80307,"link_stack_free_b":1028,"crypto_stack_free_b":1268,"tags_ok":664,"bad_tag":0,"replayed":0,"untagged":0,"bcast_dropped":0,"beacon_epoch_ignored":0,"tag_us_max":1079}
1791632961.345 {"t":"act","node":25344,"setpoint":0,"has_value":0,"writes_served":0}
1791632961.345 {"t":"peers","node":25344,"own_period_ms":100,"own_busy":0,"channel":1,"scanning":0,"scans":0,"hops":0,"found":0,"lost_to_found_ms":0,"moves_followed":0,"moves_refused":0,"sweeps":0,"sweep_found":0,"sweeping":0,"search_visits":0,"relay":0,"fwd_u":0,"fwd_b":0,"fwd_h":0,"relay_dup":981,"list":[{"id":29544,"state":"alive","via_relay":0,"period_ms":100,"misses":6,"busy":1,"rtt_n":47},{"id":33120,"state":"alive","via_relay":0,"period_ms":100,"misses":6,"busy":0,"rtt_n":47}]}
1791632961.345 {"t":"ss","node":25344,"accepted":0,"unsigned":0,"unknown_sender":0,"bad_signature":0,"replayed":0,"rate_limited":0,"verify_us_max":0,"floors":[]}
1791632961.345 {"t":"rec","node":25344,"up_ms":95961,"settled":1,"sent":380,"received":377,"malformed":0,"views":1,"replies_fenced":0,"actors":[{"key":1245650351,"running":1,"term":7,"owner":25344,"owner_term":7,"assigned":25344,"starts":1,"fenced":0,"released":0}]}
1791632961.345 {"t":"node","up_ms":95988,"node":25344,"epoch":243,"peers_alive":2,"peers_dead":0,"no_radio":0,"free_dram":250307,"largest_block":172032,"rx":{"total":5515,"bad_frame":0,"unknown_peer":913,"wrong_dst":0,"short_payload":0,"unknown_opcode":0,"queue_dropped":52},"tx":{"total":1655,"enqueue_err":0,"done_queue_dropped":0},"membership":{"deaths":0,"revivals":0,"reboots_seen":0,"table_full":0,"events_dropped":0}}
1791632961.662 {"t":"ns","node":25344,"hash":2410274060,"owner":25344,"kind":"sampled","unit":100,"class":4,"bound_ms":0,"quality":"GOOD","age_ms":341,"ts":95686,"updates":9,"value":243}
1791632961.662 {"t":"ns","node":25344,"hash":1274253983,"owner":25344,"kind":"sampled","unit":0,"class":4,"bound_ms":5000,"quality":"GOOD","age_ms":355,"ts":95687,"updates":9,"value":-30}
1791632961.662 {"t":"ns","node":25344,"hash":3354298913,"owner":25344,"kind":"sampled","unit":100,"class":4,"bound_ms":5000,"quality":"GOOD","age_ms":369,"ts":95687,"updates":9,"value":2}
1791632961.662 {"t":"ns","node":25344,"hash":1771187623,"owner":25344,"kind":"sampled","unit":101,"class":4,"bound_ms":30000,"quality":"GOOD","age_ms":385,"ts":95686,"updates":9,"value":250307}
1791632961.662 {"t":"ns","node":25344,"hash":1245650351,"owner":25344,"kind":"sampled","unit":0,"class":3,"bound_ms":500,"quality":"GOOD","age_ms":45,"ts":96040,"updates":883,"value":1660945267}
1791632961.662 {"t":"ns","node":25344,"hash":2033492666,"owner":25344,"kind":"sampled","unit":0,"class":3,"bound_ms":0,"quality":"NO_DATA","age_ms":0,"ts":0,"updates":0,"value":null}
1791632961.662 {"t":"ns","node":25344,"hash":4103947588,"owner":25344,"kind":"sampled","unit":80,"class":4,"bound_ms":30000,"quality":"GOOD","age_ms":427,"ts":95686,"updates":9,"value":95}
1791632961.662 {"t":"ns","node":25344,"hash":1662441583,"owner":25344,"kind":"sampled","unit":101,"class":4,"bound_ms":30000,"quality":"GOOD","age_ms":441,"ts":95686,"updates":9,"value":172032}
1791632971.805 {"t":"clk","node":25344,"up_ms":106142}
1791632971.805 {"t":"led","node":25344,"shows":"green","app":0}
1791632971.805 {"t":"event","at_ms":96749,"node":25344,"kind":"peer_admitted","peer":29544,"slot":0,"a":0,"b":0}
1791632971.805 {"t":"event","at_ms":97198,"node":25344,"kind":"peer_admitted","peer":33120,"slot":1,"a":0,"b":0}
1791632971.805 {"t":"event","at_ms":98749,"node":25344,"kind":"peer_admitted","peer":29544,"slot":0,"a":0,"b":0}
1791632971.805 {"t":"event","at_ms":99198,"node":25344,"kind":"peer_admitted","peer":33120,"slot":1,"a":0,"b":0}
1791632971.805 {"t":"event","at_ms":100751,"node":25344,"kind":"peer_admitted","peer":29544,"slot":0,"a":0,"b":0}
1791632971.805 {"t":"event","at_ms":101198,"node":25344,"kind":"peer_admitted","peer":33120,"slot":1,"a":0,"b":0}
1791632971.805 {"t":"event","at_ms":102749,"node":25344,"kind":"peer_admitted","peer":29544,"slot":0,"a":0,"b":0}
1791632971.805 {"t":"event","at_ms":103198,"node":25344,"kind":"peer_admitted","peer":33120,"slot":1,"a":0,"b":0}
1791632971.805 {"t":"event","at_ms":104749,"node":25344,"kind":"peer_admitted","peer":29544,"slot":0,"a":0,"b":0}
1791632971.805 {"t":"event","at_ms":105198,"node":25344,"kind":"peer_admitted","peer":33120,"slot":1,"a":0,"b":0}
1791632971.805 {"t":"link","up_ms":106227,"node":25344,"peer":29544,"mac":"b8:1f:3f:da:73:68","state":"alive","epoch":170,"espnow_ver":2,"mtu":1446,"misses":0,"rssi":-30,"tx":{"frames":367,"cb_ok":367,"cb_fail":0,"enqueue_err":0,"pdr_ppm":1000000},"rx":{"frames":1462,"lost_seqgap":0,"reorder_dup":0,"dropped_bad":0,"hb_lost":3,"bcast_frames":1040,"pdr_ppm":1000000},"rtt":{"samples":52,"min_us":5355,"max_us":17101,"timeouts":0,"txq_last_us":5164,"txq_max_us":5164,"remote_turnaround_us":711,"remote_turnaround_max_us":1104,"p50_us":[4000,6000],"p99_us":[16000,22000],"hist":[0,0,0,0,41,9,0,1,1,0,0,0,0,0,0,0]}}
1791632971.805 {"t":"link","up_ms":106281,"node":25344,"peer":33120,"mac":"b8:1f:3f:da:81:60","state":"alive","epoch":282,"espnow_ver":2,"mtu":1446,"misses":0,"rssi":-21,"tx":{"frames":367,"cb_ok":367,"cb_fail":0,"enqueue_err":0,"pdr_ppm":1000000},"rx":{"frames":1461,"lost_seqgap":2,"reorder_dup":0,"dropped_bad":0,"hb_lost":3,"bcast_frames":1042,"pdr_ppm":998632},"rtt":{"samples":52,"min_us":5820,"max_us":10954,"timeouts":0,"txq_last_us":7846,"txq_max_us":7846,"remote_turnaround_us":975,"remote_turnaround_max_us":1068,"p50_us":[4000,6000],"p99_us":[8000,11000],"hist":[0,0,0,0,41,9,2,0,0,0,0,0,0,0,0,0]}}
1791632971.805 {"t":"auth","node":25344,"up_ms":106335,"enrolled":1,"required":1,"verified_peers":2,"verified":2,"cache_hits":103,"refused":0,"rate_limited":0,"stale_epoch":0,"verify_us_max":80307,"link_stack_free_b":1028,"crypto_stack_free_b":1268,"tags_ok":736,"bad_tag":0,"replayed":0,"untagged":0,"bcast_dropped":0,"beacon_epoch_ignored":0,"tag_us_max":1079}
1791632971.805 {"t":"act","node":25344,"setpoint":0,"has_value":0,"writes_served":0}
1791632971.805 {"t":"peers","node":25344,"own_period_ms":100,"own_busy":0,"channel":1,"scanning":0,"scans":0,"hops":0,"found":0,"lost_to_found_ms":0,"moves_followed":0,"moves_refused":0,"sweeps":0,"sweep_found":0,"sweeping":0,"search_visits":0,"relay":0,"fwd_u":0,"fwd_b":0,"fwd_h":0,"relay_dup":1091,"list":[{"id":29544,"state":"alive","via_relay":0,"period_ms":100,"misses":6,"busy":1,"rtt_n":52},{"id":33120,"state":"alive","via_relay":0,"period_ms":100,"misses":6,"busy":0,"rtt_n":52}]}
1791632971.805 {"t":"ss","node":25344,"accepted":0,"unsigned":0,"unknown_sender":0,"bad_signature":0,"replayed":0,"rate_limited":0,"verify_us_max":0,"floors":[]}
1791632971.805 {"t":"rec","node":25344,"up_ms":106429,"settled":1,"sent":422,"received":418,"malformed":0,"views":1,"replies_fenced":0,"actors":[{"key":1245650351,"running":1,"term":7,"owner":25344,"owner_term":7,"assigned":25344,"starts":1,"fenced":0,"released":0}]}
1791632971.805 {"t":"node","up_ms":106444,"node":25344,"epoch":243,"peers_alive":2,"peers_dead":0,"no_radio":0,"free_dram":250307,"largest_block":172032,"rx":{"total":6126,"bad_frame":0,"unknown_peer":1013,"wrong_dst":0,"short_payload":0,"unknown_opcode":0,"queue_dropped":52},"tx":{"total":1836,"enqueue_err":0,"done_queue_dropped":0},"membership":{"deaths":0,"revivals":0,"reboots_seen":0,"table_full":0,"events_dropped":0}}
1791632972.121 {"t":"ns","node":25344,"hash":2410274060,"owner":25344,"kind":"sampled","unit":100,"class":4,"bound_ms":0,"quality":"GOOD","age_ms":341,"ts":106144,"updates":10,"value":243}
1791632972.121 {"t":"ns","node":25344,"hash":1274253983,"owner":25344,"kind":"sampled","unit":0,"class":4,"bound_ms":5000,"quality":"GOOD","age_ms":355,"ts":106144,"updates":10,"value":-31}
1791632972.121 {"t":"ns","node":25344,"hash":3354298913,"owner":25344,"kind":"sampled","unit":100,"class":4,"bound_ms":5000,"quality":"GOOD","age_ms":369,"ts":106144,"updates":10,"value":2}
1791632972.121 {"t":"ns","node":25344,"hash":1771187623,"owner":25344,"kind":"sampled","unit":101,"class":4,"bound_ms":30000,"quality":"GOOD","age_ms":383,"ts":106144,"updates":10,"value":250271}
1791632972.121 {"t":"ns","node":25344,"hash":1245650351,"owner":25344,"kind":"sampled","unit":0,"class":3,"bound_ms":500,"quality":"GOOD","age_ms":1,"ts":106540,"updates":988,"value":1660945372}
1791632972.121 {"t":"ns","node":25344,"hash":2033492666,"owner":25344,"kind":"sampled","unit":0,"class":3,"bound_ms":0,"quality":"NO_DATA","age_ms":0,"ts":0,"updates":0,"value":null}
1791632972.121 {"t":"ns","node":25344,"hash":4103947588,"owner":25344,"kind":"sampled","unit":80,"class":4,"bound_ms":30000,"quality":"GOOD","age_ms":425,"ts":106144,"updates":10,"value":106}
1791632972.121 {"t":"ns","node":25344,"hash":1662441583,"owner":25344,"kind":"sampled","unit":101,"class":4,"bound_ms":30000,"quality":"GOOD","age_ms":451,"ts":106144,"updates":10,"value":172032}
1791632982.270 {"t":"clk","node":25344,"up_ms":116610}
1791632982.270 {"t":"led","node":25344,"shows":"green","app":0}
1791632982.270 {"t":"event","at_ms":106749,"node":25344,"kind":"peer_admitted","peer":29544,"slot":0,"a":0,"b":0}
1791632982.270 {"t":"event","at_ms":107198,"node":25344,"kind":"peer_admitted","peer":33120,"slot":1,"a":0,"b":0}
1791632982.270 {"t":"event","at_ms":108749,"node":25344,"kind":"peer_admitted","peer":29544,"slot":0,"a":0,"b":0}
1791632982.270 {"t":"event","at_ms":109198,"node":25344,"kind":"peer_admitted","peer":33120,"slot":1,"a":0,"b":0}
1791632982.270 {"t":"event","at_ms":110749,"node":25344,"kind":"peer_admitted","peer":29544,"slot":0,"a":0,"b":0}
1791632982.270 {"t":"event","at_ms":111203,"node":25344,"kind":"peer_admitted","peer":33120,"slot":1,"a":0,"b":0}
1791632982.270 {"t":"event","at_ms":112750,"node":25344,"kind":"peer_admitted","peer":29544,"slot":0,"a":0,"b":0}
1791632982.270 {"t":"event","at_ms":113198,"node":25344,"kind":"peer_admitted","peer":33120,"slot":1,"a":0,"b":0}
1791632982.270 {"t":"event","at_ms":114749,"node":25344,"kind":"peer_admitted","peer":29544,"slot":0,"a":0,"b":0}
1791632982.270 {"t":"event","at_ms":115199,"node":25344,"kind":"peer_admitted","peer":33120,"slot":1,"a":0,"b":0}
1791632982.270 {"t":"link","up_ms":116695,"node":25344,"peer":29544,"mac":"b8:1f:3f:da:73:68","state":"alive","epoch":170,"espnow_ver":2,"mtu":1446,"misses":0,"rssi":-30,"tx":{"frames":403,"cb_ok":403,"cb_fail":0,"enqueue_err":0,"pdr_ppm":1000000},"rx":{"frames":1607,"lost_seqgap":0,"reorder_dup":0,"dropped_bad":0,"hb_lost":4,"bcast_frames":1144,"pdr_ppm":1000000},"rtt":{"samples":57,"min_us":5355,"max_us":17101,"timeouts":0,"txq_last_us":5164,"txq_max_us":5164,"remote_turnaround_us":831,"remote_turnaround_max_us":1104,"p50_us":[4000,6000],"p99_us":[16000,22000],"hist":[0,0,0,0,46,9,0,1,1,0,0,0,0,0,0,0]}}
1791632982.270 {"t":"link","up_ms":116750,"node":25344,"peer":33120,"mac":"b8:1f:3f:da:81:60","state":"alive","epoch":282,"espnow_ver":2,"mtu":1446,"misses":0,"rssi":-22,"tx":{"frames":403,"cb_ok":403,"cb_fail":0,"enqueue_err":0,"pdr_ppm":1000000},"rx":{"frames":1607,"lost_seqgap":2,"reorder_dup":0,"dropped_bad":0,"hb_lost":3,"bcast_frames":1147,"pdr_ppm":998756},"rtt":{"samples":57,"min_us":5820,"max_us":10954,"timeouts":0,"txq_last_us":7846,"txq_max_us":7846,"remote_turnaround_us":966,"remote_turnaround_max_us":1068,"p50_us":[4000,6000],"p99_us":[8000,11000],"hist":[0,0,0,0,44,11,2,0,0,0,0,0,0,0,0,0]}}
1791632982.270 {"t":"auth","node":25344,"up_ms":116804,"enrolled":1,"required":1,"verified_peers":2,"verified":2,"cache_hits":114,"refused":0,"rate_limited":0,"stale_epoch":0,"verify_us_max":80307,"link_stack_free_b":1028,"crypto_stack_free_b":1268,"tags_ok":809,"bad_tag":0,"replayed":0,"untagged":0,"bcast_dropped":0,"beacon_epoch_ignored":0,"tag_us_max":1079}
1791632982.270 {"t":"act","node":25344,"setpoint":0,"has_value":0,"writes_served":0}
1791632982.270 {"t":"peers","node":25344,"own_period_ms":100,"own_busy":0,"channel":1,"scanning":0,"scans":0,"hops":0,"found":0,"lost_to_found_ms":0,"moves_followed":0,"moves_refused":0,"sweeps":0,"sweep_found":0,"sweeping":0,"search_visits":0,"relay":0,"fwd_u":0,"fwd_b":0,"fwd_h":0,"relay_dup":1198,"list":[{"id":29544,"state":"alive","via_relay":0,"period_ms":100,"misses":6,"busy":1,"rtt_n":58},{"id":33120,"state":"alive","via_relay":0,"period_ms":100,"misses":6,"busy":0,"rtt_n":57}]}
1791632982.270 {"t":"ss","node":25344,"accepted":0,"unsigned":0,"unknown_sender":0,"bad_signature":0,"replayed":0,"rate_limited":0,"verify_us_max":0,"floors":[]}
1791632982.270 {"t":"rec","node":25344,"up_ms":116899,"settled":1,"sent":464,"received":460,"malformed":0,"views":1,"replies_fenced":0,"actors":[{"key":1245650351,"running":1,"term":7,"owner":25344,"owner_term":7,"assigned":25344,"starts":1,"fenced":0,"released":0}]}
1791632982.270 {"t":"node","up_ms":116914,"node":25344,"epoch":243,"peers_alive":2,"peers_dead":0,"no_radio":0,"free_dram":250307,"largest_block":172032,"rx":{"total":6732,"bad_frame":0,"unknown_peer":1113,"wrong_dst":0,"short_payload":0,"unknown_opcode":0,"queue_dropped":52},"tx":{"total":2019,"enqueue_err":0,"done_queue_dropped":0},"membership":{"deaths":0,"revivals":0,"reboots_seen":0,"table_full":0,"events_dropped":0}}
1791632982.593 {"t":"ns","node":25344,"hash":2410274060,"owner":25344,"kind":"sampled","unit":100,"class":4,"bound_ms":0,"quality":"GOOD","age_ms":343,"ts":116611,"updates":11,"value":243}
1791632982.593 {"t":"ns","node":25344,"hash":1274253983,"owner":25344,"kind":"sampled","unit":0,"class":4,"bound_ms":5000,"quality":"GOOD","age_ms":356,"ts":116612,"updates":11,"value":-31}
1791632982.593 {"t":"ns","node":25344,"hash":3354298913,"owner":25344,"kind":"sampled","unit":100,"class":4,"bound_ms":5000,"quality":"GOOD","age_ms":372,"ts":116612,"updates":11,"value":2}
1791632982.593 {"t":"ns","node":25344,"hash":1771187623,"owner":25344,"kind":"sampled","unit":101,"class":4,"bound_ms":30000,"quality":"GOOD","age_ms":387,"ts":116611,"updates":11,"value":250307}
1791632982.593 {"t":"ns","node":25344,"hash":1245650351,"owner":25344,"kind":"sampled","unit":0,"class":3,"bound_ms":500,"quality":"GOOD","age_ms":72,"ts":116940,"updates":1092,"value":1660945476}
1791632982.593 {"t":"ns","node":25344,"hash":2033492666,"owner":25344,"kind":"sampled","unit":0,"class":3,"bound_ms":0,"quality":"NO_DATA","age_ms":0,"ts":0,"updates":0,"value":null}
1791632982.593 {"t":"ns","node":25344,"hash":4103947588,"owner":25344,"kind":"sampled","unit":80,"class":4,"bound_ms":30000,"quality":"GOOD","age_ms":429,"ts":116611,"updates":11,"value":116}
1791632982.593 {"t":"ns","node":25344,"hash":1662441583,"owner":25344,"kind":"sampled","unit":101,"class":4,"bound_ms":30000,"quality":"GOOD","age_ms":444,"ts":116611,"updates":11,"value":172032}
1791632992.742 {"t":"clk","node":25344,"up_ms":127081}
1791632992.742 {"t":"led","node":25344,"shows":"green","app":0}
1791632992.742 {"t":"event","at_ms":116749,"node":25344,"kind":"peer_admitted","peer":29544,"slot":0,"a":0,"b":0}
1791632992.742 {"t":"event","at_ms":117198,"node":25344,"kind":"peer_admitted","peer":33120,"slot":1,"a":0,"b":0}
1791632992.742 {"t":"event","at_ms":118749,"node":25344,"kind":"peer_admitted","peer":29544,"slot":0,"a":0,"b":0}
1791632992.742 {"t":"event","at_ms":119198,"node":25344,"kind":"peer_admitted","peer":33120,"slot":1,"a":0,"b":0}
1791632992.742 {"t":"event","at_ms":120749,"node":25344,"kind":"peer_admitted","peer":29544,"slot":0,"a":0,"b":0}
1791632992.742 {"t":"event","at_ms":121199,"node":25344,"kind":"peer_admitted","peer":33120,"slot":1,"a":0,"b":0}
1791632992.742 {"t":"event","at_ms":122749,"node":25344,"kind":"peer_admitted","peer":29544,"slot":0,"a":0,"b":0}
1791632992.742 {"t":"event","at_ms":123198,"node":25344,"kind":"peer_admitted","peer":33120,"slot":1,"a":0,"b":0}
1791632992.742 {"t":"event","at_ms":124749,"node":25344,"kind":"peer_admitted","peer":29544,"slot":0,"a":0,"b":0}
1791632992.742 {"t":"event","at_ms":125198,"node":25344,"kind":"peer_admitted","peer":33120,"slot":1,"a":0,"b":0}
1791632992.742 {"t":"event","at_ms":126749,"node":25344,"kind":"peer_admitted","peer":29544,"slot":0,"a":0,"b":0}
1791632992.742 {"t":"link","up_ms":127178,"node":25344,"peer":29544,"mac":"b8:1f:3f:da:73:68","state":"alive","epoch":170,"espnow_ver":2,"mtu":1446,"misses":0,"rssi":-31,"tx":{"frames":441,"cb_ok":441,"cb_fail":0,"enqueue_err":0,"pdr_ppm":1000000},"rx":{"frames":1753,"lost_seqgap":0,"reorder_dup":0,"dropped_bad":0,"hb_lost":5,"bcast_frames":1247,"pdr_ppm":1000000},"rtt":{"samples":63,"min_us":5355,"max_us":17101,"timeouts":0,"txq_last_us":5164,"txq_max_us":5164,"remote_turnaround_us":826,"remote_turnaround_max_us":1104,"p50_us":[4000,6000],"p99_us":[16000,22000],"hist":[0,0,0,0,50,11,0,1,1,0,0,0,0,0,0,0]}}
1791632992.742 {"t":"link","up_ms":127233,"node":25344,"peer":33120,"mac":"b8:1f:3f:da:81:60","state":"alive","epoch":282,"espnow_ver":2,"mtu":1446,"misses":0,"rssi":-21,"tx":{"frames":441,"cb_ok":441,"cb_fail":0,"enqueue_err":0,"pdr_ppm":1000000},"rx":{"frames":1755,"lost_seqgap":2,"reorder_dup":0,"dropped_bad":0,"hb_lost":3,"bcast_frames":1252,"pdr_ppm":998861},"rtt":{"samples":62,"min_us":5820,"max_us":10954,"timeouts":0,"txq_last_us":7846,"txq_max_us":7846,"remote_turnaround_us":998,"remote_turnaround_max_us":1068,"p50_us":[4000,6000],"p99_us":[8000,11000],"hist":[0,0,0,0,49,11,2,0,0,0,0,0,0,0,0,0]}}
1791632992.742 {"t":"auth","node":25344,"up_ms":127288,"enrolled":1,"required":1,"verified_peers":2,"verified":2,"cache_hits":125,"refused":0,"rate_limited":0,"stale_epoch":0,"verify_us_max":80307,"link_stack_free_b":1028,"crypto_stack_free_b":1268,"tags_ok":882,"bad_tag":0,"replayed":0,"untagged":0,"bcast_dropped":0,"beacon_epoch_ignored":0,"tag_us_max":1079}
1791632992.742 {"t":"act","node":25344,"setpoint":0,"has_value":0,"writes_served":0}
1791632992.742 {"t":"peers","node":25344,"own_period_ms":100,"own_busy":0,"channel":1,"scanning":0,"scans":0,"hops":0,"found":0,"lost_to_found_ms":0,"moves_followed":0,"moves_refused":0,"sweeps":0,"sweep_found":0,"sweeping":0,"search_visits":0,"relay":0,"fwd_u":0,"fwd_b":0,"fwd_h":0,"relay_dup":1306,"list":[{"id":29544,"state":"alive","via_relay":0,"period_ms":100,"misses":6,"busy":1,"rtt_n":63},{"id":33120,"state":"alive","via_relay":0,"period_ms":100,"misses":6,"busy":0,"rtt_n":62}]}
1791632992.742 {"t":"ss","node":25344,"accepted":0,"unsigned":0,"unknown_sender":0,"bad_signature":0,"replayed":0,"rate_limited":0,"verify_us_max":0,"floors":[]}
1791632992.742 {"t":"rec","node":25344,"up_ms":127371,"settled":1,"sent":506,"received":502,"malformed":0,"views":1,"replies_fenced":0,"actors":[{"key":1245650351,"running":1,"term":7,"owner":25344,"owner_term":7,"assigned":25344,"starts":1,"fenced":0,"released":0}]}
1791632993.076 {"t":"node","up_ms":127397,"node":25344,"epoch":243,"peers_alive":2,"peers_dead":0,"no_radio":0,"free_dram":250307,"largest_block":172032,"rx":{"total":7344,"bad_frame":0,"unknown_peer":1213,"wrong_dst":0,"short_payload":0,"unknown_opcode":0,"queue_dropped":52},"tx":{"total":2203,"enqueue_err":0,"done_queue_dropped":0},"membership":{"deaths":0,"revivals":0,"reboots_seen":0,"table_full":0,"events_dropped":0}}
1791632993.076 {"t":"ns","node":25344,"hash":2410274060,"owner":25344,"kind":"sampled","unit":100,"class":4,"bound_ms":0,"quality":"GOOD","age_ms":343,"ts":127083,"updates":12,"value":243}
1791632993.076 {"t":"ns","node":25344,"hash":1274253983,"owner":25344,"kind":"sampled","unit":0,"class":4,"bound_ms":5000,"quality":"GOOD","age_ms":369,"ts":127083,"updates":12,"value":-31}
1791632993.076 {"t":"ns","node":25344,"hash":3354298913,"owner":25344,"kind":"sampled","unit":100,"class":4,"bound_ms":5000,"quality":"GOOD","age_ms":383,"ts":127083,"updates":12,"value":2}
1791632993.076 {"t":"ns","node":25344,"hash":1771187623,"owner":25344,"kind":"sampled","unit":101,"class":4,"bound_ms":30000,"quality":"GOOD","age_ms":398,"ts":127082,"updates":12,"value":250307}
1791632993.076 {"t":"ns","node":25344,"hash":1245650351,"owner":25344,"kind":"sampled","unit":0,"class":3,"bound_ms":500,"quality":"GOOD","age_ms":54,"ts":127440,"updates":1197,"value":1660945581}
1791632993.076 {"t":"ns","node":25344,"hash":2033492666,"owner":25344,"kind":"sampled","unit":0,"class":3,"bound_ms":0,"quality":"NO_DATA","age_ms":0,"ts":0,"updates":0,"value":null}
1791632993.076 {"t":"ns","node":25344,"hash":4103947588,"owner":25344,"kind":"sampled","unit":80,"class":4,"bound_ms":30000,"quality":"GOOD","age_ms":439,"ts":127083,"updates":12,"value":127}
1791632993.076 {"t":"ns","node":25344,"hash":1662441583,"owner":25344,"kind":"sampled","unit":101,"class":4,"bound_ms":30000,"quality":"GOOD","age_ms":454,"ts":127083,"updates":12,"value":172032}
1791633003.210 {"t":"clk","node":25344,"up_ms":137551}
1791633003.210 {"t":"led","node":25344,"shows":"green","app":0}
1791633003.210 {"t":"event","at_ms":127198,"node":25344,"kind":"peer_admitted","peer":33120,"slot":1,"a":0,"b":0}
1791633003.210 {"t":"event","at_ms":128749,"node":25344,"kind":"peer_admitted","peer":29544,"slot":0,"a":0,"b":0}
1791633003.210 {"t":"event","at_ms":129198,"node":25344,"kind":"peer_admitted","peer":33120,"slot":1,"a":0,"b":0}
1791633003.210 {"t":"event","at_ms":130749,"node":25344,"kind":"peer_admitted","peer":29544,"slot":0,"a":0,"b":0}
1791633003.210 {"t":"event","at_ms":131198,"node":25344,"kind":"peer_admitted","peer":33120,"slot":1,"a":0,"b":0}
1791633003.210 {"t":"event","at_ms":132749,"node":25344,"kind":"peer_admitted","peer":29544,"slot":0,"a":0,"b":0}
1791633003.210 {"t":"event","at_ms":133198,"node":25344,"kind":"peer_admitted","peer":33120,"slot":1,"a":0,"b":0}
1791633003.210 {"t":"event","at_ms":134749,"node":25344,"kind":"peer_admitted","peer":29544,"slot":0,"a":0,"b":0}
1791633003.210 {"t":"event","at_ms":135198,"node":25344,"kind":"peer_admitted","peer":33120,"slot":1,"a":0,"b":0}
1791633003.210 {"t":"event","at_ms":136749,"node":25344,"kind":"peer_admitted","peer":29544,"slot":0,"a":0,"b":0}
1791633003.210 {"t":"event","at_ms":137198,"node":25344,"kind":"peer_admitted","peer":33120,"slot":1,"a":0,"b":0}
1791633003.210 {"t":"link","up_ms":137649,"node":25344,"peer":29544,"mac":"b8:1f:3f:da:73:68","state":"alive","epoch":170,"espnow_ver":2,"mtu":1446,"misses":0,"rssi":-31,"tx":{"frames":478,"cb_ok":478,"cb_fail":0,"enqueue_err":0,"pdr_ppm":1000000},"rx":{"frames":1900,"lost_seqgap":0,"reorder_dup":0,"dropped_bad":0,"hb_lost":5,"bcast_frames":1352,"pdr_ppm":1000000},"rtt":{"samples":68,"min_us":5355,"max_us":17101,"timeouts":0,"txq_last_us":5164,"txq_max_us":5164,"remote_turnaround_us":817,"remote_turnaround_max_us":1104,"p50_us":[4000,6000],"p99_us":[16000,22000],"hist":[0,0,0,0,55,11,0,1,1,0,0,0,0,0,0,0]}}
1791633003.210 {"t":"link","up_ms":137703,"node":25344,"peer":33120,"mac":"b8:1f:3f:da:81:60","state":"alive","epoch":282,"espnow_ver":2,"mtu":1446,"misses":0,"rssi":-21,"tx":{"frames":477,"cb_ok":477,"cb_fail":0,"enqueue_err":0,"pdr_ppm":1000000},"rx":{"frames":1900,"lost_seqgap":2,"reorder_dup":0,"dropped_bad":0,"hb_lost":3,"bcast_frames":1356,"pdr_ppm":998948},"rtt":{"samples":67,"min_us":5820,"max_us":10954,"timeouts":0,"txq_last_us":7846,"txq_max_us":7846,"remote_turnaround_us":1036,"remote_turnaround_max_us":1068,"p50_us":[4000,6000],"p99_us":[8000,11000],"hist":[0,0,0,0,53,12,2,0,0,0,0,0,0,0,0,0]}}
1791633003.210 {"t":"auth","node":25344,"up_ms":137757,"enrolled":1,"required":1,"verified_peers":2,"verified":2,"cache_hits":135,"refused":0,"rate_limited":0,"stale_epoch":0,"verify_us_max":80307,"link_stack_free_b":1028,"crypto_stack_free_b":1268,"tags_ok":955,"bad_tag":0,"replayed":0,"untagged":0,"bcast_dropped":0,"beacon_epoch_ignored":0,"tag_us_max":1079}
1791633003.210 {"t":"act","node":25344,"setpoint":0,"has_value":0,"writes_served":0}
1791633003.210 {"t":"peers","node":25344,"own_period_ms":100,"own_busy":0,"channel":1,"scanning":0,"scans":0,"hops":0,"found":0,"lost_to_found_ms":0,"moves_followed":0,"moves_refused":0,"sweeps":0,"sweep_found":0,"sweeping":0,"search_visits":0,"relay":0,"fwd_u":0,"fwd_b":0,"fwd_h":0,"relay_dup":1416,"list":[{"id":29544,"state":"alive","via_relay":0,"period_ms":100,"misses":6,"busy":1,"rtt_n":68},{"id":33120,"state":"alive","via_relay":0,"period_ms":100,"misses":6,"busy":0,"rtt_n":68}]}
1791633003.210 {"t":"ss","node":25344,"accepted":0,"unsigned":0,"unknown_sender":0,"bad_signature":0,"replayed":0,"rate_limited":0,"verify_us_max":0,"floors":[]}
1791633003.210 {"t":"rec","node":25344,"up_ms":137840,"settled":1,"sent":548,"received":544,"malformed":0,"views":1,"replies_fenced":0,"actors":[{"key":1245650351,"running":1,"term":7,"owner":25344,"owner_term":7,"assigned":25344,"starts":1,"fenced":0,"released":0}]}
1791633003.541 {"t":"node","up_ms":137867,"node":25344,"epoch":243,"peers_alive":2,"peers_dead":0,"no_radio":0,"free_dram":250307,"largest_block":172032,"rx":{"total":7960,"bad_frame":0,"unknown_peer":1313,"wrong_dst":0,"short_payload":0,"unknown_opcode":0,"queue_dropped":52},"tx":{"total":2388,"enqueue_err":0,"done_queue_dropped":0},"membership":{"deaths":0,"revivals":0,"reboots_seen":0,"table_full":0,"events_dropped":0}}
1791633003.541 {"t":"ns","node":25344,"hash":2410274060,"owner":25344,"kind":"sampled","unit":100,"class":4,"bound_ms":0,"quality":"GOOD","age_ms":344,"ts":137552,"updates":13,"value":243}
1791633003.541 {"t":"ns","node":25344,"hash":1274253983,"owner":25344,"kind":"sampled","unit":0,"class":4,"bound_ms":5000,"quality":"GOOD","age_ms":368,"ts":137553,"updates":13,"value":-31}
1791633003.541 {"t":"ns","node":25344,"hash":3354298913,"owner":25344,"kind":"sampled","unit":100,"class":4,"bound_ms":5000,"quality":"GOOD","age_ms":382,"ts":137553,"updates":13,"value":2}
1791633003.541 {"t":"ns","node":25344,"hash":1771187623,"owner":25344,"kind":"sampled","unit":101,"class":4,"bound_ms":30000,"quality":"GOOD","age_ms":397,"ts":137552,"updates":13,"value":250307}
1791633003.541 {"t":"ns","node":25344,"hash":1245650351,"owner":25344,"kind":"sampled","unit":0,"class":3,"bound_ms":500,"quality":"GOOD","age_ms":23,"ts":137940,"updates":1302,"value":1660945686}
1791633003.541 {"t":"ns","node":25344,"hash":2033492666,"owner":25344,"kind":"sampled","unit":0,"class":3,"bound_ms":0,"quality":"NO_DATA","age_ms":0,"ts":0,"updates":0,"value":null}
1791633003.541 {"t":"ns","node":25344,"hash":4103947588,"owner":25344,"kind":"sampled","unit":80,"class":4,"bound_ms":30000,"quality":"GOOD","age_ms":439,"ts":137552,"updates":13,"value":137}
1791633003.541 {"t":"ns","node":25344,"hash":1662441583,"owner":25344,"kind":"sampled","unit":101,"class":4,"bound_ms":30000,"quality":"GOOD","age_ms":454,"ts":137552,"updates":13,"value":172032}
1791633013.679 {"t":"clk","node":25344,"up_ms":148020}
1791633013.679 {"t":"led","node":25344,"shows":"green","app":0}
1791633013.679 {"t":"event","at_ms":138749,"node":25344,"kind":"peer_admitted","peer":29544,"slot":0,"a":0,"b":0}
1791633013.679 {"t":"event","at_ms":139198,"node":25344,"kind":"peer_admitted","peer":33120,"slot":1,"a":0,"b":0}
1791633013.679 {"t":"event","at_ms":140749,"node":25344,"kind":"peer_admitted","peer":29544,"slot":0,"a":0,"b":0}
1791633013.679 {"t":"event","at_ms":141200,"node":25344,"kind":"peer_admitted","peer":33120,"slot":1,"a":0,"b":0}
1791633013.679 {"t":"event","at_ms":142749,"node":25344,"kind":"peer_admitted","peer":29544,"slot":0,"a":0,"b":0}
1791633013.679 {"t":"event","at_ms":143198,"node":25344,"kind":"peer_admitted","peer":33120,"slot":1,"a":0,"b":0}
1791633013.679 {"t":"event","at_ms":144751,"node":25344,"kind":"peer_admitted","peer":29544,"slot":0,"a":0,"b":0}
1791633013.679 {"t":"event","at_ms":145199,"node":25344,"kind":"peer_admitted","peer":33120,"slot":1,"a":0,"b":0}
1791633013.679 {"t":"event","at_ms":146749,"node":25344,"kind":"peer_admitted","peer":29544,"slot":0,"a":0,"b":0}
1791633013.679 {"t":"event","at_ms":147198,"node":25344,"kind":"peer_admitted","peer":33120,"slot":1,"a":0,"b":0}
1791633013.679 {"t":"link","up_ms":148105,"node":25344,"peer":29544,"mac":"b8:1f:3f:da:73:68","state":"alive","epoch":170,"espnow_ver":2,"mtu":1446,"misses":0,"rssi":-31,"tx":{"frames":514,"cb_ok":514,"cb_fail":0,"enqueue_err":0,"pdr_ppm":1000000},"rx":{"frames":2047,"lost_seqgap":0,"reorder_dup":0,"dropped_bad":0,"hb_lost":5,"bcast_frames":1457,"pdr_ppm":1000000},"rtt":{"samples":73,"min_us":5355,"max_us":17101,"timeouts":0,"txq_last_us":5164,"txq_max_us":5164,"remote_turnaround_us":730,"remote_turnaround_max_us":1104,"p50_us":[4000,6000],"p99_us":[16000,22000],"hist":[0,0,0,0,59,12,0,1,1,0,0,0,0,0,0,0]}}
1791633013.679 {"t":"link","up_ms":148159,"node":25344,"peer":33120,"mac":"b8:1f:3f:da:81:60","state":"alive","epoch":282,"espnow_ver":2,"mtu":1446,"misses":0,"rssi":-22,"tx":{"frames":514,"cb_ok":514,"cb_fail":0,"enqueue_err":0,"pdr_ppm":1000000},"rx":{"frames":2048,"lost_seqgap":2,"reorder_dup":0,"dropped_bad":0,"hb_lost":3,"bcast_frames":1461,"pdr_ppm":999024},"rtt":{"samples":73,"min_us":5820,"max_us":11989,"timeouts":0,"txq_last_us":7846,"txq_max_us":7846,"remote_turnaround_us":973,"remote_turnaround_max_us":1068,"p50_us":[4000,6000],"p99_us":[11000,16000],"hist":[0,0,0,0,57,13,2,1,0,0,0,0,0,0,0,0]}}
1791633013.679 {"t":"auth","node":25344,"up_ms":148213,"enrolled":1,"required":1,"verified_peers":2,"verified":2,"cache_hits":145,"refused":0,"rate_limited":0,"stale_epoch":0,"verify_us_max":80307,"link_stack_free_b":1028,"crypto_stack_free_b":1268,"tags_ok":1030,"bad_tag":0,"replayed":0,"untagged":0,"bcast_dropped":0,"beacon_epoch_ignored":0,"tag_us_max":1079}
1791633013.679 {"t":"act","node":25344,"setpoint":0,"has_value":0,"writes_served":0}
1791633013.679 {"t":"peers","node":25344,"own_period_ms":100,"own_busy":0,"channel":1,"scanning":0,"scans":0,"hops":0,"found":0,"lost_to_found_ms":0,"moves_followed":0,"moves_refused":0,"sweeps":0,"sweep_found":0,"sweeping":0,"search_visits":0,"relay":0,"fwd_u":0,"fwd_b":0,"fwd_h":0,"relay_dup":1526,"list":[{"id":29544,"state":"alive","via_relay":0,"period_ms":100,"misses":6,"busy":1,"rtt_n":73},{"id":33120,"state":"alive","via_relay":0,"period_ms":100,"misses":6,"busy":0,"rtt_n":73}]}
1791633013.679 {"t":"ss","node":25344,"accepted":0,"unsigned":0,"unknown_sender":0,"bad_signature":0,"replayed":0,"rate_limited":0,"verify_us_max":0,"floors":[]}
1791633013.679 {"t":"rec","node":25344,"up_ms":148308,"settled":1,"sent":590,"received":586,"malformed":0,"views":1,"replies_fenced":0,"actors":[{"key":1245650351,"running":1,"term":7,"owner":25344,"owner_term":7,"assigned":25344,"starts":1,"fenced":0,"released":0}]}
1791633013.679 {"t":"node","up_ms":148323,"node":25344,"epoch":243,"peers_alive":2,"peers_dead":0,"no_radio":0,"free_dram":250307,"largest_block":172032,"rx":{"total":8567,"bad_frame":0,"unknown_peer":1411,"wrong_dst":0,"short_payload":0,"unknown_opcode":0,"queue_dropped":52},"tx":{"total":2569,"enqueue_err":0,"done_queue_dropped":0},"membership":{"deaths":0,"revivals":0,"reboots_seen":0,"table_full":0,"events_dropped":0}}
1791633014.003 {"t":"ns","node":25344,"hash":2410274060,"owner":25344,"kind":"sampled","unit":100,"class":4,"bound_ms":0,"quality":"GOOD","age_ms":342,"ts":148021,"updates":14,"value":243}
1791633014.003 {"t":"ns","node":25344,"hash":1274253983,"owner":25344,"kind":"sampled","unit":0,"class":4,"bound_ms":5000,"quality":"GOOD","age_ms":355,"ts":148022,"updates":14,"value":-31}
1791633014.003 {"t":"ns","node":25344,"hash":3354298913,"owner":25344,"kind":"sampled","unit":100,"class":4,"bound_ms":5000,"quality":"GOOD","age_ms":369,"ts":148022,"updates":14,"value":2}
1791633014.003 {"t":"ns","node":25344,"hash":1771187623,"owner":25344,"kind":"sampled","unit":101,"class":4,"bound_ms":30000,"quality":"GOOD","age_ms":384,"ts":148021,"updates":14,"value":250307}
1791633014.003 {"t":"ns","node":25344,"hash":1245650351,"owner":25344,"kind":"sampled","unit":0,"class":3,"bound_ms":500,"quality":"GOOD","age_ms":79,"ts":148340,"updates":1406,"value":1660945790}
1791633014.003 {"t":"ns","node":25344,"hash":2033492666,"owner":25344,"kind":"sampled","unit":0,"class":3,"bound_ms":0,"quality":"NO_DATA","age_ms":0,"ts":0,"updates":0,"value":null}
1791633014.003 {"t":"ns","node":25344,"hash":4103947588,"owner":25344,"kind":"sampled","unit":80,"class":4,"bound_ms":30000,"quality":"GOOD","age_ms":437,"ts":148021,"updates":14,"value":148}
1791633014.003 {"t":"ns","node":25344,"hash":1662441583,"owner":25344,"kind":"sampled","unit":101,"class":4,"bound_ms":30000,"quality":"GOOD","age_ms":452,"ts":148021,"updates":14,"value":172032}
1791633024.147 {"t":"clk","node":25344,"up_ms":158487}
1791633024.147 {"t":"led","node":25344,"shows":"green","app":0}
1791633024.147 {"t":"event","at_ms":148749,"node":25344,"kind":"peer_admitted","peer":29544,"slot":0,"a":0,"b":0}
1791633024.147 {"t":"event","at_ms":149198,"node":25344,"kind":"peer_admitted","peer":33120,"slot":1,"a":0,"b":0}
1791633024.147 {"t":"event","at_ms":150749,"node":25344,"kind":"peer_admitted","peer":29544,"slot":0,"a":0,"b":0}
1791633024.147 {"t":"event","at_ms":151198,"node":25344,"kind":"peer_admitted","peer":33120,"slot":1,"a":0,"b":0}
1791633024.147 {"t":"event","at_ms":152749,"node":25344,"kind":"peer_admitted","peer":29544,"slot":0,"a":0,"b":0}
1791633024.147 {"t":"event","at_ms":153200,"node":25344,"kind":"peer_admitted","peer":33120,"slot":1,"a":0,"b":0}
1791633024.147 {"t":"event","at_ms":154749,"node":25344,"kind":"peer_admitted","peer":29544,"slot":0,"a":0,"b":0}
1791633024.147 {"t":"event","at_ms":155198,"node":25344,"kind":"peer_admitted","peer":33120,"slot":1,"a":0,"b":0}
1791633024.147 {"t":"event","at_ms":156749,"node":25344,"kind":"peer_admitted","peer":29544,"slot":0,"a":0,"b":0}
1791633024.147 {"t":"event","at_ms":157198,"node":25344,"kind":"peer_admitted","peer":33120,"slot":1,"a":0,"b":0}
1791633024.147 {"t":"link","up_ms":158572,"node":25344,"peer":29544,"mac":"b8:1f:3f:da:73:68","state":"alive","epoch":170,"espnow_ver":2,"mtu":1446,"misses":0,"rssi":-31,"tx":{"frames":550,"cb_ok":550,"cb_fail":0,"enqueue_err":0,"pdr_ppm":1000000},"rx":{"frames":2191,"lost_seqgap":0,"reorder_dup":0,"dropped_bad":0,"hb_lost":5,"bcast_frames":1561,"pdr_ppm":1000000},"rtt":{"samples":78,"min_us":5355,"max_us":17101,"timeouts":0,"txq_last_us":5164,"txq_max_us":5164,"remote_turnaround_us":840,"remote_turnaround_max_us":1104,"p50_us":[4000,6000],"p99_us":[16000,22000],"hist":[0,0,0,0,63,12,1,1,1,0,0,0,0,0,0,0]}}
1791633024.147 {"t":"link","up_ms":158626,"node":25344,"peer":33120,"mac":"b8:1f:3f:da:81:60","state":"alive","epoch":282,"espnow_ver":2,"mtu":1446,"misses":0,"rssi":-23,"tx":{"frames":550,"cb_ok":550,"cb_fail":0,"enqueue_err":0,"pdr_ppm":1000000},"rx":{"frames":2193,"lost_seqgap":2,"reorder_dup":0,"dropped_bad":0,"hb_lost":3,"bcast_frames":1565,"pdr_ppm":999088},"rtt":{"samples":78,"min_us":5800,"max_us":11989,"timeouts":0,"txq_last_us":7846,"txq_max_us":7846,"remote_turnaround_us":967,"remote_turnaround_max_us":1068,"p50_us":[4000,6000],"p99_us":[11000,16000],"hist":[0,0,0,0,61,13,3,1,0,0,0,0,0,0,0,0]}}
1791633024.147 {"t":"auth","node":25344,"up_ms":158680,"enrolled":1,"required":1,"verified_peers":2,"verified":2,"cache_hits":155,"refused":0,"rate_limited":0,"stale_epoch":0,"verify_us_max":80307,"link_stack_free_b":1028,"crypto_stack_free_b":1268,"tags_ok":1102,"bad_tag":0,"replayed":0,"untagged":0,"bcast_dropped":0,"beacon_epoch_ignored":0,"tag_us_max":1079}
1791633024.147 {"t":"act","node":25344,"setpoint":0,"has_value":0,"writes_served":0}
1791633024.147 {"t":"peers","node":25344,"own_period_ms":100,"own_busy":0,"channel":1,"scanning":0,"scans":0,"hops":0,"found":0,"lost_to_found_ms":0,"moves_followed":0,"moves_refused":0,"sweeps":0,"sweep_found":0,"sweeping":0,"search_visits":0,"relay":0,"fwd_u":0,"fwd_b":0,"fwd_h":0,"relay_dup":1634,"list":[{"id":29544,"state":"alive","via_relay":0,"period_ms":100,"misses":6,"busy":1,"rtt_n":78},{"id":33120,"state":"alive","via_relay":0,"period_ms":100,"misses":6,"busy":0,"rtt_n":78}]}
1791633024.147 {"t":"ss","node":25344,"accepted":0,"unsigned":0,"unknown_sender":0,"bad_signature":0,"replayed":0,"rate_limited":0,"verify_us_max":0,"floors":[]}
1791633024.147 {"t":"rec","node":25344,"up_ms":158776,"settled":1,"sent":632,"received":628,"malformed":0,"views":1,"replies_fenced":0,"actors":[{"key":1245650351,"running":1,"term":7,"owner":25344,"owner_term":7,"assigned":25344,"starts":1,"fenced":0,"released":0}]}
1791633024.147 {"t":"node","up_ms":158791,"node":25344,"epoch":243,"peers_alive":2,"peers_dead":0,"no_radio":0,"free_dram":250307,"largest_block":172032,"rx":{"total":9179,"bad_frame":0,"unknown_peer":1511,"wrong_dst":0,"short_payload":0,"unknown_opcode":0,"queue_dropped":52},"tx":{"total":2753,"enqueue_err":0,"done_queue_dropped":0},"membership":{"deaths":0,"revivals":0,"reboots_seen":0,"table_full":0,"events_dropped":0}}
1791633024.477 {"t":"ns","node":25344,"hash":2410274060,"owner":25344,"kind":"sampled","unit":100,"class":4,"bound_ms":0,"quality":"GOOD","age_ms":342,"ts":158489,"updates":15,"value":243}
1791633024.477 {"t":"ns","node":25344,"hash":1274253983,"owner":25344,"kind":"sampled","unit":0,"class":4,"bound_ms":5000,"quality":"GOOD","age_ms":357,"ts":158489,"updates":15,"value":-31}
1791633024.477 {"t":"ns","node":25344,"hash":3354298913,"owner":25344,"kind":"sampled","unit":100,"class":4,"bound_ms":5000,"quality":"GOOD","age_ms":371,"ts":158489,"updates":15,"value":2}
1791633024.477 {"t":"ns","node":25344,"hash":1771187623,"owner":25344,"kind":"sampled","unit":101,"class":4,"bound_ms":30000,"quality":"GOOD","age_ms":385,"ts":158488,"updates":15,"value":250307}
1791633024.477 {"t":"ns","node":25344,"hash":1245650351,"owner":25344,"kind":"sampled","unit":0,"class":3,"bound_ms":500,"quality":"GOOD","age_ms":47,"ts":158840,"updates":1511,"value":1660945895}
1791633024.477 {"t":"ns","node":25344,"hash":2033492666,"owner":25344,"kind":"sampled","unit":0,"class":3,"bound_ms":0,"quality":"NO_DATA","age_ms":0,"ts":0,"updates":0,"value":null}
1791633024.477 {"t":"ns","node":25344,"hash":4103947588,"owner":25344,"kind":"sampled","unit":80,"class":4,"bound_ms":30000,"quality":"GOOD","age_ms":427,"ts":158488,"updates":15,"value":158}
1791633024.477 {"t":"ns","node":25344,"hash":1662441583,"owner":25344,"kind":"sampled","unit":101,"class":4,"bound_ms":30000,"quality":"GOOD","age_ms":453,"ts":158488,"updates":15,"value":172032}
1791633034.616 {"t":"clk","node":25344,"up_ms":168956}
1791633034.616 {"t":"led","node":25344,"shows":"green","app":0}
1791633034.616 {"t":"event","at_ms":158749,"node":25344,"kind":"peer_admitted","peer":29544,"slot":0,"a":0,"b":0}
1791633034.616 {"t":"event","at_ms":159198,"node":25344,"kind":"peer_admitted","peer":33120,"slot":1,"a":0,"b":0}
1791633034.616 {"t":"event","at_ms":160749,"node":25344,"kind":"peer_admitted","peer":29544,"slot":0,"a":0,"b":0}
1791633034.616 {"t":"event","at_ms":161198,"node":25344,"kind":"peer_admitted","peer":33120,"slot":1,"a":0,"b":0}
1791633034.616 {"t":"event","at_ms":162749,"node":25344,"kind":"peer_admitted","peer":29544,"slot":0,"a":0,"b":0}
1791633034.616 {"t":"event","at_ms":163198,"node":25344,"kind":"peer_admitted","peer":33120,"slot":1,"a":0,"b":0}
1791633034.616 {"t":"event","at_ms":164751,"node":25344,"kind":"peer_admitted","peer":29544,"slot":0,"a":0,"b":0}
1791633034.616 {"t":"event","at_ms":165198,"node":25344,"kind":"peer_admitted","peer":33120,"slot":1,"a":0,"b":0}
1791633034.616 {"t":"event","at_ms":166749,"node":25344,"kind":"peer_admitted","peer":29544,"slot":0,"a":0,"b":0}
1791633034.616 {"t":"event","at_ms":167198,"node":25344,"kind":"peer_admitted","peer":33120,"slot":1,"a":0,"b":0}
1791633034.616 {"t":"event","at_ms":168749,"node":25344,"kind":"peer_admitted","peer":29544,"slot":0,"a":0,"b":0}
1791633034.616 {"t":"link","up_ms":169055,"node":25344,"peer":29544,"mac":"b8:1f:3f:da:73:68","state":"alive","epoch":170,"espnow_ver":2,"mtu":1446,"misses":0,"rssi":-32,"tx":{"frames":588,"cb_ok":588,"cb_fail":0,"enqueue_err":0,"pdr_ppm":1000000},"rx":{"frames":2339,"lost_seqgap":0,"reorder_dup":0,"dropped_bad":0,"hb_lost":5,"bcast_frames":1666,"pdr_ppm":1000000},"rtt":{"samples":84,"min_us":5355,"max_us":17101,"timeouts":0,"txq_last_us":5164,"txq_max_us":5164,"remote_turnaround_us":729,"remote_turnaround_max_us":1104,"p50_us":[4000,6000],"p99_us":[16000,22000],"hist":[0,0,0,0,68,13,1,1,1,0,0,0,0,0,0,0]}}
1791633034.616 {"t":"link","up_ms":169109,"node":25344,"peer":33120,"mac":"b8:1f:3f:da:81:60","state":"alive","epoch":282,"espnow_ver":2,"mtu":1446,"misses":0,"rssi":-22,"tx":{"frames":586,"cb_ok":586,"cb_fail":0,"enqueue_err":0,"pdr_ppm":1000000},"rx":{"frames":2339,"lost_seqgap":2,"reorder_dup":0,"dropped_bad":0,"hb_lost":3,"bcast_frames":1670,"pdr_ppm":999145},"rtt":{"samples":83,"min_us":5800,"max_us":11989,"timeouts":0,"txq_last_us":7846,"txq_max_us":7846,"remote_turnaround_us":957,"remote_turnaround_max_us":1068,"p50_us":[4000,6000],"p99_us":[11000,16000],"hist":[0,0,0,0,66,13,3,1,0,0,0,0,0,0,0,0]}}
1791633034.616 {"t":"auth","node":25344,"up_ms":169163,"enrolled":1,"required":1,"verified_peers":2,"verified":2,"cache_hits":166,"refused":0,"rate_limited":0,"stale_epoch":0,"verify_us_max":80307,"link_stack_free_b":1028,"crypto_stack_free_b":1268,"tags_ok":1175,"bad_tag":0,"replayed":0,"untagged":0,"bcast_dropped":0,"beacon_epoch_ignored":0,"tag_us_max":1079}
1791633034.616 {"t":"act","node":25344,"setpoint":0,"has_value":0,"writes_served":0}
1791633034.616 {"t":"peers","node":25344,"own_period_ms":100,"own_busy":0,"channel":1,"scanning":0,"scans":0,"hops":0,"found":0,"lost_to_found_ms":0,"moves_followed":0,"moves_refused":0,"sweeps":0,"sweep_found":0,"sweeping":0,"search_visits":0,"relay":0,"fwd_u":0,"fwd_b":0,"fwd_h":0,"relay_dup":1744,"list":[{"id":29544,"state":"alive","via_relay":0,"period_ms":100,"misses":6,"busy":1,"rtt_n":84},{"id":33120,"state":"alive","via_relay":0,"period_ms":100,"misses":6,"busy":0,"rtt_n":83}]}
1791633034.616 {"t":"ss","node":25344,"accepted":0,"unsigned":0,"unknown_sender":0,"bad_signature":0,"replayed":0,"rate_limited":0,"verify_us_max":0,"floors":[]}
1791633034.616 {"t":"rec","node":25344,"up_ms":169247,"settled":1,"sent":673,"received":670,"malformed":0,"views":1,"replies_fenced":0,"actors":[{"key":1245650351,"running":1,"term":7,"owner":25344,"owner_term":7,"assigned":25344,"starts":1,"fenced":0,"released":0}]}
1791633034.948 {"t":"node","up_ms":169273,"node":25344,"epoch":243,"peers_alive":2,"peers_dead":0,"no_radio":0,"free_dram":250307,"largest_block":172032,"rx":{"total":9794,"bad_frame":0,"unknown_peer":1611,"wrong_dst":0,"short_payload":0,"unknown_opcode":0,"queue_dropped":52},"tx":{"total":2936,"enqueue_err":0,"done_queue_dropped":0},"membership":{"deaths":0,"revivals":0,"reboots_seen":0,"table_full":0,"events_dropped":0}}
1791633034.948 {"t":"ns","node":25344,"hash":2410274060,"owner":25344,"kind":"sampled","unit":100,"class":4,"bound_ms":0,"quality":"GOOD","age_ms":345,"ts":168957,"updates":16,"value":243}
1791633034.948 {"t":"ns","node":25344,"hash":1274253983,"owner":25344,"kind":"sampled","unit":0,"class":4,"bound_ms":5000,"quality":"GOOD","age_ms":369,"ts":168958,"updates":16,"value":-31}
1791633034.948 {"t":"ns","node":25344,"hash":3354298913,"owner":25344,"kind":"sampled","unit":100,"class":4,"bound_ms":5000,"quality":"GOOD","age_ms":383,"ts":168958,"updates":16,"value":2}
1791633034.948 {"t":"ns","node":25344,"hash":1771187623,"owner":25344,"kind":"sampled","unit":101,"class":4,"bound_ms":30000,"quality":"GOOD","age_ms":399,"ts":168957,"updates":16,"value":250307}
1791633034.948 {"t":"ns","node":25344,"hash":1245650351,"owner":25344,"kind":"sampled","unit":0,"class":3,"bound_ms":500,"quality":"GOOD","age_ms":27,"ts":169343,"updates":1616,"value":1660946000}
1791633034.948 {"t":"ns","node":25344,"hash":2033492666,"owner":25344,"kind":"sampled","unit":0,"class":3,"bound_ms":0,"quality":"NO_DATA","age_ms":0,"ts":0,"updates":0,"value":null}
1791633034.948 {"t":"ns","node":25344,"hash":4103947588,"owner":25344,"kind":"sampled","unit":80,"class":4,"bound_ms":30000,"quality":"GOOD","age_ms":441,"ts":168957,"updates":16,"value":168}
1791633034.948 {"t":"ns","node":25344,"hash":1662441583,"owner":25344,"kind":"sampled","unit":101,"class":4,"bound_ms":30000,"quality":"GOOD","age_ms":455,"ts":168957,"updates":16,"value":172032}
1791633045.084 {"t":"clk","node":25344,"up_ms":179426}
1791633045.084 {"t":"led","node":25344,"shows":"green","app":0}
1791633045.084 {"t":"event","at_ms":169198,"node":25344,"kind":"peer_admitted","peer":33120,"slot":1,"a":0,"b":0}
1791633045.084 {"t":"event","at_ms":170749,"node":25344,"kind":"peer_admitted","peer":29544,"slot":0,"a":0,"b":0}
1791633045.084 {"t":"event","at_ms":171198,"node":25344,"kind":"peer_admitted","peer":33120,"slot":1,"a":0,"b":0}
1791633045.084 {"t":"event","at_ms":172775,"node":25344,"kind":"peer_admitted","peer":29544,"slot":0,"a":0,"b":0}
1791633045.084 {"t":"event","at_ms":173198,"node":25344,"kind":"peer_admitted","peer":33120,"slot":1,"a":0,"b":0}
1791633045.084 {"t":"event","at_ms":174749,"node":25344,"kind":"peer_admitted","peer":29544,"slot":0,"a":0,"b":0}
1791633045.084 {"t":"event","at_ms":175198,"node":25344,"kind":"peer_admitted","peer":33120,"slot":1,"a":0,"b":0}
1791633045.084 {"t":"event","at_ms":176749,"node":25344,"kind":"peer_admitted","peer":29544,"slot":0,"a":0,"b":0}
1791633045.084 {"t":"event","at_ms":177198,"node":25344,"kind":"peer_admitted","peer":33120,"slot":1,"a":0,"b":0}
1791633045.084 {"t":"event","at_ms":178749,"node":25344,"kind":"peer_admitted","peer":29544,"slot":0,"a":0,"b":0}
1791633045.084 {"t":"event","at_ms":179198,"node":25344,"kind":"peer_admitted","peer":33120,"slot":1,"a":0,"b":0}
1791633045.084 {"t":"link","up_ms":179524,"node":25344,"peer":29544,"mac":"b8:1f:3f:da:73:68","state":"alive","epoch":170,"espnow_ver":2,"mtu":1446,"misses":0,"rssi":-31,"tx":{"frames":624,"cb_ok":624,"cb_fail":0,"enqueue_err":0,"pdr_ppm":1000000},"rx":{"frames":2485,"lost_seqgap":0,"reorder_dup":0,"dropped_bad":0,"hb_lost":5,"bcast_frames":1771,"pdr_ppm":1000000},"rtt":{"samples":89,"min_us":5355,"max_us":17101,"timeouts":0,"txq_last_us":1053,"txq_max_us":5164,"remote_turnaround_us":840,"remote_turnaround_max_us":1104,"p50_us":[4000,6000],"p99_us":[16000,22000],"hist":[0,0,0,0,72,14,1,1,1,0,0,0,0,0,0,0]}}
1791633045.084 {"t":"link","up_ms":179578,"node":25344,"peer":33120,"mac":"b8:1f:3f:da:81:60","state":"alive","epoch":282,"espnow_ver":2,"mtu":1446,"misses":0,"rssi":-22,"tx":{"frames":624,"cb_ok":624,"cb_fail":0,"enqueue_err":0,"pdr_ppm":1000000},"rx":{"frames":2487,"lost_seqgap":2,"reorder_dup":0,"dropped_bad":0,"hb_lost":3,"bcast_frames":1775,"pdr_ppm":999196},"rtt":{"samples":88,"min_us":5800,"max_us":11989,"timeouts":0,"txq_last_us":7846,"txq_max_us":7846,"remote_turnaround_us":1189,"remote_turnaround_max_us":1189,"p50_us":[4000,6000],"p99_us":[11000,16000],"hist":[0,0,0,0,68,15,4,1,0,0,0,0,0,0,0,0]}}
1791633045.084 {"t":"auth","node":25344,"up_ms":179633,"enrolled":1,"required":1,"verified_peers":2,"verified":2,"cache_hits":177,"refused":0,"rate_limited":0,"stale_epoch":0,"verify_us_max":80307,"link_stack_free_b":1028,"crypto_stack_free_b":1268,"tags_ok":1249,"bad_tag":0,"replayed":0,"untagged":0,"bcast_dropped":0,"beacon_epoch_ignored":0,"tag_us_max":1079}
1791633045.084 {"t":"act","node":25344,"setpoint":0,"has_value":0,"writes_served":0}
1791633045.084 {"t":"peers","node":25344,"own_period_ms":100,"own_busy":0,"channel":1,"scanning":0,"scans":0,"hops":0,"found":0,"lost_to_found_ms":0,"moves_followed":0,"moves_refused":0,"sweeps":0,"sweep_found":0,"sweeping":0,"search_visits":0,"relay":0,"fwd_u":0,"fwd_b":0,"fwd_h":0,"relay_dup":1855,"list":[{"id":29544,"state":"alive","via_relay":0,"period_ms":100,"misses":6,"busy":1,"rtt_n":89},{"id":33120,"state":"alive","via_relay":0,"period_ms":100,"misses":6,"busy":0,"rtt_n":88}]}
1791633045.084 {"t":"ss","node":25344,"accepted":0,"unsigned":0,"unknown_sender":0,"bad_signature":0,"replayed":0,"rate_limited":0,"verify_us_max":0,"floors":[]}
1791633045.084 {"t":"rec","node":25344,"up_ms":179716,"settled":1,"sent":715,"received":712,"malformed":0,"views":1,"replies_fenced":0,"actors":[{"key":1245650351,"running":1,"term":7,"owner":25344,"owner_term":7,"assigned":25344,"starts":1,"fenced":0,"released":0}]}
1791633045.419 {"t":"node","up_ms":179742,"node":25344,"epoch":243,"peers_alive":2,"peers_dead":0,"no_radio":0,"free_dram":250307,"largest_block":172032,"rx":{"total":10406,"bad_frame":0,"unknown_peer":1711,"wrong_dst":0,"short_payload":0,"unknown_opcode":0,"queue_dropped":52},"tx":{"total":3119,"enqueue_err":0,"done_queue_dropped":0},"membership":{"deaths":0,"revivals":0,"reboots_seen":0,"table_full":0,"events_dropped":0}}
1791633045.419 {"t":"ns","node":25344,"hash":2410274060,"owner":25344,"kind":"sampled","unit":100,"class":4,"bound_ms":0,"quality":"GOOD","age_ms":344,"ts":179427,"updates":17,"value":243}
1791633045.419 {"t":"ns","node":25344,"hash":1274253983,"owner":25344,"kind":"sampled","unit":0,"class":4,"bound_ms":5000,"quality":"GOOD","age_ms":369,"ts":179428,"updates":17,"value":-31}
1791633045.419 {"t":"ns","node":25344,"hash":3354298913,"owner":25344,"kind":"sampled","unit":100,"class":4,"bound_ms":5000,"quality":"GOOD","age_ms":383,"ts":179428,"updates":17,"value":2}
1791633045.419 {"t":"ns","node":25344,"hash":1771187623,"owner":25344,"kind":"sampled","unit":101,"class":4,"bound_ms":30000,"quality":"GOOD","age_ms":398,"ts":179427,"updates":17,"value":250307}
1791633045.419 {"t":"ns","node":25344,"hash":1245650351,"owner":25344,"kind":"sampled","unit":0,"class":3,"bound_ms":500,"quality":"GOOD","age_ms":50,"ts":179789,"updates":1720,"value":1660946104}
1791633045.419 {"t":"ns","node":25344,"hash":2033492666,"owner":25344,"kind":"sampled","unit":0,"class":3,"bound_ms":0,"quality":"NO_DATA","age_ms":0,"ts":0,"updates":0,"value":null}
1791633045.419 {"t":"ns","node":25344,"hash":4103947588,"owner":25344,"kind":"sampled","unit":80,"class":4,"bound_ms":30000,"quality":"GOOD","age_ms":440,"ts":179427,"updates":17,"value":179}
1791633045.419 {"t":"ns","node":25344,"hash":1662441583,"owner":25344,"kind":"sampled","unit":101,"class":4,"bound_ms":30000,"quality":"GOOD","age_ms":454,"ts":179427,"updates":17,"value":172032}
1791633055.553 {"t":"clk","node":25344,"up_ms":189896}
1791633055.553 {"t":"led","node":25344,"shows":"green","app":0}
1791633055.553 {"t":"event","at_ms":180749,"node":25344,"kind":"peer_admitted","peer":29544,"slot":0,"a":0,"b":0}
1791633055.553 {"t":"event","at_ms":181198,"node":25344,"kind":"peer_admitted","peer":33120,"slot":1,"a":0,"b":0}
1791633055.553 {"t":"event","at_ms":182749,"node":25344,"kind":"peer_admitted","peer":29544,"slot":0,"a":0,"b":0}
1791633055.553 {"t":"event","at_ms":183198,"node":25344,"kind":"peer_admitted","peer":33120,"slot":1,"a":0,"b":0}
1791633055.553 {"t":"event","at_ms":184749,"node":25344,"kind":"peer_admitted","peer":29544,"slot":0,"a":0,"b":0}
1791633055.553 {"t":"event","at_ms":185201,"node":25344,"kind":"peer_admitted","peer":33120,"slot":1,"a":0,"b":0}
1791633055.553 {"t":"event","at_ms":186750,"node":25344,"kind":"peer_admitted","peer":29544,"slot":0,"a":0,"b":0}
1791633055.553 {"t":"event","at_ms":187198,"node":25344,"kind":"peer_admitted","peer":33120,"slot":1,"a":0,"b":0}
1791633055.553 {"t":"event","at_ms":188749,"node":25344,"kind":"peer_admitted","peer":29544,"slot":0,"a":0,"b":0}
1791633055.553 {"t":"event","at_ms":189198,"node":25344,"kind":"peer_admitted","peer":33120,"slot":1,"a":0,"b":0}
1791633055.553 {"t":"link","up_ms":189982,"node":25344,"peer":29544,"mac":"b8:1f:3f:da:73:68","state":"alive","epoch":170,"espnow_ver":2,"mtu":1446,"misses":0,"rssi":-31,"tx":{"frames":661,"cb_ok":661,"cb_fail":0,"enqueue_err":0,"pdr_ppm":1000000},"rx":{"frames":2632,"lost_seqgap":0,"reorder_dup":0,"dropped_bad":0,"hb_lost":5,"bcast_frames":1875,"pdr_ppm":1000000},"rtt":{"samples":94,"min_us":5355,"max_us":17101,"timeouts":0,"txq_last_us":1053,"txq_max_us":5164,"remote_turnaround_us":801,"remote_turnaround_max_us":1104,"p50_us":[4000,6000],"p99_us":[16000,22000],"hist":[0,0,0,0,75,16,1,1,1,0,0,0,0,0,0,0]}}
1791633055.553 {"t":"link","up_ms":190036,"node":25344,"peer":33120,"mac":"b8:1f:3f:da:81:60","state":"alive","epoch":282,"espnow_ver":2,"mtu":1446,"misses":0,"rssi":-22,"tx":{"frames":660,"cb_ok":660,"cb_fail":0,"enqueue_err":0,"pdr_ppm":1000000},"rx":{"frames":2634,"lost_seqgap":2,"reorder_dup":0,"dropped_bad":0,"hb_lost":3,"bcast_frames":1879,"pdr_ppm":999241},"rtt":{"samples":94,"min_us":5800,"max_us":11989,"timeouts":0,"txq_last_us":7846,"txq_max_us":7846,"remote_turnaround_us":1027,"remote_turnaround_max_us":1189,"p50_us":[4000,6000],"p99_us":[11000,16000],"hist":[0,0,0,0,70,19,4,1,0,0,0,0,0,0,0,0]}}
1791633055.553 {"t":"auth","node":25344,"up_ms":190090,"enrolled":1,"required":1,"verified_peers":2,"verified":2,"cache_hits":187,"refused":0,"rate_limited":0,"stale_epoch":0,"verify_us_max":80307,"link_stack_free_b":1028,"crypto_stack_free_b":1268,"tags_ok":1323,"bad_tag":0,"replayed":0,"untagged":0,"bcast_dropped":0,"beacon_epoch_ignored":0,"tag_us_max":1079}
1791633055.553 {"t":"act","node":25344,"setpoint":0,"has_value":0,"writes_served":0}
1791633055.553 {"t":"peers","node":25344,"own_period_ms":100,"own_busy":0,"channel":1,"scanning":0,"scans":0,"hops":0,"found":0,"lost_to_found_ms":0,"moves_followed":0,"moves_refused":0,"sweeps":0,"sweep_found":0,"sweeping":0,"search_visits":0,"relay":0,"fwd_u":0,"fwd_b":0,"fwd_h":0,"relay_dup":1964,"list":[{"id":29544,"state":"alive","via_relay":0,"period_ms":100,"misses":6,"busy":1,"rtt_n":94},{"id":33120,"state":"alive","via_relay":0,"period_ms":100,"misses":6,"busy":0,"rtt_n":94}]}
1791633055.553 {"t":"ss","node":25344,"accepted":0,"unsigned":0,"unknown_sender":0,"bad_signature":0,"replayed":0,"rate_limited":0,"verify_us_max":0,"floors":[]}
1791633055.553 {"t":"rec","node":25344,"up_ms":190185,"settled":1,"sent":757,"received":754,"malformed":0,"views":1,"replies_fenced":0,"actors":[{"key":1245650351,"running":1,"term":7,"owner":25344,"owner_term":7,"assigned":25344,"starts":1,"fenced":0,"released":0}]}
1791633055.553 {"t":"node","up_ms":190200,"node":25344,"epoch":243,"peers_alive":2,"peers_dead":0,"no_radio":0,"free_dram":250307,"largest_block":172032,"rx":{"total":10962,"bad_frame":0,"unknown_peer":1759,"wrong_dst":0,"short_payload":0,"unknown_opcode":0,"queue_dropped":52},"tx":{"total":3302,"enqueue_err":0,"done_queue_dropped":0},"membership":{"deaths":0,"revivals":0,"reboots_seen":0,"table_full":0,"events_dropped":0}}
1791633055.873 {"t":"ns","node":25344,"hash":2410274060,"owner":25344,"kind":"sampled","unit":100,"class":4,"bound_ms":0,"quality":"GOOD","age_ms":343,"ts":189897,"updates":18,"value":243}
1791633055.873 {"t":"ns","node":25344,"hash":1274253983,"owner":25344,"kind":"sampled","unit":0,"class":4,"bound_ms":5000,"quality":"GOOD","age_ms":357,"ts":189898,"updates":18,"value":-31}
1791633055.873 {"t":"ns","node":25344,"hash":3354298913,"owner":25344,"kind":"sampled","unit":100,"class":4,"bound_ms":5000,"quality":"GOOD","age_ms":371,"ts":189898,"updates":18,"value":2}
1791633055.873 {"t":"ns","node":25344,"hash":1771187623,"owner":25344,"kind":"sampled","unit":101,"class":4,"bound_ms":30000,"quality":"GOOD","age_ms":386,"ts":189897,"updates":18,"value":250307}
1791633055.873 {"t":"ns","node":25344,"hash":1245650351,"owner":25344,"kind":"sampled","unit":0,"class":3,"bound_ms":500,"quality":"GOOD","age_ms":8,"ts":190289,"updates":1825,"value":1660946209}
1791633055.873 {"t":"ns","node":25344,"hash":2033492666,"owner":25344,"kind":"sampled","unit":0,"class":3,"bound_ms":0,"quality":"NO_DATA","age_ms":0,"ts":0,"updates":0,"value":null}
1791633055.873 {"t":"ns","node":25344,"hash":4103947588,"owner":25344,"kind":"sampled","unit":80,"class":4,"bound_ms":30000,"quality":"GOOD","age_ms":428,"ts":189897,"updates":18,"value":189}
1791633055.873 {"t":"ns","node":25344,"hash":1662441583,"owner":25344,"kind":"sampled","unit":101,"class":4,"bound_ms":30000,"quality":"GOOD","age_ms":453,"ts":189897,"updates":18,"value":172032}
1791633066.022 {"t":"clk","node":25344,"up_ms":200365}
1791633066.022 {"t":"led","node":25344,"shows":"green","app":0}
1791633066.022 {"t":"event","at_ms":190749,"node":25344,"kind":"peer_admitted","peer":29544,"slot":0,"a":0,"b":0}
1791633066.022 {"t":"event","at_ms":191198,"node":25344,"kind":"peer_admitted","peer":33120,"slot":1,"a":0,"b":0}
1791633066.022 {"t":"event","at_ms":192749,"node":25344,"kind":"peer_admitted","peer":29544,"slot":0,"a":0,"b":0}
1791633066.022 {"t":"event","at_ms":193198,"node":25344,"kind":"peer_admitted","peer":33120,"slot":1,"a":0,"b":0}
1791633066.022 {"t":"event","at_ms":194749,"node":25344,"kind":"peer_admitted","peer":29544,"slot":0,"a":0,"b":0}
1791633066.022 {"t":"event","at_ms":195198,"node":25344,"kind":"peer_admitted","peer":33120,"slot":1,"a":0,"b":0}
1791633066.022 {"t":"event","at_ms":196749,"node":25344,"kind":"peer_admitted","peer":29544,"slot":0,"a":0,"b":0}
1791633066.022 {"t":"event","at_ms":197198,"node":25344,"kind":"peer_admitted","peer":33120,"slot":1,"a":0,"b":0}
1791633066.022 {"t":"event","at_ms":198749,"node":25344,"kind":"peer_admitted","peer":29544,"slot":0,"a":0,"b":0}
1791633066.022 {"t":"event","at_ms":199198,"node":25344,"kind":"peer_admitted","peer":33120,"slot":1,"a":0,"b":0}
1791633066.022 {"t":"link","up_ms":200450,"node":25344,"peer":29544,"mac":"b8:1f:3f:da:73:68","state":"alive","epoch":170,"espnow_ver":2,"mtu":1446,"misses":0,"rssi":-31,"tx":{"frames":697,"cb_ok":697,"cb_fail":0,"enqueue_err":0,"pdr_ppm":1000000},"rx":{"frames":2778,"lost_seqgap":0,"reorder_dup":0,"dropped_bad":0,"hb_lost":5,"bcast_frames":1980,"pdr_ppm":1000000},"rtt":{"samples":99,"min_us":5355,"max_us":17101,"timeouts":0,"txq_last_us":1053,"txq_max_us":5164,"remote_turnaround_us":699,"remote_turnaround_max_us":1104,"p50_us":[4000,6000],"p99_us":[16000,22000],"hist":[0,0,0,0,79,17,1,1,1,0,0,0,0,0,0,0]}}
1791633066.022 {"t":"link","up_ms":200504,"node":25344,"peer":33120,"mac":"b8:1f:3f:da:81:60","state":"alive","epoch":282,"espnow_ver":2,"mtu":1446,"misses":0,"rssi":-22,"tx":{"frames":696,"cb_ok":696,"cb_fail":0,"enqueue_err":0,"pdr_ppm":1000000},"rx":{"frames":2779,"lost_seqgap":2,"reorder_dup":0,"dropped_bad":0,"hb_lost":3,"bcast_frames":1984,"pdr_ppm":999280},"rtt":{"samples":99,"min_us":5800,"max_us":11989,"timeouts":0,"txq_last_us":7846,"txq_max_us":7846,"remote_turnaround_us":1029,"remote_turnaround_max_us":1189,"p50_us":[4000,6000],"p99_us":[11000,16000],"hist":[0,0,0,0,73,21,4,1,0,0,0,0,0,0,0,0]}}
1791633066.022 {"t":"auth","node":25344,"up_ms":200558,"enrolled":1,"required":1,"verified_peers":2,"verified":2,"cache_hits":197,"refused":0,"rate_limited":0,"stale_epoch":0,"verify_us_max":80307,"link_stack_free_b":1028,"crypto_stack_free_b":1268,"tags_ok":1395,"bad_tag":0,"replayed":0,"untagged":0,"bcast_dropped":0,"beacon_epoch_ignored":0,"tag_us_max":1079}
1791633066.022 {"t":"act","node":25344,"setpoint":0,"has_value":0,"writes_served":0}
1791633066.022 {"t":"peers","node":25344,"own_period_ms":100,"own_busy":0,"channel":1,"scanning":0,"scans":0,"hops":0,"found":0,"lost_to_found_ms":0,"moves_followed":0,"moves_refused":0,"sweeps":0,"sweep_found":0,"sweeping":0,"search_visits":0,"relay":0,"fwd_u":0,"fwd_b":0,"fwd_h":0,"relay_dup":2074,"list":[{"id":29544,"state":"alive","via_relay":0,"period_ms":100,"misses":6,"busy":1,"rtt_n":99},{"id":33120,"state":"alive","via_relay":0,"period_ms":100,"misses":6,"busy":0,"rtt_n":99}]}
1791633066.022 {"t":"ss","node":25344,"accepted":0,"unsigned":0,"unknown_sender":0,"bad_signature":0,"replayed":0,"rate_limited":0,"verify_us_max":0,"floors":[]}
1791633066.022 {"t":"rec","node":25344,"up_ms":200653,"settled":1,"sent":799,"received":796,"malformed":0,"views":1,"replies_fenced":0,"actors":[{"key":1245650351,"running":1,"term":7,"owner":25344,"owner_term":7,"assigned":25344,"starts":1,"fenced":0,"released":0}]}
1791633066.022 {"t":"node","up_ms":200668,"node":25344,"epoch":243,"peers_alive":2,"peers_dead":0,"no_radio":0,"free_dram":250307,"largest_block":172032,"rx":{"total":11472,"bad_frame":0,"unknown_peer":1759,"wrong_dst":0,"short_payload":0,"unknown_opcode":0,"queue_dropped":52},"tx":{"total":3484,"enqueue_err":0,"done_queue_dropped":0},"membership":{"deaths":0,"revivals":0,"reboots_seen":0,"table_full":0,"events_dropped":0}}
1791633066.353 {"t":"ns","node":25344,"hash":2410274060,"owner":25344,"kind":"sampled","unit":100,"class":4,"bound_ms":0,"quality":"GOOD","age_ms":342,"ts":200366,"updates":19,"value":243}
1791633066.353 {"t":"ns","node":25344,"hash":1274253983,"owner":25344,"kind":"sampled","unit":0,"class":4,"bound_ms":5000,"quality":"GOOD","age_ms":355,"ts":200367,"updates":19,"value":-32}
1791633066.353 {"t":"ns","node":25344,"hash":3354298913,"owner":25344,"kind":"sampled","unit":100,"class":4,"bound_ms":5000,"quality":"GOOD","age_ms":369,"ts":200367,"updates":19,"value":2}
1791633066.353 {"t":"ns","node":25344,"hash":1771187623,"owner":25344,"kind":"sampled","unit":101,"class":4,"bound_ms":30000,"quality":"GOOD","age_ms":384,"ts":200366,"updates":19,"value":250307}
1791633066.353 {"t":"ns","node":25344,"hash":1245650351,"owner":25344,"kind":"sampled","unit":0,"class":3,"bound_ms":500,"quality":"GOOD","age_ms":76,"ts":200689,"updates":1929,"value":1660946313}
1791633066.353 {"t":"ns","node":25344,"hash":2033492666,"owner":25344,"kind":"sampled","unit":0,"class":3,"bound_ms":0,"quality":"NO_DATA","age_ms":0,"ts":0,"updates":0,"value":null}
1791633066.353 {"t":"ns","node":25344,"hash":4103947588,"owner":25344,"kind":"sampled","unit":80,"class":4,"bound_ms":30000,"quality":"GOOD","age_ms":438,"ts":200366,"updates":19,"value":200}
1791633066.353 {"t":"ns","node":25344,"hash":1662441583,"owner":25344,"kind":"sampled","unit":101,"class":4,"bound_ms":30000,"quality":"GOOD","age_ms":453,"ts":200366,"updates":19,"value":172032}
1791633076.490 {"t":"clk","node":25344,"up_ms":210833}
1791633076.490 {"t":"led","node":25344,"shows":"green","app":0}
1791633076.490 {"t":"event","at_ms":200749,"node":25344,"kind":"peer_admitted","peer":29544,"slot":0,"a":0,"b":0}
1791633076.490 {"t":"event","at_ms":201198,"node":25344,"kind":"peer_admitted","peer":33120,"slot":1,"a":0,"b":0}
1791633076.490 {"t":"event","at_ms":202749,"node":25344,"kind":"peer_admitted","peer":29544,"slot":0,"a":0,"b":0}
1791633076.490 {"t":"event","at_ms":203198,"node":25344,"kind":"peer_admitted","peer":33120,"slot":1,"a":0,"b":0}
1791633076.490 {"t":"event","at_ms":204749,"node":25344,"kind":"peer_admitted","peer":29544,"slot":0,"a":0,"b":0}
1791633076.490 {"t":"event","at_ms":205200,"node":25344,"kind":"peer_admitted","peer":33120,"slot":1,"a":0,"b":0}
1791633076.490 {"t":"event","at_ms":206749,"node":25344,"kind":"peer_admitted","peer":29544,"slot":0,"a":0,"b":0}
1791633076.490 {"t":"event","at_ms":207198,"node":25344,"kind":"peer_admitted","peer":33120,"slot":1,"a":0,"b":0}
1791633076.490 {"t":"event","at_ms":208749,"node":25344,"kind":"peer_admitted","peer":29544,"slot":0,"a":0,"b":0}
1791633076.490 {"t":"event","at_ms":209198,"node":25344,"kind":"peer_admitted","peer":33120,"slot":1,"a":0,"b":0}
1791633076.490 {"t":"event","at_ms":210750,"node":25344,"kind":"peer_admitted","peer":29544,"slot":0,"a":0,"b":0}
1791633076.490 {"t":"link","up_ms":210930,"node":25344,"peer":29544,"mac":"b8:1f:3f:da:73:68","state":"alive","epoch":170,"espnow_ver":2,"mtu":1446,"misses":0,"rssi":-31,"tx":{"frames":735,"cb_ok":735,"cb_fail":0,"enqueue_err":0,"pdr_ppm":1000000},"rx":{"frames":2926,"lost_seqgap":0,"reorder_dup":0,"dropped_bad":0,"hb_lost":5,"bcast_frames":2085,"pdr_ppm":1000000},"rtt":{"samples":105,"min_us":5355,"max_us":17101,"timeouts":0,"txq_last_us":1053,"txq_max_us":5164,"remote_turnaround_us":693,"remote_turnaround_max_us":1104,"p50_us":[4000,6000],"p99_us":[11000,16000],"hist":[0,0,0,0,84,18,1,1,1,0,0,0,0,0,0,0]}}
1791633076.490 {"t":"link","up_ms":210984,"node":25344,"peer":33120,"mac":"b8:1f:3f:da:81:60","state":"alive","epoch":282,"espnow_ver":2,"mtu":1446,"misses":0,"rssi":-22,"tx":{"frames":732,"cb_ok":732,"cb_fail":0,"enqueue_err":0,"pdr_ppm":1000000},"rx":{"frames":2925,"lost_seqgap":2,"reorder_dup":0,"dropped_bad":0,"hb_lost":3,"bcast_frames":2089,"pdr_ppm":999316},"rtt":{"samples":104,"min_us":5800,"max_us":11989,"timeouts":0,"txq_last_us":7846,"txq_max_us":7846,"remote_turnaround_us":1033,"remote_turnaround_max_us":1189,"p50_us":[4000,6000],"p99_us":[8000,11000],"hist":[0,0,0,0,76,22,5,1,0,0,0,0,0,0,0,0]}}
1791633076.490 {"t":"auth","node":25344,"up_ms":211039,"enrolled":1,"required":1,"verified_peers":2,"verified":2,"cache_hits":208,"refused":0,"rate_limited":0,"stale_epoch":0,"verify_us_max":80307,"link_stack_free_b":1028,"crypto_stack_free_b":1268,"tags_ok":1468,"bad_tag":0,"replayed":0,"untagged":0,"bcast_dropped":0,"beacon_epoch_ignored":0,"tag_us_max":1079}
1791633076.490 {"t":"act","node":25344,"setpoint":0,"has_value":0,"writes_served":0}
1791633076.490 {"t":"peers","node":25344,"own_period_ms":100,"own_busy":0,"channel":1,"scanning":0,"scans":0,"hops":0,"found":0,"lost_to_found_ms":0,"moves_followed":0,"moves_refused":0,"sweeps":0,"sweep_found":0,"sweeping":0,"search_visits":0,"relay":0,"fwd_u":0,"fwd_b":0,"fwd_h":0,"relay_dup":2184,"list":[{"id":29544,"state":"alive","via_relay":0,"period_ms":100,"misses":6,"busy":1,"rtt_n":105},{"id":33120,"state":"alive","via_relay":0,"period_ms":100,"misses":6,"busy":0,"rtt_n":104}]}
1791633076.490 {"t":"ss","node":25344,"accepted":0,"unsigned":0,"unknown_sender":0,"bad_signature":0,"replayed":0,"rate_limited":0,"verify_us_max":0,"floors":[]}
1791633076.490 {"t":"rec","node":25344,"up_ms":211123,"settled":1,"sent":841,"received":838,"malformed":0,"views":1,"replies_fenced":0,"actors":[{"key":1245650351,"running":1,"term":7,"owner":25344,"owner_term":7,"assigned":25344,"starts":1,"fenced":0,"released":0}]}
1791633076.819 {"t":"node","up_ms":211149,"node":25344,"epoch":243,"peers_alive":2,"peers_dead":0,"no_radio":0,"free_dram":250307,"largest_block":172032,"rx":{"total":11986,"bad_frame":0,"unknown_peer":1759,"wrong_dst":0,"short_payload":0,"unknown_opcode":0,"queue_dropped":52},"tx":{"total":3668,"enqueue_err":0,"done_queue_dropped":0},"membership":{"deaths":0,"revivals":0,"reboots_seen":0,"table_full":0,"events_dropped":0}}
1791633076.819 {"t":"ns","node":25344,"hash":2410274060,"owner":25344,"kind":"sampled","unit":100,"class":4,"bound_ms":0,"quality":"GOOD","age_ms":354,"ts":210835,"updates":20,"value":243}
1791633076.819 {"t":"ns","node":25344,"hash":1274253983,"owner":25344,"kind":"sampled","unit":0,"class":4,"bound_ms":5000,"quality":"GOOD","age_ms":369,"ts":210835,"updates":20,"value":-31}
1791633076.819 {"t":"ns","node":25344,"hash":3354298913,"owner":25344,"kind":"sampled","unit":100,"class":4,"bound_ms":5000,"quality":"GOOD","age_ms":383,"ts":210835,"updates":20,"value":2}
1791633076.819 {"t":"ns","node":25344,"hash":1771187623,"owner":25344,"kind":"sampled","unit":101,"class":4,"bound_ms":30000,"quality":"GOOD","age_ms":397,"ts":210835,"updates":20,"value":250307}
1791633076.819 {"t":"ns","node":25344,"hash":1245650351,"owner":25344,"kind":"sampled","unit":0,"class":3,"bound_ms":500,"quality":"GOOD","age_ms":58,"ts":211189,"updates":2034,"value":1660946418}
1791633076.819 {"t":"ns","node":25344,"hash":2033492666,"owner":25344,"kind":"sampled","unit":0,"class":3,"bound_ms":0,"quality":"NO_DATA","age_ms":0,"ts":0,"updates":0,"value":null}
1791633076.819 {"t":"ns","node":25344,"hash":4103947588,"owner":25344,"kind":"sampled","unit":80,"class":4,"bound_ms":30000,"quality":"GOOD","age_ms":439,"ts":210835,"updates":20,"value":210}
1791633076.819 {"t":"ns","node":25344,"hash":1662441583,"owner":25344,"kind":"sampled","unit":101,"class":4,"bound_ms":30000,"quality":"GOOD","age_ms":454,"ts":210835,"updates":20,"value":172032}
1791633086.959 {"t":"clk","node":25344,"up_ms":221303}
1791633086.959 {"t":"led","node":25344,"shows":"green","app":0}
1791633086.959 {"t":"event","at_ms":211198,"node":25344,"kind":"peer_admitted","peer":33120,"slot":1,"a":0,"b":0}
1791633086.959 {"t":"event","at_ms":212749,"node":25344,"kind":"peer_admitted","peer":29544,"slot":0,"a":0,"b":0}
1791633086.959 {"t":"event","at_ms":213198,"node":25344,"kind":"peer_admitted","peer":33120,"slot":1,"a":0,"b":0}
1791633086.959 {"t":"event","at_ms":214749,"node":25344,"kind":"peer_admitted","peer":29544,"slot":0,"a":0,"b":0}
1791633086.959 {"t":"event","at_ms":215198,"node":25344,"kind":"peer_admitted","peer":33120,"slot":1,"a":0,"b":0}
1791633086.959 {"t":"event","at_ms":216749,"node":25344,"kind":"peer_admitted","peer":29544,"slot":0,"a":0,"b":0}
1791633086.959 {"t":"event","at_ms":217198,"node":25344,"kind":"peer_admitted","peer":33120,"slot":1,"a":0,"b":0}
1791633086.959 {"t":"event","at_ms":218772,"node":25344,"kind":"peer_admitted","peer":29544,"slot":0,"a":0,"b":0}
1791633086.959 {"t":"event","at_ms":219199,"node":25344,"kind":"peer_admitted","peer":33120,"slot":1,"a":0,"b":0}
1791633086.959 {"t":"event","at_ms":220749,"node":25344,"kind":"peer_admitted","peer":29544,"slot":0,"a":0,"b":0}
1791633086.959 {"t":"event","at_ms":221198,"node":25344,"kind":"peer_admitted","peer":33120,"slot":1,"a":0,"b":0}
1791633086.959 {"t":"link","up_ms":221400,"node":25344,"peer":29544,"mac":"b8:1f:3f:da:73:68","state":"alive","epoch":170,"espnow_ver":2,"mtu":1446,"misses":0,"rssi":-31,"tx":{"frames":771,"cb_ok":771,"cb_fail":0,"enqueue_err":0,"pdr_ppm":1000000},"rx":{"frames":3072,"lost_seqgap":0,"reorder_dup":0,"dropped_bad":0,"hb_lost":5,"bcast_frames":2190,"pdr_ppm":1000000},"rtt":{"samples":110,"min_us":5355,"max_us":17101,"timeouts":0,"txq_last_us":1053,"txq_max_us":5164,"remote_turnaround_us":745,"remote_turnaround_max_us":1104,"p50_us":[4000,6000],"p99_us":[11000,16000],"hist":[0,0,0,0,88,19,1,1,1,0,0,0,0,0,0,0]}}
1791633086.959 {"t":"link","up_ms":221454,"node":25344,"peer":33120,"mac":"b8:1f:3f:da:81:60","state":"alive","epoch":282,"espnow_ver":2,"mtu":1446,"misses":0,"rssi":-22,"tx":{"frames":770,"cb_ok":770,"cb_fail":0,"enqueue_err":0,"pdr_ppm":1000000},"rx":{"frames":3072,"lost_seqgap":2,"reorder_dup":0,"dropped_bad":0,"hb_lost":4,"bcast_frames":2193,"pdr_ppm":999349},"rtt":{"samples":109,"min_us":5800,"max_us":11989,"timeouts":0,"txq_last_us":7846,"txq_max_us":7846,"remote_turnaround_us":1044,"remote_turnaround_max_us":1189,"p50_us":[4000,6000],"p99_us":[8000,11000],"hist":[0,0,0,0,80,23,5,1,0,0,0,0,0,0,0,0]}}
1791633086.959 {"t":"auth","node":25344,"up_ms":221508,"enrolled":1,"required":1,"verified_peers":2,"verified":2,"cache_hits":219,"refused":0,"rate_limited":0,"stale_epoch":0,"verify_us_max":80307,"link_stack_free_b":1028,"crypto_stack_free_b":1268,"tags_ok":1540,"bad_tag":0,"replayed":0,"untagged":0,"bcast_dropped":0,"beacon_epoch_ignored":0,"tag_us_max":1079}
1791633086.959 {"t":"act","node":25344,"setpoint":0,"has_value":0,"writes_served":0}
1791633086.959 {"t":"peers","node":25344,"own_period_ms":100,"own_busy":0,"channel":1,"scanning":0,"scans":0,"hops":0,"found":0,"lost_to_found_ms":0,"moves_followed":0,"moves_refused":0,"sweeps":0,"sweep_found":0,"sweeping":0,"search_visits":0,"relay":0,"fwd_u":0,"fwd_b":0,"fwd_h":0,"relay_dup":2295,"list":[{"id":29544,"state":"alive","via_relay":0,"period_ms":100,"misses":6,"busy":1,"rtt_n":110},{"id":33120,"state":"alive","via_relay":0,"period_ms":100,"misses":6,"busy":0,"rtt_n":109}]}
1791633086.959 {"t":"ss","node":25344,"accepted":0,"unsigned":0,"unknown_sender":0,"bad_signature":0,"replayed":0,"rate_limited":0,"verify_us_max":0,"floors":[]}
1791633086.959 {"t":"rec","node":25344,"up_ms":221592,"settled":1,"sent":883,"received":880,"malformed":0,"views":1,"replies_fenced":0,"actors":[{"key":1245650351,"running":1,"term":7,"owner":25344,"owner_term":7,"assigned":25344,"starts":1,"fenced":0,"released":0}]}
1791633087.295 {"t":"node","up_ms":221618,"node":25344,"epoch":243,"peers_alive":2,"peers_dead":0,"no_radio":0,"free_dram":250307,"largest_block":172032,"rx":{"total":12494,"bad_frame":0,"unknown_peer":1759,"wrong_dst":0,"short_payload":0,"unknown_opcode":0,"queue_dropped":52},"tx":{"total":3852,"enqueue_err":0,"done_queue_dropped":0},"membership":{"deaths":0,"revivals":0,"reboots_seen":0,"table_full":0,"events_dropped":0}}
1791633087.295 {"t":"ns","node":25344,"hash":2410274060,"owner":25344,"kind":"sampled","unit":100,"class":4,"bound_ms":0,"quality":"GOOD","age_ms":355,"ts":221304,"updates":21,"value":243}
1791633087.295 {"t":"ns","node":25344,"hash":1274253983,"owner":25344,"kind":"sampled","unit":0,"class":4,"bound_ms":5000,"quality":"GOOD","age_ms":368,"ts":221305,"updates":21,"value":-31}
1791633087.295 {"t":"ns","node":25344,"hash":3354298913,"owner":25344,"kind":"sampled","unit":100,"class":4,"bound_ms":5000,"quality":"GOOD","age_ms":382,"ts":221305,"updates":21,"value":2}
1791633087.295 {"t":"ns","node":25344,"hash":1771187623,"owner":25344,"kind":"sampled","unit":101,"class":4,"bound_ms":30000,"quality":"GOOD","age_ms":397,"ts":221304,"updates":21,"value":250307}
1791633087.295 {"t":"ns","node":25344,"hash":1245650351,"owner":25344,"kind":"sampled","unit":0,"class":3,"bound_ms":500,"quality":"GOOD","age_ms":26,"ts":221689,"updates":2139,"value":1660946523}
1791633087.295 {"t":"ns","node":25344,"hash":2033492666,"owner":25344,"kind":"sampled","unit":0,"class":3,"bound_ms":0,"quality":"NO_DATA","age_ms":0,"ts":0,"updates":0,"value":null}
1791633087.295 {"t":"ns","node":25344,"hash":4103947588,"owner":25344,"kind":"sampled","unit":80,"class":4,"bound_ms":30000,"quality":"GOOD","age_ms":439,"ts":221304,"updates":21,"value":221}
1791633087.295 {"t":"ns","node":25344,"hash":1662441583,"owner":25344,"kind":"sampled","unit":101,"class":4,"bound_ms":30000,"quality":"GOOD","age_ms":453,"ts":221304,"updates":21,"value":172032}
1791633088.057 I (223721) pot.m0: discovered peer 0x00fe
1791633088.954 W (224621) pot.m0: peer 0x00fe declared DEAD after 6 misses (605 ms silent)
1791633097.439 {"t":"clk","node":25344,"up_ms":231783}
1791633097.439 {"t":"led","node":25344,"shows":"red","app":0}
1791633097.439 {"t":"event","at_ms":222539,"node":25344,"kind":"peer_discovered","peer":254,"slot":2,"a":0,"b":0}
1791633097.439 {"t":"event","at_ms":222540,"node":25344,"kind":"peer_alive","peer":254,"slot":2,"a":0,"b":0}
1791633097.439 {"t":"event","at_ms":222540,"node":25344,"kind":"peer_admitted","peer":254,"slot":2,"a":0,"b":0}
1791633097.439 {"t":"event","at_ms":222749,"node":25344,"kind":"peer_admitted","peer":29544,"slot":0,"a":0,"b":0}
1791633097.439 {"t":"event","at_ms":223198,"node":25344,"kind":"peer_admitted","peer":33120,"slot":1,"a":0,"b":0}
1791633097.439 {"t":"event","at_ms":223439,"node":25344,"kind":"peer_dead","peer":254,"slot":2,"a":6,"b":605}
1791633097.439 {"t":"event","at_ms":224749,"node":25344,"kind":"peer_admitted","peer":29544,"slot":0,"a":0,"b":0}
1791633097.439 {"t":"event","at_ms":225198,"node":25344,"kind":"peer_admitted","peer":33120,"slot":1,"a":0,"b":0}
1791633097.439 {"t":"event","at_ms":226749,"node":25344,"kind":"peer_admitted","peer":29544,"slot":0,"a":0,"b":0}
1791633097.439 {"t":"event","at_ms":226775,"node":25344,"kind":"probe_timeout","peer":254,"slot":2,"a":4,"b":0}
1791633097.439 {"t":"event","at_ms":227198,"node":25344,"kind":"peer_admitted","peer":33120,"slot":1,"a":0,"b":0}
1791633097.439 {"t":"event","at_ms":228749,"node":25344,"kind":"peer_admitted","peer":29544,"slot":0,"a":0,"b":0}
1791633097.439 {"t":"event","at_ms":229198,"node":25344,"kind":"peer_admitted","peer":33120,"slot":1,"a":0,"b":0}
1791633097.439 {"t":"event","at_ms":229775,"node":25344,"kind":"probe_timeout","peer":254,"slot":2,"a":5,"b":0}
1791633097.439 {"t":"event","at_ms":230749,"node":25344,"kind":"peer_admitted","peer":29544,"slot":0,"a":0,"b":0}
1791633097.439 {"t":"event","at_ms":231198,"node":25344,"kind":"peer_admitted","peer":33120,"slot":1,"a":0,"b":0}
1791633097.439 {"t":"link","up_ms":231923,"node":25344,"peer":29544,"mac":"b8:1f:3f:da:73:68","state":"alive","epoch":170,"espnow_ver":2,"mtu":1446,"misses":0,"rssi":-31,"tx":{"frames":806,"cb_ok":806,"cb_fail":0,"enqueue_err":0,"pdr_ppm":1000000},"rx":{"frames":3219,"lost_seqgap":0,"reorder_dup":0,"dropped_bad":0,"hb_lost":5,"bcast_frames":2295,"pdr_ppm":1000000},"rtt":{"samples":113,"min_us":5355,"max_us":17101,"timeouts":0,"txq_last_us":1053,"txq_max_us":5164,"remote_turnaround_us":798,"remote_turnaround_max_us":1104,"p50_us":[4000,6000],"p99_us":[11000,16000],"hist":[0,0,0,0,91,19,1,1,1,0,0,0,0,0,0,0]}}
1791633097.439 {"t":"link","up_ms":231977,"node":25344,"peer":33120,"mac":"b8:1f:3f:da:81:60","state":"alive","epoch":282,"espnow_ver":2,"mtu":1446,"misses":0,"rssi":-22,"tx":{"frames":806,"cb_ok":806,"cb_fail":0,"enqueue_err":0,"pdr_ppm":1000000},"rx":{"frames":3218,"lost_seqgap":2,"reorder_dup":0,"dropped_bad":0,"hb_lost":5,"bcast_frames":2297,"pdr_ppm":999378},"rtt":{"samples":113,"min_us":5800,"max_us":11989,"timeouts":0,"txq_last_us":7846,"txq_max_us":7846,"remote_turnaround_us":1025,"remote_turnaround_max_us":1189,"p50_us":[4000,6000],"p99_us":[8000,11000],"hist":[0,0,0,0,83,24,5,1,0,0,0,0,0,0,0,0]}}
1791633097.439 {"t":"link","up_ms":232031,"node":25344,"peer":254,"mac":"02:00:00:00:00:fe","state":"dead","epoch":0,"espnow_ver":0,"mtu":226,"misses":6,"rssi":0,"tx":{"frames":10,"cb_ok":0,"cb_fail":0,"enqueue_err":0,"pdr_ppm":null},"rx":{"frames":7,"lost_seqgap":0,"reorder_dup":0,"dropped_bad":0,"hb_lost":0,"bcast_frames":0,"pdr_ppm":1000000},"rtt":{"samples":1,"min_us":52083,"max_us":52083,"timeouts":2,"txq_last_us":0,"txq_max_us":0,"remote_turnaround_us":20,"remote_turnaround_max_us":20,"p50_us":[42000,60000],"p99_us":[42000,60000],"hist":[0,0,0,0,0,0,0,0,0,0,0,1,0,0,0,0]}}
1791633097.439 {"t":"auth","node":25344,"up_ms":232074,"enrolled":1,"required":1,"verified_peers":2,"verified":2,"cache_hits":229,"refused":0,"rate_limited":0,"stale_epoch":0,"verify_us_max":80307,"link_stack_free_b":820,"crypto_stack_free_b":1268,"tags_ok":1615,"bad_tag":0,"replayed":0,"untagged":0,"bcast_dropped":0,"beacon_epoch_ignored":0,"tag_us_max":1079}
1791633097.439 {"t":"act","node":25344,"setpoint":0,"has_value":0,"writes_served":0}
1791633097.868 {"t":"peers","node":25344,"own_period_ms":100,"own_busy":0,"channel":1,"scanning":0,"scans":0,"hops":0,"found":0,"lost_to_found_ms":0,"moves_followed":0,"moves_refused":0,"sweeps":0,"sweep_found":0,"sweeping":0,"search_visits":0,"relay":0,"fwd_u":0,"fwd_b":0,"fwd_h":0,"relay_dup":2405,"list":[{"id":29544,"state":"alive","via_relay":0,"period_ms":100,"misses":6,"busy":1,"rtt_n":113},{"id":33120,"state":"alive","via_relay":0,"period_ms":100,"misses":6,"busy":0,"rtt_n":113},{"id":254,"state":"dead","via_relay":0,"period_ms":100,"misses":6,"busy":0,"rtt_n":1}]}
1791633097.868 {"t":"ss","node":25344,"accepted":0,"unsigned":0,"unknown_sender":0,"bad_signature":0,"replayed":0,"rate_limited":0,"verify_us_max":0,"floors":[]}
1791633097.868 {"t":"rec","node":25344,"up_ms":232170,"settled":1,"sent":926,"received":922,"malformed":0,"views":3,"replies_fenced":0,"actors":[{"key":1245650351,"running":1,"term":7,"owner":25344,"owner_term":7,"assigned":25344,"starts":1,"fenced":0,"released":0}]}
1791633097.868 {"t":"node","up_ms":232196,"node":25344,"epoch":243,"peers_alive":2,"peers_dead":1,"no_radio":0,"free_dram":250307,"largest_block":172032,"rx":{"total":13013,"bad_frame":0,"unknown_peer":1760,"wrong_dst":0,"short_payload":0,"unknown_opcode":0,"queue_dropped":52},"tx":{"total":4044,"enqueue_err":0,"done_queue_dropped":0},"membership":{"deaths":1,"revivals":0,"reboots_seen":0,"table_full":0,"events_dropped":0}}
1791633097.868 {"t":"ns","node":25344,"hash":2410274060,"owner":25344,"kind":"sampled","unit":100,"class":4,"bound_ms":0,"quality":"GOOD","age_ms":452,"ts":231784,"updates":22,"value":243}
1791633097.868 {"t":"ns","node":25344,"hash":1274253983,"owner":25344,"kind":"sampled","unit":0,"class":4,"bound_ms":5000,"quality":"GOOD","age_ms":467,"ts":231784,"updates":22,"value":-31}
1791633097.868 {"t":"ns","node":25344,"hash":3354298913,"owner":25344,"kind":"sampled","unit":100,"class":4,"bound_ms":5000,"quality":"GOOD","age_ms":481,"ts":231784,"updates":22,"value":2}
1791633097.868 {"t":"ns","node":25344,"hash":1771187623,"owner":25344,"kind":"sampled","unit":101,"class":4,"bound_ms":30000,"quality":"GOOD","age_ms":494,"ts":231784,"updates":22,"value":250307}
1791633097.868 {"t":"ns","node":25344,"hash":1245650351,"owner":25344,"kind":"sampled","unit":0,"class":3,"bound_ms":500,"quality":"GOOD","age_ms":78,"ts":232214,"updates":2244,"value":1660946628}
1791633097.868 {"t":"ns","node":25344,"hash":2033492666,"owner":25344,"kind":"sampled","unit":0,"class":3,"bound_ms":0,"quality":"NO_DATA","age_ms":0,"ts":0,"updates":0,"value":null}
1791633097.868 {"t":"ns","node":25344,"hash":4103947588,"owner":25344,"kind":"sampled","unit":80,"class":4,"bound_ms":30000,"quality":"GOOD","age_ms":536,"ts":231784,"updates":22,"value":231}
1791633097.868 {"t":"ns","node":25344,"hash":1662441583,"owner":25344,"kind":"sampled","unit":101,"class":4,"bound_ms":30000,"quality":"GOOD","age_ms":551,"ts":231784,"updates":22,"value":172032}
