1791637739.574 I (2469661) pot.m0: peer 0x00fe revived
1791637743.559 {"t":"clk","node":25344,"up_ms":2472314}
1791637743.559 {"t":"led","node":25344,"shows":"green","app":0}
1791637743.559 {"t":"event","at_ms":2463002,"node":25344,"kind":"peer_admitted","peer":33120,"slot":1,"a":0,"b":0}
1791637743.559 {"t":"event","at_ms":2463652,"node":25344,"kind":"peer_admitted","peer":29544,"slot":0,"a":0,"b":0}
1791637743.559 {"t":"event","at_ms":2463841,"node":25344,"kind":"probe_timeout","peer":254,"slot":2,"a":1185,"b":0}
1791637743.559 {"t":"event","at_ms":2465002,"node":25344,"kind":"peer_admitted","peer":33120,"slot":1,"a":0,"b":0}
1791637743.559 {"t":"event","at_ms":2465653,"node":25344,"kind":"peer_admitted","peer":29544,"slot":0,"a":0,"b":0}
1791637743.559 {"t":"event","at_ms":2466841,"node":25344,"kind":"probe_timeout","peer":254,"slot":2,"a":1186,"b":0}
1791637743.559 {"t":"event","at_ms":2467002,"node":25344,"kind":"peer_admitted","peer":33120,"slot":1,"a":0,"b":0}
1791637743.559 {"t":"event","at_ms":2467652,"node":25344,"kind":"peer_admitted","peer":29544,"slot":0,"a":0,"b":0}
1791637743.559 {"t":"event","at_ms":2468477,"node":25344,"kind":"peer_revived","peer":254,"slot":2,"a":0,"b":0}
1791637743.559 {"t":"event","at_ms":2468478,"node":25344,"kind":"peer_admitted","peer":254,"slot":2,"a":0,"b":0}
1791637743.559 {"t":"event","at_ms":2469002,"node":25344,"kind":"peer_admitted","peer":33120,"slot":1,"a":0,"b":0}
1791637743.559 {"t":"event","at_ms":2469656,"node":25344,"kind":"peer_admitted","peer":29544,"slot":0,"a":0,"b":0}
1791637743.559 {"t":"event","at_ms":2471002,"node":25344,"kind":"peer_admitted","peer":33120,"slot":1,"a":0,"b":0}
1791637743.559 {"t":"event","at_ms":2471652,"node":25344,"kind":"peer_admitted","peer":29544,"slot":0,"a":0,"b":0}
1791637743.559 {"t":"link","up_ms":2472440,"node":25344,"peer":29544,"mac":"b8:1f:3f:da:73:68","state":"alive","epoch":171,"espnow_ver":2,"mtu":1446,"misses":0,"rssi":-28,"tx":{"frames":8427,"cb_ok":8427,"cb_fail":0,"enqueue_err":0,"pdr_ppm":1000000},"rx":{"frames":34561,"lost_seqgap":0,"reorder_dup":0,"dropped_bad":0,"hb_lost":51,"bcast_frames":24656,"pdr_ppm":1000000},"rtt":{"samples":824,"min_us":5287,"max_us":54915,"timeouts":0,"txq_last_us":3711,"txq_max_us":42777,"remote_turnaround_us":846,"remote_turnaround_max_us":1949,"p50_us":[4000,6000],"p99_us":[22000,30000],"hist":[0,0,0,0,499,205,87,20,4,4,1,4,0,0,0,0]}}
1791637743.559 {"t":"link","up_ms":2472494,"node":25344,"peer":33120,"mac":"b8:1f:3f:da:81:60","state":"alive","epoch":293,"espnow_ver":2,"mtu":1446,"misses":0,"rssi":-21,"tx":{"frames":9005,"cb_ok":8935,"cb_fail":70,"enqueue_err":0,"pdr_ppm":992226},"rx":{"frames":32756,"lost_seqgap":1,"reorder_dup":0,"dropped_bad":0,"hb_lost":97,"bcast_frames":22572,"pdr_ppm":999969},"rtt":{"samples":756,"min_us":5666,"max_us":48794,"timeouts":66,"txq_last_us":6164,"txq_max_us":29961,"remote_turnaround_us":1076,"remote_turnaround_max_us":33351,"p50_us":[4000,6000],"p99_us":[22000,30000],"hist":[0,0,0,0,453,191,80,18,4,4,4,2,0,0,0,0]}}
1791637743.559 {"t":"link","up_ms":2472549,"node":25344,"peer":254,"mac":"02:00:00:00:00:fe","state":"alive","epoch":0,"espnow_ver":0,"mtu":226,"misses":1,"rssi":0,"tx":{"frames":2756,"cb_ok":0,"cb_fail":0,"enqueue_err":0,"pdr_ppm":null},"rx":{"frames":3894,"lost_seqgap":0,"reorder_dup":3846,"dropped_bad":0,"hb_lost":0,"bcast_frames":0,"pdr_ppm":1000000},"rtt":{"samples":83,"min_us":7169,"max_us":102972,"timeouts":739,"txq_last_us":0,"txq_max_us":0,"remote_turnaround_us":19,"remote_turnaround_max_us":24,"p50_us":[42000,60000],"p99_us":[85000,110000],"hist":[0,0,0,0,0,1,0,2,5,6,1,50,15,3,0,0]}}
1791637743.559 {"t":"auth","node":25344,"up_ms":2472592,"enrolled":1,"required":1,"verified_peers":2,"verified":5,"cache_hits":2375,"refused":0,"rate_limited":0,"stale_epoch":0,"verify_us_max":82867,"link_stack_free_b":804,"crypto_stack_free_b":1268,"tags_ok":17711,"bad_tag":0,"replayed":0,"untagged":0,"bcast_dropped":0,"beacon_epoch_ignored":0,"tag_us_max":1221}
1791637743.559 {"t":"act","node":25344,"setpoint":0,"has_value":0,"writes_served":0}
1791637743.976 {"t":"peers","node":25344,"own_period_ms":100,"own_busy":0,"channel":1,"scanning":0,"scans":0,"hops":0,"found":0,"lost_to_found_ms":0,"moves_followed":0,"moves_refused":0,"sweeps":0,"sweep_found":0,"sweeping":0,"search_visits":0,"relay":0,"fwd_u":0,"fwd_b":0,"fwd_h":0,"relay_dup":23339,"list":[{"id":29544,"state":"alive","via_relay":0,"period_ms":100,"misses":6,"busy":1,"rtt_n":824},{"id":33120,"state":"alive","via_relay":0,"period_ms":100,"misses":6,"busy":0,"rtt_n":756},{"id":254,"state":"alive","via_relay":0,"period_ms":100,"misses":6,"busy":0,"rtt_n":83}]}
1791637743.976 {"t":"ss","node":25344,"accepted":0,"unsigned":0,"unknown_sender":0,"bad_signature":0,"replayed":0,"rate_limited":0,"verify_us_max":0,"floors":[]}
1791637743.976 {"t":"rec","node":25344,"up_ms":2472692,"settled":1,"sent":9884,"received":9868,"malformed":0,"views":18,"replies_fenced":0,"actors":[{"key":1245650351,"running":1,"term":9,"owner":25344,"owner_term":9,"assigned":254,"starts":1,"fenced":0,"released":0}]}
1791637743.976 {"t":"node","up_ms":2472719,"node":25344,"epoch":244,"peers_alive":3,"peers_dead":0,"no_radio":0,"free_dram":250307,"largest_block":172032,"rx":{"total":120031,"bad_frame":0,"unknown_peer":80,"wrong_dst":0,"short_payload":0,"unknown_opcode":0,"queue_dropped":50},"tx":{"total":46144,"enqueue_err":0,"done_queue_dropped":0},"membership":{"deaths":8,"revivals":5,"reboots_seen":3,"table_full":0,"events_dropped":0}}
1791637743.976 {"t":"ns","node":25344,"hash":2410274060,"owner":25344,"kind":"sampled","unit":100,"class":4,"bound_ms":0,"quality":"GOOD","age_ms":444,"ts":2472316,"updates":234,"value":244}
1791637743.976 {"t":"ns","node":25344,"hash":1274253983,"owner":25344,"kind":"sampled","unit":0,"class":4,"bound_ms":5000,"quality":"GOOD","age_ms":459,"ts":2472316,"updates":234,"value":-28}
1791637743.976 {"t":"ns","node":25344,"hash":3354298913,"owner":25344,"kind":"sampled","unit":100,"class":4,"bound_ms":5000,"quality":"GOOD","age_ms":472,"ts":2472316,"updates":234,"value":3}
1791637743.976 {"t":"ns","node":25344,"hash":1771187623,"owner":25344,"kind":"sampled","unit":101,"class":4,"bound_ms":30000,"quality":"GOOD","age_ms":488,"ts":2472315,"updates":234,"value":250307}
1791637743.976 {"t":"ns","node":25344,"hash":1245650351,"owner":25344,"kind":"sampled","unit":0,"class":3,"bound_ms":500,"quality":"GOOD","age_ms":6,"ts":2472811,"updates":24622,"value":1660969006}
1791637743.976 {"t":"ns","node":25344,"hash":2033492666,"owner":25344,"kind":"sampled","unit":0,"class":3,"bound_ms":0,"quality":"NO_DATA","age_ms":0,"ts":0,"updates":0,"value":null}
1791637743.976 {"t":"ns","node":25344,"hash":4103947588,"owner":25344,"kind":"sampled","unit":80,"class":4,"bound_ms":30000,"quality":"GOOD","age_ms":529,"ts":2472316,"updates":234,"value":2472}
1791637743.976 {"t":"ns","node":25344,"hash":1662441583,"owner":25344,"kind":"sampled","unit":101,"class":4,"bound_ms":30000,"quality":"GOOD","age_ms":543,"ts":2472316,"updates":234,"value":172032}
1791637754.127 {"t":"clk","node":25344,"up_ms":2482885}
1791637754.127 {"t":"led","node":25344,"shows":"green","app":0}
1791637754.127 {"t":"event","at_ms":2473002,"node":25344,"kind":"peer_admitted","peer":33120,"slot":1,"a":0,"b":0}
1791637754.127 {"t":"event","at_ms":2473677,"node":25344,"kind":"peer_admitted","peer":29544,"slot":0,"a":0,"b":0}
1791637754.127 {"t":"event","at_ms":2475002,"node":25344,"kind":"peer_admitted","peer":33120,"slot":1,"a":0,"b":0}
1791637754.127 {"t":"event","at_ms":2475675,"node":25344,"kind":"peer_admitted","peer":29544,"slot":0,"a":0,"b":0}
1791637754.127 {"t":"event","at_ms":2477002,"node":25344,"kind":"peer_admitted","peer":33120,"slot":1,"a":0,"b":0}
1791637754.127 {"t":"event","at_ms":2477680,"node":25344,"kind":"peer_admitted","peer":29544,"slot":0,"a":0,"b":0}
1791637754.127 {"t":"event","at_ms":2479003,"node":25344,"kind":"peer_admitted","peer":33120,"slot":1,"a":0,"b":0}
1791637754.127 {"t":"event","at_ms":2479679,"node":25344,"kind":"peer_admitted","peer":29544,"slot":0,"a":0,"b":0}
1791637754.127 {"t":"event","at_ms":2481003,"node":25344,"kind":"peer_admitted","peer":33120,"slot":1,"a":0,"b":0}
1791637754.127 {"t":"event","at_ms":2481679,"node":25344,"kind":"peer_admitted","peer":29544,"slot":0,"a":0,"b":0}
1791637754.127 {"t":"link","up_ms":2482970,"node":25344,"peer":29544,"mac":"b8:1f:3f:da:73:68","state":"alive","epoch":171,"espnow_ver":2,"mtu":1446,"misses":0,"rssi":-28,"tx":{"frames":8554,"cb_ok":8553,"cb_fail":0,"enqueue_err":0,"pdr_ppm":1000000},"rx":{"frames":34803,"lost_seqgap":0,"reorder_dup":0,"dropped_bad":0,"hb_lost":51,"bcast_frames":24761,"pdr_ppm":1000000},"rtt":{"samples":828,"min_us":5287,"max_us":54915,"timeouts":0,"txq_last_us":4870,"txq_max_us":42777,"remote_turnaround_us":790,"remote_turnaround_max_us":5222,"p50_us":[4000,6000],"p99_us":[22000,30000],"hist":[0,0,0,0,502,205,87,20,4,4,1,5,0,0,0,0]}}
1791637754.127 {"t":"link","up_ms":2483024,"node":25344,"peer":33120,"mac":"b8:1f:3f:da:81:60","state":"alive","epoch":293,"espnow_ver":2,"mtu":1446,"misses":0,"rssi":-21,"tx":{"frames":9035,"cb_ok":8965,"cb_fail":70,"enqueue_err":0,"pdr_ppm":992252},"rx":{"frames":32902,"lost_seqgap":1,"reorder_dup":0,"dropped_bad":0,"hb_lost":98,"bcast_frames":22676,"pdr_ppm":999969},"rtt":{"samples":760,"min_us":5666,"max_us":48794,"timeouts":66,"txq_last_us":3824,"txq_max_us":29961,"remote_turnaround_us":963,"remote_turnaround_max_us":33351,"p50_us":[4000,6000],"p99_us":[22000,30000],"hist":[0,0,0,0,456,191,81,18,4,4,4,2,0,0,0,0]}}
1791637754.127 {"t":"link","up_ms":2483079,"node":25344,"peer":254,"mac":"02:00:00:00:00:fe","state":"alive","epoch":0,"espnow_ver":0,"mtu":226,"misses":0,"rssi":0,"tx":{"frames":2870,"cb_ok":0,"cb_fail":0,"enqueue_err":0,"pdr_ppm":null},"rx":{"frames":4091,"lost_seqgap":0,"reorder_dup":4043,"dropped_bad":0,"hb_lost":0,"bcast_frames":0,"pdr_ppm":1000000},"rtt":{"samples":86,"min_us":7169,"max_us":102972,"timeouts":739,"txq_last_us":0,"txq_max_us":0,"remote_turnaround_us":15,"remote_turnaround_max_us":24,"p50_us":[42000,60000],"p99_us":[85000,110000],"hist":[0,0,0,0,0,1,0,2,5,6,1,51,17,3,0,0]}}
1791637754.127 {"t":"auth","node":25344,"up_ms":2483133,"enrolled":1,"required":1,"verified_peers":2,"verified":5,"cache_hits":2386,"refused":0,"rate_limited":0,"stale_epoch":0,"verify_us_max":82867,"link_stack_free_b":804,"crypto_stack_free_b":1268,"tags_ok":17880,"bad_tag":0,"replayed":0,"untagged":0,"bcast_dropped":0,"beacon_epoch_ignored":0,"tag_us_max":1221}
1791637754.127 {"t":"act","node":25344,"setpoint":0,"has_value":0,"writes_served":0}
1791637754.127 {"t":"peers","node":25344,"own_period_ms":100,"own_busy":0,"channel":1,"scanning":0,"scans":0,"hops":0,"found":0,"lost_to_found_ms":0,"moves_followed":0,"moves_refused":0,"sweeps":0,"sweep_found":0,"sweeping":0,"search_visits":0,"relay":0,"fwd_u":0,"fwd_b":0,"fwd_h":0,"relay_dup":23450,"list":[{"id":29544,"state":"alive","via_relay":0,"period_ms":100,"misses":6,"busy":1,"rtt_n":828},{"id":33120,"state":"alive","via_relay":0,"period_ms":100,"misses":6,"busy":0,"rtt_n":760},{"id":254,"state":"alive","via_relay":0,"period_ms":100,"misses":6,"busy":0,"rtt_n":86}]}
1791637754.127 {"t":"ss","node":25344,"accepted":0,"unsigned":0,"unknown_sender":0,"bad_signature":0,"replayed":0,"rate_limited":0,"verify_us_max":0,"floors":[]}
1791637754.522 {"t":"rec","node":25344,"up_ms":2483230,"settled":1,"sent":9926,"received":9910,"malformed":0,"views":18,"replies_fenced":0,"actors":[{"key":1245650351,"running":1,"term":9,"owner":25344,"owner_term":9,"assigned":254,"starts":1,"fenced":0,"released":0}]}
1791637754.522 {"t":"node","up_ms":2483256,"node":25344,"epoch":244,"peers_alive":3,"peers_dead":0,"no_radio":0,"free_dram":250307,"largest_block":172032,"rx":{"total":120838,"bad_frame":0,"unknown_peer":80,"wrong_dst":0,"short_payload":0,"unknown_opcode":0,"queue_dropped":50},"tx":{"total":46524,"enqueue_err":0,"done_queue_dropped":0},"membership":{"deaths":8,"revivals":5,"reboots_seen":3,"table_full":0,"events_dropped":0}}
1791637754.522 {"t":"ns","node":25344,"hash":2410274060,"owner":25344,"kind":"sampled","unit":100,"class":4,"bound_ms":0,"quality":"GOOD","age_ms":398,"ts":2482887,"updates":235,"value":244}
1791637754.522 {"t":"ns","node":25344,"hash":1274253983,"owner":25344,"kind":"sampled","unit":0,"class":4,"bound_ms":5000,"quality":"GOOD","age_ms":423,"ts":2482887,"updates":235,"value":-28}
1791637754.522 {"t":"ns","node":25344,"hash":3354298913,"owner":25344,"kind":"sampled","unit":100,"class":4,"bound_ms":5000,"quality":"GOOD","age_ms":437,"ts":2482887,"updates":235,"value":3}
1791637754.522 {"t":"ns","node":25344,"hash":1771187623,"owner":25344,"kind":"sampled","unit":101,"class":4,"bound_ms":30000,"quality":"GOOD","age_ms":453,"ts":2482886,"updates":235,"value":250307}
1791637754.522 {"t":"ns","node":25344,"hash":1245650351,"owner":25344,"kind":"sampled","unit":0,"class":3,"bound_ms":500,"quality":"GOOD","age_ms":40,"ts":2483313,"updates":24726,"value":1660969110}
1791637754.522 {"t":"ns","node":25344,"hash":2033492666,"owner":25344,"kind":"sampled","unit":0,"class":3,"bound_ms":0,"quality":"NO_DATA","age_ms":0,"ts":0,"updates":0,"value":null}
1791637754.522 {"t":"ns","node":25344,"hash":4103947588,"owner":25344,"kind":"sampled","unit":80,"class":4,"bound_ms":30000,"quality":"GOOD","age_ms":493,"ts":2482887,"updates":235,"value":2482}
1791637754.522 {"t":"ns","node":25344,"hash":1662441583,"owner":25344,"kind":"sampled","unit":101,"class":4,"bound_ms":30000,"quality":"GOOD","age_ms":508,"ts":2482887,"updates":235,"value":172032}
1791637764.655 {"t":"clk","node":25344,"up_ms":2493409}
1791637764.655 {"t":"led","node":25344,"shows":"green","app":0}
1791637764.655 {"t":"event","at_ms":2483002,"node":25344,"kind":"peer_admitted","peer":33120,"slot":1,"a":0,"b":0}
1791637764.655 {"t":"event","at_ms":2483679,"node":25344,"kind":"peer_admitted","peer":29544,"slot":0,"a":0,"b":0}
1791637764.655 {"t":"event","at_ms":2485002,"node":25344,"kind":"peer_admitted","peer":33120,"slot":1,"a":0,"b":0}
1791637764.655 {"t":"event","at_ms":2485679,"node":25344,"kind":"peer_admitted","peer":29544,"slot":0,"a":0,"b":0}
1791637764.655 {"t":"event","at_ms":2487002,"node":25344,"kind":"peer_admitted","peer":33120,"slot":1,"a":0,"b":0}
1791637764.655 {"t":"event","at_ms":2487680,"node":25344,"kind":"peer_admitted","peer":29544,"slot":0,"a":0,"b":0}
1791637764.655 {"t":"event","at_ms":2489002,"node":25344,"kind":"peer_admitted","peer":33120,"slot":1,"a":0,"b":0}
1791637764.655 {"t":"event","at_ms":2489680,"node":25344,"kind":"peer_admitted","peer":29544,"slot":0,"a":0,"b":0}
1791637764.655 {"t":"event","at_ms":2491002,"node":25344,"kind":"peer_admitted","peer":33120,"slot":1,"a":0,"b":0}
1791637764.655 {"t":"event","at_ms":2491680,"node":25344,"kind":"peer_admitted","peer":29544,"slot":0,"a":0,"b":0}
1791637764.655 {"t":"event","at_ms":2493002,"node":25344,"kind":"peer_admitted","peer":33120,"slot":1,"a":0,"b":0}
1791637764.655 {"t":"link","up_ms":2493507,"node":25344,"peer":29544,"mac":"b8:1f:3f:da:73:68","state":"alive","epoch":171,"espnow_ver":2,"mtu":1446,"misses":0,"rssi":-28,"tx":{"frames":8677,"cb_ok":8677,"cb_fail":0,"enqueue_err":0,"pdr_ppm":1000000},"rx":{"frames":35043,"lost_seqgap":0,"reorder_dup":0,"dropped_bad":0,"hb_lost":51,"bcast_frames":24866,"pdr_ppm":1000000},"rtt":{"samples":831,"min_us":5287,"max_us":54915,"timeouts":0,"txq_last_us":4870,"txq_max_us":42777,"remote_turnaround_us":835,"remote_turnaround_max_us":5222,"p50_us":[4000,6000],"p99_us":[22000,30000],"hist":[0,0,0,0,504,206,87,20,4,4,1,5,0,0,0,0]}}
1791637764.655 {"t":"link","up_ms":2493562,"node":25344,"peer":33120,"mac":"b8:1f:3f:da:81:60","state":"alive","epoch":293,"espnow_ver":2,"mtu":1446,"misses":0,"rssi":-20,"tx":{"frames":9062,"cb_ok":8992,"cb_fail":70,"enqueue_err":0,"pdr_ppm":992275},"rx":{"frames":33046,"lost_seqgap":1,"reorder_dup":0,"dropped_bad":0,"hb_lost":99,"bcast_frames":22781,"pdr_ppm":999969},"rtt":{"samples":763,"min_us":5666,"max_us":48794,"timeouts":66,"txq_last_us":3824,"txq_max_us":29961,"remote_turnaround_us":1013,"remote_turnaround_max_us":33351,"p50_us":[4000,6000],"p99_us":[22000,30000],"hist":[0,0,0,0,458,192,81,18,4,4,4,2,0,0,0,0]}}
1791637764.655 {"t":"link","up_ms":2493616,"node":25344,"peer":254,"mac":"02:00:00:00:00:fe","state":"alive","epoch":0,"espnow_ver":0,"mtu":226,"misses":0,"rssi":0,"tx":{"frames":2985,"cb_ok":0,"cb_fail":0,"enqueue_err":0,"pdr_ppm":null},"rx":{"frames":4289,"lost_seqgap":0,"reorder_dup":4241,"dropped_bad":0,"hb_lost":0,"bcast_frames":0,"pdr_ppm":1000000},"rtt":{"samples":90,"min_us":7169,"max_us":102972,"timeouts":739,"txq_last_us":0,"txq_max_us":0,"remote_turnaround_us":15,"remote_turnaround_max_us":24,"p50_us":[42000,60000],"p99_us":[85000,110000],"hist":[0,0,0,0,0,1,0,2,7,6,1,53,17,3,0,0]}}
1791637764.655 {"t":"auth","node":25344,"up_ms":2493670,"enrolled":1,"required":1,"verified_peers":2,"verified":5,"cache_hits":2396,"refused":0,"rate_limited":0,"stale_epoch":0,"verify_us_max":82867,"link_stack_free_b":804,"crypto_stack_free_b":1268,"tags_ok":18043,"bad_tag":0,"replayed":0,"untagged":0,"bcast_dropped":0,"beacon_epoch_ignored":0,"tag_us_max":1221}
1791637764.655 {"t":"act","node":25344,"setpoint":0,"has_value":0,"writes_served":0}
1791637764.655 {"t":"peers","node":25344,"own_period_ms":100,"own_busy":0,"channel":1,"scanning":0,"scans":0,"hops":0,"found":0,"lost_to_found_ms":0,"moves_followed":0,"moves_refused":0,"sweeps":0,"sweep_found":0,"sweeping":0,"search_visits":0,"relay":0,"fwd_u":0,"fwd_b":0,"fwd_h":0,"relay_dup":23557,"list":[{"id":29544,"state":"alive","via_relay":0,"period_ms":100,"misses":6,"busy":1,"rtt_n":831},{"id":33120,"state":"alive","via_relay":0,"period_ms":100,"misses":6,"busy":0,"rtt_n":763},{"id":254,"state":"alive","via_relay":0,"period_ms":100,"misses":6,"busy":0,"rtt_n":90}]}
1791637765.050 {"t":"ss","node":25344,"accepted":0,"unsigned":0,"unknown_sender":0,"bad_signature":0,"replayed":0,"rate_limited":0,"verify_us_max":0,"floors":[]}
1791637765.050 {"t":"rec","node":25344,"up_ms":2493767,"settled":1,"sent":9968,"received":9951,"malformed":0,"views":18,"replies_fenced":0,"actors":[{"key":1245650351,"running":1,"term":9,"owner":25344,"owner_term":9,"assigned":254,"starts":1,"fenced":0,"released":0}]}
1791637765.050 {"t":"node","up_ms":2493782,"node":25344,"epoch":244,"peers_alive":3,"peers_dead":0,"no_radio":0,"free_dram":250307,"largest_block":172032,"rx":{"total":121634,"bad_frame":0,"unknown_peer":80,"wrong_dst":0,"short_payload":0,"unknown_opcode":0,"queue_dropped":50},"tx":{"total":46901,"enqueue_err":0,"done_queue_dropped":0},"membership":{"deaths":8,"revivals":5,"reboots_seen":3,"table_full":0,"events_dropped":0}}
1791637765.050 {"t":"ns","node":25344,"hash":2410274060,"owner":25344,"kind":"sampled","unit":100,"class":4,"bound_ms":0,"quality":"GOOD","age_ms":411,"ts":2493411,"updates":236,"value":244}
1791637765.050 {"t":"ns","node":25344,"hash":1274253983,"owner":25344,"kind":"sampled","unit":0,"class":4,"bound_ms":5000,"quality":"GOOD","age_ms":426,"ts":2493411,"updates":236,"value":-28}
1791637765.050 {"t":"ns","node":25344,"hash":3354298913,"owner":25344,"kind":"sampled","unit":100,"class":4,"bound_ms":5000,"quality":"GOOD","age_ms":441,"ts":2493411,"updates":236,"value":3}
1791637765.050 {"t":"ns","node":25344,"hash":1771187623,"owner":25344,"kind":"sampled","unit":101,"class":4,"bound_ms":30000,"quality":"GOOD","age_ms":456,"ts":2493410,"updates":236,"value":250307}
1791637765.050 {"t":"ns","node":25344,"hash":1245650351,"owner":25344,"kind":"sampled","unit":0,"class":3,"bound_ms":500,"quality":"GOOD","age_ms":19,"ts":2493862,"updates":24831,"value":1660969215}
1791637765.050 {"t":"ns","node":25344,"hash":2033492666,"owner":25344,"kind":"sampled","unit":0,"class":3,"bound_ms":0,"quality":"NO_DATA","age_ms":0,"ts":0,"updates":0,"value":null}
1791637765.050 {"t":"ns","node":25344,"hash":4103947588,"owner":25344,"kind":"sampled","unit":80,"class":4,"bound_ms":30000,"quality":"GOOD","age_ms":509,"ts":2493411,"updates":236,"value":2493}
1791637765.050 {"t":"ns","node":25344,"hash":1662441583,"owner":25344,"kind":"sampled","unit":101,"class":4,"bound_ms":30000,"quality":"GOOD","age_ms":525,"ts":2493411,"updates":236,"value":172032}
1791637775.193 {"t":"clk","node":25344,"up_ms":2503951}
1791637775.193 {"t":"led","node":25344,"shows":"green","app":0}
1791637775.193 {"t":"event","at_ms":2493679,"node":25344,"kind":"peer_admitted","peer":29544,"slot":0,"a":0,"b":0}
1791637775.193 {"t":"event","at_ms":2495004,"node":25344,"kind":"peer_admitted","peer":33120,"slot":1,"a":0,"b":0}
1791637775.193 {"t":"event","at_ms":2495679,"node":25344,"kind":"peer_admitted","peer":29544,"slot":0,"a":0,"b":0}
1791637775.193 {"t":"event","at_ms":2497002,"node":25344,"kind":"peer_admitted","peer":33120,"slot":1,"a":0,"b":0}
1791637775.193 {"t":"event","at_ms":2497680,"node":25344,"kind":"peer_admitted","peer":29544,"slot":0,"a":0,"b":0}
1791637775.193 {"t":"event","at_ms":2499002,"node":25344,"kind":"peer_admitted","peer":33120,"slot":1,"a":0,"b":0}
1791637775.193 {"t":"event","at_ms":2499679,"node":25344,"kind":"peer_admitted","peer":29544,"slot":0,"a":0,"b":0}
1791637775.193 {"t":"event","at_ms":2501002,"node":25344,"kind":"peer_admitted","peer":33120,"slot":1,"a":0,"b":0}
1791637775.193 {"t":"event","at_ms":2501685,"node":25344,"kind":"peer_admitted","peer":29544,"slot":0,"a":0,"b":0}
1791637775.193 {"t":"event","at_ms":2503002,"node":25344,"kind":"peer_admitted","peer":33120,"slot":1,"a":0,"b":0}
1791637775.193 {"t":"event","at_ms":2503685,"node":25344,"kind":"peer_admitted","peer":29544,"slot":0,"a":0,"b":0}
1791637775.193 {"t":"link","up_ms":2504050,"node":25344,"peer":29544,"mac":"b8:1f:3f:da:73:68","state":"alive","epoch":171,"espnow_ver":2,"mtu":1446,"misses":0,"rssi":-28,"tx":{"frames":8803,"cb_ok":8803,"cb_fail":0,"enqueue_err":0,"pdr_ppm":1000000},"rx":{"frames":35287,"lost_seqgap":0,"reorder_dup":0,"dropped_bad":0,"hb_lost":52,"bcast_frames":24971,"pdr_ppm":1000000},"rtt":{"samples":835,"min_us":5287,"max_us":54915,"timeouts":0,"txq_last_us":1396,"txq_max_us":42777,"remote_turnaround_us":817,"remote_turnaround_max_us":5222,"p50_us":[4000,6000],"p99_us":[22000,30000],"hist":[0,0,0,0,505,208,87,20,4,5,1,5,0,0,0,0]}}
1791637775.193 {"t":"link","up_ms":2504105,"node":25344,"peer":33120,"mac":"b8:1f:3f:da:81:60","state":"alive","epoch":293,"espnow_ver":2,"mtu":1446,"misses":0,"rssi":-21,"tx":{"frames":9090,"cb_ok":9020,"cb_fail":70,"enqueue_err":0,"pdr_ppm":992299},"rx":{"frames":33190,"lost_seqgap":1,"reorder_dup":0,"dropped_bad":0,"hb_lost":101,"bcast_frames":22884,"pdr_ppm":999969},"rtt":{"samples":767,"min_us":5640,"max_us":48794,"timeouts":66,"txq_last_us":3098,"txq_max_us":29961,"remote_turnaround_us":969,"remote_turnaround_max_us":33351,"p50_us":[4000,6000],"p99_us":[22000,30000],"hist":[0,0,0,0,459,195,81,18,4,4,4,2,0,0,0,0]}}
1791637775.193 {"t":"link","up_ms":2504159,"node":25344,"peer":254,"mac":"02:00:00:00:00:fe","state":"alive","epoch":0,"espnow_ver":0,"mtu":226,"misses":0,"rssi":0,"tx":{"frames":3098,"cb_ok":0,"cb_fail":0,"enqueue_err":0,"pdr_ppm":null},"rx":{"frames":4487,"lost_seqgap":0,"reorder_dup":4439,"dropped_bad":0,"hb_lost":0,"bcast_frames":0,"pdr_ppm":1000000},"rtt":{"samples":93,"min_us":7169,"max_us":102972,"timeouts":739,"txq_last_us":0,"txq_max_us":0,"remote_turnaround_us":13,"remote_turnaround_max_us":24,"p50_us":[42000,60000],"p99_us":[85000,110000],"hist":[0,0,0,0,0,1,0,2,7,6,2,55,17,3,0,0]}}
1791637775.193 {"t":"auth","node":25344,"up_ms":2504202,"enrolled":1,"required":1,"verified_peers":2,"verified":5,"cache_hits":2407,"refused":0,"rate_limited":0,"stale_epoch":0,"verify_us_max":82867,"link_stack_free_b":804,"crypto_stack_free_b":1268,"tags_ok":18211,"bad_tag":0,"replayed":0,"untagged":0,"bcast_dropped":0,"beacon_epoch_ignored":0,"tag_us_max":1221}
1791637775.193 {"t":"act","node":25344,"setpoint":0,"has_value":0,"writes_served":0}
1791637775.193 {"t":"peers","node":25344,"own_period_ms":100,"own_busy":0,"channel":1,"scanning":0,"scans":0,"hops":0,"found":0,"lost_to_found_ms":0,"moves_followed":0,"moves_refused":0,"sweeps":0,"sweep_found":0,"sweeping":0,"search_visits":0,"relay":0,"fwd_u":0,"fwd_b":0,"fwd_h":0,"relay_dup":23665,"list":[{"id":29544,"state":"alive","via_relay":0,"period_ms":100,"misses":6,"busy":1,"rtt_n":835},{"id":33120,"state":"alive","via_relay":0,"period_ms":100,"misses":6,"busy":0,"rtt_n":767},{"id":254,"state":"alive","via_relay":0,"period_ms":100,"misses":6,"busy":0,"rtt_n":93}]}
1791637775.588 {"t":"ss","node":25344,"accepted":0,"unsigned":0,"unknown_sender":0,"bad_signature":0,"replayed":0,"rate_limited":0,"verify_us_max":0,"floors":[]}
1791637775.588 {"t":"rec","node":25344,"up_ms":2504309,"settled":1,"sent":10009,"received":9993,"malformed":0,"views":18,"replies_fenced":0,"actors":[{"key":1245650351,"running":1,"term":9,"owner":25344,"owner_term":9,"assigned":254,"starts":1,"fenced":0,"released":0}]}
1791637775.588 {"t":"node","up_ms":2504324,"node":25344,"epoch":244,"peers_alive":3,"peers_dead":0,"no_radio":0,"free_dram":250307,"largest_block":172032,"rx":{"total":122433,"bad_frame":0,"unknown_peer":80,"wrong_dst":0,"short_payload":0,"unknown_opcode":0,"queue_dropped":50},"tx":{"total":47278,"enqueue_err":0,"done_queue_dropped":0},"membership":{"deaths":8,"revivals":5,"reboots_seen":3,"table_full":0,"events_dropped":0}}
1791637775.588 {"t":"ns","node":25344,"hash":2410274060,"owner":25344,"kind":"sampled","unit":100,"class":4,"bound_ms":0,"quality":"GOOD","age_ms":411,"ts":2503953,"updates":237,"value":244}
1791637775.588 {"t":"ns","node":25344,"hash":1274253983,"owner":25344,"kind":"sampled","unit":0,"class":4,"bound_ms":5000,"quality":"GOOD","age_ms":425,"ts":2503953,"updates":237,"value":-28}
1791637775.588 {"t":"ns","node":25344,"hash":3354298913,"owner":25344,"kind":"sampled","unit":100,"class":4,"bound_ms":5000,"quality":"GOOD","age_ms":439,"ts":2503953,"updates":237,"value":3}
1791637775.588 {"t":"ns","node":25344,"hash":1771187623,"owner":25344,"kind":"sampled","unit":101,"class":4,"bound_ms":30000,"quality":"GOOD","age_ms":454,"ts":2503952,"updates":237,"value":250307}
1791637775.588 {"t":"ns","node":25344,"hash":1245650351,"owner":25344,"kind":"sampled","unit":0,"class":3,"bound_ms":500,"quality":"GOOD","age_ms":3,"ts":2504429,"updates":24935,"value":1660969319}
1791637775.588 {"t":"ns","node":25344,"hash":2033492666,"owner":25344,"kind":"sampled","unit":0,"class":3,"bound_ms":0,"quality":"NO_DATA","age_ms":0,"ts":0,"updates":0,"value":null}
1791637775.588 {"t":"ns","node":25344,"hash":4103947588,"owner":25344,"kind":"sampled","unit":80,"class":4,"bound_ms":30000,"quality":"GOOD","age_ms":509,"ts":2503952,"updates":237,"value":2503}
1791637775.588 {"t":"ns","node":25344,"hash":1662441583,"owner":25344,"kind":"sampled","unit":101,"class":4,"bound_ms":30000,"quality":"GOOD","age_ms":523,"ts":2503952,"updates":237,"value":172032}
1791637785.731 {"t":"clk","node":25344,"up_ms":2514490}
1791637785.731 {"t":"led","node":25344,"shows":"green","app":0}
1791637785.731 {"t":"event","at_ms":2505002,"node":25344,"kind":"peer_admitted","peer":33120,"slot":1,"a":0,"b":0}
1791637785.731 {"t":"event","at_ms":2505693,"node":25344,"kind":"peer_admitted","peer":29544,"slot":0,"a":0,"b":0}
1791637785.731 {"t":"event","at_ms":2507002,"node":25344,"kind":"peer_admitted","peer":33120,"slot":1,"a":0,"b":0}
1791637785.731 {"t":"event","at_ms":2507684,"node":25344,"kind":"peer_admitted","peer":29544,"slot":0,"a":0,"b":0}
1791637785.731 {"t":"event","at_ms":2509002,"node":25344,"kind":"peer_admitted","peer":33120,"slot":1,"a":0,"b":0}
1791637785.731 {"t":"event","at_ms":2509684,"node":25344,"kind":"peer_admitted","peer":29544,"slot":0,"a":0,"b":0}
1791637785.731 {"t":"event","at_ms":2511002,"node":25344,"kind":"peer_admitted","peer":33120,"slot":1,"a":0,"b":0}
1791637785.731 {"t":"event","at_ms":2511684,"node":25344,"kind":"peer_admitted","peer":29544,"slot":0,"a":0,"b":0}
1791637785.731 {"t":"event","at_ms":2513004,"node":25344,"kind":"peer_admitted","peer":33120,"slot":1,"a":0,"b":0}
1791637785.731 {"t":"event","at_ms":2513684,"node":25344,"kind":"peer_admitted","peer":29544,"slot":0,"a":0,"b":0}
1791637785.731 {"t":"link","up_ms":2514577,"node":25344,"peer":29544,"mac":"b8:1f:3f:da:73:68","state":"alive","epoch":171,"espnow_ver":2,"mtu":1446,"misses":0,"rssi":-28,"tx":{"frames":8927,"cb_ok":8927,"cb_fail":0,"enqueue_err":0,"pdr_ppm":1000000},"rx":{"frames":35528,"lost_seqgap":0,"reorder_dup":0,"dropped_bad":0,"hb_lost":52,"bcast_frames":25076,"pdr_ppm":1000000},"rtt":{"samples":838,"min_us":5287,"max_us":54915,"timeouts":0,"txq_last_us":2822,"txq_max_us":42777,"remote_turnaround_us":824,"remote_turnaround_max_us":5222,"p50_us":[4000,6000],"p99_us":[22000,30000],"hist":[0,0,0,0,507,208,87,20,4,5,2,5,0,0,0,0]}}
1791637785.731 {"t":"link","up_ms":2514631,"node":25344,"peer":33120,"mac":"b8:1f:3f:da:81:60","state":"alive","epoch":293,"espnow_ver":2,"mtu":1446,"misses":0,"rssi":-21,"tx":{"frames":9117,"cb_ok":9047,"cb_fail":70,"enqueue_err":0,"pdr_ppm":992322},"rx":{"frames":33332,"lost_seqgap":1,"reorder_dup":0,"dropped_bad":0,"hb_lost":103,"bcast_frames":22987,"pdr_ppm":999969},"rtt":{"samples":770,"min_us":5640,"max_us":48794,"timeouts":66,"txq_last_us":3098,"txq_max_us":29961,"remote_turnaround_us":975,"remote_turnaround_max_us":33351,"p50_us":[4000,6000],"p99_us":[22000,30000],"hist":[0,0,0,0,460,197,81,18,4,4,4,2,0,0,0,0]}}
1791637785.731 {"t":"link","up_ms":2514686,"node":25344,"peer":254,"mac":"02:00:00:00:00:fe","state":"alive","epoch":0,"espnow_ver":0,"mtu":226,"misses":0,"rssi":0,"tx":{"frames":3213,"cb_ok":0,"cb_fail":0,"enqueue_err":0,"pdr_ppm":null},"rx":{"frames":4685,"lost_seqgap":0,"reorder_dup":4637,"dropped_bad":0,"hb_lost":0,"bcast_frames":0,"pdr_ppm":1000000},"rtt":{"samples":97,"min_us":7169,"max_us":102972,"timeouts":739,"txq_last_us":0,"txq_max_us":0,"remote_turnaround_us":14,"remote_turnaround_max_us":24,"p50_us":[42000,60000],"p99_us":[85000,110000],"hist":[0,0,0,0,0,1,1,3,7,7,2,56,17,3,0,0]}}
1791637785.731 {"t":"auth","node":25344,"up_ms":2514740,"enrolled":1,"required":1,"verified_peers":2,"verified":5,"cache_hits":2417,"refused":0,"rate_limited":0,"stale_epoch":0,"verify_us_max":82867,"link_stack_free_b":804,"crypto_stack_free_b":1268,"tags_ok":18377,"bad_tag":0,"replayed":0,"untagged":0,"bcast_dropped":0,"beacon_epoch_ignored":0,"tag_us_max":1221}
1791637785.731 {"t":"act","node":25344,"setpoint":0,"has_value":0,"writes_served":0}
1791637785.731 {"t":"peers","node":25344,"own_period_ms":100,"own_busy":0,"channel":1,"scanning":0,"scans":0,"hops":0,"found":0,"lost_to_found_ms":0,"moves_followed":0,"moves_refused":0,"sweeps":0,"sweep_found":0,"sweeping":0,"search_visits":0,"relay":0,"fwd_u":0,"fwd_b":0,"fwd_h":0,"relay_dup":23771,"list":[{"id":29544,"state":"alive","via_relay":0,"period_ms":100,"misses":6,"busy":1,"rtt_n":838},{"id":33120,"state":"alive","via_relay":0,"period_ms":100,"misses":6,"busy":0,"rtt_n":770},{"id":254,"state":"alive","via_relay":0,"period_ms":100,"misses":6,"busy":0,"rtt_n":97}]}
1791637785.731 {"t":"ss","node":25344,"accepted":0,"unsigned":0,"unknown_sender":0,"bad_signature":0,"replayed":0,"rate_limited":0,"verify_us_max":0,"floors":[]}
1791637786.123 {"t":"rec","node":25344,"up_ms":2514836,"settled":1,"sent":10051,"received":10034,"malformed":0,"views":18,"replies_fenced":0,"actors":[{"key":1245650351,"running":1,"term":9,"owner":25344,"owner_term":9,"assigned":254,"starts":1,"fenced":0,"released":0}]}
1791637786.123 {"t":"node","up_ms":2514863,"node":25344,"epoch":244,"peers_alive":3,"peers_dead":0,"no_radio":0,"free_dram":250307,"largest_block":172032,"rx":{"total":123231,"bad_frame":0,"unknown_peer":80,"wrong_dst":0,"short_payload":0,"unknown_opcode":0,"queue_dropped":50},"tx":{"total":47657,"enqueue_err":0,"done_queue_dropped":0},"membership":{"deaths":8,"revivals":5,"reboots_seen":3,"table_full":0,"events_dropped":0}}
1791637786.123 {"t":"ns","node":25344,"hash":2410274060,"owner":25344,"kind":"sampled","unit":100,"class":4,"bound_ms":0,"quality":"GOOD","age_ms":400,"ts":2514492,"updates":238,"value":244}
1791637786.123 {"t":"ns","node":25344,"hash":1274253983,"owner":25344,"kind":"sampled","unit":0,"class":4,"bound_ms":5000,"quality":"GOOD","age_ms":414,"ts":2514492,"updates":238,"value":-28}
1791637786.123 {"t":"ns","node":25344,"hash":3354298913,"owner":25344,"kind":"sampled","unit":100,"class":4,"bound_ms":5000,"quality":"GOOD","age_ms":428,"ts":2514492,"updates":238,"value":3}
1791637786.123 {"t":"ns","node":25344,"hash":1771187623,"owner":25344,"kind":"sampled","unit":101,"class":4,"bound_ms":30000,"quality":"GOOD","age_ms":454,"ts":2514491,"updates":238,"value":249023}
1791637786.123 {"t":"ns","node":25344,"hash":1245650351,"owner":25344,"kind":"sampled","unit":0,"class":3,"bound_ms":500,"quality":"GOOD","age_ms":74,"ts":2514886,"updates":25039,"value":1660969423}
1791637786.123 {"t":"ns","node":25344,"hash":2033492666,"owner":25344,"kind":"sampled","unit":0,"class":3,"bound_ms":0,"quality":"NO_DATA","age_ms":0,"ts":0,"updates":0,"value":null}
1791637786.123 {"t":"ns","node":25344,"hash":4103947588,"owner":25344,"kind":"sampled","unit":80,"class":4,"bound_ms":30000,"quality":"GOOD","age_ms":497,"ts":2514491,"updates":238,"value":2514}
1791637786.123 {"t":"ns","node":25344,"hash":1662441583,"owner":25344,"kind":"sampled","unit":101,"class":4,"bound_ms":30000,"quality":"GOOD","age_ms":512,"ts":2514491,"updates":238,"value":172032}
1791637796.263 {"t":"clk","node":25344,"up_ms":2525018}
1791637796.263 {"t":"led","node":25344,"shows":"green","app":0}
1791637796.263 {"t":"event","at_ms":2515002,"node":25344,"kind":"peer_admitted","peer":33120,"slot":1,"a":0,"b":0}
1791637796.263 {"t":"event","at_ms":2515684,"node":25344,"kind":"peer_admitted","peer":29544,"slot":0,"a":0,"b":0}
1791637796.263 {"t":"event","at_ms":2517002,"node":25344,"kind":"peer_admitted","peer":33120,"slot":1,"a":0,"b":0}
1791637796.263 {"t":"event","at_ms":2517684,"node":25344,"kind":"peer_admitted","peer":29544,"slot":0,"a":0,"b":0}
1791637796.263 {"t":"event","at_ms":2519002,"node":25344,"kind":"peer_admitted","peer":33120,"slot":1,"a":0,"b":0}
1791637796.263 {"t":"event","at_ms":2519684,"node":25344,"kind":"peer_admitted","peer":29544,"slot":0,"a":0,"b":0}
1791637796.263 {"t":"event","at_ms":2521002,"node":25344,"kind":"peer_admitted","peer":33120,"slot":1,"a":0,"b":0}
1791637796.263 {"t":"event","at_ms":2521690,"node":25344,"kind":"peer_admitted","peer":29544,"slot":0,"a":0,"b":0}
1791637796.263 {"t":"event","at_ms":2523002,"node":25344,"kind":"peer_admitted","peer":33120,"slot":1,"a":0,"b":0}
1791637796.263 {"t":"event","at_ms":2523685,"node":25344,"kind":"peer_admitted","peer":29544,"slot":0,"a":0,"b":0}
1791637796.263 {"t":"event","at_ms":2525002,"node":25344,"kind":"peer_admitted","peer":33120,"slot":1,"a":0,"b":0}
1791637796.263 {"t":"link","up_ms":2525118,"node":25344,"peer":29544,"mac":"b8:1f:3f:da:73:68","state":"alive","epoch":171,"espnow_ver":2,"mtu":1446,"misses":0,"rssi":-28,"tx":{"frames":9053,"cb_ok":9053,"cb_fail":0,"enqueue_err":0,"pdr_ppm":1000000},"rx":{"frames":35769,"lost_seqgap":0,"reorder_dup":0,"dropped_bad":0,"hb_lost":54,"bcast_frames":25180,"pdr_ppm":1000000},"rtt":{"samples":842,"min_us":5287,"max_us":54915,"timeouts":0,"txq_last_us":9423,"txq_max_us":42777,"remote_turnaround_us":1756,"remote_turnaround_max_us":5222,"p50_us":[4000,6000],"p99_us":[22000,30000],"hist":[0,0,0,0,509,208,88,20,5,5,2,5,0,0,0,0]}}
1791637796.263 {"t":"link","up_ms":2525172,"node":25344,"peer":33120,"mac":"b8:1f:3f:da:81:60","state":"alive","epoch":293,"espnow_ver":2,"mtu":1446,"misses":0,"rssi":-20,"tx":{"frames":9146,"cb_ok":9076,"cb_fail":70,"enqueue_err":0,"pdr_ppm":992346},"rx":{"frames":33478,"lost_seqgap":1,"reorder_dup":0,"dropped_bad":0,"hb_lost":105,"bcast_frames":23091,"pdr_ppm":999970},"rtt":{"samples":774,"min_us":5640,"max_us":48794,"timeouts":66,"txq_last_us":2780,"txq_max_us":29961,"remote_turnaround_us":984,"remote_turnaround_max_us":33351,"p50_us":[4000,6000],"p99_us":[22000,30000],"hist":[0,0,0,0,462,198,82,18,4,4,4,2,0,0,0,0]}}
1791637796.263 {"t":"link","up_ms":2525227,"node":25344,"peer":254,"mac":"02:00:00:00:00:fe","state":"alive","epoch":0,"espnow_ver":0,"mtu":226,"misses":0,"rssi":0,"tx":{"frames":3327,"cb_ok":0,"cb_fail":0,"enqueue_err":0,"pdr_ppm":null},"rx":{"frames":4881,"lost_seqgap":0,"reorder_dup":4833,"dropped_bad":0,"hb_lost":0,"bcast_frames":0,"pdr_ppm":1000000},"rtt":{"samples":100,"min_us":7169,"max_us":102972,"timeouts":739,"txq_last_us":0,"txq_max_us":0,"remote_turnaround_us":15,"remote_turnaround_max_us":24,"p50_us":[42000,60000],"p99_us":[85000,110000],"hist":[0,0,0,0,0,1,1,3,7,8,2,58,17,3,0,0]}}
1791637796.263 {"t":"auth","node":25344,"up_ms":2525271,"enrolled":1,"required":1,"verified_peers":2,"verified":5,"cache_hits":2428,"refused":0,"rate_limited":0,"stale_epoch":0,"verify_us_max":82867,"link_stack_free_b":804,"crypto_stack_free_b":1268,"tags_ok":18544,"bad_tag":0,"replayed":0,"untagged":0,"bcast_dropped":0,"beacon_epoch_ignored":0,"tag_us_max":1221}
1791637796.263 {"t":"act","node":25344,"setpoint":0,"has_value":0,"writes_served":0}
1791637796.263 {"t":"peers","node":25344,"own_period_ms":100,"own_busy":0,"channel":1,"scanning":0,"scans":0,"hops":0,"found":0,"lost_to_found_ms":0,"moves_followed":0,"moves_refused":0,"sweeps":0,"sweep_found":0,"sweeping":0,"search_visits":0,"relay":0,"fwd_u":0,"fwd_b":0,"fwd_h":0,"relay_dup":23880,"list":[{"id":29544,"state":"alive","via_relay":0,"period_ms":100,"misses":6,"busy":1,"rtt_n":842},{"id":33120,"state":"alive","via_relay":0,"period_ms":100,"misses":6,"busy":0,"rtt_n":774},{"id":254,"state":"alive","via_relay":0,"period_ms":100,"misses":6,"busy":0,"rtt_n":100}]}
1791637796.657 {"t":"ss","node":25344,"accepted":0,"unsigned":0,"unknown_sender":0,"bad_signature":0,"replayed":0,"rate_limited":0,"verify_us_max":0,"floors":[]}
1791637796.657 {"t":"rec","node":25344,"up_ms":2525378,"settled":1,"sent":10092,"received":10076,"malformed":0,"views":18,"replies_fenced":0,"actors":[{"key":1245650351,"running":1,"term":9,"owner":25344,"owner_term":9,"assigned":254,"starts":1,"fenced":0,"released":0}]}
1791637796.657 {"t":"node","up_ms":2525394,"node":25344,"epoch":244,"peers_alive":3,"peers_dead":0,"no_radio":0,"free_dram":250307,"largest_block":172032,"rx":{"total":124026,"bad_frame":0,"unknown_peer":80,"wrong_dst":0,"short_payload":0,"unknown_opcode":0,"queue_dropped":50},"tx":{"total":48033,"enqueue_err":0,"done_queue_dropped":0},"membership":{"deaths":8,"revivals":5,"reboots_seen":3,"table_full":0,"events_dropped":0}}
1791637796.657 {"t":"ns","node":25344,"hash":2410274060,"owner":25344,"kind":"sampled","unit":100,"class":4,"bound_ms":0,"quality":"GOOD","age_ms":415,"ts":2525020,"updates":239,"value":244}
1791637796.657 {"t":"ns","node":25344,"hash":1274253983,"owner":25344,"kind":"sampled","unit":0,"class":4,"bound_ms":5000,"quality":"GOOD","age_ms":430,"ts":2525020,"updates":239,"value":-29}
1791637796.657 {"t":"ns","node":25344,"hash":3354298913,"owner":25344,"kind":"sampled","unit":100,"class":4,"bound_ms":5000,"quality":"GOOD","age_ms":444,"ts":2525020,"updates":239,"value":3}
1791637796.657 {"t":"ns","node":25344,"hash":1771187623,"owner":25344,"kind":"sampled","unit":101,"class":4,"bound_ms":30000,"quality":"GOOD","age_ms":459,"ts":2525019,"updates":239,"value":250307}
1791637796.657 {"t":"ns","node":25344,"hash":1245650351,"owner":25344,"kind":"sampled","unit":0,"class":3,"bound_ms":500,"quality":"GOOD","age_ms":57,"ts":2525435,"updates":25143,"value":1660969527}
1791637796.657 {"t":"ns","node":25344,"hash":2033492666,"owner":25344,"kind":"sampled","unit":0,"class":3,"bound_ms":0,"quality":"NO_DATA","age_ms":0,"ts":0,"updates":0,"value":null}
1791637796.657 {"t":"ns","node":25344,"hash":4103947588,"owner":25344,"kind":"sampled","unit":80,"class":4,"bound_ms":30000,"quality":"GOOD","age_ms":502,"ts":2525019,"updates":239,"value":2525}
1791637796.657 {"t":"ns","node":25344,"hash":1662441583,"owner":25344,"kind":"sampled","unit":101,"class":4,"bound_ms":30000,"quality":"GOOD","age_ms":517,"ts":2525019,"updates":239,"value":172032}
1791637806.804 {"t":"clk","node":25344,"up_ms":2535562}
1791637806.804 {"t":"led","node":25344,"shows":"green","app":0}
1791637806.804 {"t":"event","at_ms":2525684,"node":25344,"kind":"peer_admitted","peer":29544,"slot":0,"a":0,"b":0}
1791637806.804 {"t":"event","at_ms":2527002,"node":25344,"kind":"peer_admitted","peer":33120,"slot":1,"a":0,"b":0}
1791637806.804 {"t":"event","at_ms":2527684,"node":25344,"kind":"peer_admitted","peer":29544,"slot":0,"a":0,"b":0}
1791637806.804 {"t":"event","at_ms":2529002,"node":25344,"kind":"peer_admitted","peer":33120,"slot":1,"a":0,"b":0}
1791637806.804 {"t":"event","at_ms":2529684,"node":25344,"kind":"peer_admitted","peer":29544,"slot":0,"a":0,"b":0}
1791637806.804 {"t":"event","at_ms":2531002,"node":25344,"kind":"peer_admitted","peer":33120,"slot":1,"a":0,"b":0}
1791637806.804 {"t":"event","at_ms":2531685,"node":25344,"kind":"peer_admitted","peer":29544,"slot":0,"a":0,"b":0}
1791637806.804 {"t":"event","at_ms":2533002,"node":25344,"kind":"peer_admitted","peer":33120,"slot":1,"a":0,"b":0}
1791637806.804 {"t":"event","at_ms":2533684,"node":25344,"kind":"peer_admitted","peer":29544,"slot":0,"a":0,"b":0}
1791637806.804 {"t":"event","at_ms":2535002,"node":25344,"kind":"peer_admitted","peer":33120,"slot":1,"a":0,"b":0}
1791637806.804 {"t":"link","up_ms":2535651,"node":25344,"peer":29544,"mac":"b8:1f:3f:da:73:68","state":"alive","epoch":171,"espnow_ver":2,"mtu":1446,"misses":1,"rssi":-28,"tx":{"frames":9176,"cb_ok":9176,"cb_fail":0,"enqueue_err":0,"pdr_ppm":1000000},"rx":{"frames":36006,"lost_seqgap":0,"reorder_dup":0,"dropped_bad":0,"hb_lost":55,"bcast_frames":25283,"pdr_ppm":1000000},"rtt":{"samples":845,"min_us":5287,"max_us":54915,"timeouts":0,"txq_last_us":9423,"txq_max_us":42777,"remote_turnaround_us":807,"remote_turnaround_max_us":5222,"p50_us":[4000,6000],"p99_us":[22000,30000],"hist":[0,0,0,0,512,208,88,20,5,5,2,5,0,0,0,0]}}
1791637806.804 {"t":"link","up_ms":2535705,"node":25344,"peer":33120,"mac":"b8:1f:3f:da:81:60","state":"alive","epoch":293,"espnow_ver":2,"mtu":1446,"misses":0,"rssi":-21,"tx":{"frames":9173,"cb_ok":9103,"cb_fail":70,"enqueue_err":0,"pdr_ppm":992368},"rx":{"frames":33621,"lost_seqgap":1,"reorder_dup":0,"dropped_bad":0,"hb_lost":106,"bcast_frames":23195,"pdr_ppm":999970},"rtt":{"samples":777,"min_us":5640,"max_us":48794,"timeouts":66,"txq_last_us":2780,"txq_max_us":29961,"remote_turnaround_us":820,"remote_turnaround_max_us":33351,"p50_us":[4000,6000],"p99_us":[22000,30000],"hist":[0,0,0,0,464,198,82,19,4,4,4,2,0,0,0,0]}}
1791637806.804 {"t":"link","up_ms":2535760,"node":25344,"peer":254,"mac":"02:00:00:00:00:fe","state":"alive","epoch":0,"espnow_ver":0,"mtu":226,"misses":0,"rssi":0,"tx":{"frames":3441,"cb_ok":0,"cb_fail":0,"enqueue_err":0,"pdr_ppm":null},"rx":{"frames":5078,"lost_seqgap":0,"reorder_dup":5030,"dropped_bad":0,"hb_lost":0,"bcast_frames":0,"pdr_ppm":1000000},"rtt":{"samples":104,"min_us":7169,"max_us":102972,"timeouts":739,"txq_last_us":0,"txq_max_us":0,"remote_turnaround_us":12,"remote_turnaround_max_us":24,"p50_us":[42000,60000],"p99_us":[85000,110000],"hist":[0,0,0,0,0,1,1,3,7,8,3,59,19,3,0,0]}}
1791637806.804 {"t":"auth","node":25344,"up_ms":2535814,"enrolled":1,"required":1,"verified_peers":2,"verified":5,"cache_hits":2439,"refused":0,"rate_limited":0,"stale_epoch":0,"verify_us_max":82867,"link_stack_free_b":804,"crypto_stack_free_b":1268,"tags_ok":18708,"bad_tag":0,"replayed":0,"untagged":0,"bcast_dropped":0,"beacon_epoch_ignored":0,"tag_us_max":1221}
1791637806.804 {"t":"act","node":25344,"setpoint":0,"has_value":0,"writes_served":0}
1791637806.804 {"t":"peers","node":25344,"own_period_ms":100,"own_busy":0,"channel":1,"scanning":0,"scans":0,"hops":0,"found":0,"lost_to_found_ms":0,"moves_followed":0,"moves_refused":0,"sweeps":0,"sweep_found":0,"sweeping":0,"search_visits":0,"relay":0,"fwd_u":0,"fwd_b":0,"fwd_h":0,"relay_dup":23987,"list":[{"id":29544,"state":"alive","via_relay":0,"period_ms":100,"misses":6,"busy":1,"rtt_n":846},{"id":33120,"state":"alive","via_relay":0,"period_ms":100,"misses":6,"busy":0,"rtt_n":777},{"id":254,"state":"alive","via_relay":0,"period_ms":100,"misses":6,"busy":0,"rtt_n":104}]}
1791637806.804 {"t":"ss","node":25344,"accepted":0,"unsigned":0,"unknown_sender":0,"bad_signature":0,"replayed":0,"rate_limited":0,"verify_us_max":0,"floors":[]}
1791637807.188 {"t":"rec","node":25344,"up_ms":2535911,"settled":1,"sent":10134,"received":10117,"malformed":0,"views":18,"replies_fenced":0,"actors":[{"key":1245650351,"running":1,"term":9,"owner":25344,"owner_term":9,"assigned":254,"starts":1,"fenced":0,"released":0}]}
1791637807.188 {"t":"node","up_ms":2535927,"node":25344,"epoch":244,"peers_alive":3,"peers_dead":0,"no_radio":0,"free_dram":250307,"largest_block":172032,"rx":{"total":124821,"bad_frame":0,"unknown_peer":80,"wrong_dst":0,"short_payload":0,"unknown_opcode":0,"queue_dropped":50},"tx":{"total":48410,"enqueue_err":0,"done_queue_dropped":0},"membership":{"deaths":8,"revivals":5,"reboots_seen":3,"table_full":0,"events_dropped":0}}
1791637807.188 {"t":"ns","node":25344,"hash":2410274060,"owner":25344,"kind":"sampled","unit":100,"class":4,"bound_ms":0,"quality":"GOOD","age_ms":403,"ts":2535564,"updates":240,"value":244}
1791637807.188 {"t":"ns","node":25344,"hash":1274253983,"owner":25344,"kind":"sampled","unit":0,"class":4,"bound_ms":5000,"quality":"GOOD","age_ms":417,"ts":2535564,"updates":240,"value":-28}
1791637807.188 {"t":"ns","node":25344,"hash":3354298913,"owner":25344,"kind":"sampled","unit":100,"class":4,"bound_ms":5000,"quality":"GOOD","age_ms":431,"ts":2535564,"updates":240,"value":3}
1791637807.188 {"t":"ns","node":25344,"hash":1771187623,"owner":25344,"kind":"sampled","unit":101,"class":4,"bound_ms":30000,"quality":"GOOD","age_ms":446,"ts":2535563,"updates":240,"value":250307}
1791637807.188 {"t":"ns","node":25344,"hash":1245650351,"owner":25344,"kind":"sampled","unit":0,"class":3,"bound_ms":500,"quality":"GOOD","age_ms":47,"ts":2535988,"updates":25247,"value":1660969631}
1791637807.188 {"t":"ns","node":25344,"hash":2033492666,"owner":25344,"kind":"sampled","unit":0,"class":3,"bound_ms":0,"quality":"NO_DATA","age_ms":0,"ts":0,"updates":0,"value":null}
1791637807.188 {"t":"ns","node":25344,"hash":4103947588,"owner":25344,"kind":"sampled","unit":80,"class":4,"bound_ms":30000,"quality":"GOOD","age_ms":501,"ts":2535563,"updates":240,"value":2535}
1791637807.188 {"t":"ns","node":25344,"hash":1662441583,"owner":25344,"kind":"sampled","unit":101,"class":4,"bound_ms":30000,"quality":"GOOD","age_ms":515,"ts":2535563,"updates":240,"value":172032}
1791637817.333 {"t":"clk","node":25344,"up_ms":2546093}
1791637817.333 {"t":"led","node":25344,"shows":"green","app":0}
1791637817.333 {"t":"event","at_ms":2535686,"node":25344,"kind":"peer_admitted","peer":29544,"slot":0,"a":0,"b":0}
1791637817.333 {"t":"event","at_ms":2537002,"node":25344,"kind":"peer_admitted","peer":33120,"slot":1,"a":0,"b":0}
1791637817.333 {"t":"event","at_ms":2537702,"node":25344,"kind":"peer_admitted","peer":29544,"slot":0,"a":0,"b":0}
1791637817.333 {"t":"event","at_ms":2539002,"node":25344,"kind":"peer_admitted","peer":33120,"slot":1,"a":0,"b":0}
1791637817.333 {"t":"event","at_ms":2539701,"node":25344,"kind":"peer_admitted","peer":29544,"slot":0,"a":0,"b":0}
1791637817.333 {"t":"event","at_ms":2541002,"node":25344,"kind":"peer_admitted","peer":33120,"slot":1,"a":0,"b":0}
1791637817.333 {"t":"event","at_ms":2541701,"node":25344,"kind":"peer_admitted","peer":29544,"slot":0,"a":0,"b":0}
1791637817.333 {"t":"event","at_ms":2543002,"node":25344,"kind":"peer_admitted","peer":33120,"slot":1,"a":0,"b":0}
1791637817.333 {"t":"event","at_ms":2543701,"node":25344,"kind":"peer_admitted","peer":29544,"slot":0,"a":0,"b":0}
1791637817.333 {"t":"event","at_ms":2545002,"node":25344,"kind":"peer_admitted","peer":33120,"slot":1,"a":0,"b":0}
1791637817.333 {"t":"event","at_ms":2545701,"node":25344,"kind":"peer_admitted","peer":29544,"slot":0,"a":0,"b":0}
1791637817.333 {"t":"link","up_ms":2546192,"node":25344,"peer":29544,"mac":"b8:1f:3f:da:73:68","state":"alive","epoch":171,"espnow_ver":2,"mtu":1446,"misses":0,"rssi":-28,"tx":{"frames":9301,"cb_ok":9301,"cb_fail":0,"enqueue_err":0,"pdr_ppm":1000000},"rx":{"frames":36250,"lost_seqgap":0,"reorder_dup":0,"dropped_bad":0,"hb_lost":56,"bcast_frames":25388,"pdr_ppm":1000000},"rtt":{"samples":849,"min_us":5287,"max_us":54915,"timeouts":0,"txq_last_us":3174,"txq_max_us":42777,"remote_turnaround_us":800,"remote_turnaround_max_us":5222,"p50_us":[4000,6000],"p99_us":[22000,30000],"hist":[0,0,0,0,514,208,89,20,6,5,2,5,0,0,0,0]}}
1791637817.333 {"t":"link","up_ms":2546247,"node":25344,"peer":33120,"mac":"b8:1f:3f:da:81:60","state":"alive","epoch":293,"espnow_ver":2,"mtu":1446,"misses":0,"rssi":-20,"tx":{"frames":9201,"cb_ok":9131,"cb_fail":70,"enqueue_err":0,"pdr_ppm":992392},"rx":{"frames":33765,"lost_seqgap":1,"reorder_dup":0,"dropped_bad":0,"hb_lost":109,"bcast_frames":23298,"pdr_ppm":999970},"rtt":{"samples":781,"min_us":5640,"max_us":48794,"timeouts":66,"txq_last_us":2780,"txq_max_us":29961,"remote_turnaround_us":970,"remote_turnaround_max_us":33351,"p50_us":[4000,6000],"p99_us":[22000,30000],"hist":[0,0,0,0,467,199,82,19,4,4,4,2,0,0,0,0]}}
1791637817.333 {"t":"link","up_ms":2546302,"node":25344,"peer":254,"mac":"02:00:00:00:00:fe","state":"alive","epoch":0,"espnow_ver":0,"mtu":226,"misses":0,"rssi":0,"tx":{"frames":3555,"cb_ok":0,"cb_fail":0,"enqueue_err":0,"pdr_ppm":null},"rx":{"frames":5275,"lost_seqgap":0,"reorder_dup":5227,"dropped_bad":0,"hb_lost":0,"bcast_frames":0,"pdr_ppm":1000000},"rtt":{"samples":107,"min_us":7169,"max_us":102972,"timeouts":739,"txq_last_us":0,"txq_max_us":0,"remote_turnaround_us":13,"remote_turnaround_max_us":24,"p50_us":[42000,60000],"p99_us":[85000,110000],"hist":[0,0,0,0,0,1,1,3,7,8,3,61,20,3,0,0]}}
1791637817.333 {"t":"auth","node":25344,"up_ms":2546344,"enrolled":1,"required":1,"verified_peers":2,"verified":5,"cache_hits":2449,"refused":0,"rate_limited":0,"stale_epoch":0,"verify_us_max":82867,"link_stack_free_b":804,"crypto_stack_free_b":1268,"tags_ok":18876,"bad_tag":0,"replayed":0,"untagged":0,"bcast_dropped":0,"beacon_epoch_ignored":0,"tag_us_max":1221}
1791637817.333 {"t":"act","node":25344,"setpoint":0,"has_value":0,"writes_served":0}
1791637817.333 {"t":"peers","node":25344,"own_period_ms":100,"own_busy":0,"channel":1,"scanning":0,"scans":0,"hops":0,"found":0,"lost_to_found_ms":0,"moves_followed":0,"moves_refused":0,"sweeps":0,"sweep_found":0,"sweeping":0,"search_visits":0,"relay":0,"fwd_u":0,"fwd_b":0,"fwd_h":0,"relay_dup":24095,"list":[{"id":29544,"state":"alive","via_relay":0,"period_ms":100,"misses":6,"busy":1,"rtt_n":849},{"id":33120,"state":"alive","via_relay":0,"period_ms":100,"misses":6,"busy":0,"rtt_n":781},{"id":254,"state":"alive","via_relay":0,"period_ms":100,"misses":6,"busy":0,"rtt_n":107}]}
1791637817.736 {"t":"ss","node":25344,"accepted":0,"unsigned":0,"unknown_sender":0,"bad_signature":0,"replayed":0,"rate_limited":0,"verify_us_max":0,"floors":[]}
1791637817.736 {"t":"rec","node":25344,"up_ms":2546452,"settled":1,"sent":10175,"received":10158,"malformed":0,"views":18,"replies_fenced":0,"actors":[{"key":1245650351,"running":1,"term":9,"owner":25344,"owner_term":9,"assigned":254,"starts":1,"fenced":0,"released":0}]}
1791637817.736 {"t":"node","up_ms":2546467,"node":25344,"epoch":244,"peers_alive":3,"peers_dead":0,"no_radio":0,"free_dram":250307,"largest_block":172032,"rx":{"total":125610,"bad_frame":0,"unknown_peer":80,"wrong_dst":0,"short_payload":0,"unknown_opcode":0,"queue_dropped":50},"tx":{"total":48785,"enqueue_err":0,"done_queue_dropped":0},"membership":{"deaths":8,"revivals":5,"reboots_seen":3,"table_full":0,"events_dropped":0}}
1791637817.736 {"t":"ns","node":25344,"hash":2410274060,"owner":25344,"kind":"sampled","unit":100,"class":4,"bound_ms":0,"quality":"GOOD","age_ms":412,"ts":2546095,"updates":241,"value":244}
1791637817.736 {"t":"ns","node":25344,"hash":1274253983,"owner":25344,"kind":"sampled","unit":0,"class":4,"bound_ms":5000,"quality":"GOOD","age_ms":427,"ts":2546095,"updates":241,"value":-28}
1791637817.736 {"t":"ns","node":25344,"hash":3354298913,"owner":25344,"kind":"sampled","unit":100,"class":4,"bound_ms":5000,"quality":"GOOD","age_ms":441,"ts":2546095,"updates":241,"value":3}
1791637817.736 {"t":"ns","node":25344,"hash":1771187623,"owner":25344,"kind":"sampled","unit":101,"class":4,"bound_ms":30000,"quality":"GOOD","age_ms":456,"ts":2546094,"updates":241,"value":250307}
1791637817.736 {"t":"ns","node":25344,"hash":1245650351,"owner":25344,"kind":"sampled","unit":0,"class":3,"bound_ms":500,"quality":"GOOD","age_ms":85,"ts":2546480,"updates":25350,"value":1660969734}
1791637817.736 {"t":"ns","node":25344,"hash":2033492666,"owner":25344,"kind":"sampled","unit":0,"class":3,"bound_ms":0,"quality":"NO_DATA","age_ms":0,"ts":0,"updates":0,"value":null}
1791637817.736 {"t":"ns","node":25344,"hash":4103947588,"owner":25344,"kind":"sampled","unit":80,"class":4,"bound_ms":30000,"quality":"GOOD","age_ms":509,"ts":2546095,"updates":241,"value":2546}
1791637817.736 {"t":"ns","node":25344,"hash":1662441583,"owner":25344,"kind":"sampled","unit":101,"class":4,"bound_ms":30000,"quality":"GOOD","age_ms":523,"ts":2546095,"updates":241,"value":172032}
1791637827.873 {"t":"clk","node":25344,"up_ms":2556633}
1791637827.873 {"t":"led","node":25344,"shows":"green","app":0}
1791637827.873 {"t":"event","at_ms":2547002,"node":25344,"kind":"peer_admitted","peer":33120,"slot":1,"a":0,"b":0}
1791637827.873 {"t":"event","at_ms":2547711,"node":25344,"kind":"peer_admitted","peer":29544,"slot":0,"a":0,"b":0}
1791637827.873 {"t":"event","at_ms":2549002,"node":25344,"kind":"peer_admitted","peer":33120,"slot":1,"a":0,"b":0}
1791637827.873 {"t":"event","at_ms":2549711,"node":25344,"kind":"peer_admitted","peer":29544,"slot":0,"a":0,"b":0}
1791637827.873 {"t":"event","at_ms":2551002,"node":25344,"kind":"peer_admitted","peer":33120,"slot":1,"a":0,"b":0}
1791637827.873 {"t":"event","at_ms":2551719,"node":25344,"kind":"peer_admitted","peer":29544,"slot":0,"a":0,"b":0}
1791637827.873 {"t":"event","at_ms":2553002,"node":25344,"kind":"peer_admitted","peer":33120,"slot":1,"a":0,"b":0}
1791637827.873 {"t":"event","at_ms":2553711,"node":25344,"kind":"peer_admitted","peer":29544,"slot":0,"a":0,"b":0}
1791637827.873 {"t":"event","at_ms":2555002,"node":25344,"kind":"peer_admitted","peer":33120,"slot":1,"a":0,"b":0}
1791637827.873 {"t":"event","at_ms":2555710,"node":25344,"kind":"peer_admitted","peer":29544,"slot":0,"a":0,"b":0}
1791637827.873 {"t":"link","up_ms":2556720,"node":25344,"peer":29544,"mac":"b8:1f:3f:da:73:68","state":"alive","epoch":171,"espnow_ver":2,"mtu":1446,"misses":0,"rssi":-28,"tx":{"frames":9426,"cb_ok":9425,"cb_fail":0,"enqueue_err":0,"pdr_ppm":1000000},"rx":{"frames":36490,"lost_seqgap":0,"reorder_dup":0,"dropped_bad":0,"hb_lost":57,"bcast_frames":25493,"pdr_ppm":1000000},"rtt":{"samples":852,"min_us":5287,"max_us":54915,"timeouts":0,"txq_last_us":3174,"txq_max_us":42777,"remote_turnaround_us":740,"remote_turnaround_max_us":5222,"p50_us":[4000,6000],"p99_us":[22000,30000],"hist":[0,0,0,0,516,209,89,20,6,5,2,5,0,0,0,0]}}
1791637827.873 {"t":"link","up_ms":2556774,"node":25344,"peer":33120,"mac":"b8:1f:3f:da:81:60","state":"alive","epoch":293,"espnow_ver":2,"mtu":1446,"misses":0,"rssi":-21,"tx":{"frames":9228,"cb_ok":9158,"cb_fail":70,"enqueue_err":0,"pdr_ppm":992414},"rx":{"frames":33905,"lost_seqgap":1,"reorder_dup":0,"dropped_bad":0,"hb_lost":112,"bcast_frames":23400,"pdr_ppm":999970},"rtt":{"samples":784,"min_us":5640,"max_us":48794,"timeouts":66,"txq_last_us":10699,"txq_max_us":29961,"remote_turnaround_us":847,"remote_turnaround_max_us":33351,"p50_us":[4000,6000],"p99_us":[22000,30000],"hist":[0,0,0,0,468,199,82,21,4,4,4,2,0,0,0,0]}}
1791637827.873 {"t":"link","up_ms":2556828,"node":25344,"peer":254,"mac":"02:00:00:00:00:fe","state":"alive","epoch":0,"espnow_ver":0,"mtu":226,"misses":0,"rssi":0,"tx":{"frames":3669,"cb_ok":0,"cb_fail":0,"enqueue_err":0,"pdr_ppm":null},"rx":{"frames":5473,"lost_seqgap":0,"reorder_dup":5425,"dropped_bad":0,"hb_lost":0,"bcast_frames":0,"pdr_ppm":1000000},"rtt":{"samples":111,"min_us":7169,"max_us":102972,"timeouts":739,"txq_last_us":0,"txq_max_us":0,"remote_turnaround_us":16,"remote_turnaround_max_us":24,"p50_us":[42000,60000],"p99_us":[85000,110000],"hist":[0,0,0,0,0,1,1,3,8,8,3,63,21,3,0,0]}}
1791637827.873 {"t":"auth","node":25344,"up_ms":2556883,"enrolled":1,"required":1,"verified_peers":2,"verified":5,"cache_hits":2459,"refused":0,"rate_limited":0,"stale_epoch":0,"verify_us_max":82867,"link_stack_free_b":804,"crypto_stack_free_b":1268,"tags_ok":19041,"bad_tag":0,"replayed":0,"untagged":0,"bcast_dropped":0,"beacon_epoch_ignored":0,"tag_us_max":1221}
1791637827.873 {"t":"act","node":25344,"setpoint":0,"has_value":0,"writes_served":0}
1791637827.873 {"t":"peers","node":25344,"own_period_ms":100,"own_busy":0,"channel":1,"scanning":0,"scans":0,"hops":0,"found":0,"lost_to_found_ms":0,"moves_followed":0,"moves_refused":0,"sweeps":0,"sweep_found":0,"sweeping":0,"search_visits":0,"relay":0,"fwd_u":0,"fwd_b":0,"fwd_h":0,"relay_dup":24203,"list":[{"id":29544,"state":"alive","via_relay":0,"period_ms":100,"misses":6,"busy":1,"rtt_n":853},{"id":33120,"state":"alive","via_relay":0,"period_ms":100,"misses":6,"busy":0,"rtt_n":784},{"id":254,"state":"alive","via_relay":0,"period_ms":100,"misses":6,"busy":0,"rtt_n":111}]}
1791637827.873 {"t":"ss","node":25344,"accepted":0,"unsigned":0,"unknown_sender":0,"bad_signature":0,"replayed":0,"rate_limited":0,"verify_us_max":0,"floors":[]}
1791637828.258 {"t":"rec","node":25344,"up_ms":2556981,"settled":1,"sent":10217,"received":10200,"malformed":0,"views":18,"replies_fenced":0,"actors":[{"key":1245650351,"running":1,"term":9,"owner":25344,"owner_term":9,"assigned":254,"starts":1,"fenced":0,"released":0}]}
1791637828.258 {"t":"node","up_ms":2557010,"node":25344,"epoch":244,"peers_alive":3,"peers_dead":0,"no_radio":0,"free_dram":249023,"largest_block":172032,"rx":{"total":126406,"bad_frame":0,"unknown_peer":80,"wrong_dst":0,"short_payload":0,"unknown_opcode":0,"queue_dropped":50},"tx":{"total":49166,"enqueue_err":0,"done_queue_dropped":0},"membership":{"deaths":8,"revivals":5,"reboots_seen":3,"table_full":0,"events_dropped":0}}
1791637828.258 {"t":"ns","node":25344,"hash":2410274060,"owner":25344,"kind":"sampled","unit":100,"class":4,"bound_ms":0,"quality":"GOOD","age_ms":404,"ts":2556636,"updates":242,"value":244}
1791637828.258 {"t":"ns","node":25344,"hash":1274253983,"owner":25344,"kind":"sampled","unit":0,"class":4,"bound_ms":5000,"quality":"GOOD","age_ms":418,"ts":2556636,"updates":242,"value":-28}
1791637828.258 {"t":"ns","node":25344,"hash":3354298913,"owner":25344,"kind":"sampled","unit":100,"class":4,"bound_ms":5000,"quality":"GOOD","age_ms":432,"ts":2556636,"updates":242,"value":3}
1791637828.258 {"t":"ns","node":25344,"hash":1771187623,"owner":25344,"kind":"sampled","unit":101,"class":4,"bound_ms":30000,"quality":"GOOD","age_ms":458,"ts":2556635,"updates":242,"value":250067}
1791637828.258 {"t":"ns","node":25344,"hash":1245650351,"owner":25344,"kind":"sampled","unit":0,"class":3,"bound_ms":500,"quality":"GOOD","age_ms":61,"ts":2557046,"updates":25455,"value":1660969839}
1791637828.258 {"t":"ns","node":25344,"hash":2033492666,"owner":25344,"kind":"sampled","unit":0,"class":3,"bound_ms":0,"quality":"NO_DATA","age_ms":0,"ts":0,"updates":0,"value":null}
1791637828.258 {"t":"ns","node":25344,"hash":4103947588,"owner":25344,"kind":"sampled","unit":80,"class":4,"bound_ms":30000,"quality":"GOOD","age_ms":500,"ts":2556636,"updates":242,"value":2556}
1791637828.258 {"t":"ns","node":25344,"hash":1662441583,"owner":25344,"kind":"sampled","unit":101,"class":4,"bound_ms":30000,"quality":"GOOD","age_ms":515,"ts":2556636,"updates":242,"value":172032}
1791637836.729 W (2566818) pot.m0: peer 0x7368 declared DEAD after 6 misses (697 ms silent)
1791637838.413 {"t":"clk","node":25344,"up_ms":2567165}
1791637838.413 {"t":"led","node":25344,"shows":"red","app":0}
1791637838.413 {"t":"event","at_ms":2557002,"node":25344,"kind":"peer_admitted","peer":33120,"slot":1,"a":0,"b":0}
1791637838.413 {"t":"event","at_ms":2557727,"node":25344,"kind":"peer_admitted","peer":29544,"slot":0,"a":0,"b":0}
1791637838.413 {"t":"event","at_ms":2559002,"node":25344,"kind":"peer_admitted","peer":33120,"slot":1,"a":0,"b":0}
1791637838.413 {"t":"event","at_ms":2559725,"node":25344,"kind":"peer_admitted","peer":29544,"slot":0,"a":0,"b":0}
1791637838.413 {"t":"event","at_ms":2561002,"node":25344,"kind":"peer_admitted","peer":33120,"slot":1,"a":0,"b":0}
1791637838.413 {"t":"event","at_ms":2561727,"node":25344,"kind":"peer_admitted","peer":29544,"slot":0,"a":0,"b":0}
1791637838.413 {"t":"event","at_ms":2563002,"node":25344,"kind":"peer_admitted","peer":33120,"slot":1,"a":0,"b":0}
1791637838.413 {"t":"event","at_ms":2563727,"node":25344,"kind":"peer_admitted","peer":29544,"slot":0,"a":0,"b":0}
1791637838.413 {"t":"event","at_ms":2565002,"node":25344,"kind":"peer_admitted","peer":33120,"slot":1,"a":0,"b":0}
1791637838.413 {"t":"event","at_ms":2565634,"node":25344,"kind":"peer_dead","peer":29544,"slot":0,"a":6,"b":697}
1791637838.413 {"t":"event","at_ms":2565748,"node":25344,"kind":"peer_admitted","peer":33120,"slot":1,"a":0,"b":0}
1791637838.413 {"t":"event","at_ms":2565981,"node":25344,"kind":"peer_admitted","peer":33120,"slot":1,"a":0,"b":0}
1791637838.413 {"t":"event","at_ms":2566280,"node":25344,"kind":"peer_admitted","peer":33120,"slot":1,"a":0,"b":0}
1791637838.413 {"t":"event","at_ms":2566579,"node":25344,"kind":"peer_admitted","peer":33120,"slot":1,"a":0,"b":0}
1791637838.413 {"t":"event","at_ms":2566875,"node":25344,"kind":"probe_timeout","peer":29544,"slot":0,"a":6946,"b":0}
1791637838.413 {"t":"event","at_ms":2566878,"node":25344,"kind":"peer_admitted","peer":33120,"slot":1,"a":0,"b":0}
1791637838.413 {"t":"event","at_ms":2567002,"node":25344,"kind":"peer_admitted","peer":33120,"slot":1,"a":0,"b":0}
1791637838.413 {"t":"event","at_ms":2567187,"node":25344,"kind":"peer_admitted","peer":33120,"slot":1,"a":0,"b":0}
1791637838.413 {"t":"link","up_ms":2567332,"node":25344,"peer":29544,"mac":"b8:1f:3f:da:73:68","state":"dead","epoch":171,"espnow_ver":2,"mtu":1446,"misses":6,"rssi":-28,"tx":{"frames":9511,"cb_ok":9508,"cb_fail":3,"enqueue_err":0,"pdr_ppm":999684},"rx":{"frames":36661,"lost_seqgap":0,"reorder_dup":0,"dropped_bad":0,"hb_lost":57,"bcast_frames":25573,"pdr_ppm":1000000},"rtt":{"samples":855,"min_us":5287,"max_us":54915,"timeouts":1,"txq_last_us":2798,"txq_max_us":42777,"remote_turnaround_us":842,"remote_turnaround_max_us":5222,"p50_us":[4000,6000],"p99_us":[22000,30000],"hist":[0,0,0,0,518,209,89,20,6,6,2,5,0,0,0,0]}}
1791637838.413 {"t":"link","up_ms":2567387,"node":25344,"peer":33120,"mac":"b8:1f:3f:da:81:60","state":"alive","epoch":293,"espnow_ver":2,"mtu":1446,"misses":0,"rssi":-21,"tx":{"frames":9266,"cb_ok":9196,"cb_fail":70,"enqueue_err":0,"pdr_ppm":992445},"rx":{"frames":34067,"lost_seqgap":1,"reorder_dup":0,"dropped_bad":0,"hb_lost":113,"bcast_frames":23505,"pdr_ppm":999970},"rtt":{"samples":788,"min_us":5640,"max_us":48794,"timeouts":66,"txq_last_us":4821,"txq_max_us":29961,"remote_turnaround_us":1662,"remote_turnaround_max_us":33351,"p50_us":[4000,6000],"p99_us":[22000,30000],"hist":[0,0,0,0,471,199,82,22,4,4,4,2,0,0,0,0]}}
1791637838.413 {"t":"link","up_ms":2567441,"node":25344,"peer":254,"mac":"02:00:00:00:00:fe","state":"alive","epoch":0,"espnow_ver":0,"mtu":226,"misses":0,"rssi":0,"tx":{"frames":3746,"cb_ok":0,"cb_fail":0,"enqueue_err":0,"pdr_ppm":null},"rx":{"frames":5633,"lost_seqgap":0,"reorder_dup":5585,"dropped_bad":0,"hb_lost":0,"bcast_frames":0,"pdr_ppm":1000000},"rtt":{"samples":114,"min_us":7169,"max_us":102972,"timeouts":739,"txq_last_us":0,"txq_max_us":0,"remote_turnaround_us":14,"remote_turnaround_max_us":24,"p50_us":[42000,60000],"p99_us":[85000,110000],"hist":[0,0,0,0,0,1,1,3,8,8,3,65,21,4,0,0]}}
1791637838.413 {"t":"auth","node":25344,"up_ms":2567484,"enrolled":1,"required":1,"verified_peers":2,"verified":6,"cache_hits":2474,"refused":0,"rate_limited":0,"stale_epoch":0,"verify_us_max":82867,"link_stack_free_b":804,"crypto_stack_free_b":1268,"tags_ok":19170,"bad_tag":0,"replayed":0,"untagged":0,"bcast_dropped":0,"beacon_epoch_ignored":0,"tag_us_max":1221}
1791637838.886 {"t":"act","node":25344,"setpoint":0,"has_value":0,"writes_served":0}
1791637838.886 {"t":"peers","node":25344,"own_period_ms":100,"own_busy":0,"channel":8,"scanning":0,"scans":0,"hops":7,"found":0,"lost_to_found_ms":0,"moves_followed":0,"moves_refused":0,"sweeps":1,"sweep_found":0,"sweeping":1,"search_visits":0,"relay":0,"fwd_u":0,"fwd_b":0,"fwd_h":0,"relay_dup":24287,"list":[{"id":29544,"state":"dead","via_relay":0,"period_ms":100,"misses":6,"busy":1,"rtt_n":855},{"id":33120,"state":"alive","via_relay":0,"period_ms":100,"misses":6,"busy":0,"rtt_n":788},{"id":254,"state":"alive","via_relay":0,"period_ms":100,"misses":6,"busy":0,"rtt_n":114}]}
1791637838.886 {"t":"ss","node":25344,"accepted":0,"unsigned":0,"unknown_sender":0,"bad_signature":0,"replayed":0,"rate_limited":0,"verify_us_max":0,"floors":[]}
1791637838.886 {"t":"rec","node":25344,"up_ms":2567592,"settled":1,"sent":10259,"received":10240,"malformed":0,"views":19,"replies_fenced":0,"actors":[{"key":1245650351,"running":1,"term":9,"owner":25344,"owner_term":9,"assigned":254,"starts":1,"fenced":0,"released":0}]}
1791637838.886 {"t":"node","up_ms":2567607,"node":25344,"epoch":244,"peers_alive":2,"peers_dead":1,"no_radio":0,"free_dram":250183,"largest_block":172032,"rx":{"total":127055,"bad_frame":0,"unknown_peer":80,"wrong_dst":0,"short_payload":0,"unknown_opcode":0,"queue_dropped":50},"tx":{"total":49477,"enqueue_err":0,"done_queue_dropped":0},"membership":{"deaths":9,"revivals":5,"reboots_seen":3,"table_full":0,"events_dropped":0}}
1791637838.886 {"t":"ns","node":25344,"hash":2410274060,"owner":25344,"kind":"sampled","unit":100,"class":4,"bound_ms":0,"quality":"GOOD","age_ms":468,"ts":2567179,"updates":243,"value":244}
1791637838.886 {"t":"ns","node":25344,"hash":1274253983,"owner":25344,"kind":"sampled","unit":0,"class":4,"bound_ms":5000,"quality":"GOOD","age_ms":482,"ts":2567179,"updates":243,"value":-20}
1791637838.886 {"t":"ns","node":25344,"hash":3354298913,"owner":25344,"kind":"sampled","unit":100,"class":4,"bound_ms":5000,"quality":"GOOD","age_ms":496,"ts":2567179,"updates":243,"value":2}
1791637838.886 {"t":"ns","node":25344,"hash":1771187623,"owner":25344,"kind":"sampled","unit":101,"class":4,"bound_ms":30000,"quality":"GOOD","age_ms":511,"ts":2567178,"updates":243,"value":250183}
1791637838.886 {"t":"ns","node":25344,"hash":1245650351,"owner":25344,"kind":"sampled","unit":0,"class":3,"bound_ms":500,"quality":"GOOD","age_ms":54,"ts":2567649,"updates":25560,"value":1660969944}
1791637838.886 {"t":"ns","node":25344,"hash":2033492666,"owner":25344,"kind":"sampled","unit":0,"class":3,"bound_ms":0,"quality":"NO_DATA","age_ms":0,"ts":0,"updates":0,"value":null}
1791637838.886 {"t":"ns","node":25344,"hash":4103947588,"owner":25344,"kind":"sampled","unit":80,"class":4,"bound_ms":30000,"quality":"GOOD","age_ms":563,"ts":2567179,"updates":243,"value":2567}
1791637838.886 {"t":"ns","node":25344,"hash":1662441583,"owner":25344,"kind":"sampled","unit":101,"class":4,"bound_ms":30000,"quality":"GOOD","age_ms":598,"ts":2567179,"updates":243,"value":172032}
1791637839.259 W (2569343) pot.m0: peer 0x7368 rebooted, epoch now 172
1791637849.036 {"t":"clk","node":25344,"up_ms":2577793}
1791637849.036 {"t":"led","node":25344,"shows":"green","app":0}
1791637849.036 {"t":"event","at_ms":2567486,"node":25344,"kind":"peer_admitted","peer":33120,"slot":1,"a":0,"b":0}
1791637849.036 {"t":"event","at_ms":2567785,"node":25344,"kind":"peer_admitted","peer":33120,"slot":1,"a":0,"b":0}
1791637849.036 {"t":"event","at_ms":2568159,"node":25344,"kind":"peer_rebooted","peer":29544,"slot":0,"a":172,"b":0}
1791637849.036 {"t":"event","at_ms":2568162,"node":25344,"kind":"peer_admitted","peer":29544,"slot":0,"a":0,"b":0}
1791637849.036 {"t":"event","at_ms":2568164,"node":25344,"kind":"peer_admitted","peer":33120,"slot":1,"a":0,"b":0}
1791637849.036 {"t":"event","at_ms":2568266,"node":25344,"kind":"peer_admitted","peer":33120,"slot":1,"a":0,"b":0}
1791637849.036 {"t":"event","at_ms":2568389,"node":25344,"kind":"peer_admitted","peer":29544,"slot":0,"a":0,"b":0}
1791637849.036 {"t":"event","at_ms":2568398,"node":25344,"kind":"peer_admitted","peer":29544,"slot":0,"a":0,"b":0}
1791637849.036 {"t":"event","at_ms":2568675,"node":25344,"kind":"channel_changed","peer":0,"slot":255,"a":1,"b":7}
1791637849.036 {"t":"event","at_ms":2568787,"node":25344,"kind":"peer_admitted","peer":33120,"slot":1,"a":0,"b":0}
1791637849.036 {"t":"event","at_ms":2569002,"node":25344,"kind":"peer_admitted","peer":33120,"slot":1,"a":0,"b":0}
1791637849.036 {"t":"event","at_ms":2570791,"node":25344,"kind":"peer_admitted","peer":33120,"slot":1,"a":0,"b":0}
1791637849.036 {"t":"event","at_ms":2571107,"node":25344,"kind":"peer_admitted","peer":33120,"slot":1,"a":0,"b":0}
1791637849.036 {"t":"event","at_ms":2572197,"node":25344,"kind":"peer_admitted","peer":29544,"slot":0,"a":0,"b":0}
1791637849.036 {"t":"event","at_ms":2572492,"node":25344,"kind":"peer_admitted","peer":29544,"slot":0,"a":0,"b":0}
1791637849.036 {"t":"event","at_ms":2572494,"node":25344,"kind":"peer_admitted","peer":29544,"slot":0,"a":0,"b":0}
1791637849.036 {"t":"event","at_ms":2572590,"node":25344,"kind":"peer_admitted","peer":29544,"slot":0,"a":0,"b":0}
1791637849.036 {"t":"event","at_ms":2572875,"node":25344,"kind":"probe_timeout","peer":29544,"slot":0,"a":6955,"b":0}
1791637849.036 {"t":"event","at_ms":2573002,"node":25344,"kind":"peer_admitted","peer":33120,"slot":1,"a":0,"b":0}
1791637849.036 {"t":"event","at_ms":2574190,"node":25344,"kind":"peer_admitted","peer":29544,"slot":0,"a":0,"b":0}
1791637849.036 {"t":"event","at_ms":2575006,"node":25344,"kind":"peer_admitted","peer":33120,"slot":1,"a":0,"b":0}
1791637849.036 {"t":"event","at_ms":2576189,"node":25344,"kind":"peer_admitted","peer":29544,"slot":0,"a":0,"b":0}
1791637849.036 {"t":"event","at_ms":2577002,"node":25344,"kind":"peer_admitted","peer":33120,"slot":1,"a":0,"b":0}
1791637849.036 {"t":"link","up_ms":2577994,"node":25344,"peer":29544,"mac":"b8:1f:3f:da:73:68","state":"alive","epoch":172,"espnow_ver":2,"mtu":1446,"misses":0,"rssi":-28,"tx":{"frames":9545,"cb_ok":9535,"cb_fail":10,"enqueue_err":0,"pdr_ppm":998952},"rx":{"frames":36765,"lost_seqgap":8,"reorder_dup":0,"dropped_bad":0,"hb_lost":88,"bcast_frames":25641,"pdr_ppm":999782},"rtt":{"samples":858,"min_us":5287,"max_us":54915,"timeouts":2,"txq_last_us":2798,"txq_max_us":42777,"remote_turnaround_us":858,"remote_turnaround_max_us":5222,"p50_us":[4000,6000],"p99_us":[22000,30000],"hist":[0,0,0,0,521,209,89,20,6,6,2,5,0,0,0,0]}}
1791637849.036 {"t":"link","up_ms":2578049,"node":25344,"peer":33120,"mac":"b8:1f:3f:da:81:60","state":"alive","epoch":293,"espnow_ver":2,"mtu":1446,"misses":0,"rssi":-21,"tx":{"frames":9299,"cb_ok":9229,"cb_fail":70,"enqueue_err":0,"pdr_ppm":992472},"rx":{"frames":34227,"lost_seqgap":1,"reorder_dup":0,"dropped_bad":0,"hb_lost":115,"bcast_frames":23610,"pdr_ppm":999970},"rtt":{"samples":791,"min_us":5640,"max_us":48794,"timeouts":66,"txq_last_us":3606,"txq_max_us":29961,"remote_turnaround_us":969,"remote_turnaround_max_us":33351,"p50_us":[4000,6000],"p99_us":[22000,30000],"hist":[0,0,0,0,473,200,82,22,4,4,4,2,0,0,0,0]}}
1791637849.533 {"t":"link","up_ms":2578103,"node":25344,"peer":254,"mac":"02:00:00:00:00:fe","state":"alive","epoch":0,"espnow_ver":0,"mtu":226,"misses":0,"rssi":0,"tx":{"frames":3770,"cb_ok":0,"cb_fail":0,"enqueue_err":0,"pdr_ppm":null},"rx":{"frames":5739,"lost_seqgap":0,"reorder_dup":5691,"dropped_bad":0,"hb_lost":0,"bcast_frames":0,"pdr_ppm":1000000},"rtt":{"samples":118,"min_us":7169,"max_us":102972,"timeouts":739,"txq_last_us":0,"txq_max_us":0,"remote_turnaround_us":12,"remote_turnaround_max_us":24,"p50_us":[42000,60000],"p99_us":[85000,110000],"hist":[0,0,0,0,0,1,1,3,8,8,3,68,22,4,0,0]}}
1791637849.533 {"t":"auth","node":25344,"up_ms":2578157,"enrolled":1,"required":1,"verified_peers":2,"verified":11,"cache_hits":2489,"refused":0,"rate_limited":0,"stale_epoch":0,"verify_us_max":83581,"link_stack_free_b":804,"crypto_stack_free_b":1220,"tags_ok":19241,"bad_tag":0,"replayed":0,"untagged":0,"bcast_dropped":0,"beacon_epoch_ignored":0,"tag_us_max":1221}
1791637849.533 {"t":"act","node":25344,"setpoint":0,"has_value":0,"writes_served":0}
1791637849.533 {"t":"peers","node":25344,"own_period_ms":100,"own_busy":0,"channel":1,"scanning":0,"scans":0,"hops":10,"found":0,"lost_to_found_ms":0,"moves_followed":0,"moves_refused":0,"sweeps":1,"sweep_found":0,"sweeping":0,"search_visits":1,"relay":0,"fwd_u":0,"fwd_b":0,"fwd_h":0,"relay_dup":24360,"list":[{"id":29544,"state":"alive","via_relay":0,"period_ms":100,"misses":6,"busy":1,"rtt_n":858},{"id":33120,"state":"alive","via_relay":0,"period_ms":100,"misses":6,"busy":0,"rtt_n":791},{"id":254,"state":"alive","via_relay":0,"period_ms":100,"misses":6,"busy":0,"rtt_n":118}]}
1791637849.533 {"t":"ss","node":25344,"accepted":0,"unsigned":0,"unknown_sender":0,"bad_signature":0,"replayed":0,"rate_limited":0,"verify_us_max":0,"floors":[]}
1791637849.533 {"t":"rec","node":25344,"up_ms":2578253,"settled":1,"sent":10302,"received":10276,"malformed":0,"views":20,"replies_fenced":0,"actors":[{"key":1245650351,"running":1,"term":9,"owner":25344,"owner_term":9,"assigned":254,"starts":1,"fenced":0,"released":0}]}
1791637849.533 {"t":"node","up_ms":2578279,"node":25344,"epoch":244,"peers_alive":3,"peers_dead":0,"no_radio":0,"free_dram":250183,"largest_block":172032,"rx":{"total":127575,"bad_frame":0,"unknown_peer":80,"wrong_dst":0,"short_payload":0,"unknown_opcode":0,"queue_dropped":50},"tx":{"total":49687,"enqueue_err":0,"done_queue_dropped":0},"membership":{"deaths":9,"revivals":5,"reboots_seen":4,"table_full":0,"events_dropped":0}}
1791637849.533 {"t":"ns","node":25344,"hash":2410274060,"owner":25344,"kind":"sampled","unit":100,"class":4,"bound_ms":0,"quality":"GOOD","age_ms":510,"ts":2577798,"updates":244,"value":244}
1791637849.533 {"t":"ns","node":25344,"hash":1274253983,"owner":25344,"kind":"sampled","unit":0,"class":4,"bound_ms":5000,"quality":"GOOD","age_ms":524,"ts":2577798,"updates":244,"value":-28}
1791637849.533 {"t":"ns","node":25344,"hash":3354298913,"owner":25344,"kind":"sampled","unit":100,"class":4,"bound_ms":5000,"quality":"GOOD","age_ms":550,"ts":2577798,"updates":244,"value":3}
1791637849.533 {"t":"ns","node":25344,"hash":1771187623,"owner":25344,"kind":"sampled","unit":101,"class":4,"bound_ms":30000,"quality":"GOOD","age_ms":565,"ts":2577797,"updates":244,"value":250183}
1791637849.533 {"t":"ns","node":25344,"hash":1245650351,"owner":25344,"kind":"sampled","unit":0,"class":3,"bound_ms":500,"quality":"GOOD","age_ms":41,"ts":2578335,"updates":25664,"value":1660970048}
1791637849.533 {"t":"ns","node":25344,"hash":2033492666,"owner":25344,"kind":"sampled","unit":0,"class":3,"bound_ms":0,"quality":"NO_DATA","age_ms":0,"ts":0,"updates":0,"value":null}
1791637849.533 {"t":"ns","node":25344,"hash":4103947588,"owner":25344,"kind":"sampled","unit":80,"class":4,"bound_ms":30000,"quality":"GOOD","age_ms":607,"ts":2577798,"updates":244,"value":2577}
1791637849.533 {"t":"ns","node":25344,"hash":1662441583,"owner":25344,"kind":"sampled","unit":101,"class":4,"bound_ms":30000,"quality":"GOOD","age_ms":621,"ts":2577798,"updates":244,"value":172032}
1791637859.679 {"t":"clk","node":25344,"up_ms":2588434}
1791637859.679 {"t":"led","node":25344,"shows":"green","app":0}
1791637859.679 {"t":"event","at_ms":2578190,"node":25344,"kind":"peer_admitted","peer":29544,"slot":0,"a":0,"b":0}
1791637859.679 {"t":"event","at_ms":2579003,"node":25344,"kind":"peer_admitted","peer":33120,"slot":1,"a":0,"b":0}
1791637859.679 {"t":"event","at_ms":2580189,"node":25344,"kind":"peer_admitted","peer":29544,"slot":0,"a":0,"b":0}
1791637859.679 {"t":"event","at_ms":2581002,"node":25344,"kind":"peer_admitted","peer":33120,"slot":1,"a":0,"b":0}
1791637859.679 {"t":"event","at_ms":2582189,"node":25344,"kind":"peer_admitted","peer":29544,"slot":0,"a":0,"b":0}
1791637859.679 {"t":"event","at_ms":2583002,"node":25344,"kind":"peer_admitted","peer":33120,"slot":1,"a":0,"b":0}
1791637859.679 {"t":"event","at_ms":2584189,"node":25344,"kind":"peer_admitted","peer":29544,"slot":0,"a":0,"b":0}
1791637859.679 {"t":"event","at_ms":2585002,"node":25344,"kind":"peer_admitted","peer":33120,"slot":1,"a":0,"b":0}
1791637859.679 {"t":"event","at_ms":2586193,"node":25344,"kind":"peer_admitted","peer":29544,"slot":0,"a":0,"b":0}
1791637859.679 {"t":"event","at_ms":2587002,"node":25344,"kind":"peer_admitted","peer":33120,"slot":1,"a":0,"b":0}
1791637859.679 {"t":"event","at_ms":2588189,"node":25344,"kind":"peer_admitted","peer":29544,"slot":0,"a":0,"b":0}
1791637859.679 {"t":"link","up_ms":2588535,"node":25344,"peer":29544,"mac":"b8:1f:3f:da:73:68","state":"alive","epoch":172,"espnow_ver":2,"mtu":1446,"misses":0,"rssi":-27,"tx":{"frames":9574,"cb_ok":9564,"cb_fail":10,"enqueue_err":0,"pdr_ppm":998955},"rx":{"frames":36911,"lost_seqgap":8,"reorder_dup":0,"dropped_bad":0,"hb_lost":88,"bcast_frames":25746,"pdr_ppm":999783},"rtt":{"samples":861,"min_us":5287,"max_us":54915,"timeouts":2,"txq_last_us":2798,"txq_max_us":42777,"remote_turnaround_us":893,"remote_turnaround_max_us":5222,"p50_us":[4000,6000],"p99_us":[22000,30000],"hist":[0,0,0,0,523,210,89,20,6,6,2,5,0,0,0,0]}}
1791637859.679 {"t":"link","up_ms":2588590,"node":25344,"peer":33120,"mac":"b8:1f:3f:da:81:60","state":"alive","epoch":293,"espnow_ver":2,"mtu":1446,"misses":0,"rssi":-21,"tx":{"frames":9406,"cb_ok":9335,"cb_fail":70,"enqueue_err":0,"pdr_ppm":992557},"rx":{"frames":34447,"lost_seqgap":1,"reorder_dup":0,"dropped_bad":0,"hb_lost":117,"bcast_frames":23713,"pdr_ppm":999970},"rtt":{"samples":795,"min_us":5640,"max_us":48794,"timeouts":66,"txq_last_us":9416,"txq_max_us":29961,"remote_turnaround_us":1057,"remote_turnaround_max_us":33351,"p50_us":[4000,6000],"p99_us":[22000,30000],"hist":[0,0,0,0,475,201,82,22,5,4,4,2,0,0,0,0]}}
1791637859.679 {"t":"link","up_ms":2588644,"node":25344,"peer":254,"mac":"02:00:00:00:00:fe","state":"alive","epoch":0,"espnow_ver":0,"mtu":226,"misses":0,"rssi":0,"tx":{"frames":3867,"cb_ok":0,"cb_fail":0,"enqueue_err":0,"pdr_ppm":null},"rx":{"frames":5919,"lost_seqgap":0,"reorder_dup":5871,"dropped_bad":0,"hb_lost":0,"bcast_frames":0,"pdr_ppm":1000000},"rtt":{"samples":121,"min_us":7169,"max_us":102972,"timeouts":739,"txq_last_us":0,"txq_max_us":0,"remote_turnaround_us":12,"remote_turnaround_max_us":24,"p50_us":[42000,60000],"p99_us":[85000,110000],"hist":[0,0,0,0,0,1,1,3,8,8,3,69,24,4,0,0]}}
1791637859.679 {"t":"auth","node":25344,"up_ms":2588688,"enrolled":1,"required":1,"verified_peers":2,"verified":11,"cache_hits":2500,"refused":0,"rate_limited":0,"stale_epoch":0,"verify_us_max":83581,"link_stack_free_b":804,"crypto_stack_free_b":1220,"tags_ok":19390,"bad_tag":0,"replayed":0,"untagged":0,"bcast_dropped":0,"beacon_epoch_ignored":0,"tag_us_max":1221}
1791637859.679 {"t":"act","node":25344,"setpoint":0,"has_value":0,"writes_served":0}
1791637859.679 {"t":"peers","node":25344,"own_period_ms":100,"own_busy":0,"channel":1,"scanning":0,"scans":0,"hops":10,"found":0,"lost_to_found_ms":0,"moves_followed":0,"moves_refused":0,"sweeps":1,"sweep_found":0,"sweeping":0,"search_visits":1,"relay":0,"fwd_u":0,"fwd_b":0,"fwd_h":0,"relay_dup":24464,"list":[{"id":29544,"state":"alive","via_relay":0,"period_ms":100,"misses":6,"busy":1,"rtt_n":861},{"id":33120,"state":"alive","via_relay":0,"period_ms":100,"misses":6,"busy":0,"rtt_n":795},{"id":254,"state":"alive","via_relay":0,"period_ms":100,"misses":6,"busy":0,"rtt_n":121}]}
1791637860.073 {"t":"ss","node":25344,"accepted":0,"unsigned":0,"unknown_sender":0,"bad_signature":0,"replayed":0,"rate_limited":0,"verify_us_max":0,"floors":[]}
1791637860.073 {"t":"rec","node":25344,"up_ms":2588795,"settled":1,"sent":10344,"received":10318,"malformed":0,"views":20,"replies_fenced":0,"actors":[{"key":1245650351,"running":1,"term":9,"owner":25344,"owner_term":9,"assigned":254,"starts":1,"fenced":0,"released":0}]}
1791637860.073 {"t":"node","up_ms":2588810,"node":25344,"epoch":244,"peers_alive":3,"peers_dead":0,"no_radio":0,"free_dram":248899,"largest_block":172032,"rx":{"total":128335,"bad_frame":0,"unknown_peer":80,"wrong_dst":0,"short_payload":0,"unknown_opcode":0,"queue_dropped":50},"tx":{"total":50032,"enqueue_err":0,"done_queue_dropped":0},"membership":{"deaths":9,"revivals":5,"reboots_seen":4,"table_full":0,"events_dropped":0}}
1791637860.073 {"t":"ns","node":25344,"hash":2410274060,"owner":25344,"kind":"sampled","unit":100,"class":4,"bound_ms":0,"quality":"GOOD","age_ms":414,"ts":2588436,"updates":245,"value":244}
1791637860.073 {"t":"ns","node":25344,"hash":1274253983,"owner":25344,"kind":"sampled","unit":0,"class":4,"bound_ms":5000,"quality":"GOOD","age_ms":428,"ts":2588436,"updates":245,"value":-28}
1791637860.073 {"t":"ns","node":25344,"hash":3354298913,"owner":25344,"kind":"sampled","unit":100,"class":4,"bound_ms":5000,"quality":"GOOD","age_ms":442,"ts":2588436,"updates":245,"value":3}
1791637860.073 {"t":"ns","node":25344,"hash":1771187623,"owner":25344,"kind":"sampled","unit":101,"class":4,"bound_ms":30000,"quality":"GOOD","age_ms":457,"ts":2588436,"updates":245,"value":250183}
1791637860.073 {"t":"ns","node":25344,"hash":1245650351,"owner":25344,"kind":"sampled","unit":0,"class":3,"bound_ms":500,"quality":"GOOD","age_ms":92,"ts":2588815,"updates":25768,"value":1660970152}
1791637860.073 {"t":"ns","node":25344,"hash":2033492666,"owner":25344,"kind":"sampled","unit":0,"class":3,"bound_ms":0,"quality":"NO_DATA","age_ms":0,"ts":0,"updates":0,"value":null}
1791637860.073 {"t":"ns","node":25344,"hash":4103947588,"owner":25344,"kind":"sampled","unit":80,"class":4,"bound_ms":30000,"quality":"GOOD","age_ms":502,"ts":2588436,"updates":245,"value":2588}
1791637860.073 {"t":"ns","node":25344,"hash":1662441583,"owner":25344,"kind":"sampled","unit":101,"class":4,"bound_ms":30000,"quality":"GOOD","age_ms":516,"ts":2588436,"updates":245,"value":172032}
1791637870.222 {"t":"clk","node":25344,"up_ms":2598979}
1791637870.222 {"t":"led","node":25344,"shows":"green","app":0}
1791637870.222 {"t":"event","at_ms":2589002,"node":25344,"kind":"peer_admitted","peer":33120,"slot":1,"a":0,"b":0}
1791637870.222 {"t":"event","at_ms":2590189,"node":25344,"kind":"peer_admitted","peer":29544,"slot":0,"a":0,"b":0}
1791637870.222 {"t":"event","at_ms":2591004,"node":25344,"kind":"peer_admitted","peer":33120,"slot":1,"a":0,"b":0}
1791637870.222 {"t":"event","at_ms":2592190,"node":25344,"kind":"peer_admitted","peer":29544,"slot":0,"a":0,"b":0}
1791637870.222 {"t":"event","at_ms":2593002,"node":25344,"kind":"peer_admitted","peer":33120,"slot":1,"a":0,"b":0}
1791637870.222 {"t":"event","at_ms":2594189,"node":25344,"kind":"peer_admitted","peer":29544,"slot":0,"a":0,"b":0}
1791637870.222 {"t":"event","at_ms":2595002,"node":25344,"kind":"peer_admitted","peer":33120,"slot":1,"a":0,"b":0}
1791637870.222 {"t":"event","at_ms":2596189,"node":25344,"kind":"peer_admitted","peer":29544,"slot":0,"a":0,"b":0}
1791637870.222 {"t":"event","at_ms":2597002,"node":25344,"kind":"peer_admitted","peer":33120,"slot":1,"a":0,"b":0}
1791637870.222 {"t":"event","at_ms":2598190,"node":25344,"kind":"peer_admitted","peer":29544,"slot":0,"a":0,"b":0}
1791637870.222 {"t":"event","at_ms":2599002,"node":25344,"kind":"peer_admitted","peer":33120,"slot":1,"a":0,"b":0}
1791637870.222 {"t":"link","up_ms":2599083,"node":25344,"peer":29544,"mac":"b8:1f:3f:da:73:68","state":"alive","epoch":172,"espnow_ver":2,"mtu":1446,"misses":0,"rssi":-28,"tx":{"frames":9602,"cb_ok":9592,"cb_fail":10,"enqueue_err":0,"pdr_ppm":998958},"rx":{"frames":37057,"lost_seqgap":8,"reorder_dup":0,"dropped_bad":0,"hb_lost":88,"bcast_frames":25852,"pdr_ppm":999784},"rtt":{"samples":865,"min_us":5287,"max_us":54915,"timeouts":2,"txq_last_us":2798,"txq_max_us":42777,"remote_turnaround_us":861,"remote_turnaround_max_us":5222,"p50_us":[4000,6000],"p99_us":[22000,30000],"hist":[0,0,0,0,526,210,89,21,6,6,2,5,0,0,0,0]}}
1791637870.222 {"t":"link","up_ms":2599126,"node":25344,"peer":33120,"mac":"b8:1f:3f:da:81:60","state":"alive","epoch":293,"espnow_ver":2,"mtu":1446,"misses":0,"rssi":-21,"tx":{"frames":9531,"cb_ok":9461,"cb_fail":70,"enqueue_err":0,"pdr_ppm":992655},"rx":{"frames":34690,"lost_seqgap":1,"reorder_dup":0,"dropped_bad":0,"hb_lost":117,"bcast_frames":23818,"pdr_ppm":999971},"rtt":{"samples":798,"min_us":5640,"max_us":48794,"timeouts":66,"txq_last_us":9559,"txq_max_us":29961,"remote_turnaround_us":1074,"remote_turnaround_max_us":33351,"p50_us":[4000,6000],"p99_us":[22000,30000],"hist":[0,0,0,0,476,202,82,22,6,4,4,2,0,0,0,0]}}
1791637870.222 {"t":"link","up_ms":2599180,"node":25344,"peer":254,"mac":"02:00:00:00:00:fe","state":"alive","epoch":0,"espnow_ver":0,"mtu":226,"misses":0,"rssi":0,"tx":{"frames":3982,"cb_ok":0,"cb_fail":0,"enqueue_err":0,"pdr_ppm":null},"rx":{"frames":6117,"lost_seqgap":0,"reorder_dup":6069,"dropped_bad":0,"hb_lost":0,"bcast_frames":0,"pdr_ppm":1000000},"rtt":{"samples":125,"min_us":7169,"max_us":102972,"timeouts":739,"txq_last_us":0,"txq_max_us":0,"remote_turnaround_us":15,"remote_turnaround_max_us":24,"p50_us":[42000,60000],"p99_us":[85000,110000],"hist":[0,0,0,0,0,1,1,3,9,8,3,72,24,4,0,0]}}
1791637870.222 {"t":"auth","node":25344,"up_ms":2599235,"enrolled":1,"required":1,"verified_peers":2,"verified":11,"cache_hits":2511,"refused":0,"rate_limited":0,"stale_epoch":0,"verify_us_max":83581,"link_stack_free_b":804,"crypto_stack_free_b":1220,"tags_ok":19557,"bad_tag":0,"replayed":0,"untagged":0,"bcast_dropped":0,"beacon_epoch_ignored":0,"tag_us_max":1221}
1791637870.222 {"t":"act","node":25344,"setpoint":0,"has_value":0,"writes_served":0}
1791637870.222 {"t":"peers","node":25344,"own_period_ms":100,"own_busy":0,"channel":1,"scanning":0,"scans":0,"hops":10,"found":0,"lost_to_found_ms":0,"moves_followed":0,"moves_refused":0,"sweeps":1,"sweep_found":0,"sweeping":0,"search_visits":1,"relay":0,"fwd_u":0,"fwd_b":0,"fwd_h":0,"relay_dup":24571,"list":[{"id":29544,"state":"alive","via_relay":0,"period_ms":100,"misses":6,"busy":1,"rtt_n":865},{"id":33120,"state":"alive","via_relay":0,"period_ms":100,"misses":6,"busy":0,"rtt_n":798},{"id":254,"state":"alive","via_relay":0,"period_ms":100,"misses":6,"busy":0,"rtt_n":125}]}
1791637870.613 {"t":"ss","node":25344,"accepted":0,"unsigned":0,"unknown_sender":0,"bad_signature":0,"replayed":0,"rate_limited":0,"verify_us_max":0,"floors":[]}
1791637870.613 {"t":"rec","node":25344,"up_ms":2599332,"settled":1,"sent":10385,"received":10359,"malformed":0,"views":20,"replies_fenced":0,"actors":[{"key":1245650351,"running":1,"term":9,"owner":25344,"owner_term":9,"assigned":254,"starts":1,"fenced":0,"released":0}]}
1791637870.613 {"t":"node","up_ms":2599358,"node":25344,"epoch":244,"peers_alive":3,"peers_dead":0,"no_radio":0,"free_dram":250183,"largest_block":172032,"rx":{"total":129138,"bad_frame":0,"unknown_peer":80,"wrong_dst":0,"short_payload":0,"unknown_opcode":0,"queue_dropped":50},"tx":{"total":50414,"enqueue_err":0,"done_queue_dropped":0},"membership":{"deaths":9,"revivals":5,"reboots_seen":4,"table_full":0,"events_dropped":0}}
1791637870.613 {"t":"ns","node":25344,"hash":2410274060,"owner":25344,"kind":"sampled","unit":100,"class":4,"bound_ms":0,"quality":"GOOD","age_ms":417,"ts":2598981,"updates":246,"value":244}
1791637870.613 {"t":"ns","node":25344,"hash":1274253983,"owner":25344,"kind":"sampled","unit":0,"class":4,"bound_ms":5000,"quality":"GOOD","age_ms":432,"ts":2598981,"updates":246,"value":-28}
1791637870.613 {"t":"ns","node":25344,"hash":3354298913,"owner":25344,"kind":"sampled","unit":100,"class":4,"bound_ms":5000,"quality":"GOOD","age_ms":446,"ts":2598981,"updates":246,"value":3}
1791637870.613 {"t":"ns","node":25344,"hash":1771187623,"owner":25344,"kind":"sampled","unit":101,"class":4,"bound_ms":30000,"quality":"GOOD","age_ms":462,"ts":2598980,"updates":246,"value":250183}
1791637870.613 {"t":"ns","node":25344,"hash":1245650351,"owner":25344,"kind":"sampled","unit":0,"class":3,"bound_ms":500,"quality":"GOOD","age_ms":72,"ts":2599385,"updates":25873,"value":1660970257}
1791637870.613 {"t":"ns","node":25344,"hash":2033492666,"owner":25344,"kind":"sampled","unit":0,"class":3,"bound_ms":0,"quality":"NO_DATA","age_ms":0,"ts":0,"updates":0,"value":null}
1791637870.613 {"t":"ns","node":25344,"hash":4103947588,"owner":25344,"kind":"sampled","unit":80,"class":4,"bound_ms":30000,"quality":"GOOD","age_ms":505,"ts":2598980,"updates":246,"value":2598}
1791637870.613 {"t":"ns","node":25344,"hash":1662441583,"owner":25344,"kind":"sampled","unit":101,"class":4,"bound_ms":30000,"quality":"GOOD","age_ms":519,"ts":2598980,"updates":246,"value":172032}
1791637880.755 {"t":"clk","node":25344,"up_ms":2609514}
1791637880.755 {"t":"led","node":25344,"shows":"green","app":0}
1791637880.755 {"t":"event","at_ms":2600189,"node":25344,"kind":"peer_admitted","peer":29544,"slot":0,"a":0,"b":0}
1791637880.755 {"t":"event","at_ms":2601002,"node":25344,"kind":"peer_admitted","peer":33120,"slot":1,"a":0,"b":0}
1791637880.755 {"t":"event","at_ms":2602193,"node":25344,"kind":"peer_admitted","peer":29544,"slot":0,"a":0,"b":0}
1791637880.755 {"t":"event","at_ms":2603002,"node":25344,"kind":"peer_admitted","peer":33120,"slot":1,"a":0,"b":0}
1791637880.755 {"t":"event","at_ms":2604189,"node":25344,"kind":"peer_admitted","peer":29544,"slot":0,"a":0,"b":0}
1791637880.755 {"t":"event","at_ms":2605002,"node":25344,"kind":"peer_admitted","peer":33120,"slot":1,"a":0,"b":0}
1791637880.755 {"t":"event","at_ms":2606193,"node":25344,"kind":"peer_admitted","peer":29544,"slot":0,"a":0,"b":0}
1791637880.755 {"t":"event","at_ms":2607002,"node":25344,"kind":"peer_admitted","peer":33120,"slot":1,"a":0,"b":0}
1791637880.755 {"t":"event","at_ms":2608189,"node":25344,"kind":"peer_admitted","peer":29544,"slot":0,"a":0,"b":0}
1791637880.755 {"t":"event","at_ms":2609002,"node":25344,"kind":"peer_admitted","peer":33120,"slot":1,"a":0,"b":0}
1791637880.755 {"t":"link","up_ms":2609600,"node":25344,"peer":29544,"mac":"b8:1f:3f:da:73:68","state":"alive","epoch":172,"espnow_ver":2,"mtu":1446,"misses":0,"rssi":-28,"tx":{"frames":9630,"cb_ok":9620,"cb_fail":10,"enqueue_err":0,"pdr_ppm":998961},"rx":{"frames":37201,"lost_seqgap":8,"reorder_dup":0,"dropped_bad":0,"hb_lost":89,"bcast_frames":25956,"pdr_ppm":999784},"rtt":{"samples":868,"min_us":5177,"max_us":54915,"timeouts":2,"txq_last_us":1097,"txq_max_us":42777,"remote_turnaround_us":842,"remote_turnaround_max_us":5222,"p50_us":[4000,6000],"p99_us":[22000,30000],"hist":[0,0,0,0,528,211,89,21,6,6,2,5,0,0,0,0]}}
1791637880.755 {"t":"link","up_ms":2609653,"node":25344,"peer":33120,"mac":"b8:1f:3f:da:81:60","state":"alive","epoch":293,"espnow_ver":2,"mtu":1446,"misses":0,"rssi":-21,"tx":{"frames":9655,"cb_ok":9585,"cb_fail":70,"enqueue_err":0,"pdr_ppm":992749},"rx":{"frames":34931,"lost_seqgap":1,"reorder_dup":0,"dropped_bad":0,"hb_lost":118,"bcast_frames":23923,"pdr_ppm":999971},"rtt":{"samples":802,"min_us":5640,"max_us":48794,"timeouts":66,"txq_last_us":2834,"txq_max_us":29961,"remote_turnaround_us":972,"remote_turnaround_max_us":33351,"p50_us":[4000,6000],"p99_us":[22000,30000],"hist":[0,0,0,0,477,204,82,22,6,4,5,2,0,0,0,0]}}
1791637880.755 {"t":"link","up_ms":2609708,"node":25344,"peer":254,"mac":"02:00:00:00:00:fe","state":"alive","epoch":0,"espnow_ver":0,"mtu":226,"misses":0,"rssi":0,"tx":{"frames":4096,"cb_ok":0,"cb_fail":0,"enqueue_err":0,"pdr_ppm":null},"rx":{"frames":6314,"lost_seqgap":0,"reorder_dup":6266,"dropped_bad":0,"hb_lost":0,"bcast_frames":0,"pdr_ppm":1000000},"rtt":{"samples":128,"min_us":7169,"max_us":102972,"timeouts":739,"txq_last_us":0,"txq_max_us":0,"remote_turnaround_us":13,"remote_turnaround_max_us":24,"p50_us":[42000,60000],"p99_us":[85000,110000],"hist":[0,0,0,0,0,1,1,3,10,8,3,74,24,4,0,0]}}
1791637880.755 {"t":"auth","node":25344,"up_ms":2609763,"enrolled":1,"required":1,"verified_peers":2,"verified":11,"cache_hits":2521,"refused":0,"rate_limited":0,"stale_epoch":0,"verify_us_max":83581,"link_stack_free_b":804,"crypto_stack_free_b":1220,"tags_ok":19722,"bad_tag":0,"replayed":0,"untagged":0,"bcast_dropped":0,"beacon_epoch_ignored":0,"tag_us_max":1221}
1791637880.755 {"t":"act","node":25344,"setpoint":0,"has_value":0,"writes_served":0}
1791637880.755 {"t":"peers","node":25344,"own_period_ms":100,"own_busy":0,"channel":1,"scanning":0,"scans":0,"hops":10,"found":0,"lost_to_found_ms":0,"moves_followed":0,"moves_refused":0,"sweeps":1,"sweep_found":0,"sweeping":0,"search_visits":1,"relay":0,"fwd_u":0,"fwd_b":0,"fwd_h":0,"relay_dup":24674,"list":[{"id":29544,"state":"alive","via_relay":0,"period_ms":100,"misses":6,"busy":1,"rtt_n":868},{"id":33120,"state":"alive","via_relay":0,"period_ms":100,"misses":6,"busy":0,"rtt_n":802},{"id":254,"state":"alive","via_relay":0,"period_ms":100,"misses":6,"busy":0,"rtt_n":128}]}
1791637880.755 {"t":"ss","node":25344,"accepted":0,"unsigned":0,"unknown_sender":0,"bad_signature":0,"replayed":0,"rate_limited":0,"verify_us_max":0,"floors":[]}
1791637881.140 {"t":"rec","node":25344,"up_ms":2609859,"settled":1,"sent":10427,"received":10401,"malformed":0,"views":20,"replies_fenced":0,"actors":[{"key":1245650351,"running":1,"term":9,"owner":25344,"owner_term":9,"assigned":254,"starts":1,"fenced":0,"released":0}]}
1791637881.140 {"t":"node","up_ms":2609886,"node":25344,"epoch":244,"peers_alive":3,"peers_dead":0,"no_radio":0,"free_dram":248899,"largest_block":172032,"rx":{"total":129930,"bad_frame":0,"unknown_peer":80,"wrong_dst":0,"short_payload":0,"unknown_opcode":0,"queue_dropped":50},"tx":{"total":50790,"enqueue_err":0,"done_queue_dropped":0},"membership":{"deaths":9,"revivals":5,"reboots_seen":4,"table_full":0,"events_dropped":0}}
1791637881.140 {"t":"ns","node":25344,"hash":2410274060,"owner":25344,"kind":"sampled","unit":100,"class":4,"bound_ms":0,"quality":"GOOD","age_ms":399,"ts":2609516,"updates":247,"value":244}
1791637881.140 {"t":"ns","node":25344,"hash":1274253983,"owner":25344,"kind":"sampled","unit":0,"class":4,"bound_ms":5000,"quality":"GOOD","age_ms":424,"ts":2609516,"updates":247,"value":-28}
1791637881.140 {"t":"ns","node":25344,"hash":3354298913,"owner":25344,"kind":"sampled","unit":100,"class":4,"bound_ms":5000,"quality":"GOOD","age_ms":438,"ts":2609516,"updates":247,"value":3}
1791637881.140 {"t":"ns","node":25344,"hash":1771187623,"owner":25344,"kind":"sampled","unit":101,"class":4,"bound_ms":30000,"quality":"GOOD","age_ms":453,"ts":2609515,"updates":247,"value":250183}
1791637881.140 {"t":"ns","node":25344,"hash":1245650351,"owner":25344,"kind":"sampled","unit":0,"class":3,"bound_ms":500,"quality":"GOOD","age_ms":99,"ts":2609883,"updates":25977,"value":1660970361}
1791637881.140 {"t":"ns","node":25344,"hash":2033492666,"owner":25344,"kind":"sampled","unit":0,"class":3,"bound_ms":0,"quality":"NO_DATA","age_ms":0,"ts":0,"updates":0,"value":null}
1791637881.140 {"t":"ns","node":25344,"hash":4103947588,"owner":25344,"kind":"sampled","unit":80,"class":4,"bound_ms":30000,"quality":"GOOD","age_ms":494,"ts":2609516,"updates":247,"value":2609}
1791637881.140 {"t":"ns","node":25344,"hash":1662441583,"owner":25344,"kind":"sampled","unit":101,"class":4,"bound_ms":30000,"quality":"GOOD","age_ms":509,"ts":2609516,"updates":247,"value":172032}
1791637891.278 {"t":"clk","node":25344,"up_ms":2620040}
1791637891.278 {"t":"led","node":25344,"shows":"green","app":0}
1791637891.278 {"t":"event","at_ms":2610190,"node":25344,"kind":"peer_admitted","peer":29544,"slot":0,"a":0,"b":0}
1791637891.278 {"t":"event","at_ms":2611006,"node":25344,"kind":"peer_admitted","peer":33120,"slot":1,"a":0,"b":0}
1791637891.278 {"t":"event","at_ms":2612192,"node":25344,"kind":"peer_admitted","peer":29544,"slot":0,"a":0,"b":0}
1791637891.278 {"t":"event","at_ms":2613002,"node":25344,"kind":"peer_admitted","peer":33120,"slot":1,"a":0,"b":0}
1791637891.278 {"t":"event","at_ms":2614189,"node":25344,"kind":"peer_admitted","peer":29544,"slot":0,"a":0,"b":0}
1791637891.278 {"t":"event","at_ms":2615003,"node":25344,"kind":"peer_admitted","peer":33120,"slot":1,"a":0,"b":0}
1791637891.278 {"t":"event","at_ms":2616189,"node":25344,"kind":"peer_admitted","peer":29544,"slot":0,"a":0,"b":0}
1791637891.278 {"t":"event","at_ms":2617002,"node":25344,"kind":"peer_admitted","peer":33120,"slot":1,"a":0,"b":0}
1791637891.278 {"t":"event","at_ms":2618189,"node":25344,"kind":"peer_admitted","peer":29544,"slot":0,"a":0,"b":0}
1791637891.278 {"t":"event","at_ms":2619002,"node":25344,"kind":"peer_admitted","peer":33120,"slot":1,"a":0,"b":0}
1791637891.278 {"t":"link","up_ms":2620126,"node":25344,"peer":29544,"mac":"b8:1f:3f:da:73:68","state":"alive","epoch":172,"espnow_ver":2,"mtu":1446,"misses":0,"rssi":-28,"tx":{"frames":9658,"cb_ok":9648,"cb_fail":10,"enqueue_err":0,"pdr_ppm":998964},"rx":{"frames":37346,"lost_seqgap":8,"reorder_dup":0,"dropped_bad":0,"hb_lost":90,"bcast_frames":26060,"pdr_ppm":999785},"rtt":{"samples":872,"min_us":5177,"max_us":54915,"timeouts":2,"txq_last_us":1097,"txq_max_us":42777,"remote_turnaround_us":850,"remote_turnaround_max_us":5222,"p50_us":[4000,6000],"p99_us":[22000,30000],"hist":[0,0,0,0,530,212,89,22,6,6,2,5,0,0,0,0]}}
1791637891.278 {"t":"link","up_ms":2620180,"node":25344,"peer":33120,"mac":"b8:1f:3f:da:81:60","state":"alive","epoch":293,"espnow_ver":2,"mtu":1446,"misses":0,"rssi":-21,"tx":{"frames":9779,"cb_ok":9709,"cb_fail":70,"enqueue_err":0,"pdr_ppm":992841},"rx":{"frames":35170,"lost_seqgap":1,"reorder_dup":0,"dropped_bad":0,"hb_lost":120,"bcast_frames":24026,"pdr_ppm":999971},"rtt":{"samples":805,"min_us":5640,"max_us":48794,"timeouts":66,"txq_last_us":9394,"txq_max_us":29961,"remote_turnaround_us":1054,"remote_turnaround_max_us":33351,"p50_us":[4000,6000],"p99_us":[22000,30000],"hist":[0,0,0,0,477,206,82,22,7,4,5,2,0,0,0,0]}}
1791637891.278 {"t":"link","up_ms":2620235,"node":25344,"peer":254,"mac":"02:00:00:00:00:fe","state":"alive","epoch":0,"espnow_ver":0,"mtu":226,"misses":0,"rssi":0,"tx":{"frames":4211,"cb_ok":0,"cb_fail":0,"enqueue_err":0,"pdr_ppm":null},"rx":{"frames":6512,"lost_seqgap":0,"reorder_dup":6464,"dropped_bad":0,"hb_lost":0,"bcast_frames":0,"pdr_ppm":1000000},"rtt":{"samples":132,"min_us":7169,"max_us":102972,"timeouts":739,"txq_last_us":0,"txq_max_us":0,"remote_turnaround_us":13,"remote_turnaround_max_us":24,"p50_us":[42000,60000],"p99_us":[85000,110000],"hist":[0,0,0,0,0,1,1,3,11,8,3,77,24,4,0,0]}}
1791637891.278 {"t":"auth","node":25344,"up_ms":2620289,"enrolled":1,"required":1,"verified_peers":2,"verified":11,"cache_hits":2532,"refused":0,"rate_limited":0,"stale_epoch":0,"verify_us_max":83581,"link_stack_free_b":804,"crypto_stack_free_b":1220,"tags_ok":19890,"bad_tag":0,"replayed":0,"untagged":0,"bcast_dropped":0,"beacon_epoch_ignored":0,"tag_us_max":1221}
1791637891.278 {"t":"act","node":25344,"setpoint":0,"has_value":0,"writes_served":0}
1791637891.278 {"t":"peers","node":25344,"own_period_ms":100,"own_busy":0,"channel":1,"scanning":0,"scans":0,"hops":10,"found":0,"lost_to_found_ms":0,"moves_followed":0,"moves_refused":0,"sweeps":1,"sweep_found":0,"sweeping":0,"search_visits":1,"relay":0,"fwd_u":0,"fwd_b":0,"fwd_h":0,"relay_dup":24781,"list":[{"id":29544,"state":"alive","via_relay":0,"period_ms":100,"misses":6,"busy":1,"rtt_n":872},{"id":33120,"state":"alive","via_relay":0,"period_ms":100,"misses":6,"busy":0,"rtt_n":805},{"id":254,"state":"alive","via_relay":0,"period_ms":100,"misses":6,"busy":0,"rtt_n":132}]}
1791637891.278 {"t":"ss","node":25344,"accepted":0,"unsigned":0,"unknown_sender":0,"bad_signature":0,"replayed":0,"rate_limited":0,"verify_us_max":0,"floors":[]}
1791637891.671 {"t":"rec","node":25344,"up_ms":2620386,"settled":1,"sent":10469,"received":10442,"malformed":0,"views":20,"replies_fenced":0,"actors":[{"key":1245650351,"running":1,"term":9,"owner":25344,"owner_term":9,"assigned":254,"starts":1,"fenced":0,"released":0}]}
1791637891.671 {"t":"node","up_ms":2620412,"node":25344,"epoch":244,"peers_alive":3,"peers_dead":0,"no_radio":0,"free_dram":250183,"largest_block":172032,"rx":{"total":130723,"bad_frame":0,"unknown_peer":80,"wrong_dst":0,"short_payload":0,"unknown_opcode":0,"queue_dropped":50},"tx":{"total":51166,"enqueue_err":0,"done_queue_dropped":0},"membership":{"deaths":9,"revivals":5,"reboots_seen":4,"table_full":0,"events_dropped":0}}
1791637891.671 {"t":"ns","node":25344,"hash":2410274060,"owner":25344,"kind":"sampled","unit":100,"class":4,"bound_ms":0,"quality":"GOOD","age_ms":399,"ts":2620042,"updates":248,"value":244}
1791637891.671 {"t":"ns","node":25344,"hash":1274253983,"owner":25344,"kind":"sampled","unit":0,"class":4,"bound_ms":5000,"quality":"GOOD","age_ms":413,"ts":2620042,"updates":248,"value":-28}
1791637891.671 {"t":"ns","node":25344,"hash":3354298913,"owner":25344,"kind":"sampled","unit":100,"class":4,"bound_ms":5000,"quality":"GOOD","age_ms":439,"ts":2620042,"updates":248,"value":3}
1791637891.671 {"t":"ns","node":25344,"hash":1771187623,"owner":25344,"kind":"sampled","unit":101,"class":4,"bound_ms":30000,"quality":"GOOD","age_ms":454,"ts":2620041,"updates":248,"value":250183}
1791637891.671 {"t":"ns","node":25344,"hash":1245650351,"owner":25344,"kind":"sampled","unit":0,"class":3,"bound_ms":500,"quality":"GOOD","age_ms":94,"ts":2620415,"updates":26081,"value":1660970465}
1791637891.671 {"t":"ns","node":25344,"hash":2033492666,"owner":25344,"kind":"sampled","unit":0,"class":3,"bound_ms":0,"quality":"NO_DATA","age_ms":0,"ts":0,"updates":0,"value":null}
1791637891.671 {"t":"ns","node":25344,"hash":4103947588,"owner":25344,"kind":"sampled","unit":80,"class":4,"bound_ms":30000,"quality":"GOOD","age_ms":496,"ts":2620041,"updates":248,"value":2620}
1791637891.671 {"t":"ns","node":25344,"hash":1662441583,"owner":25344,"kind":"sampled","unit":101,"class":4,"bound_ms":30000,"quality":"GOOD","age_ms":511,"ts":2620041,"updates":248,"value":172032}
1791637901.806 {"t":"clk","node":25344,"up_ms":2630567}
1791637901.806 {"t":"led","node":25344,"shows":"green","app":0}
1791637901.806 {"t":"event","at_ms":2620189,"node":25344,"kind":"peer_admitted","peer":29544,"slot":0,"a":0,"b":0}
1791637901.806 {"t":"event","at_ms":2621009,"node":25344,"kind":"peer_admitted","peer":33120,"slot":1,"a":0,"b":0}
1791637901.806 {"t":"event","at_ms":2622189,"node":25344,"kind":"peer_admitted","peer":29544,"slot":0,"a":0,"b":0}
1791637901.806 {"t":"event","at_ms":2623008,"node":25344,"kind":"peer_admitted","peer":33120,"slot":1,"a":0,"b":0}
1791637901.806 {"t":"event","at_ms":2624189,"node":25344,"kind":"peer_admitted","peer":29544,"slot":0,"a":0,"b":0}
1791637901.806 {"t":"event","at_ms":2625015,"node":25344,"kind":"peer_admitted","peer":33120,"slot":1,"a":0,"b":0}
1791637901.806 {"t":"event","at_ms":2626189,"node":25344,"kind":"peer_admitted","peer":29544,"slot":0,"a":0,"b":0}
1791637901.806 {"t":"event","at_ms":2627014,"node":25344,"kind":"peer_admitted","peer":33120,"slot":1,"a":0,"b":0}
1791637901.806 {"t":"event","at_ms":2628189,"node":25344,"kind":"peer_admitted","peer":29544,"slot":0,"a":0,"b":0}
1791637901.806 {"t":"event","at_ms":2629013,"node":25344,"kind":"peer_admitted","peer":33120,"slot":1,"a":0,"b":0}
1791637901.806 {"t":"event","at_ms":2630189,"node":25344,"kind":"peer_admitted","peer":29544,"slot":0,"a":0,"b":0}
1791637901.806 {"t":"link","up_ms":2630665,"node":25344,"peer":29544,"mac":"b8:1f:3f:da:73:68","state":"alive","epoch":172,"espnow_ver":2,"mtu":1446,"misses":0,"rssi":-28,"tx":{"frames":9685,"cb_ok":9675,"cb_fail":10,"enqueue_err":0,"pdr_ppm":998967},"rx":{"frames":37492,"lost_seqgap":8,"reorder_dup":0,"dropped_bad":0,"hb_lost":90,"bcast_frames":26166,"pdr_ppm":999786},"rtt":{"samples":875,"min_us":5177,"max_us":54915,"timeouts":2,"txq_last_us":1097,"txq_max_us":42777,"remote_turnaround_us":857,"remote_turnaround_max_us":5222,"p50_us":[4000,6000],"p99_us":[22000,30000],"hist":[0,0,0,0,532,212,90,22,6,6,2,5,0,0,0,0]}}
1791637901.806 {"t":"link","up_ms":2630720,"node":25344,"peer":33120,"mac":"b8:1f:3f:da:81:60","state":"alive","epoch":293,"espnow_ver":2,"mtu":1446,"misses":0,"rssi":-21,"tx":{"frames":9904,"cb_ok":9834,"cb_fail":70,"enqueue_err":0,"pdr_ppm":992932},"rx":{"frames":35412,"lost_seqgap":1,"reorder_dup":0,"dropped_bad":0,"hb_lost":120,"bcast_frames":24131,"pdr_ppm":999971},"rtt":{"samples":809,"min_us":5640,"max_us":48794,"timeouts":66,"txq_last_us":2782,"txq_max_us":29961,"remote_turnaround_us":953,"remote_turnaround_max_us":33351,"p50_us":[4000,6000],"p99_us":[22000,30000],"hist":[0,0,0,0,479,206,82,24,7,4,5,2,0,0,0,0]}}
1791637901.806 {"t":"link","up_ms":2630775,"node":25344,"peer":254,"mac":"02:00:00:00:00:fe","state":"alive","epoch":0,"espnow_ver":0,"mtu":226,"misses":0,"rssi":0,"tx":{"frames":4324,"cb_ok":0,"cb_fail":0,"enqueue_err":0,"pdr_ppm":null},"rx":{"frames":6707,"lost_seqgap":0,"reorder_dup":6659,"dropped_bad":0,"hb_lost":0,"bcast_frames":0,"pdr_ppm":1000000},"rtt":{"samples":135,"min_us":7169,"max_us":102972,"timeouts":739,"txq_last_us":0,"txq_max_us":0,"remote_turnaround_us":46,"remote_turnaround_max_us":46,"p50_us":[42000,60000],"p99_us":[85000,110000],"hist":[0,0,0,0,0,1,1,3,11,9,3,79,24,4,0,0]}}
1791637901.806 {"t":"auth","node":25344,"up_ms":2630829,"enrolled":1,"required":1,"verified_peers":2,"verified":11,"cache_hits":2542,"refused":0,"rate_limited":0,"stale_epoch":0,"verify_us_max":83581,"link_stack_free_b":804,"crypto_stack_free_b":1220,"tags_ok":20055,"bad_tag":0,"replayed":0,"untagged":0,"bcast_dropped":0,"beacon_epoch_ignored":0,"tag_us_max":1221}
1791637901.806 {"t":"act","node":25344,"setpoint":0,"has_value":0,"writes_served":0}
1791637901.806 {"t":"peers","node":25344,"own_period_ms":100,"own_busy":0,"channel":1,"scanning":0,"scans":0,"hops":10,"found":0,"lost_to_found_ms":0,"moves_followed":0,"moves_refused":0,"sweeps":1,"sweep_found":0,"sweeping":0,"search_visits":1,"relay":0,"fwd_u":0,"fwd_b":0,"fwd_h":0,"relay_dup":24887,"list":[{"id":29544,"state":"alive","via_relay":0,"period_ms":100,"misses":6,"busy":1,"rtt_n":875},{"id":33120,"state":"alive","via_relay":0,"period_ms":100,"misses":6,"busy":0,"rtt_n":809},{"id":254,"state":"alive","via_relay":0,"period_ms":100,"misses":6,"busy":0,"rtt_n":135}]}
1791637902.207 {"t":"ss","node":25344,"accepted":0,"unsigned":0,"unknown_sender":0,"bad_signature":0,"replayed":0,"rate_limited":0,"verify_us_max":0,"floors":[]}
1791637902.207 {"t":"rec","node":25344,"up_ms":2630925,"settled":1,"sent":10510,"received":10483,"malformed":0,"views":20,"replies_fenced":0,"actors":[{"key":1245650351,"running":1,"term":9,"owner":25344,"owner_term":9,"assigned":254,"starts":1,"fenced":0,"released":0}]}
1791637902.207 {"t":"node","up_ms":2630941,"node":25344,"epoch":244,"peers_alive":3,"peers_dead":0,"no_radio":0,"free_dram":249955,"largest_block":172032,"rx":{"total":131521,"bad_frame":0,"unknown_peer":80,"wrong_dst":0,"short_payload":0,"unknown_opcode":0,"queue_dropped":50},"tx":{"total":51544,"enqueue_err":0,"done_queue_dropped":0},"membership":{"deaths":9,"revivals":5,"reboots_seen":4,"table_full":0,"events_dropped":0}}
1791637902.207 {"t":"ns","node":25344,"hash":2410274060,"owner":25344,"kind":"sampled","unit":100,"class":4,"bound_ms":0,"quality":"GOOD","age_ms":412,"ts":2630569,"updates":249,"value":244}
1791637902.207 {"t":"ns","node":25344,"hash":1274253983,"owner":25344,"kind":"sampled","unit":0,"class":4,"bound_ms":5000,"quality":"GOOD","age_ms":426,"ts":2630569,"updates":249,"value":-28}
1791637902.207 {"t":"ns","node":25344,"hash":3354298913,"owner":25344,"kind":"sampled","unit":100,"class":4,"bound_ms":5000,"quality":"GOOD","age_ms":440,"ts":2630569,"updates":249,"value":3}
1791637902.207 {"t":"ns","node":25344,"hash":1771187623,"owner":25344,"kind":"sampled","unit":101,"class":4,"bound_ms":30000,"quality":"GOOD","age_ms":457,"ts":2630568,"updates":249,"value":248899}
1791637902.207 {"t":"ns","node":25344,"hash":1245650351,"owner":25344,"kind":"sampled","unit":0,"class":3,"bound_ms":500,"quality":"GOOD","age_ms":2,"ts":2631038,"updates":26186,"value":1660970570}
1791637902.207 {"t":"ns","node":25344,"hash":2033492666,"owner":25344,"kind":"sampled","unit":0,"class":3,"bound_ms":0,"quality":"NO_DATA","age_ms":0,"ts":0,"updates":0,"value":null}
1791637902.207 {"t":"ns","node":25344,"hash":4103947588,"owner":25344,"kind":"sampled","unit":80,"class":4,"bound_ms":30000,"quality":"GOOD","age_ms":510,"ts":2630569,"updates":249,"value":2630}
1791637902.207 {"t":"ns","node":25344,"hash":1662441583,"owner":25344,"kind":"sampled","unit":101,"class":4,"bound_ms":30000,"quality":"GOOD","age_ms":524,"ts":2630569,"updates":249,"value":172032}
1791637912.345 {"t":"clk","node":25344,"up_ms":2641108}
1791637912.345 {"t":"led","node":25344,"shows":"green","app":0}
1791637912.345 {"t":"event","at_ms":2631024,"node":25344,"kind":"peer_admitted","peer":33120,"slot":1,"a":0,"b":0}
1791637912.345 {"t":"event","at_ms":2632189,"node":25344,"kind":"peer_admitted","peer":29544,"slot":0,"a":0,"b":0}
1791637912.345 {"t":"event","at_ms":2633013,"node":25344,"kind":"peer_admitted","peer":33120,"slot":1,"a":0,"b":0}
1791637912.345 {"t":"event","at_ms":2634190,"node":25344,"kind":"peer_admitted","peer":29544,"slot":0,"a":0,"b":0}
1791637912.345 {"t":"event","at_ms":2635013,"node":25344,"kind":"peer_admitted","peer":33120,"slot":1,"a":0,"b":0}
1791637912.345 {"t":"event","at_ms":2636190,"node":25344,"kind":"peer_admitted","peer":29544,"slot":0,"a":0,"b":0}
1791637912.345 {"t":"event","at_ms":2637018,"node":25344,"kind":"peer_admitted","peer":33120,"slot":1,"a":0,"b":0}
1791637912.345 {"t":"event","at_ms":2638201,"node":25344,"kind":"peer_admitted","peer":29544,"slot":0,"a":0,"b":0}
1791637912.345 {"t":"event","at_ms":2639023,"node":25344,"kind":"peer_admitted","peer":33120,"slot":1,"a":0,"b":0}
1791637912.345 {"t":"event","at_ms":2640191,"node":25344,"kind":"peer_admitted","peer":29544,"slot":0,"a":0,"b":0}
1791637912.345 {"t":"event","at_ms":2641013,"node":25344,"kind":"peer_admitted","peer":33120,"slot":1,"a":0,"b":0}
1791637912.345 {"t":"link","up_ms":2641210,"node":25344,"peer":29544,"mac":"b8:1f:3f:da:73:68","state":"alive","epoch":172,"espnow_ver":2,"mtu":1446,"misses":0,"rssi":-28,"tx":{"frames":9714,"cb_ok":9704,"cb_fail":10,"enqueue_err":0,"pdr_ppm":998970},"rx":{"frames":37635,"lost_seqgap":8,"reorder_dup":0,"dropped_bad":0,"hb_lost":90,"bcast_frames":26271,"pdr_ppm":999787},"rtt":{"samples":879,"min_us":5177,"max_us":54915,"timeouts":2,"txq_last_us":1097,"txq_max_us":42777,"remote_turnaround_us":882,"remote_turnaround_max_us":5222,"p50_us":[4000,6000],"p99_us":[22000,30000],"hist":[0,0,0,0,533,213,90,23,7,6,2,5,0,0,0,0]}}
1791637912.345 {"t":"link","up_ms":2641264,"node":25344,"peer":33120,"mac":"b8:1f:3f:da:81:60","state":"alive","epoch":293,"espnow_ver":2,"mtu":1446,"misses":0,"rssi":-21,"tx":{"frames":10029,"cb_ok":9959,"cb_fail":70,"enqueue_err":0,"pdr_ppm":993020},"rx":{"frames":35650,"lost_seqgap":1,"reorder_dup":0,"dropped_bad":0,"hb_lost":121,"bcast_frames":24236,"pdr_ppm":999971},"rtt":{"samples":812,"min_us":5640,"max_us":48794,"timeouts":66,"txq_last_us":2782,"txq_max_us":29961,"remote_turnaround_us":1041,"remote_turnaround_max_us":33351,"p50_us":[4000,6000],"p99_us":[22000,30000],"hist":[0,0,0,0,480,208,82,24,7,4,5,2,0,0,0,0]}}
1791637912.345 {"t":"link","up_ms":2641308,"node":25344,"peer":254,"mac":"02:00:00:00:00:fe","state":"alive","epoch":0,"espnow_ver":0,"mtu":226,"misses":0,"rssi":0,"tx":{"frames":4438,"cb_ok":0,"cb_fail":0,"enqueue_err":0,"pdr_ppm":null},"rx":{"frames":6904,"lost_seqgap":0,"reorder_dup":6856,"dropped_bad":0,"hb_lost":0,"bcast_frames":0,"pdr_ppm":1000000},"rtt":{"samples":139,"min_us":7169,"max_us":102972,"timeouts":739,"txq_last_us":0,"txq_max_us":0,"remote_turnaround_us":14,"remote_turnaround_max_us":46,"p50_us":[42000,60000],"p99_us":[85000,110000],"hist":[0,0,0,0,0,1,1,3,11,10,4,81,24,4,0,0]}}
1791637912.345 {"t":"auth","node":25344,"up_ms":2641362,"enrolled":1,"required":1,"verified_peers":2,"verified":11,"cache_hits":2553,"refused":0,"rate_limited":0,"stale_epoch":0,"verify_us_max":83581,"link_stack_free_b":804,"crypto_stack_free_b":1220,"tags_ok":20214,"bad_tag":0,"replayed":0,"untagged":0,"bcast_dropped":0,"beacon_epoch_ignored":0,"tag_us_max":1221}
1791637912.345 {"t":"act","node":25344,"setpoint":0,"has_value":0,"writes_served":0}
1791637912.345 {"t":"peers","node":25344,"own_period_ms":100,"own_busy":0,"channel":1,"scanning":0,"scans":0,"hops":10,"found":0,"lost_to_found_ms":0,"moves_followed":0,"moves_refused":0,"sweeps":1,"sweep_found":0,"sweeping":0,"search_visits":1,"relay":0,"fwd_u":0,"fwd_b":0,"fwd_h":0,"relay_dup":24994,"list":[{"id":29544,"state":"alive","via_relay":0,"period_ms":100,"misses":6,"busy":1,"rtt_n":879},{"id":33120,"state":"alive","via_relay":0,"period_ms":100,"misses":6,"busy":0,"rtt_n":812},{"id":254,"state":"alive","via_relay":0,"period_ms":100,"misses":6,"busy":0,"rtt_n":139}]}
1791637912.748 {"t":"ss","node":25344,"accepted":0,"unsigned":0,"unknown_sender":0,"bad_signature":0,"replayed":0,"rate_limited":0,"verify_us_max":0,"floors":[]}
1791637912.748 {"t":"rec","node":25344,"up_ms":2641462,"settled":1,"sent":10552,"received":10526,"malformed":0,"views":20,"replies_fenced":0,"actors":[{"key":1245650351,"running":1,"term":9,"owner":25344,"owner_term":9,"assigned":254,"starts":1,"fenced":0,"released":0}]}
1791637912.748 {"t":"node","up_ms":2641488,"node":25344,"epoch":244,"peers_alive":3,"peers_dead":0,"no_radio":0,"free_dram":250183,"largest_block":172032,"rx":{"total":132309,"bad_frame":0,"unknown_peer":80,"wrong_dst":0,"short_payload":0,"unknown_opcode":0,"queue_dropped":50},"tx":{"total":51920,"enqueue_err":0,"done_queue_dropped":0},"membership":{"deaths":9,"revivals":5,"reboots_seen":4,"table_full":0,"events_dropped":0}}
1791637912.748 {"t":"ns","node":25344,"hash":2410274060,"owner":25344,"kind":"sampled","unit":100,"class":4,"bound_ms":0,"quality":"GOOD","age_ms":405,"ts":2641112,"updates":250,"value":244}
1791637912.748 {"t":"ns","node":25344,"hash":1274253983,"owner":25344,"kind":"sampled","unit":0,"class":4,"bound_ms":5000,"quality":"GOOD","age_ms":430,"ts":2641112,"updates":250,"value":-28}
1791637912.748 {"t":"ns","node":25344,"hash":3354298913,"owner":25344,"kind":"sampled","unit":100,"class":4,"bound_ms":5000,"quality":"GOOD","age_ms":445,"ts":2641112,"updates":250,"value":3}
1791637912.748 {"t":"ns","node":25344,"hash":1771187623,"owner":25344,"kind":"sampled","unit":101,"class":4,"bound_ms":30000,"quality":"GOOD","age_ms":460,"ts":2641112,"updates":250,"value":248899}
1791637912.748 {"t":"ns","node":25344,"hash":1245650351,"owner":25344,"kind":"sampled","unit":0,"class":3,"bound_ms":500,"quality":"GOOD","age_ms":17,"ts":2641569,"updates":26290,"value":1660970674}
1791637912.748 {"t":"ns","node":25344,"hash":2033492666,"owner":25344,"kind":"sampled","unit":0,"class":3,"bound_ms":0,"quality":"NO_DATA","age_ms":0,"ts":0,"updates":0,"value":null}
1791637912.748 {"t":"ns","node":25344,"hash":4103947588,"owner":25344,"kind":"sampled","unit":80,"class":4,"bound_ms":30000,"quality":"GOOD","age_ms":502,"ts":2641112,"updates":250,"value":2641}
1791637912.748 {"t":"ns","node":25344,"hash":1662441583,"owner":25344,"kind":"sampled","unit":101,"class":4,"bound_ms":30000,"quality":"GOOD","age_ms":516,"ts":2641112,"updates":250,"value":172032}
1791637922.880 {"t":"clk","node":25344,"up_ms":2651643}
1791637922.880 {"t":"led","node":25344,"shows":"green","app":0}
1791637922.880 {"t":"event","at_ms":2642189,"node":25344,"kind":"peer_admitted","peer":29544,"slot":0,"a":0,"b":0}
1791637922.880 {"t":"event","at_ms":2643013,"node":25344,"kind":"peer_admitted","peer":33120,"slot":1,"a":0,"b":0}
1791637922.880 {"t":"event","at_ms":2644190,"node":25344,"kind":"peer_admitted","peer":29544,"slot":0,"a":0,"b":0}
1791637922.880 {"t":"event","at_ms":2645013,"node":25344,"kind":"peer_admitted","peer":33120,"slot":1,"a":0,"b":0}
1791637922.880 {"t":"event","at_ms":2646189,"node":25344,"kind":"peer_admitted","peer":29544,"slot":0,"a":0,"b":0}
1791637922.880 {"t":"event","at_ms":2647013,"node":25344,"kind":"peer_admitted","peer":33120,"slot":1,"a":0,"b":0}
1791637922.880 {"t":"event","at_ms":2648189,"node":25344,"kind":"peer_admitted","peer":29544,"slot":0,"a":0,"b":0}
1791637922.880 {"t":"event","at_ms":2649013,"node":25344,"kind":"peer_admitted","peer":33120,"slot":1,"a":0,"b":0}
1791637922.880 {"t":"event","at_ms":2650189,"node":25344,"kind":"peer_admitted","peer":29544,"slot":0,"a":0,"b":0}
1791637922.880 {"t":"event","at_ms":2651013,"node":25344,"kind":"peer_admitted","peer":33120,"slot":1,"a":0,"b":0}
1791637922.880 {"t":"link","up_ms":2651728,"node":25344,"peer":29544,"mac":"b8:1f:3f:da:73:68","state":"alive","epoch":172,"espnow_ver":2,"mtu":1446,"misses":0,"rssi":-28,"tx":{"frames":9741,"cb_ok":9731,"cb_fail":10,"enqueue_err":0,"pdr_ppm":998973},"rx":{"frames":37779,"lost_seqgap":8,"reorder_dup":0,"dropped_bad":0,"hb_lost":90,"bcast_frames":26376,"pdr_ppm":999788},"rtt":{"samples":882,"min_us":5177,"max_us":54915,"timeouts":2,"txq_last_us":1097,"txq_max_us":42777,"remote_turnaround_us":786,"remote_turnaround_max_us":5222,"p50_us":[4000,6000],"p99_us":[22000,30000],"hist":[0,0,0,0,535,213,90,23,8,6,2,5,0,0,0,0]}}
1791637922.880 {"t":"link","up_ms":2651783,"node":25344,"peer":33120,"mac":"b8:1f:3f:da:81:60","state":"alive","epoch":293,"espnow_ver":2,"mtu":1446,"misses":0,"rssi":-21,"tx":{"frames":10154,"cb_ok":10084,"cb_fail":70,"enqueue_err":0,"pdr_ppm":993106},"rx":{"frames":35891,"lost_seqgap":1,"reorder_dup":0,"dropped_bad":0,"hb_lost":122,"bcast_frames":24340,"pdr_ppm":999972},"rtt":{"samples":816,"min_us":5640,"max_us":48794,"timeouts":66,"txq_last_us":2804,"txq_max_us":29961,"remote_turnaround_us":6083,"remote_turnaround_max_us":33351,"p50_us":[4000,6000],"p99_us":[22000,30000],"hist":[0,0,0,0,481,210,82,24,7,5,5,2,0,0,0,0]}}
1791637922.880 {"t":"link","up_ms":2651839,"node":25344,"peer":254,"mac":"02:00:00:00:00:fe","state":"alive","epoch":0,"espnow_ver":0,"mtu":226,"misses":0,"rssi":0,"tx":{"frames":4552,"cb_ok":0,"cb_fail":0,"enqueue_err":0,"pdr_ppm":null},"rx":{"frames":7101,"lost_seqgap":0,"reorder_dup":7053,"dropped_bad":0,"hb_lost":0,"bcast_frames":0,"pdr_ppm":1000000},"rtt":{"samples":142,"min_us":7169,"max_us":102972,"timeouts":739,"txq_last_us":0,"txq_max_us":0,"remote_turnaround_us":13,"remote_turnaround_max_us":46,"p50_us":[42000,60000],"p99_us":[85000,110000],"hist":[0,0,0,0,0,1,1,3,11,10,4,83,25,4,0,0]}}
1791637922.880 {"t":"auth","node":25344,"up_ms":2651893,"enrolled":1,"required":1,"verified_peers":2,"verified":11,"cache_hits":2563,"refused":0,"rate_limited":0,"stale_epoch":0,"verify_us_max":83581,"link_stack_free_b":804,"crypto_stack_free_b":1220,"tags_ok":20383,"bad_tag":0,"replayed":0,"untagged":0,"bcast_dropped":0,"beacon_epoch_ignored":0,"tag_us_max":1221}
1791637922.880 {"t":"act","node":25344,"setpoint":0,"has_value":0,"writes_served":0}
1791637922.880 {"t":"peers","node":25344,"own_period_ms":100,"own_busy":0,"channel":1,"scanning":0,"scans":0,"hops":10,"found":0,"lost_to_found_ms":0,"moves_followed":0,"moves_refused":0,"sweeps":1,"sweep_found":0,"sweeping":0,"search_visits":1,"relay":0,"fwd_u":0,"fwd_b":0,"fwd_h":0,"relay_dup":25103,"list":[{"id":29544,"state":"alive","via_relay":0,"period_ms":100,"misses":6,"busy":1,"rtt_n":882},{"id":33120,"state":"alive","via_relay":0,"period_ms":100,"misses":6,"busy":0,"rtt_n":816},{"id":254,"state":"alive","via_relay":0,"period_ms":100,"misses":6,"busy":0,"rtt_n":143}]}
1791637922.880 {"t":"ss","node":25344,"accepted":0,"unsigned":0,"unknown_sender":0,"bad_signature":0,"replayed":0,"rate_limited":0,"verify_us_max":0,"floors":[]}
1791637923.264 {"t":"rec","node":25344,"up_ms":2651990,"settled":1,"sent":10594,"received":10567,"malformed":0,"views":20,"replies_fenced":0,"actors":[{"key":1245650351,"running":1,"term":9,"owner":25344,"owner_term":9,"assigned":254,"starts":1,"fenced":0,"released":0}]}
1791637923.264 {"t":"node","up_ms":2652016,"node":25344,"epoch":244,"peers_alive":3,"peers_dead":0,"no_radio":0,"free_dram":250183,"largest_block":172032,"rx":{"total":133111,"bad_frame":0,"unknown_peer":80,"wrong_dst":0,"short_payload":0,"unknown_opcode":0,"queue_dropped":50},"tx":{"total":52298,"enqueue_err":0,"done_queue_dropped":0},"membership":{"deaths":9,"revivals":5,"reboots_seen":4,"table_full":0,"events_dropped":0}}
1791637923.264 {"t":"ns","node":25344,"hash":2410274060,"owner":25344,"kind":"sampled","unit":100,"class":4,"bound_ms":0,"quality":"GOOD","age_ms":400,"ts":2651645,"updates":251,"value":244}
1791637923.264 {"t":"ns","node":25344,"hash":1274253983,"owner":25344,"kind":"sampled","unit":0,"class":4,"bound_ms":5000,"quality":"GOOD","age_ms":415,"ts":2651645,"updates":251,"value":-28}
1791637923.264 {"t":"ns","node":25344,"hash":3354298913,"owner":25344,"kind":"sampled","unit":100,"class":4,"bound_ms":5000,"quality":"GOOD","age_ms":429,"ts":2651645,"updates":251,"value":3}
1791637923.264 {"t":"ns","node":25344,"hash":1771187623,"owner":25344,"kind":"sampled","unit":101,"class":4,"bound_ms":30000,"quality":"GOOD","age_ms":455,"ts":2651644,"updates":251,"value":248695}
1791637923.264 {"t":"ns","node":25344,"hash":1245650351,"owner":25344,"kind":"sampled","unit":0,"class":3,"bound_ms":500,"quality":"GOOD","age_ms":68,"ts":2652045,"updates":26394,"value":1660970778}
1791637923.264 {"t":"ns","node":25344,"hash":2033492666,"owner":25344,"kind":"sampled","unit":0,"class":3,"bound_ms":0,"quality":"NO_DATA","age_ms":0,"ts":0,"updates":0,"value":null}
1791637923.264 {"t":"ns","node":25344,"hash":4103947588,"owner":25344,"kind":"sampled","unit":80,"class":4,"bound_ms":30000,"quality":"GOOD","age_ms":496,"ts":2651645,"updates":251,"value":2651}
1791637923.264 {"t":"ns","node":25344,"hash":1662441583,"owner":25344,"kind":"sampled","unit":101,"class":4,"bound_ms":30000,"quality":"GOOD","age_ms":510,"ts":2651645,"updates":251,"value":172032}
1791637933.412 {"t":"clk","node":25344,"up_ms":2662170}
1791637933.412 {"t":"led","node":25344,"shows":"green","app":0}
1791637933.412 {"t":"event","at_ms":2652197,"node":25344,"kind":"peer_admitted","peer":29544,"slot":0,"a":0,"b":0}
1791637933.412 {"t":"event","at_ms":2653013,"node":25344,"kind":"peer_admitted","peer":33120,"slot":1,"a":0,"b":0}
1791637933.412 {"t":"event","at_ms":2654190,"node":25344,"kind":"peer_admitted","peer":29544,"slot":0,"a":0,"b":0}
1791637933.412 {"t":"event","at_ms":2655013,"node":25344,"kind":"peer_admitted","peer":33120,"slot":1,"a":0,"b":0}
1791637933.412 {"t":"event","at_ms":2656190,"node":25344,"kind":"peer_admitted","peer":29544,"slot":0,"a":0,"b":0}
1791637933.412 {"t":"event","at_ms":2657036,"node":25344,"kind":"peer_admitted","peer":33120,"slot":1,"a":0,"b":0}
1791637933.412 {"t":"event","at_ms":2658191,"node":25344,"kind":"peer_admitted","peer":29544,"slot":0,"a":0,"b":0}
1791637933.412 {"t":"event","at_ms":2659034,"node":25344,"kind":"peer_admitted","peer":33120,"slot":1,"a":0,"b":0}
1791637933.412 {"t":"event","at_ms":2660190,"node":25344,"kind":"peer_admitted","peer":29544,"slot":0,"a":0,"b":0}
1791637933.412 {"t":"event","at_ms":2661044,"node":25344,"kind":"peer_admitted","peer":33120,"slot":1,"a":0,"b":0}
1791637933.412 {"t":"event","at_ms":2662190,"node":25344,"kind":"peer_admitted","peer":29544,"slot":0,"a":0,"b":0}
1791637933.412 {"t":"link","up_ms":2662268,"node":25344,"peer":29544,"mac":"b8:1f:3f:da:73:68","state":"alive","epoch":172,"espnow_ver":2,"mtu":1446,"misses":0,"rssi":-28,"tx":{"frames":9770,"cb_ok":9760,"cb_fail":10,"enqueue_err":0,"pdr_ppm":998976},"rx":{"frames":37926,"lost_seqgap":8,"reorder_dup":0,"dropped_bad":0,"hb_lost":91,"bcast_frames":26481,"pdr_ppm":999789},"rtt":{"samples":886,"min_us":5177,"max_us":54915,"timeouts":2,"txq_last_us":11853,"txq_max_us":42777,"remote_turnaround_us":874,"remote_turnaround_max_us":5222,"p50_us":[4000,6000],"p99_us":[22000,30000],"hist":[0,0,0,0,538,213,90,24,8,6,2,5,0,0,0,0]}}
1791637933.412 {"t":"link","up_ms":2662322,"node":25344,"peer":33120,"mac":"b8:1f:3f:da:81:60","state":"alive","epoch":293,"espnow_ver":2,"mtu":1446,"misses":0,"rssi":-21,"tx":{"frames":10278,"cb_ok":10207,"cb_fail":70,"enqueue_err":0,"pdr_ppm":993188},"rx":{"frames":36131,"lost_seqgap":1,"reorder_dup":0,"dropped_bad":0,"hb_lost":122,"bcast_frames":24445,"pdr_ppm":999972},"rtt":{"samples":819,"min_us":5640,"max_us":48794,"timeouts":66,"txq_last_us":3149,"txq_max_us":29961,"remote_turnaround_us":976,"remote_turnaround_max_us":33351,"p50_us":[4000,6000],"p99_us":[22000,30000],"hist":[0,0,0,0,482,212,82,24,7,5,5,2,0,0,0,0]}}
1791637933.412 {"t":"link","up_ms":2662377,"node":25344,"peer":254,"mac":"02:00:00:00:00:fe","state":"alive","epoch":0,"espnow_ver":0,"mtu":226,"misses":0,"rssi":0,"tx":{"frames":4667,"cb_ok":0,"cb_fail":0,"enqueue_err":0,"pdr_ppm":null},"rx":{"frames":7299,"lost_seqgap":0,"reorder_dup":7251,"dropped_bad":0,"hb_lost":0,"bcast_frames":0,"pdr_ppm":1000000},"rtt":{"samples":146,"min_us":7169,"max_us":102972,"timeouts":739,"txq_last_us":0,"txq_max_us":0,"remote_turnaround_us":13,"remote_turnaround_max_us":46,"p50_us":[42000,60000],"p99_us":[85000,110000],"hist":[0,0,0,0,0,1,1,3,11,10,4,87,25,4,0,0]}}
1791637933.412 {"t":"auth","node":25344,"up_ms":2662431,"enrolled":1,"required":1,"verified_peers":2,"verified":11,"cache_hits":2574,"refused":0,"rate_limited":0,"stale_epoch":0,"verify_us_max":83581,"link_stack_free_b":804,"crypto_stack_free_b":1220,"tags_ok":20547,"bad_tag":0,"replayed":0,"untagged":0,"bcast_dropped":0,"beacon_epoch_ignored":0,"tag_us_max":1221}
1791637933.412 {"t":"act","node":25344,"setpoint":0,"has_value":0,"writes_served":0}
1791637933.412 {"t":"peers","node":25344,"own_period_ms":100,"own_busy":0,"channel":1,"scanning":0,"scans":0,"hops":10,"found":0,"lost_to_found_ms":0,"moves_followed":0,"moves_refused":0,"sweeps":1,"sweep_found":0,"sweeping":0,"search_visits":1,"relay":0,"fwd_u":0,"fwd_b":0,"fwd_h":0,"relay_dup":25211,"list":[{"id":29544,"state":"alive","via_relay":0,"period_ms":100,"misses":6,"busy":1,"rtt_n":886},{"id":33120,"state":"alive","via_relay":0,"period_ms":100,"misses":6,"busy":0,"rtt_n":819},{"id":254,"state":"alive","via_relay":0,"period_ms":100,"misses":6,"busy":0,"rtt_n":146}]}
1791637933.797 {"t":"ss","node":25344,"accepted":0,"unsigned":0,"unknown_sender":0,"bad_signature":0,"replayed":0,"rate_limited":0,"verify_us_max":0,"floors":[]}
1791637933.797 {"t":"rec","node":25344,"up_ms":2662529,"settled":1,"sent":10636,"received":10609,"malformed":0,"views":20,"replies_fenced":0,"actors":[{"key":1245650351,"running":1,"term":9,"owner":25344,"owner_term":9,"assigned":254,"starts":1,"fenced":0,"released":0}]}
1791637933.797 {"t":"node","up_ms":2662544,"node":25344,"epoch":244,"peers_alive":3,"peers_dead":0,"no_radio":0,"free_dram":250183,"largest_block":172032,"rx":{"total":133910,"bad_frame":0,"unknown_peer":80,"wrong_dst":0,"short_payload":0,"unknown_opcode":0,"queue_dropped":50},"tx":{"total":52676,"enqueue_err":0,"done_queue_dropped":0},"membership":{"deaths":9,"revivals":5,"reboots_seen":4,"table_full":0,"events_dropped":0}}
1791637933.797 {"t":"ns","node":25344,"hash":2410274060,"owner":25344,"kind":"sampled","unit":100,"class":4,"bound_ms":0,"quality":"GOOD","age_ms":412,"ts":2662172,"updates":252,"value":244}
1791637933.797 {"t":"ns","node":25344,"hash":1274253983,"owner":25344,"kind":"sampled","unit":0,"class":4,"bound_ms":5000,"quality":"GOOD","age_ms":426,"ts":2662172,"updates":252,"value":-28}
1791637933.797 {"t":"ns","node":25344,"hash":3354298913,"owner":25344,"kind":"sampled","unit":100,"class":4,"bound_ms":5000,"quality":"GOOD","age_ms":440,"ts":2662172,"updates":252,"value":3}
1791637933.797 {"t":"ns","node":25344,"hash":1771187623,"owner":25344,"kind":"sampled","unit":101,"class":4,"bound_ms":30000,"quality":"GOOD","age_ms":455,"ts":2662171,"updates":252,"value":250183}
1791637933.797 {"t":"ns","node":25344,"hash":1245650351,"owner":25344,"kind":"sampled","unit":0,"class":3,"bound_ms":500,"quality":"GOOD","age_ms":22,"ts":2662629,"updates":26499,"value":1660970883}
1791637933.797 {"t":"ns","node":25344,"hash":2033492666,"owner":25344,"kind":"sampled","unit":0,"class":3,"bound_ms":0,"quality":"NO_DATA","age_ms":0,"ts":0,"updates":0,"value":null}
1791637933.797 {"t":"ns","node":25344,"hash":4103947588,"owner":25344,"kind":"sampled","unit":80,"class":4,"bound_ms":30000,"quality":"GOOD","age_ms":509,"ts":2662171,"updates":252,"value":2662}
1791637933.797 {"t":"ns","node":25344,"hash":1662441583,"owner":25344,"kind":"sampled","unit":101,"class":4,"bound_ms":30000,"quality":"GOOD","age_ms":523,"ts":2662171,"updates":252,"value":172032}
1791637943.945 {"t":"clk","node":25344,"up_ms":2672709}
1791637943.945 {"t":"led","node":25344,"shows":"yellow","app":0}
1791637943.945 {"t":"event","at_ms":2663034,"node":25344,"kind":"peer_admitted","peer":33120,"slot":1,"a":0,"b":0}
1791637943.945 {"t":"event","at_ms":2664189,"node":25344,"kind":"peer_admitted","peer":29544,"slot":0,"a":0,"b":0}
1791637943.945 {"t":"event","at_ms":2665040,"node":25344,"kind":"peer_admitted","peer":33120,"slot":1,"a":0,"b":0}
1791637943.945 {"t":"event","at_ms":2666189,"node":25344,"kind":"peer_admitted","peer":29544,"slot":0,"a":0,"b":0}
1791637943.945 {"t":"event","at_ms":2667039,"node":25344,"kind":"peer_admitted","peer":33120,"slot":1,"a":0,"b":0}
1791637943.945 {"t":"event","at_ms":2668190,"node":25344,"kind":"peer_admitted","peer":29544,"slot":0,"a":0,"b":0}
1791637943.945 {"t":"event","at_ms":2669044,"node":25344,"kind":"peer_admitted","peer":33120,"slot":1,"a":0,"b":0}
1791637943.945 {"t":"event","at_ms":2670189,"node":25344,"kind":"peer_admitted","peer":29544,"slot":0,"a":0,"b":0}
1791637943.945 {"t":"event","at_ms":2671040,"node":25344,"kind":"peer_admitted","peer":33120,"slot":1,"a":0,"b":0}
1791637943.945 {"t":"event","at_ms":2672190,"node":25344,"kind":"peer_admitted","peer":29544,"slot":0,"a":0,"b":0}
1791637943.945 {"t":"link","up_ms":2672794,"node":25344,"peer":29544,"mac":"b8:1f:3f:da:73:68","state":"alive","epoch":172,"espnow_ver":2,"mtu":1446,"misses":0,"rssi":-28,"tx":{"frames":9797,"cb_ok":9787,"cb_fail":10,"enqueue_err":0,"pdr_ppm":998979},"rx":{"frames":38070,"lost_seqgap":8,"reorder_dup":0,"dropped_bad":0,"hb_lost":91,"bcast_frames":26586,"pdr_ppm":999789},"rtt":{"samples":889,"min_us":5177,"max_us":54915,"timeouts":2,"txq_last_us":2841,"txq_max_us":42777,"remote_turnaround_us":880,"remote_turnaround_max_us":5222,"p50_us":[4000,6000],"p99_us":[22000,30000],"hist":[0,0,0,0,540,213,90,24,9,6,2,5,0,0,0,0]}}
1791637943.945 {"t":"link","up_ms":2672848,"node":25344,"peer":33120,"mac":"b8:1f:3f:da:81:60","state":"alive","epoch":293,"espnow_ver":2,"mtu":1446,"misses":3,"rssi":-21,"tx":{"frames":10382,"cb_ok":10311,"cb_fail":71,"enqueue_err":0,"pdr_ppm":993161},"rx":{"frames":36345,"lost_seqgap":1,"reorder_dup":0,"dropped_bad":0,"hb_lost":124,"bcast_frames":24543,"pdr_ppm":999972},"rtt":{"samples":823,"min_us":5640,"max_us":48794,"timeouts":66,"txq_last_us":4897,"txq_max_us":29961,"remote_turnaround_us":966,"remote_turnaround_max_us":33351,"p50_us":[4000,6000],"p99_us":[22000,30000],"hist":[0,0,0,0,483,213,83,25,7,5,5,2,0,0,0,0]}}
1791637943.945 {"t":"link","up_ms":2672902,"node":25344,"peer":254,"mac":"02:00:00:00:00:fe","state":"alive","epoch":0,"espnow_ver":0,"mtu":226,"misses":0,"rssi":0,"tx":{"frames":4760,"cb_ok":0,"cb_fail":0,"enqueue_err":0,"pdr_ppm":null},"rx":{"frames":7475,"lost_seqgap":0,"reorder_dup":7427,"dropped_bad":0,"hb_lost":0,"bcast_frames":0,"pdr_ppm":1000000},"rtt":{"samples":149,"min_us":7169,"max_us":102972,"timeouts":739,"txq_last_us":0,"txq_max_us":0,"remote_turnaround_us":13,"remote_turnaround_max_us":46,"p50_us":[42000,60000],"p99_us":[85000,110000],"hist":[0,0,0,0,0,1,2,3,11,10,4,89,25,4,0,0]}}
1791637943.945 {"t":"auth","node":25344,"up_ms":2672956,"enrolled":1,"required":1,"verified_peers":2,"verified":11,"cache_hits":2584,"refused":0,"rate_limited":0,"stale_epoch":0,"verify_us_max":83581,"link_stack_free_b":804,"crypto_stack_free_b":1220,"tags_ok":20691,"bad_tag":0,"replayed":0,"untagged":0,"bcast_dropped":0,"beacon_epoch_ignored":0,"tag_us_max":1221}
1791637943.945 {"t":"act","node":25344,"setpoint":0,"has_value":0,"writes_served":0}
1791637943.945 {"t":"peers","node":25344,"own_period_ms":100,"own_busy":0,"channel":1,"scanning":0,"scans":0,"hops":10,"found":0,"lost_to_found_ms":0,"moves_followed":0,"moves_refused":0,"sweeps":1,"sweep_found":0,"sweeping":0,"search_visits":1,"relay":0,"fwd_u":0,"fwd_b":0,"fwd_h":0,"relay_dup":25309,"list":[{"id":29544,"state":"alive","via_relay":0,"period_ms":100,"misses":6,"busy":1,"rtt_n":889},{"id":33120,"state":"alive","via_relay":0,"period_ms":100,"misses":6,"busy":0,"rtt_n":823},{"id":254,"state":"alive","via_relay":0,"period_ms":100,"misses":6,"busy":0,"rtt_n":150}]}
1791637943.945 {"t":"ss","node":25344,"accepted":0,"unsigned":0,"unknown_sender":0,"bad_signature":0,"replayed":0,"rate_limited":0,"verify_us_max":0,"floors":[]}
1791637944.335 {"t":"rec","node":25344,"up_ms":2673052,"settled":1,"sent":10677,"received":10649,"malformed":0,"views":20,"replies_fenced":0,"actors":[{"key":1245650351,"running":1,"term":9,"owner":25344,"owner_term":9,"assigned":254,"starts":1,"fenced":0,"released":0}]}
1791637944.335 {"t":"node","up_ms":2673079,"node":25344,"epoch":244,"peers_alive":3,"peers_dead":0,"no_radio":0,"free_dram":250183,"largest_block":172032,"rx":{"total":134637,"bad_frame":0,"unknown_peer":80,"wrong_dst":0,"short_payload":0,"unknown_opcode":0,"queue_dropped":50},"tx":{"total":53007,"enqueue_err":0,"done_queue_dropped":0},"membership":{"deaths":9,"revivals":5,"reboots_seen":4,"table_full":0,"events_dropped":0}}
1791637944.335 {"t":"ns","node":25344,"hash":2410274060,"owner":25344,"kind":"sampled","unit":100,"class":4,"bound_ms":0,"quality":"GOOD","age_ms":408,"ts":2672711,"updates":253,"value":244}
1791637944.335 {"t":"ns","node":25344,"hash":1274253983,"owner":25344,"kind":"sampled","unit":0,"class":4,"bound_ms":5000,"quality":"GOOD","age_ms":422,"ts":2672711,"updates":253,"value":-28}
1791637944.335 W (2674318) pot.m0: peer 0x8160 declared DEAD after 6 misses (615 ms silent)
1791637944.335 {"t":"ns","node":25344,"hash":3354298913,"owner":25344,"kind":"sampled","unit":100,"class":4,"bound_ms":5000,"quality":"GOOD","age_ms":439,"ts":2672711,"updates":253,"value":3}
1791637944.335 {"t":"ns","node":25344,"hash":1771187623,"owner":25344,"kind":"sampled","unit":101,"class":4,"bound_ms":30000,"quality":"GOOD","age_ms":454,"ts":2672710,"updates":253,"value":250183}
1791637944.335 {"t":"ns","node":25344,"hash":1245650351,"owner":25344,"kind":"sampled","unit":0,"class":3,"bound_ms":500,"quality":"GOOD","age_ms":68,"ts":2673110,"updates":26603,"value":1660970987}
1791637944.335 {"t":"ns","node":25344,"hash":2033492666,"owner":25344,"kind":"sampled","unit":0,"class":3,"bound_ms":0,"quality":"NO_DATA","age_ms":0,"ts":0,"updates":0,"value":null}
1791637944.335 {"t":"ns","node":25344,"hash":4103947588,"owner":25344,"kind":"sampled","unit":80,"class":4,"bound_ms":30000,"quality":"GOOD","age_ms":506,"ts":2672711,"updates":253,"value":2672}
1791637944.335 {"t":"ns","node":25344,"hash":1662441583,"owner":25344,"kind":"sampled","unit":101,"class":4,"bound_ms":30000,"quality":"GOOD","age_ms":521,"ts":2672711,"updates":253,"value":172032}
1791637946.701 W (2676784) pot.m0: peer 0x8160 rebooted, epoch now 294
1791637954.483 {"t":"clk","node":25344,"up_ms":2683246}
1791637954.483 {"t":"led","node":25344,"shows":"green","app":0}
1791637954.483 {"t":"event","at_ms":2673134,"node":25344,"kind":"peer_dead","peer":33120,"slot":1,"a":6,"b":615}
1791637954.483 {"t":"event","at_ms":2674190,"node":25344,"kind":"peer_admitted","peer":29544,"slot":0,"a":0,"b":0}
1791637954.483 {"t":"event","at_ms":2675600,"node":25344,"kind":"peer_rebooted","peer":33120,"slot":1,"a":294,"b":0}
1791637954.483 {"t":"event","at_ms":2675603,"node":25344,"kind":"peer_admitted","peer":33120,"slot":1,"a":0,"b":0}
1791637954.483 {"t":"event","at_ms":2675605,"node":25344,"kind":"peer_admitted","peer":33120,"slot":1,"a":0,"b":0}
1791637954.483 {"t":"event","at_ms":2675607,"node":25344,"kind":"peer_admitted","peer":29544,"slot":0,"a":0,"b":0}
1791637954.483 {"t":"event","at_ms":2675673,"node":25344,"kind":"peer_admitted","peer":33120,"slot":1,"a":0,"b":0}
1791637954.483 {"t":"event","at_ms":2675756,"node":25344,"kind":"peer_admitted","peer":33120,"slot":1,"a":0,"b":0}
1791637954.483 {"t":"event","at_ms":2676190,"node":25344,"kind":"peer_admitted","peer":29544,"slot":0,"a":0,"b":0}
1791637954.483 {"t":"event","at_ms":2677520,"node":25344,"kind":"peer_admitted","peer":33120,"slot":1,"a":0,"b":0}
1791637954.483 {"t":"event","at_ms":2678190,"node":25344,"kind":"peer_admitted","peer":29544,"slot":0,"a":0,"b":0}
1791637954.483 {"t":"event","at_ms":2679520,"node":25344,"kind":"peer_admitted","peer":33120,"slot":1,"a":0,"b":0}
1791637954.483 {"t":"event","at_ms":2680190,"node":25344,"kind":"peer_admitted","peer":29544,"slot":0,"a":0,"b":0}
1791637954.483 {"t":"event","at_ms":2681520,"node":25344,"kind":"peer_admitted","peer":33120,"slot":1,"a":0,"b":0}
1791637954.483 {"t":"event","at_ms":2682190,"node":25344,"kind":"peer_admitted","peer":29544,"slot":0,"a":0,"b":0}
1791637954.483 {"t":"link","up_ms":2683385,"node":25344,"peer":29544,"mac":"b8:1f:3f:da:73:68","state":"alive","epoch":172,"espnow_ver":2,"mtu":1446,"misses":0,"rssi":-28,"tx":{"frames":9829,"cb_ok":9818,"cb_fail":10,"enqueue_err":0,"pdr_ppm":998982},"rx":{"frames":38224,"lost_seqgap":8,"reorder_dup":0,"dropped_bad":0,"hb_lost":91,"bcast_frames":26692,"pdr_ppm":999790},"rtt":{"samples":893,"min_us":5177,"max_us":54915,"timeouts":2,"txq_last_us":2754,"txq_max_us":42777,"remote_turnaround_us":932,"remote_turnaround_max_us":5222,"p50_us":[4000,6000],"p99_us":[22000,30000],"hist":[0,0,0,0,544,213,90,24,9,6,2,5,0,0,0,0]}}
1791637954.483 {"t":"link","up_ms":2683428,"node":25344,"peer":33120,"mac":"b8:1f:3f:da:81:60","state":"alive","epoch":294,"espnow_ver":2,"mtu":1446,"misses":0,"rssi":-21,"tx":{"frames":10411,"cb_ok":10339,"cb_fail":72,"enqueue_err":0,"pdr_ppm":993084},"rx":{"frames":36460,"lost_seqgap":1,"reorder_dup":0,"dropped_bad":0,"hb_lost":124,"bcast_frames":24620,"pdr_ppm":999972},"rtt":{"samples":825,"min_us":5640,"max_us":48794,"timeouts":66,"txq_last_us":4897,"txq_max_us":29961,"remote_turnaround_us":972,"remote_turnaround_max_us":33351,"p50_us":[4000,6000],"p99_us":[22000,30000],"hist":[0,0,0,0,485,213,83,25,7,5,5,2,0,0,0,0]}}
1791637954.483 {"t":"link","up_ms":2683482,"node":25344,"peer":254,"mac":"02:00:00:00:00:fe","state":"alive","epoch":0,"espnow_ver":0,"mtu":226,"misses":0,"rssi":0,"tx":{"frames":4785,"cb_ok":0,"cb_fail":0,"enqueue_err":0,"pdr_ppm":null},"rx":{"frames":7581,"lost_seqgap":0,"reorder_dup":7533,"dropped_bad":0,"hb_lost":0,"bcast_frames":0,"pdr_ppm":1000000},"rtt":{"samples":153,"min_us":7169,"max_us":102972,"timeouts":739,"txq_last_us":0,"txq_max_us":0,"remote_turnaround_us":12,"remote_turnaround_max_us":46,"p50_us":[42000,60000],"p99_us":[85000,110000],"hist":[0,0,0,0,0,1,2,3,11,10,4,93,25,4,0,0]}}
1791637954.483 {"t":"auth","node":25344,"up_ms":2683537,"enrolled":1,"required":1,"verified_peers":2,"verified":12,"cache_hits":2597,"refused":0,"rate_limited":0,"stale_epoch":0,"verify_us_max":83581,"link_stack_free_b":804,"crypto_stack_free_b":1220,"tags_ok":20766,"bad_tag":0,"replayed":0,"untagged":0,"bcast_dropped":0,"beacon_epoch_ignored":0,"tag_us_max":1221}
1791637954.483 {"t":"act","node":25344,"setpoint":0,"has_value":0,"writes_served":0}
1791637954.910 {"t":"peers","node":25344,"own_period_ms":100,"own_busy":0,"channel":1,"scanning":0,"scans":0,"hops":10,"found":0,"lost_to_found_ms":0,"moves_followed":0,"moves_refused":0,"sweeps":1,"sweep_found":0,"sweeping":0,"search_visits":1,"relay":0,"fwd_u":0,"fwd_b":0,"fwd_h":0,"relay_dup":25394,"list":[{"id":29544,"state":"alive","via_relay":0,"period_ms":100,"misses":6,"busy":1,"rtt_n":893},{"id":33120,"state":"alive","via_relay":0,"period_ms":100,"misses":6,"busy":0,"rtt_n":825},{"id":254,"state":"alive","via_relay":0,"period_ms":100,"misses":6,"busy":0,"rtt_n":153}]}
1791637954.910 {"t":"ss","node":25344,"accepted":0,"unsigned":0,"unknown_sender":0,"bad_signature":0,"replayed":0,"rate_limited":0,"verify_us_max":0,"floors":[]}
1791637954.910 {"t":"rec","node":25344,"up_ms":2683633,"settled":1,"sent":10720,"received":10693,"malformed":0,"views":22,"replies_fenced":0,"actors":[{"key":1245650351,"running":1,"term":9,"owner":25344,"owner_term":9,"assigned":254,"starts":1,"fenced":0,"released":0}]}
1791637954.910 {"t":"node","up_ms":2683659,"node":25344,"epoch":244,"peers_alive":3,"peers_dead":0,"no_radio":0,"free_dram":250183,"largest_block":172032,"rx":{"total":135216,"bad_frame":0,"unknown_peer":80,"wrong_dst":0,"short_payload":0,"unknown_opcode":0,"queue_dropped":50},"tx":{"total":53206,"enqueue_err":0,"done_queue_dropped":0},"membership":{"deaths":10,"revivals":5,"reboots_seen":5,"table_full":0,"events_dropped":0}}
1791637954.910 {"t":"ns","node":25344,"hash":2410274060,"owner":25344,"kind":"sampled","unit":100,"class":4,"bound_ms":0,"quality":"GOOD","age_ms":451,"ts":2683248,"updates":254,"value":244}
1791637954.910 {"t":"ns","node":25344,"hash":1274253983,"owner":25344,"kind":"sampled","unit":0,"class":4,"bound_ms":5000,"quality":"GOOD","age_ms":465,"ts":2683248,"updates":254,"value":-28}
1791637954.910 {"t":"ns","node":25344,"hash":3354298913,"owner":25344,"kind":"sampled","unit":100,"class":4,"bound_ms":5000,"quality":"GOOD","age_ms":479,"ts":2683248,"updates":254,"value":3}
1791637954.910 {"t":"ns","node":25344,"hash":1771187623,"owner":25344,"kind":"sampled","unit":101,"class":4,"bound_ms":30000,"quality":"GOOD","age_ms":494,"ts":2683247,"updates":254,"value":250183}
1791637954.910 {"t":"ns","node":25344,"hash":1245650351,"owner":25344,"kind":"sampled","unit":0,"class":3,"bound_ms":500,"quality":"GOOD","age_ms":22,"ts":2683733,"updates":26709,"value":1660971093}
1791637954.910 {"t":"ns","node":25344,"hash":2033492666,"owner":25344,"kind":"sampled","unit":0,"class":3,"bound_ms":0,"quality":"NO_DATA","age_ms":0,"ts":0,"updates":0,"value":null}
1791637954.910 {"t":"ns","node":25344,"hash":4103947588,"owner":25344,"kind":"sampled","unit":80,"class":4,"bound_ms":30000,"quality":"GOOD","age_ms":536,"ts":2683247,"updates":254,"value":2683}
1791637954.910 {"t":"ns","node":25344,"hash":1662441583,"owner":25344,"kind":"sampled","unit":101,"class":4,"bound_ms":30000,"quality":"GOOD","age_ms":562,"ts":2683247,"updates":254,"value":172032}
1791637958.793 I (2688886) pot.m0: fw: begin counter 5, 848272 B: ok
1791637965.079 {"t":"clk","node":25344,"up_ms":2693838}
1791637965.079 {"t":"led","node":25344,"shows":"green","app":0}
1791637965.079 {"t":"event","at_ms":2683520,"node":25344,"kind":"peer_admitted","peer":33120,"slot":1,"a":0,"b":0}
1791637965.079 {"t":"event","at_ms":2684190,"node":25344,"kind":"peer_admitted","peer":29544,"slot":0,"a":0,"b":0}
1791637965.079 {"t":"event","at_ms":2685520,"node":25344,"kind":"peer_admitted","peer":33120,"slot":1,"a":0,"b":0}
1791637965.079 {"t":"event","at_ms":2686190,"node":25344,"kind":"peer_admitted","peer":29544,"slot":0,"a":0,"b":0}
1791637965.079 {"t":"event","at_ms":2687520,"node":25344,"kind":"peer_admitted","peer":33120,"slot":1,"a":0,"b":0}
1791637965.079 {"t":"event","at_ms":2688192,"node":25344,"kind":"peer_admitted","peer":29544,"slot":0,"a":0,"b":0}
1791637965.079 {"t":"event","at_ms":2689520,"node":25344,"kind":"peer_admitted","peer":33120,"slot":1,"a":0,"b":0}
1791637965.079 {"t":"event","at_ms":2690190,"node":25344,"kind":"peer_admitted","peer":29544,"slot":0,"a":0,"b":0}
1791637965.079 {"t":"event","at_ms":2691520,"node":25344,"kind":"peer_admitted","peer":33120,"slot":1,"a":0,"b":0}
1791637965.079 {"t":"event","at_ms":2692191,"node":25344,"kind":"peer_admitted","peer":29544,"slot":0,"a":0,"b":0}
1791637965.079 {"t":"event","at_ms":2693520,"node":25344,"kind":"peer_admitted","peer":33120,"slot":1,"a":0,"b":0}
1791637965.079 {"t":"link","up_ms":2693937,"node":25344,"peer":29544,"mac":"b8:1f:3f:da:73:68","state":"alive","epoch":172,"espnow_ver":2,"mtu":1446,"misses":0,"rssi":-28,"tx":{"frames":9855,"cb_ok":9845,"cb_fail":10,"enqueue_err":0,"pdr_ppm":998985},"rx":{"frames":38369,"lost_seqgap":8,"reorder_dup":0,"dropped_bad":0,"hb_lost":91,"bcast_frames":26797,"pdr_ppm":999791},"rtt":{"samples":896,"min_us":5177,"max_us":54915,"timeouts":2,"txq_last_us":2754,"txq_max_us":42777,"remote_turnaround_us":847,"remote_turnaround_max_us":5222,"p50_us":[4000,6000],"p99_us":[22000,30000],"hist":[0,0,0,0,546,213,90,24,9,7,2,5,0,0,0,0]}}
1791637965.079 {"t":"link","up_ms":2693992,"node":25344,"peer":33120,"mac":"b8:1f:3f:da:81:60","state":"alive","epoch":294,"espnow_ver":2,"mtu":1446,"misses":0,"rssi":-21,"tx":{"frames":10443,"cb_ok":10371,"cb_fail":72,"enqueue_err":0,"pdr_ppm":993105},"rx":{"frames":36611,"lost_seqgap":1,"reorder_dup":0,"dropped_bad":0,"hb_lost":124,"bcast_frames":24726,"pdr_ppm":999972},"rtt":{"samples":829,"min_us":5640,"max_us":48794,"timeouts":66,"txq_last_us":2825,"txq_max_us":29961,"remote_turnaround_us":979,"remote_turnaround_max_us":33351,"p50_us":[4000,6000],"p99_us":[22000,30000],"hist":[0,0,0,0,487,215,83,25,7,5,5,2,0,0,0,0]}}
1791637965.079 {"t":"link","up_ms":2694046,"node":25344,"peer":254,"mac":"02:00:00:00:00:fe","state":"alive","epoch":0,"espnow_ver":0,"mtu":226,"misses":0,"rssi":0,"tx":{"frames":4866,"cb_ok":0,"cb_fail":0,"enqueue_err":0,"pdr_ppm":null},"rx":{"frames":7746,"lost_seqgap":0,"reorder_dup":7698,"dropped_bad":0,"hb_lost":0,"bcast_frames":0,"pdr_ppm":1000000},"rtt":{"samples":157,"min_us":7169,"max_us":102972,"timeouts":739,"txq_last_us":0,"txq_max_us":0,"remote_turnaround_us":13,"remote_turnaround_max_us":46,"p50_us":[42000,60000],"p99_us":[85000,110000],"hist":[0,0,0,0,0,1,2,3,11,10,4,95,25,6,0,0]}}
1791637965.079 {"t":"auth","node":25344,"up_ms":2694100,"enrolled":1,"required":1,"verified_peers":2,"verified":12,"cache_hits":2607,"refused":0,"rate_limited":0,"stale_epoch":0,"verify_us_max":83581,"link_stack_free_b":804,"crypto_stack_free_b":1220,"tags_ok":20840,"bad_tag":0,"replayed":0,"untagged":0,"bcast_dropped":0,"beacon_epoch_ignored":0,"tag_us_max":1221}
1791637965.079 {"t":"act","node":25344,"setpoint":0,"has_value":0,"writes_served":0}
1791637965.079 {"t":"peers","node":25344,"own_period_ms":100,"own_busy":0,"channel":1,"scanning":0,"scans":0,"hops":10,"found":0,"lost_to_found_ms":0,"moves_followed":0,"moves_refused":0,"sweeps":1,"sweep_found":0,"sweeping":0,"search_visits":1,"relay":0,"fwd_u":0,"fwd_b":0,"fwd_h":0,"relay_dup":25504,"list":[{"id":29544,"state":"alive","via_relay":0,"period_ms":100,"misses":6,"busy":1,"rtt_n":896},{"id":33120,"state":"alive","via_relay":0,"period_ms":100,"misses":6,"busy":0,"rtt_n":829},{"id":254,"state":"alive","via_relay":0,"period_ms":100,"misses":6,"busy":0,"rtt_n":157}]}
1791637965.499 {"t":"ss","node":25344,"accepted":0,"unsigned":0,"unknown_sender":0,"bad_signature":0,"replayed":0,"rate_limited":0,"verify_us_max":0,"floors":[]}
1791637965.499 {"t":"rec","node":25344,"up_ms":2694197,"settled":1,"sent":10762,"received":10735,"malformed":0,"views":22,"replies_fenced":0,"actors":[{"key":1245650351,"running":1,"term":9,"owner":25344,"owner_term":9,"assigned":254,"starts":1,"fenced":0,"released":0}]}
1791637965.499 {"t":"node","up_ms":2694223,"node":25344,"epoch":244,"peers_alive":3,"peers_dead":0,"no_radio":0,"free_dram":250127,"largest_block":172032,"rx":{"total":135896,"bad_frame":0,"unknown_peer":80,"wrong_dst":0,"short_payload":0,"unknown_opcode":0,"queue_dropped":50},"tx":{"total":53456,"enqueue_err":0,"done_queue_dropped":0},"membership":{"deaths":10,"revivals":5,"reboots_seen":5,"table_full":0,"events_dropped":0}}
1791637965.499 {"t":"ns","node":25344,"hash":2410274060,"owner":25344,"kind":"sampled","unit":100,"class":4,"bound_ms":0,"quality":"GOOD","age_ms":433,"ts":2693845,"updates":255,"value":244}
1791637965.499 {"t":"ns","node":25344,"hash":1274253983,"owner":25344,"kind":"sampled","unit":0,"class":4,"bound_ms":5000,"quality":"GOOD","age_ms":447,"ts":2693845,"updates":255,"value":-28}
1791637965.499 {"t":"ns","node":25344,"hash":3354298913,"owner":25344,"kind":"sampled","unit":100,"class":4,"bound_ms":5000,"quality":"GOOD","age_ms":461,"ts":2693845,"updates":255,"value":3}
1791637965.499 {"t":"ns","node":25344,"hash":1771187623,"owner":25344,"kind":"sampled","unit":101,"class":4,"bound_ms":30000,"quality":"GOOD","age_ms":475,"ts":2693845,"updates":255,"value":250127}
1791637965.499 {"t":"ns","node":25344,"hash":1245650351,"owner":25344,"kind":"sampled","unit":0,"class":3,"bound_ms":500,"quality":"GOOD","age_ms":57,"ts":2694278,"updates":26811,"value":1660971195}
1791637965.499 {"t":"ns","node":25344,"hash":2033492666,"owner":25344,"kind":"sampled","unit":0,"class":3,"bound_ms":0,"quality":"NO_DATA","age_ms":0,"ts":0,"updates":0,"value":null}
1791637965.499 {"t":"ns","node":25344,"hash":4103947588,"owner":25344,"kind":"sampled","unit":80,"class":4,"bound_ms":30000,"quality":"GOOD","age_ms":519,"ts":2693845,"updates":255,"value":2693}
1791637965.499 {"t":"ns","node":25344,"hash":1662441583,"owner":25344,"kind":"sampled","unit":101,"class":4,"bound_ms":30000,"quality":"GOOD","age_ms":534,"ts":2693845,"updates":255,"value":172032}
1791637975.667 {"t":"clk","node":25344,"up_ms":2704404}
1791637975.667 {"t":"led","node":25344,"shows":"green","app":0}
1791637975.667 {"t":"event","at_ms":2694190,"node":25344,"kind":"peer_admitted","peer":29544,"slot":0,"a":0,"b":0}
1791637975.667 {"t":"event","at_ms":2695520,"node":25344,"kind":"peer_admitted","peer":33120,"slot":1,"a":0,"b":0}
1791637975.667 {"t":"event","at_ms":2696190,"node":25344,"kind":"peer_admitted","peer":29544,"slot":0,"a":0,"b":0}
1791637975.667 {"t":"event","at_ms":2697522,"node":25344,"kind":"peer_admitted","peer":33120,"slot":1,"a":0,"b":0}
1791637975.667 {"t":"event","at_ms":2698190,"node":25344,"kind":"peer_admitted","peer":29544,"slot":0,"a":0,"b":0}
1791637975.667 {"t":"event","at_ms":2699520,"node":25344,"kind":"peer_admitted","peer":33120,"slot":1,"a":0,"b":0}
1791637975.667 {"t":"event","at_ms":2700190,"node":25344,"kind":"peer_admitted","peer":29544,"slot":0,"a":0,"b":0}
1791637975.667 {"t":"event","at_ms":2701520,"node":25344,"kind":"peer_admitted","peer":33120,"slot":1,"a":0,"b":0}
1791637975.667 {"t":"event","at_ms":2702190,"node":25344,"kind":"peer_admitted","peer":29544,"slot":0,"a":0,"b":0}
1791637975.667 {"t":"event","at_ms":2703521,"node":25344,"kind":"peer_admitted","peer":33120,"slot":1,"a":0,"b":0}
1791637975.667 {"t":"event","at_ms":2704191,"node":25344,"kind":"peer_admitted","peer":29544,"slot":0,"a":0,"b":0}
1791637975.667 {"t":"link","up_ms":2704506,"node":25344,"peer":29544,"mac":"b8:1f:3f:da:73:68","state":"alive","epoch":172,"espnow_ver":2,"mtu":1446,"misses":0,"rssi":-28,"tx":{"frames":9884,"cb_ok":9874,"cb_fail":10,"enqueue_err":0,"pdr_ppm":998988},"rx":{"frames":38517,"lost_seqgap":8,"reorder_dup":0,"dropped_bad":0,"hb_lost":91,"bcast_frames":26903,"pdr_ppm":999792},"rtt":{"samples":900,"min_us":5177,"max_us":54915,"timeouts":2,"txq_last_us":2762,"txq_max_us":42777,"remote_turnaround_us":882,"remote_turnaround_max_us":5222,"p50_us":[4000,6000],"p99_us":[22000,30000],"hist":[0,0,0,0,550,213,90,24,9,7,2,5,0,0,0,0]}}
1791637975.667 {"t":"link","up_ms":2704560,"node":25344,"peer":33120,"mac":"b8:1f:3f:da:81:60","state":"alive","epoch":294,"espnow_ver":2,"mtu":1446,"misses":0,"rssi":-21,"tx":{"frames":10470,"cb_ok":10398,"cb_fail":72,"enqueue_err":0,"pdr_ppm":993123},"rx":{"frames":36757,"lost_seqgap":1,"reorder_dup":0,"dropped_bad":0,"hb_lost":124,"bcast_frames":24832,"pdr_ppm":999972},"rtt":{"samples":832,"min_us":5640,"max_us":48794,"timeouts":66,"txq_last_us":4096,"txq_max_us":29961,"remote_turnaround_us":983,"remote_turnaround_max_us":33351,"p50_us":[4000,6000],"p99_us":[22000,30000],"hist":[0,0,0,0,487,218,83,25,7,5,5,2,0,0,0,0]}}
1791637975.667 {"t":"link","up_ms":2704608,"node":25344,"peer":254,"mac":"02:00:00:00:00:fe","state":"alive","epoch":0,"espnow_ver":0,"mtu":226,"misses":0,"rssi":0,"tx":{"frames":4979,"cb_ok":0,"cb_fail":0,"enqueue_err":0,"pdr_ppm":null},"rx":{"frames":7943,"lost_seqgap":0,"reorder_dup":7895,"dropped_bad":0,"hb_lost":0,"bcast_frames":0,"pdr_ppm":1000000},"rtt":{"samples":160,"min_us":7169,"max_us":102972,"timeouts":739,"txq_last_us":0,"txq_max_us":0,"remote_turnaround_us":14,"remote_turnaround_max_us":46,"p50_us":[42000,60000],"p99_us":[85000,110000],"hist":[0,0,0,0,0,1,2,3,11,10,4,97,26,6,0,0]}}
1791637975.667 {"t":"auth","node":25344,"up_ms":2704663,"enrolled":1,"required":1,"verified_peers":2,"verified":12,"cache_hits":2618,"refused":0,"rate_limited":0,"stale_epoch":0,"verify_us_max":83581,"link_stack_free_b":804,"crypto_stack_free_b":1220,"tags_ok":20909,"bad_tag":0,"replayed":0,"untagged":0,"bcast_dropped":0,"beacon_epoch_ignored":0,"tag_us_max":1221}
1791637975.667 {"t":"act","node":25344,"setpoint":0,"has_value":0,"writes_served":0}
1791637975.667 {"t":"peers","node":25344,"own_period_ms":100,"own_busy":0,"channel":1,"scanning":0,"scans":0,"hops":10,"found":0,"lost_to_found_ms":0,"moves_followed":0,"moves_refused":0,"sweeps":1,"sweep_found":0,"sweeping":0,"search_visits":1,"relay":0,"fwd_u":0,"fwd_b":0,"fwd_h":0,"relay_dup":25614,"list":[{"id":29544,"state":"alive","via_relay":0,"period_ms":100,"misses":6,"busy":1,"rtt_n":900},{"id":33120,"state":"alive","via_relay":0,"period_ms":100,"misses":6,"busy":0,"rtt_n":832},{"id":254,"state":"alive","via_relay":0,"period_ms":100,"misses":6,"busy":0,"rtt_n":160}]}
1791637976.070 {"t":"ss","node":25344,"accepted":0,"unsigned":0,"unknown_sender":0,"bad_signature":0,"replayed":0,"rate_limited":0,"verify_us_max":0,"floors":[]}
1791637976.070 {"t":"rec","node":25344,"up_ms":2704793,"settled":1,"sent":10803,"received":10777,"malformed":0,"views":22,"replies_fenced":0,"actors":[{"key":1245650351,"running":1,"term":9,"owner":25344,"owner_term":9,"assigned":254,"starts":1,"fenced":0,"released":0}]}
1791637976.070 {"t":"node","up_ms":2704808,"node":25344,"epoch":244,"peers_alive":3,"peers_dead":0,"no_radio":0,"free_dram":250127,"largest_block":172032,"rx":{"total":136606,"bad_frame":0,"unknown_peer":80,"wrong_dst":0,"short_payload":0,"unknown_opcode":0,"queue_dropped":50},"tx":{"total":53736,"enqueue_err":0,"done_queue_dropped":0},"membership":{"deaths":10,"revivals":5,"reboots_seen":5,"table_full":0,"events_dropped":0}}
1791637976.070 {"t":"ns","node":25344,"hash":2410274060,"owner":25344,"kind":"sampled","unit":100,"class":4,"bound_ms":0,"quality":"GOOD","age_ms":442,"ts":2704406,"updates":256,"value":244}
1791637976.070 {"t":"ns","node":25344,"hash":1274253983,"owner":25344,"kind":"sampled","unit":0,"class":4,"bound_ms":5000,"quality":"GOOD","age_ms":456,"ts":2704406,"updates":256,"value":-28}
1791637976.070 {"t":"ns","node":25344,"hash":3354298913,"owner":25344,"kind":"sampled","unit":100,"class":4,"bound_ms":5000,"quality":"GOOD","age_ms":470,"ts":2704406,"updates":256,"value":3}
1791637976.070 {"t":"ns","node":25344,"hash":1771187623,"owner":25344,"kind":"sampled","unit":101,"class":4,"bound_ms":30000,"quality":"GOOD","age_ms":485,"ts":2704405,"updates":256,"value":250127}
1791637976.070 {"t":"ns","node":25344,"hash":1245650351,"owner":25344,"kind":"sampled","unit":0,"class":3,"bound_ms":500,"quality":"GOOD","age_ms":97,"ts":2704811,"updates":26910,"value":1660971294}
1791637976.070 {"t":"ns","node":25344,"hash":2033492666,"owner":25344,"kind":"sampled","unit":0,"class":3,"bound_ms":0,"quality":"NO_DATA","age_ms":0,"ts":0,"updates":0,"value":null}
1791637976.070 {"t":"ns","node":25344,"hash":4103947588,"owner":25344,"kind":"sampled","unit":80,"class":4,"bound_ms":30000,"quality":"GOOD","age_ms":532,"ts":2704405,"updates":256,"value":2704}
1791637976.070 {"t":"ns","node":25344,"hash":1662441583,"owner":25344,"kind":"sampled","unit":101,"class":4,"bound_ms":30000,"quality":"GOOD","age_ms":547,"ts":2704405,"updates":256,"value":172032}
1791637986.252 {"t":"clk","node":25344,"up_ms":2714979}
1791637986.252 {"t":"led","node":25344,"shows":"green","app":0}
1791637986.252 {"t":"event","at_ms":2705520,"node":25344,"kind":"peer_admitted","peer":33120,"slot":1,"a":0,"b":0}
1791637986.252 {"t":"event","at_ms":2706190,"node":25344,"kind":"peer_admitted","peer":29544,"slot":0,"a":0,"b":0}
1791637986.252 {"t":"event","at_ms":2707522,"node":25344,"kind":"peer_admitted","peer":33120,"slot":1,"a":0,"b":0}
1791637986.252 {"t":"event","at_ms":2708192,"node":25344,"kind":"peer_admitted","peer":29544,"slot":0,"a":0,"b":0}
1791637986.252 {"t":"event","at_ms":2709520,"node":25344,"kind":"peer_admitted","peer":33120,"slot":1,"a":0,"b":0}
1791637986.252 {"t":"event","at_ms":2710190,"node":25344,"kind":"peer_admitted","peer":29544,"slot":0,"a":0,"b":0}
1791637986.252 {"t":"event","at_ms":2711520,"node":25344,"kind":"peer_admitted","peer":33120,"slot":1,"a":0,"b":0}
1791637986.252 {"t":"event","at_ms":2712190,"node":25344,"kind":"peer_admitted","peer":29544,"slot":0,"a":0,"b":0}
1791637986.252 {"t":"event","at_ms":2713520,"node":25344,"kind":"peer_admitted","peer":33120,"slot":1,"a":0,"b":0}
1791637986.252 {"t":"event","at_ms":2714190,"node":25344,"kind":"peer_admitted","peer":29544,"slot":0,"a":0,"b":0}
1791637986.252 {"t":"link","up_ms":2715065,"node":25344,"peer":29544,"mac":"b8:1f:3f:da:73:68","state":"alive","epoch":172,"espnow_ver":2,"mtu":1446,"misses":0,"rssi":-28,"tx":{"frames":9910,"cb_ok":9900,"cb_fail":10,"enqueue_err":0,"pdr_ppm":998990},"rx":{"frames":38660,"lost_seqgap":8,"reorder_dup":0,"dropped_bad":0,"hb_lost":93,"bcast_frames":27007,"pdr_ppm":999793},"rtt":{"samples":903,"min_us":5177,"max_us":54915,"timeouts":2,"txq_last_us":2856,"txq_max_us":42777,"remote_turnaround_us":890,"remote_turnaround_max_us":5222,"p50_us":[4000,6000],"p99_us":[22000,30000],"hist":[0,0,0,0,552,214,90,24,9,7,2,5,0,0,0,0]}}
1791637986.252 {"t":"link","up_ms":2715119,"node":25344,"peer":33120,"mac":"b8:1f:3f:da:81:60","state":"alive","epoch":294,"espnow_ver":2,"mtu":1446,"misses":0,"rssi":-21,"tx":{"frames":10497,"cb_ok":10425,"cb_fail":72,"enqueue_err":0,"pdr_ppm":993140},"rx":{"frames":36902,"lost_seqgap":1,"reorder_dup":0,"dropped_bad":0,"hb_lost":124,"bcast_frames":24937,"pdr_ppm":999972},"rtt":{"samples":836,"min_us":5640,"max_us":48794,"timeouts":66,"txq_last_us":3286,"txq_max_us":29961,"remote_turnaround_us":970,"remote_turnaround_max_us":33351,"p50_us":[4000,6000],"p99_us":[22000,30000],"hist":[0,0,0,0,489,219,84,25,7,5,5,2,0,0,0,0]}}
1791637986.252 {"t":"link","up_ms":2715212,"node":25344,"peer":254,"mac":"02:00:00:00:00:fe","state":"alive","epoch":0,"espnow_ver":0,"mtu":226,"misses":0,"rssi":0,"tx":{"frames":5094,"cb_ok":0,"cb_fail":0,"enqueue_err":0,"pdr_ppm":null},"rx":{"frames":8142,"lost_seqgap":0,"reorder_dup":8094,"dropped_bad":0,"hb_lost":0,"bcast_frames":0,"pdr_ppm":1000000},"rtt":{"samples":164,"min_us":7169,"max_us":102972,"timeouts":739,"txq_last_us":0,"txq_max_us":0,"remote_turnaround_us":13,"remote_turnaround_max_us":46,"p50_us":[42000,60000],"p99_us":[85000,110000],"hist":[0,0,0,0,0,1,2,3,11,10,4,100,27,6,0,0]}}
1791637986.252 {"t":"auth","node":25344,"up_ms":2715258,"enrolled":1,"required":1,"verified_peers":2,"verified":12,"cache_hits":2628,"refused":0,"rate_limited":0,"stale_epoch":0,"verify_us_max":83581,"link_stack_free_b":804,"crypto_stack_free_b":1220,"tags_ok":20979,"bad_tag":0,"replayed":0,"untagged":0,"bcast_dropped":0,"beacon_epoch_ignored":0,"tag_us_max":1221}
1791637986.252 {"t":"act","node":25344,"setpoint":0,"has_value":0,"writes_served":0}
1791637986.252 {"t":"peers","node":25344,"own_period_ms":100,"own_busy":0,"channel":1,"scanning":0,"scans":0,"hops":10,"found":0,"lost_to_found_ms":0,"moves_followed":0,"moves_refused":0,"sweeps":1,"sweep_found":0,"sweeping":0,"search_visits":1,"relay":0,"fwd_u":0,"fwd_b":0,"fwd_h":0,"relay_dup":25723,"list":[{"id":29544,"state":"alive","via_relay":0,"period_ms":100,"misses":6,"busy":1,"rtt_n":903},{"id":33120,"state":"alive","via_relay":0,"period_ms":100,"misses":6,"busy":0,"rtt_n":836},{"id":254,"state":"alive","via_relay":0,"period_ms":100,"misses":6,"busy":0,"rtt_n":164}]}
1791637986.252 {"t":"ss","node":25344,"accepted":0,"unsigned":0,"unknown_sender":0,"bad_signature":0,"replayed":0,"rate_limited":0,"verify_us_max":0,"floors":[]}
1791637986.638 {"t":"rec","node":25344,"up_ms":2715357,"settled":1,"sent":10843,"received":10819,"malformed":0,"views":22,"replies_fenced":0,"actors":[{"key":1245650351,"running":1,"term":9,"owner":25344,"owner_term":9,"assigned":254,"starts":1,"fenced":0,"released":0}]}
1791637986.638 {"t":"node","up_ms":2715383,"node":25344,"epoch":244,"peers_alive":3,"peers_dead":0,"no_radio":0,"free_dram":250127,"largest_block":172032,"rx":{"total":137313,"bad_frame":0,"unknown_peer":80,"wrong_dst":0,"short_payload":0,"unknown_opcode":0,"queue_dropped":50},"tx":{"total":54016,"enqueue_err":0,"done_queue_dropped":0},"membership":{"deaths":10,"revivals":5,"reboots_seen":5,"table_full":0,"events_dropped":0}}
1791637986.638 {"t":"ns","node":25344,"hash":2410274060,"owner":25344,"kind":"sampled","unit":100,"class":4,"bound_ms":0,"quality":"GOOD","age_ms":444,"ts":2714981,"updates":257,"value":244}
1791637986.638 {"t":"ns","node":25344,"hash":1274253983,"owner":25344,"kind":"sampled","unit":0,"class":4,"bound_ms":5000,"quality":"GOOD","age_ms":458,"ts":2714981,"updates":257,"value":-28}
1791637986.638 {"t":"ns","node":25344,"hash":3354298913,"owner":25344,"kind":"sampled","unit":100,"class":4,"bound_ms":5000,"quality":"GOOD","age_ms":479,"ts":2714981,"updates":257,"value":3}
1791637986.638 {"t":"ns","node":25344,"hash":1771187623,"owner":25344,"kind":"sampled","unit":101,"class":4,"bound_ms":30000,"quality":"GOOD","age_ms":493,"ts":2714981,"updates":257,"value":250127}
1791637986.638 {"t":"ns","node":25344,"hash":1245650351,"owner":25344,"kind":"sampled","unit":0,"class":3,"bound_ms":500,"quality":"GOOD","age_ms":65,"ts":2715423,"updates":27010,"value":1660971394}
1791637986.638 {"t":"ns","node":25344,"hash":2033492666,"owner":25344,"kind":"sampled","unit":0,"class":3,"bound_ms":0,"quality":"NO_DATA","age_ms":0,"ts":0,"updates":0,"value":null}
1791637986.638 {"t":"ns","node":25344,"hash":4103947588,"owner":25344,"kind":"sampled","unit":80,"class":4,"bound_ms":30000,"quality":"GOOD","age_ms":536,"ts":2714981,"updates":257,"value":2714}
1791637986.638 {"t":"ns","node":25344,"hash":1662441583,"owner":25344,"kind":"sampled","unit":101,"class":4,"bound_ms":30000,"quality":"GOOD","age_ms":550,"ts":2714981,"updates":257,"value":172032}
1791637996.810 {"t":"clk","node":25344,"up_ms":2725546}
1791637996.810 {"t":"led","node":25344,"shows":"green","app":0}
1791637996.810 {"t":"event","at_ms":2715520,"node":25344,"kind":"peer_admitted","peer":33120,"slot":1,"a":0,"b":0}
1791637996.810 {"t":"event","at_ms":2716190,"node":25344,"kind":"peer_admitted","peer":29544,"slot":0,"a":0,"b":0}
1791637996.810 {"t":"event","at_ms":2717522,"node":25344,"kind":"peer_admitted","peer":33120,"slot":1,"a":0,"b":0}
1791637996.810 {"t":"event","at_ms":2718192,"node":25344,"kind":"peer_admitted","peer":29544,"slot":0,"a":0,"b":0}
1791637996.810 {"t":"event","at_ms":2719520,"node":25344,"kind":"peer_admitted","peer":33120,"slot":1,"a":0,"b":0}
1791637996.810 {"t":"event","at_ms":2720190,"node":25344,"kind":"peer_admitted","peer":29544,"slot":0,"a":0,"b":0}
1791637996.810 {"t":"event","at_ms":2721520,"node":25344,"kind":"peer_admitted","peer":33120,"slot":1,"a":0,"b":0}
1791637996.810 {"t":"event","at_ms":2722190,"node":25344,"kind":"peer_admitted","peer":29544,"slot":0,"a":0,"b":0}
1791637996.810 {"t":"event","at_ms":2723520,"node":25344,"kind":"peer_admitted","peer":33120,"slot":1,"a":0,"b":0}
1791637996.810 {"t":"event","at_ms":2724205,"node":25344,"kind":"peer_admitted","peer":29544,"slot":0,"a":0,"b":0}
1791637996.810 {"t":"event","at_ms":2725520,"node":25344,"kind":"peer_admitted","peer":33120,"slot":1,"a":0,"b":0}
1791637996.810 {"t":"link","up_ms":2725672,"node":25344,"peer":29544,"mac":"b8:1f:3f:da:73:68","state":"alive","epoch":172,"espnow_ver":2,"mtu":1446,"misses":0,"rssi":-28,"tx":{"frames":9939,"cb_ok":9929,"cb_fail":10,"enqueue_err":0,"pdr_ppm":998993},"rx":{"frames":38806,"lost_seqgap":8,"reorder_dup":0,"dropped_bad":0,"hb_lost":94,"bcast_frames":27112,"pdr_ppm":999793},"rtt":{"samples":907,"min_us":5177,"max_us":54915,"timeouts":2,"txq_last_us":2856,"txq_max_us":42777,"remote_turnaround_us":1075,"remote_turnaround_max_us":5222,"p50_us":[4000,6000],"p99_us":[22000,30000],"hist":[0,0,0,0,556,214,90,24,9,7,2,5,0,0,0,0]}}
1791637996.810 {"t":"link","up_ms":2725726,"node":25344,"peer":33120,"mac":"b8:1f:3f:da:81:60","state":"alive","epoch":294,"espnow_ver":2,"mtu":1446,"misses":0,"rssi":-21,"tx":{"frames":10526,"cb_ok":10454,"cb_fail":72,"enqueue_err":0,"pdr_ppm":993159},"rx":{"frames":37049,"lost_seqgap":1,"reorder_dup":0,"dropped_bad":0,"hb_lost":124,"bcast_frames":25043,"pdr_ppm":999973},"rtt":{"samples":839,"min_us":5640,"max_us":48794,"timeouts":66,"txq_last_us":4205,"txq_max_us":29961,"remote_turnaround_us":970,"remote_turnaround_max_us":33351,"p50_us":[4000,6000],"p99_us":[22000,30000],"hist":[0,0,0,0,491,220,84,25,7,5,5,2,0,0,0,0]}}
1791637996.810 {"t":"link","up_ms":2725783,"node":25344,"peer":254,"mac":"02:00:00:00:00:fe","state":"alive","epoch":0,"espnow_ver":0,"mtu":226,"misses":0,"rssi":0,"tx":{"frames":5209,"cb_ok":0,"cb_fail":0,"enqueue_err":0,"pdr_ppm":null},"rx":{"frames":8339,"lost_seqgap":0,"reorder_dup":8291,"dropped_bad":0,"hb_lost":0,"bcast_frames":0,"pdr_ppm":1000000},"rtt":{"samples":167,"min_us":7169,"max_us":102972,"timeouts":739,"txq_last_us":0,"txq_max_us":0,"remote_turnaround_us":13,"remote_turnaround_max_us":46,"p50_us":[42000,60000],"p99_us":[85000,110000],"hist":[0,0,0,0,0,1,2,3,11,10,4,101,28,7,0,0]}}
1791637996.810 {"t":"auth","node":25344,"up_ms":2725826,"enrolled":1,"required":1,"verified_peers":2,"verified":12,"cache_hits":2639,"refused":0,"rate_limited":0,"stale_epoch":0,"verify_us_max":83581,"link_stack_free_b":804,"crypto_stack_free_b":1220,"tags_ok":21049,"bad_tag":0,"replayed":0,"untagged":0,"bcast_dropped":0,"beacon_epoch_ignored":0,"tag_us_max":1321}
1791637996.810 {"t":"act","node":25344,"setpoint":0,"has_value":0,"writes_served":0}
1791637996.810 {"t":"peers","node":25344,"own_period_ms":100,"own_busy":0,"channel":1,"scanning":0,"scans":0,"hops":10,"found":0,"lost_to_found_ms":0,"moves_followed":0,"moves_refused":0,"sweeps":1,"sweep_found":0,"sweeping":0,"search_visits":1,"relay":0,"fwd_u":0,"fwd_b":0,"fwd_h":0,"relay_dup":25835,"list":[{"id":29544,"state":"alive","via_relay":0,"period_ms":100,"misses":6,"busy":1,"rtt_n":907},{"id":33120,"state":"alive","via_relay":0,"period_ms":100,"misses":6,"busy":0,"rtt_n":839},{"id":254,"state":"alive","via_relay":0,"period_ms":100,"misses":6,"busy":0,"rtt_n":167}]}
1791637997.237 {"t":"ss","node":25344,"accepted":0,"unsigned":0,"unknown_sender":0,"bad_signature":0,"replayed":0,"rate_limited":0,"verify_us_max":0,"floors":[]}
1791637997.237 {"t":"rec","node":25344,"up_ms":2725933,"settled":1,"sent":10884,"received":10861,"malformed":0,"views":22,"replies_fenced":0,"actors":[{"key":1245650351,"running":1,"term":9,"owner":25344,"owner_term":9,"assigned":254,"starts":1,"fenced":0,"released":0}]}
1791637997.237 {"t":"node","up_ms":2725949,"node":25344,"epoch":244,"peers_alive":3,"peers_dead":0,"no_radio":0,"free_dram":250127,"largest_block":172032,"rx":{"total":138024,"bad_frame":0,"unknown_peer":80,"wrong_dst":0,"short_payload":0,"unknown_opcode":0,"queue_dropped":50},"tx":{"total":54298,"enqueue_err":0,"done_queue_dropped":0},"membership":{"deaths":10,"revivals":5,"reboots_seen":5,"table_full":0,"events_dropped":0}}
1791637997.237 {"t":"ns","node":25344,"hash":2410274060,"owner":25344,"kind":"sampled","unit":100,"class":4,"bound_ms":0,"quality":"GOOD","age_ms":480,"ts":2725548,"updates":258,"value":244}
1791637997.237 {"t":"ns","node":25344,"hash":1274253983,"owner":25344,"kind":"sampled","unit":0,"class":4,"bound_ms":5000,"quality":"GOOD","age_ms":495,"ts":2725548,"updates":258,"value":-28}
1791637997.238 {"t":"ns","node":25344,"hash":3354298913,"owner":25344,"kind":"sampled","unit":100,"class":4,"bound_ms":5000,"quality":"GOOD","age_ms":509,"ts":2725548,"updates":258,"value":3}
1791637997.238 {"t":"ns","node":25344,"hash":1771187623,"owner":25344,"kind":"sampled","unit":101,"class":4,"bound_ms":30000,"quality":"GOOD","age_ms":524,"ts":2725547,"updates":258,"value":250127}
1791637997.238 {"t":"ns","node":25344,"hash":1245650351,"owner":25344,"kind":"sampled","unit":0,"class":3,"bound_ms":500,"quality":"GOOD","age_ms":59,"ts":2726026,"updates":27108,"value":1660971492}
1791637997.238 {"t":"ns","node":25344,"hash":2033492666,"owner":25344,"kind":"sampled","unit":0,"class":3,"bound_ms":0,"quality":"NO_DATA","age_ms":0,"ts":0,"updates":0,"value":null}
1791637997.238 {"t":"ns","node":25344,"hash":4103947588,"owner":25344,"kind":"sampled","unit":80,"class":4,"bound_ms":30000,"quality":"GOOD","age_ms":566,"ts":2725547,"updates":258,"value":2725}
1791637997.238 {"t":"ns","node":25344,"hash":1662441583,"owner":25344,"kind":"sampled","unit":101,"class":4,"bound_ms":30000,"quality":"GOOD","age_ms":580,"ts":2725547,"updates":258,"value":172032}
1791638007.408 {"t":"clk","node":25344,"up_ms":2736154}
1791638007.408 {"t":"led","node":25344,"shows":"green","app":0}
1791638007.408 {"t":"event","at_ms":2726190,"node":25344,"kind":"peer_admitted","peer":29544,"slot":0,"a":0,"b":0}
1791638007.408 {"t":"event","at_ms":2727520,"node":25344,"kind":"peer_admitted","peer":33120,"slot":1,"a":0,"b":0}
1791638007.408 {"t":"event","at_ms":2728214,"node":25344,"kind":"peer_admitted","peer":29544,"slot":0,"a":0,"b":0}
1791638007.408 {"t":"event","at_ms":2729520,"node":25344,"kind":"peer_admitted","peer":33120,"slot":1,"a":0,"b":0}
1791638007.408 {"t":"event","at_ms":2730190,"node":25344,"kind":"peer_admitted","peer":29544,"slot":0,"a":0,"b":0}
1791638007.408 {"t":"event","at_ms":2731520,"node":25344,"kind":"peer_admitted","peer":33120,"slot":1,"a":0,"b":0}
1791638007.408 {"t":"event","at_ms":2732190,"node":25344,"kind":"peer_admitted","peer":29544,"slot":0,"a":0,"b":0}
1791638007.408 {"t":"event","at_ms":2733520,"node":25344,"kind":"peer_admitted","peer":33120,"slot":1,"a":0,"b":0}
1791638007.408 {"t":"event","at_ms":2734191,"node":25344,"kind":"peer_admitted","peer":29544,"slot":0,"a":0,"b":0}
1791638007.408 {"t":"event","at_ms":2735520,"node":25344,"kind":"peer_admitted","peer":33120,"slot":1,"a":0,"b":0}
1791638007.408 {"t":"event","at_ms":2736192,"node":25344,"kind":"peer_admitted","peer":29544,"slot":0,"a":0,"b":0}
1791638007.408 {"t":"link","up_ms":2736247,"node":25344,"peer":29544,"mac":"b8:1f:3f:da:73:68","state":"alive","epoch":172,"espnow_ver":2,"mtu":1446,"misses":0,"rssi":-28,"tx":{"frames":9967,"cb_ok":9957,"cb_fail":10,"enqueue_err":0,"pdr_ppm":998996},"rx":{"frames":38952,"lost_seqgap":8,"reorder_dup":0,"dropped_bad":0,"hb_lost":94,"bcast_frames":27217,"pdr_ppm":999794},"rtt":{"samples":910,"min_us":5177,"max_us":54915,"timeouts":2,"txq_last_us":2856,"txq_max_us":42777,"remote_turnaround_us":833,"remote_turnaround_max_us":5222,"p50_us":[4000,6000],"p99_us":[22000,30000],"hist":[0,0,0,0,559,214,90,24,9,7,2,5,0,0,0,0]}}
1791638007.408 {"t":"link","up_ms":2736301,"node":25344,"peer":33120,"mac":"b8:1f:3f:da:81:60","state":"alive","epoch":294,"espnow_ver":2,"mtu":1446,"misses":0,"rssi":-21,"tx":{"frames":10553,"cb_ok":10481,"cb_fail":72,"enqueue_err":0,"pdr_ppm":993177},"rx":{"frames":37194,"lost_seqgap":1,"reorder_dup":0,"dropped_bad":0,"hb_lost":126,"bcast_frames":25147,"pdr_ppm":999973},"rtt":{"samples":843,"min_us":5640,"max_us":48794,"timeouts":66,"txq_last_us":2733,"txq_max_us":29961,"remote_turnaround_us":980,"remote_turnaround_max_us":33351,"p50_us":[4000,6000],"p99_us":[22000,30000],"hist":[0,0,0,0,494,220,84,25,7,5,6,2,0,0,0,0]}}
1791638007.408 {"t":"link","up_ms":2736356,"node":25344,"peer":254,"mac":"02:00:00:00:00:fe","state":"alive","epoch":0,"espnow_ver":0,"mtu":226,"misses":0,"rssi":0,"tx":{"frames":5323,"cb_ok":0,"cb_fail":0,"enqueue_err":0,"pdr_ppm":null},"rx":{"frames":8538,"lost_seqgap":0,"reorder_dup":8490,"dropped_bad":0,"hb_lost":0,"bcast_frames":0,"pdr_ppm":1000000},"rtt":{"samples":171,"min_us":5599,"max_us":102972,"timeouts":739,"txq_last_us":0,"txq_max_us":0,"remote_turnaround_us":13,"remote_turnaround_max_us":46,"p50_us":[42000,60000],"p99_us":[85000,110000],"hist":[0,0,0,0,1,1,2,3,11,10,4,103,28,8,0,0]}}
1791638007.408 {"t":"auth","node":25344,"up_ms":2736410,"enrolled":1,"required":1,"verified_peers":2,"verified":12,"cache_hits":2650,"refused":0,"rate_limited":0,"stale_epoch":0,"verify_us_max":83581,"link_stack_free_b":804,"crypto_stack_free_b":1220,"tags_ok":21120,"bad_tag":0,"replayed":0,"untagged":0,"bcast_dropped":0,"beacon_epoch_ignored":0,"tag_us_max":1321}
1791638007.408 {"t":"act","node":25344,"setpoint":0,"has_value":0,"writes_served":0}
1791638007.408 {"t":"peers","node":25344,"own_period_ms":100,"own_busy":0,"channel":1,"scanning":0,"scans":0,"hops":10,"found":0,"lost_to_found_ms":0,"moves_followed":0,"moves_refused":0,"sweeps":1,"sweep_found":0,"sweeping":0,"search_visits":1,"relay":0,"fwd_u":0,"fwd_b":0,"fwd_h":0,"relay_dup":25946,"list":[{"id":29544,"state":"alive","via_relay":0,"period_ms":100,"misses":6,"busy":1,"rtt_n":910},{"id":33120,"state":"alive","via_relay":0,"period_ms":100,"misses":6,"busy":0,"rtt_n":843},{"id":254,"state":"alive","via_relay":0,"period_ms":100,"misses":6,"busy":0,"rtt_n":171}]}
1791638007.805 {"t":"ss","node":25344,"accepted":0,"unsigned":0,"unknown_sender":0,"bad_signature":0,"replayed":0,"rate_limited":0,"verify_us_max":0,"floors":[]}
1791638007.805 {"t":"rec","node":25344,"up_ms":2736528,"settled":1,"sent":10925,"received":10904,"malformed":0,"views":22,"replies_fenced":0,"actors":[{"key":1245650351,"running":1,"term":9,"owner":25344,"owner_term":9,"assigned":254,"starts":1,"fenced":0,"released":0}]}
1791638007.805 {"t":"node","up_ms":2736544,"node":25344,"epoch":244,"peers_alive":3,"peers_dead":0,"no_radio":0,"free_dram":250127,"largest_block":172032,"rx":{"total":138734,"bad_frame":0,"unknown_peer":80,"wrong_dst":0,"short_payload":0,"unknown_opcode":0,"queue_dropped":50},"tx":{"total":54580,"enqueue_err":0,"done_queue_dropped":0},"membership":{"deaths":10,"revivals":5,"reboots_seen":5,"table_full":0,"events_dropped":0}}
1791638007.805 {"t":"ns","node":25344,"hash":2410274060,"owner":25344,"kind":"sampled","unit":100,"class":4,"bound_ms":0,"quality":"GOOD","age_ms":428,"ts":2736156,"updates":259,"value":244}
1791638007.805 {"t":"ns","node":25344,"hash":1274253983,"owner":25344,"kind":"sampled","unit":0,"class":4,"bound_ms":5000,"quality":"GOOD","age_ms":442,"ts":2736156,"updates":259,"value":-28}
1791638007.805 {"t":"ns","node":25344,"hash":3354298913,"owner":25344,"kind":"sampled","unit":100,"class":4,"bound_ms":5000,"quality":"GOOD","age_ms":456,"ts":2736156,"updates":259,"value":3}
1791638007.805 {"t":"ns","node":25344,"hash":1771187623,"owner":25344,"kind":"sampled","unit":101,"class":4,"bound_ms":30000,"quality":"GOOD","age_ms":471,"ts":2736155,"updates":259,"value":250127}
1791638007.805 {"t":"ns","node":25344,"hash":1245650351,"owner":25344,"kind":"sampled","unit":0,"class":3,"bound_ms":500,"quality":"GOOD","age_ms":99,"ts":2736560,"updates":27205,"value":1660971589}
1791638007.805 {"t":"ns","node":25344,"hash":2033492666,"owner":25344,"kind":"sampled","unit":0,"class":3,"bound_ms":0,"quality":"NO_DATA","age_ms":0,"ts":0,"updates":0,"value":null}
1791638007.805 {"t":"ns","node":25344,"hash":4103947588,"owner":25344,"kind":"sampled","unit":80,"class":4,"bound_ms":30000,"quality":"GOOD","age_ms":531,"ts":2736156,"updates":259,"value":2736}
1791638007.805 {"t":"ns","node":25344,"hash":1662441583,"owner":25344,"kind":"sampled","unit":101,"class":4,"bound_ms":30000,"quality":"GOOD","age_ms":545,"ts":2736156,"updates":259,"value":172032}
1791638017.985 {"t":"clk","node":25344,"up_ms":2746716}
1791638017.985 {"t":"led","node":25344,"shows":"green","app":0}
1791638017.985 {"t":"event","at_ms":2737522,"node":25344,"kind":"peer_admitted","peer":33120,"slot":1,"a":0,"b":0}
1791638017.985 {"t":"event","at_ms":2738202,"node":25344,"kind":"peer_admitted","peer":29544,"slot":0,"a":0,"b":0}
1791638017.985 {"t":"event","at_ms":2739520,"node":25344,"kind":"peer_admitted","peer":33120,"slot":1,"a":0,"b":0}
1791638017.985 {"t":"event","at_ms":2740190,"node":25344,"kind":"peer_admitted","peer":29544,"slot":0,"a":0,"b":0}
1791638017.985 {"t":"event","at_ms":2741520,"node":25344,"kind":"peer_admitted","peer":33120,"slot":1,"a":0,"b":0}
1791638017.985 {"t":"event","at_ms":2742190,"node":25344,"kind":"peer_admitted","peer":29544,"slot":0,"a":0,"b":0}
1791638017.985 {"t":"event","at_ms":2743520,"node":25344,"kind":"peer_admitted","peer":33120,"slot":1,"a":0,"b":0}
1791638017.985 {"t":"event","at_ms":2744204,"node":25344,"kind":"peer_admitted","peer":29544,"slot":0,"a":0,"b":0}
1791638017.985 {"t":"event","at_ms":2745520,"node":25344,"kind":"peer_admitted","peer":33120,"slot":1,"a":0,"b":0}
1791638017.985 {"t":"event","at_ms":2746190,"node":25344,"kind":"peer_admitted","peer":29544,"slot":0,"a":0,"b":0}
1791638017.985 {"t":"link","up_ms":2746801,"node":25344,"peer":29544,"mac":"b8:1f:3f:da:73:68","state":"alive","epoch":172,"espnow_ver":2,"mtu":1446,"misses":0,"rssi":-28,"tx":{"frames":9994,"cb_ok":9984,"cb_fail":10,"enqueue_err":0,"pdr_ppm":998999},"rx":{"frames":39097,"lost_seqgap":8,"reorder_dup":0,"dropped_bad":0,"hb_lost":95,"bcast_frames":27322,"pdr_ppm":999795},"rtt":{"samples":914,"min_us":5177,"max_us":54915,"timeouts":2,"txq_last_us":2856,"txq_max_us":42777,"remote_turnaround_us":869,"remote_turnaround_max_us":5222,"p50_us":[4000,6000],"p99_us":[22000,30000],"hist":[0,0,0,0,563,214,90,24,9,7,2,5,0,0,0,0]}}
1791638017.985 {"t":"link","up_ms":2746888,"node":25344,"peer":33120,"mac":"b8:1f:3f:da:81:60","state":"alive","epoch":294,"espnow_ver":2,"mtu":1446,"misses":0,"rssi":-21,"tx":{"frames":10580,"cb_ok":10508,"cb_fail":72,"enqueue_err":0,"pdr_ppm":993194},"rx":{"frames":37339,"lost_seqgap":1,"reorder_dup":0,"dropped_bad":0,"hb_lost":126,"bcast_frames":25253,"pdr_ppm":999973},"rtt":{"samples":846,"min_us":5640,"max_us":48794,"timeouts":66,"txq_last_us":2796,"txq_max_us":29961,"remote_turnaround_us":970,"remote_turnaround_max_us":33351,"p50_us":[4000,6000],"p99_us":[22000,30000],"hist":[0,0,0,0,495,222,84,25,7,5,6,2,0,0,0,0]}}
1791638017.985 {"t":"link","up_ms":2746943,"node":25344,"peer":254,"mac":"02:00:00:00:00:fe","state":"alive","epoch":0,"espnow_ver":0,"mtu":226,"misses":0,"rssi":0,"tx":{"frames":5437,"cb_ok":0,"cb_fail":0,"enqueue_err":0,"pdr_ppm":null},"rx":{"frames":8735,"lost_seqgap":0,"reorder_dup":8687,"dropped_bad":0,"hb_lost":0,"bcast_frames":0,"pdr_ppm":1000000},"rtt":{"samples":174,"min_us":5599,"max_us":102972,"timeouts":739,"txq_last_us":0,"txq_max_us":0,"remote_turnaround_us":14,"remote_turnaround_max_us":46,"p50_us":[42000,60000],"p99_us":[85000,110000],"hist":[0,0,0,0,1,1,2,3,11,10,4,105,29,8,0,0]}}
1791638017.985 {"t":"auth","node":25344,"up_ms":2746987,"enrolled":1,"required":1,"verified_peers":2,"verified":12,"cache_hits":2660,"refused":0,"rate_limited":0,"stale_epoch":0,"verify_us_max":83581,"link_stack_free_b":804,"crypto_stack_free_b":1220,"tags_ok":21190,"bad_tag":0,"replayed":0,"untagged":0,"bcast_dropped":0,"beacon_epoch_ignored":0,"tag_us_max":1321}
1791638017.985 {"t":"act","node":25344,"setpoint":0,"has_value":0,"writes_served":0}
1791638017.985 {"t":"peers","node":25344,"own_period_ms":100,"own_busy":0,"channel":1,"scanning":0,"scans":0,"hops":10,"found":0,"lost_to_found_ms":0,"moves_followed":0,"moves_refused":0,"sweeps":1,"sweep_found":0,"sweeping":0,"search_visits":1,"relay":0,"fwd_u":0,"fwd_b":0,"fwd_h":0,"relay_dup":26056,"list":[{"id":29544,"state":"alive","via_relay":0,"period_ms":100,"misses":6,"busy":1,"rtt_n":914},{"id":33120,"state":"alive","via_relay":0,"period_ms":100,"misses":6,"busy":0,"rtt_n":847},{"id":254,"state":"alive","via_relay":0,"period_ms":100,"misses":6,"busy":0,"rtt_n":174}]}
1791638017.985 {"t":"ss","node":25344,"accepted":0,"unsigned":0,"unknown_sender":0,"bad_signature":0,"replayed":0,"rate_limited":0,"verify_us_max":0,"floors":[]}
1791638018.363 {"t":"rec","node":25344,"up_ms":2747090,"settled":1,"sent":10966,"received":10947,"malformed":0,"views":22,"replies_fenced":0,"actors":[{"key":1245650351,"running":1,"term":9,"owner":25344,"owner_term":9,"assigned":254,"starts":1,"fenced":0,"released":0}]}
1791638018.363 {"t":"node","up_ms":2747117,"node":25344,"epoch":244,"peers_alive":3,"peers_dead":0,"no_radio":0,"free_dram":250127,"largest_block":172032,"rx":{"total":139445,"bad_frame":0,"unknown_peer":80,"wrong_dst":0,"short_payload":0,"unknown_opcode":0,"queue_dropped":50},"tx":{"total":54860,"enqueue_err":0,"done_queue_dropped":0},"membership":{"deaths":10,"revivals":5,"reboots_seen":5,"table_full":0,"events_dropped":0}}
1791638018.363 {"t":"ns","node":25344,"hash":2410274060,"owner":25344,"kind":"sampled","unit":100,"class":4,"bound_ms":0,"quality":"GOOD","age_ms":439,"ts":2746718,"updates":260,"value":244}
1791638018.363 {"t":"ns","node":25344,"hash":1274253983,"owner":25344,"kind":"sampled","unit":0,"class":4,"bound_ms":5000,"quality":"GOOD","age_ms":453,"ts":2746718,"updates":260,"value":-28}
1791638018.363 {"t":"ns","node":25344,"hash":3354298913,"owner":25344,"kind":"sampled","unit":100,"class":4,"bound_ms":5000,"quality":"GOOD","age_ms":467,"ts":2746718,"updates":260,"value":3}
1791638018.363 {"t":"ns","node":25344,"hash":1771187623,"owner":25344,"kind":"sampled","unit":101,"class":4,"bound_ms":30000,"quality":"GOOD","age_ms":482,"ts":2746717,"updates":260,"value":250127}
1791638018.363 {"t":"ns","node":25344,"hash":1245650351,"owner":25344,"kind":"sampled","unit":0,"class":3,"bound_ms":500,"quality":"GOOD","age_ms":16,"ts":2747197,"updates":27304,"value":1660971688}
1791638018.363 {"t":"ns","node":25344,"hash":2033492666,"owner":25344,"kind":"sampled","unit":0,"class":3,"bound_ms":0,"quality":"NO_DATA","age_ms":0,"ts":0,"updates":0,"value":null}
1791638018.363 {"t":"ns","node":25344,"hash":4103947588,"owner":25344,"kind":"sampled","unit":80,"class":4,"bound_ms":30000,"quality":"GOOD","age_ms":524,"ts":2746717,"updates":260,"value":2746}
1791638018.363 {"t":"ns","node":25344,"hash":1662441583,"owner":25344,"kind":"sampled","unit":101,"class":4,"bound_ms":30000,"quality":"GOOD","age_ms":550,"ts":2746717,"updates":260,"value":172032}
1791638028.537 {"t":"clk","node":25344,"up_ms":2757281}
1791638028.537 {"t":"led","node":25344,"shows":"green","app":0}
1791638028.537 {"t":"event","at_ms":2747522,"node":25344,"kind":"peer_admitted","peer":33120,"slot":1,"a":0,"b":0}
1791638028.537 {"t":"event","at_ms":2748227,"node":25344,"kind":"peer_admitted","peer":29544,"slot":0,"a":0,"b":0}
1791638028.537 {"t":"event","at_ms":2749527,"node":25344,"kind":"peer_admitted","peer":33120,"slot":1,"a":0,"b":0}
1791638028.537 {"t":"event","at_ms":2750190,"node":25344,"kind":"peer_admitted","peer":29544,"slot":0,"a":0,"b":0}
1791638028.537 {"t":"event","at_ms":2751520,"node":25344,"kind":"peer_admitted","peer":33120,"slot":1,"a":0,"b":0}
1791638028.537 {"t":"event","at_ms":2752207,"node":25344,"kind":"peer_admitted","peer":29544,"slot":0,"a":0,"b":0}
1791638028.537 {"t":"event","at_ms":2753520,"node":25344,"kind":"peer_admitted","peer":33120,"slot":1,"a":0,"b":0}
1791638028.537 {"t":"event","at_ms":2754190,"node":25344,"kind":"peer_admitted","peer":29544,"slot":0,"a":0,"b":0}
1791638028.537 {"t":"event","at_ms":2755520,"node":25344,"kind":"peer_admitted","peer":33120,"slot":1,"a":0,"b":0}
1791638028.537 {"t":"event","at_ms":2756190,"node":25344,"kind":"peer_admitted","peer":29544,"slot":0,"a":0,"b":0}
1791638028.537 {"t":"link","up_ms":2757387,"node":25344,"peer":29544,"mac":"b8:1f:3f:da:73:68","state":"alive","epoch":172,"espnow_ver":2,"mtu":1446,"misses":0,"rssi":-28,"tx":{"frames":10022,"cb_ok":10012,"cb_fail":10,"enqueue_err":0,"pdr_ppm":999002},"rx":{"frames":39243,"lost_seqgap":8,"reorder_dup":0,"dropped_bad":0,"hb_lost":95,"bcast_frames":27428,"pdr_ppm":999796},"rtt":{"samples":917,"min_us":5177,"max_us":54915,"timeouts":2,"txq_last_us":3007,"txq_max_us":42777,"remote_turnaround_us":833,"remote_turnaround_max_us":5222,"p50_us":[4000,6000],"p99_us":[22000,30000],"hist":[0,0,0,0,566,214,90,24,9,7,2,5,0,0,0,0]}}
1791638028.537 {"t":"link","up_ms":2757442,"node":25344,"peer":33120,"mac":"b8:1f:3f:da:81:60","state":"alive","epoch":294,"espnow_ver":2,"mtu":1446,"misses":0,"rssi":-20,"tx":{"frames":10608,"cb_ok":10536,"cb_fail":72,"enqueue_err":0,"pdr_ppm":993212},"rx":{"frames":37484,"lost_seqgap":1,"reorder_dup":0,"dropped_bad":0,"hb_lost":126,"bcast_frames":25358,"pdr_ppm":999973},"rtt":{"samples":850,"min_us":5640,"max_us":48794,"timeouts":66,"txq_last_us":2906,"txq_max_us":29961,"remote_turnaround_us":1029,"remote_turnaround_max_us":33351,"p50_us":[4000,6000],"p99_us":[22000,30000],"hist":[0,0,0,0,495,226,84,25,7,5,6,2,0,0,0,0]}}
1791638028.537 {"t":"link","up_ms":2757496,"node":25344,"peer":254,"mac":"02:00:00:00:00:fe","state":"alive","epoch":0,"espnow_ver":0,"mtu":226,"misses":0,"rssi":0,"tx":{"frames":5551,"cb_ok":0,"cb_fail":0,"enqueue_err":0,"pdr_ppm":null},"rx":{"frames":8933,"lost_seqgap":0,"reorder_dup":8885,"dropped_bad":0,"hb_lost":0,"bcast_frames":0,"pdr_ppm":1000000},"rtt":{"samples":178,"min_us":5599,"max_us":102972,"timeouts":739,"txq_last_us":0,"txq_max_us":0,"remote_turnaround_us":14,"remote_turnaround_max_us":46,"p50_us":[42000,60000],"p99_us":[85000,110000],"hist":[0,0,0,0,1,1,2,3,11,10,4,108,30,8,0,0]}}
1791638028.537 {"t":"auth","node":25344,"up_ms":2757542,"enrolled":1,"required":1,"verified_peers":2,"verified":12,"cache_hits":2671,"refused":0,"rate_limited":0,"stale_epoch":0,"verify_us_max":83581,"link_stack_free_b":804,"crypto_stack_free_b":1220,"tags_ok":21261,"bad_tag":0,"replayed":0,"untagged":0,"bcast_dropped":0,"beacon_epoch_ignored":0,"tag_us_max":1321}
1791638028.537 {"t":"act","node":25344,"setpoint":0,"has_value":0,"writes_served":0}
1791638028.537 {"t":"peers","node":25344,"own_period_ms":100,"own_busy":0,"channel":1,"scanning":0,"scans":0,"hops":10,"found":0,"lost_to_found_ms":0,"moves_followed":0,"moves_refused":0,"sweeps":1,"sweep_found":0,"sweeping":0,"search_visits":1,"relay":0,"fwd_u":0,"fwd_b":0,"fwd_h":0,"relay_dup":26168,"list":[{"id":29544,"state":"alive","via_relay":0,"period_ms":100,"misses":6,"busy":1,"rtt_n":917},{"id":33120,"state":"alive","via_relay":0,"period_ms":100,"misses":6,"busy":0,"rtt_n":850},{"id":254,"state":"alive","via_relay":0,"period_ms":100,"misses":6,"busy":0,"rtt_n":178}]}
1791638028.537 {"t":"ss","node":25344,"accepted":0,"unsigned":0,"unknown_sender":0,"bad_signature":0,"replayed":0,"rate_limited":0,"verify_us_max":0,"floors":[]}
1791638028.964 {"t":"rec","node":25344,"up_ms":2757641,"settled":1,"sent":11007,"received":10989,"malformed":0,"views":22,"replies_fenced":0,"actors":[{"key":1245650351,"running":1,"term":9,"owner":25344,"owner_term":9,"assigned":254,"starts":1,"fenced":0,"released":0}]}
1791638028.964 {"t":"node","up_ms":2757667,"node":25344,"epoch":244,"peers_alive":3,"peers_dead":0,"no_radio":0,"free_dram":250127,"largest_block":172032,"rx":{"total":140157,"bad_frame":0,"unknown_peer":80,"wrong_dst":0,"short_payload":0,"unknown_opcode":0,"queue_dropped":50},"tx":{"total":55141,"enqueue_err":0,"done_queue_dropped":0},"membership":{"deaths":10,"revivals":5,"reboots_seen":5,"table_full":0,"events_dropped":0}}
1791638028.964 {"t":"ns","node":25344,"hash":2410274060,"owner":25344,"kind":"sampled","unit":100,"class":4,"bound_ms":0,"quality":"GOOD","age_ms":424,"ts":2757283,"updates":261,"value":244}
1791638028.964 {"t":"ns","node":25344,"hash":1274253983,"owner":25344,"kind":"sampled","unit":0,"class":4,"bound_ms":5000,"quality":"GOOD","age_ms":438,"ts":2757283,"updates":261,"value":-28}
1791638028.964 {"t":"ns","node":25344,"hash":3354298913,"owner":25344,"kind":"sampled","unit":100,"class":4,"bound_ms":5000,"quality":"GOOD","age_ms":497,"ts":2757283,"updates":261,"value":3}
1791638028.964 {"t":"ns","node":25344,"hash":1771187623,"owner":25344,"kind":"sampled","unit":101,"class":4,"bound_ms":30000,"quality":"GOOD","age_ms":513,"ts":2757282,"updates":261,"value":250127}
1791638028.964 {"t":"ns","node":25344,"hash":1245650351,"owner":25344,"kind":"sampled","unit":0,"class":3,"bound_ms":500,"quality":"GOOD","age_ms":27,"ts":2757782,"updates":27403,"value":1660971787}
1791638028.964 {"t":"ns","node":25344,"hash":2033492666,"owner":25344,"kind":"sampled","unit":0,"class":3,"bound_ms":0,"quality":"NO_DATA","age_ms":0,"ts":0,"updates":0,"value":null}
1791638028.964 {"t":"ns","node":25344,"hash":4103947588,"owner":25344,"kind":"sampled","unit":80,"class":4,"bound_ms":30000,"quality":"GOOD","age_ms":555,"ts":2757283,"updates":261,"value":2757}
1791638028.964 {"t":"ns","node":25344,"hash":1662441583,"owner":25344,"kind":"sampled","unit":101,"class":4,"bound_ms":30000,"quality":"GOOD","age_ms":579,"ts":2757282,"updates":261,"value":172032}
1791638039.141 {"t":"clk","node":25344,"up_ms":2767875}
1791638039.141 {"t":"led","node":25344,"shows":"green","app":0}
1791638039.141 {"t":"event","at_ms":2757520,"node":25344,"kind":"peer_admitted","peer":33120,"slot":1,"a":0,"b":0}
1791638039.141 {"t":"event","at_ms":2758217,"node":25344,"kind":"peer_admitted","peer":29544,"slot":0,"a":0,"b":0}
1791638039.141 {"t":"event","at_ms":2759521,"node":25344,"kind":"peer_admitted","peer":33120,"slot":1,"a":0,"b":0}
1791638039.141 {"t":"event","at_ms":2760190,"node":25344,"kind":"peer_admitted","peer":29544,"slot":0,"a":0,"b":0}
1791638039.141 {"t":"event","at_ms":2761520,"node":25344,"kind":"peer_admitted","peer":33120,"slot":1,"a":0,"b":0}
1791638039.141 {"t":"event","at_ms":2762190,"node":25344,"kind":"peer_admitted","peer":29544,"slot":0,"a":0,"b":0}
1791638039.141 {"t":"event","at_ms":2763522,"node":25344,"kind":"peer_admitted","peer":33120,"slot":1,"a":0,"b":0}
1791638039.141 {"t":"event","at_ms":2764190,"node":25344,"kind":"peer_admitted","peer":29544,"slot":0,"a":0,"b":0}
1791638039.141 {"t":"event","at_ms":2765520,"node":25344,"kind":"peer_admitted","peer":33120,"slot":1,"a":0,"b":0}
1791638039.141 {"t":"event","at_ms":2766190,"node":25344,"kind":"peer_admitted","peer":29544,"slot":0,"a":0,"b":0}
1791638039.141 {"t":"event","at_ms":2767520,"node":25344,"kind":"peer_admitted","peer":33120,"slot":1,"a":0,"b":0}
1791638039.141 {"t":"link","up_ms":2767983,"node":25344,"peer":29544,"mac":"b8:1f:3f:da:73:68","state":"alive","epoch":172,"espnow_ver":2,"mtu":1446,"misses":0,"rssi":-28,"tx":{"frames":10050,"cb_ok":10040,"cb_fail":10,"enqueue_err":0,"pdr_ppm":999004},"rx":{"frames":39390,"lost_seqgap":8,"reorder_dup":0,"dropped_bad":0,"hb_lost":95,"bcast_frames":27534,"pdr_ppm":999796},"rtt":{"samples":921,"min_us":5177,"max_us":54915,"timeouts":2,"txq_last_us":2869,"txq_max_us":42777,"remote_turnaround_us":848,"remote_turnaround_max_us":5222,"p50_us":[4000,6000],"p99_us":[22000,30000],"hist":[0,0,0,0,570,214,90,24,9,7,2,5,0,0,0,0]}}
1791638039.141 {"t":"link","up_ms":2768027,"node":25344,"peer":33120,"mac":"b8:1f:3f:da:81:60","state":"alive","epoch":294,"espnow_ver":2,"mtu":1446,"misses":0,"rssi":-20,"tx":{"frames":10636,"cb_ok":10564,"cb_fail":72,"enqueue_err":0,"pdr_ppm":993230},"rx":{"frames":37632,"lost_seqgap":1,"reorder_dup":0,"dropped_bad":0,"hb_lost":126,"bcast_frames":25464,"pdr_ppm":999973},"rtt":{"samples":853,"min_us":5640,"max_us":48794,"timeouts":66,"txq_last_us":2733,"txq_max_us":29961,"remote_turnaround_us":1031,"remote_turnaround_max_us":33351,"p50_us":[4000,6000],"p99_us":[22000,30000],"hist":[0,0,0,0,498,226,84,25,7,5,6,2,0,0,0,0]}}
1791638039.141 {"t":"link","up_ms":2768086,"node":25344,"peer":254,"mac":"02:00:00:00:00:fe","state":"alive","epoch":0,"espnow_ver":0,"mtu":226,"misses":0,"rssi":0,"tx":{"frames":5666,"cb_ok":0,"cb_fail":0,"enqueue_err":0,"pdr_ppm":null},"rx":{"frames":9132,"lost_seqgap":0,"reorder_dup":9084,"dropped_bad":0,"hb_lost":0,"bcast_frames":0,"pdr_ppm":1000000},"rtt":{"samples":181,"min_us":5599,"max_us":102972,"timeouts":739,"txq_last_us":0,"txq_max_us":0,"remote_turnaround_us":12,"remote_turnaround_max_us":46,"p50_us":[42000,60000],"p99_us":[85000,110000],"hist":[0,0,0,0,1,1,2,3,11,10,4,110,30,9,0,0]}}
1791638039.141 {"t":"auth","node":25344,"up_ms":2768140,"enrolled":1,"required":1,"verified_peers":2,"verified":12,"cache_hits":2681,"refused":0,"rate_limited":0,"stale_epoch":0,"verify_us_max":83581,"link_stack_free_b":804,"crypto_stack_free_b":1220,"tags_ok":21334,"bad_tag":0,"replayed":0,"untagged":0,"bcast_dropped":0,"beacon_epoch_ignored":0,"tag_us_max":1321}
1791638039.141 {"t":"act","node":25344,"setpoint":0,"has_value":0,"writes_served":0}
1791638039.141 {"t":"peers","node":25344,"own_period_ms":100,"own_busy":0,"channel":1,"scanning":0,"scans":0,"hops":10,"found":0,"lost_to_found_ms":0,"moves_followed":0,"moves_refused":0,"sweeps":1,"sweep_found":0,"sweeping":0,"search_visits":1,"relay":0,"fwd_u":0,"fwd_b":0,"fwd_h":0,"relay_dup":26278,"list":[{"id":29544,"state":"alive","via_relay":0,"period_ms":100,"misses":6,"busy":1,"rtt_n":921},{"id":33120,"state":"alive","via_relay":0,"period_ms":100,"misses":6,"busy":0,"rtt_n":854},{"id":254,"state":"alive","via_relay":0,"period_ms":100,"misses":6,"busy":0,"rtt_n":181}]}
1791638039.541 {"t":"ss","node":25344,"accepted":0,"unsigned":0,"unknown_sender":0,"bad_signature":0,"replayed":0,"rate_limited":0,"verify_us_max":0,"floors":[]}
1791638039.541 {"t":"rec","node":25344,"up_ms":2768267,"settled":1,"sent":11048,"received":11031,"malformed":0,"views":22,"replies_fenced":0,"actors":[{"key":1245650351,"running":1,"term":9,"owner":25344,"owner_term":9,"assigned":254,"starts":1,"fenced":0,"released":0}]}
1791638039.541 {"t":"node","up_ms":2768282,"node":25344,"epoch":244,"peers_alive":3,"peers_dead":0,"no_radio":0,"free_dram":250127,"largest_block":172032,"rx":{"total":140871,"bad_frame":0,"unknown_peer":80,"wrong_dst":0,"short_payload":0,"unknown_opcode":0,"queue_dropped":50},"tx":{"total":55423,"enqueue_err":0,"done_queue_dropped":0},"membership":{"deaths":10,"revivals":5,"reboots_seen":5,"table_full":0,"events_dropped":0}}
1791638039.541 {"t":"ns","node":25344,"hash":2410274060,"owner":25344,"kind":"sampled","unit":100,"class":4,"bound_ms":0,"quality":"GOOD","age_ms":444,"ts":2767883,"updates":262,"value":244}
1791638039.541 {"t":"ns","node":25344,"hash":1274253983,"owner":25344,"kind":"sampled","unit":0,"class":4,"bound_ms":5000,"quality":"GOOD","age_ms":458,"ts":2767883,"updates":262,"value":-28}
1791638039.541 {"t":"ns","node":25344,"hash":3354298913,"owner":25344,"kind":"sampled","unit":100,"class":4,"bound_ms":5000,"quality":"GOOD","age_ms":472,"ts":2767883,"updates":262,"value":3}
1791638039.541 {"t":"ns","node":25344,"hash":1771187623,"owner":25344,"kind":"sampled","unit":101,"class":4,"bound_ms":30000,"quality":"GOOD","age_ms":487,"ts":2767882,"updates":262,"value":249495}
1791638039.541 {"t":"ns","node":25344,"hash":1245650351,"owner":25344,"kind":"sampled","unit":0,"class":3,"bound_ms":500,"quality":"GOOD","age_ms":97,"ts":2768287,"updates":27500,"value":1660971884}
1791638039.541 {"t":"ns","node":25344,"hash":2033492666,"owner":25344,"kind":"sampled","unit":0,"class":3,"bound_ms":0,"quality":"NO_DATA","age_ms":0,"ts":0,"updates":0,"value":null}
1791638039.541 {"t":"ns","node":25344,"hash":4103947588,"owner":25344,"kind":"sampled","unit":80,"class":4,"bound_ms":30000,"quality":"GOOD","age_ms":545,"ts":2767883,"updates":262,"value":2767}
1791638039.541 {"t":"ns","node":25344,"hash":1662441583,"owner":25344,"kind":"sampled","unit":101,"class":4,"bound_ms":30000,"quality":"GOOD","age_ms":560,"ts":2767883,"updates":262,"value":172032}
1791638049.307 I (2779118) esp_image: segment 0: paddr=00140020 vaddr=3c0a0020 size=20398h (131992) map
1791638049.307 I (2779138) esp_image: segment 1: paddr=001603c0 vaddr=3fc98800 size=054cch ( 21708)
1791638049.307 I (2779142) esp_image: segment 2: paddr=00165894 vaddr=40374000 size=0a784h ( 42884)
1791638049.307 I (2779150) esp_image: segment 3: paddr=00170020 vaddr=42000020 size=95160h (610656) map
1791638049.307 I (2779232) esp_image: segment 4: paddr=00205188 vaddr=4037e784 size=09fb8h ( 40888)
1791638049.307 I (2779239) esp_image: segment 5: paddr=0020f148 vaddr=50000000 size=00024h (    36)
1791638049.307 I (2779242) esp_image: segment 0: paddr=00140020 vaddr=3c0a0020 size=20398h (131992) map
1791638049.307 I (2779272) esp_image: segment 1: paddr=001603c0 vaddr=3fc98800 size=054cch ( 21708)
1791638049.307 I (2779277) esp_image: segment 2: paddr=00165894 vaddr=40374000 size=0a784h ( 42884)
1791638049.307 I (2779284) esp_image: segment 3: paddr=00170020 vaddr=42000020 size=95160h (610656) map
1791638049.307 I (2779366) esp_image: segment 4: paddr=00205188 vaddr=4037e784 size=09fb8h ( 40888)
1791638049.307 I (2779374) esp_image: segment 5: paddr=0020f148 vaddr=50000000 size=00024h (    36)
1791638049.307 I (2779405) pot.m0: fw: commit of counter 5: ok (341 ms)
1791638049.694 {"t":"clk","node":25344,"up_ms":2778457}
1791638049.694 {"t":"led","node":25344,"shows":"green","app":0}
1791638049.694 {"t":"event","at_ms":2768193,"node":25344,"kind":"peer_admitted","peer":29544,"slot":0,"a":0,"b":0}
1791638049.694 {"t":"event","at_ms":2769530,"node":25344,"kind":"peer_admitted","peer":33120,"slot":1,"a":0,"b":0}
1791638049.694 {"t":"event","at_ms":2770190,"node":25344,"kind":"peer_admitted","peer":29544,"slot":0,"a":0,"b":0}
1791638049.694 {"t":"event","at_ms":2771521,"node":25344,"kind":"peer_admitted","peer":33120,"slot":1,"a":0,"b":0}
1791638049.694 {"t":"event","at_ms":2772190,"node":25344,"kind":"peer_admitted","peer":29544,"slot":0,"a":0,"b":0}
1791638049.694 {"t":"event","at_ms":2773522,"node":25344,"kind":"peer_admitted","peer":33120,"slot":1,"a":0,"b":0}
1791638049.694 {"t":"event","at_ms":2774190,"node":25344,"kind":"peer_admitted","peer":29544,"slot":0,"a":0,"b":0}
1791638049.694 {"t":"event","at_ms":2775520,"node":25344,"kind":"peer_admitted","peer":33120,"slot":1,"a":0,"b":0}
1791638049.694 {"t":"event","at_ms":2776190,"node":25344,"kind":"peer_admitted","peer":29544,"slot":0,"a":0,"b":0}
1791638049.694 {"t":"event","at_ms":2777520,"node":25344,"kind":"peer_admitted","peer":33120,"slot":1,"a":0,"b":0}
1791638049.694 {"t":"link","up_ms":2778544,"node":25344,"peer":29544,"mac":"b8:1f:3f:da:73:68","state":"alive","epoch":172,"espnow_ver":2,"mtu":1446,"misses":0,"rssi":-28,"tx":{"frames":10076,"cb_ok":10066,"cb_fail":10,"enqueue_err":0,"pdr_ppm":999007},"rx":{"frames":39534,"lost_seqgap":8,"reorder_dup":0,"dropped_bad":0,"hb_lost":96,"bcast_frames":27638,"pdr_ppm":999797},"rtt":{"samples":924,"min_us":5177,"max_us":54915,"timeouts":2,"txq_last_us":2830,"txq_max_us":42777,"remote_turnaround_us":852,"remote_turnaround_max_us":5222,"p50_us":[4000,6000],"p99_us":[22000,30000],"hist":[0,0,0,0,572,215,90,24,9,7,2,5,0,0,0,0]}}
1791638049.694 {"t":"link","up_ms":2778598,"node":25344,"peer":33120,"mac":"b8:1f:3f:da:81:60","state":"alive","epoch":294,"espnow_ver":2,"mtu":1446,"misses":0,"rssi":-20,"tx":{"frames":10664,"cb_ok":10592,"cb_fail":72,"enqueue_err":0,"pdr_ppm":993248},"rx":{"frames":37778,"lost_seqgap":1,"reorder_dup":0,"dropped_bad":0,"hb_lost":127,"bcast_frames":25569,"pdr_ppm":999973},"rtt":{"samples":857,"min_us":5640,"max_us":48794,"timeouts":66,"txq_last_us":2858,"txq_max_us":29961,"remote_turnaround_us":970,"remote_turnaround_max_us":33351,"p50_us":[4000,6000],"p99_us":[22000,30000],"hist":[0,0,0,0,499,229,84,25,7,5,6,2,0,0,0,0]}}
1791638049.694 {"t":"link","up_ms":2778652,"node":25344,"peer":254,"mac":"02:00:00:00:00:fe","state":"alive","epoch":0,"espnow_ver":0,"mtu":226,"misses":0,"rssi":0,"tx":{"frames":5773,"cb_ok":0,"cb_fail":0,"enqueue_err":0,"pdr_ppm":null},"rx":{"frames":9323,"lost_seqgap":0,"reorder_dup":9275,"dropped_bad":0,"hb_lost":0,"bcast_frames":0,"pdr_ppm":1000000},"rtt":{"samples":185,"min_us":5599,"max_us":102972,"timeouts":739,"txq_last_us":0,"txq_max_us":0,"remote_turnaround_us":12,"remote_turnaround_max_us":46,"p50_us":[42000,60000],"p99_us":[85000,110000],"hist":[0,0,0,0,1,2,2,3,11,10,4,111,32,9,0,0]}}
1791638049.694 {"t":"auth","node":25344,"up_ms":2778706,"enrolled":1,"required":1,"verified_peers":2,"verified":12,"cache_hits":2691,"refused":0,"rate_limited":0,"stale_epoch":0,"verify_us_max":83581,"link_stack_free_b":804,"crypto_stack_free_b":1220,"tags_ok":21402,"bad_tag":0,"replayed":0,"untagged":0,"bcast_dropped":0,"beacon_epoch_ignored":0,"tag_us_max":1356}
1791638049.694 {"t":"act","node":25344,"setpoint":0,"has_value":0,"writes_served":0}
1791638049.694 {"t":"peers","node":25344,"own_period_ms":100,"own_busy":0,"channel":1,"scanning":0,"scans":0,"hops":10,"found":0,"lost_to_found_ms":0,"moves_followed":0,"moves_refused":0,"sweeps":1,"sweep_found":0,"sweeping":0,"search_visits":1,"relay":0,"fwd_u":0,"fwd_b":0,"fwd_h":0,"relay_dup":26387,"list":[{"id":29544,"state":"alive","via_relay":0,"period_ms":100,"misses":6,"busy":1,"rtt_n":924},{"id":33120,"state":"alive","via_relay":0,"period_ms":100,"misses":6,"busy":0,"rtt_n":857},{"id":254,"state":"alive","via_relay":0,"period_ms":100,"misses":6,"busy":0,"rtt_n":185}]}
1791638049.694 {"t":"ss","node":25344,"accepted":0,"unsigned":0,"unknown_sender":0,"bad_signature":0,"replayed":0,"rate_limited":0,"verify_us_max":0,"floors":[]}
1791638050.084 {"t":"rec","node":25344,"up_ms":2778802,"settled":1,"sent":11088,"received":11073,"malformed":0,"views":22,"replies_fenced":0,"actors":[{"key":1245650351,"running":1,"term":9,"owner":25344,"owner_term":9,"assigned":254,"starts":1,"fenced":0,"released":0}]}
1791638050.084 {"t":"node","up_ms":2778828,"node":25344,"epoch":244,"peers_alive":3,"peers_dead":0,"no_radio":0,"free_dram":250095,"largest_block":172032,"rx":{"total":141563,"bad_frame":0,"unknown_peer":80,"wrong_dst":0,"short_payload":0,"unknown_opcode":0,"queue_dropped":54},"tx":{"total":55689,"enqueue_err":0,"done_queue_dropped":0},"membership":{"deaths":10,"revivals":5,"reboots_seen":5,"table_full":0,"events_dropped":0}}
1791638050.084 {"t":"ns","node":25344,"hash":2410274060,"owner":25344,"kind":"sampled","unit":100,"class":4,"bound_ms":0,"quality":"GOOD","age_ms":398,"ts":2778459,"updates":263,"value":244}
1791638050.084 {"t":"ns","node":25344,"hash":1274253983,"owner":25344,"kind":"sampled","unit":0,"class":4,"bound_ms":5000,"quality":"GOOD","age_ms":424,"ts":2778459,"updates":263,"value":-28}
1791638050.084 {"t":"ns","node":25344,"hash":3354298913,"owner":25344,"kind":"sampled","unit":100,"class":4,"bound_ms":5000,"quality":"GOOD","age_ms":438,"ts":2778459,"updates":263,"value":3}
1791638050.084 {"t":"ns","node":25344,"hash":1771187623,"owner":25344,"kind":"sampled","unit":101,"class":4,"bound_ms":30000,"quality":"GOOD","age_ms":452,"ts":2778458,"updates":263,"value":250095}
1791638050.084 {"t":"ns","node":25344,"hash":1245650351,"owner":25344,"kind":"sampled","unit":0,"class":3,"bound_ms":500,"quality":"GOOD","age_ms":1,"ts":2778924,"updates":27597,"value":1660971981}
1791638050.084 {"t":"ns","node":25344,"hash":2033492666,"owner":25344,"kind":"sampled","unit":0,"class":3,"bound_ms":0,"quality":"NO_DATA","age_ms":0,"ts":0,"updates":0,"value":null}
1791638050.084 {"t":"ns","node":25344,"hash":4103947588,"owner":25344,"kind":"sampled","unit":80,"class":4,"bound_ms":30000,"quality":"GOOD","age_ms":494,"ts":2778459,"updates":263,"value":2778}
1791638050.084 {"t":"ns","node":25344,"hash":1662441583,"owner":25344,"kind":"sampled","unit":101,"class":4,"bound_ms":30000,"quality":"GOOD","age_ms":509,"ts":2778459,"updates":263,"value":172032}
1791638051.206 W (2780909) pot.m0: deploy: rebooting into the new slot
1791638051.206 ESP-ROM:esp32s3-20210327
1791638051.206 Build:Mar 27 2021
1791638051.206 rst:0xc (RTC_SW_CPU_RST),boot:0x8 (SPI_FAST_FLASH_BOOT)
1791638051.206 Saved PC:0x4037e97a
1791638051.206 SPIWP:0xee
1791638051.206 mode:DIO, clock div:1
1791638051.206 load:0x3fce2820,len:0x14f0
1791638051.206 load:0x403c8700,len:0xda0
1791638051.206 load:0x403cb700,len:0x2f9c
1791638051.206 entry 0x403c8908
1791638051.206 I (29) boot: ESP-IDF v6.0.2 2nd stage bootloader
1791638051.206 I (29) boot: compile time Oct 10 2026 13:38:58
1791638051.206 I (29) boot: Multicore bootloader
1791638051.206 I (29) boot: chip revision: v0.2
1791638051.206 I (32) boot: efuse block revision: v1.4
1791638051.206 I (36) boot.esp32s3: Boot SPI Speed : 80MHz
1791638051.206 I (40) boot.esp32s3: SPI Mode       : DIO
1791638051.206 I (43) boot.esp32s3: SPI Flash Size : 16MB
1791638051.206 I (47) boot: Enabling RNG early entropy source...
1791638051.206 I (52) boot: Partition Table:
1791638051.206 I (54) boot: ## Label            Usage          Type ST Offset   Length
1791638051.206 I (61) boot:  0 nvs              WiFi data        01 02 00009000 00006000
1791638051.206 I (67) boot:  1 phy_init         RF data          01 01 0000f000 00001000
1791638051.206 I (74) boot:  2 factory          factory app      00 00 00010000 00100000
1791638051.206 I (80) boot:  3 modA             Unknown data     01 40 00110000 00010000
1791638051.206 I (87) boot:  4 modB             Unknown data     01 40 00120000 00010000
1791638051.206 I (93) boot:  5 otadata          OTA data         01 00 00130000 00002000
1791638051.206 I (100) boot:  6 ota_0            OTA app          00 10 00140000 00200000
1791638051.206 I (106) boot:  7 ota_1            OTA app          00 11 00340000 00200000
1791638051.206 I (113) boot: End of partition table
1791638051.206 I (141) esp_image: segment 0: paddr=00140020 vaddr=3c0a0020 size=20398h (131992) map
1791638051.206 I (166) esp_image: segment 1: paddr=001603c0 vaddr=3fc98800 size=054cch ( 21708) load
1791638051.206 I (171) esp_image: segment 2: paddr=00165894 vaddr=40374000 size=0a784h ( 42884) load
1791638051.206 I (181) esp_image: segment 3: paddr=00170020 vaddr=42000020 size=95160h (610656) map
1791638051.206 I (292) esp_image: segment 4: paddr=00205188 vaddr=4037e784 size=09fb8h ( 40888) load
1791638051.206 I (302) esp_image: segment 5: paddr=0020f148 vaddr=50000000 size=00024h (    36) load
1791638051.206 I (311) boot: Loaded app from partition at offset 0x140000
1791638051.206 I (311) boot: Disabling RNG early entropy source...
1791638051.206 I (322) octal_psram: vendor id    : 0x0d (AP)
1791638051.206 I (322) octal_psram: dev id       : 0x02 (generation 3)
1791638051.206 I (322) octal_psram: density      : 0x03 (64 Mbit)
1791638051.206 I (324) octal_psram: good-die     : 0x01 (Pass)
1791638051.206 I (328) octal_psram: Latency      : 0x01 (Fixed)
1791638051.206 I (333) octal_psram: VCC          : 0x01 (3V)
1791638051.206 I (337) octal_psram: SRF          : 0x01 (Fast Refresh)
1791638051.206 I (342) octal_psram: BurstType    : 0x01 (Hybrid Wrap)
1791638051.206 I (347) octal_psram: BurstLen     : 0x01 (32 Byte)
1791638051.206 I (351) octal_psram: Readlatency  : 0x02 (10 cycles@Fixed)
1791638051.206 I (356) octal_psram: DriveStrength: 0x00 (1/1)
1791638051.206 I (360) esp_psram: Found 8MB PSRAM device
1791638051.206 I (364) esp_psram: Speed: 40MHz
1791638051.206 I (367) cpu_start: Multicore app
1791638052.263 I (1101) esp_psram: SPI SRAM memory test OK
1791638052.263 I (1111) cpu_start: GPIO 44 and 43 are used as console UART I/O pins
1791638052.263 I (1111) cpu_start: Pro cpu start user code
1791638052.263 I (1111) cpu_start: cpu freq: 160000000 Hz
1791638052.263 I (1113) app_init: Application information:
1791638052.263 I (1117) app_init: Project name:     potluck_m0
1791638052.263 I (1121) app_init: App version:      deploy-and-detach-169-g599260f-
1791638052.263 I (1127) app_init: Compile time:     Oct 10 2026 15:06:06
1791638052.263 I (1133) app_init: ELF file SHA256:  9e003c921...
1791638052.263 I (1137) app_init: ESP-IDF:          v6.0.2
1791638052.263 I (1141) efuse_init: Min chip rev:     v0.0
1791638052.263 I (1145) efuse_init: Max chip rev:     v0.99
1791638052.263 I (1149) efuse_init: Chip rev:         v0.2
1791638052.263 I (1153) heap_init: Initializing. RAM available for dynamic allocation:
1791638052.263 I (1159) heap_init: At 3FCACD60 len 0003C9B0 (242 KiB): RAM
1791638052.263 I (1164) heap_init: At 3FCE9710 len 00005724 (21 KiB): RAM
1791638052.263 I (1170) heap_init: At 3FCF0000 len 00008000 (32 KiB): DRAM
1791638052.263 I (1175) heap_init: At 600FE000 len 00001FE8 (7 KiB): RTCRAM
1791638052.263 I (1181) esp_psram: Adding pool of 8151K of PSRAM memory to heap allocator
1791638052.263 I (1188) spi_flash: detected chip: generic
1791638052.263 I (1191) spi_flash: flash io: dio
1791638052.263 I (1195) sleep_gpio: Configure to isolate all GPIO pins in sleep state
1791638052.263 I (1200) sleep_gpio: Enable automatic switching of GPIO sleep configuration
1791638052.263 I (1207) main_task: Started on CPU0
1791638052.263 I (1230) esp_psram: Reserving pool of 32K of internal memory for DMA/internal allocations
1791638052.263 I (1231) main_task: Calling app_main()
1791638052.263 I (1245) pot.m0: channel 1 from the last boot (build default 1)
1791638052.263 I (1246) pp: pp rom version: e7ae62f
1791638052.263 I (1247) net80211: net80211 rom version: e7ae62f
1791638052.263 I (1249) wifi:wifi driver task: 3fcee984, prio:23, stack:6656, core=0
1791638052.263 I (1254) wifi:wifi firmware version: 00ad238
1791638052.263 I (1257) wifi:wifi certification version: v7.0
1791638052.263 I (1261) wifi:config NVS flash: disabled
1791638052.263 I (1265) wifi:config nano formatting: disabled
1791638052.263 I (1269) wifi:Init data frame dynamic rx buffer num: 16
1791638052.263 I (1274) wifi:Init static rx mgmt buffer num: 5
1791638052.263 I (1278) wifi:Init management short buffer num: 32
1791638052.263 I (1283) wifi:Init dynamic tx buffer num: 32
1791638052.263 I (1287) wifi:Init static tx FG buffer num: 2
1791638052.263 I (1291) wifi:Init static rx buffer size: 1600
1791638052.263 I (1295) wifi:Init static rx buffer num: 6
1791638052.263 I (1299) wifi:Init dynamic rx buffer num: 16
1791638052.263 I (1304) wifi_init: accept mbox: 6
1791638052.263 I (1306) wifi_init: tcpip mbox: 32
1791638052.263 I (1309) wifi_init: udp mbox: 6
1791638052.263 I (1312) wifi_init: tcp mbox: 6
1791638052.263 I (1315) wifi_init: tcp tx win: 5760
1791638052.263 I (1318) wifi_init: tcp rx win: 5760
1791638052.263 I (1322) wifi_init: tcp mss: 1440
1791638052.263 I (1325) wifi_init: WiFi IRAM OP enabled
1791638052.263 I (1328) wifi_init: WiFi RX IRAM OP enabled
1791638052.263 I (1333) phy_init: phy_version 712,87e8c20e,Apr 13 2026,18:51:10
1791638052.263 I (1406) wifi:mode : sta (b8:1f:3f:da:63:00)
1791638052.263 I (1407) wifi:enable tsf
1791638052.263 I (1408) wifi:Set ps type: 0, coexist: 0
1791638052.263 
1791638052.263 I (1410) ESPNOW: espnow [version: 2.0] init
1791638052.263 I (1410) pot.espnow: esp-now v2 up on channel 1, mac b8:1f:3f:da:63:00
1791638052.263 I (1418) pot.epoch: boot epoch 245
1791638052.263 I (1419) pot.m0: namespace: 6 resources declared
1791638052.263 I (1424) pot.serial: frame link on UART1, tx=17 rx=18, 921600 baud
1791638052.263 I (1430) pot.m0: status LED on GPIO48 and GPIO38; self-test red, green, blue
1791638054.072 I (2939) pot.m0: deploy: image counter 24, digest 682b3a05..., 1 actor(s) in the image
1791638054.072 I (2939) pot.m0: deploy: boot confirmed, running slot A, trial boot 0/3, counter 24
1791638054.072 I (2944) pot.m0: fw: running ota_0 (deploy-and-detach-169-g599260f-), counter 5, floor 3, ON TRIAL; spare slot ota_1, 2048 KB
1791638054.072 I (2954) pot.m0: reconciler: 1 portable actor(s)
1791638054.072 {"t":"enrol","node":25344,"pub":"b8bc667283c59cc9c247fcaa4d4202779018c9532e92329507b8eaf3f19af4ea","enrolled":1,"ca_fp":"ef76cc2e"}
1791638054.072 I (2970) pot.m0: auth: enrolled, required
1791638054.072 I (2974) pot.m0: Potluck M0 node 0x6300 epoch 245, heartbeat 100 ms x 6 misses = 600 ms
1791638054.072 I (2982) main_task: Returned from app_main()
1791638054.072 {"t":"boot","node":25344,"epoch":245,"mac":"b8:1f:3f:da:63:00","espnow_ver":2,"chan":1,"hb_period_ms":100,"hb_miss_limit":6,"fw":"deploy-and-detach-169-g599260f-","idf":"v6.0.2","dram":{"at_boot":288335,"after_nvs":288335,"after_netif":280519,"after_wifi_init":249967,"after_wifi_start":248263,"after_espnow":248111,"largest_block":172032,"wifi_stack":32256,"espnow":152,"total_to_radio":40224}}
1791638054.072 I (3025) pot.m0: beacon mode: broadcast_beacon
1791638054.072 I (3154) pot.m0: discovered peer 0x7368
1791638054.072 I (3155) pot.m0: peer 0x7368 pinned to ESP-NOW v2, payload cap 1446 B
1791638054.073 I (3241) pot.m0: discovered peer 0x8160
1791638054.073 I (3242) pot.m0: peer 0x8160 pinned to ESP-NOW v2, payload cap 1446 B
1791638060.400 I (9573) pot.m0: discovered peer 0x00fe
1791638064.017 {"t":"clk","node":25344,"up_ms":11846}
1791638064.017 {"t":"led","node":25344,"shows":"green","app":0}
1791638064.017 {"t":"event","at_ms":1973,"node":25344,"kind":"peer_discovered","peer":29544,"slot":0,"a":172,"b":0}
1791638064.017 {"t":"event","at_ms":1974,"node":25344,"kind":"version_pinned","peer":29544,"slot":0,"a":2,"b":1446}
1791638064.017 {"t":"event","at_ms":1975,"node":25344,"kind":"peer_alive","peer":29544,"slot":0,"a":0,"b":0}
1791638064.017 {"t":"event","at_ms":1977,"node":25344,"kind":"peer_admitted","peer":29544,"slot":0,"a":0,"b":0}
1791638064.017 {"t":"event","at_ms":2060,"node":25344,"kind":"peer_discovered","peer":33120,"slot":1,"a":294,"b":0}
1791638064.017 {"t":"event","at_ms":2061,"node":25344,"kind":"version_pinned","peer":33120,"slot":1,"a":2,"b":1446}
1791638064.017 {"t":"event","at_ms":2062,"node":25344,"kind":"peer_alive","peer":33120,"slot":1,"a":0,"b":0}
1791638064.017 {"t":"event","at_ms":2064,"node":25344,"kind":"peer_admitted","peer":33120,"slot":1,"a":0,"b":0}
1791638064.017 {"t":"event","at_ms":2068,"node":25344,"kind":"actor_owner","peer":29544,"slot":255,"a":1245650351,"b":10}
1791638064.017 {"t":"event","at_ms":2608,"node":25344,"kind":"peer_admitted","peer":33120,"slot":1,"a":0,"b":0}
1791638064.017 {"t":"event","at_ms":3277,"node":25344,"kind":"peer_admitted","peer":29544,"slot":0,"a":0,"b":0}
1791638064.017 {"t":"event","at_ms":4607,"node":25344,"kind":"peer_admitted","peer":33120,"slot":1,"a":0,"b":0}
1791638064.017 {"t":"event","at_ms":5277,"node":25344,"kind":"peer_admitted","peer":29544,"slot":0,"a":0,"b":0}
1791638064.017 {"t":"event","at_ms":6607,"node":25344,"kind":"peer_admitted","peer":33120,"slot":1,"a":0,"b":0}
1791638064.017 I (13176) pot.m0: fw: trial passed after 100 heartbeats with 2 radio peer(s) - counter 5 CONFIRMED
1791638064.017 {"t":"event","at_ms":7277,"node":25344,"kind":"peer_admitted","peer":29544,"slot":0,"a":0,"b":0}
1791638064.017 {"t":"event","at_ms":7841,"node":25344,"kind":"actor_owner","peer":0,"slot":255,"a":1245650351,"b":0}
1791638064.017 {"t":"event","at_ms":7841,"node":25344,"kind":"actor_started","peer":25344,"slot":255,"a":1245650351,"b":11}
1791638064.017 {"t":"event","at_ms":7841,"node":25344,"kind":"actor_owner","peer":25344,"slot":255,"a":1245650351,"b":11}
1791638064.017 {"t":"event","at_ms":8392,"node":25344,"kind":"peer_discovered","peer":254,"slot":2,"a":0,"b":0}
1791638064.017 {"t":"event","at_ms":8393,"node":25344,"kind":"peer_alive","peer":254,"slot":2,"a":0,"b":0}
1791638064.017 {"t":"event","at_ms":8393,"node":25344,"kind":"peer_admitted","peer":254,"slot":2,"a":0,"b":0}
1791638064.017 {"t":"event","at_ms":8607,"node":25344,"kind":"peer_admitted","peer":33120,"slot":1,"a":0,"b":0}
1791638064.017 {"t":"event","at_ms":9277,"node":25344,"kind":"peer_admitted","peer":29544,"slot":0,"a":0,"b":0}
1791638064.017 {"t":"event","at_ms":10607,"node":25344,"kind":"peer_admitted","peer":33120,"slot":1,"a":0,"b":0}
1791638064.017 {"t":"event","at_ms":11277,"node":25344,"kind":"peer_admitted","peer":29544,"slot":0,"a":0,"b":0}
1791638064.017 {"t":"link","up_ms":12095,"node":25344,"peer":29544,"mac":"b8:1f:3f:da:73:68","state":"alive","epoch":172,"espnow_ver":2,"mtu":1446,"misses":0,"rssi":-28,"tx":{"frames":35,"cb_ok":35,"cb_fail":0,"enqueue_err":0,"pdr_ppm":1000000},"rx":{"frames":146,"lost_seqgap":0,"reorder_dup":0,"dropped_bad":0,"hb_lost":2,"bcast_frames":101,"pdr_ppm":1000000},"rtt":{"samples":4,"min_us":5572,"max_us":7593,"timeouts":0,"txq_last_us":0,"txq_max_us":0,"remote_turnaround_us":868,"remote_turnaround_max_us":868,"p50_us":[4000,6000],"p99_us":[6000,8000],"hist":[0,0,0,0,3,1,0,0,0,0,0,0,0,0,0,0]}}
1791638064.017 {"t":"link","up_ms":12148,"node":25344,"peer":33120,"mac":"b8:1f:3f:da:81:60","state":"alive","epoch":294,"espnow_ver":2,"mtu":1446,"misses":0,"rssi":-20,"tx":{"frames":36,"cb_ok":36,"cb_fail":0,"enqueue_err":0,"pdr_ppm":1000000},"rx":{"frames":145,"lost_seqgap":2,"reorder_dup":0,"dropped_bad":0,"hb_lost":0,"bcast_frames":102,"pdr_ppm":986394},"rtt":{"samples":4,"min_us":5874,"max_us":7559,"timeouts":0,"txq_last_us":0,"txq_max_us":0,"remote_turnaround_us":965,"remote_turnaround_max_us":967,"p50_us":[4000,6000],"p99_us":[6000,8000],"hist":[0,0,0,0,3,1,0,0,0,0,0,0,0,0,0,0]}}
1791638064.525 {"t":"link","up_ms":12192,"node":25344,"peer":254,"mac":"02:00:00:00:00:fe","state":"alive","epoch":0,"espnow_ver":0,"mtu":226,"misses":0,"rssi":0,"tx":{"frames":10,"cb_ok":0,"cb_fail":0,"enqueue_err":0,"pdr_ppm":null},"rx":{"frames":39,"lost_seqgap":0,"reorder_dup":0,"dropped_bad":0,"hb_lost":0,"bcast_frames":0,"pdr_ppm":1000000},"rtt":{"samples":2,"min_us":53023,"max_us":70004,"timeouts":0,"txq_last_us":0,"txq_max_us":0,"remote_turnaround_us":13,"remote_turnaround_max_us":13,"p50_us":[42000,60000],"p99_us":[60000,85000],"hist":[0,0,0,0,0,0,0,0,0,0,0,1,1,0,0,0]}}
1791638064.525 {"t":"auth","node":25344,"up_ms":12245,"enrolled":1,"required":1,"verified_peers":2,"verified":2,"cache_hits":10,"refused":0,"rate_limited":0,"stale_epoch":0,"verify_us_max":83580,"link_stack_free_b":820,"crypto_stack_free_b":1268,"tags_ok":77,"bad_tag":0,"replayed":0,"untagged":0,"bcast_dropped":0,"beacon_epoch_ignored":0,"tag_us_max":998}
1791638064.525 {"t":"act","node":25344,"setpoint":0,"has_value":0,"writes_served":0}
1791638064.525 {"t":"peers","node":25344,"own_period_ms":100,"own_busy":0,"channel":1,"scanning":0,"scans":0,"hops":0,"found":0,"lost_to_found_ms":0,"moves_followed":0,"moves_refused":0,"sweeps":0,"sweep_found":0,"sweeping":0,"search_visits":0,"relay":0,"fwd_u":0,"fwd_b":0,"fwd_h":0,"relay_dup":106,"list":[{"id":29544,"state":"alive","via_relay":0,"period_ms":100,"misses":6,"busy":1,"rtt_n":4},{"id":33120,"state":"alive","via_relay":0,"period_ms":100,"misses":6,"busy":0,"rtt_n":4},{"id":254,"state":"alive","via_relay":0,"period_ms":100,"misses":6,"busy":0,"rtt_n":2}]}
1791638064.525 {"t":"ss","node":25344,"accepted":0,"unsigned":0,"unknown_sender":0,"bad_signature":0,"replayed":0,"rate_limited":0,"verify_us_max":0,"floors":[]}
1791638064.525 {"t":"rec","node":25344,"up_ms":12341,"settled":1,"sent":47,"received":42,"malformed":0,"views":2,"replies_fenced":0,"actors":[{"key":1245650351,"running":1,"term":11,"owner":25344,"owner_term":11,"assigned":254,"starts":1,"fenced":0,"released":0}]}
1791638064.525 {"t":"node","up_ms":12367,"node":25344,"epoch":245,"peers_alive":3,"peers_dead":0,"no_radio":0,"free_dram":250307,"largest_block":172032,"rx":{"total":632,"bad_frame":0,"unknown_peer":79,"wrong_dst":0,"short_payload":0,"unknown_opcode":0,"queue_dropped":51},"tx":{"total":195,"enqueue_err":0,"done_queue_dropped":0},"membership":{"deaths":0,"revivals":0,"reboots_seen":0,"table_full":0,"events_dropped":0}}
1791638064.525 {"t":"ns","node":25344,"hash":2410274060,"owner":25344,"kind":"sampled","unit":100,"class":4,"bound_ms":0,"quality":"GOOD","age_ms":549,"ts":11848,"updates":1,"value":245}
1791638064.525 {"t":"ns","node":25344,"hash":1274253983,"owner":25344,"kind":"sampled","unit":0,"class":4,"bound_ms":5000,"quality":"GOOD","age_ms":563,"ts":11848,"updates":1,"value":-28}
1791638064.525 {"t":"ns","node":25344,"hash":3354298913,"owner":25344,"kind":"sampled","unit":100,"class":4,"bound_ms":5000,"quality":"GOOD","age_ms":577,"ts":11848,"updates":1,"value":3}
1791638064.525 {"t":"ns","node":25344,"hash":1771187623,"owner":25344,"kind":"sampled","unit":101,"class":4,"bound_ms":30000,"quality":"GOOD","age_ms":602,"ts":11848,"updates":1,"value":250307}
1791638064.525 {"t":"ns","node":25344,"hash":1245650351,"owner":25344,"kind":"sampled","unit":0,"class":3,"bound_ms":500,"quality":"GOOD","age_ms":99,"ts":12365,"updates":46,"value":1660944430}
1791638064.525 {"t":"ns","node":25344,"hash":2033492666,"owner":25344,"kind":"sampled","unit":0,"class":3,"bound_ms":0,"quality":"NO_DATA","age_ms":0,"ts":0,"updates":0,"value":null}
1791638064.525 {"t":"ns","node":25344,"hash":4103947588,"owner":25344,"kind":"sampled","unit":80,"class":4,"bound_ms":30000,"quality":"GOOD","age_ms":644,"ts":11848,"updates":1,"value":11}
1791638064.525 {"t":"ns","node":25344,"hash":1662441583,"owner":25344,"kind":"sampled","unit":101,"class":4,"bound_ms":30000,"quality":"GOOD","age_ms":658,"ts":11848,"updates":1,"value":172032}
1791638065.065 W (14245) pot.m0: peer 0x00fe declared DEAD after 6 misses (624 ms silent)
1791638074.666 {"t":"clk","node":25344,"up_ms":22521}
1791638074.666 {"t":"led","node":25344,"shows":"red","app":0}
1791638074.666 {"t":"event","at_ms":12607,"node":25344,"kind":"peer_admitted","peer":33120,"slot":1,"a":0,"b":0}
1791638074.666 {"t":"event","at_ms":13064,"node":25344,"kind":"peer_dead","peer":254,"slot":2,"a":6,"b":624}
1791638074.666 {"t":"event","at_ms":13277,"node":25344,"kind":"peer_admitted","peer":29544,"slot":0,"a":0,"b":0}
1791638074.666 {"t":"event","at_ms":14607,"node":25344,"kind":"peer_admitted","peer":33120,"slot":1,"a":0,"b":0}
1791638074.666 {"t":"event","at_ms":15277,"node":25344,"kind":"peer_admitted","peer":29544,"slot":0,"a":0,"b":0}
1791638074.666 {"t":"event","at_ms":15801,"node":25344,"kind":"probe_timeout","peer":254,"slot":2,"a":10,"b":0}
1791638074.666 {"t":"event","at_ms":16607,"node":25344,"kind":"peer_admitted","peer":33120,"slot":1,"a":0,"b":0}
1791638074.666 {"t":"event","at_ms":17279,"node":25344,"kind":"peer_admitted","peer":29544,"slot":0,"a":0,"b":0}
1791638074.666 {"t":"event","at_ms":18607,"node":25344,"kind":"peer_admitted","peer":33120,"slot":1,"a":0,"b":0}
1791638074.666 {"t":"event","at_ms":18801,"node":25344,"kind":"probe_timeout","peer":254,"slot":2,"a":11,"b":0}
1791638074.666 {"t":"event","at_ms":19277,"node":25344,"kind":"peer_admitted","peer":29544,"slot":0,"a":0,"b":0}
1791638074.666 {"t":"event","at_ms":20607,"node":25344,"kind":"peer_admitted","peer":33120,"slot":1,"a":0,"b":0}
1791638074.666 {"t":"event","at_ms":21278,"node":25344,"kind":"peer_admitted","peer":29544,"slot":0,"a":0,"b":0}
1791638074.666 {"t":"event","at_ms":21801,"node":25344,"kind":"probe_timeout","peer":254,"slot":2,"a":12,"b":0}
1791638074.666 {"t":"event","at_ms":22609,"node":25344,"kind":"peer_admitted","peer":33120,"slot":1,"a":0,"b":0}
1791638074.666 {"t":"link","up_ms":22647,"node":25344,"peer":29544,"mac":"b8:1f:3f:da:73:68","state":"alive","epoch":172,"espnow_ver":2,"mtu":1446,"misses":0,"rssi":-28,"tx":{"frames":70,"cb_ok":70,"cb_fail":0,"enqueue_err":0,"pdr_ppm":1000000},"rx":{"frames":293,"lost_seqgap":0,"reorder_dup":0,"dropped_bad":0,"hb_lost":2,"bcast_frames":207,"pdr_ppm":1000000},"rtt":{"samples":8,"min_us":5572,"max_us":7593,"timeouts":0,"txq_last_us":0,"txq_max_us":0,"remote_turnaround_us":865,"remote_turnaround_max_us":868,"p50_us":[4000,6000],"p99_us":[6000,8000],"hist":[0,0,0,0,7,1,0,0,0,0,0,0,0,0,0,0]}}
1791638074.666 {"t":"link","up_ms":22701,"node":25344,"peer":33120,"mac":"b8:1f:3f:da:81:60","state":"alive","epoch":294,"espnow_ver":2,"mtu":1446,"misses":0,"rssi":-20,"tx":{"frames":71,"cb_ok":71,"cb_fail":0,"enqueue_err":0,"pdr_ppm":1000000},"rx":{"frames":291,"lost_seqgap":2,"reorder_dup":0,"dropped_bad":0,"hb_lost":0,"bcast_frames":207,"pdr_ppm":993174},"rtt":{"samples":7,"min_us":5827,"max_us":7559,"timeouts":0,"txq_last_us":0,"txq_max_us":0,"remote_turnaround_us":963,"remote_turnaround_max_us":967,"p50_us":[4000,6000],"p99_us":[6000,8000],"hist":[0,0,0,0,6,1,0,0,0,0,0,0,0,0,0,0]}}
1791638074.666 {"t":"link","up_ms":22754,"node":25344,"peer":254,"mac":"02:00:00:00:00:fe","state":"dead","epoch":0,"espnow_ver":0,"mtu":226,"misses":6,"rssi":0,"tx":{"frames":15,"cb_ok":0,"cb_fail":0,"enqueue_err":0,"pdr_ppm":null},"rx":{"frames":43,"lost_seqgap":0,"reorder_dup":0,"dropped_bad":0,"hb_lost":0,"bcast_frames":0,"pdr_ppm":1000000},"rtt":{"samples":2,"min_us":53023,"max_us":70004,"timeouts":3,"txq_last_us":0,"txq_max_us":0,"remote_turnaround_us":13,"remote_turnaround_max_us":13,"p50_us":[42000,60000],"p99_us":[60000,85000],"hist":[0,0,0,0,0,0,0,0,0,0,0,1,1,0,0,0]}}
1791638074.666 {"t":"auth","node":25344,"up_ms":22797,"enrolled":1,"required":1,"verified_peers":2,"verified":2,"cache_hits":21,"refused":0,"rate_limited":0,"stale_epoch":0,"verify_us_max":83580,"link_stack_free_b":820,"crypto_stack_free_b":1268,"tags_ok":147,"bad_tag":0,"replayed":0,"untagged":0,"bcast_dropped":0,"beacon_epoch_ignored":0,"tag_us_max":998}
1791638074.666 {"t":"act","node":25344,"setpoint":0,"has_value":0,"writes_served":0}
1791638075.089 {"t":"peers","node":25344,"own_period_ms":100,"own_busy":0,"channel":1,"scanning":0,"scans":0,"hops":0,"found":0,"lost_to_found_ms":0,"moves_followed":0,"moves_refused":0,"sweeps":0,"sweep_found":0,"sweeping":0,"search_visits":0,"relay":0,"fwd_u":0,"fwd_b":0,"fwd_h":0,"relay_dup":216,"list":[{"id":29544,"state":"alive","via_relay":0,"period_ms":100,"misses":6,"busy":1,"rtt_n":8},{"id":33120,"state":"alive","via_relay":0,"period_ms":100,"misses":6,"busy":0,"rtt_n":8},{"id":254,"state":"dead","via_relay":0,"period_ms":100,"misses":6,"busy":0,"rtt_n":2}]}
1791638075.089 {"t":"ss","node":25344,"accepted":0,"unsigned":0,"unknown_sender":0,"bad_signature":0,"replayed":0,"rate_limited":0,"verify_us_max":0,"floors":[]}
1791638075.089 {"t":"rec","node":25344,"up_ms":22904,"settled":1,"sent":89,"received":85,"malformed":0,"views":3,"replies_fenced":0,"actors":[{"key":1245650351,"running":1,"term":11,"owner":25344,"owner_term":11,"assigned":25344,"starts":1,"fenced":0,"released":0}]}
1791638075.089 {"t":"node","up_ms":22919,"node":25344,"epoch":245,"peers_alive":2,"peers_dead":1,"no_radio":0,"free_dram":250307,"largest_block":172032,"rx":{"total":1147,"bad_frame":0,"unknown_peer":79,"wrong_dst":0,"short_payload":0,"unknown_opcode":0,"queue_dropped":51},"tx":{"total":381,"enqueue_err":0,"done_queue_dropped":0},"membership":{"deaths":1,"revivals":0,"reboots_seen":0,"table_full":0,"events_dropped":0}}
1791638075.089 {"t":"ns","node":25344,"hash":2410274060,"owner":25344,"kind":"sampled","unit":100,"class":4,"bound_ms":0,"quality":"GOOD","age_ms":437,"ts":22522,"updates":2,"value":245}
1791638075.089 {"t":"ns","node":25344,"hash":1274253983,"owner":25344,"kind":"sampled","unit":0,"class":4,"bound_ms":5000,"quality":"GOOD","age_ms":450,"ts":22523,"updates":2,"value":-28}
1791638075.089 {"t":"ns","node":25344,"hash":3354298913,"owner":25344,"kind":"sampled","unit":100,"class":4,"bound_ms":5000,"quality":"GOOD","age_ms":465,"ts":22522,"updates":2,"value":2}
1791638075.089 {"t":"ns","node":25344,"hash":1771187623,"owner":25344,"kind":"sampled","unit":101,"class":4,"bound_ms":30000,"quality":"GOOD","age_ms":479,"ts":22522,"updates":2,"value":250307}
1791638075.089 {"t":"ns","node":25344,"hash":1245650351,"owner":25344,"kind":"sampled","unit":0,"class":3,"bound_ms":500,"quality":"GOOD","age_ms":50,"ts":22965,"updates":152,"value":1660944536}
1791638075.089 {"t":"ns","node":25344,"hash":2033492666,"owner":25344,"kind":"sampled","unit":0,"class":3,"bound_ms":0,"quality":"NO_DATA","age_ms":0,"ts":0,"updates":0,"value":null}
1791638075.089 {"t":"ns","node":25344,"hash":4103947588,"owner":25344,"kind":"sampled","unit":80,"class":4,"bound_ms":30000,"quality":"GOOD","age_ms":521,"ts":22522,"updates":2,"value":22}
1791638075.089 {"t":"ns","node":25344,"hash":1662441583,"owner":25344,"kind":"sampled","unit":101,"class":4,"bound_ms":30000,"quality":"GOOD","age_ms":547,"ts":22522,"updates":2,"value":172032}
1791638085.230 {"t":"clk","node":25344,"up_ms":33084}
1791638085.230 {"t":"led","node":25344,"shows":"red","app":0}
1791638085.230 {"t":"event","at_ms":23277,"node":25344,"kind":"peer_admitted","peer":29544,"slot":0,"a":0,"b":0}
1791638085.230 {"t":"event","at_ms":24607,"node":25344,"kind":"peer_admitted","peer":33120,"slot":1,"a":0,"b":0}
1791638085.230 {"t":"event","at_ms":24801,"node":25344,"kind":"probe_timeout","peer":254,"slot":2,"a":13,"b":0}
1791638085.230 {"t":"event","at_ms":25277,"node":25344,"kind":"peer_admitted","peer":29544,"slot":0,"a":0,"b":0}
1791638085.230 {"t":"event","at_ms":26607,"node":25344,"kind":"peer_admitted","peer":33120,"slot":1,"a":0,"b":0}
1791638085.230 {"t":"event","at_ms":27277,"node":25344,"kind":"peer_admitted","peer":29544,"slot":0,"a":0,"b":0}
1791638085.230 {"t":"event","at_ms":27801,"node":25344,"kind":"probe_timeout","peer":254,"slot":2,"a":14,"b":0}
1791638085.230 {"t":"event","at_ms":28618,"node":25344,"kind":"peer_admitted","peer":33120,"slot":1,"a":0,"b":0}
1791638085.230 {"t":"event","at_ms":29277,"node":25344,"kind":"peer_admitted","peer":29544,"slot":0,"a":0,"b":0}
1791638085.230 {"t":"event","at_ms":30607,"node":25344,"kind":"peer_admitted","peer":33120,"slot":1,"a":0,"b":0}
1791638085.230 {"t":"event","at_ms":30801,"node":25344,"kind":"probe_timeout","peer":254,"slot":2,"a":15,"b":0}
1791638085.230 {"t":"event","at_ms":31277,"node":25344,"kind":"peer_admitted","peer":29544,"slot":0,"a":0,"b":0}
1791638085.230 {"t":"event","at_ms":32607,"node":25344,"kind":"peer_admitted","peer":33120,"slot":1,"a":0,"b":0}
1791638085.230 {"t":"link","up_ms":33196,"node":25344,"peer":29544,"mac":"b8:1f:3f:da:73:68","state":"alive","epoch":172,"espnow_ver":2,"mtu":1446,"misses":0,"rssi":-28,"tx":{"frames":104,"cb_ok":104,"cb_fail":0,"enqueue_err":0,"pdr_ppm":1000000},"rx":{"frames":437,"lost_seqgap":0,"reorder_dup":0,"dropped_bad":0,"hb_lost":2,"bcast_frames":312,"pdr_ppm":1000000},"rtt":{"samples":11,"min_us":5572,"max_us":7593,"timeouts":0,"txq_last_us":0,"txq_max_us":0,"remote_turnaround_us":849,"remote_turnaround_max_us":868,"p50_us":[4000,6000],"p99_us":[6000,8000],"hist":[0,0,0,0,9,2,0,0,0,0,0,0,0,0,0,0]}}
1791638085.230 {"t":"link","up_ms":33250,"node":25344,"peer":33120,"mac":"b8:1f:3f:da:81:60","state":"alive","epoch":294,"espnow_ver":2,"mtu":1446,"misses":0,"rssi":-20,"tx":{"frames":106,"cb_ok":106,"cb_fail":0,"enqueue_err":0,"pdr_ppm":1000000},"rx":{"frames":437,"lost_seqgap":2,"reorder_dup":0,"dropped_bad":0,"hb_lost":0,"bcast_frames":313,"pdr_ppm":995444},"rtt":{"samples":11,"min_us":5827,"max_us":7559,"timeouts":0,"txq_last_us":0,"txq_max_us":0,"remote_turnaround_us":952,"remote_turnaround_max_us":967,"p50_us":[4000,6000],"p99_us":[6000,8000],"hist":[0,0,0,0,10,1,0,0,0,0,0,0,0,0,0,0]}}
1791638085.230 {"t":"link","up_ms":33304,"node":25344,"peer":254,"mac":"02:00:00:00:00:fe","state":"dead","epoch":0,"espnow_ver":0,"mtu":226,"misses":6,"rssi":0,"tx":{"frames":19,"cb_ok":0,"cb_fail":0,"enqueue_err":0,"pdr_ppm":null},"rx":{"frames":43,"lost_seqgap":0,"reorder_dup":0,"dropped_bad":0,"hb_lost":0,"bcast_frames":0,"pdr_ppm":1000000},"rtt":{"samples":2,"min_us":53023,"max_us":70004,"timeouts":6,"txq_last_us":0,"txq_max_us":0,"remote_turnaround_us":13,"remote_turnaround_max_us":13,"p50_us":[42000,60000],"p99_us":[60000,85000],"hist":[0,0,0,0,0,0,0,0,0,0,0,1,1,0,0,0]}}
1791638085.230 {"t":"auth","node":25344,"up_ms":33347,"enrolled":1,"required":1,"verified_peers":2,"verified":2,"cache_hits":32,"refused":0,"rate_limited":0,"stale_epoch":0,"verify_us_max":83580,"link_stack_free_b":820,"crypto_stack_free_b":1268,"tags_ok":216,"bad_tag":0,"replayed":0,"untagged":0,"bcast_dropped":0,"beacon_epoch_ignored":0,"tag_us_max":998}
1791638085.230 {"t":"act","node":25344,"setpoint":0,"has_value":0,"writes_served":0}
1791638085.230 {"t":"peers","node":25344,"own_period_ms":100,"own_busy":0,"channel":1,"scanning":0,"scans":0,"hops":0,"found":0,"lost_to_found_ms":0,"moves_followed":0,"moves_refused":0,"sweeps":0,"sweep_found":0,"sweeping":0,"search_visits":0,"relay":0,"fwd_u":0,"fwd_b":0,"fwd_h":0,"relay_dup":327,"list":[{"id":29544,"state":"alive","via_relay":0,"period_ms":100,"misses":6,"busy":1,"rtt_n":11},{"id":33120,"state":"alive","via_relay":0,"period_ms":100,"misses":6,"busy":0,"rtt_n":11},{"id":254,"state":"dead","via_relay":0,"period_ms":100,"misses":6,"busy":0,"rtt_n":2}]}
1791638085.623 {"t":"ss","node":25344,"accepted":0,"unsigned":0,"unknown_sender":0,"bad_signature":0,"replayed":0,"rate_limited":0,"verify_us_max":0,"floors":[]}
1791638085.623 {"t":"rec","node":25344,"up_ms":33442,"settled":1,"sent":131,"received":128,"malformed":0,"views":3,"replies_fenced":0,"actors":[{"key":1245650351,"running":1,"term":11,"owner":25344,"owner_term":11,"assigned":25344,"starts":1,"fenced":0,"released":0}]}
1791638085.623 {"t":"node","up_ms":33469,"node":25344,"epoch":245,"peers_alive":2,"peers_dead":1,"no_radio":0,"free_dram":250307,"largest_block":172032,"rx":{"total":1661,"bad_frame":0,"unknown_peer":79,"wrong_dst":0,"short_payload":0,"unknown_opcode":0,"queue_dropped":51},"tx":{"total":566,"enqueue_err":0,"done_queue_dropped":0},"membership":{"deaths":1,"revivals":0,"reboots_seen":0,"table_full":0,"events_dropped":0}}
1791638085.623 {"t":"ns","node":25344,"hash":2410274060,"owner":25344,"kind":"sampled","unit":100,"class":4,"bound_ms":0,"quality":"GOOD","age_ms":423,"ts":33085,"updates":3,"value":245}
1791638085.623 {"t":"ns","node":25344,"hash":1274253983,"owner":25344,"kind":"sampled","unit":0,"class":4,"bound_ms":5000,"quality":"GOOD","age_ms":436,"ts":33086,"updates":3,"value":-28}
1791638085.623 {"t":"ns","node":25344,"hash":3354298913,"owner":25344,"kind":"sampled","unit":100,"class":4,"bound_ms":5000,"quality":"GOOD","age_ms":451,"ts":33085,"updates":3,"value":2}
1791638085.623 {"t":"ns","node":25344,"hash":1771187623,"owner":25344,"kind":"sampled","unit":101,"class":4,"bound_ms":30000,"quality":"GOOD","age_ms":465,"ts":33085,"updates":3,"value":250307}
1791638085.623 {"t":"ns","node":25344,"hash":1245650351,"owner":25344,"kind":"sampled","unit":0,"class":3,"bound_ms":500,"quality":"GOOD","age_ms":0,"ts":33565,"updates":258,"value":1660944642}
1791638085.623 {"t":"ns","node":25344,"hash":2033492666,"owner":25344,"kind":"sampled","unit":0,"class":3,"bound_ms":0,"quality":"NO_DATA","age_ms":0,"ts":0,"updates":0,"value":null}
1791638085.623 {"t":"ns","node":25344,"hash":4103947588,"owner":25344,"kind":"sampled","unit":80,"class":4,"bound_ms":30000,"quality":"GOOD","age_ms":509,"ts":33085,"updates":3,"value":33}
1791638085.623 {"t":"ns","node":25344,"hash":1662441583,"owner":25344,"kind":"sampled","unit":101,"class":4,"bound_ms":30000,"quality":"GOOD","age_ms":523,"ts":33085,"updates":3,"value":172032}
1791638095.766 {"t":"clk","node":25344,"up_ms":43622}
1791638095.766 {"t":"led","node":25344,"shows":"red","app":0}
1791638095.766 {"t":"event","at_ms":33277,"node":25344,"kind":"peer_admitted","peer":29544,"slot":0,"a":0,"b":0}
1791638095.766 {"t":"event","at_ms":33801,"node":25344,"kind":"probe_timeout","peer":254,"slot":2,"a":16,"b":0}
1791638095.766 {"t":"event","at_ms":34607,"node":25344,"kind":"peer_admitted","peer":33120,"slot":1,"a":0,"b":0}
1791638095.766 {"t":"event","at_ms":35278,"node":25344,"kind":"peer_admitted","peer":29544,"slot":0,"a":0,"b":0}
1791638095.766 {"t":"event","at_ms":36607,"node":25344,"kind":"peer_admitted","peer":33120,"slot":1,"a":0,"b":0}
1791638095.766 {"t":"event","at_ms":36801,"node":25344,"kind":"probe_timeout","peer":254,"slot":2,"a":17,"b":0}
1791638095.766 {"t":"event","at_ms":37277,"node":25344,"kind":"peer_admitted","peer":29544,"slot":0,"a":0,"b":0}
1791638095.766 {"t":"event","at_ms":38607,"node":25344,"kind":"peer_admitted","peer":33120,"slot":1,"a":0,"b":0}
1791638095.766 {"t":"event","at_ms":39277,"node":25344,"kind":"peer_admitted","peer":29544,"slot":0,"a":0,"b":0}
1791638095.766 {"t":"event","at_ms":39801,"node":25344,"kind":"probe_timeout","peer":254,"slot":2,"a":18,"b":0}
1791638095.766 {"t":"event","at_ms":40607,"node":25344,"kind":"peer_admitted","peer":33120,"slot":1,"a":0,"b":0}
1791638095.766 {"t":"event","at_ms":41277,"node":25344,"kind":"peer_admitted","peer":29544,"slot":0,"a":0,"b":0}
1791638095.766 {"t":"event","at_ms":42607,"node":25344,"kind":"peer_admitted","peer":33120,"slot":1,"a":0,"b":0}
1791638095.766 {"t":"event","at_ms":42801,"node":25344,"kind":"probe_timeout","peer":254,"slot":2,"a":19,"b":0}
1791638095.766 {"t":"event","at_ms":43277,"node":25344,"kind":"peer_admitted","peer":29544,"slot":0,"a":0,"b":0}
1791638095.766 {"t":"link","up_ms":43748,"node":25344,"peer":29544,"mac":"b8:1f:3f:da:73:68","state":"alive","epoch":172,"espnow_ver":2,"mtu":1446,"misses":0,"rssi":-28,"tx":{"frames":141,"cb_ok":141,"cb_fail":0,"enqueue_err":0,"pdr_ppm":1000000},"rx":{"frames":583,"lost_seqgap":0,"reorder_dup":0,"dropped_bad":0,"hb_lost":3,"bcast_frames":417,"pdr_ppm":1000000},"rtt":{"samples":15,"min_us":5558,"max_us":8591,"timeouts":0,"txq_last_us":3667,"txq_max_us":3667,"remote_turnaround_us":846,"remote_turnaround_max_us":868,"p50_us":[4000,6000],"p99_us":[8000,11000],"hist":[0,0,0,0,12,2,1,0,0,0,0,0,0,0,0,0]}}
1791638095.766 {"t":"link","up_ms":43803,"node":25344,"peer":33120,"mac":"b8:1f:3f:da:81:60","state":"alive","epoch":294,"espnow_ver":2,"mtu":1446,"misses":0,"rssi":-20,"tx":{"frames":141,"cb_ok":140,"cb_fail":0,"enqueue_err":0,"pdr_ppm":1000000},"rx":{"frames":581,"lost_seqgap":2,"reorder_dup":0,"dropped_bad":0,"hb_lost":0,"bcast_frames":418,"pdr_ppm":996569},"rtt":{"samples":14,"min_us":5827,"max_us":7559,"timeouts":0,"txq_last_us":0,"txq_max_us":0,"remote_turnaround_us":965,"remote_turnaround_max_us":967,"p50_us":[4000,6000],"p99_us":[6000,8000],"hist":[0,0,0,0,13,1,0,0,0,0,0,0,0,0,0,0]}}
1791638095.766 {"t":"link","up_ms":43857,"node":25344,"peer":254,"mac":"02:00:00:00:00:fe","state":"dead","epoch":0,"espnow_ver":0,"mtu":226,"misses":6,"rssi":0,"tx":{"frames":22,"cb_ok":0,"cb_fail":0,"enqueue_err":0,"pdr_ppm":null},"rx":{"frames":43,"lost_seqgap":0,"reorder_dup":0,"dropped_bad":0,"hb_lost":0,"bcast_frames":0,"pdr_ppm":1000000},"rtt":{"samples":2,"min_us":53023,"max_us":70004,"timeouts":10,"txq_last_us":0,"txq_max_us":0,"remote_turnaround_us":13,"remote_turnaround_max_us":13,"p50_us":[42000,60000],"p99_us":[60000,85000],"hist":[0,0,0,0,0,0,0,0,0,0,0,1,1,0,0,0]}}
1791638095.766 {"t":"auth","node":25344,"up_ms":43900,"enrolled":1,"required":1,"verified_peers":2,"verified":2,"cache_hits":42,"refused":0,"rate_limited":0,"stale_epoch":0,"verify_us_max":83580,"link_stack_free_b":820,"crypto_stack_free_b":1268,"tags_ok":289,"bad_tag":0,"replayed":0,"untagged":0,"bcast_dropped":0,"beacon_epoch_ignored":0,"tag_us_max":998}
1791638095.766 {"t":"act","node":25344,"setpoint":0,"has_value":0,"writes_served":0}
1791638096.186 {"t":"peers","node":25344,"own_period_ms":100,"own_busy":0,"channel":1,"scanning":0,"scans":0,"hops":0,"found":0,"lost_to_found_ms":0,"moves_followed":0,"moves_refused":0,"sweeps":0,"sweep_found":0,"sweeping":0,"search_visits":0,"relay":0,"fwd_u":0,"fwd_b":0,"fwd_h":0,"relay_dup":436,"list":[{"id":29544,"state":"alive","via_relay":0,"period_ms":100,"misses":6,"busy":1,"rtt_n":15},{"id":33120,"state":"alive","via_relay":0,"period_ms":100,"misses":6,"busy":0,"rtt_n":15},{"id":254,"state":"dead","via_relay":0,"period_ms":100,"misses":6,"busy":0,"rtt_n":2}]}
1791638096.186 {"t":"ss","node":25344,"accepted":0,"unsigned":0,"unknown_sender":0,"bad_signature":0,"replayed":0,"rate_limited":0,"verify_us_max":0,"floors":[]}
1791638096.186 {"t":"rec","node":25344,"up_ms":43997,"settled":1,"sent":174,"received":170,"malformed":0,"views":3,"replies_fenced":0,"actors":[{"key":1245650351,"running":1,"term":11,"owner":25344,"owner_term":11,"assigned":25344,"starts":1,"fenced":0,"released":0}]}
1791638096.186 {"t":"node","up_ms":44023,"node":25344,"epoch":245,"peers_alive":2,"peers_dead":1,"no_radio":0,"free_dram":250307,"largest_block":172032,"rx":{"total":2171,"bad_frame":0,"unknown_peer":79,"wrong_dst":0,"short_payload":0,"unknown_opcode":0,"queue_dropped":51},"tx":{"total":750,"enqueue_err":0,"done_queue_dropped":0},"membership":{"deaths":1,"revivals":0,"reboots_seen":0,"table_full":0,"events_dropped":0}}
1791638096.186 {"t":"ns","node":25344,"hash":2410274060,"owner":25344,"kind":"sampled","unit":100,"class":4,"bound_ms":0,"quality":"GOOD","age_ms":440,"ts":43623,"updates":4,"value":245}
1791638096.186 {"t":"ns","node":25344,"hash":1274253983,"owner":25344,"kind":"sampled","unit":0,"class":4,"bound_ms":5000,"quality":"GOOD","age_ms":453,"ts":43624,"updates":4,"value":-28}
1791638096.186 {"t":"ns","node":25344,"hash":3354298913,"owner":25344,"kind":"sampled","unit":100,"class":4,"bound_ms":5000,"quality":"GOOD","age_ms":468,"ts":43623,"updates":4,"value":2}
1791638096.186 {"t":"ns","node":25344,"hash":1771187623,"owner":25344,"kind":"sampled","unit":101,"class":4,"bound_ms":30000,"quality":"GOOD","age_ms":482,"ts":43623,"updates":4,"value":250307}
1791638096.186 {"t":"ns","node":25344,"hash":1245650351,"owner":25344,"kind":"sampled","unit":0,"class":3,"bound_ms":500,"quality":"GOOD","age_ms":54,"ts":44065,"updates":363,"value":1660944747}
1791638096.186 {"t":"ns","node":25344,"hash":2033492666,"owner":25344,"kind":"sampled","unit":0,"class":3,"bound_ms":0,"quality":"NO_DATA","age_ms":0,"ts":0,"updates":0,"value":null}
1791638096.186 {"t":"ns","node":25344,"hash":4103947588,"owner":25344,"kind":"sampled","unit":80,"class":4,"bound_ms":30000,"quality":"GOOD","age_ms":524,"ts":43623,"updates":4,"value":43}
1791638096.186 {"t":"ns","node":25344,"hash":1662441583,"owner":25344,"kind":"sampled","unit":101,"class":4,"bound_ms":30000,"quality":"GOOD","age_ms":538,"ts":43623,"updates":4,"value":172032}
1791638106.331 {"t":"clk","node":25344,"up_ms":54187}
1791638106.331 {"t":"led","node":25344,"shows":"red","app":0}
1791638106.331 {"t":"event","at_ms":44607,"node":25344,"kind":"peer_admitted","peer":33120,"slot":1,"a":0,"b":0}
1791638106.331 {"t":"event","at_ms":45277,"node":25344,"kind":"peer_admitted","peer":29544,"slot":0,"a":0,"b":0}
1791638106.331 {"t":"event","at_ms":45801,"node":25344,"kind":"probe_timeout","peer":254,"slot":2,"a":20,"b":0}
1791638106.331 {"t":"event","at_ms":46607,"node":25344,"kind":"peer_admitted","peer":33120,"slot":1,"a":0,"b":0}
1791638106.331 {"t":"event","at_ms":47277,"node":25344,"kind":"peer_admitted","peer":29544,"slot":0,"a":0,"b":0}
1791638106.331 {"t":"event","at_ms":48607,"node":25344,"kind":"peer_admitted","peer":33120,"slot":1,"a":0,"b":0}
1791638106.331 {"t":"event","at_ms":48801,"node":25344,"kind":"probe_timeout","peer":254,"slot":2,"a":21,"b":0}
1791638106.331 {"t":"event","at_ms":49277,"node":25344,"kind":"peer_admitted","peer":29544,"slot":0,"a":0,"b":0}
1791638106.331 {"t":"event","at_ms":50607,"node":25344,"kind":"peer_admitted","peer":33120,"slot":1,"a":0,"b":0}
1791638106.331 {"t":"event","at_ms":51277,"node":25344,"kind":"peer_admitted","peer":29544,"slot":0,"a":0,"b":0}
1791638106.331 {"t":"event","at_ms":51801,"node":25344,"kind":"probe_timeout","peer":254,"slot":2,"a":22,"b":0}
1791638106.331 {"t":"event","at_ms":52607,"node":25344,"kind":"peer_admitted","peer":33120,"slot":1,"a":0,"b":0}
1791638106.331 {"t":"event","at_ms":53279,"node":25344,"kind":"peer_admitted","peer":29544,"slot":0,"a":0,"b":0}
1791638106.331 {"t":"link","up_ms":54299,"node":25344,"peer":29544,"mac":"b8:1f:3f:da:73:68","state":"alive","epoch":172,"espnow_ver":2,"mtu":1446,"misses":0,"rssi":-28,"tx":{"frames":176,"cb_ok":176,"cb_fail":0,"enqueue_err":0,"pdr_ppm":1000000},"rx":{"frames":729,"lost_seqgap":0,"reorder_dup":0,"dropped_bad":0,"hb_lost":3,"bcast_frames":522,"pdr_ppm":1000000},"rtt":{"samples":18,"min_us":5517,"max_us":8591,"timeouts":0,"txq_last_us":3667,"txq_max_us":3667,"remote_turnaround_us":840,"remote_turnaround_max_us":868,"p50_us":[4000,6000],"p99_us":[8000,11000],"hist":[0,0,0,0,15,2,1,0,0,0,0,0,0,0,0,0]}}
1791638106.331 {"t":"link","up_ms":54353,"node":25344,"peer":33120,"mac":"b8:1f:3f:da:81:60","state":"alive","epoch":294,"espnow_ver":2,"mtu":1446,"misses":0,"rssi":-20,"tx":{"frames":175,"cb_ok":175,"cb_fail":0,"enqueue_err":0,"pdr_ppm":1000000},"rx":{"frames":728,"lost_seqgap":2,"reorder_dup":0,"dropped_bad":0,"hb_lost":0,"bcast_frames":524,"pdr_ppm":997260},"rtt":{"samples":18,"min_us":5827,"max_us":7559,"timeouts":0,"txq_last_us":0,"txq_max_us":0,"remote_turnaround_us":965,"remote_turnaround_max_us":967,"p50_us":[4000,6000],"p99_us":[6000,8000],"hist":[0,0,0,0,16,2,0,0,0,0,0,0,0,0,0,0]}}
1791638106.331 {"t":"link","up_ms":54407,"node":25344,"peer":254,"mac":"02:00:00:00:00:fe","state":"dead","epoch":0,"espnow_ver":0,"mtu":226,"misses":6,"rssi":0,"tx":{"frames":26,"cb_ok":0,"cb_fail":0,"enqueue_err":0,"pdr_ppm":null},"rx":{"frames":43,"lost_seqgap":0,"reorder_dup":0,"dropped_bad":0,"hb_lost":0,"bcast_frames":0,"pdr_ppm":1000000},"rtt":{"samples":2,"min_us":53023,"max_us":70004,"timeouts":13,"txq_last_us":0,"txq_max_us":0,"remote_turnaround_us":13,"remote_turnaround_max_us":13,"p50_us":[42000,60000],"p99_us":[60000,85000],"hist":[0,0,0,0,0,0,0,0,0,0,0,1,1,0,0,0]}}
1791638106.331 {"t":"auth","node":25344,"up_ms":54449,"enrolled":1,"required":1,"verified_peers":2,"verified":2,"cache_hits":52,"refused":0,"rate_limited":0,"stale_epoch":0,"verify_us_max":83580,"link_stack_free_b":820,"crypto_stack_free_b":1268,"tags_ok":359,"bad_tag":0,"replayed":0,"untagged":0,"bcast_dropped":0,"beacon_epoch_ignored":0,"tag_us_max":998}
1791638106.331 {"t":"act","node":25344,"setpoint":0,"has_value":0,"writes_served":0}
1791638106.738 {"t":"peers","node":25344,"own_period_ms":100,"own_busy":0,"channel":1,"scanning":0,"scans":0,"hops":0,"found":0,"lost_to_found_ms":0,"moves_followed":0,"moves_refused":0,"sweeps":0,"sweep_found":0,"sweeping":0,"search_visits":0,"relay":0,"fwd_u":0,"fwd_b":0,"fwd_h":0,"relay_dup":547,"list":[{"id":29544,"state":"alive","via_relay":0,"period_ms":100,"misses":6,"busy":1,"rtt_n":18},{"id":33120,"state":"alive","via_relay":0,"period_ms":100,"misses":6,"busy":0,"rtt_n":18},{"id":254,"state":"dead","via_relay":0,"period_ms":100,"misses":6,"busy":0,"rtt_n":2}]}
1791638106.738 {"t":"ss","node":25344,"accepted":0,"unsigned":0,"unknown_sender":0,"bad_signature":0,"replayed":0,"rate_limited":0,"verify_us_max":0,"floors":[]}
1791638106.738 {"t":"rec","node":25344,"up_ms":54545,"settled":1,"sent":216,"received":212,"malformed":0,"views":3,"replies_fenced":0,"actors":[{"key":1245650351,"running":1,"term":11,"owner":25344,"owner_term":11,"assigned":25344,"starts":1,"fenced":0,"released":0}]}
1791638106.738 {"t":"node","up_ms":54571,"node":25344,"epoch":245,"peers_alive":2,"peers_dead":1,"no_radio":0,"free_dram":250307,"largest_block":172032,"rx":{"total":2684,"bad_frame":0,"unknown_peer":79,"wrong_dst":0,"short_payload":0,"unknown_opcode":0,"queue_dropped":51},"tx":{"total":934,"enqueue_err":0,"done_queue_dropped":0},"membership":{"deaths":1,"revivals":0,"reboots_seen":0,"table_full":0,"events_dropped":0}}
1791638106.738 {"t":"ns","node":25344,"hash":2410274060,"owner":25344,"kind":"sampled","unit":100,"class":4,"bound_ms":0,"quality":"GOOD","age_ms":423,"ts":54188,"updates":5,"value":245}
1791638106.738 {"t":"ns","node":25344,"hash":1274253983,"owner":25344,"kind":"sampled","unit":0,"class":4,"bound_ms":5000,"quality":"GOOD","age_ms":437,"ts":54189,"updates":5,"value":-28}
1791638106.738 {"t":"ns","node":25344,"hash":3354298913,"owner":25344,"kind":"sampled","unit":100,"class":4,"bound_ms":5000,"quality":"GOOD","age_ms":452,"ts":54188,"updates":5,"value":2}
1791638106.738 {"t":"ns","node":25344,"hash":1771187623,"owner":25344,"kind":"sampled","unit":101,"class":4,"bound_ms":30000,"quality":"GOOD","age_ms":466,"ts":54188,"updates":5,"value":250307}
1791638106.738 {"t":"ns","node":25344,"hash":1245650351,"owner":25344,"kind":"sampled","unit":0,"class":3,"bound_ms":500,"quality":"GOOD","age_ms":3,"ts":54665,"updates":469,"value":1660944853}
1791638106.738 {"t":"ns","node":25344,"hash":2033492666,"owner":25344,"kind":"sampled","unit":0,"class":3,"bound_ms":0,"quality":"NO_DATA","age_ms":0,"ts":0,"updates":0,"value":null}
1791638106.738 {"t":"ns","node":25344,"hash":4103947588,"owner":25344,"kind":"sampled","unit":80,"class":4,"bound_ms":30000,"quality":"GOOD","age_ms":508,"ts":54188,"updates":5,"value":54}
1791638106.738 {"t":"ns","node":25344,"hash":1662441583,"owner":25344,"kind":"sampled","unit":101,"class":4,"bound_ms":30000,"quality":"GOOD","age_ms":522,"ts":54188,"updates":5,"value":172032}
1791638116.874 {"t":"clk","node":25344,"up_ms":64725}
1791638116.874 {"t":"led","node":25344,"shows":"red","app":0}
1791638116.874 {"t":"event","at_ms":54607,"node":25344,"kind":"peer_admitted","peer":33120,"slot":1,"a":0,"b":0}
1791638116.874 {"t":"event","at_ms":54801,"node":25344,"kind":"probe_timeout","peer":254,"slot":2,"a":23,"b":0}
1791638116.874 {"t":"event","at_ms":55277,"node":25344,"kind":"peer_admitted","peer":29544,"slot":0,"a":0,"b":0}
1791638116.874 {"t":"event","at_ms":56607,"node":25344,"kind":"peer_admitted","peer":33120,"slot":1,"a":0,"b":0}
1791638116.874 {"t":"event","at_ms":57277,"node":25344,"kind":"peer_admitted","peer":29544,"slot":0,"a":0,"b":0}
1791638116.874 {"t":"event","at_ms":57801,"node":25344,"kind":"probe_timeout","peer":254,"slot":2,"a":24,"b":0}
1791638116.874 {"t":"event","at_ms":58607,"node":25344,"kind":"peer_admitted","peer":33120,"slot":1,"a":0,"b":0}
1791638116.874 {"t":"event","at_ms":59277,"node":25344,"kind":"peer_admitted","peer":29544,"slot":0,"a":0,"b":0}
1791638116.874 {"t":"event","at_ms":60607,"node":25344,"kind":"peer_admitted","peer":33120,"slot":1,"a":0,"b":0}
1791638116.874 {"t":"event","at_ms":60801,"node":25344,"kind":"probe_timeout","peer":254,"slot":2,"a":25,"b":0}
1791638116.874 {"t":"event","at_ms":61277,"node":25344,"kind":"peer_admitted","peer":29544,"slot":0,"a":0,"b":0}
1791638116.874 {"t":"event","at_ms":62607,"node":25344,"kind":"peer_admitted","peer":33120,"slot":1,"a":0,"b":0}
1791638116.874 {"t":"event","at_ms":63277,"node":25344,"kind":"peer_admitted","peer":29544,"slot":0,"a":0,"b":0}
1791638116.874 {"t":"event","at_ms":63801,"node":25344,"kind":"probe_timeout","peer":254,"slot":2,"a":26,"b":0}
1791638116.874 {"t":"event","at_ms":64607,"node":25344,"kind":"peer_admitted","peer":33120,"slot":1,"a":0,"b":0}
1791638116.874 {"t":"link","up_ms":64851,"node":25344,"peer":29544,"mac":"b8:1f:3f:da:73:68","state":"alive","epoch":172,"espnow_ver":2,"mtu":1446,"misses":0,"rssi":-28,"tx":{"frames":211,"cb_ok":211,"cb_fail":0,"enqueue_err":0,"pdr_ppm":1000000},"rx":{"frames":875,"lost_seqgap":0,"reorder_dup":0,"dropped_bad":0,"hb_lost":3,"bcast_frames":628,"pdr_ppm":1000000},"rtt":{"samples":22,"min_us":5499,"max_us":8591,"timeouts":0,"txq_last_us":3667,"txq_max_us":3667,"remote_turnaround_us":819,"remote_turnaround_max_us":1078,"p50_us":[4000,6000],"p99_us":[8000,11000],"hist":[0,0,0,0,19,2,1,0,0,0,0,0,0,0,0,0]}}
1791638116.874 {"t":"link","up_ms":64905,"node":25344,"peer":33120,"mac":"b8:1f:3f:da:81:60","state":"alive","epoch":294,"espnow_ver":2,"mtu":1446,"misses":0,"rssi":-20,"tx":{"frames":212,"cb_ok":212,"cb_fail":0,"enqueue_err":0,"pdr_ppm":1000000},"rx":{"frames":875,"lost_seqgap":2,"reorder_dup":0,"dropped_bad":0,"hb_lost":0,"bcast_frames":629,"pdr_ppm":997719},"rtt":{"samples":22,"min_us":5827,"max_us":7637,"timeouts":0,"txq_last_us":0,"txq_max_us":0,"remote_turnaround_us":970,"remote_turnaround_max_us":970,"p50_us":[4000,6000],"p99_us":[6000,8000],"hist":[0,0,0,0,19,3,0,0,0,0,0,0,0,0,0,0]}}
1791638116.874 {"t":"link","up_ms":64959,"node":25344,"peer":254,"mac":"02:00:00:00:00:fe","state":"dead","epoch":0,"espnow_ver":0,"mtu":226,"misses":6,"rssi":0,"tx":{"frames":29,"cb_ok":0,"cb_fail":0,"enqueue_err":0,"pdr_ppm":null},"rx":{"frames":43,"lost_seqgap":0,"reorder_dup":0,"dropped_bad":0,"hb_lost":0,"bcast_frames":0,"pdr_ppm":1000000},"rtt":{"samples":2,"min_us":53023,"max_us":70004,"timeouts":17,"txq_last_us":0,"txq_max_us":0,"remote_turnaround_us":13,"remote_turnaround_max_us":13,"p50_us":[42000,60000],"p99_us":[60000,85000],"hist":[0,0,0,0,0,0,0,0,0,0,0,1,1,0,0,0]}}
1791638116.874 {"t":"auth","node":25344,"up_ms":65013,"enrolled":1,"required":1,"verified_peers":2,"verified":2,"cache_hits":63,"refused":0,"rate_limited":0,"stale_epoch":0,"verify_us_max":83580,"link_stack_free_b":820,"crypto_stack_free_b":1268,"tags_ok":430,"bad_tag":0,"replayed":0,"untagged":0,"bcast_dropped":0,"beacon_epoch_ignored":0,"tag_us_max":998}
1791638116.874 {"t":"act","node":25344,"setpoint":0,"has_value":0,"writes_served":0}
1791638117.283 {"t":"peers","node":25344,"own_period_ms":100,"own_busy":0,"channel":1,"scanning":0,"scans":0,"hops":0,"found":0,"lost_to_found_ms":0,"moves_followed":0,"moves_refused":0,"sweeps":0,"sweep_found":0,"sweeping":0,"search_visits":0,"relay":0,"fwd_u":0,"fwd_b":0,"fwd_h":0,"relay_dup":659,"list":[{"id":29544,"state":"alive","via_relay":0,"period_ms":100,"misses":6,"busy":1,"rtt_n":22},{"id":33120,"state":"alive","via_relay":0,"period_ms":100,"misses":6,"busy":0,"rtt_n":22},{"id":254,"state":"dead","via_relay":0,"period_ms":100,"misses":6,"busy":0,"rtt_n":2}]}
1791638117.283 {"t":"ss","node":25344,"accepted":0,"unsigned":0,"unknown_sender":0,"bad_signature":0,"replayed":0,"rate_limited":0,"verify_us_max":0,"floors":[]}
1791638117.283 {"t":"rec","node":25344,"up_ms":65109,"settled":1,"sent":258,"received":254,"malformed":0,"views":3,"replies_fenced":0,"actors":[{"key":1245650351,"running":1,"term":11,"owner":25344,"owner_term":11,"assigned":25344,"starts":1,"fenced":0,"released":0}]}
1791638117.283 {"t":"node","up_ms":65124,"node":25344,"epoch":245,"peers_alive":2,"peers_dead":1,"no_radio":0,"free_dram":250307,"largest_block":172032,"rx":{"total":3197,"bad_frame":0,"unknown_peer":79,"wrong_dst":0,"short_payload":0,"unknown_opcode":0,"queue_dropped":51},"tx":{"total":1119,"enqueue_err":0,"done_queue_dropped":0},"membership":{"deaths":1,"revivals":0,"reboots_seen":0,"table_full":0,"events_dropped":0}}
1791638117.283 {"t":"ns","node":25344,"hash":2410274060,"owner":25344,"kind":"sampled","unit":100,"class":4,"bound_ms":0,"quality":"GOOD","age_ms":437,"ts":64726,"updates":6,"value":245}
1791638117.283 {"t":"ns","node":25344,"hash":1274253983,"owner":25344,"kind":"sampled","unit":0,"class":4,"bound_ms":5000,"quality":"GOOD","age_ms":451,"ts":64727,"updates":6,"value":-28}
1791638117.283 {"t":"ns","node":25344,"hash":3354298913,"owner":25344,"kind":"sampled","unit":100,"class":4,"bound_ms":5000,"quality":"GOOD","age_ms":466,"ts":64726,"updates":6,"value":2}
1791638117.283 {"t":"ns","node":25344,"hash":1771187623,"owner":25344,"kind":"sampled","unit":101,"class":4,"bound_ms":30000,"quality":"GOOD","age_ms":480,"ts":64726,"updates":6,"value":250307}
1791638117.283 {"t":"ns","node":25344,"hash":1245650351,"owner":25344,"kind":"sampled","unit":0,"class":3,"bound_ms":500,"quality":"GOOD","age_ms":55,"ts":65165,"updates":574,"value":1660944958}
1791638117.283 {"t":"ns","node":25344,"hash":2033492666,"owner":25344,"kind":"sampled","unit":0,"class":3,"bound_ms":0,"quality":"NO_DATA","age_ms":0,"ts":0,"updates":0,"value":null}
1791638117.283 {"t":"ns","node":25344,"hash":4103947588,"owner":25344,"kind":"sampled","unit":80,"class":4,"bound_ms":30000,"quality":"GOOD","age_ms":533,"ts":64726,"updates":6,"value":64}
1791638117.283 {"t":"ns","node":25344,"hash":1662441583,"owner":25344,"kind":"sampled","unit":101,"class":4,"bound_ms":30000,"quality":"GOOD","age_ms":547,"ts":64726,"updates":6,"value":172032}
1791638127.433 {"t":"clk","node":25344,"up_ms":75288}
1791638127.433 {"t":"led","node":25344,"shows":"red","app":0}
1791638127.433 {"t":"event","at_ms":65278,"node":25344,"kind":"peer_admitted","peer":29544,"slot":0,"a":0,"b":0}
1791638127.433 {"t":"event","at_ms":66607,"node":25344,"kind":"peer_admitted","peer":33120,"slot":1,"a":0,"b":0}
1791638127.433 {"t":"event","at_ms":66801,"node":25344,"kind":"probe_timeout","peer":254,"slot":2,"a":27,"b":0}
1791638127.433 {"t":"event","at_ms":67277,"node":25344,"kind":"peer_admitted","peer":29544,"slot":0,"a":0,"b":0}
1791638127.433 {"t":"event","at_ms":68607,"node":25344,"kind":"peer_admitted","peer":33120,"slot":1,"a":0,"b":0}
1791638127.433 {"t":"event","at_ms":69277,"node":25344,"kind":"peer_admitted","peer":29544,"slot":0,"a":0,"b":0}
1791638127.433 {"t":"event","at_ms":69801,"node":25344,"kind":"probe_timeout","peer":254,"slot":2,"a":28,"b":0}
1791638127.433 {"t":"event","at_ms":70607,"node":25344,"kind":"peer_admitted","peer":33120,"slot":1,"a":0,"b":0}
1791638127.433 {"t":"event","at_ms":71277,"node":25344,"kind":"peer_admitted","peer":29544,"slot":0,"a":0,"b":0}
1791638127.433 {"t":"event","at_ms":72607,"node":25344,"kind":"peer_admitted","peer":33120,"slot":1,"a":0,"b":0}
1791638127.433 {"t":"event","at_ms":72801,"node":25344,"kind":"probe_timeout","peer":254,"slot":2,"a":29,"b":0}
1791638127.433 {"t":"event","at_ms":73277,"node":25344,"kind":"peer_admitted","peer":29544,"slot":0,"a":0,"b":0}
1791638127.433 {"t":"event","at_ms":74607,"node":25344,"kind":"peer_admitted","peer":33120,"slot":1,"a":0,"b":0}
1791638127.433 {"t":"event","at_ms":75277,"node":25344,"kind":"peer_admitted","peer":29544,"slot":0,"a":0,"b":0}
1791638127.433 {"t":"link","up_ms":75412,"node":25344,"peer":29544,"mac":"b8:1f:3f:da:73:68","state":"alive","epoch":172,"espnow_ver":2,"mtu":1446,"misses":0,"rssi":-28,"tx":{"frames":246,"cb_ok":246,"cb_fail":0,"enqueue_err":0,"pdr_ppm":1000000},"rx":{"frames":1020,"lost_seqgap":0,"reorder_dup":0,"dropped_bad":0,"hb_lost":4,"bcast_frames":732,"pdr_ppm":1000000},"rtt":{"samples":25,"min_us":5499,"max_us":8591,"timeouts":0,"txq_last_us":3667,"txq_max_us":3667,"remote_turnaround_us":844,"remote_turnaround_max_us":1220,"p50_us":[4000,6000],"p99_us":[8000,11000],"hist":[0,0,0,0,20,4,1,0,0,0,0,0,0,0,0,0]}}
1791638127.433 {"t":"link","up_ms":75466,"node":25344,"peer":33120,"mac":"b8:1f:3f:da:81:60","state":"alive","epoch":294,"espnow_ver":2,"mtu":1446,"misses":0,"rssi":-20,"tx":{"frames":246,"cb_ok":246,"cb_fail":0,"enqueue_err":0,"pdr_ppm":1000000},"rx":{"frames":1021,"lost_seqgap":2,"reorder_dup":0,"dropped_bad":0,"hb_lost":0,"bcast_frames":735,"pdr_ppm":998044},"rtt":{"samples":25,"min_us":5827,"max_us":7637,"timeouts":0,"txq_last_us":0,"txq_max_us":0,"remote_turnaround_us":955,"remote_turnaround_max_us":970,"p50_us":[4000,6000],"p99_us":[6000,8000],"hist":[0,0,0,0,21,4,0,0,0,0,0,0,0,0,0,0]}}
1791638127.433 {"t":"link","up_ms":75509,"node":25344,"peer":254,"mac":"02:00:00:00:00:fe","state":"dead","epoch":0,"espnow_ver":0,"mtu":226,"misses":6,"rssi":0,"tx":{"frames":33,"cb_ok":0,"cb_fail":0,"enqueue_err":0,"pdr_ppm":null},"rx":{"frames":43,"lost_seqgap":0,"reorder_dup":0,"dropped_bad":0,"hb_lost":0,"bcast_frames":0,"pdr_ppm":1000000},"rtt":{"samples":2,"min_us":53023,"max_us":70004,"timeouts":20,"txq_last_us":0,"txq_max_us":0,"remote_turnaround_us":13,"remote_turnaround_max_us":13,"p50_us":[42000,60000],"p99_us":[60000,85000],"hist":[0,0,0,0,0,0,0,0,0,0,0,1,1,0,0,0]}}
1791638127.433 {"t":"auth","node":25344,"up_ms":75563,"enrolled":1,"required":1,"verified_peers":2,"verified":2,"cache_hits":74,"refused":0,"rate_limited":0,"stale_epoch":0,"verify_us_max":83580,"link_stack_free_b":820,"crypto_stack_free_b":1268,"tags_ok":498,"bad_tag":0,"replayed":0,"untagged":0,"bcast_dropped":0,"beacon_epoch_ignored":0,"tag_us_max":998}
1791638127.433 {"t":"act","node":25344,"setpoint":0,"has_value":0,"writes_served":0}
1791638127.835 {"t":"peers","node":25344,"own_period_ms":100,"own_busy":0,"channel":1,"scanning":0,"scans":0,"hops":0,"found":0,"lost_to_found_ms":0,"moves_followed":0,"moves_refused":0,"sweeps":0,"sweep_found":0,"sweeping":0,"search_visits":0,"relay":0,"fwd_u":0,"fwd_b":0,"fwd_h":0,"relay_dup":768,"list":[{"id":29544,"state":"alive","via_relay":0,"period_ms":100,"misses":6,"busy":1,"rtt_n":25},{"id":33120,"state":"alive","via_relay":0,"period_ms":100,"misses":6,"busy":0,"rtt_n":25},{"id":254,"state":"dead","via_relay":0,"period_ms":100,"misses":6,"busy":0,"rtt_n":2}]}
1791638127.835 {"t":"ss","node":25344,"accepted":0,"unsigned":0,"unknown_sender":0,"bad_signature":0,"replayed":0,"rate_limited":0,"verify_us_max":0,"floors":[]}
1791638127.835 {"t":"rec","node":25344,"up_ms":75658,"settled":1,"sent":300,"received":296,"malformed":0,"views":3,"replies_fenced":0,"actors":[{"key":1245650351,"running":1,"term":11,"owner":25344,"owner_term":11,"assigned":25344,"starts":1,"fenced":0,"released":0}]}
1791638127.835 {"t":"node","up_ms":75685,"node":25344,"epoch":245,"peers_alive":2,"peers_dead":1,"no_radio":0,"free_dram":250307,"largest_block":172032,"rx":{"total":3707,"bad_frame":0,"unknown_peer":79,"wrong_dst":0,"short_payload":0,"unknown_opcode":0,"queue_dropped":51},"tx":{"total":1303,"enqueue_err":0,"done_queue_dropped":0},"membership":{"deaths":1,"revivals":0,"reboots_seen":0,"table_full":0,"events_dropped":0}}
1791638127.835 {"t":"ns","node":25344,"hash":2410274060,"owner":25344,"kind":"sampled","unit":100,"class":4,"bound_ms":0,"quality":"GOOD","age_ms":424,"ts":75289,"updates":7,"value":245}
1791638127.835 {"t":"ns","node":25344,"hash":1274253983,"owner":25344,"kind":"sampled","unit":0,"class":4,"bound_ms":5000,"quality":"GOOD","age_ms":437,"ts":75290,"updates":7,"value":-28}
1791638127.835 {"t":"ns","node":25344,"hash":3354298913,"owner":25344,"kind":"sampled","unit":100,"class":4,"bound_ms":5000,"quality":"GOOD","age_ms":464,"ts":75289,"updates":7,"value":2}
1791638127.835 {"t":"ns","node":25344,"hash":1771187623,"owner":25344,"kind":"sampled","unit":101,"class":4,"bound_ms":30000,"quality":"GOOD","age_ms":478,"ts":75289,"updates":7,"value":250307}
1791638127.835 {"t":"ns","node":25344,"hash":1245650351,"owner":25344,"kind":"sampled","unit":0,"class":3,"bound_ms":500,"quality":"GOOD","age_ms":16,"ts":75765,"updates":680,"value":1660945064}
1791638127.835 {"t":"ns","node":25344,"hash":2033492666,"owner":25344,"kind":"sampled","unit":0,"class":3,"bound_ms":0,"quality":"NO_DATA","age_ms":0,"ts":0,"updates":0,"value":null}
1791638127.835 {"t":"ns","node":25344,"hash":4103947588,"owner":25344,"kind":"sampled","unit":80,"class":4,"bound_ms":30000,"quality":"GOOD","age_ms":520,"ts":75289,"updates":7,"value":75}
1791638127.835 {"t":"ns","node":25344,"hash":1662441583,"owner":25344,"kind":"sampled","unit":101,"class":4,"bound_ms":30000,"quality":"GOOD","age_ms":534,"ts":75289,"updates":7,"value":172032}
1791638137.981 {"t":"clk","node":25344,"up_ms":85838}
1791638137.981 {"t":"led","node":25344,"shows":"red","app":0}
1791638137.981 {"t":"event","at_ms":75801,"node":25344,"kind":"probe_timeout","peer":254,"slot":2,"a":30,"b":0}
1791638137.981 {"t":"event","at_ms":76607,"node":25344,"kind":"peer_admitted","peer":33120,"slot":1,"a":0,"b":0}
1791638137.981 {"t":"event","at_ms":77278,"node":25344,"kind":"peer_admitted","peer":29544,"slot":0,"a":0,"b":0}
1791638137.981 {"t":"event","at_ms":78607,"node":25344,"kind":"peer_admitted","peer":33120,"slot":1,"a":0,"b":0}
1791638137.981 {"t":"event","at_ms":78801,"node":25344,"kind":"probe_timeout","peer":254,"slot":2,"a":31,"b":0}
1791638137.981 {"t":"event","at_ms":79277,"node":25344,"kind":"peer_admitted","peer":29544,"slot":0,"a":0,"b":0}
1791638137.981 {"t":"event","at_ms":80607,"node":25344,"kind":"peer_admitted","peer":33120,"slot":1,"a":0,"b":0}
1791638137.981 {"t":"event","at_ms":81277,"node":25344,"kind":"peer_admitted","peer":29544,"slot":0,"a":0,"b":0}
1791638137.981 {"t":"event","at_ms":81801,"node":25344,"kind":"probe_timeout","peer":254,"slot":2,"a":32,"b":0}
1791638137.981 {"t":"event","at_ms":82607,"node":25344,"kind":"peer_admitted","peer":33120,"slot":1,"a":0,"b":0}
1791638137.981 {"t":"event","at_ms":83277,"node":25344,"kind":"peer_admitted","peer":29544,"slot":0,"a":0,"b":0}
1791638137.981 {"t":"event","at_ms":84607,"node":25344,"kind":"peer_admitted","peer":33120,"slot":1,"a":0,"b":0}
1791638137.981 {"t":"event","at_ms":84801,"node":25344,"kind":"probe_timeout","peer":254,"slot":2,"a":33,"b":0}
1791638137.981 {"t":"event","at_ms":85280,"node":25344,"kind":"peer_admitted","peer":29544,"slot":0,"a":0,"b":0}
1791638137.981 {"t":"link","up_ms":85963,"node":25344,"peer":29544,"mac":"b8:1f:3f:da:73:68","state":"alive","epoch":172,"espnow_ver":2,"mtu":1446,"misses":0,"rssi":-28,"tx":{"frames":281,"cb_ok":281,"cb_fail":0,"enqueue_err":0,"pdr_ppm":1000000},"rx":{"frames":1166,"lost_seqgap":0,"reorder_dup":0,"dropped_bad":0,"hb_lost":5,"bcast_frames":837,"pdr_ppm":1000000},"rtt":{"samples":29,"min_us":5499,"max_us":8591,"timeouts":0,"txq_last_us":3667,"txq_max_us":3667,"remote_turnaround_us":823,"remote_turnaround_max_us":1220,"p50_us":[4000,6000],"p99_us":[8000,11000],"hist":[0,0,0,0,23,5,1,0,0,0,0,0,0,0,0,0]}}
1791638137.981 {"t":"link","up_ms":86006,"node":25344,"peer":33120,"mac":"b8:1f:3f:da:81:60","state":"alive","epoch":294,"espnow_ver":2,"mtu":1446,"misses":0,"rssi":-20,"tx":{"frames":282,"cb_ok":281,"cb_fail":0,"enqueue_err":0,"pdr_ppm":1000000},"rx":{"frames":1167,"lost_seqgap":2,"reorder_dup":0,"dropped_bad":0,"hb_lost":0,"bcast_frames":840,"pdr_ppm":998289},"rtt":{"samples":29,"min_us":5827,"max_us":7637,"timeouts":0,"txq_last_us":0,"txq_max_us":0,"remote_turnaround_us":952,"remote_turnaround_max_us":970,"p50_us":[4000,6000],"p99_us":[6000,8000],"hist":[0,0,0,0,25,4,0,0,0,0,0,0,0,0,0,0]}}
1791638137.981 {"t":"link","up_ms":86060,"node":25344,"peer":254,"mac":"02:00:00:00:00:fe","state":"dead","epoch":0,"espnow_ver":0,"mtu":226,"misses":6,"rssi":0,"tx":{"frames":36,"cb_ok":0,"cb_fail":0,"enqueue_err":0,"pdr_ppm":null},"rx":{"frames":43,"lost_seqgap":0,"reorder_dup":0,"dropped_bad":0,"hb_lost":0,"bcast_frames":0,"pdr_ppm":1000000},"rtt":{"samples":2,"min_us":53023,"max_us":70004,"timeouts":24,"txq_last_us":0,"txq_max_us":0,"remote_turnaround_us":13,"remote_turnaround_max_us":13,"p50_us":[42000,60000],"p99_us":[60000,85000],"hist":[0,0,0,0,0,0,0,0,0,0,0,1,1,0,0,0]}}
1791638137.981 {"t":"auth","node":25344,"up_ms":86113,"enrolled":1,"required":1,"verified_peers":2,"verified":2,"cache_hits":84,"refused":0,"rate_limited":0,"stale_epoch":0,"verify_us_max":83580,"link_stack_free_b":820,"crypto_stack_free_b":1268,"tags_ok":570,"bad_tag":0,"replayed":0,"untagged":0,"bcast_dropped":0,"beacon_epoch_ignored":0,"tag_us_max":998}
1791638137.981 {"t":"act","node":25344,"setpoint":0,"has_value":0,"writes_served":0}
1791638138.395 {"t":"peers","node":25344,"own_period_ms":100,"own_busy":0,"channel":1,"scanning":0,"scans":0,"hops":0,"found":0,"lost_to_found_ms":0,"moves_followed":0,"moves_refused":0,"sweeps":0,"sweep_found":0,"sweeping":0,"search_visits":0,"relay":0,"fwd_u":0,"fwd_b":0,"fwd_h":0,"relay_dup":879,"list":[{"id":29544,"state":"alive","via_relay":0,"period_ms":100,"misses":6,"busy":1,"rtt_n":29},{"id":33120,"state":"alive","via_relay":0,"period_ms":100,"misses":6,"busy":0,"rtt_n":29},{"id":254,"state":"dead","via_relay":0,"period_ms":100,"misses":6,"busy":0,"rtt_n":2}]}
1791638138.395 {"t":"ss","node":25344,"accepted":0,"unsigned":0,"unknown_sender":0,"bad_signature":0,"replayed":0,"rate_limited":0,"verify_us_max":0,"floors":[]}
1791638138.395 {"t":"rec","node":25344,"up_ms":86209,"settled":1,"sent":342,"received":338,"malformed":0,"views":3,"replies_fenced":0,"actors":[{"key":1245650351,"running":1,"term":11,"owner":25344,"owner_term":11,"assigned":25344,"starts":1,"fenced":0,"released":0}]}
1791638138.395 {"t":"node","up_ms":86235,"node":25344,"epoch":245,"peers_alive":2,"peers_dead":1,"no_radio":0,"free_dram":250307,"largest_block":172032,"rx":{"total":4220,"bad_frame":0,"unknown_peer":79,"wrong_dst":0,"short_payload":0,"unknown_opcode":0,"queue_dropped":51},"tx":{"total":1488,"enqueue_err":0,"done_queue_dropped":0},"membership":{"deaths":1,"revivals":0,"reboots_seen":0,"table_full":0,"events_dropped":0}}
1791638138.395 {"t":"ns","node":25344,"hash":2410274060,"owner":25344,"kind":"sampled","unit":100,"class":4,"bound_ms":0,"quality":"GOOD","age_ms":425,"ts":85840,"updates":8,"value":245}
1791638138.395 {"t":"ns","node":25344,"hash":1274253983,"owner":25344,"kind":"sampled","unit":0,"class":4,"bound_ms":5000,"quality":"GOOD","age_ms":440,"ts":85840,"updates":8,"value":-28}
1791638138.395 {"t":"ns","node":25344,"hash":3354298913,"owner":25344,"kind":"sampled","unit":100,"class":4,"bound_ms":5000,"quality":"GOOD","age_ms":453,"ts":85840,"updates":8,"value":2}
1791638138.395 {"t":"ns","node":25344,"hash":1771187623,"owner":25344,"kind":"sampled","unit":101,"class":4,"bound_ms":30000,"quality":"GOOD","age_ms":468,"ts":85839,"updates":8,"value":250307}
1791638138.395 {"t":"ns","node":25344,"hash":1245650351,"owner":25344,"kind":"sampled","unit":0,"class":3,"bound_ms":500,"quality":"GOOD","age_ms":67,"ts":86265,"updates":785,"value":1660945169}
1791638138.395 {"t":"ns","node":25344,"hash":2033492666,"owner":25344,"kind":"sampled","unit":0,"class":3,"bound_ms":0,"quality":"NO_DATA","age_ms":0,"ts":0,"updates":0,"value":null}
1791638138.395 {"t":"ns","node":25344,"hash":4103947588,"owner":25344,"kind":"sampled","unit":80,"class":4,"bound_ms":30000,"quality":"GOOD","age_ms":520,"ts":85840,"updates":8,"value":85}
1791638138.395 {"t":"ns","node":25344,"hash":1662441583,"owner":25344,"kind":"sampled","unit":101,"class":4,"bound_ms":30000,"quality":"GOOD","age_ms":534,"ts":85840,"updates":8,"value":172032}
1791638148.531 {"t":"clk","node":25344,"up_ms":96389}
1791638148.531 {"t":"led","node":25344,"shows":"red","app":0}
1791638148.531 {"t":"event","at_ms":86607,"node":25344,"kind":"peer_admitted","peer":33120,"slot":1,"a":0,"b":0}
1791638148.531 {"t":"event","at_ms":87277,"node":25344,"kind":"peer_admitted","peer":29544,"slot":0,"a":0,"b":0}
1791638148.531 {"t":"event","at_ms":87801,"node":25344,"kind":"probe_timeout","peer":254,"slot":2,"a":34,"b":0}
1791638148.531 {"t":"event","at_ms":88608,"node":25344,"kind":"peer_admitted","peer":33120,"slot":1,"a":0,"b":0}
1791638148.531 {"t":"event","at_ms":89277,"node":25344,"kind":"peer_admitted","peer":29544,"slot":0,"a":0,"b":0}
1791638148.531 {"t":"event","at_ms":90607,"node":25344,"kind":"peer_admitted","peer":33120,"slot":1,"a":0,"b":0}
1791638148.531 {"t":"event","at_ms":90801,"node":25344,"kind":"probe_timeout","peer":254,"slot":2,"a":35,"b":0}
1791638148.531 {"t":"event","at_ms":91277,"node":25344,"kind":"peer_admitted","peer":29544,"slot":0,"a":0,"b":0}
1791638148.531 {"t":"event","at_ms":92607,"node":25344,"kind":"peer_admitted","peer":33120,"slot":1,"a":0,"b":0}
1791638148.531 {"t":"event","at_ms":93277,"node":25344,"kind":"peer_admitted","peer":29544,"slot":0,"a":0,"b":0}
1791638148.531 {"t":"event","at_ms":93801,"node":25344,"kind":"probe_timeout","peer":254,"slot":2,"a":36,"b":0}
1791638148.531 {"t":"event","at_ms":94607,"node":25344,"kind":"peer_admitted","peer":33120,"slot":1,"a":0,"b":0}
1791638148.531 {"t":"event","at_ms":95277,"node":25344,"kind":"peer_admitted","peer":29544,"slot":0,"a":0,"b":0}
1791638148.531 {"t":"link","up_ms":96501,"node":25344,"peer":29544,"mac":"b8:1f:3f:da:73:68","state":"alive","epoch":172,"espnow_ver":2,"mtu":1446,"misses":0,"rssi":-28,"tx":{"frames":316,"cb_ok":316,"cb_fail":0,"enqueue_err":0,"pdr_ppm":1000000},"rx":{"frames":1311,"lost_seqgap":0,"reorder_dup":0,"dropped_bad":0,"hb_lost":5,"bcast_frames":942,"pdr_ppm":1000000},"rtt":{"samples":32,"min_us":5499,"max_us":8591,"timeouts":0,"txq_last_us":3667,"txq_max_us":3667,"remote_turnaround_us":852,"remote_turnaround_max_us":1220,"p50_us":[4000,6000],"p99_us":[8000,11000],"hist":[0,0,0,0,25,5,2,0,0,0,0,0,0,0,0,0]}}
1791638148.531 {"t":"link","up_ms":96555,"node":25344,"peer":33120,"mac":"b8:1f:3f:da:81:60","state":"alive","epoch":294,"espnow_ver":2,"mtu":1446,"misses":0,"rssi":-20,"tx":{"frames":316,"cb_ok":316,"cb_fail":0,"enqueue_err":0,"pdr_ppm":1000000},"rx":{"frames":1312,"lost_seqgap":2,"reorder_dup":0,"dropped_bad":0,"hb_lost":0,"bcast_frames":946,"pdr_ppm":998477},"rtt":{"samples":32,"min_us":5822,"max_us":8435,"timeouts":0,"txq_last_us":0,"txq_max_us":0,"remote_turnaround_us":955,"remote_turnaround_max_us":970,"p50_us":[4000,6000],"p99_us":[8000,11000],"hist":[0,0,0,0,27,4,1,0,0,0,0,0,0,0,0,0]}}
1791638148.531 {"t":"link","up_ms":96609,"node":25344,"peer":254,"mac":"02:00:00:00:00:fe","state":"dead","epoch":0,"espnow_ver":0,"mtu":226,"misses":6,"rssi":0,"tx":{"frames":40,"cb_ok":0,"cb_fail":0,"enqueue_err":0,"pdr_ppm":null},"rx":{"frames":43,"lost_seqgap":0,"reorder_dup":0,"dropped_bad":0,"hb_lost":0,"bcast_frames":0,"pdr_ppm":1000000},"rtt":{"samples":2,"min_us":53023,"max_us":70004,"timeouts":27,"txq_last_us":0,"txq_max_us":0,"remote_turnaround_us":13,"remote_turnaround_max_us":13,"p50_us":[42000,60000],"p99_us":[60000,85000],"hist":[0,0,0,0,0,0,0,0,0,0,0,1,1,0,0,0]}}
1791638148.531 {"t":"auth","node":25344,"up_ms":96652,"enrolled":1,"required":1,"verified_peers":2,"verified":2,"cache_hits":95,"refused":0,"rate_limited":0,"stale_epoch":0,"verify_us_max":83580,"link_stack_free_b":820,"crypto_stack_free_b":1268,"tags_ok":640,"bad_tag":0,"replayed":0,"untagged":0,"bcast_dropped":0,"beacon_epoch_ignored":0,"tag_us_max":998}
1791638148.531 {"t":"act","node":25344,"setpoint":0,"has_value":0,"writes_served":0}
1791638148.933 {"t":"peers","node":25344,"own_period_ms":100,"own_busy":0,"channel":1,"scanning":0,"scans":0,"hops":0,"found":0,"lost_to_found_ms":0,"moves_followed":0,"moves_refused":0,"sweeps":0,"sweep_found":0,"sweeping":0,"search_visits":0,"relay":0,"fwd_u":0,"fwd_b":0,"fwd_h":0,"relay_dup":990,"list":[{"id":29544,"state":"alive","via_relay":0,"period_ms":100,"misses":6,"busy":1,"rtt_n":32},{"id":33120,"state":"alive","via_relay":0,"period_ms":100,"misses":6,"busy":0,"rtt_n":32},{"id":254,"state":"dead","via_relay":0,"period_ms":100,"misses":6,"busy":0,"rtt_n":2}]}
1791638148.933 {"t":"ss","node":25344,"accepted":0,"unsigned":0,"unknown_sender":0,"bad_signature":0,"replayed":0,"rate_limited":0,"verify_us_max":0,"floors":[]}
1791638148.933 {"t":"rec","node":25344,"up_ms":96748,"settled":1,"sent":384,"received":380,"malformed":0,"views":3,"replies_fenced":0,"actors":[{"key":1245650351,"running":1,"term":11,"owner":25344,"owner_term":11,"assigned":25344,"starts":1,"fenced":0,"released":0}]}
1791638148.933 {"t":"node","up_ms":96774,"node":25344,"epoch":245,"peers_alive":2,"peers_dead":1,"no_radio":0,"free_dram":250307,"largest_block":172032,"rx":{"total":4734,"bad_frame":0,"unknown_peer":79,"wrong_dst":0,"short_payload":0,"unknown_opcode":0,"queue_dropped":51},"tx":{"total":1674,"enqueue_err":0,"done_queue_dropped":0},"membership":{"deaths":1,"revivals":0,"reboots_seen":0,"table_full":0,"events_dropped":0}}
1791638148.933 {"t":"ns","node":25344,"hash":2410274060,"owner":25344,"kind":"sampled","unit":100,"class":4,"bound_ms":0,"quality":"GOOD","age_ms":425,"ts":96390,"updates":9,"value":245}
1791638148.933 {"t":"ns","node":25344,"hash":1274253983,"owner":25344,"kind":"sampled","unit":0,"class":4,"bound_ms":5000,"quality":"GOOD","age_ms":438,"ts":96391,"updates":9,"value":-28}
1791638148.933 {"t":"ns","node":25344,"hash":3354298913,"owner":25344,"kind":"sampled","unit":100,"class":4,"bound_ms":5000,"quality":"GOOD","age_ms":452,"ts":96391,"updates":9,"value":2}
1791638148.933 {"t":"ns","node":25344,"hash":1771187623,"owner":25344,"kind":"sampled","unit":101,"class":4,"bound_ms":30000,"quality":"GOOD","age_ms":467,"ts":96390,"updates":9,"value":250307}
1791638148.933 {"t":"ns","node":25344,"hash":1245650351,"owner":25344,"kind":"sampled","unit":0,"class":3,"bound_ms":500,"quality":"GOOD","age_ms":6,"ts":96865,"updates":891,"value":1660945275}
1791638148.933 {"t":"ns","node":25344,"hash":2033492666,"owner":25344,"kind":"sampled","unit":0,"class":3,"bound_ms":0,"quality":"NO_DATA","age_ms":0,"ts":0,"updates":0,"value":null}
1791638148.933 {"t":"ns","node":25344,"hash":4103947588,"owner":25344,"kind":"sampled","unit":80,"class":4,"bound_ms":30000,"quality":"GOOD","age_ms":509,"ts":96390,"updates":9,"value":96}
1791638148.933 {"t":"ns","node":25344,"hash":1662441583,"owner":25344,"kind":"sampled","unit":101,"class":4,"bound_ms":30000,"quality":"GOOD","age_ms":523,"ts":96390,"updates":9,"value":172032}
1791638159.073 {"t":"clk","node":25344,"up_ms":106928}
1791638159.073 {"t":"led","node":25344,"shows":"red","app":0}
1791638159.073 {"t":"event","at_ms":96607,"node":25344,"kind":"peer_admitted","peer":33120,"slot":1,"a":0,"b":0}
1791638159.073 {"t":"event","at_ms":96801,"node":25344,"kind":"probe_timeout","peer":254,"slot":2,"a":37,"b":0}
1791638159.073 {"t":"event","at_ms":97277,"node":25344,"kind":"peer_admitted","peer":29544,"slot":0,"a":0,"b":0}
1791638159.073 {"t":"event","at_ms":98607,"node":25344,"kind":"peer_admitted","peer":33120,"slot":1,"a":0,"b":0}
1791638159.073 {"t":"event","at_ms":99277,"node":25344,"kind":"peer_admitted","peer":29544,"slot":0,"a":0,"b":0}
1791638159.073 {"t":"event","at_ms":99801,"node":25344,"kind":"probe_timeout","peer":254,"slot":2,"a":38,"b":0}
1791638159.073 {"t":"event","at_ms":100607,"node":25344,"kind":"peer_admitted","peer":33120,"slot":1,"a":0,"b":0}
1791638159.073 {"t":"event","at_ms":101277,"node":25344,"kind":"peer_admitted","peer":29544,"slot":0,"a":0,"b":0}
1791638159.073 {"t":"event","at_ms":102607,"node":25344,"kind":"peer_admitted","peer":33120,"slot":1,"a":0,"b":0}
1791638159.073 {"t":"event","at_ms":102801,"node":25344,"kind":"probe_timeout","peer":254,"slot":2,"a":39,"b":0}
1791638159.073 {"t":"event","at_ms":103277,"node":25344,"kind":"peer_admitted","peer":29544,"slot":0,"a":0,"b":0}
1791638159.073 {"t":"event","at_ms":104607,"node":25344,"kind":"peer_admitted","peer":33120,"slot":1,"a":0,"b":0}
1791638159.073 {"t":"event","at_ms":105277,"node":25344,"kind":"peer_admitted","peer":29544,"slot":0,"a":0,"b":0}
1791638159.073 {"t":"event","at_ms":105801,"node":25344,"kind":"probe_timeout","peer":254,"slot":2,"a":40,"b":0}
1791638159.073 {"t":"event","at_ms":106607,"node":25344,"kind":"peer_admitted","peer":33120,"slot":1,"a":0,"b":0}
1791638159.073 {"t":"link","up_ms":107054,"node":25344,"peer":29544,"mac":"b8:1f:3f:da:73:68","state":"alive","epoch":172,"espnow_ver":2,"mtu":1446,"misses":0,"rssi":-28,"tx":{"frames":351,"cb_ok":351,"cb_fail":0,"enqueue_err":0,"pdr_ppm":1000000},"rx":{"frames":1457,"lost_seqgap":0,"reorder_dup":0,"dropped_bad":0,"hb_lost":5,"bcast_frames":1048,"pdr_ppm":1000000},"rtt":{"samples":36,"min_us":5499,"max_us":8591,"timeouts":0,"txq_last_us":3667,"txq_max_us":3667,"remote_turnaround_us":849,"remote_turnaround_max_us":1220,"p50_us":[4000,6000],"p99_us":[8000,11000],"hist":[0,0,0,0,28,6,2,0,0,0,0,0,0,0,0,0]}}
1791638159.073 {"t":"link","up_ms":107108,"node":25344,"peer":33120,"mac":"b8:1f:3f:da:81:60","state":"alive","epoch":294,"espnow_ver":2,"mtu":1446,"misses":0,"rssi":-20,"tx":{"frames":353,"cb_ok":353,"cb_fail":0,"enqueue_err":0,"pdr_ppm":1000000},"rx":{"frames":1458,"lost_seqgap":2,"reorder_dup":0,"dropped_bad":0,"hb_lost":1,"bcast_frames":1050,"pdr_ppm":998630},"rtt":{"samples":36,"min_us":5822,"max_us":8435,"timeouts":0,"txq_last_us":0,"txq_max_us":0,"remote_turnaround_us":953,"remote_turnaround_max_us":1054,"p50_us":[4000,6000],"p99_us":[8000,11000],"hist":[0,0,0,0,30,5,1,0,0,0,0,0,0,0,0,0]}}
1791638159.073 {"t":"link","up_ms":107162,"node":25344,"peer":254,"mac":"02:00:00:00:00:fe","state":"dead","epoch":0,"espnow_ver":0,"mtu":226,"misses":6,"rssi":0,"tx":{"frames":43,"cb_ok":0,"cb_fail":0,"enqueue_err":0,"pdr_ppm":null},"rx":{"frames":43,"lost_seqgap":0,"reorder_dup":0,"dropped_bad":0,"hb_lost":0,"bcast_frames":0,"pdr_ppm":1000000},"rtt":{"samples":2,"min_us":53023,"max_us":70004,"timeouts":31,"txq_last_us":0,"txq_max_us":0,"remote_turnaround_us":13,"remote_turnaround_max_us":13,"p50_us":[42000,60000],"p99_us":[60000,85000],"hist":[0,0,0,0,0,0,0,0,0,0,0,1,1,0,0,0]}}
1791638159.073 {"t":"auth","node":25344,"up_ms":107216,"enrolled":1,"required":1,"verified_peers":2,"verified":2,"cache_hits":105,"refused":0,"rate_limited":0,"stale_epoch":0,"verify_us_max":83580,"link_stack_free_b":820,"crypto_stack_free_b":1268,"tags_ok":710,"bad_tag":0,"replayed":0,"untagged":0,"bcast_dropped":0,"beacon_epoch_ignored":0,"tag_us_max":998}
1791638159.073 {"t":"act","node":25344,"setpoint":0,"has_value":0,"writes_served":0}
1791638159.489 {"t":"peers","node":25344,"own_period_ms":100,"own_busy":0,"channel":1,"scanning":0,"scans":0,"hops":0,"found":0,"lost_to_found_ms":0,"moves_followed":0,"moves_refused":0,"sweeps":0,"sweep_found":0,"sweeping":0,"search_visits":0,"relay":0,"fwd_u":0,"fwd_b":0,"fwd_h":0,"relay_dup":1101,"list":[{"id":29544,"state":"alive","via_relay":0,"period_ms":100,"misses":6,"busy":1,"rtt_n":36},{"id":33120,"state":"alive","via_relay":0,"period_ms":100,"misses":6,"busy":0,"rtt_n":36},{"id":254,"state":"dead","via_relay":0,"period_ms":100,"misses":6,"busy":0,"rtt_n":2}]}
1791638159.489 {"t":"ss","node":25344,"accepted":0,"unsigned":0,"unknown_sender":0,"bad_signature":0,"replayed":0,"rate_limited":0,"verify_us_max":0,"floors":[]}
1791638159.489 {"t":"rec","node":25344,"up_ms":107312,"settled":1,"sent":427,"received":422,"malformed":0,"views":3,"replies_fenced":0,"actors":[{"key":1245650351,"running":1,"term":11,"owner":25344,"owner_term":11,"assigned":25344,"starts":1,"fenced":0,"released":0}]}
1791638159.489 {"t":"node","up_ms":107327,"node":25344,"epoch":245,"peers_alive":2,"peers_dead":1,"no_radio":0,"free_dram":250307,"largest_block":172032,"rx":{"total":5243,"bad_frame":0,"unknown_peer":79,"wrong_dst":0,"short_payload":0,"unknown_opcode":0,"queue_dropped":51},"tx":{"total":1858,"enqueue_err":0,"done_queue_dropped":0},"membership":{"deaths":1,"revivals":0,"reboots_seen":0,"table_full":0,"events_dropped":0}}
1791638159.489 {"t":"ns","node":25344,"hash":2410274060,"owner":25344,"kind":"sampled","unit":100,"class":4,"bound_ms":0,"quality":"GOOD","age_ms":439,"ts":106929,"updates":10,"value":245}
1791638159.489 {"t":"ns","node":25344,"hash":1274253983,"owner":25344,"kind":"sampled","unit":0,"class":4,"bound_ms":5000,"quality":"GOOD","age_ms":452,"ts":106930,"updates":10,"value":-28}
1791638159.489 {"t":"ns","node":25344,"hash":3354298913,"owner":25344,"kind":"sampled","unit":100,"class":4,"bound_ms":5000,"quality":"GOOD","age_ms":467,"ts":106929,"updates":10,"value":2}
1791638159.489 {"t":"ns","node":25344,"hash":1771187623,"owner":25344,"kind":"sampled","unit":101,"class":4,"bound_ms":30000,"quality":"GOOD","age_ms":481,"ts":106929,"updates":10,"value":250307}
1791638159.489 {"t":"ns","node":25344,"hash":1245650351,"owner":25344,"kind":"sampled","unit":0,"class":3,"bound_ms":500,"quality":"GOOD","age_ms":70,"ts":107365,"updates":996,"value":1660945380}
1791638159.489 {"t":"ns","node":25344,"hash":2033492666,"owner":25344,"kind":"sampled","unit":0,"class":3,"bound_ms":0,"quality":"NO_DATA","age_ms":0,"ts":0,"updates":0,"value":null}
1791638159.489 {"t":"ns","node":25344,"hash":4103947588,"owner":25344,"kind":"sampled","unit":80,"class":4,"bound_ms":30000,"quality":"GOOD","age_ms":534,"ts":106929,"updates":10,"value":106}
1791638159.489 {"t":"ns","node":25344,"hash":1662441583,"owner":25344,"kind":"sampled","unit":101,"class":4,"bound_ms":30000,"quality":"GOOD","age_ms":549,"ts":106929,"updates":10,"value":172032}
1791638169.634 {"t":"clk","node":25344,"up_ms":117492}
1791638169.634 {"t":"led","node":25344,"shows":"red","app":0}
1791638169.634 {"t":"event","at_ms":107277,"node":25344,"kind":"peer_admitted","peer":29544,"slot":0,"a":0,"b":0}
1791638169.634 {"t":"event","at_ms":108607,"node":25344,"kind":"peer_admitted","peer":33120,"slot":1,"a":0,"b":0}
1791638169.634 {"t":"event","at_ms":108801,"node":25344,"kind":"probe_timeout","peer":254,"slot":2,"a":41,"b":0}
1791638169.634 {"t":"event","at_ms":109277,"node":25344,"kind":"peer_admitted","peer":29544,"slot":0,"a":0,"b":0}
1791638169.634 {"t":"event","at_ms":110607,"node":25344,"kind":"peer_admitted","peer":33120,"slot":1,"a":0,"b":0}
1791638169.634 {"t":"event","at_ms":111277,"node":25344,"kind":"peer_admitted","peer":29544,"slot":0,"a":0,"b":0}
1791638169.634 {"t":"event","at_ms":111801,"node":25344,"kind":"probe_timeout","peer":254,"slot":2,"a":42,"b":0}
1791638169.634 {"t":"event","at_ms":112613,"node":25344,"kind":"peer_admitted","peer":33120,"slot":1,"a":0,"b":0}
1791638169.634 {"t":"event","at_ms":113277,"node":25344,"kind":"peer_admitted","peer":29544,"slot":0,"a":0,"b":0}
1791638169.634 {"t":"event","at_ms":114607,"node":25344,"kind":"peer_admitted","peer":33120,"slot":1,"a":0,"b":0}
1791638169.634 {"t":"event","at_ms":114801,"node":25344,"kind":"probe_timeout","peer":254,"slot":2,"a":43,"b":0}
1791638169.634 {"t":"event","at_ms":115277,"node":25344,"kind":"peer_admitted","peer":29544,"slot":0,"a":0,"b":0}
1791638169.634 {"t":"event","at_ms":116608,"node":25344,"kind":"peer_admitted","peer":33120,"slot":1,"a":0,"b":0}
1791638169.634 {"t":"event","at_ms":117278,"node":25344,"kind":"peer_admitted","peer":29544,"slot":0,"a":0,"b":0}
1791638169.634 {"t":"link","up_ms":117616,"node":25344,"peer":29544,"mac":"b8:1f:3f:da:73:68","state":"alive","epoch":172,"espnow_ver":2,"mtu":1446,"misses":0,"rssi":-28,"tx":{"frames":386,"cb_ok":386,"cb_fail":0,"enqueue_err":0,"pdr_ppm":1000000},"rx":{"frames":1601,"lost_seqgap":0,"reorder_dup":0,"dropped_bad":0,"hb_lost":6,"bcast_frames":1152,"pdr_ppm":1000000},"rtt":{"samples":39,"min_us":5499,"max_us":8591,"timeouts":0,"txq_last_us":3667,"txq_max_us":3667,"remote_turnaround_us":825,"remote_turnaround_max_us":1220,"p50_us":[4000,6000],"p99_us":[8000,11000],"hist":[0,0,0,0,31,6,2,0,0,0,0,0,0,0,0,0]}}
1791638169.634 {"t":"link","up_ms":117670,"node":25344,"peer":33120,"mac":"b8:1f:3f:da:81:60","state":"alive","epoch":294,"espnow_ver":2,"mtu":1446,"misses":0,"rssi":-21,"tx":{"frames":387,"cb_ok":387,"cb_fail":0,"enqueue_err":0,"pdr_ppm":1000000},"rx":{"frames":1603,"lost_seqgap":2,"reorder_dup":0,"dropped_bad":0,"hb_lost":1,"bcast_frames":1156,"pdr_ppm":998753},"rtt":{"samples":39,"min_us":5818,"max_us":8435,"timeouts":0,"txq_last_us":0,"txq_max_us":0,"remote_turnaround_us":979,"remote_turnaround_max_us":1054,"p50_us":[4000,6000],"p99_us":[8000,11000],"hist":[0,0,0,0,33,5,1,0,0,0,0,0,0,0,0,0]}}
1791638169.634 {"t":"link","up_ms":117713,"node":25344,"peer":254,"mac":"02:00:00:00:00:fe","state":"dead","epoch":0,"espnow_ver":0,"mtu":226,"misses":6,"rssi":0,"tx":{"frames":47,"cb_ok":0,"cb_fail":0,"enqueue_err":0,"pdr_ppm":null},"rx":{"frames":43,"lost_seqgap":0,"reorder_dup":0,"dropped_bad":0,"hb_lost":0,"bcast_frames":0,"pdr_ppm":1000000},"rtt":{"samples":2,"min_us":53023,"max_us":70004,"timeouts":34,"txq_last_us":0,"txq_max_us":0,"remote_turnaround_us":13,"remote_turnaround_max_us":13,"p50_us":[42000,60000],"p99_us":[60000,85000],"hist":[0,0,0,0,0,0,0,0,0,0,0,1,1,0,0,0]}}
1791638169.634 {"t":"auth","node":25344,"up_ms":117767,"enrolled":1,"required":1,"verified_peers":2,"verified":2,"cache_hits":116,"refused":0,"rate_limited":0,"stale_epoch":0,"verify_us_max":83580,"link_stack_free_b":820,"crypto_stack_free_b":1268,"tags_ok":778,"bad_tag":0,"replayed":0,"untagged":0,"bcast_dropped":0,"beacon_epoch_ignored":0,"tag_us_max":998}
1791638169.634 {"t":"act","node":25344,"setpoint":0,"has_value":0,"writes_served":0}
1791638170.046 {"t":"peers","node":25344,"own_period_ms":100,"own_busy":0,"channel":1,"scanning":0,"scans":0,"hops":0,"found":0,"lost_to_found_ms":0,"moves_followed":0,"moves_refused":0,"sweeps":0,"sweep_found":0,"sweeping":0,"search_visits":0,"relay":0,"fwd_u":0,"fwd_b":0,"fwd_h":0,"relay_dup":1210,"list":[{"id":29544,"state":"alive","via_relay":0,"period_ms":100,"misses":6,"busy":1,"rtt_n":40},{"id":33120,"state":"alive","via_relay":0,"period_ms":100,"misses":6,"busy":0,"rtt_n":39},{"id":254,"state":"dead","via_relay":0,"period_ms":100,"misses":6,"busy":0,"rtt_n":2}]}
1791638170.046 {"t":"ss","node":25344,"accepted":0,"unsigned":0,"unknown_sender":0,"bad_signature":0,"replayed":0,"rate_limited":0,"verify_us_max":0,"floors":[]}
1791638170.046 {"t":"rec","node":25344,"up_ms":117864,"settled":1,"sent":469,"received":464,"malformed":0,"views":3,"replies_fenced":0,"actors":[{"key":1245650351,"running":1,"term":11,"owner":25344,"owner_term":11,"assigned":25344,"starts":1,"fenced":0,"released":0}]}
1791638170.046 {"t":"node","up_ms":117890,"node":25344,"epoch":245,"peers_alive":2,"peers_dead":1,"no_radio":0,"free_dram":250307,"largest_block":172032,"rx":{"total":5757,"bad_frame":0,"unknown_peer":79,"wrong_dst":0,"short_payload":0,"unknown_opcode":0,"queue_dropped":51},"tx":{"total":2043,"enqueue_err":0,"done_queue_dropped":0},"membership":{"deaths":1,"revivals":0,"reboots_seen":0,"table_full":0,"events_dropped":0}}
1791638170.046 {"t":"ns","node":25344,"hash":2410274060,"owner":25344,"kind":"sampled","unit":100,"class":4,"bound_ms":0,"quality":"GOOD","age_ms":426,"ts":117493,"updates":11,"value":245}
1791638170.046 {"t":"ns","node":25344,"hash":1274253983,"owner":25344,"kind":"sampled","unit":0,"class":4,"bound_ms":5000,"quality":"GOOD","age_ms":440,"ts":117494,"updates":11,"value":-28}
1791638170.046 {"t":"ns","node":25344,"hash":3354298913,"owner":25344,"kind":"sampled","unit":100,"class":4,"bound_ms":5000,"quality":"GOOD","age_ms":465,"ts":117494,"updates":11,"value":2}
1791638170.046 {"t":"ns","node":25344,"hash":1771187623,"owner":25344,"kind":"sampled","unit":101,"class":4,"bound_ms":30000,"quality":"GOOD","age_ms":480,"ts":117493,"updates":11,"value":250307}
1791638170.046 {"t":"ns","node":25344,"hash":1245650351,"owner":25344,"kind":"sampled","unit":0,"class":3,"bound_ms":500,"quality":"GOOD","age_ms":22,"ts":117965,"updates":1102,"value":1660945486}
1791638170.046 {"t":"ns","node":25344,"hash":2033492666,"owner":25344,"kind":"sampled","unit":0,"class":3,"bound_ms":0,"quality":"NO_DATA","age_ms":0,"ts":0,"updates":0,"value":null}
1791638170.046 {"t":"ns","node":25344,"hash":4103947588,"owner":25344,"kind":"sampled","unit":80,"class":4,"bound_ms":30000,"quality":"GOOD","age_ms":522,"ts":117493,"updates":11,"value":117}
1791638170.046 {"t":"ns","node":25344,"hash":1662441583,"owner":25344,"kind":"sampled","unit":101,"class":4,"bound_ms":30000,"quality":"GOOD","age_ms":536,"ts":117493,"updates":11,"value":172032}
1791638180.185 {"t":"clk","node":25344,"up_ms":128044}
1791638180.185 {"t":"led","node":25344,"shows":"red","app":0}
1791638180.185 {"t":"event","at_ms":117801,"node":25344,"kind":"probe_timeout","peer":254,"slot":2,"a":44,"b":0}
1791638180.185 {"t":"event","at_ms":118607,"node":25344,"kind":"peer_admitted","peer":33120,"slot":1,"a":0,"b":0}
1791638180.185 {"t":"event","at_ms":119277,"node":25344,"kind":"peer_admitted","peer":29544,"slot":0,"a":0,"b":0}
1791638180.185 {"t":"event","at_ms":120609,"node":25344,"kind":"peer_admitted","peer":33120,"slot":1,"a":0,"b":0}
1791638180.185 {"t":"event","at_ms":120801,"node":25344,"kind":"probe_timeout","peer":254,"slot":2,"a":45,"b":0}
1791638180.185 {"t":"event","at_ms":121277,"node":25344,"kind":"peer_admitted","peer":29544,"slot":0,"a":0,"b":0}
1791638180.185 {"t":"event","at_ms":122607,"node":25344,"kind":"peer_admitted","peer":33120,"slot":1,"a":0,"b":0}
1791638180.185 {"t":"event","at_ms":123277,"node":25344,"kind":"peer_admitted","peer":29544,"slot":0,"a":0,"b":0}
1791638180.185 {"t":"event","at_ms":123801,"node":25344,"kind":"probe_timeout","peer":254,"slot":2,"a":46,"b":0}
1791638180.185 {"t":"event","at_ms":124607,"node":25344,"kind":"peer_admitted","peer":33120,"slot":1,"a":0,"b":0}
1791638180.185 {"t":"event","at_ms":125277,"node":25344,"kind":"peer_admitted","peer":29544,"slot":0,"a":0,"b":0}
1791638180.185 {"t":"event","at_ms":126607,"node":25344,"kind":"peer_admitted","peer":33120,"slot":1,"a":0,"b":0}
1791638180.185 {"t":"event","at_ms":126801,"node":25344,"kind":"probe_timeout","peer":254,"slot":2,"a":47,"b":0}
1791638180.185 {"t":"event","at_ms":127277,"node":25344,"kind":"peer_admitted","peer":29544,"slot":0,"a":0,"b":0}
1791638180.185 {"t":"link","up_ms":128168,"node":25344,"peer":29544,"mac":"b8:1f:3f:da:73:68","state":"alive","epoch":172,"espnow_ver":2,"mtu":1446,"misses":0,"rssi":-28,"tx":{"frames":421,"cb_ok":421,"cb_fail":0,"enqueue_err":0,"pdr_ppm":1000000},"rx":{"frames":1748,"lost_seqgap":0,"reorder_dup":0,"dropped_bad":0,"hb_lost":6,"bcast_frames":1258,"pdr_ppm":1000000},"rtt":{"samples":43,"min_us":5499,"max_us":8591,"timeouts":0,"txq_last_us":3667,"txq_max_us":3667,"remote_turnaround_us":869,"remote_turnaround_max_us":1220,"p50_us":[4000,6000],"p99_us":[8000,11000],"hist":[0,0,0,0,35,6,2,0,0,0,0,0,0,0,0,0]}}
1791638180.185 {"t":"link","up_ms":128222,"node":25344,"peer":33120,"mac":"b8:1f:3f:da:81:60","state":"alive","epoch":294,"espnow_ver":2,"mtu":1446,"misses":0,"rssi":-20,"tx":{"frames":422,"cb_ok":422,"cb_fail":0,"enqueue_err":0,"pdr_ppm":1000000},"rx":{"frames":1749,"lost_seqgap":2,"reorder_dup":0,"dropped_bad":0,"hb_lost":1,"bcast_frames":1261,"pdr_ppm":998857},"rtt":{"samples":43,"min_us":5818,"max_us":8435,"timeouts":0,"txq_last_us":0,"txq_max_us":0,"remote_turnaround_us":1004,"remote_turnaround_max_us":1054,"p50_us":[4000,6000],"p99_us":[8000,11000],"hist":[0,0,0,0,36,6,1,0,0,0,0,0,0,0,0,0]}}
1791638180.185 {"t":"link","up_ms":128266,"node":25344,"peer":254,"mac":"02:00:00:00:00:fe","state":"dead","epoch":0,"espnow_ver":0,"mtu":226,"misses":6,"rssi":0,"tx":{"frames":50,"cb_ok":0,"cb_fail":0,"enqueue_err":0,"pdr_ppm":null},"rx":{"frames":43,"lost_seqgap":0,"reorder_dup":0,"dropped_bad":0,"hb_lost":0,"bcast_frames":0,"pdr_ppm":1000000},"rtt":{"samples":2,"min_us":53023,"max_us":70004,"timeouts":38,"txq_last_us":0,"txq_max_us":0,"remote_turnaround_us":13,"remote_turnaround_max_us":13,"p50_us":[42000,60000],"p99_us":[60000,85000],"hist":[0,0,0,0,0,0,0,0,0,0,0,1,1,0,0,0]}}
1791638180.185 {"t":"auth","node":25344,"up_ms":128319,"enrolled":1,"required":1,"verified_peers":2,"verified":2,"cache_hits":126,"refused":0,"rate_limited":0,"stale_epoch":0,"verify_us_max":83580,"link_stack_free_b":820,"crypto_stack_free_b":1268,"tags_ok":851,"bad_tag":0,"replayed":0,"untagged":0,"bcast_dropped":0,"beacon_epoch_ignored":0,"tag_us_max":998}
1791638180.185 {"t":"act","node":25344,"setpoint":0,"has_value":0,"writes_served":0}
1791638180.593 {"t":"peers","node":25344,"own_period_ms":100,"own_busy":0,"channel":1,"scanning":0,"scans":0,"hops":0,"found":0,"lost_to_found_ms":0,"moves_followed":0,"moves_refused":0,"sweeps":0,"sweep_found":0,"sweeping":0,"search_visits":0,"relay":0,"fwd_u":0,"fwd_b":0,"fwd_h":0,"relay_dup":1319,"list":[{"id":29544,"state":"alive","via_relay":0,"period_ms":100,"misses":6,"busy":1,"rtt_n":43},{"id":33120,"state":"alive","via_relay":0,"period_ms":100,"misses":6,"busy":0,"rtt_n":43},{"id":254,"state":"dead","via_relay":0,"period_ms":100,"misses":6,"busy":0,"rtt_n":2}]}
1791638180.593 {"t":"ss","node":25344,"accepted":0,"unsigned":0,"unknown_sender":0,"bad_signature":0,"replayed":0,"rate_limited":0,"verify_us_max":0,"floors":[]}
1791638180.593 {"t":"rec","node":25344,"up_ms":128415,"settled":1,"sent":511,"received":507,"malformed":0,"views":3,"replies_fenced":0,"actors":[{"key":1245650351,"running":1,"term":11,"owner":25344,"owner_term":11,"assigned":25344,"starts":1,"fenced":0,"released":0}]}
1791638180.593 {"t":"node","up_ms":128441,"node":25344,"epoch":245,"peers_alive":2,"peers_dead":1,"no_radio":0,"free_dram":250307,"largest_block":172032,"rx":{"total":6267,"bad_frame":0,"unknown_peer":79,"wrong_dst":0,"short_payload":0,"unknown_opcode":0,"queue_dropped":51},"tx":{"total":2226,"enqueue_err":0,"done_queue_dropped":0},"membership":{"deaths":1,"revivals":0,"reboots_seen":0,"table_full":0,"events_dropped":0}}
1791638180.593 {"t":"ns","node":25344,"hash":2410274060,"owner":25344,"kind":"sampled","unit":100,"class":4,"bound_ms":0,"quality":"GOOD","age_ms":435,"ts":128046,"updates":12,"value":245}
1791638180.593 {"t":"ns","node":25344,"hash":1274253983,"owner":25344,"kind":"sampled","unit":0,"class":4,"bound_ms":5000,"quality":"GOOD","age_ms":449,"ts":128046,"updates":12,"value":-28}
1791638180.593 {"t":"ns","node":25344,"hash":3354298913,"owner":25344,"kind":"sampled","unit":100,"class":4,"bound_ms":5000,"quality":"GOOD","age_ms":463,"ts":128046,"updates":12,"value":2}
1791638180.593 {"t":"ns","node":25344,"hash":1771187623,"owner":25344,"kind":"sampled","unit":101,"class":4,"bound_ms":30000,"quality":"GOOD","age_ms":479,"ts":128045,"updates":12,"value":250307}
1791638180.593 {"t":"ns","node":25344,"hash":1245650351,"owner":25344,"kind":"sampled","unit":0,"class":3,"bound_ms":500,"quality":"GOOD","age_ms":73,"ts":128465,"updates":1207,"value":1660945591}
1791638180.593 {"t":"ns","node":25344,"hash":2033492666,"owner":25344,"kind":"sampled","unit":0,"class":3,"bound_ms":0,"quality":"NO_DATA","age_ms":0,"ts":0,"updates":0,"value":null}
1791638180.593 {"t":"ns","node":25344,"hash":4103947588,"owner":25344,"kind":"sampled","unit":80,"class":4,"bound_ms":30000,"quality":"GOOD","age_ms":520,"ts":128046,"updates":12,"value":128}
1791638180.593 {"t":"ns","node":25344,"hash":1662441583,"owner":25344,"kind":"sampled","unit":101,"class":4,"bound_ms":30000,"quality":"GOOD","age_ms":536,"ts":128046,"updates":12,"value":172032}
1791638190.742 {"t":"clk","node":25344,"up_ms":138597}
1791638190.742 {"t":"led","node":25344,"shows":"red","app":0}
1791638190.742 {"t":"event","at_ms":128607,"node":25344,"kind":"peer_admitted","peer":33120,"slot":1,"a":0,"b":0}
1791638190.742 {"t":"event","at_ms":129277,"node":25344,"kind":"peer_admitted","peer":29544,"slot":0,"a":0,"b":0}
1791638190.742 {"t":"event","at_ms":129801,"node":25344,"kind":"probe_timeout","peer":254,"slot":2,"a":48,"b":0}
1791638190.742 {"t":"event","at_ms":130614,"node":25344,"kind":"peer_admitted","peer":33120,"slot":1,"a":0,"b":0}
1791638190.742 {"t":"event","at_ms":131277,"node":25344,"kind":"peer_admitted","peer":29544,"slot":0,"a":0,"b":0}
1791638190.742 {"t":"event","at_ms":132607,"node":25344,"kind":"peer_admitted","peer":33120,"slot":1,"a":0,"b":0}
1791638190.742 {"t":"event","at_ms":132801,"node":25344,"kind":"probe_timeout","peer":254,"slot":2,"a":49,"b":0}
1791638190.742 {"t":"event","at_ms":133278,"node":25344,"kind":"peer_admitted","peer":29544,"slot":0,"a":0,"b":0}
1791638190.742 {"t":"event","at_ms":134607,"node":25344,"kind":"peer_admitted","peer":33120,"slot":1,"a":0,"b":0}
1791638190.742 {"t":"event","at_ms":135277,"node":25344,"kind":"peer_admitted","peer":29544,"slot":0,"a":0,"b":0}
1791638190.742 {"t":"event","at_ms":135801,"node":25344,"kind":"probe_timeout","peer":254,"slot":2,"a":50,"b":0}
1791638190.742 {"t":"event","at_ms":136607,"node":25344,"kind":"peer_admitted","peer":33120,"slot":1,"a":0,"b":0}
1791638190.742 {"t":"event","at_ms":137277,"node":25344,"kind":"peer_admitted","peer":29544,"slot":0,"a":0,"b":0}
1791638190.742 {"t":"event","at_ms":138607,"node":25344,"kind":"peer_admitted","peer":33120,"slot":1,"a":0,"b":0}
1791638190.742 {"t":"link","up_ms":138722,"node":25344,"peer":29544,"mac":"b8:1f:3f:da:73:68","state":"alive","epoch":172,"espnow_ver":2,"mtu":1446,"misses":0,"rssi":-28,"tx":{"frames":456,"cb_ok":456,"cb_fail":0,"enqueue_err":0,"pdr_ppm":1000000},"rx":{"frames":1893,"lost_seqgap":0,"reorder_dup":0,"dropped_bad":0,"hb_lost":6,"bcast_frames":1363,"pdr_ppm":1000000},"rtt":{"samples":46,"min_us":5499,"max_us":17249,"timeouts":0,"txq_last_us":3667,"txq_max_us":3667,"remote_turnaround_us":840,"remote_turnaround_max_us":1220,"p50_us":[4000,6000],"p99_us":[16000,22000],"hist":[0,0,0,0,36,7,2,0,1,0,0,0,0,0,0,0]}}
1791638190.742 {"t":"link","up_ms":138777,"node":25344,"peer":33120,"mac":"b8:1f:3f:da:81:60","state":"alive","epoch":294,"espnow_ver":2,"mtu":1446,"misses":0,"rssi":-20,"tx":{"frames":458,"cb_ok":458,"cb_fail":0,"enqueue_err":0,"pdr_ppm":1000000},"rx":{"frames":1896,"lost_seqgap":2,"reorder_dup":0,"dropped_bad":0,"hb_lost":1,"bcast_frames":1367,"pdr_ppm":998946},"rtt":{"samples":46,"min_us":5818,"max_us":31147,"timeouts":0,"txq_last_us":20703,"txq_max_us":20703,"remote_turnaround_us":992,"remote_turnaround_max_us":1054,"p50_us":[4000,6000],"p99_us":[30000,42000],"hist":[0,0,0,0,37,7,1,0,0,0,1,0,0,0,0,0]}}
1791638190.742 {"t":"link","up_ms":138820,"node":25344,"peer":254,"mac":"02:00:00:00:00:fe","state":"dead","epoch":0,"espnow_ver":0,"mtu":226,"misses":6,"rssi":0,"tx":{"frames":54,"cb_ok":0,"cb_fail":0,"enqueue_err":0,"pdr_ppm":null},"rx":{"frames":43,"lost_seqgap":0,"reorder_dup":0,"dropped_bad":0,"hb_lost":0,"bcast_frames":0,"pdr_ppm":1000000},"rtt":{"samples":2,"min_us":53023,"max_us":70004,"timeouts":42,"txq_last_us":0,"txq_max_us":0,"remote_turnaround_us":13,"remote_turnaround_max_us":13,"p50_us":[42000,60000],"p99_us":[60000,85000],"hist":[0,0,0,0,0,0,0,0,0,0,0,1,1,0,0,0]}}
1791638190.742 {"t":"auth","node":25344,"up_ms":138873,"enrolled":1,"required":1,"verified_peers":2,"verified":2,"cache_hits":137,"refused":0,"rate_limited":0,"stale_epoch":0,"verify_us_max":83580,"link_stack_free_b":820,"crypto_stack_free_b":1268,"tags_ok":921,"bad_tag":0,"replayed":0,"untagged":0,"bcast_dropped":0,"beacon_epoch_ignored":0,"tag_us_max":998}
1791638190.742 {"t":"act","node":25344,"setpoint":0,"has_value":0,"writes_served":0}
1791638191.148 {"t":"peers","node":25344,"own_period_ms":100,"own_busy":0,"channel":1,"scanning":0,"scans":0,"hops":0,"found":0,"lost_to_found_ms":0,"moves_followed":0,"moves_refused":0,"sweeps":0,"sweep_found":0,"sweeping":0,"search_visits":0,"relay":0,"fwd_u":0,"fwd_b":0,"fwd_h":0,"relay_dup":1426,"list":[{"id":29544,"state":"alive","via_relay":0,"period_ms":100,"misses":6,"busy":1,"rtt_n":47},{"id":33120,"state":"alive","via_relay":0,"period_ms":100,"misses":6,"busy":0,"rtt_n":46},{"id":254,"state":"dead","via_relay":0,"period_ms":100,"misses":6,"busy":0,"rtt_n":2}]}
1791638191.148 {"t":"ss","node":25344,"accepted":0,"unsigned":0,"unknown_sender":0,"bad_signature":0,"replayed":0,"rate_limited":0,"verify_us_max":0,"floors":[]}
1791638191.148 {"t":"rec","node":25344,"up_ms":138969,"settled":1,"sent":553,"received":549,"malformed":0,"views":3,"replies_fenced":0,"actors":[{"key":1245650351,"running":1,"term":11,"owner":25344,"owner_term":11,"assigned":25344,"starts":1,"fenced":0,"released":0}]}
1791638191.148 {"t":"node","up_ms":138995,"node":25344,"epoch":245,"peers_alive":2,"peers_dead":1,"no_radio":0,"free_dram":250307,"largest_block":172032,"rx":{"total":6778,"bad_frame":0,"unknown_peer":79,"wrong_dst":0,"short_payload":0,"unknown_opcode":0,"queue_dropped":51},"tx":{"total":2412,"enqueue_err":0,"done_queue_dropped":0},"membership":{"deaths":1,"revivals":0,"reboots_seen":0,"table_full":0,"events_dropped":0}}
1791638191.148 {"t":"ns","node":25344,"hash":2410274060,"owner":25344,"kind":"sampled","unit":100,"class":4,"bound_ms":0,"quality":"GOOD","age_ms":437,"ts":138598,"updates":13,"value":245}
1791638191.148 {"t":"ns","node":25344,"hash":1274253983,"owner":25344,"kind":"sampled","unit":0,"class":4,"bound_ms":5000,"quality":"GOOD","age_ms":451,"ts":138599,"updates":13,"value":-28}
1791638191.148 {"t":"ns","node":25344,"hash":3354298913,"owner":25344,"kind":"sampled","unit":100,"class":4,"bound_ms":5000,"quality":"GOOD","age_ms":466,"ts":138598,"updates":13,"value":2}
1791638191.148 {"t":"ns","node":25344,"hash":1771187623,"owner":25344,"kind":"sampled","unit":101,"class":4,"bound_ms":30000,"quality":"GOOD","age_ms":480,"ts":138598,"updates":13,"value":250307}
1791638191.148 {"t":"ns","node":25344,"hash":1245650351,"owner":25344,"kind":"sampled","unit":0,"class":3,"bound_ms":500,"quality":"GOOD","age_ms":27,"ts":139065,"updates":1313,"value":1660945697}
1791638191.148 {"t":"ns","node":25344,"hash":2033492666,"owner":25344,"kind":"sampled","unit":0,"class":3,"bound_ms":0,"quality":"NO_DATA","age_ms":0,"ts":0,"updates":0,"value":null}
1791638191.148 {"t":"ns","node":25344,"hash":4103947588,"owner":25344,"kind":"sampled","unit":80,"class":4,"bound_ms":30000,"quality":"GOOD","age_ms":522,"ts":138598,"updates":13,"value":138}
1791638191.148 {"t":"ns","node":25344,"hash":1662441583,"owner":25344,"kind":"sampled","unit":101,"class":4,"bound_ms":30000,"quality":"GOOD","age_ms":536,"ts":138598,"updates":13,"value":172032}
1791638201.290 {"t":"clk","node":25344,"up_ms":149149}
1791638201.290 {"t":"led","node":25344,"shows":"red","app":0}
1791638201.290 {"t":"event","at_ms":138801,"node":25344,"kind":"probe_timeout","peer":254,"slot":2,"a":51,"b":0}
1791638201.290 {"t":"event","at_ms":139277,"node":25344,"kind":"peer_admitted","peer":29544,"slot":0,"a":0,"b":0}
1791638201.290 {"t":"event","at_ms":140607,"node":25344,"kind":"peer_admitted","peer":33120,"slot":1,"a":0,"b":0}
1791638201.290 {"t":"event","at_ms":141277,"node":25344,"kind":"peer_admitted","peer":29544,"slot":0,"a":0,"b":0}
1791638201.290 {"t":"event","at_ms":141801,"node":25344,"kind":"probe_timeout","peer":254,"slot":2,"a":52,"b":0}
1791638201.290 {"t":"event","at_ms":142607,"node":25344,"kind":"peer_admitted","peer":33120,"slot":1,"a":0,"b":0}
1791638201.290 {"t":"event","at_ms":143277,"node":25344,"kind":"peer_admitted","peer":29544,"slot":0,"a":0,"b":0}
1791638201.290 {"t":"event","at_ms":144607,"node":25344,"kind":"peer_admitted","peer":33120,"slot":1,"a":0,"b":0}
1791638201.290 {"t":"event","at_ms":144801,"node":25344,"kind":"probe_timeout","peer":254,"slot":2,"a":53,"b":0}
1791638201.290 {"t":"event","at_ms":145279,"node":25344,"kind":"peer_admitted","peer":29544,"slot":0,"a":0,"b":0}
1791638201.290 {"t":"event","at_ms":146607,"node":25344,"kind":"peer_admitted","peer":33120,"slot":1,"a":0,"b":0}
1791638201.290 {"t":"event","at_ms":147277,"node":25344,"kind":"peer_admitted","peer":29544,"slot":0,"a":0,"b":0}
1791638201.290 {"t":"event","at_ms":147801,"node":25344,"kind":"probe_timeout","peer":254,"slot":2,"a":54,"b":0}
1791638201.290 {"t":"event","at_ms":148607,"node":25344,"kind":"peer_admitted","peer":33120,"slot":1,"a":0,"b":0}
1791638201.290 {"t":"link","up_ms":149274,"node":25344,"peer":29544,"mac":"b8:1f:3f:da:73:68","state":"alive","epoch":172,"espnow_ver":2,"mtu":1446,"misses":0,"rssi":-28,"tx":{"frames":492,"cb_ok":492,"cb_fail":0,"enqueue_err":0,"pdr_ppm":1000000},"rx":{"frames":2039,"lost_seqgap":0,"reorder_dup":0,"dropped_bad":0,"hb_lost":6,"bcast_frames":1469,"pdr_ppm":1000000},"rtt":{"samples":50,"min_us":5499,"max_us":17249,"timeouts":0,"txq_last_us":3667,"txq_max_us":3667,"remote_turnaround_us":845,"remote_turnaround_max_us":1220,"p50_us":[4000,6000],"p99_us":[16000,22000],"hist":[0,0,0,0,40,7,2,0,1,0,0,0,0,0,0,0]}}
1791638201.290 {"t":"link","up_ms":149328,"node":25344,"peer":33120,"mac":"b8:1f:3f:da:81:60","state":"alive","epoch":294,"espnow_ver":2,"mtu":1446,"misses":0,"rssi":-20,"tx":{"frames":493,"cb_ok":493,"cb_fail":0,"enqueue_err":0,"pdr_ppm":1000000},"rx":{"frames":2041,"lost_seqgap":2,"reorder_dup":0,"dropped_bad":0,"hb_lost":1,"bcast_frames":1472,"pdr_ppm":999021},"rtt":{"samples":50,"min_us":5818,"max_us":31147,"timeouts":0,"txq_last_us":20703,"txq_max_us":20703,"remote_turnaround_us":976,"remote_turnaround_max_us":1188,"p50_us":[4000,6000],"p99_us":[30000,42000],"hist":[0,0,0,0,39,8,2,0,0,0,1,0,0,0,0,0]}}
1791638201.290 {"t":"link","up_ms":149371,"node":25344,"peer":254,"mac":"02:00:00:00:00:fe","state":"dead","epoch":0,"espnow_ver":0,"mtu":226,"misses":6,"rssi":0,"tx":{"frames":57,"cb_ok":0,"cb_fail":0,"enqueue_err":0,"pdr_ppm":null},"rx":{"frames":43,"lost_seqgap":0,"reorder_dup":0,"dropped_bad":0,"hb_lost":0,"bcast_frames":0,"pdr_ppm":1000000},"rtt":{"samples":2,"min_us":53023,"max_us":70004,"timeouts":45,"txq_last_us":0,"txq_max_us":0,"remote_turnaround_us":13,"remote_turnaround_max_us":13,"p50_us":[42000,60000],"p99_us":[60000,85000],"hist":[0,0,0,0,0,0,0,0,0,0,0,1,1,0,0,0]}}
1791638201.290 {"t":"auth","node":25344,"up_ms":149424,"enrolled":1,"required":1,"verified_peers":2,"verified":2,"cache_hits":148,"refused":0,"rate_limited":0,"stale_epoch":0,"verify_us_max":83580,"link_stack_free_b":820,"crypto_stack_free_b":1268,"tags_ok":990,"bad_tag":0,"replayed":0,"untagged":0,"bcast_dropped":0,"beacon_epoch_ignored":0,"tag_us_max":998}
1791638201.290 {"t":"act","node":25344,"setpoint":0,"has_value":0,"writes_served":0}
1791638201.709 {"t":"peers","node":25344,"own_period_ms":100,"own_busy":0,"channel":1,"scanning":0,"scans":0,"hops":0,"found":0,"lost_to_found_ms":0,"moves_followed":0,"moves_refused":0,"sweeps":0,"sweep_found":0,"sweeping":0,"search_visits":0,"relay":0,"fwd_u":0,"fwd_b":0,"fwd_h":0,"relay_dup":1535,"list":[{"id":29544,"state":"alive","via_relay":0,"period_ms":100,"misses":6,"busy":1,"rtt_n":50},{"id":33120,"state":"alive","via_relay":0,"period_ms":100,"misses":6,"busy":0,"rtt_n":50},{"id":254,"state":"dead","via_relay":0,"period_ms":100,"misses":6,"busy":0,"rtt_n":2}]}
1791638201.709 {"t":"ss","node":25344,"accepted":0,"unsigned":0,"unknown_sender":0,"bad_signature":0,"replayed":0,"rate_limited":0,"verify_us_max":0,"floors":[]}
1791638201.709 {"t":"rec","node":25344,"up_ms":149521,"settled":1,"sent":596,"received":592,"malformed":0,"views":3,"replies_fenced":0,"actors":[{"key":1245650351,"running":1,"term":11,"owner":25344,"owner_term":11,"assigned":25344,"starts":1,"fenced":0,"released":0}]}
1791638201.709 {"t":"node","up_ms":149548,"node":25344,"epoch":245,"peers_alive":2,"peers_dead":1,"no_radio":0,"free_dram":250307,"largest_block":172032,"rx":{"total":7289,"bad_frame":0,"unknown_peer":79,"wrong_dst":0,"short_payload":0,"unknown_opcode":0,"queue_dropped":51},"tx":{"total":2596,"enqueue_err":0,"done_queue_dropped":0},"membership":{"deaths":1,"revivals":0,"reboots_seen":0,"table_full":0,"events_dropped":0}}
1791638201.709 {"t":"ns","node":25344,"hash":2410274060,"owner":25344,"kind":"sampled","unit":100,"class":4,"bound_ms":0,"quality":"GOOD","age_ms":426,"ts":149151,"updates":14,"value":245}
1791638201.709 {"t":"ns","node":25344,"hash":1274253983,"owner":25344,"kind":"sampled","unit":0,"class":4,"bound_ms":5000,"quality":"GOOD","age_ms":451,"ts":149151,"updates":14,"value":-27}
1791638201.709 {"t":"ns","node":25344,"hash":3354298913,"owner":25344,"kind":"sampled","unit":100,"class":4,"bound_ms":5000,"quality":"GOOD","age_ms":465,"ts":149151,"updates":14,"value":2}
1791638201.709 {"t":"ns","node":25344,"hash":1771187623,"owner":25344,"kind":"sampled","unit":101,"class":4,"bound_ms":30000,"quality":"GOOD","age_ms":479,"ts":149150,"updates":14,"value":250307}
1791638201.709 {"t":"ns","node":25344,"hash":1245650351,"owner":25344,"kind":"sampled","unit":0,"class":3,"bound_ms":500,"quality":"GOOD","age_ms":78,"ts":149565,"updates":1418,"value":1660945802}
1791638201.709 {"t":"ns","node":25344,"hash":2033492666,"owner":25344,"kind":"sampled","unit":0,"class":3,"bound_ms":0,"quality":"NO_DATA","age_ms":0,"ts":0,"updates":0,"value":null}
1791638201.709 {"t":"ns","node":25344,"hash":4103947588,"owner":25344,"kind":"sampled","unit":80,"class":4,"bound_ms":30000,"quality":"GOOD","age_ms":521,"ts":149151,"updates":14,"value":149}
1791638201.709 {"t":"ns","node":25344,"hash":1662441583,"owner":25344,"kind":"sampled","unit":101,"class":4,"bound_ms":30000,"quality":"GOOD","age_ms":536,"ts":149150,"updates":14,"value":172032}
1791638211.845 {"t":"clk","node":25344,"up_ms":159700}
1791638211.845 {"t":"led","node":25344,"shows":"red","app":0}
1791638211.845 {"t":"event","at_ms":149278,"node":25344,"kind":"peer_admitted","peer":29544,"slot":0,"a":0,"b":0}
1791638211.845 {"t":"event","at_ms":150607,"node":25344,"kind":"peer_admitted","peer":33120,"slot":1,"a":0,"b":0}
1791638211.845 {"t":"event","at_ms":150801,"node":25344,"kind":"probe_timeout","peer":254,"slot":2,"a":55,"b":0}
1791638211.845 {"t":"event","at_ms":151278,"node":25344,"kind":"peer_admitted","peer":29544,"slot":0,"a":0,"b":0}
1791638211.845 {"t":"event","at_ms":152607,"node":25344,"kind":"peer_admitted","peer":33120,"slot":1,"a":0,"b":0}
1791638211.845 {"t":"event","at_ms":153278,"node":25344,"kind":"peer_admitted","peer":29544,"slot":0,"a":0,"b":0}
1791638211.845 {"t":"event","at_ms":153801,"node":25344,"kind":"probe_timeout","peer":254,"slot":2,"a":56,"b":0}
1791638211.845 {"t":"event","at_ms":154607,"node":25344,"kind":"peer_admitted","peer":33120,"slot":1,"a":0,"b":0}
1791638211.845 {"t":"event","at_ms":155277,"node":25344,"kind":"peer_admitted","peer":29544,"slot":0,"a":0,"b":0}
1791638211.845 {"t":"event","at_ms":156607,"node":25344,"kind":"peer_admitted","peer":33120,"slot":1,"a":0,"b":0}
1791638211.845 {"t":"event","at_ms":156801,"node":25344,"kind":"probe_timeout","peer":254,"slot":2,"a":57,"b":0}
1791638211.845 {"t":"event","at_ms":157278,"node":25344,"kind":"peer_admitted","peer":29544,"slot":0,"a":0,"b":0}
1791638211.845 {"t":"event","at_ms":158607,"node":25344,"kind":"peer_admitted","peer":33120,"slot":1,"a":0,"b":0}
1791638211.845 {"t":"event","at_ms":159277,"node":25344,"kind":"peer_admitted","peer":29544,"slot":0,"a":0,"b":0}
1791638211.845 {"t":"event","at_ms":159801,"node":25344,"kind":"probe_timeout","peer":254,"slot":2,"a":58,"b":0}
1791638211.845 {"t":"link","up_ms":159837,"node":25344,"peer":29544,"mac":"b8:1f:3f:da:73:68","state":"alive","epoch":172,"espnow_ver":2,"mtu":1446,"misses":0,"rssi":-28,"tx":{"frames":528,"cb_ok":528,"cb_fail":0,"enqueue_err":0,"pdr_ppm":1000000},"rx":{"frames":2186,"lost_seqgap":0,"reorder_dup":0,"dropped_bad":0,"hb_lost":6,"bcast_frames":1574,"pdr_ppm":1000000},"rtt":{"samples":54,"min_us":5499,"max_us":17249,"timeouts":0,"txq_last_us":3667,"txq_max_us":3667,"remote_turnaround_us":852,"remote_turnaround_max_us":1220,"p50_us":[4000,6000],"p99_us":[16000,22000],"hist":[0,0,0,0,42,8,3,0,1,0,0,0,0,0,0,0]}}
1791638211.845 {"t":"link","up_ms":159881,"node":25344,"peer":33120,"mac":"b8:1f:3f:da:81:60","state":"alive","epoch":294,"espnow_ver":2,"mtu":1446,"misses":0,"rssi":-20,"tx":{"frames":527,"cb_ok":527,"cb_fail":0,"enqueue_err":0,"pdr_ppm":1000000},"rx":{"frames":2187,"lost_seqgap":2,"reorder_dup":0,"dropped_bad":0,"hb_lost":1,"bcast_frames":1578,"pdr_ppm":999086},"rtt":{"samples":53,"min_us":5818,"max_us":31147,"timeouts":0,"txq_last_us":20703,"txq_max_us":20703,"remote_turnaround_us":986,"remote_turnaround_max_us":1188,"p50_us":[4000,6000],"p99_us":[30000,42000],"hist":[0,0,0,0,41,9,2,0,0,0,1,0,0,0,0,0]}}
1791638211.845 {"t":"link","up_ms":159934,"node":25344,"peer":254,"mac":"02:00:00:00:00:fe","state":"dead","epoch":0,"espnow_ver":0,"mtu":226,"misses":6,"rssi":0,"tx":{"frames":61,"cb_ok":0,"cb_fail":0,"enqueue_err":0,"pdr_ppm":null},"rx":{"frames":43,"lost_seqgap":0,"reorder_dup":0,"dropped_bad":0,"hb_lost":0,"bcast_frames":0,"pdr_ppm":1000000},"rtt":{"samples":2,"min_us":53023,"max_us":70004,"timeouts":49,"txq_last_us":0,"txq_max_us":0,"remote_turnaround_us":13,"remote_turnaround_max_us":13,"p50_us":[42000,60000],"p99_us":[60000,85000],"hist":[0,0,0,0,0,0,0,0,0,0,0,1,1,0,0,0]}}
1791638211.845 {"t":"auth","node":25344,"up_ms":159988,"enrolled":1,"required":1,"verified_peers":2,"verified":2,"cache_hits":158,"refused":0,"rate_limited":0,"stale_epoch":0,"verify_us_max":83580,"link_stack_free_b":820,"crypto_stack_free_b":1268,"tags_ok":1062,"bad_tag":0,"replayed":0,"untagged":0,"bcast_dropped":0,"beacon_epoch_ignored":0,"tag_us_max":998}
1791638211.845 {"t":"act","node":25344,"setpoint":0,"has_value":0,"writes_served":0}
1791638212.262 {"t":"peers","node":25344,"own_period_ms":100,"own_busy":0,"channel":1,"scanning":0,"scans":0,"hops":0,"found":0,"lost_to_found_ms":0,"moves_followed":0,"moves_refused":0,"sweeps":0,"sweep_found":0,"sweeping":0,"search_visits":0,"relay":0,"fwd_u":0,"fwd_b":0,"fwd_h":0,"relay_dup":1642,"list":[{"id":29544,"state":"alive","via_relay":0,"period_ms":100,"misses":6,"busy":1,"rtt_n":54},{"id":33120,"state":"alive","via_relay":0,"period_ms":100,"misses":6,"busy":0,"rtt_n":53},{"id":254,"state":"dead","via_relay":0,"period_ms":100,"misses":6,"busy":0,"rtt_n":2}]}
1791638212.262 {"t":"ss","node":25344,"accepted":0,"unsigned":0,"unknown_sender":0,"bad_signature":0,"replayed":0,"rate_limited":0,"verify_us_max":0,"floors":[]}
1791638212.262 {"t":"rec","node":25344,"up_ms":160084,"settled":1,"sent":638,"received":634,"malformed":0,"views":3,"replies_fenced":0,"actors":[{"key":1245650351,"running":1,"term":11,"owner":25344,"owner_term":11,"assigned":25344,"starts":1,"fenced":0,"released":0}]}
1791638212.262 {"t":"node","up_ms":160110,"node":25344,"epoch":245,"peers_alive":2,"peers_dead":1,"no_radio":0,"free_dram":250307,"largest_block":172032,"rx":{"total":7798,"bad_frame":0,"unknown_peer":79,"wrong_dst":0,"short_payload":0,"unknown_opcode":0,"queue_dropped":51},"tx":{"total":2781,"enqueue_err":0,"done_queue_dropped":0},"membership":{"deaths":1,"revivals":0,"reboots_seen":0,"table_full":0,"events_dropped":0}}
1791638212.262 {"t":"ns","node":25344,"hash":2410274060,"owner":25344,"kind":"sampled","unit":100,"class":4,"bound_ms":0,"quality":"GOOD","age_ms":438,"ts":159701,"updates":15,"value":245}
1791638212.262 {"t":"ns","node":25344,"hash":1274253983,"owner":25344,"kind":"sampled","unit":0,"class":4,"bound_ms":5000,"quality":"GOOD","age_ms":451,"ts":159702,"updates":15,"value":-28}
1791638212.262 {"t":"ns","node":25344,"hash":3354298913,"owner":25344,"kind":"sampled","unit":100,"class":4,"bound_ms":5000,"quality":"GOOD","age_ms":467,"ts":159701,"updates":15,"value":2}
1791638212.262 {"t":"ns","node":25344,"hash":1771187623,"owner":25344,"kind":"sampled","unit":101,"class":4,"bound_ms":30000,"quality":"GOOD","age_ms":492,"ts":159701,"updates":15,"value":250307}
1791638212.262 {"t":"ns","node":25344,"hash":1245650351,"owner":25344,"kind":"sampled","unit":0,"class":3,"bound_ms":500,"quality":"GOOD","age_ms":42,"ts":160165,"updates":1524,"value":1660945908}
1791638212.262 {"t":"ns","node":25344,"hash":2033492666,"owner":25344,"kind":"sampled","unit":0,"class":3,"bound_ms":0,"quality":"NO_DATA","age_ms":0,"ts":0,"updates":0,"value":null}
1791638212.262 {"t":"ns","node":25344,"hash":4103947588,"owner":25344,"kind":"sampled","unit":80,"class":4,"bound_ms":30000,"quality":"GOOD","age_ms":534,"ts":159701,"updates":15,"value":159}
1791638212.262 {"t":"ns","node":25344,"hash":1662441583,"owner":25344,"kind":"sampled","unit":101,"class":4,"bound_ms":30000,"quality":"GOOD","age_ms":550,"ts":159701,"updates":15,"value":172032}
1791638222.406 {"t":"clk","node":25344,"up_ms":170266}
1791638222.406 {"t":"led","node":25344,"shows":"red","app":0}
1791638222.406 {"t":"event","at_ms":160607,"node":25344,"kind":"peer_admitted","peer":33120,"slot":1,"a":0,"b":0}
1791638222.406 {"t":"event","at_ms":161277,"node":25344,"kind":"peer_admitted","peer":29544,"slot":0,"a":0,"b":0}
1791638222.406 {"t":"event","at_ms":162607,"node":25344,"kind":"peer_admitted","peer":33120,"slot":1,"a":0,"b":0}
1791638222.406 {"t":"event","at_ms":162801,"node":25344,"kind":"probe_timeout","peer":254,"slot":2,"a":59,"b":0}
1791638222.406 {"t":"event","at_ms":163278,"node":25344,"kind":"peer_admitted","peer":29544,"slot":0,"a":0,"b":0}
1791638222.406 {"t":"event","at_ms":164607,"node":25344,"kind":"peer_admitted","peer":33120,"slot":1,"a":0,"b":0}
1791638222.406 {"t":"event","at_ms":165278,"node":25344,"kind":"peer_admitted","peer":29544,"slot":0,"a":0,"b":0}
1791638222.406 {"t":"event","at_ms":165801,"node":25344,"kind":"probe_timeout","peer":254,"slot":2,"a":60,"b":0}
1791638222.406 {"t":"event","at_ms":166607,"node":25344,"kind":"peer_admitted","peer":33120,"slot":1,"a":0,"b":0}
1791638222.406 {"t":"event","at_ms":167278,"node":25344,"kind":"peer_admitted","peer":29544,"slot":0,"a":0,"b":0}
1791638222.406 {"t":"event","at_ms":168607,"node":25344,"kind":"peer_admitted","peer":33120,"slot":1,"a":0,"b":0}
1791638222.406 {"t":"event","at_ms":168801,"node":25344,"kind":"probe_timeout","peer":254,"slot":2,"a":61,"b":0}
1791638222.406 {"t":"event","at_ms":169282,"node":25344,"kind":"peer_admitted","peer":29544,"slot":0,"a":0,"b":0}
1791638222.406 {"t":"link","up_ms":170378,"node":25344,"peer":29544,"mac":"b8:1f:3f:da:73:68","state":"alive","epoch":172,"espnow_ver":2,"mtu":1446,"misses":0,"rssi":-28,"tx":{"frames":563,"cb_ok":563,"cb_fail":0,"enqueue_err":0,"pdr_ppm":1000000},"rx":{"frames":2331,"lost_seqgap":0,"reorder_dup":0,"dropped_bad":0,"hb_lost":7,"bcast_frames":1679,"pdr_ppm":1000000},"rtt":{"samples":57,"min_us":5499,"max_us":17249,"timeouts":0,"txq_last_us":3667,"txq_max_us":3667,"remote_turnaround_us":876,"remote_turnaround_max_us":1220,"p50_us":[4000,6000],"p99_us":[16000,22000],"hist":[0,0,0,0,45,8,3,0,1,0,0,0,0,0,0,0]}}
1791638222.406 {"t":"link","up_ms":170432,"node":25344,"peer":33120,"mac":"b8:1f:3f:da:81:60","state":"alive","epoch":294,"espnow_ver":2,"mtu":1446,"misses":0,"rssi":-20,"tx":{"frames":562,"cb_ok":562,"cb_fail":0,"enqueue_err":0,"pdr_ppm":1000000},"rx":{"frames":2332,"lost_seqgap":2,"reorder_dup":0,"dropped_bad":0,"hb_lost":1,"bcast_frames":1683,"pdr_ppm":999143},"rtt":{"samples":57,"min_us":5818,"max_us":31147,"timeouts":0,"txq_last_us":20703,"txq_max_us":20703,"remote_turnaround_us":972,"remote_turnaround_max_us":1188,"p50_us":[4000,6000],"p99_us":[30000,42000],"hist":[0,0,0,0,44,10,2,0,0,0,1,0,0,0,0,0]}}
1791638222.406 {"t":"link","up_ms":170486,"node":25344,"peer":254,"mac":"02:00:00:00:00:fe","state":"dead","epoch":0,"espnow_ver":0,"mtu":226,"misses":6,"rssi":0,"tx":{"frames":64,"cb_ok":0,"cb_fail":0,"enqueue_err":0,"pdr_ppm":null},"rx":{"frames":43,"lost_seqgap":0,"reorder_dup":0,"dropped_bad":0,"hb_lost":0,"bcast_frames":0,"pdr_ppm":1000000},"rtt":{"samples":2,"min_us":53023,"max_us":70004,"timeouts":52,"txq_last_us":0,"txq_max_us":0,"remote_turnaround_us":13,"remote_turnaround_max_us":13,"p50_us":[42000,60000],"p99_us":[60000,85000],"hist":[0,0,0,0,0,0,0,0,0,0,0,1,1,0,0,0]}}
1791638222.406 {"t":"auth","node":25344,"up_ms":170540,"enrolled":1,"required":1,"verified_peers":2,"verified":2,"cache_hits":168,"refused":0,"rate_limited":0,"stale_epoch":0,"verify_us_max":83580,"link_stack_free_b":820,"crypto_stack_free_b":1268,"tags_ok":1133,"bad_tag":0,"replayed":0,"untagged":0,"bcast_dropped":0,"beacon_epoch_ignored":0,"tag_us_max":998}
1791638222.406 {"t":"act","node":25344,"setpoint":0,"has_value":0,"writes_served":0}
1791638222.820 {"t":"peers","node":25344,"own_period_ms":100,"own_busy":0,"channel":1,"scanning":0,"scans":0,"hops":0,"found":0,"lost_to_found_ms":0,"moves_followed":0,"moves_refused":0,"sweeps":0,"sweep_found":0,"sweeping":0,"search_visits":0,"relay":0,"fwd_u":0,"fwd_b":0,"fwd_h":0,"relay_dup":1750,"list":[{"id":29544,"state":"alive","via_relay":0,"period_ms":100,"misses":6,"busy":1,"rtt_n":57},{"id":33120,"state":"alive","via_relay":0,"period_ms":100,"misses":6,"busy":0,"rtt_n":57},{"id":254,"state":"dead","via_relay":0,"period_ms":100,"misses":6,"busy":0,"rtt_n":2}]}
1791638222.820 {"t":"ss","node":25344,"accepted":0,"unsigned":0,"unknown_sender":0,"bad_signature":0,"replayed":0,"rate_limited":0,"verify_us_max":0,"floors":[]}
1791638222.820 {"t":"rec","node":25344,"up_ms":170636,"settled":1,"sent":680,"received":676,"malformed":0,"views":3,"replies_fenced":0,"actors":[{"key":1245650351,"running":1,"term":11,"owner":25344,"owner_term":11,"assigned":25344,"starts":1,"fenced":0,"released":0}]}
1791638222.820 {"t":"node","up_ms":170651,"node":25344,"epoch":245,"peers_alive":2,"peers_dead":1,"no_radio":0,"free_dram":250307,"largest_block":172032,"rx":{"total":8309,"bad_frame":0,"unknown_peer":79,"wrong_dst":0,"short_payload":0,"unknown_opcode":0,"queue_dropped":51},"tx":{"total":2966,"enqueue_err":0,"done_queue_dropped":0},"membership":{"deaths":1,"revivals":0,"reboots_seen":0,"table_full":0,"events_dropped":0}}
1791638222.820 {"t":"ns","node":25344,"hash":2410274060,"owner":25344,"kind":"sampled","unit":100,"class":4,"bound_ms":0,"quality":"GOOD","age_ms":424,"ts":170268,"updates":16,"value":245}
1791638222.820 {"t":"ns","node":25344,"hash":1274253983,"owner":25344,"kind":"sampled","unit":0,"class":4,"bound_ms":5000,"quality":"GOOD","age_ms":438,"ts":170268,"updates":16,"value":-28}
1791638222.820 {"t":"ns","node":25344,"hash":3354298913,"owner":25344,"kind":"sampled","unit":100,"class":4,"bound_ms":5000,"quality":"GOOD","age_ms":452,"ts":170268,"updates":16,"value":2}
1791638222.820 {"t":"ns","node":25344,"hash":1771187623,"owner":25344,"kind":"sampled","unit":101,"class":4,"bound_ms":30000,"quality":"GOOD","age_ms":466,"ts":170268,"updates":16,"value":250307}
1791638222.820 {"t":"ns","node":25344,"hash":1245650351,"owner":25344,"kind":"sampled","unit":0,"class":3,"bound_ms":500,"quality":"GOOD","age_ms":83,"ts":170665,"updates":1629,"value":1660946013}
1791638222.820 {"t":"ns","node":25344,"hash":2033492666,"owner":25344,"kind":"sampled","unit":0,"class":3,"bound_ms":0,"quality":"NO_DATA","age_ms":0,"ts":0,"updates":0,"value":null}
1791638222.820 {"t":"ns","node":25344,"hash":4103947588,"owner":25344,"kind":"sampled","unit":80,"class":4,"bound_ms":30000,"quality":"GOOD","age_ms":519,"ts":170268,"updates":16,"value":170}
1791638222.820 {"t":"ns","node":25344,"hash":1662441583,"owner":25344,"kind":"sampled","unit":101,"class":4,"bound_ms":30000,"quality":"GOOD","age_ms":534,"ts":170268,"updates":16,"value":172032}
1791638232.957 {"t":"clk","node":25344,"up_ms":180816}
1791638232.957 {"t":"led","node":25344,"shows":"red","app":0}
1791638232.957 {"t":"event","at_ms":170607,"node":25344,"kind":"peer_admitted","peer":33120,"slot":1,"a":0,"b":0}
1791638232.957 {"t":"event","at_ms":171278,"node":25344,"kind":"peer_admitted","peer":29544,"slot":0,"a":0,"b":0}
1791638232.957 {"t":"event","at_ms":171801,"node":25344,"kind":"probe_timeout","peer":254,"slot":2,"a":62,"b":0}
1791638232.957 {"t":"event","at_ms":172608,"node":25344,"kind":"peer_admitted","peer":33120,"slot":1,"a":0,"b":0}
1791638232.957 {"t":"event","at_ms":173278,"node":25344,"kind":"peer_admitted","peer":29544,"slot":0,"a":0,"b":0}
1791638232.957 {"t":"event","at_ms":174607,"node":25344,"kind":"peer_admitted","peer":33120,"slot":1,"a":0,"b":0}
1791638232.957 {"t":"event","at_ms":174801,"node":25344,"kind":"probe_timeout","peer":254,"slot":2,"a":63,"b":0}
1791638232.957 {"t":"event","at_ms":175278,"node":25344,"kind":"peer_admitted","peer":29544,"slot":0,"a":0,"b":0}
1791638232.957 {"t":"event","at_ms":176607,"node":25344,"kind":"peer_admitted","peer":33120,"slot":1,"a":0,"b":0}
1791638232.957 {"t":"event","at_ms":177278,"node":25344,"kind":"peer_admitted","peer":29544,"slot":0,"a":0,"b":0}
1791638232.957 {"t":"event","at_ms":177801,"node":25344,"kind":"probe_timeout","peer":254,"slot":2,"a":64,"b":0}
1791638232.957 {"t":"event","at_ms":178607,"node":25344,"kind":"peer_admitted","peer":33120,"slot":1,"a":0,"b":0}
1791638232.957 {"t":"event","at_ms":179278,"node":25344,"kind":"peer_admitted","peer":29544,"slot":0,"a":0,"b":0}
1791638232.957 {"t":"event","at_ms":180607,"node":25344,"kind":"peer_admitted","peer":33120,"slot":1,"a":0,"b":0}
1791638232.957 {"t":"event","at_ms":180801,"node":25344,"kind":"probe_timeout","peer":254,"slot":2,"a":65,"b":0}
1791638232.957 {"t":"link","up_ms":180953,"node":25344,"peer":29544,"mac":"b8:1f:3f:da:73:68","state":"alive","epoch":172,"espnow_ver":2,"mtu":1446,"misses":0,"rssi":-28,"tx":{"frames":598,"cb_ok":598,"cb_fail":0,"enqueue_err":0,"pdr_ppm":1000000},"rx":{"frames":2477,"lost_seqgap":0,"reorder_dup":0,"dropped_bad":0,"hb_lost":7,"bcast_frames":1785,"pdr_ppm":1000000},"rtt":{"samples":61,"min_us":5499,"max_us":17249,"timeouts":0,"txq_last_us":3667,"txq_max_us":3667,"remote_turnaround_us":870,"remote_turnaround_max_us":1220,"p50_us":[4000,6000],"p99_us":[16000,22000],"hist":[0,0,0,0,48,9,3,0,1,0,0,0,0,0,0,0]}}
1791638232.957 {"t":"link","up_ms":180996,"node":25344,"peer":33120,"mac":"b8:1f:3f:da:81:60","state":"alive","epoch":294,"espnow_ver":2,"mtu":1446,"misses":0,"rssi":-20,"tx":{"frames":598,"cb_ok":598,"cb_fail":0,"enqueue_err":0,"pdr_ppm":1000000},"rx":{"frames":2480,"lost_seqgap":2,"reorder_dup":0,"dropped_bad":0,"hb_lost":1,"bcast_frames":1789,"pdr_ppm":999194},"rtt":{"samples":60,"min_us":5818,"max_us":31147,"timeouts":0,"txq_last_us":20703,"txq_max_us":20703,"remote_turnaround_us":980,"remote_turnaround_max_us":1188,"p50_us":[4000,6000],"p99_us":[30000,42000],"hist":[0,0,0,0,47,10,2,0,0,0,1,0,0,0,0,0]}}
1791638232.957 {"t":"link","up_ms":181050,"node":25344,"peer":254,"mac":"02:00:00:00:00:fe","state":"dead","epoch":0,"espnow_ver":0,"mtu":226,"misses":6,"rssi":0,"tx":{"frames":68,"cb_ok":0,"cb_fail":0,"enqueue_err":0,"pdr_ppm":null},"rx":{"frames":43,"lost_seqgap":0,"reorder_dup":0,"dropped_bad":0,"hb_lost":0,"bcast_frames":0,"pdr_ppm":1000000},"rtt":{"samples":2,"min_us":53023,"max_us":70004,"timeouts":56,"txq_last_us":0,"txq_max_us":0,"remote_turnaround_us":13,"remote_turnaround_max_us":13,"p50_us":[42000,60000],"p99_us":[60000,85000],"hist":[0,0,0,0,0,0,0,0,0,0,0,1,1,0,0,0]}}
1791638232.957 {"t":"auth","node":25344,"up_ms":181104,"enrolled":1,"required":1,"verified_peers":2,"verified":2,"cache_hits":179,"refused":0,"rate_limited":0,"stale_epoch":0,"verify_us_max":83580,"link_stack_free_b":820,"crypto_stack_free_b":1268,"tags_ok":1203,"bad_tag":0,"replayed":0,"untagged":0,"bcast_dropped":0,"beacon_epoch_ignored":0,"tag_us_max":998}
1791638232.957 {"t":"act","node":25344,"setpoint":0,"has_value":0,"writes_served":0}
1791638233.384 {"t":"peers","node":25344,"own_period_ms":100,"own_busy":0,"channel":1,"scanning":0,"scans":0,"hops":0,"found":0,"lost_to_found_ms":0,"moves_followed":0,"moves_refused":0,"sweeps":0,"sweep_found":0,"sweeping":0,"search_visits":0,"relay":0,"fwd_u":0,"fwd_b":0,"fwd_h":0,"relay_dup":1861,"list":[{"id":29544,"state":"alive","via_relay":0,"period_ms":100,"misses":6,"busy":1,"rtt_n":61},{"id":33120,"state":"alive","via_relay":0,"period_ms":100,"misses":6,"busy":0,"rtt_n":60},{"id":254,"state":"dead","via_relay":0,"period_ms":100,"misses":6,"busy":0,"rtt_n":2}]}
1791638233.384 {"t":"ss","node":25344,"accepted":0,"unsigned":0,"unknown_sender":0,"bad_signature":0,"replayed":0,"rate_limited":0,"verify_us_max":0,"floors":[]}
1791638233.384 {"t":"rec","node":25344,"up_ms":181200,"settled":1,"sent":722,"received":718,"malformed":0,"views":3,"replies_fenced":0,"actors":[{"key":1245650351,"running":1,"term":11,"owner":25344,"owner_term":11,"assigned":25344,"starts":1,"fenced":0,"released":0}]}
1791638233.384 {"t":"node","up_ms":181226,"node":25344,"epoch":245,"peers_alive":2,"peers_dead":1,"no_radio":0,"free_dram":250307,"largest_block":172032,"rx":{"total":8818,"bad_frame":0,"unknown_peer":79,"wrong_dst":0,"short_payload":0,"unknown_opcode":0,"queue_dropped":51},"tx":{"total":3150,"enqueue_err":0,"done_queue_dropped":0},"membership":{"deaths":1,"revivals":0,"reboots_seen":0,"table_full":0,"events_dropped":0}}
1791638233.384 {"t":"ns","node":25344,"hash":2410274060,"owner":25344,"kind":"sampled","unit":100,"class":4,"bound_ms":0,"quality":"GOOD","age_ms":438,"ts":180817,"updates":17,"value":245}
1791638233.384 {"t":"ns","node":25344,"hash":1274253983,"owner":25344,"kind":"sampled","unit":0,"class":4,"bound_ms":5000,"quality":"GOOD","age_ms":452,"ts":180818,"updates":17,"value":-28}
1791638233.384 {"t":"ns","node":25344,"hash":3354298913,"owner":25344,"kind":"sampled","unit":100,"class":4,"bound_ms":5000,"quality":"GOOD","age_ms":467,"ts":180817,"updates":17,"value":2}
1791638233.384 {"t":"ns","node":25344,"hash":1771187623,"owner":25344,"kind":"sampled","unit":101,"class":4,"bound_ms":30000,"quality":"GOOD","age_ms":492,"ts":180817,"updates":17,"value":250307}
1791638233.384 {"t":"ns","node":25344,"hash":1245650351,"owner":25344,"kind":"sampled","unit":0,"class":3,"bound_ms":500,"quality":"GOOD","age_ms":58,"ts":181265,"updates":1735,"value":1660946119}
1791638233.384 {"t":"ns","node":25344,"hash":2033492666,"owner":25344,"kind":"sampled","unit":0,"class":3,"bound_ms":0,"quality":"NO_DATA","age_ms":0,"ts":0,"updates":0,"value":null}
1791638233.384 {"t":"ns","node":25344,"hash":4103947588,"owner":25344,"kind":"sampled","unit":80,"class":4,"bound_ms":30000,"quality":"GOOD","age_ms":534,"ts":180817,"updates":17,"value":180}
1791638233.384 {"t":"ns","node":25344,"hash":1662441583,"owner":25344,"kind":"sampled","unit":101,"class":4,"bound_ms":30000,"quality":"GOOD","age_ms":548,"ts":180817,"updates":17,"value":172032}
1791638243.519 {"t":"clk","node":25344,"up_ms":191380}
1791638243.519 {"t":"led","node":25344,"shows":"red","app":0}
1791638243.519 {"t":"event","at_ms":181278,"node":25344,"kind":"peer_admitted","peer":29544,"slot":0,"a":0,"b":0}
1791638243.519 {"t":"event","at_ms":182607,"node":25344,"kind":"peer_admitted","peer":33120,"slot":1,"a":0,"b":0}
1791638243.519 {"t":"event","at_ms":183279,"node":25344,"kind":"peer_admitted","peer":29544,"slot":0,"a":0,"b":0}
1791638243.519 {"t":"event","at_ms":183801,"node":25344,"kind":"probe_timeout","peer":254,"slot":2,"a":66,"b":0}
1791638243.519 {"t":"event","at_ms":184607,"node":25344,"kind":"peer_admitted","peer":33120,"slot":1,"a":0,"b":0}
1791638243.519 {"t":"event","at_ms":185278,"node":25344,"kind":"peer_admitted","peer":29544,"slot":0,"a":0,"b":0}
1791638243.519 {"t":"event","at_ms":186608,"node":25344,"kind":"peer_admitted","peer":33120,"slot":1,"a":0,"b":0}
1791638243.519 {"t":"event","at_ms":186801,"node":25344,"kind":"probe_timeout","peer":254,"slot":2,"a":67,"b":0}
1791638243.519 {"t":"event","at_ms":187278,"node":25344,"kind":"peer_admitted","peer":29544,"slot":0,"a":0,"b":0}
1791638243.519 {"t":"event","at_ms":188607,"node":25344,"kind":"peer_admitted","peer":33120,"slot":1,"a":0,"b":0}
1791638243.519 {"t":"event","at_ms":189278,"node":25344,"kind":"peer_admitted","peer":29544,"slot":0,"a":0,"b":0}
1791638243.519 {"t":"event","at_ms":189801,"node":25344,"kind":"probe_timeout","peer":254,"slot":2,"a":68,"b":0}
1791638243.519 {"t":"event","at_ms":190607,"node":25344,"kind":"peer_admitted","peer":33120,"slot":1,"a":0,"b":0}
1791638243.519 {"t":"event","at_ms":191278,"node":25344,"kind":"peer_admitted","peer":29544,"slot":0,"a":0,"b":0}
1791638243.519 {"t":"link","up_ms":191505,"node":25344,"peer":29544,"mac":"b8:1f:3f:da:73:68","state":"alive","epoch":172,"espnow_ver":2,"mtu":1446,"misses":0,"rssi":-28,"tx":{"frames":633,"cb_ok":633,"cb_fail":0,"enqueue_err":0,"pdr_ppm":1000000},"rx":{"frames":2622,"lost_seqgap":0,"reorder_dup":0,"dropped_bad":0,"hb_lost":8,"bcast_frames":1889,"pdr_ppm":1000000},"rtt":{"samples":64,"min_us":5499,"max_us":17249,"timeouts":0,"txq_last_us":3667,"txq_max_us":3667,"remote_turnaround_us":879,"remote_turnaround_max_us":1220,"p50_us":[4000,6000],"p99_us":[16000,22000],"hist":[0,0,0,0,50,9,4,0,1,0,0,0,0,0,0,0]}}
1791638243.520 {"t":"link","up_ms":191559,"node":25344,"peer":33120,"mac":"b8:1f:3f:da:81:60","state":"alive","epoch":294,"espnow_ver":2,"mtu":1446,"misses":0,"rssi":-20,"tx":{"frames":634,"cb_ok":634,"cb_fail":0,"enqueue_err":0,"pdr_ppm":1000000},"rx":{"frames":2623,"lost_seqgap":2,"reorder_dup":0,"dropped_bad":0,"hb_lost":4,"bcast_frames":1892,"pdr_ppm":999238},"rtt":{"samples":64,"min_us":5818,"max_us":31147,"timeouts":0,"txq_last_us":20703,"txq_max_us":20703,"remote_turnaround_us":968,"remote_turnaround_max_us":1188,"p50_us":[4000,6000],"p99_us":[30000,42000],"hist":[0,0,0,0,51,10,2,0,0,0,1,0,0,0,0,0]}}
1791638243.520 {"t":"link","up_ms":191602,"node":25344,"peer":254,"mac":"02:00:00:00:00:fe","state":"dead","epoch":0,"espnow_ver":0,"mtu":226,"misses":6,"rssi":0,"tx":{"frames":71,"cb_ok":0,"cb_fail":0,"enqueue_err":0,"pdr_ppm":null},"rx":{"frames":43,"lost_seqgap":0,"reorder_dup":0,"dropped_bad":0,"hb_lost":0,"bcast_frames":0,"pdr_ppm":1000000},"rtt":{"samples":2,"min_us":53023,"max_us":70004,"timeouts":59,"txq_last_us":0,"txq_max_us":0,"remote_turnaround_us":13,"remote_turnaround_max_us":13,"p50_us":[42000,60000],"p99_us":[60000,85000],"hist":[0,0,0,0,0,0,0,0,0,0,0,1,1,0,0,0]}}
1791638243.520 {"t":"auth","node":25344,"up_ms":191655,"enrolled":1,"required":1,"verified_peers":2,"verified":2,"cache_hits":190,"refused":0,"rate_limited":0,"stale_epoch":0,"verify_us_max":83580,"link_stack_free_b":820,"crypto_stack_free_b":1268,"tags_ok":1272,"bad_tag":0,"replayed":0,"untagged":0,"bcast_dropped":0,"beacon_epoch_ignored":0,"tag_us_max":998}
1791638243.520 {"t":"act","node":25344,"setpoint":0,"has_value":0,"writes_served":0}
1791638243.932 {"t":"peers","node":25344,"own_period_ms":100,"own_busy":0,"channel":1,"scanning":0,"scans":0,"hops":0,"found":0,"lost_to_found_ms":0,"moves_followed":0,"moves_refused":0,"sweeps":0,"sweep_found":0,"sweeping":0,"search_visits":0,"relay":0,"fwd_u":0,"fwd_b":0,"fwd_h":0,"relay_dup":1968,"list":[{"id":29544,"state":"alive","via_relay":0,"period_ms":100,"misses":6,"busy":1,"rtt_n":64},{"id":33120,"state":"alive","via_relay":0,"period_ms":100,"misses":6,"busy":0,"rtt_n":64},{"id":254,"state":"dead","via_relay":0,"period_ms":100,"misses":6,"busy":0,"rtt_n":2}]}
1791638243.932 {"t":"ss","node":25344,"accepted":0,"unsigned":0,"unknown_sender":0,"bad_signature":0,"replayed":0,"rate_limited":0,"verify_us_max":0,"floors":[]}
1791638243.932 {"t":"rec","node":25344,"up_ms":191751,"settled":1,"sent":765,"received":760,"malformed":0,"views":3,"replies_fenced":0,"actors":[{"key":1245650351,"running":1,"term":11,"owner":25344,"owner_term":11,"assigned":25344,"starts":1,"fenced":0,"released":0}]}
1791638243.932 {"t":"node","up_ms":191778,"node":25344,"epoch":245,"peers_alive":2,"peers_dead":1,"no_radio":0,"free_dram":250307,"largest_block":172032,"rx":{"total":9324,"bad_frame":0,"unknown_peer":79,"wrong_dst":0,"short_payload":0,"unknown_opcode":0,"queue_dropped":51},"tx":{"total":3335,"enqueue_err":0,"done_queue_dropped":0},"membership":{"deaths":1,"revivals":0,"reboots_seen":0,"table_full":0,"events_dropped":0}}
1791638243.932 {"t":"ns","node":25344,"hash":2410274060,"owner":25344,"kind":"sampled","unit":100,"class":4,"bound_ms":0,"quality":"GOOD","age_ms":437,"ts":191381,"updates":18,"value":245}
1791638243.932 {"t":"ns","node":25344,"hash":1274253983,"owner":25344,"kind":"sampled","unit":0,"class":4,"bound_ms":5000,"quality":"GOOD","age_ms":450,"ts":191382,"updates":18,"value":-28}
1791638243.932 {"t":"ns","node":25344,"hash":3354298913,"owner":25344,"kind":"sampled","unit":100,"class":4,"bound_ms":5000,"quality":"GOOD","age_ms":466,"ts":191381,"updates":18,"value":2}
1791638243.932 {"t":"ns","node":25344,"hash":1771187623,"owner":25344,"kind":"sampled","unit":101,"class":4,"bound_ms":30000,"quality":"GOOD","age_ms":480,"ts":191381,"updates":18,"value":250307}
1791638243.932 {"t":"ns","node":25344,"hash":1245650351,"owner":25344,"kind":"sampled","unit":0,"class":3,"bound_ms":500,"quality":"GOOD","age_ms":10,"ts":191865,"updates":1841,"value":1660946225}
1791638243.932 {"t":"ns","node":25344,"hash":2033492666,"owner":25344,"kind":"sampled","unit":0,"class":3,"bound_ms":0,"quality":"NO_DATA","age_ms":0,"ts":0,"updates":0,"value":null}
1791638243.932 {"t":"ns","node":25344,"hash":4103947588,"owner":25344,"kind":"sampled","unit":80,"class":4,"bound_ms":30000,"quality":"GOOD","age_ms":522,"ts":191381,"updates":18,"value":191}
1791638243.932 {"t":"ns","node":25344,"hash":1662441583,"owner":25344,"kind":"sampled","unit":101,"class":4,"bound_ms":30000,"quality":"GOOD","age_ms":536,"ts":191381,"updates":18,"value":172032}
1791638254.070 {"t":"clk","node":25344,"up_ms":201931}
1791638254.070 {"t":"led","node":25344,"shows":"red","app":0}
1791638254.070 {"t":"event","at_ms":192607,"node":25344,"kind":"peer_admitted","peer":33120,"slot":1,"a":0,"b":0}
1791638254.070 {"t":"event","at_ms":192801,"node":25344,"kind":"probe_timeout","peer":254,"slot":2,"a":69,"b":0}
1791638254.070 {"t":"event","at_ms":194607,"node":25344,"kind":"peer_admitted","peer":33120,"slot":1,"a":0,"b":0}
1791638254.070 {"t":"event","at_ms":195278,"node":25344,"kind":"peer_admitted","peer":29544,"slot":0,"a":0,"b":0}
1791638254.070 {"t":"event","at_ms":195801,"node":25344,"kind":"probe_timeout","peer":254,"slot":2,"a":70,"b":0}
1791638254.070 {"t":"event","at_ms":196607,"node":25344,"kind":"peer_admitted","peer":33120,"slot":1,"a":0,"b":0}
1791638254.070 {"t":"event","at_ms":197278,"node":25344,"kind":"peer_admitted","peer":29544,"slot":0,"a":0,"b":0}
1791638254.070 {"t":"event","at_ms":198607,"node":25344,"kind":"peer_admitted","peer":33120,"slot":1,"a":0,"b":0}
1791638254.070 {"t":"event","at_ms":198801,"node":25344,"kind":"probe_timeout","peer":254,"slot":2,"a":71,"b":0}
1791638254.070 {"t":"event","at_ms":199278,"node":25344,"kind":"peer_admitted","peer":29544,"slot":0,"a":0,"b":0}
1791638254.070 {"t":"event","at_ms":200607,"node":25344,"kind":"peer_admitted","peer":33120,"slot":1,"a":0,"b":0}
1791638254.070 {"t":"event","at_ms":201278,"node":25344,"kind":"peer_admitted","peer":29544,"slot":0,"a":0,"b":0}
1791638254.070 {"t":"event","at_ms":201801,"node":25344,"kind":"probe_timeout","peer":254,"slot":2,"a":72,"b":0}
1791638254.070 {"t":"link","up_ms":202043,"node":25344,"peer":29544,"mac":"b8:1f:3f:da:73:68","state":"alive","epoch":172,"espnow_ver":2,"mtu":1446,"misses":0,"rssi":-28,"tx":{"frames":667,"cb_ok":667,"cb_fail":0,"enqueue_err":0,"pdr_ppm":1000000},"rx":{"frames":2767,"lost_seqgap":0,"reorder_dup":0,"dropped_bad":0,"hb_lost":8,"bcast_frames":1994,"pdr_ppm":1000000},"rtt":{"samples":68,"min_us":5499,"max_us":17249,"timeouts":0,"txq_last_us":3667,"txq_max_us":3667,"remote_turnaround_us":804,"remote_turnaround_max_us":1220,"p50_us":[4000,6000],"p99_us":[16000,22000],"hist":[0,0,0,0,54,9,4,0,1,0,0,0,0,0,0,0]}}
1791638254.070 {"t":"link","up_ms":202097,"node":25344,"peer":33120,"mac":"b8:1f:3f:da:81:60","state":"alive","epoch":294,"espnow_ver":2,"mtu":1446,"misses":0,"rssi":-20,"tx":{"frames":668,"cb_ok":668,"cb_fail":0,"enqueue_err":0,"pdr_ppm":1000000},"rx":{"frames":2768,"lost_seqgap":2,"reorder_dup":0,"dropped_bad":0,"hb_lost":4,"bcast_frames":1997,"pdr_ppm":999277},"rtt":{"samples":67,"min_us":5818,"max_us":31147,"timeouts":0,"txq_last_us":20703,"txq_max_us":20703,"remote_turnaround_us":982,"remote_turnaround_max_us":1188,"p50_us":[4000,6000],"p99_us":[30000,42000],"hist":[0,0,0,0,53,10,2,0,1,0,1,0,0,0,0,0]}}
1791638254.070 {"t":"link","up_ms":202152,"node":25344,"peer":254,"mac":"02:00:00:00:00:fe","state":"dead","epoch":0,"espnow_ver":0,"mtu":226,"misses":6,"rssi":0,"tx":{"frames":75,"cb_ok":0,"cb_fail":0,"enqueue_err":0,"pdr_ppm":null},"rx":{"frames":43,"lost_seqgap":0,"reorder_dup":0,"dropped_bad":0,"hb_lost":0,"bcast_frames":0,"pdr_ppm":1000000},"rtt":{"samples":2,"min_us":53023,"max_us":70004,"timeouts":63,"txq_last_us":0,"txq_max_us":0,"remote_turnaround_us":13,"remote_turnaround_max_us":13,"p50_us":[42000,60000],"p99_us":[60000,85000],"hist":[0,0,0,0,0,0,0,0,0,0,0,1,1,0,0,0]}}
1791638254.070 {"t":"auth","node":25344,"up_ms":202195,"enrolled":1,"required":1,"verified_peers":2,"verified":2,"cache_hits":199,"refused":0,"rate_limited":0,"stale_epoch":0,"verify_us_max":83580,"link_stack_free_b":820,"crypto_stack_free_b":1268,"tags_ok":1344,"bad_tag":0,"replayed":0,"untagged":0,"bcast_dropped":0,"beacon_epoch_ignored":0,"tag_us_max":998}
1791638254.070 {"t":"act","node":25344,"setpoint":0,"has_value":0,"writes_served":0}
1791638254.481 {"t":"peers","node":25344,"own_period_ms":100,"own_busy":0,"channel":1,"scanning":0,"scans":0,"hops":0,"found":0,"lost_to_found_ms":0,"moves_followed":0,"moves_refused":0,"sweeps":0,"sweep_found":0,"sweeping":0,"search_visits":0,"relay":0,"fwd_u":0,"fwd_b":0,"fwd_h":0,"relay_dup":2077,"list":[{"id":29544,"state":"alive","via_relay":0,"period_ms":100,"misses":6,"busy":1,"rtt_n":68},{"id":33120,"state":"alive","via_relay":0,"period_ms":100,"misses":6,"busy":0,"rtt_n":67},{"id":254,"state":"dead","via_relay":0,"period_ms":100,"misses":6,"busy":0,"rtt_n":2}]}
1791638254.481 {"t":"ss","node":25344,"accepted":0,"unsigned":0,"unknown_sender":0,"bad_signature":0,"replayed":0,"rate_limited":0,"verify_us_max":0,"floors":[]}
1791638254.481 {"t":"rec","node":25344,"up_ms":202301,"settled":1,"sent":807,"received":802,"malformed":0,"views":3,"replies_fenced":0,"actors":[{"key":1245650351,"running":1,"term":11,"owner":25344,"owner_term":11,"assigned":25344,"starts":1,"fenced":0,"released":0}]}
1791638254.481 {"t":"node","up_ms":202316,"node":25344,"epoch":245,"peers_alive":2,"peers_dead":1,"no_radio":0,"free_dram":250307,"largest_block":172032,"rx":{"total":9834,"bad_frame":0,"unknown_peer":79,"wrong_dst":0,"short_payload":0,"unknown_opcode":0,"queue_dropped":51},"tx":{"total":3519,"enqueue_err":0,"done_queue_dropped":0},"membership":{"deaths":1,"revivals":0,"reboots_seen":0,"table_full":0,"events_dropped":0}}
1791638254.481 {"t":"ns","node":25344,"hash":2410274060,"owner":25344,"kind":"sampled","unit":100,"class":4,"bound_ms":0,"quality":"GOOD","age_ms":424,"ts":201932,"updates":19,"value":245}
1791638254.481 {"t":"ns","node":25344,"hash":1274253983,"owner":25344,"kind":"sampled","unit":0,"class":4,"bound_ms":5000,"quality":"GOOD","age_ms":437,"ts":201933,"updates":19,"value":-28}
1791638254.481 {"t":"ns","node":25344,"hash":3354298913,"owner":25344,"kind":"sampled","unit":100,"class":4,"bound_ms":5000,"quality":"GOOD","age_ms":452,"ts":201932,"updates":19,"value":2}
1791638254.481 {"t":"ns","node":25344,"hash":1771187623,"owner":25344,"kind":"sampled","unit":101,"class":4,"bound_ms":30000,"quality":"GOOD","age_ms":466,"ts":201932,"updates":19,"value":250307}
1791638254.481 {"t":"ns","node":25344,"hash":1245650351,"owner":25344,"kind":"sampled","unit":0,"class":3,"bound_ms":500,"quality":"GOOD","age_ms":47,"ts":202365,"updates":1946,"value":1660946330}
1791638254.481 {"t":"ns","node":25344,"hash":2033492666,"owner":25344,"kind":"sampled","unit":0,"class":3,"bound_ms":0,"quality":"NO_DATA","age_ms":0,"ts":0,"updates":0,"value":null}
1791638254.481 {"t":"ns","node":25344,"hash":4103947588,"owner":25344,"kind":"sampled","unit":80,"class":4,"bound_ms":30000,"quality":"GOOD","age_ms":519,"ts":201932,"updates":19,"value":201}
1791638254.481 {"t":"ns","node":25344,"hash":1662441583,"owner":25344,"kind":"sampled","unit":101,"class":4,"bound_ms":30000,"quality":"GOOD","age_ms":534,"ts":201932,"updates":19,"value":172032}
1791638264.620 {"t":"clk","node":25344,"up_ms":212481}
1791638264.620 {"t":"led","node":25344,"shows":"red","app":0}
1791638264.620 {"t":"event","at_ms":202607,"node":25344,"kind":"peer_admitted","peer":33120,"slot":1,"a":0,"b":0}
1791638264.620 {"t":"event","at_ms":203278,"node":25344,"kind":"peer_admitted","peer":29544,"slot":0,"a":0,"b":0}
1791638264.620 {"t":"event","at_ms":204607,"node":25344,"kind":"peer_admitted","peer":33120,"slot":1,"a":0,"b":0}
1791638264.620 {"t":"event","at_ms":204801,"node":25344,"kind":"probe_timeout","peer":254,"slot":2,"a":73,"b":0}
1791638264.620 {"t":"event","at_ms":205278,"node":25344,"kind":"peer_admitted","peer":29544,"slot":0,"a":0,"b":0}
1791638264.620 {"t":"event","at_ms":206607,"node":25344,"kind":"peer_admitted","peer":33120,"slot":1,"a":0,"b":0}
1791638264.620 {"t":"event","at_ms":207278,"node":25344,"kind":"peer_admitted","peer":29544,"slot":0,"a":0,"b":0}
1791638264.620 {"t":"event","at_ms":207801,"node":25344,"kind":"probe_timeout","peer":254,"slot":2,"a":74,"b":0}
1791638264.620 {"t":"event","at_ms":208607,"node":25344,"kind":"peer_admitted","peer":33120,"slot":1,"a":0,"b":0}
1791638264.620 {"t":"event","at_ms":209280,"node":25344,"kind":"peer_admitted","peer":29544,"slot":0,"a":0,"b":0}
1791638264.620 {"t":"event","at_ms":210607,"node":25344,"kind":"peer_admitted","peer":33120,"slot":1,"a":0,"b":0}
1791638264.620 {"t":"event","at_ms":210801,"node":25344,"kind":"probe_timeout","peer":254,"slot":2,"a":75,"b":0}
1791638264.620 {"t":"event","at_ms":211278,"node":25344,"kind":"peer_admitted","peer":29544,"slot":0,"a":0,"b":0}
1791638264.620 {"t":"link","up_ms":212596,"node":25344,"peer":29544,"mac":"b8:1f:3f:da:73:68","state":"alive","epoch":172,"espnow_ver":2,"mtu":1446,"misses":0,"rssi":-28,"tx":{"frames":702,"cb_ok":702,"cb_fail":0,"enqueue_err":0,"pdr_ppm":1000000},"rx":{"frames":2913,"lost_seqgap":0,"reorder_dup":0,"dropped_bad":0,"hb_lost":8,"bcast_frames":2100,"pdr_ppm":1000000},"rtt":{"samples":71,"min_us":5364,"max_us":17249,"timeouts":0,"txq_last_us":3667,"txq_max_us":3667,"remote_turnaround_us":662,"remote_turnaround_max_us":1220,"p50_us":[4000,6000],"p99_us":[16000,22000],"hist":[0,0,0,0,57,9,4,0,1,0,0,0,0,0,0,0]}}
1791638264.620 {"t":"link","up_ms":212650,"node":25344,"peer":33120,"mac":"b8:1f:3f:da:81:60","state":"alive","epoch":294,"espnow_ver":2,"mtu":1446,"misses":0,"rssi":-20,"tx":{"frames":705,"cb_ok":705,"cb_fail":0,"enqueue_err":0,"pdr_ppm":1000000},"rx":{"frames":2916,"lost_seqgap":2,"reorder_dup":0,"dropped_bad":0,"hb_lost":4,"bcast_frames":2103,"pdr_ppm":999314},"rtt":{"samples":71,"min_us":5818,"max_us":31147,"timeouts":0,"txq_last_us":20703,"txq_max_us":20703,"remote_turnaround_us":1026,"remote_turnaround_max_us":1211,"p50_us":[4000,6000],"p99_us":[30000,42000],"hist":[0,0,0,0,53,14,2,0,1,0,1,0,0,0,0,0]}}
1791638264.620 {"t":"link","up_ms":212704,"node":25344,"peer":254,"mac":"02:00:00:00:00:fe","state":"dead","epoch":0,"espnow_ver":0,"mtu":226,"misses":6,"rssi":0,"tx":{"frames":78,"cb_ok":0,"cb_fail":0,"enqueue_err":0,"pdr_ppm":null},"rx":{"frames":43,"lost_seqgap":0,"reorder_dup":0,"dropped_bad":0,"hb_lost":0,"bcast_frames":0,"pdr_ppm":1000000},"rtt":{"samples":2,"min_us":53023,"max_us":70004,"timeouts":66,"txq_last_us":0,"txq_max_us":0,"remote_turnaround_us":13,"remote_turnaround_max_us":13,"p50_us":[42000,60000],"p99_us":[60000,85000],"hist":[0,0,0,0,0,0,0,0,0,0,0,1,1,0,0,0]}}
1791638264.620 {"t":"auth","node":25344,"up_ms":212747,"enrolled":1,"required":1,"verified_peers":2,"verified":2,"cache_hits":210,"refused":0,"rate_limited":0,"stale_epoch":0,"verify_us_max":83580,"link_stack_free_b":820,"crypto_stack_free_b":1268,"tags_ok":1414,"bad_tag":0,"replayed":0,"untagged":0,"bcast_dropped":0,"beacon_epoch_ignored":0,"tag_us_max":998}
1791638264.620 {"t":"act","node":25344,"setpoint":0,"has_value":0,"writes_served":0}
1791638265.026 {"t":"peers","node":25344,"own_period_ms":100,"own_busy":0,"channel":1,"scanning":0,"scans":0,"hops":0,"found":0,"lost_to_found_ms":0,"moves_followed":0,"moves_refused":0,"sweeps":0,"sweep_found":0,"sweeping":0,"search_visits":0,"relay":0,"fwd_u":0,"fwd_b":0,"fwd_h":0,"relay_dup":2189,"list":[{"id":29544,"state":"alive","via_relay":0,"period_ms":100,"misses":6,"busy":1,"rtt_n":71},{"id":33120,"state":"alive","via_relay":0,"period_ms":100,"misses":6,"busy":0,"rtt_n":71},{"id":254,"state":"dead","via_relay":0,"period_ms":100,"misses":6,"busy":0,"rtt_n":2}]}
1791638265.026 {"t":"ss","node":25344,"accepted":0,"unsigned":0,"unknown_sender":0,"bad_signature":0,"replayed":0,"rate_limited":0,"verify_us_max":0,"floors":[]}
1791638265.026 {"t":"rec","node":25344,"up_ms":212843,"settled":1,"sent":849,"received":844,"malformed":0,"views":3,"replies_fenced":0,"actors":[{"key":1245650351,"running":1,"term":11,"owner":25344,"owner_term":11,"assigned":25344,"starts":1,"fenced":0,"released":0}]}
1791638265.026 {"t":"node","up_ms":212869,"node":25344,"epoch":245,"peers_alive":2,"peers_dead":1,"no_radio":0,"free_dram":250307,"largest_block":172032,"rx":{"total":10350,"bad_frame":0,"unknown_peer":79,"wrong_dst":0,"short_payload":0,"unknown_opcode":0,"queue_dropped":51},"tx":{"total":3705,"enqueue_err":0,"done_queue_dropped":0},"membership":{"deaths":1,"revivals":0,"reboots_seen":0,"table_full":0,"events_dropped":0}}
1791638265.026 {"t":"ns","node":25344,"hash":2410274060,"owner":25344,"kind":"sampled","unit":100,"class":4,"bound_ms":0,"quality":"GOOD","age_ms":427,"ts":212482,"updates":20,"value":245}
1791638265.026 {"t":"ns","node":25344,"hash":1274253983,"owner":25344,"kind":"sampled","unit":0,"class":4,"bound_ms":5000,"quality":"GOOD","age_ms":440,"ts":212483,"updates":20,"value":-28}
1791638265.026 {"t":"ns","node":25344,"hash":3354298913,"owner":25344,"kind":"sampled","unit":100,"class":4,"bound_ms":5000,"quality":"GOOD","age_ms":454,"ts":212483,"updates":20,"value":2}
1791638265.026 {"t":"ns","node":25344,"hash":1771187623,"owner":25344,"kind":"sampled","unit":101,"class":4,"bound_ms":30000,"quality":"GOOD","age_ms":469,"ts":212482,"updates":20,"value":250307}
1791638265.026 {"t":"ns","node":25344,"hash":1245650351,"owner":25344,"kind":"sampled","unit":0,"class":3,"bound_ms":500,"quality":"GOOD","age_ms":0,"ts":212965,"updates":2052,"value":1660946436}
1791638265.026 {"t":"ns","node":25344,"hash":2033492666,"owner":25344,"kind":"sampled","unit":0,"class":3,"bound_ms":0,"quality":"NO_DATA","age_ms":0,"ts":0,"updates":0,"value":null}
1791638265.026 {"t":"ns","node":25344,"hash":4103947588,"owner":25344,"kind":"sampled","unit":80,"class":4,"bound_ms":30000,"quality":"GOOD","age_ms":513,"ts":212482,"updates":20,"value":212}
1791638265.026 {"t":"ns","node":25344,"hash":1662441583,"owner":25344,"kind":"sampled","unit":101,"class":4,"bound_ms":30000,"quality":"GOOD","age_ms":527,"ts":212482,"updates":20,"value":172032}
1791638275.178 {"t":"clk","node":25344,"up_ms":223035}
1791638275.178 {"t":"led","node":25344,"shows":"red","app":0}
1791638275.178 {"t":"event","at_ms":212607,"node":25344,"kind":"peer_admitted","peer":33120,"slot":1,"a":0,"b":0}
1791638275.178 {"t":"event","at_ms":213278,"node":25344,"kind":"peer_admitted","peer":29544,"slot":0,"a":0,"b":0}
1791638275.178 {"t":"event","at_ms":213801,"node":25344,"kind":"probe_timeout","peer":254,"slot":2,"a":76,"b":0}
1791638275.178 {"t":"event","at_ms":214607,"node":25344,"kind":"peer_admitted","peer":33120,"slot":1,"a":0,"b":0}
1791638275.178 {"t":"event","at_ms":215280,"node":25344,"kind":"peer_admitted","peer":29544,"slot":0,"a":0,"b":0}
1791638275.178 {"t":"event","at_ms":216607,"node":25344,"kind":"peer_admitted","peer":33120,"slot":1,"a":0,"b":0}
1791638275.178 {"t":"event","at_ms":216801,"node":25344,"kind":"probe_timeout","peer":254,"slot":2,"a":77,"b":0}
1791638275.178 {"t":"event","at_ms":217278,"node":25344,"kind":"peer_admitted","peer":29544,"slot":0,"a":0,"b":0}
1791638275.178 {"t":"event","at_ms":218609,"node":25344,"kind":"peer_admitted","peer":33120,"slot":1,"a":0,"b":0}
1791638275.178 {"t":"event","at_ms":219278,"node":25344,"kind":"peer_admitted","peer":29544,"slot":0,"a":0,"b":0}
1791638275.178 {"t":"event","at_ms":219801,"node":25344,"kind":"probe_timeout","peer":254,"slot":2,"a":78,"b":0}
1791638275.178 {"t":"event","at_ms":220607,"node":25344,"kind":"peer_admitted","peer":33120,"slot":1,"a":0,"b":0}
1791638275.178 {"t":"event","at_ms":221278,"node":25344,"kind":"peer_admitted","peer":29544,"slot":0,"a":0,"b":0}
1791638275.178 {"t":"event","at_ms":222607,"node":25344,"kind":"peer_admitted","peer":33120,"slot":1,"a":0,"b":0}
1791638275.178 {"t":"event","at_ms":222801,"node":25344,"kind":"probe_timeout","peer":254,"slot":2,"a":79,"b":0}
1791638275.178 {"t":"link","up_ms":223172,"node":25344,"peer":29544,"mac":"b8:1f:3f:da:73:68","state":"alive","epoch":172,"espnow_ver":2,"mtu":1446,"misses":0,"rssi":-28,"tx":{"frames":737,"cb_ok":737,"cb_fail":0,"enqueue_err":0,"pdr_ppm":1000000},"rx":{"frames":3059,"lost_seqgap":0,"reorder_dup":0,"dropped_bad":0,"hb_lost":8,"bcast_frames":2206,"pdr_ppm":1000000},"rtt":{"samples":75,"min_us":5364,"max_us":17249,"timeouts":0,"txq_last_us":3667,"txq_max_us":3667,"remote_turnaround_us":774,"remote_turnaround_max_us":1220,"p50_us":[4000,6000],"p99_us":[16000,22000],"hist":[0,0,0,0,60,10,4,0,1,0,0,0,0,0,0,0]}}
1791638275.178 {"t":"link","up_ms":223215,"node":25344,"peer":33120,"mac":"b8:1f:3f:da:81:60","state":"alive","epoch":294,"espnow_ver":2,"mtu":1446,"misses":0,"rssi":-20,"tx":{"frames":739,"cb_ok":739,"cb_fail":0,"enqueue_err":0,"pdr_ppm":1000000},"rx":{"frames":3060,"lost_seqgap":2,"reorder_dup":0,"dropped_bad":0,"hb_lost":4,"bcast_frames":2208,"pdr_ppm":999346},"rtt":{"samples":74,"min_us":5818,"max_us":31147,"timeouts":0,"txq_last_us":20703,"txq_max_us":20703,"remote_turnaround_us":1031,"remote_turnaround_max_us":1211,"p50_us":[4000,6000],"p99_us":[30000,42000],"hist":[0,0,0,0,53,17,2,0,1,0,1,0,0,0,0,0]}}
1791638275.178 {"t":"link","up_ms":223269,"node":25344,"peer":254,"mac":"02:00:00:00:00:fe","state":"dead","epoch":0,"espnow_ver":0,"mtu":226,"misses":6,"rssi":0,"tx":{"frames":82,"cb_ok":0,"cb_fail":0,"enqueue_err":0,"pdr_ppm":null},"rx":{"frames":43,"lost_seqgap":0,"reorder_dup":0,"dropped_bad":0,"hb_lost":0,"bcast_frames":0,"pdr_ppm":1000000},"rtt":{"samples":2,"min_us":53023,"max_us":70004,"timeouts":70,"txq_last_us":0,"txq_max_us":0,"remote_turnaround_us":13,"remote_turnaround_max_us":13,"p50_us":[42000,60000],"p99_us":[60000,85000],"hist":[0,0,0,0,0,0,0,0,0,0,0,1,1,0,0,0]}}
1791638275.178 {"t":"auth","node":25344,"up_ms":223323,"enrolled":1,"required":1,"verified_peers":2,"verified":2,"cache_hits":221,"refused":0,"rate_limited":0,"stale_epoch":0,"verify_us_max":83580,"link_stack_free_b":820,"crypto_stack_free_b":1268,"tags_ok":1483,"bad_tag":0,"replayed":0,"untagged":0,"bcast_dropped":0,"beacon_epoch_ignored":0,"tag_us_max":998}
1791638275.179 {"t":"act","node":25344,"setpoint":0,"has_value":0,"writes_served":0}
1791638275.597 {"t":"peers","node":25344,"own_period_ms":100,"own_busy":0,"channel":1,"scanning":0,"scans":0,"hops":0,"found":0,"lost_to_found_ms":0,"moves_followed":0,"moves_refused":0,"sweeps":0,"sweep_found":0,"sweeping":0,"search_visits":0,"relay":0,"fwd_u":0,"fwd_b":0,"fwd_h":0,"relay_dup":2300,"list":[{"id":29544,"state":"alive","via_relay":0,"period_ms":100,"misses":6,"busy":1,"rtt_n":75},{"id":33120,"state":"alive","via_relay":0,"period_ms":100,"misses":6,"busy":0,"rtt_n":74},{"id":254,"state":"dead","via_relay":0,"period_ms":100,"misses":6,"busy":0,"rtt_n":2}]}
1791638275.597 {"t":"ss","node":25344,"accepted":0,"unsigned":0,"unknown_sender":0,"bad_signature":0,"replayed":0,"rate_limited":0,"verify_us_max":0,"floors":[]}
1791638275.597 {"t":"rec","node":25344,"up_ms":223419,"settled":1,"sent":891,"received":886,"malformed":0,"views":3,"replies_fenced":0,"actors":[{"key":1245650351,"running":1,"term":11,"owner":25344,"owner_term":11,"assigned":25344,"starts":1,"fenced":0,"released":0}]}
1791638275.597 {"t":"node","up_ms":223445,"node":25344,"epoch":245,"peers_alive":2,"peers_dead":1,"no_radio":0,"free_dram":250307,"largest_block":172032,"rx":{"total":10863,"bad_frame":0,"unknown_peer":79,"wrong_dst":0,"short_payload":0,"unknown_opcode":0,"queue_dropped":51},"tx":{"total":3888,"enqueue_err":0,"done_queue_dropped":0},"membership":{"deaths":1,"revivals":0,"reboots_seen":0,"table_full":0,"events_dropped":0}}
1791638275.597 {"t":"ns","node":25344,"hash":2410274060,"owner":25344,"kind":"sampled","unit":100,"class":4,"bound_ms":0,"quality":"GOOD","age_ms":438,"ts":223036,"updates":21,"value":245}
1791638275.597 {"t":"ns","node":25344,"hash":1274253983,"owner":25344,"kind":"sampled","unit":0,"class":4,"bound_ms":5000,"quality":"GOOD","age_ms":451,"ts":223037,"updates":21,"value":-28}
1791638275.597 {"t":"ns","node":25344,"hash":3354298913,"owner":25344,"kind":"sampled","unit":100,"class":4,"bound_ms":5000,"quality":"GOOD","age_ms":477,"ts":223036,"updates":21,"value":2}
1791638275.597 {"t":"ns","node":25344,"hash":1771187623,"owner":25344,"kind":"sampled","unit":101,"class":4,"bound_ms":30000,"quality":"GOOD","age_ms":492,"ts":223036,"updates":21,"value":250307}
1791638275.597 {"t":"ns","node":25344,"hash":1245650351,"owner":25344,"kind":"sampled","unit":0,"class":3,"bound_ms":500,"quality":"GOOD","age_ms":77,"ts":223465,"updates":2157,"value":1660946541}
1791638275.597 {"t":"ns","node":25344,"hash":2033492666,"owner":25344,"kind":"sampled","unit":0,"class":3,"bound_ms":0,"quality":"NO_DATA","age_ms":0,"ts":0,"updates":0,"value":null}
1791638275.597 {"t":"ns","node":25344,"hash":4103947588,"owner":25344,"kind":"sampled","unit":80,"class":4,"bound_ms":30000,"quality":"GOOD","age_ms":534,"ts":223036,"updates":21,"value":223}
1791638275.597 {"t":"ns","node":25344,"hash":1662441583,"owner":25344,"kind":"sampled","unit":101,"class":4,"bound_ms":30000,"quality":"GOOD","age_ms":548,"ts":223036,"updates":21,"value":172032}
1791638285.737 {"t":"clk","node":25344,"up_ms":233599}
1791638285.737 {"t":"led","node":25344,"shows":"red","app":0}
1791638285.737 {"t":"event","at_ms":223278,"node":25344,"kind":"peer_admitted","peer":29544,"slot":0,"a":0,"b":0}
1791638285.737 {"t":"event","at_ms":224607,"node":25344,"kind":"peer_admitted","peer":33120,"slot":1,"a":0,"b":0}
1791638285.737 {"t":"event","at_ms":225278,"node":25344,"kind":"peer_admitted","peer":29544,"slot":0,"a":0,"b":0}
1791638285.737 {"t":"event","at_ms":225801,"node":25344,"kind":"probe_timeout","peer":254,"slot":2,"a":80,"b":0}
1791638285.737 {"t":"event","at_ms":226607,"node":25344,"kind":"peer_admitted","peer":33120,"slot":1,"a":0,"b":0}
1791638285.737 {"t":"event","at_ms":227278,"node":25344,"kind":"peer_admitted","peer":29544,"slot":0,"a":0,"b":0}
1791638285.737 {"t":"event","at_ms":228607,"node":25344,"kind":"peer_admitted","peer":33120,"slot":1,"a":0,"b":0}
1791638285.737 {"t":"event","at_ms":228801,"node":25344,"kind":"probe_timeout","peer":254,"slot":2,"a":81,"b":0}
1791638285.737 {"t":"event","at_ms":229278,"node":25344,"kind":"peer_admitted","peer":29544,"slot":0,"a":0,"b":0}
1791638285.737 {"t":"event","at_ms":230607,"node":25344,"kind":"peer_admitted","peer":33120,"slot":1,"a":0,"b":0}
1791638285.737 {"t":"event","at_ms":231278,"node":25344,"kind":"peer_admitted","peer":29544,"slot":0,"a":0,"b":0}
1791638285.737 {"t":"event","at_ms":231801,"node":25344,"kind":"probe_timeout","peer":254,"slot":2,"a":82,"b":0}
1791638285.737 {"t":"event","at_ms":232607,"node":25344,"kind":"peer_admitted","peer":33120,"slot":1,"a":0,"b":0}
1791638285.737 {"t":"event","at_ms":233278,"node":25344,"kind":"peer_admitted","peer":29544,"slot":0,"a":0,"b":0}
1791638285.737 {"t":"link","up_ms":233723,"node":25344,"peer":29544,"mac":"b8:1f:3f:da:73:68","state":"alive","epoch":172,"espnow_ver":2,"mtu":1446,"misses":0,"rssi":-28,"tx":{"frames":772,"cb_ok":772,"cb_fail":0,"enqueue_err":0,"pdr_ppm":1000000},"rx":{"frames":3203,"lost_seqgap":0,"reorder_dup":0,"dropped_bad":0,"hb_lost":9,"bcast_frames":2310,"pdr_ppm":1000000},"rtt":{"samples":78,"min_us":5364,"max_us":17249,"timeouts":0,"txq_last_us":3667,"txq_max_us":3667,"remote_turnaround_us":824,"remote_turnaround_max_us":1220,"p50_us":[4000,6000],"p99_us":[16000,22000],"hist":[0,0,0,0,62,11,4,0,1,0,0,0,0,0,0,0]}}
1791638285.737 {"t":"link","up_ms":233778,"node":25344,"peer":33120,"mac":"b8:1f:3f:da:81:60","state":"alive","epoch":294,"espnow_ver":2,"mtu":1446,"misses":0,"rssi":-20,"tx":{"frames":774,"cb_ok":774,"cb_fail":0,"enqueue_err":0,"pdr_ppm":1000000},"rx":{"frames":3206,"lost_seqgap":2,"reorder_dup":0,"dropped_bad":0,"hb_lost":4,"bcast_frames":2314,"pdr_ppm":999376},"rtt":{"samples":78,"min_us":5818,"max_us":31147,"timeouts":0,"txq_last_us":20703,"txq_max_us":20703,"remote_turnaround_us":1032,"remote_turnaround_max_us":1211,"p50_us":[4000,6000],"p99_us":[30000,42000],"hist":[0,0,0,0,53,21,2,0,1,0,1,0,0,0,0,0]}}
1791638285.737 {"t":"link","up_ms":233832,"node":25344,"peer":254,"mac":"02:00:00:00:00:fe","state":"dead","epoch":0,"espnow_ver":0,"mtu":226,"misses":6,"rssi":0,"tx":{"frames":86,"cb_ok":0,"cb_fail":0,"enqueue_err":0,"pdr_ppm":null},"rx":{"frames":43,"lost_seqgap":0,"reorder_dup":0,"dropped_bad":0,"hb_lost":0,"bcast_frames":0,"pdr_ppm":1000000},"rtt":{"samples":2,"min_us":53023,"max_us":70004,"timeouts":73,"txq_last_us":0,"txq_max_us":0,"remote_turnaround_us":13,"remote_turnaround_max_us":13,"p50_us":[42000,60000],"p99_us":[60000,85000],"hist":[0,0,0,0,0,0,0,0,0,0,0,1,1,0,0,0]}}
1791638285.737 {"t":"auth","node":25344,"up_ms":233875,"enrolled":1,"required":1,"verified_peers":2,"verified":2,"cache_hits":231,"refused":0,"rate_limited":0,"stale_epoch":0,"verify_us_max":83580,"link_stack_free_b":820,"crypto_stack_free_b":1268,"tags_ok":1554,"bad_tag":0,"replayed":0,"untagged":0,"bcast_dropped":0,"beacon_epoch_ignored":0,"tag_us_max":998}
1791638285.737 {"t":"act","node":25344,"setpoint":0,"has_value":0,"writes_served":0}
1791638286.149 {"t":"peers","node":25344,"own_period_ms":100,"own_busy":0,"channel":1,"scanning":0,"scans":0,"hops":0,"found":0,"lost_to_found_ms":0,"moves_followed":0,"moves_refused":0,"sweeps":0,"sweep_found":0,"sweeping":0,"search_visits":0,"relay":0,"fwd_u":0,"fwd_b":0,"fwd_h":0,"relay_dup":2410,"list":[{"id":29544,"state":"alive","via_relay":0,"period_ms":100,"misses":6,"busy":1,"rtt_n":78},{"id":33120,"state":"alive","via_relay":0,"period_ms":100,"misses":6,"busy":0,"rtt_n":78},{"id":254,"state":"dead","via_relay":0,"period_ms":100,"misses":6,"busy":0,"rtt_n":2}]}
1791638286.149 {"t":"ss","node":25344,"accepted":0,"unsigned":0,"unknown_sender":0,"bad_signature":0,"replayed":0,"rate_limited":0,"verify_us_max":0,"floors":[]}
1791638286.149 {"t":"rec","node":25344,"up_ms":233970,"settled":1,"sent":933,"received":928,"malformed":0,"views":3,"replies_fenced":0,"actors":[{"key":1245650351,"running":1,"term":11,"owner":25344,"owner_term":11,"assigned":25344,"starts":1,"fenced":0,"released":0}]}
1791638286.149 {"t":"node","up_ms":233996,"node":25344,"epoch":245,"peers_alive":2,"peers_dead":1,"no_radio":0,"free_dram":250307,"largest_block":172032,"rx":{"total":11376,"bad_frame":0,"unknown_peer":79,"wrong_dst":0,"short_payload":0,"unknown_opcode":0,"queue_dropped":51},"tx":{"total":4073,"enqueue_err":0,"done_queue_dropped":0},"membership":{"deaths":1,"revivals":0,"reboots_seen":0,"table_full":0,"events_dropped":0}}
1791638286.149 {"t":"ns","node":25344,"hash":2410274060,"owner":25344,"kind":"sampled","unit":100,"class":4,"bound_ms":0,"quality":"GOOD","age_ms":435,"ts":233601,"updates":22,"value":245}
1791638286.149 {"t":"ns","node":25344,"hash":1274253983,"owner":25344,"kind":"sampled","unit":0,"class":4,"bound_ms":5000,"quality":"GOOD","age_ms":449,"ts":233601,"updates":22,"value":-28}
1791638286.149 {"t":"ns","node":25344,"hash":3354298913,"owner":25344,"kind":"sampled","unit":100,"class":4,"bound_ms":5000,"quality":"GOOD","age_ms":464,"ts":233601,"updates":22,"value":2}
1791638286.149 {"t":"ns","node":25344,"hash":1771187623,"owner":25344,"kind":"sampled","unit":101,"class":4,"bound_ms":30000,"quality":"GOOD","age_ms":479,"ts":233600,"updates":22,"value":250307}
1791638286.149 {"t":"ns","node":25344,"hash":1245650351,"owner":25344,"kind":"sampled","unit":0,"class":3,"bound_ms":500,"quality":"GOOD","age_ms":29,"ts":234065,"updates":2263,"value":1660946647}
1791638286.149 {"t":"ns","node":25344,"hash":2033492666,"owner":25344,"kind":"sampled","unit":0,"class":3,"bound_ms":0,"quality":"NO_DATA","age_ms":0,"ts":0,"updates":0,"value":null}
1791638286.149 {"t":"ns","node":25344,"hash":4103947588,"owner":25344,"kind":"sampled","unit":80,"class":4,"bound_ms":30000,"quality":"GOOD","age_ms":520,"ts":233601,"updates":22,"value":233}
1791638286.149 {"t":"ns","node":25344,"hash":1662441583,"owner":25344,"kind":"sampled","unit":101,"class":4,"bound_ms":30000,"quality":"GOOD","age_ms":535,"ts":233600,"updates":22,"value":172032}
1791638296.301 {"t":"clk","node":25344,"up_ms":244161}
1791638296.301 {"t":"led","node":25344,"shows":"red","app":0}
1791638296.301 {"t":"event","at_ms":234607,"node":25344,"kind":"peer_admitted","peer":33120,"slot":1,"a":0,"b":0}
1791638296.301 {"t":"event","at_ms":234801,"node":25344,"kind":"probe_timeout","peer":254,"slot":2,"a":83,"b":0}
1791638296.301 {"t":"event","at_ms":235278,"node":25344,"kind":"peer_admitted","peer":29544,"slot":0,"a":0,"b":0}
1791638296.301 {"t":"event","at_ms":236607,"node":25344,"kind":"peer_admitted","peer":33120,"slot":1,"a":0,"b":0}
1791638296.301 {"t":"event","at_ms":237278,"node":25344,"kind":"peer_admitted","peer":29544,"slot":0,"a":0,"b":0}
1791638296.301 {"t":"event","at_ms":237801,"node":25344,"kind":"probe_timeout","peer":254,"slot":2,"a":84,"b":0}
1791638296.301 {"t":"event","at_ms":238607,"node":25344,"kind":"peer_admitted","peer":33120,"slot":1,"a":0,"b":0}
1791638296.301 {"t":"event","at_ms":239278,"node":25344,"kind":"peer_admitted","peer":29544,"slot":0,"a":0,"b":0}
1791638296.301 {"t":"event","at_ms":240607,"node":25344,"kind":"peer_admitted","peer":33120,"slot":1,"a":0,"b":0}
1791638296.301 {"t":"event","at_ms":240801,"node":25344,"kind":"probe_timeout","peer":254,"slot":2,"a":85,"b":0}
1791638296.301 {"t":"event","at_ms":241278,"node":25344,"kind":"peer_admitted","peer":29544,"slot":0,"a":0,"b":0}
1791638296.301 {"t":"event","at_ms":242607,"node":25344,"kind":"peer_admitted","peer":33120,"slot":1,"a":0,"b":0}
1791638296.301 {"t":"event","at_ms":243278,"node":25344,"kind":"peer_admitted","peer":29544,"slot":0,"a":0,"b":0}
1791638296.301 {"t":"event","at_ms":243801,"node":25344,"kind":"probe_timeout","peer":254,"slot":2,"a":86,"b":0}
1791638296.301 {"t":"link","up_ms":244289,"node":25344,"peer":29544,"mac":"b8:1f:3f:da:73:68","state":"alive","epoch":172,"espnow_ver":2,"mtu":1446,"misses":0,"rssi":-28,"tx":{"frames":809,"cb_ok":809,"cb_fail":0,"enqueue_err":0,"pdr_ppm":1000000},"rx":{"frames":3351,"lost_seqgap":0,"reorder_dup":0,"dropped_bad":0,"hb_lost":9,"bcast_frames":2416,"pdr_ppm":1000000},"rtt":{"samples":82,"min_us":5347,"max_us":17249,"timeouts":0,"txq_last_us":3667,"txq_max_us":3667,"remote_turnaround_us":668,"remote_turnaround_max_us":1220,"p50_us":[4000,6000],"p99_us":[16000,22000],"hist":[0,0,0,0,65,11,5,0,1,0,0,0,0,0,0,0]}}
1791638296.301 {"t":"link","up_ms":244331,"node":25344,"peer":33120,"mac":"b8:1f:3f:da:81:60","state":"alive","epoch":294,"espnow_ver":2,"mtu":1446,"misses":0,"rssi":-20,"tx":{"frames":808,"cb_ok":808,"cb_fail":0,"enqueue_err":0,"pdr_ppm":1000000},"rx":{"frames":3351,"lost_seqgap":2,"reorder_dup":0,"dropped_bad":0,"hb_lost":4,"bcast_frames":2419,"pdr_ppm":999403},"rtt":{"samples":81,"min_us":5818,"max_us":31147,"timeouts":0,"txq_last_us":20703,"txq_max_us":20703,"remote_turnaround_us":1027,"remote_turnaround_max_us":1211,"p50_us":[4000,6000],"p99_us":[30000,42000],"hist":[0,0,0,0,53,23,3,0,1,0,1,0,0,0,0,0]}}
1791638296.301 {"t":"link","up_ms":244385,"node":25344,"peer":254,"mac":"02:00:00:00:00:fe","state":"dead","epoch":0,"espnow_ver":0,"mtu":226,"misses":6,"rssi":0,"tx":{"frames":89,"cb_ok":0,"cb_fail":0,"enqueue_err":0,"pdr_ppm":null},"rx":{"frames":43,"lost_seqgap":0,"reorder_dup":0,"dropped_bad":0,"hb_lost":0,"bcast_frames":0,"pdr_ppm":1000000},"rtt":{"samples":2,"min_us":53023,"max_us":70004,"timeouts":77,"txq_last_us":0,"txq_max_us":0,"remote_turnaround_us":13,"remote_turnaround_max_us":13,"p50_us":[42000,60000],"p99_us":[60000,85000],"hist":[0,0,0,0,0,0,0,0,0,0,0,1,1,0,0,0]}}
1791638296.301 {"t":"auth","node":25344,"up_ms":244439,"enrolled":1,"required":1,"verified_peers":2,"verified":2,"cache_hits":241,"refused":0,"rate_limited":0,"stale_epoch":0,"verify_us_max":83580,"link_stack_free_b":820,"crypto_stack_free_b":1268,"tags_ok":1624,"bad_tag":0,"replayed":0,"untagged":0,"bcast_dropped":0,"beacon_epoch_ignored":0,"tag_us_max":998}
1791638296.301 {"t":"act","node":25344,"setpoint":0,"has_value":0,"writes_served":0}
1791638296.710 {"t":"peers","node":25344,"own_period_ms":100,"own_busy":0,"channel":1,"scanning":0,"scans":0,"hops":0,"found":0,"lost_to_found_ms":0,"moves_followed":0,"moves_refused":0,"sweeps":0,"sweep_found":0,"sweeping":0,"search_visits":0,"relay":0,"fwd_u":0,"fwd_b":0,"fwd_h":0,"relay_dup":2521,"list":[{"id":29544,"state":"alive","via_relay":0,"period_ms":100,"misses":6,"busy":1,"rtt_n":82},{"id":33120,"state":"alive","via_relay":0,"period_ms":100,"misses":6,"busy":0,"rtt_n":81},{"id":254,"state":"dead","via_relay":0,"period_ms":100,"misses":6,"busy":0,"rtt_n":2}]}
1791638296.710 {"t":"ss","node":25344,"accepted":0,"unsigned":0,"unknown_sender":0,"bad_signature":0,"replayed":0,"rate_limited":0,"verify_us_max":0,"floors":[]}
1791638296.710 {"t":"rec","node":25344,"up_ms":244535,"settled":1,"sent":976,"received":971,"malformed":0,"views":3,"replies_fenced":0,"actors":[{"key":1245650351,"running":1,"term":11,"owner":25344,"owner_term":11,"assigned":25344,"starts":1,"fenced":0,"released":0}]}
1791638296.710 {"t":"node","up_ms":244562,"node":25344,"epoch":245,"peers_alive":2,"peers_dead":1,"no_radio":0,"free_dram":250307,"largest_block":172032,"rx":{"total":11890,"bad_frame":0,"unknown_peer":79,"wrong_dst":0,"short_payload":0,"unknown_opcode":0,"queue_dropped":51},"tx":{"total":4257,"enqueue_err":0,"done_queue_dropped":0},"membership":{"deaths":1,"revivals":0,"reboots_seen":0,"table_full":0,"events_dropped":0}}
1791638296.710 {"t":"ns","node":25344,"hash":2410274060,"owner":25344,"kind":"sampled","unit":100,"class":4,"bound_ms":0,"quality":"GOOD","age_ms":429,"ts":244162,"updates":23,"value":245}
1791638296.710 {"t":"ns","node":25344,"hash":1274253983,"owner":25344,"kind":"sampled","unit":0,"class":4,"bound_ms":5000,"quality":"GOOD","age_ms":442,"ts":244163,"updates":23,"value":-28}
1791638296.710 {"t":"ns","node":25344,"hash":3354298913,"owner":25344,"kind":"sampled","unit":100,"class":4,"bound_ms":5000,"quality":"GOOD","age_ms":468,"ts":244162,"updates":23,"value":2}
1791638296.710 {"t":"ns","node":25344,"hash":1771187623,"owner":25344,"kind":"sampled","unit":101,"class":4,"bound_ms":30000,"quality":"GOOD","age_ms":482,"ts":244162,"updates":23,"value":250307}
1791638296.710 {"t":"ns","node":25344,"hash":1245650351,"owner":25344,"kind":"sampled","unit":0,"class":3,"bound_ms":500,"quality":"GOOD","age_ms":93,"ts":244565,"updates":2368,"value":1660946752}
1791638296.710 {"t":"ns","node":25344,"hash":2033492666,"owner":25344,"kind":"sampled","unit":0,"class":3,"bound_ms":0,"quality":"NO_DATA","age_ms":0,"ts":0,"updates":0,"value":null}
1791638296.710 {"t":"ns","node":25344,"hash":4103947588,"owner":25344,"kind":"sampled","unit":80,"class":4,"bound_ms":30000,"quality":"GOOD","age_ms":524,"ts":244162,"updates":23,"value":244}
1791638296.710 {"t":"ns","node":25344,"hash":1662441583,"owner":25344,"kind":"sampled","unit":101,"class":4,"bound_ms":30000,"quality":"GOOD","age_ms":538,"ts":244162,"updates":23,"value":172032}
1791638306.853 {"t":"clk","node":25344,"up_ms":254715}
1791638306.853 {"t":"led","node":25344,"shows":"red","app":0}
1791638306.853 {"t":"event","at_ms":244607,"node":25344,"kind":"peer_admitted","peer":33120,"slot":1,"a":0,"b":0}
1791638306.853 {"t":"event","at_ms":245278,"node":25344,"kind":"peer_admitted","peer":29544,"slot":0,"a":0,"b":0}
1791638306.853 {"t":"event","at_ms":246607,"node":25344,"kind":"peer_admitted","peer":33120,"slot":1,"a":0,"b":0}
1791638306.853 {"t":"event","at_ms":246801,"node":25344,"kind":"probe_timeout","peer":254,"slot":2,"a":87,"b":0}
1791638306.853 {"t":"event","at_ms":247278,"node":25344,"kind":"peer_admitted","peer":29544,"slot":0,"a":0,"b":0}
1791638306.853 {"t":"event","at_ms":248607,"node":25344,"kind":"peer_admitted","peer":33120,"slot":1,"a":0,"b":0}
1791638306.853 {"t":"event","at_ms":249278,"node":25344,"kind":"peer_admitted","peer":29544,"slot":0,"a":0,"b":0}
1791638306.853 {"t":"event","at_ms":249801,"node":25344,"kind":"probe_timeout","peer":254,"slot":2,"a":88,"b":0}
1791638306.853 {"t":"event","at_ms":250610,"node":25344,"kind":"peer_admitted","peer":33120,"slot":1,"a":0,"b":0}
1791638306.853 {"t":"event","at_ms":251278,"node":25344,"kind":"peer_admitted","peer":29544,"slot":0,"a":0,"b":0}
1791638306.853 {"t":"event","at_ms":252607,"node":25344,"kind":"peer_admitted","peer":33120,"slot":1,"a":0,"b":0}
1791638306.853 {"t":"event","at_ms":252801,"node":25344,"kind":"probe_timeout","peer":254,"slot":2,"a":89,"b":0}
1791638306.853 {"t":"event","at_ms":253278,"node":25344,"kind":"peer_admitted","peer":29544,"slot":0,"a":0,"b":0}
1791638306.853 {"t":"event","at_ms":254607,"node":25344,"kind":"peer_admitted","peer":33120,"slot":1,"a":0,"b":0}
1791638306.853 {"t":"link","up_ms":254840,"node":25344,"peer":29544,"mac":"b8:1f:3f:da:73:68","state":"alive","epoch":172,"espnow_ver":2,"mtu":1446,"misses":0,"rssi":-28,"tx":{"frames":843,"cb_ok":843,"cb_fail":0,"enqueue_err":0,"pdr_ppm":1000000},"rx":{"frames":3493,"lost_seqgap":0,"reorder_dup":0,"dropped_bad":0,"hb_lost":11,"bcast_frames":2519,"pdr_ppm":1000000},"rtt":{"samples":85,"min_us":5345,"max_us":17249,"timeouts":0,"txq_last_us":3667,"txq_max_us":3667,"remote_turnaround_us":828,"remote_turnaround_max_us":1220,"p50_us":[4000,6000],"p99_us":[16000,22000],"hist":[0,0,0,0,67,12,5,0,1,0,0,0,0,0,0,0]}}
1791638306.853 {"t":"link","up_ms":254894,"node":25344,"peer":33120,"mac":"b8:1f:3f:da:81:60","state":"alive","epoch":294,"espnow_ver":2,"mtu":1446,"misses":0,"rssi":-20,"tx":{"frames":845,"cb_ok":845,"cb_fail":0,"enqueue_err":0,"pdr_ppm":1000000},"rx":{"frames":3499,"lost_seqgap":2,"reorder_dup":0,"dropped_bad":0,"hb_lost":4,"bcast_frames":2525,"pdr_ppm":999428},"rtt":{"samples":85,"min_us":5818,"max_us":31147,"timeouts":0,"txq_last_us":20703,"txq_max_us":20703,"remote_turnaround_us":1019,"remote_turnaround_max_us":1211,"p50_us":[4000,6000],"p99_us":[30000,42000],"hist":[0,0,0,0,54,26,3,0,1,0,1,0,0,0,0,0]}}
1791638306.853 {"t":"link","up_ms":254948,"node":25344,"peer":254,"mac":"02:00:00:00:00:fe","state":"dead","epoch":0,"espnow_ver":0,"mtu":226,"misses":6,"rssi":0,"tx":{"frames":93,"cb_ok":0,"cb_fail":0,"enqueue_err":0,"pdr_ppm":null},"rx":{"frames":43,"lost_seqgap":0,"reorder_dup":0,"dropped_bad":0,"hb_lost":0,"bcast_frames":0,"pdr_ppm":1000000},"rtt":{"samples":2,"min_us":53023,"max_us":70004,"timeouts":80,"txq_last_us":0,"txq_max_us":0,"remote_turnaround_us":13,"remote_turnaround_max_us":13,"p50_us":[42000,60000],"p99_us":[60000,85000],"hist":[0,0,0,0,0,0,0,0,0,0,0,1,1,0,0,0]}}
1791638306.853 {"t":"auth","node":25344,"up_ms":254990,"enrolled":1,"required":1,"verified_peers":2,"verified":2,"cache_hits":252,"refused":0,"rate_limited":0,"stale_epoch":0,"verify_us_max":83580,"link_stack_free_b":820,"crypto_stack_free_b":1268,"tags_ok":1695,"bad_tag":0,"replayed":0,"untagged":0,"bcast_dropped":0,"beacon_epoch_ignored":0,"tag_us_max":998}
1791638306.853 {"t":"act","node":25344,"setpoint":0,"has_value":0,"writes_served":0}
1791638307.262 {"t":"peers","node":25344,"own_period_ms":100,"own_busy":0,"channel":1,"scanning":0,"scans":0,"hops":0,"found":0,"lost_to_found_ms":0,"moves_followed":0,"moves_refused":0,"sweeps":0,"sweep_found":0,"sweeping":0,"search_visits":0,"relay":0,"fwd_u":0,"fwd_b":0,"fwd_h":0,"relay_dup":2631,"list":[{"id":29544,"state":"alive","via_relay":0,"period_ms":100,"misses":6,"busy":1,"rtt_n":85},{"id":33120,"state":"alive","via_relay":0,"period_ms":100,"misses":6,"busy":0,"rtt_n":85},{"id":254,"state":"dead","via_relay":0,"period_ms":100,"misses":6,"busy":0,"rtt_n":2}]}
1791638307.262 {"t":"ss","node":25344,"accepted":0,"unsigned":0,"unknown_sender":0,"bad_signature":0,"replayed":0,"rate_limited":0,"verify_us_max":0,"floors":[]}
1791638307.262 {"t":"rec","node":25344,"up_ms":255086,"settled":1,"sent":1018,"received":1014,"malformed":0,"views":3,"replies_fenced":0,"actors":[{"key":1245650351,"running":1,"term":11,"owner":25344,"owner_term":11,"assigned":25344,"starts":1,"fenced":0,"released":0}]}
1791638307.262 {"t":"node","up_ms":255113,"node":25344,"epoch":245,"peers_alive":2,"peers_dead":1,"no_radio":0,"free_dram":250307,"largest_block":172032,"rx":{"total":12397,"bad_frame":0,"unknown_peer":79,"wrong_dst":0,"short_payload":0,"unknown_opcode":0,"queue_dropped":51},"tx":{"total":4443,"enqueue_err":0,"done_queue_dropped":0},"membership":{"deaths":1,"revivals":0,"reboots_seen":0,"table_full":0,"events_dropped":0}}
1791638307.262 {"t":"ns","node":25344,"hash":2410274060,"owner":25344,"kind":"sampled","unit":100,"class":4,"bound_ms":0,"quality":"GOOD","age_ms":437,"ts":254716,"updates":24,"value":245}
1791638307.262 {"t":"ns","node":25344,"hash":1274253983,"owner":25344,"kind":"sampled","unit":0,"class":4,"bound_ms":5000,"quality":"GOOD","age_ms":450,"ts":254717,"updates":24,"value":-28}
1791638307.262 {"t":"ns","node":25344,"hash":3354298913,"owner":25344,"kind":"sampled","unit":100,"class":4,"bound_ms":5000,"quality":"GOOD","age_ms":465,"ts":254716,"updates":24,"value":2}
1791638307.262 {"t":"ns","node":25344,"hash":1771187623,"owner":25344,"kind":"sampled","unit":101,"class":4,"bound_ms":30000,"quality":"GOOD","age_ms":479,"ts":254716,"updates":24,"value":250307}
1791638307.262 {"t":"ns","node":25344,"hash":1245650351,"owner":25344,"kind":"sampled","unit":0,"class":3,"bound_ms":500,"quality":"GOOD","age_ms":44,"ts":255165,"updates":2474,"value":1660946858}
1791638307.262 {"t":"ns","node":25344,"hash":2033492666,"owner":25344,"kind":"sampled","unit":0,"class":3,"bound_ms":0,"quality":"NO_DATA","age_ms":0,"ts":0,"updates":0,"value":null}
1791638307.262 {"t":"ns","node":25344,"hash":4103947588,"owner":25344,"kind":"sampled","unit":80,"class":4,"bound_ms":30000,"quality":"GOOD","age_ms":521,"ts":254716,"updates":24,"value":254}
1791638307.262 {"t":"ns","node":25344,"hash":1662441583,"owner":25344,"kind":"sampled","unit":101,"class":4,"bound_ms":30000,"quality":"GOOD","age_ms":536,"ts":254716,"updates":24,"value":172032}
1791638317.417 {"t":"clk","node":25344,"up_ms":265279}
1791638317.417 {"t":"led","node":25344,"shows":"red","app":0}
1791638317.417 {"t":"event","at_ms":255278,"node":25344,"kind":"peer_admitted","peer":29544,"slot":0,"a":0,"b":0}
1791638317.417 {"t":"event","at_ms":255801,"node":25344,"kind":"probe_timeout","peer":254,"slot":2,"a":90,"b":0}
1791638317.417 {"t":"event","at_ms":256607,"node":25344,"kind":"peer_admitted","peer":33120,"slot":1,"a":0,"b":0}
1791638317.417 {"t":"event","at_ms":258607,"node":25344,"kind":"peer_admitted","peer":33120,"slot":1,"a":0,"b":0}
1791638317.417 {"t":"event","at_ms":258801,"node":25344,"kind":"probe_timeout","peer":254,"slot":2,"a":91,"b":0}
1791638317.417 {"t":"event","at_ms":259278,"node":25344,"kind":"peer_admitted","peer":29544,"slot":0,"a":0,"b":0}
1791638317.417 {"t":"event","at_ms":260607,"node":25344,"kind":"peer_admitted","peer":33120,"slot":1,"a":0,"b":0}
1791638317.417 {"t":"event","at_ms":261278,"node":25344,"kind":"peer_admitted","peer":29544,"slot":0,"a":0,"b":0}
1791638317.417 {"t":"event","at_ms":261801,"node":25344,"kind":"probe_timeout","peer":254,"slot":2,"a":92,"b":0}
1791638317.417 {"t":"event","at_ms":262607,"node":25344,"kind":"peer_admitted","peer":33120,"slot":1,"a":0,"b":0}
1791638317.417 {"t":"event","at_ms":263278,"node":25344,"kind":"peer_admitted","peer":29544,"slot":0,"a":0,"b":0}
1791638317.417 {"t":"event","at_ms":264607,"node":25344,"kind":"peer_admitted","peer":33120,"slot":1,"a":0,"b":0}
1791638317.417 {"t":"event","at_ms":264801,"node":25344,"kind":"probe_timeout","peer":254,"slot":2,"a":93,"b":0}
1791638317.417 {"t":"event","at_ms":265278,"node":25344,"kind":"peer_admitted","peer":29544,"slot":0,"a":0,"b":0}
1791638317.417 {"t":"link","up_ms":265404,"node":25344,"peer":29544,"mac":"b8:1f:3f:da:73:68","state":"alive","epoch":172,"espnow_ver":2,"mtu":1446,"misses":0,"rssi":-28,"tx":{"frames":878,"cb_ok":878,"cb_fail":0,"enqueue_err":0,"pdr_ppm":1000000},"rx":{"frames":3639,"lost_seqgap":0,"reorder_dup":0,"dropped_bad":0,"hb_lost":11,"bcast_frames":2625,"pdr_ppm":1000000},"rtt":{"samples":89,"min_us":5345,"max_us":17249,"timeouts":0,"txq_last_us":3667,"txq_max_us":3667,"remote_turnaround_us":663,"remote_turnaround_max_us":1220,"p50_us":[4000,6000],"p99_us":[16000,22000],"hist":[0,0,0,0,70,13,5,0,1,0,0,0,0,0,0,0]}}
1791638317.417 {"t":"link","up_ms":265458,"node":25344,"peer":33120,"mac":"b8:1f:3f:da:81:60","state":"alive","epoch":294,"espnow_ver":2,"mtu":1446,"misses":0,"rssi":-20,"tx":{"frames":879,"cb_ok":879,"cb_fail":0,"enqueue_err":0,"pdr_ppm":1000000},"rx":{"frames":3644,"lost_seqgap":2,"reorder_dup":0,"dropped_bad":0,"hb_lost":4,"bcast_frames":2631,"pdr_ppm":999451},"rtt":{"samples":88,"min_us":5818,"max_us":34674,"timeouts":0,"txq_last_us":18096,"txq_max_us":20703,"remote_turnaround_us":1030,"remote_turnaround_max_us":1211,"p50_us":[4000,6000],"p99_us":[30000,42000],"hist":[0,0,0,0,54,28,3,0,1,0,2,0,0,0,0,0]}}
1791638317.417 {"t":"link","up_ms":265512,"node":25344,"peer":254,"mac":"02:00:00:00:00:fe","state":"dead","epoch":0,"espnow_ver":0,"mtu":226,"misses":6,"rssi":0,"tx":{"frames":96,"cb_ok":0,"cb_fail":0,"enqueue_err":0,"pdr_ppm":null},"rx":{"frames":43,"lost_seqgap":0,"reorder_dup":0,"dropped_bad":0,"hb_lost":0,"bcast_frames":0,"pdr_ppm":1000000},"rtt":{"samples":2,"min_us":53023,"max_us":70004,"timeouts":84,"txq_last_us":0,"txq_max_us":0,"remote_turnaround_us":13,"remote_turnaround_max_us":13,"p50_us":[42000,60000],"p99_us":[60000,85000],"hist":[0,0,0,0,0,0,0,0,0,0,0,1,1,0,0,0]}}
1791638317.417 {"t":"auth","node":25344,"up_ms":265555,"enrolled":1,"required":1,"verified_peers":2,"verified":2,"cache_hits":262,"refused":0,"rate_limited":0,"stale_epoch":0,"verify_us_max":83580,"link_stack_free_b":820,"crypto_stack_free_b":1268,"tags_ok":1765,"bad_tag":0,"replayed":0,"untagged":0,"bcast_dropped":0,"beacon_epoch_ignored":0,"tag_us_max":998}
1791638317.417 {"t":"act","node":25344,"setpoint":0,"has_value":0,"writes_served":0}
1791638317.840 {"t":"peers","node":25344,"own_period_ms":100,"own_busy":0,"channel":1,"scanning":0,"scans":0,"hops":0,"found":0,"lost_to_found_ms":0,"moves_followed":0,"moves_refused":0,"sweeps":0,"sweep_found":0,"sweeping":0,"search_visits":0,"relay":0,"fwd_u":0,"fwd_b":0,"fwd_h":0,"relay_dup":2741,"list":[{"id":29544,"state":"alive","via_relay":0,"period_ms":100,"misses":6,"busy":1,"rtt_n":89},{"id":33120,"state":"alive","via_relay":0,"period_ms":100,"misses":6,"busy":0,"rtt_n":88},{"id":254,"state":"dead","via_relay":0,"period_ms":100,"misses":6,"busy":0,"rtt_n":2}]}
1791638317.840 {"t":"ss","node":25344,"accepted":0,"unsigned":0,"unknown_sender":0,"bad_signature":0,"replayed":0,"rate_limited":0,"verify_us_max":0,"floors":[]}
1791638317.840 {"t":"rec","node":25344,"up_ms":265650,"settled":1,"sent":1060,"received":1056,"malformed":0,"views":3,"replies_fenced":0,"actors":[{"key":1245650351,"running":1,"term":11,"owner":25344,"owner_term":11,"assigned":25344,"starts":1,"fenced":0,"released":0}]}
1791638317.840 {"t":"node","up_ms":265677,"node":25344,"epoch":245,"peers_alive":2,"peers_dead":1,"no_radio":0,"free_dram":250307,"largest_block":172032,"rx":{"total":12907,"bad_frame":0,"unknown_peer":79,"wrong_dst":0,"short_payload":0,"unknown_opcode":0,"queue_dropped":51},"tx":{"total":4626,"enqueue_err":0,"done_queue_dropped":0},"membership":{"deaths":1,"revivals":0,"reboots_seen":0,"table_full":0,"events_dropped":0}}
1791638317.840 {"t":"ns","node":25344,"hash":2410274060,"owner":25344,"kind":"sampled","unit":100,"class":4,"bound_ms":0,"quality":"GOOD","age_ms":435,"ts":265281,"updates":25,"value":245}
1791638317.840 {"t":"ns","node":25344,"hash":1274253983,"owner":25344,"kind":"sampled","unit":0,"class":4,"bound_ms":5000,"quality":"GOOD","age_ms":449,"ts":265281,"updates":25,"value":-28}
1791638317.840 {"t":"ns","node":25344,"hash":3354298913,"owner":25344,"kind":"sampled","unit":100,"class":4,"bound_ms":5000,"quality":"GOOD","age_ms":463,"ts":265281,"updates":25,"value":2}
1791638317.840 {"t":"ns","node":25344,"hash":1771187623,"owner":25344,"kind":"sampled","unit":101,"class":4,"bound_ms":30000,"quality":"GOOD","age_ms":479,"ts":265280,"updates":25,"value":250307}
1791638317.840 {"t":"ns","node":25344,"hash":1245650351,"owner":25344,"kind":"sampled","unit":0,"class":3,"bound_ms":500,"quality":"GOOD","age_ms":8,"ts":265765,"updates":2580,"value":1660946964}
1791638317.840 {"t":"ns","node":25344,"hash":2033492666,"owner":25344,"kind":"sampled","unit":0,"class":3,"bound_ms":0,"quality":"NO_DATA","age_ms":0,"ts":0,"updates":0,"value":null}
1791638317.840 {"t":"ns","node":25344,"hash":4103947588,"owner":25344,"kind":"sampled","unit":80,"class":4,"bound_ms":30000,"quality":"GOOD","age_ms":520,"ts":265281,"updates":25,"value":265}
1791638317.840 {"t":"ns","node":25344,"hash":1662441583,"owner":25344,"kind":"sampled","unit":101,"class":4,"bound_ms":30000,"quality":"GOOD","age_ms":535,"ts":265281,"updates":25,"value":172032}
1791638327.979 {"t":"clk","node":25344,"up_ms":275842}
1791638327.979 {"t":"led","node":25344,"shows":"red","app":0}
1791638327.979 {"t":"event","at_ms":266607,"node":25344,"kind":"peer_admitted","peer":33120,"slot":1,"a":0,"b":0}
1791638327.979 {"t":"event","at_ms":267278,"node":25344,"kind":"peer_admitted","peer":29544,"slot":0,"a":0,"b":0}
1791638327.979 {"t":"event","at_ms":267801,"node":25344,"kind":"probe_timeout","peer":254,"slot":2,"a":94,"b":0}
1791638327.979 {"t":"event","at_ms":268607,"node":25344,"kind":"peer_admitted","peer":33120,"slot":1,"a":0,"b":0}
1791638327.979 {"t":"event","at_ms":269278,"node":25344,"kind":"peer_admitted","peer":29544,"slot":0,"a":0,"b":0}
1791638327.979 {"t":"event","at_ms":270607,"node":25344,"kind":"peer_admitted","peer":33120,"slot":1,"a":0,"b":0}
1791638327.979 {"t":"event","at_ms":270801,"node":25344,"kind":"probe_timeout","peer":254,"slot":2,"a":95,"b":0}
1791638327.979 {"t":"event","at_ms":271278,"node":25344,"kind":"peer_admitted","peer":29544,"slot":0,"a":0,"b":0}
1791638327.979 {"t":"event","at_ms":272607,"node":25344,"kind":"peer_admitted","peer":33120,"slot":1,"a":0,"b":0}
1791638327.979 {"t":"event","at_ms":273280,"node":25344,"kind":"peer_admitted","peer":29544,"slot":0,"a":0,"b":0}
1791638327.979 {"t":"event","at_ms":273801,"node":25344,"kind":"probe_timeout","peer":254,"slot":2,"a":96,"b":0}
1791638327.979 {"t":"event","at_ms":274607,"node":25344,"kind":"peer_admitted","peer":33120,"slot":1,"a":0,"b":0}
1791638327.979 {"t":"event","at_ms":275278,"node":25344,"kind":"peer_admitted","peer":29544,"slot":0,"a":0,"b":0}
1791638327.979 {"t":"link","up_ms":275954,"node":25344,"peer":29544,"mac":"b8:1f:3f:da:73:68","state":"alive","epoch":172,"espnow_ver":2,"mtu":1446,"misses":0,"rssi":-28,"tx":{"frames":912,"cb_ok":912,"cb_fail":0,"enqueue_err":0,"pdr_ppm":1000000},"rx":{"frames":3785,"lost_seqgap":0,"reorder_dup":0,"dropped_bad":0,"hb_lost":11,"bcast_frames":2731,"pdr_ppm":1000000},"rtt":{"samples":92,"min_us":5338,"max_us":17249,"timeouts":0,"txq_last_us":3667,"txq_max_us":3667,"remote_turnaround_us":671,"remote_turnaround_max_us":1220,"p50_us":[4000,6000],"p99_us":[16000,22000],"hist":[0,0,0,0,73,13,5,0,1,0,0,0,0,0,0,0]}}
1791638327.979 {"t":"link","up_ms":276008,"node":25344,"peer":33120,"mac":"b8:1f:3f:da:81:60","state":"alive","epoch":294,"espnow_ver":2,"mtu":1446,"misses":0,"rssi":-20,"tx":{"frames":915,"cb_ok":914,"cb_fail":0,"enqueue_err":0,"pdr_ppm":1000000},"rx":{"frames":3790,"lost_seqgap":2,"reorder_dup":0,"dropped_bad":0,"hb_lost":4,"bcast_frames":2736,"pdr_ppm":999472},"rtt":{"samples":92,"min_us":5818,"max_us":34674,"timeouts":0,"txq_last_us":18096,"txq_max_us":20703,"remote_turnaround_us":1043,"remote_turnaround_max_us":1211,"p50_us":[4000,6000],"p99_us":[30000,42000],"hist":[0,0,0,0,54,32,3,0,1,0,2,0,0,0,0,0]}}
1791638327.979 {"t":"link","up_ms":276062,"node":25344,"peer":254,"mac":"02:00:00:00:00:fe","state":"dead","epoch":0,"espnow_ver":0,"mtu":226,"misses":6,"rssi":0,"tx":{"frames":100,"cb_ok":0,"cb_fail":0,"enqueue_err":0,"pdr_ppm":null},"rx":{"frames":43,"lost_seqgap":0,"reorder_dup":0,"dropped_bad":0,"hb_lost":0,"bcast_frames":0,"pdr_ppm":1000000},"rtt":{"samples":2,"min_us":53023,"max_us":70004,"timeouts":87,"txq_last_us":0,"txq_max_us":0,"remote_turnaround_us":13,"remote_turnaround_max_us":13,"p50_us":[42000,60000],"p99_us":[60000,85000],"hist":[0,0,0,0,0,0,0,0,0,0,0,1,1,0,0,0]}}
1791638327.979 {"t":"auth","node":25344,"up_ms":276116,"enrolled":1,"required":1,"verified_peers":2,"verified":2,"cache_hits":272,"refused":0,"rate_limited":0,"stale_epoch":0,"verify_us_max":83580,"link_stack_free_b":820,"crypto_stack_free_b":1268,"tags_ok":1836,"bad_tag":0,"replayed":0,"untagged":0,"bcast_dropped":0,"beacon_epoch_ignored":0,"tag_us_max":998}
1791638327.979 {"t":"act","node":25344,"setpoint":0,"has_value":0,"writes_served":0}
1791638328.388 {"t":"peers","node":25344,"own_period_ms":100,"own_busy":0,"channel":1,"scanning":0,"scans":0,"hops":0,"found":0,"lost_to_found_ms":0,"moves_followed":0,"moves_refused":0,"sweeps":0,"sweep_found":0,"sweeping":0,"search_visits":0,"relay":0,"fwd_u":0,"fwd_b":0,"fwd_h":0,"relay_dup":2851,"list":[{"id":29544,"state":"alive","via_relay":0,"period_ms":100,"misses":6,"busy":1,"rtt_n":92},{"id":33120,"state":"alive","via_relay":0,"period_ms":100,"misses":6,"busy":0,"rtt_n":92},{"id":254,"state":"dead","via_relay":0,"period_ms":100,"misses":6,"busy":0,"rtt_n":2}]}
1791638328.388 {"t":"ss","node":25344,"accepted":0,"unsigned":0,"unknown_sender":0,"bad_signature":0,"replayed":0,"rate_limited":0,"verify_us_max":0,"floors":[]}
1791638328.388 {"t":"rec","node":25344,"up_ms":276212,"settled":1,"sent":1102,"received":1098,"malformed":0,"views":3,"replies_fenced":0,"actors":[{"key":1245650351,"running":1,"term":11,"owner":25344,"owner_term":11,"assigned":25344,"starts":1,"fenced":0,"released":0}]}
1791638328.388 {"t":"node","up_ms":276227,"node":25344,"epoch":245,"peers_alive":2,"peers_dead":1,"no_radio":0,"free_dram":250307,"largest_block":172032,"rx":{"total":13419,"bad_frame":0,"unknown_peer":79,"wrong_dst":0,"short_payload":0,"unknown_opcode":0,"queue_dropped":51},"tx":{"total":4811,"enqueue_err":0,"done_queue_dropped":0},"membership":{"deaths":1,"revivals":0,"reboots_seen":0,"table_full":0,"events_dropped":0}}
1791638328.388 {"t":"ns","node":25344,"hash":2410274060,"owner":25344,"kind":"sampled","unit":100,"class":4,"bound_ms":0,"quality":"GOOD","age_ms":424,"ts":275844,"updates":26,"value":245}
1791638328.388 {"t":"ns","node":25344,"hash":1274253983,"owner":25344,"kind":"sampled","unit":0,"class":4,"bound_ms":5000,"quality":"GOOD","age_ms":438,"ts":275844,"updates":26,"value":-28}
1791638328.388 {"t":"ns","node":25344,"hash":3354298913,"owner":25344,"kind":"sampled","unit":100,"class":4,"bound_ms":5000,"quality":"GOOD","age_ms":452,"ts":275844,"updates":26,"value":2}
1791638328.388 {"t":"ns","node":25344,"hash":1771187623,"owner":25344,"kind":"sampled","unit":101,"class":4,"bound_ms":30000,"quality":"GOOD","age_ms":466,"ts":275843,"updates":26,"value":250307}
1791638328.388 {"t":"ns","node":25344,"hash":1245650351,"owner":25344,"kind":"sampled","unit":0,"class":3,"bound_ms":500,"quality":"GOOD","age_ms":58,"ts":276265,"updates":2685,"value":1660947069}
1791638328.388 {"t":"ns","node":25344,"hash":2033492666,"owner":25344,"kind":"sampled","unit":0,"class":3,"bound_ms":0,"quality":"NO_DATA","age_ms":0,"ts":0,"updates":0,"value":null}
1791638328.388 {"t":"ns","node":25344,"hash":4103947588,"owner":25344,"kind":"sampled","unit":80,"class":4,"bound_ms":30000,"quality":"GOOD","age_ms":519,"ts":275844,"updates":26,"value":275}
1791638328.388 {"t":"ns","node":25344,"hash":1662441583,"owner":25344,"kind":"sampled","unit":101,"class":4,"bound_ms":30000,"quality":"GOOD","age_ms":533,"ts":275844,"updates":26,"value":172032}
1791638338.529 {"t":"clk","node":25344,"up_ms":286392}
1791638338.529 {"t":"led","node":25344,"shows":"red","app":0}
1791638338.529 {"t":"event","at_ms":276607,"node":25344,"kind":"peer_admitted","peer":33120,"slot":1,"a":0,"b":0}
1791638338.529 {"t":"event","at_ms":276801,"node":25344,"kind":"probe_timeout","peer":254,"slot":2,"a":97,"b":0}
1791638338.529 {"t":"event","at_ms":277278,"node":25344,"kind":"peer_admitted","peer":29544,"slot":0,"a":0,"b":0}
1791638338.529 {"t":"event","at_ms":278607,"node":25344,"kind":"peer_admitted","peer":33120,"slot":1,"a":0,"b":0}
1791638338.529 {"t":"event","at_ms":279278,"node":25344,"kind":"peer_admitted","peer":29544,"slot":0,"a":0,"b":0}
1791638338.529 {"t":"event","at_ms":279801,"node":25344,"kind":"probe_timeout","peer":254,"slot":2,"a":98,"b":0}
1791638338.529 {"t":"event","at_ms":280607,"node":25344,"kind":"peer_admitted","peer":33120,"slot":1,"a":0,"b":0}
1791638338.529 {"t":"event","at_ms":281279,"node":25344,"kind":"peer_admitted","peer":29544,"slot":0,"a":0,"b":0}
1791638338.529 {"t":"event","at_ms":282607,"node":25344,"kind":"peer_admitted","peer":33120,"slot":1,"a":0,"b":0}
1791638338.529 {"t":"event","at_ms":282801,"node":25344,"kind":"probe_timeout","peer":254,"slot":2,"a":99,"b":0}
1791638338.529 {"t":"event","at_ms":283278,"node":25344,"kind":"peer_admitted","peer":29544,"slot":0,"a":0,"b":0}
1791638338.529 {"t":"event","at_ms":284607,"node":25344,"kind":"peer_admitted","peer":33120,"slot":1,"a":0,"b":0}
1791638338.529 {"t":"event","at_ms":285278,"node":25344,"kind":"peer_admitted","peer":29544,"slot":0,"a":0,"b":0}
1791638338.529 {"t":"event","at_ms":285801,"node":25344,"kind":"probe_timeout","peer":254,"slot":2,"a":100,"b":0}
1791638338.529 {"t":"link","up_ms":286517,"node":25344,"peer":29544,"mac":"b8:1f:3f:da:73:68","state":"alive","epoch":172,"espnow_ver":2,"mtu":1446,"misses":0,"rssi":-28,"tx":{"frames":948,"cb_ok":948,"cb_fail":0,"enqueue_err":0,"pdr_ppm":1000000},"rx":{"frames":3932,"lost_seqgap":0,"reorder_dup":0,"dropped_bad":0,"hb_lost":11,"bcast_frames":2836,"pdr_ppm":1000000},"rtt":{"samples":96,"min_us":5338,"max_us":17249,"timeouts":0,"txq_last_us":3667,"txq_max_us":3667,"remote_turnaround_us":663,"remote_turnaround_max_us":1220,"p50_us":[4000,6000],"p99_us":[16000,22000],"hist":[0,0,0,0,76,13,5,1,1,0,0,0,0,0,0,0]}}
1791638338.529 {"t":"link","up_ms":286571,"node":25344,"peer":33120,"mac":"b8:1f:3f:da:81:60","state":"alive","epoch":294,"espnow_ver":2,"mtu":1446,"misses":0,"rssi":-21,"tx":{"frames":949,"cb_ok":949,"cb_fail":0,"enqueue_err":0,"pdr_ppm":1000000},"rx":{"frames":3936,"lost_seqgap":2,"reorder_dup":0,"dropped_bad":0,"hb_lost":4,"bcast_frames":2842,"pdr_ppm":999492},"rtt":{"samples":95,"min_us":5818,"max_us":34674,"timeouts":0,"txq_last_us":18096,"txq_max_us":20703,"remote_turnaround_us":1024,"remote_turnaround_max_us":1211,"p50_us":[4000,6000],"p99_us":[30000,42000],"hist":[0,0,0,0,55,34,3,0,1,0,2,0,0,0,0,0]}}
1791638338.529 {"t":"link","up_ms":286625,"node":25344,"peer":254,"mac":"02:00:00:00:00:fe","state":"dead","epoch":0,"espnow_ver":0,"mtu":226,"misses":6,"rssi":0,"tx":{"frames":103,"cb_ok":0,"cb_fail":0,"enqueue_err":0,"pdr_ppm":null},"rx":{"frames":43,"lost_seqgap":0,"reorder_dup":0,"dropped_bad":0,"hb_lost":0,"bcast_frames":0,"pdr_ppm":1000000},"rtt":{"samples":2,"min_us":53023,"max_us":70004,"timeouts":91,"txq_last_us":0,"txq_max_us":0,"remote_turnaround_us":13,"remote_turnaround_max_us":13,"p50_us":[42000,60000],"p99_us":[60000,85000],"hist":[0,0,0,0,0,0,0,0,0,0,0,1,1,0,0,0]}}
1791638338.529 {"t":"auth","node":25344,"up_ms":286668,"enrolled":1,"required":1,"verified_peers":2,"verified":2,"cache_hits":283,"refused":0,"rate_limited":0,"stale_epoch":0,"verify_us_max":83580,"link_stack_free_b":820,"crypto_stack_free_b":1268,"tags_ok":1907,"bad_tag":0,"replayed":0,"untagged":0,"bcast_dropped":0,"beacon_epoch_ignored":0,"tag_us_max":998}
1791638338.529 {"t":"act","node":25344,"setpoint":0,"has_value":0,"writes_served":0}
1791638338.946 {"t":"peers","node":25344,"own_period_ms":100,"own_busy":0,"channel":1,"scanning":0,"scans":0,"hops":0,"found":0,"lost_to_found_ms":0,"moves_followed":0,"moves_refused":0,"sweeps":0,"sweep_found":0,"sweeping":0,"search_visits":0,"relay":0,"fwd_u":0,"fwd_b":0,"fwd_h":0,"relay_dup":2962,"list":[{"id":29544,"state":"alive","via_relay":0,"period_ms":100,"misses":6,"busy":1,"rtt_n":96},{"id":33120,"state":"alive","via_relay":0,"period_ms":100,"misses":6,"busy":0,"rtt_n":95},{"id":254,"state":"dead","via_relay":0,"period_ms":100,"misses":6,"busy":0,"rtt_n":2}]}
1791638338.946 {"t":"ss","node":25344,"accepted":0,"unsigned":0,"unknown_sender":0,"bad_signature":0,"replayed":0,"rate_limited":0,"verify_us_max":0,"floors":[]}
1791638338.946 {"t":"rec","node":25344,"up_ms":286765,"settled":1,"sent":1145,"received":1140,"malformed":0,"views":3,"replies_fenced":0,"actors":[{"key":1245650351,"running":1,"term":11,"owner":25344,"owner_term":11,"assigned":25344,"starts":1,"fenced":0,"released":0}]}
1791638338.946 {"t":"node","up_ms":286792,"node":25344,"epoch":245,"peers_alive":2,"peers_dead":1,"no_radio":0,"free_dram":250307,"largest_block":172032,"rx":{"total":13935,"bad_frame":0,"unknown_peer":79,"wrong_dst":0,"short_payload":0,"unknown_opcode":0,"queue_dropped":51},"tx":{"total":4997,"enqueue_err":0,"done_queue_dropped":0},"membership":{"deaths":1,"revivals":0,"reboots_seen":0,"table_full":0,"events_dropped":0}}
1791638338.946 {"t":"ns","node":25344,"hash":2410274060,"owner":25344,"kind":"sampled","unit":100,"class":4,"bound_ms":0,"quality":"GOOD","age_ms":439,"ts":286393,"updates":27,"value":245}
1791638338.946 {"t":"ns","node":25344,"hash":1274253983,"owner":25344,"kind":"sampled","unit":0,"class":4,"bound_ms":5000,"quality":"GOOD","age_ms":452,"ts":286394,"updates":27,"value":-28}
1791638338.946 {"t":"ns","node":25344,"hash":3354298913,"owner":25344,"kind":"sampled","unit":100,"class":4,"bound_ms":5000,"quality":"GOOD","age_ms":467,"ts":286393,"updates":27,"value":2}
1791638338.946 {"t":"ns","node":25344,"hash":1771187623,"owner":25344,"kind":"sampled","unit":101,"class":4,"bound_ms":30000,"quality":"GOOD","age_ms":481,"ts":286393,"updates":27,"value":250307}
1791638338.946 {"t":"ns","node":25344,"hash":1245650351,"owner":25344,"kind":"sampled","unit":0,"class":3,"bound_ms":500,"quality":"GOOD","age_ms":23,"ts":286865,"updates":2791,"value":1660947175}
1791638338.946 {"t":"ns","node":25344,"hash":2033492666,"owner":25344,"kind":"sampled","unit":0,"class":3,"bound_ms":0,"quality":"NO_DATA","age_ms":0,"ts":0,"updates":0,"value":null}
1791638338.946 {"t":"ns","node":25344,"hash":4103947588,"owner":25344,"kind":"sampled","unit":80,"class":4,"bound_ms":30000,"quality":"GOOD","age_ms":523,"ts":286393,"updates":27,"value":286}
1791638338.946 {"t":"ns","node":25344,"hash":1662441583,"owner":25344,"kind":"sampled","unit":101,"class":4,"bound_ms":30000,"quality":"GOOD","age_ms":537,"ts":286393,"updates":27,"value":172032}
1791638349.096 {"t":"clk","node":25344,"up_ms":296956}
1791638349.096 {"t":"led","node":25344,"shows":"red","app":0}
1791638349.096 {"t":"event","at_ms":286607,"node":25344,"kind":"peer_admitted","peer":33120,"slot":1,"a":0,"b":0}
1791638349.096 {"t":"event","at_ms":287278,"node":25344,"kind":"peer_admitted","peer":29544,"slot":0,"a":0,"b":0}
1791638349.096 {"t":"event","at_ms":288607,"node":25344,"kind":"peer_admitted","peer":33120,"slot":1,"a":0,"b":0}
1791638349.096 {"t":"event","at_ms":288801,"node":25344,"kind":"probe_timeout","peer":254,"slot":2,"a":101,"b":0}
1791638349.096 {"t":"event","at_ms":289278,"node":25344,"kind":"peer_admitted","peer":29544,"slot":0,"a":0,"b":0}
1791638349.096 {"t":"event","at_ms":290607,"node":25344,"kind":"peer_admitted","peer":33120,"slot":1,"a":0,"b":0}
1791638349.096 {"t":"event","at_ms":291278,"node":25344,"kind":"peer_admitted","peer":29544,"slot":0,"a":0,"b":0}
1791638349.096 {"t":"event","at_ms":291801,"node":25344,"kind":"probe_timeout","peer":254,"slot":2,"a":102,"b":0}
1791638349.096 {"t":"event","at_ms":292607,"node":25344,"kind":"peer_admitted","peer":33120,"slot":1,"a":0,"b":0}
1791638349.096 {"t":"event","at_ms":293278,"node":25344,"kind":"peer_admitted","peer":29544,"slot":0,"a":0,"b":0}
1791638349.096 {"t":"event","at_ms":294607,"node":25344,"kind":"peer_admitted","peer":33120,"slot":1,"a":0,"b":0}
1791638349.096 {"t":"event","at_ms":294801,"node":25344,"kind":"probe_timeout","peer":254,"slot":2,"a":103,"b":0}
1791638349.096 {"t":"event","at_ms":295278,"node":25344,"kind":"peer_admitted","peer":29544,"slot":0,"a":0,"b":0}
1791638349.096 {"t":"event","at_ms":296607,"node":25344,"kind":"peer_admitted","peer":33120,"slot":1,"a":0,"b":0}
1791638349.096 {"t":"link","up_ms":297083,"node":25344,"peer":29544,"mac":"b8:1f:3f:da:73:68","state":"alive","epoch":172,"espnow_ver":2,"mtu":1446,"misses":0,"rssi":-28,"tx":{"frames":982,"cb_ok":982,"cb_fail":0,"enqueue_err":0,"pdr_ppm":1000000},"rx":{"frames":4077,"lost_seqgap":0,"reorder_dup":0,"dropped_bad":0,"hb_lost":11,"bcast_frames":2942,"pdr_ppm":1000000},"rtt":{"samples":99,"min_us":5334,"max_us":17249,"timeouts":0,"txq_last_us":3667,"txq_max_us":3667,"remote_turnaround_us":662,"remote_turnaround_max_us":1220,"p50_us":[4000,6000],"p99_us":[16000,22000],"hist":[0,0,0,0,79,13,5,1,1,0,0,0,0,0,0,0]}}
1791638349.096 {"t":"link","up_ms":297137,"node":25344,"peer":33120,"mac":"b8:1f:3f:da:81:60","state":"alive","epoch":294,"espnow_ver":2,"mtu":1446,"misses":0,"rssi":-20,"tx":{"frames":986,"cb_ok":986,"cb_fail":0,"enqueue_err":0,"pdr_ppm":1000000},"rx":{"frames":4083,"lost_seqgap":2,"reorder_dup":0,"dropped_bad":0,"hb_lost":4,"bcast_frames":2947,"pdr_ppm":999510},"rtt":{"samples":99,"min_us":5818,"max_us":34674,"timeouts":0,"txq_last_us":18096,"txq_max_us":20703,"remote_turnaround_us":1032,"remote_turnaround_max_us":1211,"p50_us":[4000,6000],"p99_us":[30000,42000],"hist":[0,0,0,0,56,36,4,0,1,0,2,0,0,0,0,0]}}
1791638349.096 {"t":"link","up_ms":297180,"node":25344,"peer":254,"mac":"02:00:00:00:00:fe","state":"dead","epoch":0,"espnow_ver":0,"mtu":226,"misses":6,"rssi":0,"tx":{"frames":107,"cb_ok":0,"cb_fail":0,"enqueue_err":0,"pdr_ppm":null},"rx":{"frames":43,"lost_seqgap":0,"reorder_dup":0,"dropped_bad":0,"hb_lost":0,"bcast_frames":0,"pdr_ppm":1000000},"rtt":{"samples":2,"min_us":53023,"max_us":70004,"timeouts":94,"txq_last_us":0,"txq_max_us":0,"remote_turnaround_us":13,"remote_turnaround_max_us":13,"p50_us":[42000,60000],"p99_us":[60000,85000],"hist":[0,0,0,0,0,0,0,0,0,0,0,1,1,0,0,0]}}
1791638349.096 {"t":"auth","node":25344,"up_ms":297234,"enrolled":1,"required":1,"verified_peers":2,"verified":2,"cache_hits":293,"refused":0,"rate_limited":0,"stale_epoch":0,"verify_us_max":83580,"link_stack_free_b":820,"crypto_stack_free_b":1268,"tags_ok":1976,"bad_tag":0,"replayed":0,"untagged":0,"bcast_dropped":0,"beacon_epoch_ignored":0,"tag_us_max":998}
1791638349.096 {"t":"act","node":25344,"setpoint":0,"has_value":0,"writes_served":0}
1791638349.503 {"t":"peers","node":25344,"own_period_ms":100,"own_busy":0,"channel":1,"scanning":0,"scans":0,"hops":0,"found":0,"lost_to_found_ms":0,"moves_followed":0,"moves_refused":0,"sweeps":0,"sweep_found":0,"sweeping":0,"search_visits":0,"relay":0,"fwd_u":0,"fwd_b":0,"fwd_h":0,"relay_dup":3073,"list":[{"id":29544,"state":"alive","via_relay":0,"period_ms":100,"misses":6,"busy":1,"rtt_n":99},{"id":33120,"state":"alive","via_relay":0,"period_ms":100,"misses":6,"busy":0,"rtt_n":99},{"id":254,"state":"dead","via_relay":0,"period_ms":100,"misses":6,"busy":0,"rtt_n":2}]}
1791638349.503 {"t":"ss","node":25344,"accepted":0,"unsigned":0,"unknown_sender":0,"bad_signature":0,"replayed":0,"rate_limited":0,"verify_us_max":0,"floors":[]}
1791638349.503 {"t":"rec","node":25344,"up_ms":297330,"settled":1,"sent":1187,"received":1182,"malformed":0,"views":3,"replies_fenced":0,"actors":[{"key":1245650351,"running":1,"term":11,"owner":25344,"owner_term":11,"assigned":25344,"starts":1,"fenced":0,"released":0}]}
1791638349.503 {"t":"node","up_ms":297356,"node":25344,"epoch":245,"peers_alive":2,"peers_dead":1,"no_radio":0,"free_dram":250307,"largest_block":172032,"rx":{"total":14448,"bad_frame":0,"unknown_peer":79,"wrong_dst":0,"short_payload":0,"unknown_opcode":0,"queue_dropped":51},"tx":{"total":5181,"enqueue_err":0,"done_queue_dropped":0},"membership":{"deaths":1,"revivals":0,"reboots_seen":0,"table_full":0,"events_dropped":0}}
1791638349.503 {"t":"ns","node":25344,"hash":2410274060,"owner":25344,"kind":"sampled","unit":100,"class":4,"bound_ms":0,"quality":"GOOD","age_ms":428,"ts":296957,"updates":28,"value":245}
1791638349.503 {"t":"ns","node":25344,"hash":1274253983,"owner":25344,"kind":"sampled","unit":0,"class":4,"bound_ms":5000,"quality":"GOOD","age_ms":452,"ts":296958,"updates":28,"value":-28}
1791638349.503 {"t":"ns","node":25344,"hash":3354298913,"owner":25344,"kind":"sampled","unit":100,"class":4,"bound_ms":5000,"quality":"GOOD","age_ms":467,"ts":296957,"updates":28,"value":2}
1791638349.503 {"t":"ns","node":25344,"hash":1771187623,"owner":25344,"kind":"sampled","unit":101,"class":4,"bound_ms":30000,"quality":"GOOD","age_ms":481,"ts":296957,"updates":28,"value":250307}
1791638349.503 {"t":"ns","node":25344,"hash":1245650351,"owner":25344,"kind":"sampled","unit":0,"class":3,"bound_ms":500,"quality":"GOOD","age_ms":87,"ts":297365,"updates":2896,"value":1660947280}
1791638349.503 {"t":"ns","node":25344,"hash":2033492666,"owner":25344,"kind":"sampled","unit":0,"class":3,"bound_ms":0,"quality":"NO_DATA","age_ms":0,"ts":0,"updates":0,"value":null}
1791638349.503 {"t":"ns","node":25344,"hash":4103947588,"owner":25344,"kind":"sampled","unit":80,"class":4,"bound_ms":30000,"quality":"GOOD","age_ms":524,"ts":296957,"updates":28,"value":296}
1791638349.503 {"t":"ns","node":25344,"hash":1662441583,"owner":25344,"kind":"sampled","unit":101,"class":4,"bound_ms":30000,"quality":"GOOD","age_ms":538,"ts":296957,"updates":28,"value":172032}
1791638359.646 {"t":"clk","node":25344,"up_ms":307510}
1791638359.646 {"t":"led","node":25344,"shows":"red","app":0}
1791638359.646 {"t":"event","at_ms":297278,"node":25344,"kind":"peer_admitted","peer":29544,"slot":0,"a":0,"b":0}
1791638359.646 {"t":"event","at_ms":297801,"node":25344,"kind":"probe_timeout","peer":254,"slot":2,"a":104,"b":0}
1791638359.646 {"t":"event","at_ms":298607,"node":25344,"kind":"peer_admitted","peer":33120,"slot":1,"a":0,"b":0}
1791638359.646 {"t":"event","at_ms":299278,"node":25344,"kind":"peer_admitted","peer":29544,"slot":0,"a":0,"b":0}
1791638359.646 {"t":"event","at_ms":300607,"node":25344,"kind":"peer_admitted","peer":33120,"slot":1,"a":0,"b":0}
1791638359.646 {"t":"event","at_ms":300801,"node":25344,"kind":"probe_timeout","peer":254,"slot":2,"a":105,"b":0}
1791638359.646 {"t":"event","at_ms":301278,"node":25344,"kind":"peer_admitted","peer":29544,"slot":0,"a":0,"b":0}
1791638359.646 {"t":"event","at_ms":302607,"node":25344,"kind":"peer_admitted","peer":33120,"slot":1,"a":0,"b":0}
1791638359.646 {"t":"event","at_ms":303278,"node":25344,"kind":"peer_admitted","peer":29544,"slot":0,"a":0,"b":0}
1791638359.646 {"t":"event","at_ms":303801,"node":25344,"kind":"probe_timeout","peer":254,"slot":2,"a":106,"b":0}
1791638359.646 {"t":"event","at_ms":304607,"node":25344,"kind":"peer_admitted","peer":33120,"slot":1,"a":0,"b":0}
1791638359.646 {"t":"event","at_ms":305278,"node":25344,"kind":"peer_admitted","peer":29544,"slot":0,"a":0,"b":0}
1791638359.646 {"t":"event","at_ms":306607,"node":25344,"kind":"peer_admitted","peer":33120,"slot":1,"a":0,"b":0}
1791638359.646 {"t":"event","at_ms":306801,"node":25344,"kind":"probe_timeout","peer":254,"slot":2,"a":107,"b":0}
1791638359.646 {"t":"event","at_ms":307281,"node":25344,"kind":"peer_admitted","peer":29544,"slot":0,"a":0,"b":0}
1791638359.646 {"t":"link","up_ms":307637,"node":25344,"peer":29544,"mac":"b8:1f:3f:da:73:68","state":"alive","epoch":172,"espnow_ver":2,"mtu":1446,"misses":0,"rssi":-28,"tx":{"frames":1018,"cb_ok":1018,"cb_fail":0,"enqueue_err":0,"pdr_ppm":1000000},"rx":{"frames":4223,"lost_seqgap":0,"reorder_dup":0,"dropped_bad":0,"hb_lost":11,"bcast_frames":3047,"pdr_ppm":1000000},"rtt":{"samples":103,"min_us":5334,"max_us":17249,"timeouts":0,"txq_last_us":3667,"txq_max_us":3667,"remote_turnaround_us":680,"remote_turnaround_max_us":1220,"p50_us":[4000,6000],"p99_us":[11000,16000],"hist":[0,0,0,0,82,14,5,1,1,0,0,0,0,0,0,0]}}
1791638359.646 {"t":"link","up_ms":307691,"node":25344,"peer":33120,"mac":"b8:1f:3f:da:81:60","state":"alive","epoch":294,"espnow_ver":2,"mtu":1446,"misses":0,"rssi":-20,"tx":{"frames":1020,"cb_ok":1020,"cb_fail":0,"enqueue_err":0,"pdr_ppm":1000000},"rx":{"frames":4228,"lost_seqgap":2,"reorder_dup":0,"dropped_bad":0,"hb_lost":4,"bcast_frames":3053,"pdr_ppm":999527},"rtt":{"samples":102,"min_us":5818,"max_us":34674,"timeouts":0,"txq_last_us":18096,"txq_max_us":20703,"remote_turnaround_us":1051,"remote_turnaround_max_us":1211,"p50_us":[4000,6000],"p99_us":[30000,42000],"hist":[0,0,0,0,57,38,4,0,1,0,2,0,0,0,0,0]}}
1791638359.646 {"t":"link","up_ms":307745,"node":25344,"peer":254,"mac":"02:00:00:00:00:fe","state":"dead","epoch":0,"espnow_ver":0,"mtu":226,"misses":6,"rssi":0,"tx":{"frames":110,"cb_ok":0,"cb_fail":0,"enqueue_err":0,"pdr_ppm":null},"rx":{"frames":43,"lost_seqgap":0,"reorder_dup":0,"dropped_bad":0,"hb_lost":0,"bcast_frames":0,"pdr_ppm":1000000},"rtt":{"samples":2,"min_us":53023,"max_us":70004,"timeouts":98,"txq_last_us":0,"txq_max_us":0,"remote_turnaround_us":13,"remote_turnaround_max_us":13,"p50_us":[42000,60000],"p99_us":[60000,85000],"hist":[0,0,0,0,0,0,0,0,0,0,0,1,1,0,0,0]}}
1791638359.646 {"t":"auth","node":25344,"up_ms":307798,"enrolled":1,"required":1,"verified_peers":2,"verified":2,"cache_hits":304,"refused":0,"rate_limited":0,"stale_epoch":0,"verify_us_max":83580,"link_stack_free_b":820,"crypto_stack_free_b":1268,"tags_ok":2045,"bad_tag":0,"replayed":0,"untagged":0,"bcast_dropped":0,"beacon_epoch_ignored":0,"tag_us_max":998}
1791638359.646 {"t":"act","node":25344,"setpoint":0,"has_value":0,"writes_served":0}
1791638360.073 {"t":"peers","node":25344,"own_period_ms":100,"own_busy":0,"channel":1,"scanning":0,"scans":0,"hops":0,"found":0,"lost_to_found_ms":0,"moves_followed":0,"moves_refused":0,"sweeps":0,"sweep_found":0,"sweeping":0,"search_visits":0,"relay":0,"fwd_u":0,"fwd_b":0,"fwd_h":0,"relay_dup":3183,"list":[{"id":29544,"state":"alive","via_relay":0,"period_ms":100,"misses":6,"busy":1,"rtt_n":103},{"id":33120,"state":"alive","via_relay":0,"period_ms":100,"misses":6,"busy":0,"rtt_n":103},{"id":254,"state":"dead","via_relay":0,"period_ms":100,"misses":6,"busy":0,"rtt_n":2}]}
1791638360.073 {"t":"ss","node":25344,"accepted":0,"unsigned":0,"unknown_sender":0,"bad_signature":0,"replayed":0,"rate_limited":0,"verify_us_max":0,"floors":[]}
1791638360.073 {"t":"rec","node":25344,"up_ms":307895,"settled":1,"sent":1229,"received":1224,"malformed":0,"views":3,"replies_fenced":0,"actors":[{"key":1245650351,"running":1,"term":11,"owner":25344,"owner_term":11,"assigned":25344,"starts":1,"fenced":0,"released":0}]}
1791638360.073 {"t":"node","up_ms":307921,"node":25344,"epoch":245,"peers_alive":2,"peers_dead":1,"no_radio":0,"free_dram":250307,"largest_block":172032,"rx":{"total":14962,"bad_frame":0,"unknown_peer":79,"wrong_dst":0,"short_payload":0,"unknown_opcode":0,"queue_dropped":51},"tx":{"total":5366,"enqueue_err":0,"done_queue_dropped":0},"membership":{"deaths":1,"revivals":0,"reboots_seen":0,"table_full":0,"events_dropped":0}}
1791638360.073 {"t":"ns","node":25344,"hash":2410274060,"owner":25344,"kind":"sampled","unit":100,"class":4,"bound_ms":0,"quality":"GOOD","age_ms":439,"ts":307511,"updates":29,"value":245}
1791638360.073 {"t":"ns","node":25344,"hash":1274253983,"owner":25344,"kind":"sampled","unit":0,"class":4,"bound_ms":5000,"quality":"GOOD","age_ms":452,"ts":307512,"updates":29,"value":-27}
1791638360.073 {"t":"ns","node":25344,"hash":3354298913,"owner":25344,"kind":"sampled","unit":100,"class":4,"bound_ms":5000,"quality":"GOOD","age_ms":477,"ts":307512,"updates":29,"value":2}
1791638360.073 {"t":"ns","node":25344,"hash":1771187623,"owner":25344,"kind":"sampled","unit":101,"class":4,"bound_ms":30000,"quality":"GOOD","age_ms":492,"ts":307511,"updates":29,"value":250307}
1791638360.073 {"t":"ns","node":25344,"hash":1245650351,"owner":25344,"kind":"sampled","unit":0,"class":3,"bound_ms":500,"quality":"GOOD","age_ms":53,"ts":307965,"updates":3002,"value":1660947386}
1791638360.073 {"t":"ns","node":25344,"hash":2033492666,"owner":25344,"kind":"sampled","unit":0,"class":3,"bound_ms":0,"quality":"NO_DATA","age_ms":0,"ts":0,"updates":0,"value":null}
1791638360.073 {"t":"ns","node":25344,"hash":4103947588,"owner":25344,"kind":"sampled","unit":80,"class":4,"bound_ms":30000,"quality":"GOOD","age_ms":535,"ts":307511,"updates":29,"value":307}
1791638360.073 {"t":"ns","node":25344,"hash":1662441583,"owner":25344,"kind":"sampled","unit":101,"class":4,"bound_ms":30000,"quality":"GOOD","age_ms":549,"ts":307511,"updates":29,"value":172032}
1791638370.212 {"t":"clk","node":25344,"up_ms":318075}
1791638370.212 {"t":"led","node":25344,"shows":"red","app":0}
1791638370.212 {"t":"event","at_ms":308608,"node":25344,"kind":"peer_admitted","peer":33120,"slot":1,"a":0,"b":0}
1791638370.212 {"t":"event","at_ms":309278,"node":25344,"kind":"peer_admitted","peer":29544,"slot":0,"a":0,"b":0}
1791638370.212 {"t":"event","at_ms":309801,"node":25344,"kind":"probe_timeout","peer":254,"slot":2,"a":108,"b":0}
1791638370.212 {"t":"event","at_ms":310607,"node":25344,"kind":"peer_admitted","peer":33120,"slot":1,"a":0,"b":0}
1791638370.212 {"t":"event","at_ms":311278,"node":25344,"kind":"peer_admitted","peer":29544,"slot":0,"a":0,"b":0}
1791638370.212 {"t":"event","at_ms":312609,"node":25344,"kind":"peer_admitted","peer":33120,"slot":1,"a":0,"b":0}
1791638370.212 {"t":"event","at_ms":312801,"node":25344,"kind":"probe_timeout","peer":254,"slot":2,"a":109,"b":0}
1791638370.212 {"t":"event","at_ms":313280,"node":25344,"kind":"peer_admitted","peer":29544,"slot":0,"a":0,"b":0}
1791638370.212 {"t":"event","at_ms":314607,"node":25344,"kind":"peer_admitted","peer":33120,"slot":1,"a":0,"b":0}
1791638370.212 {"t":"event","at_ms":315278,"node":25344,"kind":"peer_admitted","peer":29544,"slot":0,"a":0,"b":0}
1791638370.212 {"t":"event","at_ms":315801,"node":25344,"kind":"probe_timeout","peer":254,"slot":2,"a":110,"b":0}
1791638370.213 {"t":"event","at_ms":316608,"node":25344,"kind":"peer_admitted","peer":33120,"slot":1,"a":0,"b":0}
1791638370.213 {"t":"event","at_ms":317278,"node":25344,"kind":"peer_admitted","peer":29544,"slot":0,"a":0,"b":0}
1791638370.213 {"t":"link","up_ms":318187,"node":25344,"peer":29544,"mac":"b8:1f:3f:da:73:68","state":"alive","epoch":172,"espnow_ver":2,"mtu":1446,"misses":0,"rssi":-28,"tx":{"frames":1053,"cb_ok":1052,"cb_fail":0,"enqueue_err":0,"pdr_ppm":1000000},"rx":{"frames":4370,"lost_seqgap":0,"reorder_dup":0,"dropped_bad":0,"hb_lost":11,"bcast_frames":3153,"pdr_ppm":1000000},"rtt":{"samples":106,"min_us":5334,"max_us":17249,"timeouts":0,"txq_last_us":3667,"txq_max_us":3667,"remote_turnaround_us":677,"remote_turnaround_max_us":1220,"p50_us":[4000,6000],"p99_us":[11000,16000],"hist":[0,0,0,0,85,14,5,1,1,0,0,0,0,0,0,0]}}
1791638370.213 {"t":"link","up_ms":318241,"node":25344,"peer":33120,"mac":"b8:1f:3f:da:81:60","state":"alive","epoch":294,"espnow_ver":2,"mtu":1446,"misses":0,"rssi":-20,"tx":{"frames":1055,"cb_ok":1055,"cb_fail":0,"enqueue_err":0,"pdr_ppm":1000000},"rx":{"frames":4375,"lost_seqgap":2,"reorder_dup":0,"dropped_bad":0,"hb_lost":4,"bcast_frames":3159,"pdr_ppm":999543},"rtt":{"samples":106,"min_us":5818,"max_us":34674,"timeouts":0,"txq_last_us":3862,"txq_max_us":20703,"remote_turnaround_us":1049,"remote_turnaround_max_us":1211,"p50_us":[4000,6000],"p99_us":[30000,42000],"hist":[0,0,0,0,59,40,4,0,1,0,2,0,0,0,0,0]}}
1791638370.213 {"t":"link","up_ms":318295,"node":25344,"peer":254,"mac":"02:00:00:00:00:fe","state":"dead","epoch":0,"espnow_ver":0,"mtu":226,"misses":6,"rssi":0,"tx":{"frames":114,"cb_ok":0,"cb_fail":0,"enqueue_err":0,"pdr_ppm":null},"rx":{"frames":43,"lost_seqgap":0,"reorder_dup":0,"dropped_bad":0,"hb_lost":0,"bcast_frames":0,"pdr_ppm":1000000},"rtt":{"samples":2,"min_us":53023,"max_us":70004,"timeouts":101,"txq_last_us":0,"txq_max_us":0,"remote_turnaround_us":13,"remote_turnaround_max_us":13,"p50_us":[42000,60000],"p99_us":[60000,85000],"hist":[0,0,0,0,0,0,0,0,0,0,0,1,1,0,0,0]}}
1791638370.213 {"t":"auth","node":25344,"up_ms":318349,"enrolled":1,"required":1,"verified_peers":2,"verified":2,"cache_hits":314,"refused":0,"rate_limited":0,"stale_epoch":0,"verify_us_max":83580,"link_stack_free_b":820,"crypto_stack_free_b":1268,"tags_ok":2117,"bad_tag":0,"replayed":0,"untagged":0,"bcast_dropped":0,"beacon_epoch_ignored":0,"tag_us_max":998}
1791638370.213 {"t":"act","node":25344,"setpoint":0,"has_value":0,"writes_served":0}
1791638370.614 {"t":"peers","node":25344,"own_period_ms":100,"own_busy":0,"channel":1,"scanning":0,"scans":0,"hops":0,"found":0,"lost_to_found_ms":0,"moves_followed":0,"moves_refused":0,"sweeps":0,"sweep_found":0,"sweeping":0,"search_visits":0,"relay":0,"fwd_u":0,"fwd_b":0,"fwd_h":0,"relay_dup":3292,"list":[{"id":29544,"state":"alive","via_relay":0,"period_ms":100,"misses":6,"busy":1,"rtt_n":106},{"id":33120,"state":"alive","via_relay":0,"period_ms":100,"misses":6,"busy":0,"rtt_n":106},{"id":254,"state":"dead","via_relay":0,"period_ms":100,"misses":6,"busy":0,"rtt_n":2}]}
1791638370.614 {"t":"ss","node":25344,"accepted":0,"unsigned":0,"unknown_sender":0,"bad_signature":0,"replayed":0,"rate_limited":0,"verify_us_max":0,"floors":[]}
1791638370.614 {"t":"rec","node":25344,"up_ms":318444,"settled":1,"sent":1271,"received":1266,"malformed":0,"views":3,"replies_fenced":0,"actors":[{"key":1245650351,"running":1,"term":11,"owner":25344,"owner_term":11,"assigned":25344,"starts":1,"fenced":0,"released":0}]}
1791638370.614 {"t":"node","up_ms":318471,"node":25344,"epoch":245,"peers_alive":2,"peers_dead":1,"no_radio":0,"free_dram":250307,"largest_block":172032,"rx":{"total":15473,"bad_frame":0,"unknown_peer":79,"wrong_dst":0,"short_payload":0,"unknown_opcode":0,"queue_dropped":51},"tx":{"total":5550,"enqueue_err":0,"done_queue_dropped":0},"membership":{"deaths":1,"revivals":0,"reboots_seen":0,"table_full":0,"events_dropped":0}}
1791638370.614 {"t":"ns","node":25344,"hash":2410274060,"owner":25344,"kind":"sampled","unit":100,"class":4,"bound_ms":0,"quality":"GOOD","age_ms":425,"ts":318076,"updates":30,"value":245}
1791638370.614 {"t":"ns","node":25344,"hash":1274253983,"owner":25344,"kind":"sampled","unit":0,"class":4,"bound_ms":5000,"quality":"GOOD","age_ms":438,"ts":318077,"updates":30,"value":-28}
1791638370.614 {"t":"ns","node":25344,"hash":3354298913,"owner":25344,"kind":"sampled","unit":100,"class":4,"bound_ms":5000,"quality":"GOOD","age_ms":453,"ts":318076,"updates":30,"value":2}
1791638370.614 {"t":"ns","node":25344,"hash":1771187623,"owner":25344,"kind":"sampled","unit":101,"class":4,"bound_ms":30000,"quality":"GOOD","age_ms":467,"ts":318076,"updates":30,"value":250307}
1791638370.614 {"t":"ns","node":25344,"hash":1245650351,"owner":25344,"kind":"sampled","unit":0,"class":3,"bound_ms":500,"quality":"GOOD","age_ms":92,"ts":318465,"updates":3107,"value":1660947491}
1791638370.614 {"t":"ns","node":25344,"hash":2033492666,"owner":25344,"kind":"sampled","unit":0,"class":3,"bound_ms":0,"quality":"NO_DATA","age_ms":0,"ts":0,"updates":0,"value":null}
1791638370.614 {"t":"ns","node":25344,"hash":4103947588,"owner":25344,"kind":"sampled","unit":80,"class":4,"bound_ms":30000,"quality":"GOOD","age_ms":521,"ts":318076,"updates":30,"value":318}
1791638370.614 {"t":"ns","node":25344,"hash":1662441583,"owner":25344,"kind":"sampled","unit":101,"class":4,"bound_ms":30000,"quality":"GOOD","age_ms":535,"ts":318076,"updates":30,"value":172032}
1791638380.761 {"t":"clk","node":25344,"up_ms":328626}
1791638380.761 {"t":"led","node":25344,"shows":"red","app":0}
1791638380.761 {"t":"event","at_ms":318607,"node":25344,"kind":"peer_admitted","peer":33120,"slot":1,"a":0,"b":0}
1791638380.761 {"t":"event","at_ms":318801,"node":25344,"kind":"probe_timeout","peer":254,"slot":2,"a":111,"b":0}
1791638380.761 {"t":"event","at_ms":319278,"node":25344,"kind":"peer_admitted","peer":29544,"slot":0,"a":0,"b":0}
1791638380.761 {"t":"event","at_ms":320607,"node":25344,"kind":"peer_admitted","peer":33120,"slot":1,"a":0,"b":0}
1791638380.761 {"t":"event","at_ms":321278,"node":25344,"kind":"peer_admitted","peer":29544,"slot":0,"a":0,"b":0}
1791638380.761 {"t":"event","at_ms":321801,"node":25344,"kind":"probe_timeout","peer":254,"slot":2,"a":112,"b":0}
1791638380.761 {"t":"event","at_ms":322607,"node":25344,"kind":"peer_admitted","peer":33120,"slot":1,"a":0,"b":0}
1791638380.761 {"t":"event","at_ms":323278,"node":25344,"kind":"peer_admitted","peer":29544,"slot":0,"a":0,"b":0}
1791638380.761 {"t":"event","at_ms":324607,"node":25344,"kind":"peer_admitted","peer":33120,"slot":1,"a":0,"b":0}
1791638380.761 {"t":"event","at_ms":324801,"node":25344,"kind":"probe_timeout","peer":254,"slot":2,"a":113,"b":0}
1791638380.761 {"t":"event","at_ms":325278,"node":25344,"kind":"peer_admitted","peer":29544,"slot":0,"a":0,"b":0}
1791638380.761 {"t":"event","at_ms":326607,"node":25344,"kind":"peer_admitted","peer":33120,"slot":1,"a":0,"b":0}
1791638380.761 {"t":"event","at_ms":327278,"node":25344,"kind":"peer_admitted","peer":29544,"slot":0,"a":0,"b":0}
1791638380.761 {"t":"event","at_ms":327801,"node":25344,"kind":"probe_timeout","peer":254,"slot":2,"a":114,"b":0}
1791638380.761 {"t":"event","at_ms":328607,"node":25344,"kind":"peer_admitted","peer":33120,"slot":1,"a":0,"b":0}
1791638380.761 {"t":"link","up_ms":328753,"node":25344,"peer":29544,"mac":"b8:1f:3f:da:73:68","state":"alive","epoch":172,"espnow_ver":2,"mtu":1446,"misses":0,"rssi":-28,"tx":{"frames":1089,"cb_ok":1088,"cb_fail":0,"enqueue_err":0,"pdr_ppm":1000000},"rx":{"frames":4514,"lost_seqgap":0,"reorder_dup":0,"dropped_bad":0,"hb_lost":12,"bcast_frames":3257,"pdr_ppm":1000000},"rtt":{"samples":110,"min_us":5334,"max_us":17274,"timeouts":0,"txq_last_us":3667,"txq_max_us":3667,"remote_turnaround_us":685,"remote_turnaround_max_us":1220,"p50_us":[4000,6000],"p99_us":[16000,22000],"hist":[0,0,0,0,87,15,5,1,2,0,0,0,0,0,0,0]}}
1791638380.761 {"t":"link","up_ms":328807,"node":25344,"peer":33120,"mac":"b8:1f:3f:da:81:60","state":"alive","epoch":294,"espnow_ver":2,"mtu":1446,"misses":0,"rssi":-20,"tx":{"frames":1092,"cb_ok":1091,"cb_fail":0,"enqueue_err":0,"pdr_ppm":1000000},"rx":{"frames":4521,"lost_seqgap":2,"reorder_dup":0,"dropped_bad":0,"hb_lost":4,"bcast_frames":3264,"pdr_ppm":999557},"rtt":{"samples":109,"min_us":5818,"max_us":34674,"timeouts":0,"txq_last_us":3862,"txq_max_us":20703,"remote_turnaround_us":1052,"remote_turnaround_max_us":1211,"p50_us":[4000,6000],"p99_us":[30000,42000],"hist":[0,0,0,0,60,41,4,1,1,0,2,0,0,0,0,0]}}
1791638380.761 {"t":"link","up_ms":328861,"node":25344,"peer":254,"mac":"02:00:00:00:00:fe","state":"dead","epoch":0,"espnow_ver":0,"mtu":226,"misses":6,"rssi":0,"tx":{"frames":117,"cb_ok":0,"cb_fail":0,"enqueue_err":0,"pdr_ppm":null},"rx":{"frames":43,"lost_seqgap":0,"reorder_dup":0,"dropped_bad":0,"hb_lost":0,"bcast_frames":0,"pdr_ppm":1000000},"rtt":{"samples":2,"min_us":53023,"max_us":70004,"timeouts":105,"txq_last_us":0,"txq_max_us":0,"remote_turnaround_us":13,"remote_turnaround_max_us":13,"p50_us":[42000,60000],"p99_us":[60000,85000],"hist":[0,0,0,0,0,0,0,0,0,0,0,1,1,0,0,0]}}
1791638380.761 {"t":"auth","node":25344,"up_ms":328915,"enrolled":1,"required":1,"verified_peers":2,"verified":2,"cache_hits":325,"refused":0,"rate_limited":0,"stale_epoch":0,"verify_us_max":83580,"link_stack_free_b":820,"crypto_stack_free_b":1268,"tags_ok":2188,"bad_tag":0,"replayed":0,"untagged":0,"bcast_dropped":0,"beacon_epoch_ignored":0,"tag_us_max":998}
1791638380.761 {"t":"act","node":25344,"setpoint":0,"has_value":0,"writes_served":0}
1791638381.192 {"t":"peers","node":25344,"own_period_ms":100,"own_busy":0,"channel":1,"scanning":0,"scans":0,"hops":0,"found":0,"lost_to_found_ms":0,"moves_followed":0,"moves_refused":0,"sweeps":0,"sweep_found":0,"sweeping":0,"search_visits":0,"relay":0,"fwd_u":0,"fwd_b":0,"fwd_h":0,"relay_dup":3403,"list":[{"id":29544,"state":"alive","via_relay":0,"period_ms":100,"misses":6,"busy":1,"rtt_n":110},{"id":33120,"state":"alive","via_relay":0,"period_ms":100,"misses":6,"busy":0,"rtt_n":110},{"id":254,"state":"dead","via_relay":0,"period_ms":100,"misses":6,"busy":0,"rtt_n":2}]}
1791638381.192 {"t":"ss","node":25344,"accepted":0,"unsigned":0,"unknown_sender":0,"bad_signature":0,"replayed":0,"rate_limited":0,"verify_us_max":0,"floors":[]}
1791638381.192 {"t":"rec","node":25344,"up_ms":329010,"settled":1,"sent":1314,"received":1309,"malformed":0,"views":3,"replies_fenced":0,"actors":[{"key":1245650351,"running":1,"term":11,"owner":25344,"owner_term":11,"assigned":25344,"starts":1,"fenced":0,"released":0}]}
1791638381.192 {"t":"node","up_ms":329037,"node":25344,"epoch":245,"peers_alive":2,"peers_dead":1,"no_radio":0,"free_dram":250307,"largest_block":172032,"rx":{"total":15985,"bad_frame":0,"unknown_peer":79,"wrong_dst":0,"short_payload":0,"unknown_opcode":0,"queue_dropped":51},"tx":{"total":5736,"enqueue_err":0,"done_queue_dropped":0},"membership":{"deaths":1,"revivals":0,"reboots_seen":0,"table_full":0,"events_dropped":0}}
1791638381.192 {"t":"ns","node":25344,"hash":2410274060,"owner":25344,"kind":"sampled","unit":100,"class":4,"bound_ms":0,"quality":"GOOD","age_ms":439,"ts":328627,"updates":31,"value":245}
1791638381.192 {"t":"ns","node":25344,"hash":1274253983,"owner":25344,"kind":"sampled","unit":0,"class":4,"bound_ms":5000,"quality":"GOOD","age_ms":452,"ts":328628,"updates":31,"value":-28}
1791638381.192 {"t":"ns","node":25344,"hash":3354298913,"owner":25344,"kind":"sampled","unit":100,"class":4,"bound_ms":5000,"quality":"GOOD","age_ms":466,"ts":328628,"updates":31,"value":2}
1791638381.192 {"t":"ns","node":25344,"hash":1771187623,"owner":25344,"kind":"sampled","unit":101,"class":4,"bound_ms":30000,"quality":"GOOD","age_ms":492,"ts":328627,"updates":31,"value":250307}
1791638381.192 {"t":"ns","node":25344,"hash":1245650351,"owner":25344,"kind":"sampled","unit":0,"class":3,"bound_ms":500,"quality":"GOOD","age_ms":68,"ts":329065,"updates":3213,"value":1660947597}
1791638381.192 {"t":"ns","node":25344,"hash":2033492666,"owner":25344,"kind":"sampled","unit":0,"class":3,"bound_ms":0,"quality":"NO_DATA","age_ms":0,"ts":0,"updates":0,"value":null}
1791638381.192 {"t":"ns","node":25344,"hash":4103947588,"owner":25344,"kind":"sampled","unit":80,"class":4,"bound_ms":30000,"quality":"GOOD","age_ms":534,"ts":328627,"updates":31,"value":328}
1791638381.192 {"t":"ns","node":25344,"hash":1662441583,"owner":25344,"kind":"sampled","unit":101,"class":4,"bound_ms":30000,"quality":"GOOD","age_ms":548,"ts":328627,"updates":31,"value":172032}
1791638391.325 {"t":"clk","node":25344,"up_ms":339190}
1791638391.325 {"t":"led","node":25344,"shows":"red","app":0}
1791638391.325 {"t":"event","at_ms":329278,"node":25344,"kind":"peer_admitted","peer":29544,"slot":0,"a":0,"b":0}
1791638391.325 {"t":"event","at_ms":330607,"node":25344,"kind":"peer_admitted","peer":33120,"slot":1,"a":0,"b":0}
1791638391.325 {"t":"event","at_ms":330801,"node":25344,"kind":"probe_timeout","peer":254,"slot":2,"a":115,"b":0}
1791638391.325 {"t":"event","at_ms":331278,"node":25344,"kind":"peer_admitted","peer":29544,"slot":0,"a":0,"b":0}
1791638391.325 {"t":"event","at_ms":332607,"node":25344,"kind":"peer_admitted","peer":33120,"slot":1,"a":0,"b":0}
1791638391.325 {"t":"event","at_ms":333278,"node":25344,"kind":"peer_admitted","peer":29544,"slot":0,"a":0,"b":0}
1791638391.325 {"t":"event","at_ms":333801,"node":25344,"kind":"probe_timeout","peer":254,"slot":2,"a":116,"b":0}
1791638391.325 {"t":"event","at_ms":334607,"node":25344,"kind":"peer_admitted","peer":33120,"slot":1,"a":0,"b":0}
1791638391.325 {"t":"event","at_ms":335278,"node":25344,"kind":"peer_admitted","peer":29544,"slot":0,"a":0,"b":0}
1791638391.325 {"t":"event","at_ms":336607,"node":25344,"kind":"peer_admitted","peer":33120,"slot":1,"a":0,"b":0}
1791638391.325 {"t":"event","at_ms":336801,"node":25344,"kind":"probe_timeout","peer":254,"slot":2,"a":117,"b":0}
1791638391.325 {"t":"event","at_ms":337280,"node":25344,"kind":"peer_admitted","peer":29544,"slot":0,"a":0,"b":0}
1791638391.325 {"t":"event","at_ms":338607,"node":25344,"kind":"peer_admitted","peer":33120,"slot":1,"a":0,"b":0}
1791638391.325 {"t":"event","at_ms":339278,"node":25344,"kind":"peer_admitted","peer":29544,"slot":0,"a":0,"b":0}
1791638391.325 {"t":"link","up_ms":339315,"node":25344,"peer":29544,"mac":"b8:1f:3f:da:73:68","state":"alive","epoch":172,"espnow_ver":2,"mtu":1446,"misses":0,"rssi":-28,"tx":{"frames":1124,"cb_ok":1124,"cb_fail":0,"enqueue_err":0,"pdr_ppm":1000000},"rx":{"frames":4660,"lost_seqgap":0,"reorder_dup":0,"dropped_bad":0,"hb_lost":12,"bcast_frames":3363,"pdr_ppm":1000000},"rtt":{"samples":113,"min_us":5334,"max_us":17274,"timeouts":0,"txq_last_us":3667,"txq_max_us":3667,"remote_turnaround_us":691,"remote_turnaround_max_us":1220,"p50_us":[4000,6000],"p99_us":[16000,22000],"hist":[0,0,0,0,88,17,5,1,2,0,0,0,0,0,0,0]}}
1791638391.325 {"t":"link","up_ms":339368,"node":25344,"peer":33120,"mac":"b8:1f:3f:da:81:60","state":"alive","epoch":294,"espnow_ver":2,"mtu":1446,"misses":0,"rssi":-20,"tx":{"frames":1126,"cb_ok":1126,"cb_fail":0,"enqueue_err":0,"pdr_ppm":1000000},"rx":{"frames":4667,"lost_seqgap":2,"reorder_dup":0,"dropped_bad":0,"hb_lost":4,"bcast_frames":3370,"pdr_ppm":999571},"rtt":{"samples":113,"min_us":5818,"max_us":34674,"timeouts":0,"txq_last_us":3862,"txq_max_us":20703,"remote_turnaround_us":1041,"remote_turnaround_max_us":1211,"p50_us":[4000,6000],"p99_us":[30000,42000],"hist":[0,0,0,0,61,44,4,1,1,0,2,0,0,0,0,0]}}
1791638391.325 {"t":"link","up_ms":339422,"node":25344,"peer":254,"mac":"02:00:00:00:00:fe","state":"dead","epoch":0,"espnow_ver":0,"mtu":226,"misses":6,"rssi":0,"tx":{"frames":121,"cb_ok":0,"cb_fail":0,"enqueue_err":0,"pdr_ppm":null},"rx":{"frames":43,"lost_seqgap":0,"reorder_dup":0,"dropped_bad":0,"hb_lost":0,"bcast_frames":0,"pdr_ppm":1000000},"rtt":{"samples":2,"min_us":53023,"max_us":70004,"timeouts":108,"txq_last_us":0,"txq_max_us":0,"remote_turnaround_us":13,"remote_turnaround_max_us":13,"p50_us":[42000,60000],"p99_us":[60000,85000],"hist":[0,0,0,0,0,0,0,0,0,0,0,1,1,0,0,0]}}
1791638391.325 {"t":"auth","node":25344,"up_ms":339465,"enrolled":1,"required":1,"verified_peers":2,"verified":2,"cache_hits":336,"refused":0,"rate_limited":0,"stale_epoch":0,"verify_us_max":83580,"link_stack_free_b":820,"crypto_stack_free_b":1268,"tags_ok":2256,"bad_tag":0,"replayed":0,"untagged":0,"bcast_dropped":0,"beacon_epoch_ignored":0,"tag_us_max":998}
1791638391.325 {"t":"act","node":25344,"setpoint":0,"has_value":0,"writes_served":0}
1791638391.735 {"t":"peers","node":25344,"own_period_ms":100,"own_busy":0,"channel":1,"scanning":0,"scans":0,"hops":0,"found":0,"lost_to_found_ms":0,"moves_followed":0,"moves_refused":0,"sweeps":0,"sweep_found":0,"sweeping":0,"search_visits":0,"relay":0,"fwd_u":0,"fwd_b":0,"fwd_h":0,"relay_dup":3513,"list":[{"id":29544,"state":"alive","via_relay":0,"period_ms":100,"misses":6,"busy":1,"rtt_n":113},{"id":33120,"state":"alive","via_relay":0,"period_ms":100,"misses":6,"busy":0,"rtt_n":113},{"id":254,"state":"dead","via_relay":0,"period_ms":100,"misses":6,"busy":0,"rtt_n":2}]}
1791638391.735 {"t":"ss","node":25344,"accepted":0,"unsigned":0,"unknown_sender":0,"bad_signature":0,"replayed":0,"rate_limited":0,"verify_us_max":0,"floors":[]}
1791638391.735 {"t":"rec","node":25344,"up_ms":339561,"settled":1,"sent":1356,"received":1352,"malformed":0,"views":3,"replies_fenced":0,"actors":[{"key":1245650351,"running":1,"term":11,"owner":25344,"owner_term":11,"assigned":25344,"starts":1,"fenced":0,"released":0}]}
1791638391.735 {"t":"node","up_ms":339587,"node":25344,"epoch":245,"peers_alive":2,"peers_dead":1,"no_radio":0,"free_dram":250307,"largest_block":172032,"rx":{"total":16499,"bad_frame":0,"unknown_peer":79,"wrong_dst":0,"short_payload":0,"unknown_opcode":0,"queue_dropped":51},"tx":{"total":5920,"enqueue_err":0,"done_queue_dropped":0},"membership":{"deaths":1,"revivals":0,"reboots_seen":0,"table_full":0,"events_dropped":0}}
1791638391.735 {"t":"ns","node":25344,"hash":2410274060,"owner":25344,"kind":"sampled","unit":100,"class":4,"bound_ms":0,"quality":"GOOD","age_ms":436,"ts":339191,"updates":32,"value":245}
1791638391.735 {"t":"ns","node":25344,"hash":1274253983,"owner":25344,"kind":"sampled","unit":0,"class":4,"bound_ms":5000,"quality":"GOOD","age_ms":449,"ts":339192,"updates":32,"value":-28}
1791638391.735 {"t":"ns","node":25344,"hash":3354298913,"owner":25344,"kind":"sampled","unit":100,"class":4,"bound_ms":5000,"quality":"GOOD","age_ms":464,"ts":339191,"updates":32,"value":2}
1791638391.735 {"t":"ns","node":25344,"hash":1771187623,"owner":25344,"kind":"sampled","unit":101,"class":4,"bound_ms":30000,"quality":"GOOD","age_ms":478,"ts":339191,"updates":32,"value":250307}
1791638391.735 {"t":"ns","node":25344,"hash":1245650351,"owner":25344,"kind":"sampled","unit":0,"class":3,"bound_ms":500,"quality":"GOOD","age_ms":19,"ts":339665,"updates":3319,"value":1660947703}
1791638391.735 {"t":"ns","node":25344,"hash":2033492666,"owner":25344,"kind":"sampled","unit":0,"class":3,"bound_ms":0,"quality":"NO_DATA","age_ms":0,"ts":0,"updates":0,"value":null}
1791638391.735 {"t":"ns","node":25344,"hash":4103947588,"owner":25344,"kind":"sampled","unit":80,"class":4,"bound_ms":30000,"quality":"GOOD","age_ms":520,"ts":339191,"updates":32,"value":339}
1791638391.735 {"t":"ns","node":25344,"hash":1662441583,"owner":25344,"kind":"sampled","unit":101,"class":4,"bound_ms":30000,"quality":"GOOD","age_ms":546,"ts":339191,"updates":32,"value":172032}
1791638401.891 {"t":"clk","node":25344,"up_ms":349752}
1791638401.891 {"t":"led","node":25344,"shows":"red","app":0}
1791638401.891 {"t":"event","at_ms":339801,"node":25344,"kind":"probe_timeout","peer":254,"slot":2,"a":118,"b":0}
1791638401.891 {"t":"event","at_ms":340607,"node":25344,"kind":"peer_admitted","peer":33120,"slot":1,"a":0,"b":0}
1791638401.891 {"t":"event","at_ms":341278,"node":25344,"kind":"peer_admitted","peer":29544,"slot":0,"a":0,"b":0}
1791638401.891 {"t":"event","at_ms":342607,"node":25344,"kind":"peer_admitted","peer":33120,"slot":1,"a":0,"b":0}
1791638401.891 {"t":"event","at_ms":342801,"node":25344,"kind":"probe_timeout","peer":254,"slot":2,"a":119,"b":0}
1791638401.891 {"t":"event","at_ms":343278,"node":25344,"kind":"peer_admitted","peer":29544,"slot":0,"a":0,"b":0}
1791638401.891 {"t":"event","at_ms":344607,"node":25344,"kind":"peer_admitted","peer":33120,"slot":1,"a":0,"b":0}
1791638401.891 {"t":"event","at_ms":345278,"node":25344,"kind":"peer_admitted","peer":29544,"slot":0,"a":0,"b":0}
1791638401.891 {"t":"event","at_ms":345801,"node":25344,"kind":"probe_timeout","peer":254,"slot":2,"a":120,"b":0}
1791638401.891 {"t":"event","at_ms":346607,"node":25344,"kind":"peer_admitted","peer":33120,"slot":1,"a":0,"b":0}
1791638401.891 {"t":"event","at_ms":347278,"node":25344,"kind":"peer_admitted","peer":29544,"slot":0,"a":0,"b":0}
1791638401.891 {"t":"event","at_ms":348609,"node":25344,"kind":"peer_admitted","peer":33120,"slot":1,"a":0,"b":0}
1791638401.891 {"t":"event","at_ms":348801,"node":25344,"kind":"probe_timeout","peer":254,"slot":2,"a":121,"b":0}
1791638401.891 {"t":"event","at_ms":349278,"node":25344,"kind":"peer_admitted","peer":29544,"slot":0,"a":0,"b":0}
1791638401.891 {"t":"link","up_ms":349880,"node":25344,"peer":29544,"mac":"b8:1f:3f:da:73:68","state":"alive","epoch":172,"espnow_ver":2,"mtu":1446,"misses":0,"rssi":-28,"tx":{"frames":1159,"cb_ok":1159,"cb_fail":0,"enqueue_err":0,"pdr_ppm":1000000},"rx":{"frames":4806,"lost_seqgap":0,"reorder_dup":0,"dropped_bad":0,"hb_lost":13,"bcast_frames":3468,"pdr_ppm":1000000},"rtt":{"samples":117,"min_us":5334,"max_us":17274,"timeouts":0,"txq_last_us":3667,"txq_max_us":3667,"remote_turnaround_us":914,"remote_turnaround_max_us":1220,"p50_us":[4000,6000],"p99_us":[16000,22000],"hist":[0,0,0,0,91,18,5,1,2,0,0,0,0,0,0,0]}}
1791638401.891 {"t":"link","up_ms":349933,"node":25344,"peer":33120,"mac":"b8:1f:3f:da:81:60","state":"alive","epoch":294,"espnow_ver":2,"mtu":1446,"misses":0,"rssi":-20,"tx":{"frames":1161,"cb_ok":1161,"cb_fail":0,"enqueue_err":0,"pdr_ppm":1000000},"rx":{"frames":4813,"lost_seqgap":2,"reorder_dup":0,"dropped_bad":0,"hb_lost":4,"bcast_frames":3475,"pdr_ppm":999584},"rtt":{"samples":117,"min_us":5818,"max_us":34674,"timeouts":0,"txq_last_us":3862,"txq_max_us":20703,"remote_turnaround_us":1049,"remote_turnaround_max_us":1211,"p50_us":[4000,6000],"p99_us":[30000,42000],"hist":[0,0,0,0,61,48,4,1,1,0,2,0,0,0,0,0]}}
1791638401.891 {"t":"link","up_ms":349976,"node":25344,"peer":254,"mac":"02:00:00:00:00:fe","state":"dead","epoch":0,"espnow_ver":0,"mtu":226,"misses":6,"rssi":0,"tx":{"frames":124,"cb_ok":0,"cb_fail":0,"enqueue_err":0,"pdr_ppm":null},"rx":{"frames":43,"lost_seqgap":0,"reorder_dup":0,"dropped_bad":0,"hb_lost":0,"bcast_frames":0,"pdr_ppm":1000000},"rtt":{"samples":2,"min_us":53023,"max_us":70004,"timeouts":112,"txq_last_us":0,"txq_max_us":0,"remote_turnaround_us":13,"remote_turnaround_max_us":13,"p50_us":[42000,60000],"p99_us":[60000,85000],"hist":[0,0,0,0,0,0,0,0,0,0,0,1,1,0,0,0]}}
1791638401.891 {"t":"auth","node":25344,"up_ms":350030,"enrolled":1,"required":1,"verified_peers":2,"verified":2,"cache_hits":346,"refused":0,"rate_limited":0,"stale_epoch":0,"verify_us_max":83580,"link_stack_free_b":820,"crypto_stack_free_b":1268,"tags_ok":2328,"bad_tag":0,"replayed":0,"untagged":0,"bcast_dropped":0,"beacon_epoch_ignored":0,"tag_us_max":1018}
1791638401.891 {"t":"act","node":25344,"setpoint":0,"has_value":0,"writes_served":0}
1791638402.307 {"t":"peers","node":25344,"own_period_ms":100,"own_busy":0,"channel":1,"scanning":0,"scans":0,"hops":0,"found":0,"lost_to_found_ms":0,"moves_followed":0,"moves_refused":0,"sweeps":0,"sweep_found":0,"sweeping":0,"search_visits":0,"relay":0,"fwd_u":0,"fwd_b":0,"fwd_h":0,"relay_dup":3623,"list":[{"id":29544,"state":"alive","via_relay":0,"period_ms":100,"misses":6,"busy":1,"rtt_n":117},{"id":33120,"state":"alive","via_relay":0,"period_ms":100,"misses":6,"busy":0,"rtt_n":117},{"id":254,"state":"dead","via_relay":0,"period_ms":100,"misses":6,"busy":0,"rtt_n":2}]}
1791638402.307 {"t":"ss","node":25344,"accepted":0,"unsigned":0,"unknown_sender":0,"bad_signature":0,"replayed":0,"rate_limited":0,"verify_us_max":0,"floors":[]}
1791638402.307 {"t":"rec","node":25344,"up_ms":350126,"settled":1,"sent":1398,"received":1394,"malformed":0,"views":3,"replies_fenced":0,"actors":[{"key":1245650351,"running":1,"term":11,"owner":25344,"owner_term":11,"assigned":25344,"starts":1,"fenced":0,"released":0}]}
1791638402.307 {"t":"node","up_ms":350152,"node":25344,"epoch":245,"peers_alive":2,"peers_dead":1,"no_radio":0,"free_dram":250307,"largest_block":172032,"rx":{"total":17013,"bad_frame":0,"unknown_peer":79,"wrong_dst":0,"short_payload":0,"unknown_opcode":0,"queue_dropped":51},"tx":{"total":6104,"enqueue_err":0,"done_queue_dropped":0},"membership":{"deaths":1,"revivals":0,"reboots_seen":0,"table_full":0,"events_dropped":0}}
1791638402.307 {"t":"ns","node":25344,"hash":2410274060,"owner":25344,"kind":"sampled","unit":100,"class":4,"bound_ms":0,"quality":"GOOD","age_ms":439,"ts":349754,"updates":33,"value":245}
1791638402.307 {"t":"ns","node":25344,"hash":1274253983,"owner":25344,"kind":"sampled","unit":0,"class":4,"bound_ms":5000,"quality":"GOOD","age_ms":453,"ts":349754,"updates":33,"value":-28}
1791638402.307 {"t":"ns","node":25344,"hash":3354298913,"owner":25344,"kind":"sampled","unit":100,"class":4,"bound_ms":5000,"quality":"GOOD","age_ms":467,"ts":349754,"updates":33,"value":2}
1791638402.307 {"t":"ns","node":25344,"hash":1771187623,"owner":25344,"kind":"sampled","unit":101,"class":4,"bound_ms":30000,"quality":"GOOD","age_ms":481,"ts":349754,"updates":33,"value":250307}
1791638402.307 {"t":"ns","node":25344,"hash":1245650351,"owner":25344,"kind":"sampled","unit":0,"class":3,"bound_ms":500,"quality":"GOOD","age_ms":84,"ts":350165,"updates":3424,"value":1660947808}
1791638402.307 {"t":"ns","node":25344,"hash":2033492666,"owner":25344,"kind":"sampled","unit":0,"class":3,"bound_ms":0,"quality":"NO_DATA","age_ms":0,"ts":0,"updates":0,"value":null}
1791638402.307 {"t":"ns","node":25344,"hash":4103947588,"owner":25344,"kind":"sampled","unit":80,"class":4,"bound_ms":30000,"quality":"GOOD","age_ms":524,"ts":349754,"updates":33,"value":349}
1791638402.307 {"t":"ns","node":25344,"hash":1662441583,"owner":25344,"kind":"sampled","unit":101,"class":4,"bound_ms":30000,"quality":"GOOD","age_ms":538,"ts":349754,"updates":33,"value":172032}
1791638412.441 {"t":"clk","node":25344,"up_ms":360307}
1791638412.441 {"t":"led","node":25344,"shows":"red","app":0}
1791638412.441 {"t":"event","at_ms":350607,"node":25344,"kind":"peer_admitted","peer":33120,"slot":1,"a":0,"b":0}
1791638412.441 {"t":"event","at_ms":351278,"node":25344,"kind":"peer_admitted","peer":29544,"slot":0,"a":0,"b":0}
1791638412.441 {"t":"event","at_ms":351801,"node":25344,"kind":"probe_timeout","peer":254,"slot":2,"a":122,"b":0}
1791638412.441 {"t":"event","at_ms":352607,"node":25344,"kind":"peer_admitted","peer":33120,"slot":1,"a":0,"b":0}
1791638412.441 {"t":"event","at_ms":353278,"node":25344,"kind":"peer_admitted","peer":29544,"slot":0,"a":0,"b":0}
1791638412.441 {"t":"event","at_ms":354607,"node":25344,"kind":"peer_admitted","peer":33120,"slot":1,"a":0,"b":0}
1791638412.441 {"t":"event","at_ms":354801,"node":25344,"kind":"probe_timeout","peer":254,"slot":2,"a":123,"b":0}
1791638412.441 {"t":"event","at_ms":355278,"node":25344,"kind":"peer_admitted","peer":29544,"slot":0,"a":0,"b":0}
1791638412.441 {"t":"event","at_ms":356607,"node":25344,"kind":"peer_admitted","peer":33120,"slot":1,"a":0,"b":0}
1791638412.441 {"t":"event","at_ms":357278,"node":25344,"kind":"peer_admitted","peer":29544,"slot":0,"a":0,"b":0}
1791638412.441 {"t":"event","at_ms":357801,"node":25344,"kind":"probe_timeout","peer":254,"slot":2,"a":124,"b":0}
1791638412.441 {"t":"event","at_ms":358607,"node":25344,"kind":"peer_admitted","peer":33120,"slot":1,"a":0,"b":0}
1791638412.441 {"t":"event","at_ms":359278,"node":25344,"kind":"peer_admitted","peer":29544,"slot":0,"a":0,"b":0}
1791638412.441 {"t":"link","up_ms":360420,"node":25344,"peer":29544,"mac":"b8:1f:3f:da:73:68","state":"alive","epoch":172,"espnow_ver":2,"mtu":1446,"misses":0,"rssi":-28,"tx":{"frames":1194,"cb_ok":1194,"cb_fail":0,"enqueue_err":0,"pdr_ppm":1000000},"rx":{"frames":4951,"lost_seqgap":0,"reorder_dup":0,"dropped_bad":0,"hb_lost":13,"bcast_frames":3573,"pdr_ppm":1000000},"rtt":{"samples":120,"min_us":5334,"max_us":17274,"timeouts":0,"txq_last_us":3667,"txq_max_us":3667,"remote_turnaround_us":681,"remote_turnaround_max_us":1220,"p50_us":[4000,6000],"p99_us":[16000,22000],"hist":[0,0,0,0,94,18,5,1,2,0,0,0,0,0,0,0]}}
1791638412.441 {"t":"link","up_ms":360474,"node":25344,"peer":33120,"mac":"b8:1f:3f:da:81:60","state":"alive","epoch":294,"espnow_ver":2,"mtu":1446,"misses":0,"rssi":-21,"tx":{"frames":1195,"cb_ok":1195,"cb_fail":0,"enqueue_err":0,"pdr_ppm":1000000},"rx":{"frames":4957,"lost_seqgap":2,"reorder_dup":0,"dropped_bad":0,"hb_lost":5,"bcast_frames":3580,"pdr_ppm":999596},"rtt":{"samples":120,"min_us":5818,"max_us":34674,"timeouts":0,"txq_last_us":3862,"txq_max_us":20703,"remote_turnaround_us":1055,"remote_turnaround_max_us":1211,"p50_us":[4000,6000],"p99_us":[30000,42000],"hist":[0,0,0,0,63,49,4,1,1,0,2,0,0,0,0,0]}}
1791638412.441 {"t":"link","up_ms":360528,"node":25344,"peer":254,"mac":"02:00:00:00:00:fe","state":"dead","epoch":0,"espnow_ver":0,"mtu":226,"misses":6,"rssi":0,"tx":{"frames":128,"cb_ok":0,"cb_fail":0,"enqueue_err":0,"pdr_ppm":null},"rx":{"frames":43,"lost_seqgap":0,"reorder_dup":0,"dropped_bad":0,"hb_lost":0,"bcast_frames":0,"pdr_ppm":1000000},"rtt":{"samples":2,"min_us":53023,"max_us":70004,"timeouts":115,"txq_last_us":0,"txq_max_us":0,"remote_turnaround_us":13,"remote_turnaround_max_us":13,"p50_us":[42000,60000],"p99_us":[60000,85000],"hist":[0,0,0,0,0,0,0,0,0,0,0,1,1,0,0,0]}}
1791638412.441 {"t":"auth","node":25344,"up_ms":360582,"enrolled":1,"required":1,"verified_peers":2,"verified":2,"cache_hits":356,"refused":0,"rate_limited":0,"stale_epoch":0,"verify_us_max":83580,"link_stack_free_b":820,"crypto_stack_free_b":1268,"tags_ok":2399,"bad_tag":0,"replayed":0,"untagged":0,"bcast_dropped":0,"beacon_epoch_ignored":0,"tag_us_max":1018}
1791638412.441 {"t":"act","node":25344,"setpoint":0,"has_value":0,"writes_served":0}
1791638412.849 {"t":"peers","node":25344,"own_period_ms":100,"own_busy":0,"channel":1,"scanning":0,"scans":0,"hops":0,"found":0,"lost_to_found_ms":0,"moves_followed":0,"moves_refused":0,"sweeps":0,"sweep_found":0,"sweeping":0,"search_visits":0,"relay":0,"fwd_u":0,"fwd_b":0,"fwd_h":0,"relay_dup":3732,"list":[{"id":29544,"state":"alive","via_relay":0,"period_ms":100,"misses":6,"busy":1,"rtt_n":120},{"id":33120,"state":"alive","via_relay":0,"period_ms":100,"misses":6,"busy":0,"rtt_n":120},{"id":254,"state":"dead","via_relay":0,"period_ms":100,"misses":6,"busy":0,"rtt_n":2}]}
1791638412.849 {"t":"ss","node":25344,"accepted":0,"unsigned":0,"unknown_sender":0,"bad_signature":0,"replayed":0,"rate_limited":0,"verify_us_max":0,"floors":[]}
1791638412.849 {"t":"rec","node":25344,"up_ms":360679,"settled":1,"sent":1440,"received":1436,"malformed":0,"views":3,"replies_fenced":0,"actors":[{"key":1245650351,"running":1,"term":11,"owner":25344,"owner_term":11,"assigned":25344,"starts":1,"fenced":0,"released":0}]}
1791638412.849 {"t":"node","up_ms":360694,"node":25344,"epoch":245,"peers_alive":2,"peers_dead":1,"no_radio":0,"free_dram":250307,"largest_block":172032,"rx":{"total":17522,"bad_frame":0,"unknown_peer":79,"wrong_dst":0,"short_payload":0,"unknown_opcode":0,"queue_dropped":51},"tx":{"total":6290,"enqueue_err":0,"done_queue_dropped":0},"membership":{"deaths":1,"revivals":0,"reboots_seen":0,"table_full":0,"events_dropped":0}}
1791638412.849 {"t":"ns","node":25344,"hash":2410274060,"owner":25344,"kind":"sampled","unit":100,"class":4,"bound_ms":0,"quality":"GOOD","age_ms":426,"ts":360308,"updates":34,"value":245}
1791638412.849 {"t":"ns","node":25344,"hash":1274253983,"owner":25344,"kind":"sampled","unit":0,"class":4,"bound_ms":5000,"quality":"GOOD","age_ms":439,"ts":360309,"updates":34,"value":-28}
1791638412.849 {"t":"ns","node":25344,"hash":3354298913,"owner":25344,"kind":"sampled","unit":100,"class":4,"bound_ms":5000,"quality":"GOOD","age_ms":454,"ts":360308,"updates":34,"value":2}
1791638412.849 {"t":"ns","node":25344,"hash":1771187623,"owner":25344,"kind":"sampled","unit":101,"class":4,"bound_ms":30000,"quality":"GOOD","age_ms":468,"ts":360308,"updates":34,"value":250307}
1791638412.849 {"t":"ns","node":25344,"hash":1245650351,"owner":25344,"kind":"sampled","unit":0,"class":3,"bound_ms":500,"quality":"GOOD","age_ms":25,"ts":360765,"updates":3530,"value":1660947914}
1791638412.849 {"t":"ns","node":25344,"hash":2033492666,"owner":25344,"kind":"sampled","unit":0,"class":3,"bound_ms":0,"quality":"NO_DATA","age_ms":0,"ts":0,"updates":0,"value":null}
1791638412.849 {"t":"ns","node":25344,"hash":4103947588,"owner":25344,"kind":"sampled","unit":80,"class":4,"bound_ms":30000,"quality":"GOOD","age_ms":522,"ts":360308,"updates":34,"value":360}
1791638412.849 {"t":"ns","node":25344,"hash":1662441583,"owner":25344,"kind":"sampled","unit":101,"class":4,"bound_ms":30000,"quality":"GOOD","age_ms":536,"ts":360308,"updates":34,"value":172032}
1791638422.993 {"t":"clk","node":25344,"up_ms":370859}
1791638422.993 {"t":"led","node":25344,"shows":"red","app":0}
1791638422.993 {"t":"event","at_ms":360636,"node":25344,"kind":"peer_admitted","peer":33120,"slot":1,"a":0,"b":0}
1791638422.993 {"t":"event","at_ms":360801,"node":25344,"kind":"probe_timeout","peer":254,"slot":2,"a":125,"b":0}
1791638422.993 {"t":"event","at_ms":361278,"node":25344,"kind":"peer_admitted","peer":29544,"slot":0,"a":0,"b":0}
1791638422.993 {"t":"event","at_ms":362607,"node":25344,"kind":"peer_admitted","peer":33120,"slot":1,"a":0,"b":0}
1791638422.993 {"t":"event","at_ms":363278,"node":25344,"kind":"peer_admitted","peer":29544,"slot":0,"a":0,"b":0}
1791638422.993 {"t":"event","at_ms":363801,"node":25344,"kind":"probe_timeout","peer":254,"slot":2,"a":126,"b":0}
1791638422.993 {"t":"event","at_ms":364607,"node":25344,"kind":"peer_admitted","peer":33120,"slot":1,"a":0,"b":0}
1791638422.993 {"t":"event","at_ms":365278,"node":25344,"kind":"peer_admitted","peer":29544,"slot":0,"a":0,"b":0}
1791638422.993 {"t":"event","at_ms":366607,"node":25344,"kind":"peer_admitted","peer":33120,"slot":1,"a":0,"b":0}
1791638422.993 {"t":"event","at_ms":366801,"node":25344,"kind":"probe_timeout","peer":254,"slot":2,"a":127,"b":0}
1791638422.993 {"t":"event","at_ms":367278,"node":25344,"kind":"peer_admitted","peer":29544,"slot":0,"a":0,"b":0}
1791638422.993 {"t":"event","at_ms":368607,"node":25344,"kind":"peer_admitted","peer":33120,"slot":1,"a":0,"b":0}
1791638422.993 {"t":"event","at_ms":369278,"node":25344,"kind":"peer_admitted","peer":29544,"slot":0,"a":0,"b":0}
1791638422.993 {"t":"event","at_ms":369801,"node":25344,"kind":"probe_timeout","peer":254,"slot":2,"a":128,"b":0}
1791638422.993 {"t":"event","at_ms":370607,"node":25344,"kind":"peer_admitted","peer":33120,"slot":1,"a":0,"b":0}
1791638422.993 {"t":"link","up_ms":370996,"node":25344,"peer":29544,"mac":"b8:1f:3f:da:73:68","state":"alive","epoch":172,"espnow_ver":2,"mtu":1446,"misses":0,"rssi":-28,"tx":{"frames":1229,"cb_ok":1229,"cb_fail":0,"enqueue_err":0,"pdr_ppm":1000000},"rx":{"frames":5097,"lost_seqgap":0,"reorder_dup":0,"dropped_bad":0,"hb_lost":13,"bcast_frames":3679,"pdr_ppm":1000000},"rtt":{"samples":124,"min_us":5334,"max_us":17274,"timeouts":0,"txq_last_us":3667,"txq_max_us":3667,"remote_turnaround_us":753,"remote_turnaround_max_us":1220,"p50_us":[4000,6000],"p99_us":[16000,22000],"hist":[0,0,0,0,98,18,5,1,2,0,0,0,0,0,0,0]}}
1791638422.993 {"t":"link","up_ms":371039,"node":25344,"peer":33120,"mac":"b8:1f:3f:da:81:60","state":"alive","epoch":294,"espnow_ver":2,"mtu":1446,"misses":0,"rssi":-20,"tx":{"frames":1233,"cb_ok":1233,"cb_fail":0,"enqueue_err":0,"pdr_ppm":1000000},"rx":{"frames":5104,"lost_seqgap":2,"reorder_dup":0,"dropped_bad":0,"hb_lost":6,"bcast_frames":3685,"pdr_ppm":999608},"rtt":{"samples":124,"min_us":5818,"max_us":34674,"timeouts":0,"txq_last_us":3862,"txq_max_us":20703,"remote_turnaround_us":1055,"remote_turnaround_max_us":1211,"p50_us":[4000,6000],"p99_us":[30000,42000],"hist":[0,0,0,0,65,51,4,1,1,0,2,0,0,0,0,0]}}
1791638422.993 {"t":"link","up_ms":371093,"node":25344,"peer":254,"mac":"02:00:00:00:00:fe","state":"dead","epoch":0,"espnow_ver":0,"mtu":226,"misses":6,"rssi":0,"tx":{"frames":131,"cb_ok":0,"cb_fail":0,"enqueue_err":0,"pdr_ppm":null},"rx":{"frames":43,"lost_seqgap":0,"reorder_dup":0,"dropped_bad":0,"hb_lost":0,"bcast_frames":0,"pdr_ppm":1000000},"rtt":{"samples":2,"min_us":53023,"max_us":70004,"timeouts":119,"txq_last_us":0,"txq_max_us":0,"remote_turnaround_us":13,"remote_turnaround_max_us":13,"p50_us":[42000,60000],"p99_us":[60000,85000],"hist":[0,0,0,0,0,0,0,0,0,0,0,1,1,0,0,0]}}
1791638422.993 {"t":"auth","node":25344,"up_ms":371147,"enrolled":1,"required":1,"verified_peers":2,"verified":2,"cache_hits":367,"refused":0,"rate_limited":0,"stale_epoch":0,"verify_us_max":83580,"link_stack_free_b":820,"crypto_stack_free_b":1268,"tags_ok":2470,"bad_tag":0,"replayed":0,"untagged":0,"bcast_dropped":0,"beacon_epoch_ignored":0,"tag_us_max":1018}
1791638422.993 {"t":"act","node":25344,"setpoint":0,"has_value":0,"writes_served":0}
1791638423.425 {"t":"peers","node":25344,"own_period_ms":100,"own_busy":0,"channel":1,"scanning":0,"scans":0,"hops":0,"found":0,"lost_to_found_ms":0,"moves_followed":0,"moves_refused":0,"sweeps":0,"sweep_found":0,"sweeping":0,"search_visits":0,"relay":0,"fwd_u":0,"fwd_b":0,"fwd_h":0,"relay_dup":3844,"list":[{"id":29544,"state":"alive","via_relay":0,"period_ms":100,"misses":6,"busy":1,"rtt_n":124},{"id":33120,"state":"alive","via_relay":0,"period_ms":100,"misses":6,"busy":0,"rtt_n":124},{"id":254,"state":"dead","via_relay":0,"period_ms":100,"misses":6,"busy":0,"rtt_n":2}]}
1791638423.425 {"t":"ss","node":25344,"accepted":0,"unsigned":0,"unknown_sender":0,"bad_signature":0,"replayed":0,"rate_limited":0,"verify_us_max":0,"floors":[]}
1791638423.425 {"t":"rec","node":25344,"up_ms":371243,"settled":1,"sent":1482,"received":1478,"malformed":0,"views":3,"replies_fenced":0,"actors":[{"key":1245650351,"running":1,"term":11,"owner":25344,"owner_term":11,"assigned":25344,"starts":1,"fenced":0,"released":0}]}
1791638423.425 {"t":"node","up_ms":371269,"node":25344,"epoch":245,"peers_alive":2,"peers_dead":1,"no_radio":0,"free_dram":250307,"largest_block":172032,"rx":{"total":18036,"bad_frame":0,"unknown_peer":79,"wrong_dst":0,"short_payload":0,"unknown_opcode":0,"queue_dropped":51},"tx":{"total":6475,"enqueue_err":0,"done_queue_dropped":0},"membership":{"deaths":1,"revivals":0,"reboots_seen":0,"table_full":0,"events_dropped":0}}
1791638423.425 {"t":"ns","node":25344,"hash":2410274060,"owner":25344,"kind":"sampled","unit":100,"class":4,"bound_ms":0,"quality":"GOOD","age_ms":438,"ts":370860,"updates":35,"value":245}
1791638423.425 {"t":"ns","node":25344,"hash":1274253983,"owner":25344,"kind":"sampled","unit":0,"class":4,"bound_ms":5000,"quality":"GOOD","age_ms":451,"ts":370861,"updates":35,"value":-28}
1791638423.425 {"t":"ns","node":25344,"hash":3354298913,"owner":25344,"kind":"sampled","unit":100,"class":4,"bound_ms":5000,"quality":"GOOD","age_ms":477,"ts":370860,"updates":35,"value":2}
1791638423.425 {"t":"ns","node":25344,"hash":1771187623,"owner":25344,"kind":"sampled","unit":101,"class":4,"bound_ms":30000,"quality":"GOOD","age_ms":491,"ts":370860,"updates":35,"value":250307}
1791638423.425 {"t":"ns","node":25344,"hash":1245650351,"owner":25344,"kind":"sampled","unit":0,"class":3,"bound_ms":500,"quality":"GOOD","age_ms":0,"ts":371365,"updates":3636,"value":1660948020}
1791638423.425 {"t":"ns","node":25344,"hash":2033492666,"owner":25344,"kind":"sampled","unit":0,"class":3,"bound_ms":0,"quality":"NO_DATA","age_ms":0,"ts":0,"updates":0,"value":null}
1791638423.425 {"t":"ns","node":25344,"hash":4103947588,"owner":25344,"kind":"sampled","unit":80,"class":4,"bound_ms":30000,"quality":"GOOD","age_ms":534,"ts":370860,"updates":35,"value":370}
1791638423.425 {"t":"ns","node":25344,"hash":1662441583,"owner":25344,"kind":"sampled","unit":101,"class":4,"bound_ms":30000,"quality":"GOOD","age_ms":548,"ts":370860,"updates":35,"value":172032}
1791638433.555 {"t":"clk","node":25344,"up_ms":381422}
1791638433.555 {"t":"led","node":25344,"shows":"red","app":0}
1791638433.555 {"t":"event","at_ms":371278,"node":25344,"kind":"peer_admitted","peer":29544,"slot":0,"a":0,"b":0}
1791638433.555 {"t":"event","at_ms":372608,"node":25344,"kind":"peer_admitted","peer":33120,"slot":1,"a":0,"b":0}
1791638433.555 {"t":"event","at_ms":372801,"node":25344,"kind":"probe_timeout","peer":254,"slot":2,"a":129,"b":0}
1791638433.555 {"t":"event","at_ms":373278,"node":25344,"kind":"peer_admitted","peer":29544,"slot":0,"a":0,"b":0}
1791638433.555 {"t":"event","at_ms":374607,"node":25344,"kind":"peer_admitted","peer":33120,"slot":1,"a":0,"b":0}
1791638433.555 {"t":"event","at_ms":375278,"node":25344,"kind":"peer_admitted","peer":29544,"slot":0,"a":0,"b":0}
1791638433.555 {"t":"event","at_ms":375801,"node":25344,"kind":"probe_timeout","peer":254,"slot":2,"a":130,"b":0}
1791638433.555 {"t":"event","at_ms":376607,"node":25344,"kind":"peer_admitted","peer":33120,"slot":1,"a":0,"b":0}
1791638433.555 {"t":"event","at_ms":377278,"node":25344,"kind":"peer_admitted","peer":29544,"slot":0,"a":0,"b":0}
1791638433.555 {"t":"event","at_ms":378607,"node":25344,"kind":"peer_admitted","peer":33120,"slot":1,"a":0,"b":0}
1791638433.555 {"t":"event","at_ms":378801,"node":25344,"kind":"probe_timeout","peer":254,"slot":2,"a":131,"b":0}
1791638433.555 {"t":"event","at_ms":379279,"node":25344,"kind":"peer_admitted","peer":29544,"slot":0,"a":0,"b":0}
1791638433.555 {"t":"event","at_ms":380607,"node":25344,"kind":"peer_admitted","peer":33120,"slot":1,"a":0,"b":0}
1791638433.555 {"t":"event","at_ms":381279,"node":25344,"kind":"peer_admitted","peer":29544,"slot":0,"a":0,"b":0}
1791638433.555 {"t":"link","up_ms":381547,"node":25344,"peer":29544,"mac":"b8:1f:3f:da:73:68","state":"alive","epoch":172,"espnow_ver":2,"mtu":1446,"misses":0,"rssi":-28,"tx":{"frames":1264,"cb_ok":1264,"cb_fail":0,"enqueue_err":0,"pdr_ppm":1000000},"rx":{"frames":5244,"lost_seqgap":0,"reorder_dup":0,"dropped_bad":0,"hb_lost":13,"bcast_frames":3785,"pdr_ppm":1000000},"rtt":{"samples":127,"min_us":5334,"max_us":17274,"timeouts":0,"txq_last_us":3667,"txq_max_us":3667,"remote_turnaround_us":685,"remote_turnaround_max_us":1220,"p50_us":[4000,6000],"p99_us":[16000,22000],"hist":[0,0,0,0,101,18,5,1,2,0,0,0,0,0,0,0]}}
1791638433.555 {"t":"link","up_ms":381601,"node":25344,"peer":33120,"mac":"b8:1f:3f:da:81:60","state":"alive","epoch":294,"espnow_ver":2,"mtu":1446,"misses":0,"rssi":-20,"tx":{"frames":1267,"cb_ok":1267,"cb_fail":0,"enqueue_err":0,"pdr_ppm":1000000},"rx":{"frames":5249,"lost_seqgap":2,"reorder_dup":0,"dropped_bad":0,"hb_lost":6,"bcast_frames":3790,"pdr_ppm":999619},"rtt":{"samples":127,"min_us":5818,"max_us":34674,"timeouts":0,"txq_last_us":3862,"txq_max_us":20703,"remote_turnaround_us":1053,"remote_turnaround_max_us":1211,"p50_us":[4000,6000],"p99_us":[30000,42000],"hist":[0,0,0,0,66,53,4,1,1,0,2,0,0,0,0,0]}}
1791638433.555 {"t":"link","up_ms":381655,"node":25344,"peer":254,"mac":"02:00:00:00:00:fe","state":"dead","epoch":0,"espnow_ver":0,"mtu":226,"misses":6,"rssi":0,"tx":{"frames":135,"cb_ok":0,"cb_fail":0,"enqueue_err":0,"pdr_ppm":null},"rx":{"frames":43,"lost_seqgap":0,"reorder_dup":0,"dropped_bad":0,"hb_lost":0,"bcast_frames":0,"pdr_ppm":1000000},"rtt":{"samples":2,"min_us":53023,"max_us":70004,"timeouts":122,"txq_last_us":0,"txq_max_us":0,"remote_turnaround_us":13,"remote_turnaround_max_us":13,"p50_us":[42000,60000],"p99_us":[60000,85000],"hist":[0,0,0,0,0,0,0,0,0,0,0,1,1,0,0,0]}}
1791638433.555 {"t":"auth","node":25344,"up_ms":381697,"enrolled":1,"required":1,"verified_peers":2,"verified":2,"cache_hits":378,"refused":0,"rate_limited":0,"stale_epoch":0,"verify_us_max":83580,"link_stack_free_b":820,"crypto_stack_free_b":1268,"tags_ok":2538,"bad_tag":0,"replayed":0,"untagged":0,"bcast_dropped":0,"beacon_epoch_ignored":0,"tag_us_max":1018}
1791638433.555 {"t":"act","node":25344,"setpoint":0,"has_value":0,"writes_served":0}
1791638433.965 {"t":"peers","node":25344,"own_period_ms":100,"own_busy":0,"channel":1,"scanning":0,"scans":0,"hops":0,"found":0,"lost_to_found_ms":0,"moves_followed":0,"moves_refused":0,"sweeps":0,"sweep_found":0,"sweeping":0,"search_visits":0,"relay":0,"fwd_u":0,"fwd_b":0,"fwd_h":0,"relay_dup":3954,"list":[{"id":29544,"state":"alive","via_relay":0,"period_ms":100,"misses":6,"busy":1,"rtt_n":127},{"id":33120,"state":"alive","via_relay":0,"period_ms":100,"misses":6,"busy":0,"rtt_n":127},{"id":254,"state":"dead","via_relay":0,"period_ms":100,"misses":6,"busy":0,"rtt_n":2}]}
1791638433.965 {"t":"ss","node":25344,"accepted":0,"unsigned":0,"unknown_sender":0,"bad_signature":0,"replayed":0,"rate_limited":0,"verify_us_max":0,"floors":[]}
1791638433.965 {"t":"rec","node":25344,"up_ms":381794,"settled":1,"sent":1525,"received":1520,"malformed":0,"views":3,"replies_fenced":0,"actors":[{"key":1245650351,"running":1,"term":11,"owner":25344,"owner_term":11,"assigned":25344,"starts":1,"fenced":0,"released":0}]}
1791638433.965 {"t":"node","up_ms":381820,"node":25344,"epoch":245,"peers_alive":2,"peers_dead":1,"no_radio":0,"free_dram":250307,"largest_block":172032,"rx":{"total":18546,"bad_frame":0,"unknown_peer":79,"wrong_dst":0,"short_payload":0,"unknown_opcode":0,"queue_dropped":51},"tx":{"total":6659,"enqueue_err":0,"done_queue_dropped":0},"membership":{"deaths":1,"revivals":0,"reboots_seen":0,"table_full":0,"events_dropped":0}}
1791638433.965 {"t":"ns","node":25344,"hash":2410274060,"owner":25344,"kind":"sampled","unit":100,"class":4,"bound_ms":0,"quality":"GOOD","age_ms":438,"ts":381423,"updates":36,"value":245}
1791638433.965 {"t":"ns","node":25344,"hash":1274253983,"owner":25344,"kind":"sampled","unit":0,"class":4,"bound_ms":5000,"quality":"GOOD","age_ms":451,"ts":381424,"updates":36,"value":-28}
1791638433.965 {"t":"ns","node":25344,"hash":3354298913,"owner":25344,"kind":"sampled","unit":100,"class":4,"bound_ms":5000,"quality":"GOOD","age_ms":466,"ts":381423,"updates":36,"value":2}
1791638433.965 {"t":"ns","node":25344,"hash":1771187623,"owner":25344,"kind":"sampled","unit":101,"class":4,"bound_ms":30000,"quality":"GOOD","age_ms":480,"ts":381423,"updates":36,"value":250307}
1791638433.965 {"t":"ns","node":25344,"hash":1245650351,"owner":25344,"kind":"sampled","unit":0,"class":3,"bound_ms":500,"quality":"GOOD","age_ms":52,"ts":381865,"updates":3741,"value":1660948125}
1791638433.965 {"t":"ns","node":25344,"hash":2033492666,"owner":25344,"kind":"sampled","unit":0,"class":3,"bound_ms":0,"quality":"NO_DATA","age_ms":0,"ts":0,"updates":0,"value":null}
1791638433.965 {"t":"ns","node":25344,"hash":4103947588,"owner":25344,"kind":"sampled","unit":80,"class":4,"bound_ms":30000,"quality":"GOOD","age_ms":521,"ts":381423,"updates":36,"value":381}
1791638433.965 {"t":"ns","node":25344,"hash":1662441583,"owner":25344,"kind":"sampled","unit":101,"class":4,"bound_ms":30000,"quality":"GOOD","age_ms":547,"ts":381423,"updates":36,"value":172032}
1791638444.118 {"t":"clk","node":25344,"up_ms":391985}
1791638444.118 {"t":"led","node":25344,"shows":"red","app":0}
1791638444.118 {"t":"event","at_ms":381801,"node":25344,"kind":"probe_timeout","peer":254,"slot":2,"a":132,"b":0}
1791638444.118 {"t":"event","at_ms":382607,"node":25344,"kind":"peer_admitted","peer":33120,"slot":1,"a":0,"b":0}
1791638444.118 {"t":"event","at_ms":383278,"node":25344,"kind":"peer_admitted","peer":29544,"slot":0,"a":0,"b":0}
1791638444.118 {"t":"event","at_ms":384607,"node":25344,"kind":"peer_admitted","peer":33120,"slot":1,"a":0,"b":0}
1791638444.118 {"t":"event","at_ms":384801,"node":25344,"kind":"probe_timeout","peer":254,"slot":2,"a":133,"b":0}
1791638444.118 {"t":"event","at_ms":385278,"node":25344,"kind":"peer_admitted","peer":29544,"slot":0,"a":0,"b":0}
1791638444.118 {"t":"event","at_ms":386607,"node":25344,"kind":"peer_admitted","peer":33120,"slot":1,"a":0,"b":0}
1791638444.118 {"t":"event","at_ms":387278,"node":25344,"kind":"peer_admitted","peer":29544,"slot":0,"a":0,"b":0}
1791638444.118 {"t":"event","at_ms":387801,"node":25344,"kind":"probe_timeout","peer":254,"slot":2,"a":134,"b":0}
1791638444.118 {"t":"event","at_ms":388607,"node":25344,"kind":"peer_admitted","peer":33120,"slot":1,"a":0,"b":0}
1791638444.118 {"t":"event","at_ms":389278,"node":25344,"kind":"peer_admitted","peer":29544,"slot":0,"a":0,"b":0}
1791638444.118 {"t":"event","at_ms":390607,"node":25344,"kind":"peer_admitted","peer":33120,"slot":1,"a":0,"b":0}
1791638444.118 {"t":"event","at_ms":390801,"node":25344,"kind":"probe_timeout","peer":254,"slot":2,"a":135,"b":0}
1791638444.118 {"t":"event","at_ms":391278,"node":25344,"kind":"peer_admitted","peer":29544,"slot":0,"a":0,"b":0}
1791638444.118 {"t":"link","up_ms":392111,"node":25344,"peer":29544,"mac":"b8:1f:3f:da:73:68","state":"alive","epoch":172,"espnow_ver":2,"mtu":1446,"misses":0,"rssi":-28,"tx":{"frames":1299,"cb_ok":1299,"cb_fail":0,"enqueue_err":0,"pdr_ppm":1000000},"rx":{"frames":5390,"lost_seqgap":0,"reorder_dup":0,"dropped_bad":0,"hb_lost":13,"bcast_frames":3890,"pdr_ppm":1000000},"rtt":{"samples":131,"min_us":5334,"max_us":17274,"timeouts":0,"txq_last_us":3667,"txq_max_us":3667,"remote_turnaround_us":849,"remote_turnaround_max_us":1220,"p50_us":[4000,6000],"p99_us":[16000,22000],"hist":[0,0,0,0,105,18,5,1,2,0,0,0,0,0,0,0]}}
1791638444.118 {"t":"link","up_ms":392166,"node":25344,"peer":33120,"mac":"b8:1f:3f:da:81:60","state":"alive","epoch":294,"espnow_ver":2,"mtu":1446,"misses":0,"rssi":-20,"tx":{"frames":1302,"cb_ok":1302,"cb_fail":0,"enqueue_err":0,"pdr_ppm":1000000},"rx":{"frames":5396,"lost_seqgap":2,"reorder_dup":0,"dropped_bad":0,"hb_lost":6,"bcast_frames":3896,"pdr_ppm":999629},"rtt":{"samples":131,"min_us":5818,"max_us":34674,"timeouts":0,"txq_last_us":3862,"txq_max_us":20703,"remote_turnaround_us":1047,"remote_turnaround_max_us":1211,"p50_us":[4000,6000],"p99_us":[30000,42000],"hist":[0,0,0,0,66,57,4,1,1,0,2,0,0,0,0,0]}}
1791638444.118 {"t":"link","up_ms":392209,"node":25344,"peer":254,"mac":"02:00:00:00:00:fe","state":"dead","epoch":0,"espnow_ver":0,"mtu":226,"misses":6,"rssi":0,"tx":{"frames":138,"cb_ok":0,"cb_fail":0,"enqueue_err":0,"pdr_ppm":null},"rx":{"frames":43,"lost_seqgap":0,"reorder_dup":0,"dropped_bad":0,"hb_lost":0,"bcast_frames":0,"pdr_ppm":1000000},"rtt":{"samples":2,"min_us":53023,"max_us":70004,"timeouts":126,"txq_last_us":0,"txq_max_us":0,"remote_turnaround_us":13,"remote_turnaround_max_us":13,"p50_us":[42000,60000],"p99_us":[60000,85000],"hist":[0,0,0,0,0,0,0,0,0,0,0,1,1,0,0,0]}}
1791638444.118 {"t":"auth","node":25344,"up_ms":392265,"enrolled":1,"required":1,"verified_peers":2,"verified":2,"cache_hits":388,"refused":0,"rate_limited":0,"stale_epoch":0,"verify_us_max":83580,"link_stack_free_b":820,"crypto_stack_free_b":1268,"tags_ok":2611,"bad_tag":0,"replayed":0,"untagged":0,"bcast_dropped":0,"beacon_epoch_ignored":0,"tag_us_max":1018}
1791638444.118 {"t":"act","node":25344,"setpoint":0,"has_value":0,"writes_served":0}
1791638444.539 {"t":"peers","node":25344,"own_period_ms":100,"own_busy":0,"channel":1,"scanning":0,"scans":0,"hops":0,"found":0,"lost_to_found_ms":0,"moves_followed":0,"moves_refused":0,"sweeps":0,"sweep_found":0,"sweeping":0,"search_visits":0,"relay":0,"fwd_u":0,"fwd_b":0,"fwd_h":0,"relay_dup":4065,"list":[{"id":29544,"state":"alive","via_relay":0,"period_ms":100,"misses":6,"busy":1,"rtt_n":131},{"id":33120,"state":"alive","via_relay":0,"period_ms":100,"misses":6,"busy":0,"rtt_n":131},{"id":254,"state":"dead","via_relay":0,"period_ms":100,"misses":6,"busy":0,"rtt_n":2}]}
1791638444.539 {"t":"ss","node":25344,"accepted":0,"unsigned":0,"unknown_sender":0,"bad_signature":0,"replayed":0,"rate_limited":0,"verify_us_max":0,"floors":[]}
1791638444.539 {"t":"rec","node":25344,"up_ms":392360,"settled":1,"sent":1567,"received":1562,"malformed":0,"views":3,"replies_fenced":0,"actors":[{"key":1245650351,"running":1,"term":11,"owner":25344,"owner_term":11,"assigned":25344,"starts":1,"fenced":0,"released":0}]}
1791638444.539 {"t":"node","up_ms":392387,"node":25344,"epoch":245,"peers_alive":2,"peers_dead":1,"no_radio":0,"free_dram":250307,"largest_block":172032,"rx":{"total":19063,"bad_frame":0,"unknown_peer":79,"wrong_dst":0,"short_payload":0,"unknown_opcode":0,"queue_dropped":51},"tx":{"total":6844,"enqueue_err":0,"done_queue_dropped":0},"membership":{"deaths":1,"revivals":0,"reboots_seen":0,"table_full":0,"events_dropped":0}}
1791638444.539 {"t":"ns","node":25344,"hash":2410274060,"owner":25344,"kind":"sampled","unit":100,"class":4,"bound_ms":0,"quality":"GOOD","age_ms":429,"ts":391986,"updates":37,"value":245}
1791638444.539 {"t":"ns","node":25344,"hash":1274253983,"owner":25344,"kind":"sampled","unit":0,"class":4,"bound_ms":5000,"quality":"GOOD","age_ms":453,"ts":391987,"updates":37,"value":-28}
1791638444.539 {"t":"ns","node":25344,"hash":3354298913,"owner":25344,"kind":"sampled","unit":100,"class":4,"bound_ms":5000,"quality":"GOOD","age_ms":468,"ts":391986,"updates":37,"value":2}
1791638444.539 {"t":"ns","node":25344,"hash":1771187623,"owner":25344,"kind":"sampled","unit":101,"class":4,"bound_ms":30000,"quality":"GOOD","age_ms":483,"ts":391986,"updates":37,"value":250307}
1791638444.539 {"t":"ns","node":25344,"hash":1245650351,"owner":25344,"kind":"sampled","unit":0,"class":3,"bound_ms":500,"quality":"GOOD","age_ms":18,"ts":392465,"updates":3847,"value":1660948231}
1791638444.539 {"t":"ns","node":25344,"hash":2033492666,"owner":25344,"kind":"sampled","unit":0,"class":3,"bound_ms":0,"quality":"NO_DATA","age_ms":0,"ts":0,"updates":0,"value":null}
1791638444.539 {"t":"ns","node":25344,"hash":4103947588,"owner":25344,"kind":"sampled","unit":80,"class":4,"bound_ms":30000,"quality":"GOOD","age_ms":524,"ts":391986,"updates":37,"value":391}
1791638444.539 {"t":"ns","node":25344,"hash":1662441583,"owner":25344,"kind":"sampled","unit":101,"class":4,"bound_ms":30000,"quality":"GOOD","age_ms":539,"ts":391986,"updates":37,"value":172032}
1791638454.672 {"t":"clk","node":25344,"up_ms":402539}
1791638454.672 {"t":"led","node":25344,"shows":"red","app":0}
1791638454.672 {"t":"event","at_ms":392607,"node":25344,"kind":"peer_admitted","peer":33120,"slot":1,"a":0,"b":0}
1791638454.672 {"t":"event","at_ms":393278,"node":25344,"kind":"peer_admitted","peer":29544,"slot":0,"a":0,"b":0}
1791638454.672 {"t":"event","at_ms":393801,"node":25344,"kind":"probe_timeout","peer":254,"slot":2,"a":136,"b":0}
1791638454.672 {"t":"event","at_ms":394607,"node":25344,"kind":"peer_admitted","peer":33120,"slot":1,"a":0,"b":0}
1791638454.672 {"t":"event","at_ms":395278,"node":25344,"kind":"peer_admitted","peer":29544,"slot":0,"a":0,"b":0}
1791638454.672 {"t":"event","at_ms":396607,"node":25344,"kind":"peer_admitted","peer":33120,"slot":1,"a":0,"b":0}
1791638454.672 {"t":"event","at_ms":396801,"node":25344,"kind":"probe_timeout","peer":254,"slot":2,"a":137,"b":0}
1791638454.672 {"t":"event","at_ms":397278,"node":25344,"kind":"peer_admitted","peer":29544,"slot":0,"a":0,"b":0}
1791638454.672 {"t":"event","at_ms":398607,"node":25344,"kind":"peer_admitted","peer":33120,"slot":1,"a":0,"b":0}
1791638454.672 {"t":"event","at_ms":399278,"node":25344,"kind":"peer_admitted","peer":29544,"slot":0,"a":0,"b":0}
1791638454.672 {"t":"event","at_ms":399801,"node":25344,"kind":"probe_timeout","peer":254,"slot":2,"a":138,"b":0}
1791638454.672 {"t":"event","at_ms":400607,"node":25344,"kind":"peer_admitted","peer":33120,"slot":1,"a":0,"b":0}
1791638454.672 {"t":"event","at_ms":401278,"node":25344,"kind":"peer_admitted","peer":29544,"slot":0,"a":0,"b":0}
1791638454.672 {"t":"event","at_ms":402607,"node":25344,"kind":"peer_admitted","peer":33120,"slot":1,"a":0,"b":0}
1791638454.672 {"t":"link","up_ms":402666,"node":25344,"peer":29544,"mac":"b8:1f:3f:da:73:68","state":"alive","epoch":172,"espnow_ver":2,"mtu":1446,"misses":0,"rssi":-28,"tx":{"frames":1334,"cb_ok":1334,"cb_fail":0,"enqueue_err":0,"pdr_ppm":1000000},"rx":{"frames":5536,"lost_seqgap":0,"reorder_dup":0,"dropped_bad":0,"hb_lost":13,"bcast_frames":3996,"pdr_ppm":1000000},"rtt":{"samples":134,"min_us":5334,"max_us":17274,"timeouts":0,"txq_last_us":3667,"txq_max_us":3667,"remote_turnaround_us":754,"remote_turnaround_max_us":1220,"p50_us":[4000,6000],"p99_us":[16000,22000],"hist":[0,0,0,0,107,19,5,1,2,0,0,0,0,0,0,0]}}
1791638454.672 {"t":"link","up_ms":402709,"node":25344,"peer":33120,"mac":"b8:1f:3f:da:81:60","state":"alive","epoch":294,"espnow_ver":2,"mtu":1446,"misses":0,"rssi":-20,"tx":{"frames":1338,"cb_ok":1338,"cb_fail":0,"enqueue_err":0,"pdr_ppm":1000000},"rx":{"frames":5542,"lost_seqgap":2,"reorder_dup":0,"dropped_bad":0,"hb_lost":6,"bcast_frames":4001,"pdr_ppm":999639},"rtt":{"samples":134,"min_us":5818,"max_us":34674,"timeouts":0,"txq_last_us":3862,"txq_max_us":20703,"remote_turnaround_us":1047,"remote_turnaround_max_us":1211,"p50_us":[4000,6000],"p99_us":[30000,42000],"hist":[0,0,0,0,67,59,4,1,1,0,2,0,0,0,0,0]}}
1791638454.672 {"t":"link","up_ms":402764,"node":25344,"peer":254,"mac":"02:00:00:00:00:fe","state":"dead","epoch":0,"espnow_ver":0,"mtu":226,"misses":6,"rssi":0,"tx":{"frames":142,"cb_ok":0,"cb_fail":0,"enqueue_err":0,"pdr_ppm":null},"rx":{"frames":43,"lost_seqgap":0,"reorder_dup":0,"dropped_bad":0,"hb_lost":0,"bcast_frames":0,"pdr_ppm":1000000},"rtt":{"samples":2,"min_us":53023,"max_us":70004,"timeouts":129,"txq_last_us":0,"txq_max_us":0,"remote_turnaround_us":13,"remote_turnaround_max_us":13,"p50_us":[42000,60000],"p99_us":[60000,85000],"hist":[0,0,0,0,0,0,0,0,0,0,0,1,1,0,0,0]}}
1791638454.672 {"t":"auth","node":25344,"up_ms":402818,"enrolled":1,"required":1,"verified_peers":2,"verified":2,"cache_hits":399,"refused":0,"rate_limited":0,"stale_epoch":0,"verify_us_max":83580,"link_stack_free_b":820,"crypto_stack_free_b":1268,"tags_ok":2681,"bad_tag":0,"replayed":0,"untagged":0,"bcast_dropped":0,"beacon_epoch_ignored":0,"tag_us_max":1018}
1791638454.672 {"t":"act","node":25344,"setpoint":0,"has_value":0,"writes_served":0}
1791638455.088 {"t":"peers","node":25344,"own_period_ms":100,"own_busy":0,"channel":1,"scanning":0,"scans":0,"hops":0,"found":0,"lost_to_found_ms":0,"moves_followed":0,"moves_refused":0,"sweeps":0,"sweep_found":0,"sweeping":0,"search_visits":0,"relay":0,"fwd_u":0,"fwd_b":0,"fwd_h":0,"relay_dup":4177,"list":[{"id":29544,"state":"alive","via_relay":0,"period_ms":100,"misses":6,"busy":1,"rtt_n":135},{"id":33120,"state":"alive","via_relay":0,"period_ms":100,"misses":6,"busy":0,"rtt_n":134},{"id":254,"state":"dead","via_relay":0,"period_ms":100,"misses":6,"busy":0,"rtt_n":2}]}
1791638455.088 {"t":"ss","node":25344,"accepted":0,"unsigned":0,"unknown_sender":0,"bad_signature":0,"replayed":0,"rate_limited":0,"verify_us_max":0,"floors":[]}
1791638455.088 {"t":"rec","node":25344,"up_ms":402914,"settled":1,"sent":1609,"received":1604,"malformed":0,"views":3,"replies_fenced":0,"actors":[{"key":1245650351,"running":1,"term":11,"owner":25344,"owner_term":11,"assigned":25344,"starts":1,"fenced":0,"released":0}]}
1791638455.088 {"t":"node","up_ms":402940,"node":25344,"epoch":245,"peers_alive":2,"peers_dead":1,"no_radio":0,"free_dram":250307,"largest_block":172032,"rx":{"total":19577,"bad_frame":0,"unknown_peer":79,"wrong_dst":0,"short_payload":0,"unknown_opcode":0,"queue_dropped":51},"tx":{"total":7029,"enqueue_err":0,"done_queue_dropped":0},"membership":{"deaths":1,"revivals":0,"reboots_seen":0,"table_full":0,"events_dropped":0}}
1791638455.088 {"t":"ns","node":25344,"hash":2410274060,"owner":25344,"kind":"sampled","unit":100,"class":4,"bound_ms":0,"quality":"GOOD","age_ms":427,"ts":402542,"updates":38,"value":245}
1791638455.088 {"t":"ns","node":25344,"hash":1274253983,"owner":25344,"kind":"sampled","unit":0,"class":4,"bound_ms":5000,"quality":"GOOD","age_ms":442,"ts":402542,"updates":38,"value":-28}
1791638455.088 {"t":"ns","node":25344,"hash":3354298913,"owner":25344,"kind":"sampled","unit":100,"class":4,"bound_ms":5000,"quality":"GOOD","age_ms":467,"ts":402542,"updates":38,"value":2}
1791638455.088 {"t":"ns","node":25344,"hash":1771187623,"owner":25344,"kind":"sampled","unit":101,"class":4,"bound_ms":30000,"quality":"GOOD","age_ms":481,"ts":402542,"updates":38,"value":250307}
1791638455.088 {"t":"ns","node":25344,"hash":1245650351,"owner":25344,"kind":"sampled","unit":0,"class":3,"bound_ms":500,"quality":"GOOD","age_ms":72,"ts":402965,"updates":3952,"value":1660948336}
1791638455.088 {"t":"ns","node":25344,"hash":2033492666,"owner":25344,"kind":"sampled","unit":0,"class":3,"bound_ms":0,"quality":"NO_DATA","age_ms":0,"ts":0,"updates":0,"value":null}
1791638455.088 {"t":"ns","node":25344,"hash":4103947588,"owner":25344,"kind":"sampled","unit":80,"class":4,"bound_ms":30000,"quality":"GOOD","age_ms":523,"ts":402542,"updates":38,"value":402}
1791638455.088 {"t":"ns","node":25344,"hash":1662441583,"owner":25344,"kind":"sampled","unit":101,"class":4,"bound_ms":30000,"quality":"GOOD","age_ms":538,"ts":402542,"updates":38,"value":172032}
