1791637739.810 I (2684071) pot.m0: fw: begin counter 5, 887040 B: ok
1791637743.047 {"t":"clk","node":29544,"up_ms":2685964}
1791637743.047 {"t":"hs","up_s":2685,"running":1,"sta":1,"has_ip":1,"ch":1,"rssi":-46,"clients":0,"reconnects":0,"int_free":205539,"psram_free":8336684,"boot_pick":1}
1791637743.047 {"t":"led","node":29544,"shows":"yellow","app":0}
1791637743.047 {"t":"event","at_ms":2676005,"node":29544,"kind":"peer_admitted","peer":25344,"slot":0,"a":0,"b":0}
1791637743.047 {"t":"event","at_ms":2677186,"node":29544,"kind":"peer_admitted","peer":33120,"slot":1,"a":0,"b":0}
1791637743.047 {"t":"event","at_ms":2678005,"node":29544,"kind":"peer_admitted","peer":25344,"slot":0,"a":0,"b":0}
1791637743.047 {"t":"event","at_ms":2679186,"node":29544,"kind":"peer_admitted","peer":33120,"slot":1,"a":0,"b":0}
1791637743.047 {"t":"event","at_ms":2680005,"node":29544,"kind":"peer_admitted","peer":25344,"slot":0,"a":0,"b":0}
1791637743.047 {"t":"event","at_ms":2681186,"node":29544,"kind":"peer_admitted","peer":33120,"slot":1,"a":0,"b":0}
1791637743.047 {"t":"event","at_ms":2682005,"node":29544,"kind":"peer_admitted","peer":25344,"slot":0,"a":0,"b":0}
1791637743.047 {"t":"event","at_ms":2683186,"node":29544,"kind":"peer_admitted","peer":33120,"slot":1,"a":0,"b":0}
1791637743.047 {"t":"event","at_ms":2684005,"node":29544,"kind":"peer_admitted","peer":25344,"slot":0,"a":0,"b":0}
1791637743.047 {"t":"event","at_ms":2685186,"node":29544,"kind":"peer_admitted","peer":33120,"slot":1,"a":0,"b":0}
1791637743.047 {"t":"event","at_ms":2686005,"node":29544,"kind":"peer_admitted","peer":25344,"slot":0,"a":0,"b":0}
1791637743.047 {"t":"link","up_ms":2686072,"node":29544,"peer":25344,"mac":"b8:1f:3f:da:63:00","state":"alive","epoch":244,"espnow_ver":2,"mtu":1446,"misses":0,"rssi":-27,"tx":{"frames":9375,"cb_ok":9370,"cb_fail":5,"enqueue_err":0,"pdr_ppm":999466},"rx":{"frames":36602,"lost_seqgap":5,"reorder_dup":0,"dropped_bad":0,"hb_lost":532,"bcast_frames":26276,"pdr_ppm":999863},"rtt":{"samples":1339,"min_us":5334,"max_us":54972,"timeouts":3,"txq_last_us":27666,"txq_max_us":33380,"remote_turnaround_us":967,"remote_turnaround_max_us":9684,"p50_us":[4000,6000],"p99_us":[22000,30000],"hist":[0,0,0,0,1045,213,36,21,6,8,7,3,0,0,0,0]}}
1791637743.047 {"t":"link","up_ms":2686145,"node":29544,"peer":33120,"mac":"b8:1f:3f:da:81:60","state":"alive","epoch":293,"espnow_ver":2,"mtu":1446,"misses":0,"rssi":-10,"tx":{"frames":8802,"cb_ok":8693,"cb_fail":109,"enqueue_err":0,"pdr_ppm":987616},"rx":{"frames":34606,"lost_seqgap":6,"reorder_dup":0,"dropped_bad":0,"hb_lost":81,"bcast_frames":24690,"pdr_ppm":999826},"rtt":{"samples":1239,"min_us":5351,"max_us":54507,"timeouts":102,"txq_last_us":23675,"txq_max_us":44448,"remote_turnaround_us":905,"remote_turnaround_max_us":34040,"p50_us":[4000,6000],"p99_us":[30000,42000],"hist":[0,0,0,0,953,197,34,19,13,7,7,9,0,0,0,0]}}
1791637743.047 {"t":"auth","node":29544,"up_ms":2686210,"enrolled":1,"required":1,"verified_peers":2,"verified":11,"cache_hits":2579,"refused":0,"rate_limited":0,"stale_epoch":0,"verify_us_max":58955,"link_stack_free_b":1516,"crypto_stack_free_b":1228,"tags_ok":17655,"bad_tag":0,"replayed":0,"untagged":0,"bcast_dropped":0,"beacon_epoch_ignored":0,"tag_us_max":2191}
1791637743.047 {"t":"act","node":29544,"setpoint":0,"has_value":0,"writes_served":0}
1791637743.047 {"t":"peers","node":29544,"own_period_ms":100,"own_busy":1,"channel":1,"scanning":0,"scans":0,"hops":0,"found":0,"lost_to_found_ms":0,"moves_followed":0,"moves_refused":0,"sweeps":0,"sweep_found":0,"sweeping":0,"search_visits":0,"relay":1,"fwd_u":0,"fwd_b":50969,"fwd_h":2590,"relay_dup":0,"list":[{"id":25344,"state":"alive","via_relay":0,"period_ms":100,"misses":6,"busy":0,"rtt_n":1339},{"id":33120,"state":"alive","via_relay":0,"period_ms":100,"misses":6,"busy":0,"rtt_n":1239}]}
1791637743.047 {"t":"ss","node":29544,"accepted":0,"unsigned":0,"unknown_sender":0,"bad_signature":0,"replayed":0,"rate_limited":0,"verify_us_max":0,"floors":[]}
1791637743.047 {"t":"rec","node":29544,"up_ms":2686300,"settled":1,"sent":10738,"received":10311,"malformed":0,"views":16,"replies_fenced":0,"actors":[{"key":1245650351,"running":0,"term":0,"owner":25344,"owner_term":9,"assigned":25344,"starts":1,"fenced":0,"released":1}]}
1791637743.398 {"t":"node","up_ms":2686314,"node":29544,"epoch":171,"peers_alive":2,"peers_dead":0,"no_radio":0,"free_dram":205539,"largest_block":131072,"rx":{"total":71229,"bad_frame":0,"unknown_peer":16,"wrong_dst":0,"short_payload":0,"unknown_opcode":0,"queue_dropped":8},"tx":{"total":46384,"enqueue_err":0,"done_queue_dropped":0},"membership":{"deaths":8,"revivals":3,"reboots_seen":5,"table_full":0,"events_dropped":0}}
1791637743.398 {"t":"ns","node":29544,"hash":96177158,"owner":29544,"kind":"sampled","unit":0,"class":4,"bound_ms":5000,"quality":"GOOD","age_ms":373,"ts":2685979,"updates":256,"value":-27}
1791637743.398 {"t":"ns","node":29544,"hash":1162973580,"owner":29544,"kind":"sampled","unit":101,"class":4,"bound_ms":30000,"quality":"GOOD","age_ms":386,"ts":2685979,"updates":256,"value":205539}
1791637743.398 {"t":"ns","node":29544,"hash":4013525678,"owner":29544,"kind":"sampled","unit":101,"class":4,"bound_ms":30000,"quality":"GOOD","age_ms":410,"ts":2685979,"updates":256,"value":131072}
1791637743.398 {"t":"ns","node":29544,"hash":1245650351,"owner":25344,"kind":"sampled","unit":0,"class":3,"bound_ms":500,"quality":"NO_DATA","age_ms":0,"ts":0,"updates":0,"value":null}
1791637743.398 {"t":"ns","node":29544,"hash":2033492666,"owner":29544,"kind":"sampled","unit":0,"class":3,"bound_ms":0,"quality":"NO_DATA","age_ms":0,"ts":0,"updates":0,"value":null}
1791637743.398 {"t":"ns","node":29544,"hash":1303338069,"owner":29544,"kind":"sampled","unit":100,"class":4,"bound_ms":0,"quality":"GOOD","age_ms":450,"ts":2685979,"updates":256,"value":171}
1791637743.398 {"t":"ns","node":29544,"hash":288706273,"owner":29544,"kind":"sampled","unit":80,"class":4,"bound_ms":30000,"quality":"GOOD","age_ms":464,"ts":2685979,"updates":256,"value":2685}
1791637743.398 {"t":"ns","node":29544,"hash":2548334194,"owner":29544,"kind":"sampled","unit":100,"class":4,"bound_ms":5000,"quality":"GOOD","age_ms":488,"ts":2685979,"updates":256,"value":2}
1791637753.564 {"t":"clk","node":29544,"up_ms":2696480}
1791637753.564 {"t":"hs","up_s":2696,"running":1,"sta":1,"has_ip":1,"ch":1,"rssi":-46,"clients":0,"reconnects":0,"int_free":205539,"psram_free":8336684,"boot_pick":1}
1791637753.564 {"t":"led","node":29544,"shows":"green","app":0}
1791637753.564 {"t":"event","at_ms":2687186,"node":29544,"kind":"peer_admitted","peer":33120,"slot":1,"a":0,"b":0}
1791637753.564 {"t":"event","at_ms":2688005,"node":29544,"kind":"peer_admitted","peer":25344,"slot":0,"a":0,"b":0}
1791637753.564 {"t":"event","at_ms":2689186,"node":29544,"kind":"peer_admitted","peer":33120,"slot":1,"a":0,"b":0}
1791637753.564 {"t":"event","at_ms":2690018,"node":29544,"kind":"peer_admitted","peer":25344,"slot":0,"a":0,"b":0}
1791637753.564 {"t":"event","at_ms":2691186,"node":29544,"kind":"peer_admitted","peer":33120,"slot":1,"a":0,"b":0}
1791637753.564 {"t":"event","at_ms":2692005,"node":29544,"kind":"peer_admitted","peer":25344,"slot":0,"a":0,"b":0}
1791637753.564 {"t":"event","at_ms":2693187,"node":29544,"kind":"peer_admitted","peer":33120,"slot":1,"a":0,"b":0}
1791637753.564 {"t":"event","at_ms":2694005,"node":29544,"kind":"peer_admitted","peer":25344,"slot":0,"a":0,"b":0}
1791637753.564 {"t":"event","at_ms":2695187,"node":29544,"kind":"peer_admitted","peer":33120,"slot":1,"a":0,"b":0}
1791637753.564 {"t":"event","at_ms":2696006,"node":29544,"kind":"peer_admitted","peer":25344,"slot":0,"a":0,"b":0}
1791637753.564 {"t":"link","up_ms":2696611,"node":29544,"peer":25344,"mac":"b8:1f:3f:da:63:00","state":"alive","epoch":244,"espnow_ver":2,"mtu":1446,"misses":0,"rssi":-28,"tx":{"frames":9506,"cb_ok":9501,"cb_fail":5,"enqueue_err":0,"pdr_ppm":999474},"rx":{"frames":36835,"lost_seqgap":5,"reorder_dup":0,"dropped_bad":0,"hb_lost":533,"bcast_frames":26380,"pdr_ppm":999864},"rtt":{"samples":1344,"min_us":5334,"max_us":54972,"timeouts":3,"txq_last_us":941,"txq_max_us":33380,"remote_turnaround_us":975,"remote_turnaround_max_us":9684,"p50_us":[4000,6000],"p99_us":[22000,30000],"hist":[0,0,0,0,1048,215,36,21,6,8,7,3,0,0,0,0]}}
1791637753.564 {"t":"link","up_ms":2696662,"node":29544,"peer":33120,"mac":"b8:1f:3f:da:81:60","state":"alive","epoch":293,"espnow_ver":2,"mtu":1446,"misses":0,"rssi":-9,"tx":{"frames":8839,"cb_ok":8730,"cb_fail":109,"enqueue_err":0,"pdr_ppm":987668},"rx":{"frames":34753,"lost_seqgap":6,"reorder_dup":0,"dropped_bad":0,"hb_lost":81,"bcast_frames":24795,"pdr_ppm":999827},"rtt":{"samples":1244,"min_us":5351,"max_us":54507,"timeouts":102,"txq_last_us":4877,"txq_max_us":44448,"remote_turnaround_us":956,"remote_turnaround_max_us":34040,"p50_us":[4000,6000],"p99_us":[30000,42000],"hist":[0,0,0,0,955,200,34,19,13,7,7,9,0,0,0,0]}}
1791637753.564 {"t":"auth","node":29544,"up_ms":2696713,"enrolled":1,"required":1,"verified_peers":2,"verified":11,"cache_hits":2589,"refused":0,"rate_limited":0,"stale_epoch":0,"verify_us_max":58955,"link_stack_free_b":1516,"crypto_stack_free_b":1228,"tags_ok":17815,"bad_tag":0,"replayed":0,"untagged":0,"bcast_dropped":0,"beacon_epoch_ignored":0,"tag_us_max":2191}
1791637753.564 {"t":"act","node":29544,"setpoint":0,"has_value":0,"writes_served":0}
1791637753.564 {"t":"peers","node":29544,"own_period_ms":100,"own_busy":1,"channel":1,"scanning":0,"scans":0,"hops":0,"found":0,"lost_to_found_ms":0,"moves_followed":0,"moves_refused":0,"sweeps":0,"sweep_found":0,"sweeping":0,"search_visits":0,"relay":1,"fwd_u":0,"fwd_b":51178,"fwd_h":2600,"relay_dup":0,"list":[{"id":25344,"state":"alive","via_relay":0,"period_ms":100,"misses":6,"busy":0,"rtt_n":1344},{"id":33120,"state":"alive","via_relay":0,"period_ms":100,"misses":6,"busy":0,"rtt_n":1244}]}
1791637753.564 {"t":"ss","node":29544,"accepted":0,"unsigned":0,"unknown_sender":0,"bad_signature":0,"replayed":0,"rate_limited":0,"verify_us_max":0,"floors":[]}
1791637753.564 {"t":"rec","node":29544,"up_ms":2696803,"settled":1,"sent":10779,"received":10346,"malformed":0,"views":16,"replies_fenced":0,"actors":[{"key":1245650351,"running":0,"term":0,"owner":25344,"owner_term":9,"assigned":25344,"starts":1,"fenced":0,"released":1}]}
1791637753.930 {"t":"node","up_ms":2696828,"node":29544,"epoch":171,"peers_alive":2,"peers_dead":0,"no_radio":0,"free_dram":205539,"largest_block":131072,"rx":{"total":71610,"bad_frame":0,"unknown_peer":16,"wrong_dst":0,"short_payload":0,"unknown_opcode":0,"queue_dropped":8},"tx":{"total":46661,"enqueue_err":0,"done_queue_dropped":0},"membership":{"deaths":8,"revivals":3,"reboots_seen":5,"table_full":0,"events_dropped":0}}
1791637753.930 {"t":"ns","node":29544,"hash":96177158,"owner":29544,"kind":"sampled","unit":0,"class":4,"bound_ms":5000,"quality":"GOOD","age_ms":371,"ts":2696495,"updates":257,"value":-27}
1791637753.930 {"t":"ns","node":29544,"hash":1162973580,"owner":29544,"kind":"sampled","unit":101,"class":4,"bound_ms":30000,"quality":"GOOD","age_ms":384,"ts":2696495,"updates":257,"value":205539}
1791637753.930 {"t":"ns","node":29544,"hash":4013525678,"owner":29544,"kind":"sampled","unit":101,"class":4,"bound_ms":30000,"quality":"GOOD","age_ms":398,"ts":2696495,"updates":257,"value":131072}
1791637753.930 {"t":"ns","node":29544,"hash":1245650351,"owner":25344,"kind":"sampled","unit":0,"class":3,"bound_ms":500,"quality":"NO_DATA","age_ms":0,"ts":0,"updates":0,"value":null}
1791637753.930 {"t":"ns","node":29544,"hash":2033492666,"owner":29544,"kind":"sampled","unit":0,"class":3,"bound_ms":0,"quality":"NO_DATA","age_ms":0,"ts":0,"updates":0,"value":null}
1791637753.930 {"t":"ns","node":29544,"hash":1303338069,"owner":29544,"kind":"sampled","unit":100,"class":4,"bound_ms":0,"quality":"GOOD","age_ms":473,"ts":2696495,"updates":257,"value":171}
1791637753.930 {"t":"ns","node":29544,"hash":288706273,"owner":29544,"kind":"sampled","unit":80,"class":4,"bound_ms":30000,"quality":"GOOD","age_ms":486,"ts":2696495,"updates":257,"value":2696}
1791637753.930 {"t":"ns","node":29544,"hash":2548334194,"owner":29544,"kind":"sampled","unit":100,"class":4,"bound_ms":5000,"quality":"GOOD","age_ms":499,"ts":2696495,"updates":257,"value":2}
1791637764.073 {"t":"clk","node":29544,"up_ms":2707007}
1791637764.073 {"t":"hs","up_s":2707,"running":1,"sta":1,"has_ip":1,"ch":1,"rssi":-46,"clients":0,"reconnects":0,"int_free":205539,"psram_free":8336684,"boot_pick":1}
1791637764.073 {"t":"led","node":29544,"shows":"green","app":0}
1791637764.073 {"t":"event","at_ms":2697186,"node":29544,"kind":"peer_admitted","peer":33120,"slot":1,"a":0,"b":0}
1791637764.073 {"t":"event","at_ms":2698005,"node":29544,"kind":"peer_admitted","peer":25344,"slot":0,"a":0,"b":0}
1791637764.073 {"t":"event","at_ms":2699186,"node":29544,"kind":"peer_admitted","peer":33120,"slot":1,"a":0,"b":0}
1791637764.073 {"t":"event","at_ms":2700006,"node":29544,"kind":"peer_admitted","peer":25344,"slot":0,"a":0,"b":0}
1791637764.073 {"t":"event","at_ms":2701186,"node":29544,"kind":"peer_admitted","peer":33120,"slot":1,"a":0,"b":0}
1791637764.073 {"t":"event","at_ms":2702005,"node":29544,"kind":"peer_admitted","peer":25344,"slot":0,"a":0,"b":0}
1791637764.073 {"t":"event","at_ms":2703186,"node":29544,"kind":"peer_admitted","peer":33120,"slot":1,"a":0,"b":0}
1791637764.073 {"t":"event","at_ms":2704008,"node":29544,"kind":"peer_admitted","peer":25344,"slot":0,"a":0,"b":0}
1791637764.073 {"t":"event","at_ms":2705186,"node":29544,"kind":"peer_admitted","peer":33120,"slot":1,"a":0,"b":0}
1791637764.073 {"t":"event","at_ms":2706005,"node":29544,"kind":"peer_admitted","peer":25344,"slot":0,"a":0,"b":0}
1791637764.073 {"t":"link","up_ms":2707112,"node":29544,"peer":25344,"mac":"b8:1f:3f:da:63:00","state":"alive","epoch":244,"espnow_ver":2,"mtu":1446,"misses":0,"rssi":-28,"tx":{"frames":9637,"cb_ok":9631,"cb_fail":5,"enqueue_err":0,"pdr_ppm":999481},"rx":{"frames":37068,"lost_seqgap":5,"reorder_dup":0,"dropped_bad":0,"hb_lost":535,"bcast_frames":26483,"pdr_ppm":999865},"rtt":{"samples":1350,"min_us":5334,"max_us":54972,"timeouts":3,"txq_last_us":3826,"txq_max_us":33380,"remote_turnaround_us":952,"remote_turnaround_max_us":9684,"p50_us":[4000,6000],"p99_us":[22000,30000],"hist":[0,0,0,0,1052,215,38,21,6,8,7,3,0,0,0,0]}}
1791637764.073 {"t":"link","up_ms":2707163,"node":29544,"peer":33120,"mac":"b8:1f:3f:da:81:60","state":"alive","epoch":293,"espnow_ver":2,"mtu":1446,"misses":0,"rssi":-9,"tx":{"frames":8874,"cb_ok":8765,"cb_fail":109,"enqueue_err":0,"pdr_ppm":987716},"rx":{"frames":34898,"lost_seqgap":6,"reorder_dup":0,"dropped_bad":0,"hb_lost":82,"bcast_frames":24899,"pdr_ppm":999828},"rtt":{"samples":1249,"min_us":5351,"max_us":54507,"timeouts":102,"txq_last_us":2598,"txq_max_us":44448,"remote_turnaround_us":1116,"remote_turnaround_max_us":34040,"p50_us":[4000,6000],"p99_us":[30000,42000],"hist":[0,0,0,0,959,200,34,19,13,8,7,9,0,0,0,0]}}
1791637764.073 {"t":"auth","node":29544,"up_ms":2707217,"enrolled":1,"required":1,"verified_peers":2,"verified":11,"cache_hits":2600,"refused":0,"rate_limited":0,"stale_epoch":0,"verify_us_max":58955,"link_stack_free_b":1516,"crypto_stack_free_b":1228,"tags_ok":17976,"bad_tag":0,"replayed":0,"untagged":0,"bcast_dropped":0,"beacon_epoch_ignored":0,"tag_us_max":2191}
1791637764.073 {"t":"act","node":29544,"setpoint":0,"has_value":0,"writes_served":0}
1791637764.073 {"t":"peers","node":29544,"own_period_ms":100,"own_busy":1,"channel":1,"scanning":0,"scans":0,"hops":0,"found":0,"lost_to_found_ms":0,"moves_followed":0,"moves_refused":0,"sweeps":0,"sweep_found":0,"sweeping":0,"search_visits":0,"relay":1,"fwd_u":0,"fwd_b":51385,"fwd_h":2611,"relay_dup":0,"list":[{"id":25344,"state":"alive","via_relay":0,"period_ms":100,"misses":6,"busy":0,"rtt_n":1350},{"id":33120,"state":"alive","via_relay":0,"period_ms":100,"misses":6,"busy":0,"rtt_n":1249}]}
1791637764.073 {"t":"ss","node":29544,"accepted":0,"unsigned":0,"unknown_sender":0,"bad_signature":0,"replayed":0,"rate_limited":0,"verify_us_max":0,"floors":[]}
1791637764.073 {"t":"rec","node":29544,"up_ms":2707310,"settled":1,"sent":10819,"received":10381,"malformed":0,"views":16,"replies_fenced":0,"actors":[{"key":1245650351,"running":0,"term":0,"owner":25344,"owner_term":9,"assigned":25344,"starts":1,"fenced":0,"released":1}]}
1791637764.432 {"t":"node","up_ms":2707336,"node":29544,"epoch":171,"peers_alive":2,"peers_dead":0,"no_radio":0,"free_dram":205539,"largest_block":131072,"rx":{"total":71989,"bad_frame":0,"unknown_peer":16,"wrong_dst":0,"short_payload":0,"unknown_opcode":0,"queue_dropped":8},"tx":{"total":46937,"enqueue_err":0,"done_queue_dropped":0},"membership":{"deaths":8,"revivals":3,"reboots_seen":5,"table_full":0,"events_dropped":0}}
1791637764.433 {"t":"ns","node":29544,"hash":96177158,"owner":29544,"kind":"sampled","unit":0,"class":4,"bound_ms":5000,"quality":"GOOD","age_ms":351,"ts":2707022,"updates":258,"value":-27}
1791637764.433 {"t":"ns","node":29544,"hash":1162973580,"owner":29544,"kind":"sampled","unit":101,"class":4,"bound_ms":30000,"quality":"GOOD","age_ms":365,"ts":2707022,"updates":258,"value":205539}
1791637764.433 {"t":"ns","node":29544,"hash":4013525678,"owner":29544,"kind":"sampled","unit":101,"class":4,"bound_ms":30000,"quality":"GOOD","age_ms":378,"ts":2707022,"updates":258,"value":131072}
1791637764.433 {"t":"ns","node":29544,"hash":1245650351,"owner":25344,"kind":"sampled","unit":0,"class":3,"bound_ms":500,"quality":"NO_DATA","age_ms":0,"ts":0,"updates":0,"value":null}
1791637764.433 {"t":"ns","node":29544,"hash":2033492666,"owner":29544,"kind":"sampled","unit":0,"class":3,"bound_ms":0,"quality":"NO_DATA","age_ms":0,"ts":0,"updates":0,"value":null}
1791637764.433 {"t":"ns","node":29544,"hash":1303338069,"owner":29544,"kind":"sampled","unit":100,"class":4,"bound_ms":0,"quality":"GOOD","age_ms":440,"ts":2707022,"updates":258,"value":171}
1791637764.433 {"t":"ns","node":29544,"hash":288706273,"owner":29544,"kind":"sampled","unit":80,"class":4,"bound_ms":30000,"quality":"GOOD","age_ms":453,"ts":2707022,"updates":258,"value":2707}
1791637764.433 {"t":"ns","node":29544,"hash":2548334194,"owner":29544,"kind":"sampled","unit":100,"class":4,"bound_ms":5000,"quality":"GOOD","age_ms":477,"ts":2707022,"updates":258,"value":2}
1791637774.591 {"t":"clk","node":29544,"up_ms":2717512}
1791637774.591 {"t":"hs","up_s":2717,"running":1,"sta":1,"has_ip":1,"ch":1,"rssi":-46,"clients":0,"reconnects":0,"int_free":205539,"psram_free":8336684,"boot_pick":1}
1791637774.591 {"t":"led","node":29544,"shows":"green","app":0}
1791637774.591 {"t":"event","at_ms":2707186,"node":29544,"kind":"peer_admitted","peer":33120,"slot":1,"a":0,"b":0}
1791637774.591 {"t":"event","at_ms":2708005,"node":29544,"kind":"peer_admitted","peer":25344,"slot":0,"a":0,"b":0}
1791637774.591 {"t":"event","at_ms":2709188,"node":29544,"kind":"peer_admitted","peer":33120,"slot":1,"a":0,"b":0}
1791637774.591 {"t":"event","at_ms":2710016,"node":29544,"kind":"peer_admitted","peer":25344,"slot":0,"a":0,"b":0}
1791637774.591 {"t":"event","at_ms":2711186,"node":29544,"kind":"peer_admitted","peer":33120,"slot":1,"a":0,"b":0}
1791637774.591 {"t":"event","at_ms":2712005,"node":29544,"kind":"peer_admitted","peer":25344,"slot":0,"a":0,"b":0}
1791637774.591 {"t":"event","at_ms":2713186,"node":29544,"kind":"peer_admitted","peer":33120,"slot":1,"a":0,"b":0}
1791637774.591 {"t":"event","at_ms":2714005,"node":29544,"kind":"peer_admitted","peer":25344,"slot":0,"a":0,"b":0}
1791637774.591 {"t":"event","at_ms":2715186,"node":29544,"kind":"peer_admitted","peer":33120,"slot":1,"a":0,"b":0}
1791637774.591 {"t":"event","at_ms":2716005,"node":29544,"kind":"peer_admitted","peer":25344,"slot":0,"a":0,"b":0}
1791637774.591 {"t":"event","at_ms":2717186,"node":29544,"kind":"peer_admitted","peer":33120,"slot":1,"a":0,"b":0}
1791637774.591 {"t":"link","up_ms":2717623,"node":29544,"peer":25344,"mac":"b8:1f:3f:da:63:00","state":"alive","epoch":244,"espnow_ver":2,"mtu":1446,"misses":0,"rssi":-27,"tx":{"frames":9769,"cb_ok":9764,"cb_fail":5,"enqueue_err":0,"pdr_ppm":999488},"rx":{"frames":37301,"lost_seqgap":5,"reorder_dup":0,"dropped_bad":0,"hb_lost":538,"bcast_frames":26586,"pdr_ppm":999865},"rtt":{"samples":1355,"min_us":5334,"max_us":54972,"timeouts":3,"txq_last_us":3826,"txq_max_us":33380,"remote_turnaround_us":954,"remote_turnaround_max_us":9684,"p50_us":[4000,6000],"p99_us":[22000,30000],"hist":[0,0,0,0,1057,215,38,21,6,8,7,3,0,0,0,0]}}
1791637774.591 {"t":"link","up_ms":2717674,"node":29544,"peer":33120,"mac":"b8:1f:3f:da:81:60","state":"alive","epoch":293,"espnow_ver":2,"mtu":1446,"misses":0,"rssi":-9,"tx":{"frames":8911,"cb_ok":8802,"cb_fail":109,"enqueue_err":0,"pdr_ppm":987767},"rx":{"frames":35044,"lost_seqgap":6,"reorder_dup":0,"dropped_bad":0,"hb_lost":83,"bcast_frames":25003,"pdr_ppm":999828},"rtt":{"samples":1254,"min_us":5351,"max_us":54507,"timeouts":102,"txq_last_us":2598,"txq_max_us":44448,"remote_turnaround_us":967,"remote_turnaround_max_us":34040,"p50_us":[4000,6000],"p99_us":[30000,42000],"hist":[0,0,0,0,963,201,34,19,13,8,7,9,0,0,0,0]}}
1791637774.591 {"t":"auth","node":29544,"up_ms":2717737,"enrolled":1,"required":1,"verified_peers":2,"verified":11,"cache_hits":2610,"refused":0,"rate_limited":0,"stale_epoch":0,"verify_us_max":58955,"link_stack_free_b":1516,"crypto_stack_free_b":1228,"tags_ok":18136,"bad_tag":0,"replayed":0,"untagged":0,"bcast_dropped":0,"beacon_epoch_ignored":0,"tag_us_max":2191}
1791637774.591 {"t":"act","node":29544,"setpoint":0,"has_value":0,"writes_served":0}
1791637774.591 {"t":"peers","node":29544,"own_period_ms":100,"own_busy":1,"channel":1,"scanning":0,"scans":0,"hops":0,"found":0,"lost_to_found_ms":0,"moves_followed":0,"moves_refused":0,"sweeps":0,"sweep_found":0,"sweeping":0,"search_visits":0,"relay":1,"fwd_u":0,"fwd_b":51591,"fwd_h":2621,"relay_dup":0,"list":[{"id":25344,"state":"alive","via_relay":0,"period_ms":100,"misses":6,"busy":0,"rtt_n":1355},{"id":33120,"state":"alive","via_relay":0,"period_ms":100,"misses":6,"busy":0,"rtt_n":1254}]}
1791637774.591 {"t":"ss","node":29544,"accepted":0,"unsigned":0,"unknown_sender":0,"bad_signature":0,"replayed":0,"rate_limited":0,"verify_us_max":0,"floors":[]}
1791637774.591 {"t":"rec","node":29544,"up_ms":2717835,"settled":1,"sent":10860,"received":10415,"malformed":0,"views":16,"replies_fenced":0,"actors":[{"key":1245650351,"running":0,"term":0,"owner":25344,"owner_term":9,"assigned":25344,"starts":1,"fenced":0,"released":1}]}
1791637774.938 {"t":"node","up_ms":2717860,"node":29544,"epoch":171,"peers_alive":2,"peers_dead":0,"no_radio":0,"free_dram":205539,"largest_block":131072,"rx":{"total":72367,"bad_frame":0,"unknown_peer":16,"wrong_dst":0,"short_payload":0,"unknown_opcode":0,"queue_dropped":8},"tx":{"total":47215,"enqueue_err":0,"done_queue_dropped":0},"membership":{"deaths":8,"revivals":3,"reboots_seen":5,"table_full":0,"events_dropped":0}}
1791637774.938 {"t":"ns","node":29544,"hash":96177158,"owner":29544,"kind":"sampled","unit":0,"class":4,"bound_ms":5000,"quality":"GOOD","age_ms":372,"ts":2717527,"updates":259,"value":-27}
1791637774.938 {"t":"ns","node":29544,"hash":1162973580,"owner":29544,"kind":"sampled","unit":101,"class":4,"bound_ms":30000,"quality":"GOOD","age_ms":386,"ts":2717527,"updates":259,"value":205539}
1791637774.938 {"t":"ns","node":29544,"hash":4013525678,"owner":29544,"kind":"sampled","unit":101,"class":4,"bound_ms":30000,"quality":"GOOD","age_ms":399,"ts":2717527,"updates":259,"value":131072}
1791637774.938 {"t":"ns","node":29544,"hash":1245650351,"owner":25344,"kind":"sampled","unit":0,"class":3,"bound_ms":500,"quality":"NO_DATA","age_ms":0,"ts":0,"updates":0,"value":null}
1791637774.938 {"t":"ns","node":29544,"hash":2033492666,"owner":29544,"kind":"sampled","unit":0,"class":3,"bound_ms":0,"quality":"NO_DATA","age_ms":0,"ts":0,"updates":0,"value":null}
1791637774.938 {"t":"ns","node":29544,"hash":1303338069,"owner":29544,"kind":"sampled","unit":100,"class":4,"bound_ms":0,"quality":"GOOD","age_ms":450,"ts":2717527,"updates":259,"value":171}
1791637774.938 {"t":"ns","node":29544,"hash":288706273,"owner":29544,"kind":"sampled","unit":80,"class":4,"bound_ms":30000,"quality":"GOOD","age_ms":463,"ts":2717527,"updates":259,"value":2717}
1791637774.938 {"t":"ns","node":29544,"hash":2548334194,"owner":29544,"kind":"sampled","unit":100,"class":4,"bound_ms":5000,"quality":"GOOD","age_ms":478,"ts":2717527,"updates":259,"value":2}
1791637785.109 {"t":"clk","node":29544,"up_ms":2728018}
1791637785.109 {"t":"hs","up_s":2728,"running":1,"sta":1,"has_ip":1,"ch":1,"rssi":-46,"clients":0,"reconnects":0,"int_free":205539,"psram_free":8336684,"boot_pick":1}
1791637785.109 {"t":"led","node":29544,"shows":"green","app":0}
1791637785.109 {"t":"event","at_ms":2718005,"node":29544,"kind":"peer_admitted","peer":25344,"slot":0,"a":0,"b":0}
1791637785.109 {"t":"event","at_ms":2719186,"node":29544,"kind":"peer_admitted","peer":33120,"slot":1,"a":0,"b":0}
1791637785.109 {"t":"event","at_ms":2720007,"node":29544,"kind":"peer_admitted","peer":25344,"slot":0,"a":0,"b":0}
1791637785.109 {"t":"event","at_ms":2721186,"node":29544,"kind":"peer_admitted","peer":33120,"slot":1,"a":0,"b":0}
1791637785.109 {"t":"event","at_ms":2722005,"node":29544,"kind":"peer_admitted","peer":25344,"slot":0,"a":0,"b":0}
1791637785.109 {"t":"event","at_ms":2723186,"node":29544,"kind":"peer_admitted","peer":33120,"slot":1,"a":0,"b":0}
1791637785.109 {"t":"event","at_ms":2724019,"node":29544,"kind":"peer_admitted","peer":25344,"slot":0,"a":0,"b":0}
1791637785.109 {"t":"event","at_ms":2725186,"node":29544,"kind":"peer_admitted","peer":33120,"slot":1,"a":0,"b":0}
1791637785.109 {"t":"event","at_ms":2726007,"node":29544,"kind":"peer_admitted","peer":25344,"slot":0,"a":0,"b":0}
1791637785.109 {"t":"event","at_ms":2727188,"node":29544,"kind":"peer_admitted","peer":33120,"slot":1,"a":0,"b":0}
1791637785.109 {"t":"event","at_ms":2728007,"node":29544,"kind":"peer_admitted","peer":25344,"slot":0,"a":0,"b":0}
1791637785.109 {"t":"link","up_ms":2728139,"node":29544,"peer":25344,"mac":"b8:1f:3f:da:63:00","state":"alive","epoch":244,"espnow_ver":2,"mtu":1446,"misses":0,"rssi":-27,"tx":{"frames":9900,"cb_ok":9894,"cb_fail":5,"enqueue_err":0,"pdr_ppm":999494},"rx":{"frames":37536,"lost_seqgap":5,"reorder_dup":0,"dropped_bad":0,"hb_lost":539,"bcast_frames":26690,"pdr_ppm":999866},"rtt":{"samples":1360,"min_us":5334,"max_us":54972,"timeouts":3,"txq_last_us":3028,"txq_max_us":33380,"remote_turnaround_us":948,"remote_turnaround_max_us":9684,"p50_us":[4000,6000],"p99_us":[22000,30000],"hist":[0,0,0,0,1059,218,38,21,6,8,7,3,0,0,0,0]}}
1791637785.109 {"t":"link","up_ms":2728191,"node":29544,"peer":33120,"mac":"b8:1f:3f:da:81:60","state":"alive","epoch":293,"espnow_ver":2,"mtu":1446,"misses":0,"rssi":-9,"tx":{"frames":8948,"cb_ok":8839,"cb_fail":109,"enqueue_err":0,"pdr_ppm":987818},"rx":{"frames":35192,"lost_seqgap":6,"reorder_dup":0,"dropped_bad":0,"hb_lost":84,"bcast_frames":25107,"pdr_ppm":999829},"rtt":{"samples":1260,"min_us":5351,"max_us":54507,"timeouts":102,"txq_last_us":4095,"txq_max_us":44448,"remote_turnaround_us":977,"remote_turnaround_max_us":34040,"p50_us":[4000,6000],"p99_us":[30000,42000],"hist":[0,0,0,0,966,204,34,19,13,8,7,9,0,0,0,0]}}
1791637785.109 {"t":"auth","node":29544,"up_ms":2728243,"enrolled":1,"required":1,"verified_peers":2,"verified":11,"cache_hits":2621,"refused":0,"rate_limited":0,"stale_epoch":0,"verify_us_max":58955,"link_stack_free_b":1516,"crypto_stack_free_b":1228,"tags_ok":18299,"bad_tag":0,"replayed":0,"untagged":0,"bcast_dropped":0,"beacon_epoch_ignored":0,"tag_us_max":2191}
1791637785.109 {"t":"act","node":29544,"setpoint":0,"has_value":0,"writes_served":0}
1791637785.109 {"t":"peers","node":29544,"own_period_ms":100,"own_busy":1,"channel":1,"scanning":0,"scans":0,"hops":0,"found":0,"lost_to_found_ms":0,"moves_followed":0,"moves_refused":0,"sweeps":0,"sweep_found":0,"sweeping":0,"search_visits":0,"relay":1,"fwd_u":0,"fwd_b":51799,"fwd_h":2632,"relay_dup":0,"list":[{"id":25344,"state":"alive","via_relay":0,"period_ms":100,"misses":6,"busy":0,"rtt_n":1360},{"id":33120,"state":"alive","via_relay":0,"period_ms":100,"misses":6,"busy":0,"rtt_n":1260}]}
1791637785.109 {"t":"ss","node":29544,"accepted":0,"unsigned":0,"unknown_sender":0,"bad_signature":0,"replayed":0,"rate_limited":0,"verify_us_max":0,"floors":[]}
1791637785.109 {"t":"rec","node":29544,"up_ms":2728359,"settled":1,"sent":10901,"received":10450,"malformed":0,"views":16,"replies_fenced":0,"actors":[{"key":1245650351,"running":0,"term":0,"owner":25344,"owner_term":9,"assigned":25344,"starts":1,"fenced":0,"released":1}]}
1791637785.452 {"t":"node","up_ms":2728384,"node":29544,"epoch":171,"peers_alive":2,"peers_dead":0,"no_radio":0,"free_dram":205539,"largest_block":131072,"rx":{"total":72748,"bad_frame":0,"unknown_peer":16,"wrong_dst":0,"short_payload":0,"unknown_opcode":0,"queue_dropped":8},"tx":{"total":47494,"enqueue_err":0,"done_queue_dropped":0},"membership":{"deaths":8,"revivals":3,"reboots_seen":5,"table_full":0,"events_dropped":0}}
1791637785.452 {"t":"ns","node":29544,"hash":96177158,"owner":29544,"kind":"sampled","unit":0,"class":4,"bound_ms":5000,"quality":"GOOD","age_ms":378,"ts":2728033,"updates":260,"value":-27}
1791637785.452 {"t":"ns","node":29544,"hash":1162973580,"owner":29544,"kind":"sampled","unit":101,"class":4,"bound_ms":30000,"quality":"GOOD","age_ms":403,"ts":2728033,"updates":260,"value":205539}
1791637785.452 {"t":"ns","node":29544,"hash":4013525678,"owner":29544,"kind":"sampled","unit":101,"class":4,"bound_ms":30000,"quality":"GOOD","age_ms":416,"ts":2728033,"updates":260,"value":131072}
1791637785.452 {"t":"ns","node":29544,"hash":1245650351,"owner":25344,"kind":"sampled","unit":0,"class":3,"bound_ms":500,"quality":"NO_DATA","age_ms":0,"ts":0,"updates":0,"value":null}
1791637785.452 {"t":"ns","node":29544,"hash":2033492666,"owner":29544,"kind":"sampled","unit":0,"class":3,"bound_ms":0,"quality":"NO_DATA","age_ms":0,"ts":0,"updates":0,"value":null}
1791637785.452 {"t":"ns","node":29544,"hash":1303338069,"owner":29544,"kind":"sampled","unit":100,"class":4,"bound_ms":0,"quality":"GOOD","age_ms":461,"ts":2728033,"updates":260,"value":171}
1791637785.452 {"t":"ns","node":29544,"hash":288706273,"owner":29544,"kind":"sampled","unit":80,"class":4,"bound_ms":30000,"quality":"GOOD","age_ms":474,"ts":2728033,"updates":260,"value":2728}
1791637785.452 {"t":"ns","node":29544,"hash":2548334194,"owner":29544,"kind":"sampled","unit":100,"class":4,"bound_ms":5000,"quality":"GOOD","age_ms":488,"ts":2728033,"updates":260,"value":2}
1791637795.611 {"t":"clk","node":29544,"up_ms":2738534}
1791637795.611 {"t":"hs","up_s":2738,"running":1,"sta":1,"has_ip":1,"ch":1,"rssi":-46,"clients":0,"reconnects":0,"int_free":205539,"psram_free":8336684,"boot_pick":1}
1791637795.611 {"t":"led","node":29544,"shows":"green","app":0}
1791637795.611 {"t":"event","at_ms":2729186,"node":29544,"kind":"peer_admitted","peer":33120,"slot":1,"a":0,"b":0}
1791637795.611 {"t":"event","at_ms":2730027,"node":29544,"kind":"peer_admitted","peer":25344,"slot":0,"a":0,"b":0}
1791637795.611 {"t":"event","at_ms":2731186,"node":29544,"kind":"peer_admitted","peer":33120,"slot":1,"a":0,"b":0}
1791637795.611 {"t":"event","at_ms":2732007,"node":29544,"kind":"peer_admitted","peer":25344,"slot":0,"a":0,"b":0}
1791637795.611 {"t":"event","at_ms":2733186,"node":29544,"kind":"peer_admitted","peer":33120,"slot":1,"a":0,"b":0}
1791637795.611 {"t":"event","at_ms":2734007,"node":29544,"kind":"peer_admitted","peer":25344,"slot":0,"a":0,"b":0}
1791637795.611 {"t":"event","at_ms":2735186,"node":29544,"kind":"peer_admitted","peer":33120,"slot":1,"a":0,"b":0}
1791637795.611 {"t":"event","at_ms":2736007,"node":29544,"kind":"peer_admitted","peer":25344,"slot":0,"a":0,"b":0}
1791637795.611 {"t":"event","at_ms":2737186,"node":29544,"kind":"peer_admitted","peer":33120,"slot":1,"a":0,"b":0}
1791637795.611 {"t":"event","at_ms":2738007,"node":29544,"kind":"peer_admitted","peer":25344,"slot":0,"a":0,"b":0}
1791637795.611 {"t":"link","up_ms":2738640,"node":29544,"peer":25344,"mac":"b8:1f:3f:da:63:00","state":"alive","epoch":244,"espnow_ver":2,"mtu":1446,"misses":0,"rssi":-28,"tx":{"frames":10031,"cb_ok":10026,"cb_fail":5,"enqueue_err":0,"pdr_ppm":999501},"rx":{"frames":37766,"lost_seqgap":5,"reorder_dup":0,"dropped_bad":0,"hb_lost":543,"bcast_frames":26791,"pdr_ppm":999867},"rtt":{"samples":1365,"min_us":5334,"max_us":54972,"timeouts":3,"txq_last_us":2622,"txq_max_us":33380,"remote_turnaround_us":1030,"remote_turnaround_max_us":9684,"p50_us":[4000,6000],"p99_us":[22000,30000],"hist":[0,0,0,0,1062,220,38,21,6,8,7,3,0,0,0,0]}}
1791637795.611 {"t":"link","up_ms":2738692,"node":29544,"peer":33120,"mac":"b8:1f:3f:da:81:60","state":"alive","epoch":293,"espnow_ver":2,"mtu":1446,"misses":0,"rssi":-9,"tx":{"frames":8983,"cb_ok":8874,"cb_fail":109,"enqueue_err":0,"pdr_ppm":987865},"rx":{"frames":35336,"lost_seqgap":6,"reorder_dup":0,"dropped_bad":0,"hb_lost":86,"bcast_frames":25210,"pdr_ppm":999830},"rtt":{"samples":1265,"min_us":5351,"max_us":54507,"timeouts":102,"txq_last_us":2451,"txq_max_us":44448,"remote_turnaround_us":896,"remote_turnaround_max_us":34040,"p50_us":[4000,6000],"p99_us":[30000,42000],"hist":[0,0,0,0,969,205,35,19,13,8,7,9,0,0,0,0]}}
1791637795.611 {"t":"auth","node":29544,"up_ms":2738760,"enrolled":1,"required":1,"verified_peers":2,"verified":11,"cache_hits":2631,"refused":0,"rate_limited":0,"stale_epoch":0,"verify_us_max":58955,"link_stack_free_b":1516,"crypto_stack_free_b":1228,"tags_ok":18460,"bad_tag":0,"replayed":0,"untagged":0,"bcast_dropped":0,"beacon_epoch_ignored":0,"tag_us_max":2191}
1791637795.611 {"t":"act","node":29544,"setpoint":0,"has_value":0,"writes_served":0}
1791637795.611 {"t":"peers","node":29544,"own_period_ms":100,"own_busy":1,"channel":1,"scanning":0,"scans":0,"hops":0,"found":0,"lost_to_found_ms":0,"moves_followed":0,"moves_refused":0,"sweeps":0,"sweep_found":0,"sweeping":0,"search_visits":0,"relay":1,"fwd_u":0,"fwd_b":52003,"fwd_h":2642,"relay_dup":0,"list":[{"id":25344,"state":"alive","via_relay":0,"period_ms":100,"misses":6,"busy":0,"rtt_n":1365},{"id":33120,"state":"alive","via_relay":0,"period_ms":100,"misses":6,"busy":0,"rtt_n":1265}]}
1791637795.611 {"t":"ss","node":29544,"accepted":0,"unsigned":0,"unknown_sender":0,"bad_signature":0,"replayed":0,"rate_limited":0,"verify_us_max":0,"floors":[]}
1791637795.611 {"t":"rec","node":29544,"up_ms":2738855,"settled":1,"sent":10942,"received":10485,"malformed":0,"views":16,"replies_fenced":0,"actors":[{"key":1245650351,"running":0,"term":0,"owner":25344,"owner_term":9,"assigned":25344,"starts":1,"fenced":0,"released":1}]}
1791637795.945 {"t":"node","up_ms":2738869,"node":29544,"epoch":171,"peers_alive":2,"peers_dead":0,"no_radio":0,"free_dram":205539,"largest_block":131072,"rx":{"total":73122,"bad_frame":0,"unknown_peer":16,"wrong_dst":0,"short_payload":0,"unknown_opcode":0,"queue_dropped":8},"tx":{"total":47770,"enqueue_err":0,"done_queue_dropped":0},"membership":{"deaths":8,"revivals":3,"reboots_seen":5,"table_full":0,"events_dropped":0}}
1791637795.945 {"t":"ns","node":29544,"hash":96177158,"owner":29544,"kind":"sampled","unit":0,"class":4,"bound_ms":5000,"quality":"GOOD","age_ms":358,"ts":2738549,"updates":261,"value":-27}
1791637795.945 {"t":"ns","node":29544,"hash":1162973580,"owner":29544,"kind":"sampled","unit":101,"class":4,"bound_ms":30000,"quality":"GOOD","age_ms":371,"ts":2738549,"updates":261,"value":205539}
1791637795.945 {"t":"ns","node":29544,"hash":4013525678,"owner":29544,"kind":"sampled","unit":101,"class":4,"bound_ms":30000,"quality":"GOOD","age_ms":395,"ts":2738549,"updates":261,"value":131072}
1791637795.945 {"t":"ns","node":29544,"hash":1245650351,"owner":25344,"kind":"sampled","unit":0,"class":3,"bound_ms":500,"quality":"NO_DATA","age_ms":0,"ts":0,"updates":0,"value":null}
1791637795.945 {"t":"ns","node":29544,"hash":2033492666,"owner":29544,"kind":"sampled","unit":0,"class":3,"bound_ms":0,"quality":"NO_DATA","age_ms":0,"ts":0,"updates":0,"value":null}
1791637795.945 {"t":"ns","node":29544,"hash":1303338069,"owner":29544,"kind":"sampled","unit":100,"class":4,"bound_ms":0,"quality":"GOOD","age_ms":435,"ts":2738549,"updates":261,"value":171}
1791637795.945 {"t":"ns","node":29544,"hash":288706273,"owner":29544,"kind":"sampled","unit":80,"class":4,"bound_ms":30000,"quality":"GOOD","age_ms":448,"ts":2738549,"updates":261,"value":2738}
1791637795.945 {"t":"ns","node":29544,"hash":2548334194,"owner":29544,"kind":"sampled","unit":100,"class":4,"bound_ms":5000,"quality":"GOOD","age_ms":473,"ts":2738549,"updates":261,"value":2}
1791637806.120 {"t":"clk","node":29544,"up_ms":2749034}
1791637806.120 {"t":"hs","up_s":2749,"running":1,"sta":1,"has_ip":1,"ch":1,"rssi":-46,"clients":0,"reconnects":0,"int_free":205499,"psram_free":8336684,"boot_pick":1}
1791637806.120 {"t":"led","node":29544,"shows":"green","app":0}
1791637806.120 {"t":"event","at_ms":2739186,"node":29544,"kind":"peer_admitted","peer":33120,"slot":1,"a":0,"b":0}
1791637806.120 {"t":"event","at_ms":2740031,"node":29544,"kind":"peer_admitted","peer":25344,"slot":0,"a":0,"b":0}
1791637806.120 {"t":"event","at_ms":2741186,"node":29544,"kind":"peer_admitted","peer":33120,"slot":1,"a":0,"b":0}
1791637806.120 {"t":"event","at_ms":2742006,"node":29544,"kind":"peer_admitted","peer":25344,"slot":0,"a":0,"b":0}
1791637806.120 {"t":"event","at_ms":2743186,"node":29544,"kind":"peer_admitted","peer":33120,"slot":1,"a":0,"b":0}
1791637806.120 {"t":"event","at_ms":2744019,"node":29544,"kind":"peer_admitted","peer":25344,"slot":0,"a":0,"b":0}
1791637806.120 {"t":"event","at_ms":2745186,"node":29544,"kind":"peer_admitted","peer":33120,"slot":1,"a":0,"b":0}
1791637806.120 {"t":"event","at_ms":2746008,"node":29544,"kind":"peer_admitted","peer":25344,"slot":0,"a":0,"b":0}
1791637806.120 {"t":"event","at_ms":2747186,"node":29544,"kind":"peer_admitted","peer":33120,"slot":1,"a":0,"b":0}
1791637806.120 {"t":"event","at_ms":2748009,"node":29544,"kind":"peer_admitted","peer":25344,"slot":0,"a":0,"b":0}
1791637806.120 {"t":"link","up_ms":2749143,"node":29544,"peer":25344,"mac":"b8:1f:3f:da:63:00","state":"alive","epoch":244,"espnow_ver":2,"mtu":1446,"misses":0,"rssi":-27,"tx":{"frames":10161,"cb_ok":10156,"cb_fail":5,"enqueue_err":0,"pdr_ppm":999507},"rx":{"frames":37996,"lost_seqgap":5,"reorder_dup":0,"dropped_bad":0,"hb_lost":547,"bcast_frames":26892,"pdr_ppm":999868},"rtt":{"samples":1371,"min_us":5334,"max_us":54972,"timeouts":3,"txq_last_us":2506,"txq_max_us":33380,"remote_turnaround_us":945,"remote_turnaround_max_us":9684,"p50_us":[4000,6000],"p99_us":[22000,30000],"hist":[0,0,0,0,1066,221,39,21,6,8,7,3,0,0,0,0]}}
1791637806.120 {"t":"link","up_ms":2749194,"node":29544,"peer":33120,"mac":"b8:1f:3f:da:81:60","state":"alive","epoch":293,"espnow_ver":2,"mtu":1446,"misses":0,"rssi":-9,"tx":{"frames":9020,"cb_ok":8911,"cb_fail":109,"enqueue_err":0,"pdr_ppm":987915},"rx":{"frames":35482,"lost_seqgap":6,"reorder_dup":0,"dropped_bad":0,"hb_lost":87,"bcast_frames":25314,"pdr_ppm":999830},"rtt":{"samples":1270,"min_us":5351,"max_us":54507,"timeouts":102,"txq_last_us":2511,"txq_max_us":44448,"remote_turnaround_us":1227,"remote_turnaround_max_us":34040,"p50_us":[4000,6000],"p99_us":[30000,42000],"hist":[0,0,0,0,972,206,35,20,13,8,7,9,0,0,0,0]}}
1791637806.120 {"t":"auth","node":29544,"up_ms":2749266,"enrolled":1,"required":1,"verified_peers":2,"verified":11,"cache_hits":2642,"refused":0,"rate_limited":0,"stale_epoch":0,"verify_us_max":58955,"link_stack_free_b":1516,"crypto_stack_free_b":1228,"tags_ok":18620,"bad_tag":0,"replayed":0,"untagged":0,"bcast_dropped":0,"beacon_epoch_ignored":0,"tag_us_max":2191}
1791637806.120 {"t":"act","node":29544,"setpoint":0,"has_value":0,"writes_served":0}
1791637806.120 {"t":"peers","node":29544,"own_period_ms":100,"own_busy":1,"channel":1,"scanning":0,"scans":0,"hops":0,"found":0,"lost_to_found_ms":0,"moves_followed":0,"moves_refused":0,"sweeps":0,"sweep_found":0,"sweeping":0,"search_visits":0,"relay":1,"fwd_u":0,"fwd_b":52207,"fwd_h":2653,"relay_dup":0,"list":[{"id":25344,"state":"alive","via_relay":0,"period_ms":100,"misses":6,"busy":0,"rtt_n":1371},{"id":33120,"state":"alive","via_relay":0,"period_ms":100,"misses":6,"busy":0,"rtt_n":1270}]}
1791637806.120 {"t":"ss","node":29544,"accepted":0,"unsigned":0,"unknown_sender":0,"bad_signature":0,"replayed":0,"rate_limited":0,"verify_us_max":0,"floors":[]}
1791637806.120 {"t":"rec","node":29544,"up_ms":2749360,"settled":1,"sent":10983,"received":10520,"malformed":0,"views":16,"replies_fenced":0,"actors":[{"key":1245650351,"running":0,"term":0,"owner":25344,"owner_term":9,"assigned":25344,"starts":1,"fenced":0,"released":1}]}
1791637806.454 {"t":"node","up_ms":2749386,"node":29544,"epoch":171,"peers_alive":2,"peers_dead":0,"no_radio":0,"free_dram":205539,"largest_block":131072,"rx":{"total":73497,"bad_frame":0,"unknown_peer":16,"wrong_dst":0,"short_payload":0,"unknown_opcode":0,"queue_dropped":8},"tx":{"total":48047,"enqueue_err":0,"done_queue_dropped":0},"membership":{"deaths":8,"revivals":3,"reboots_seen":5,"table_full":0,"events_dropped":0}}
1791637806.454 {"t":"ns","node":29544,"hash":96177158,"owner":29544,"kind":"sampled","unit":0,"class":4,"bound_ms":5000,"quality":"GOOD","age_ms":375,"ts":2749049,"updates":262,"value":-28}
1791637806.454 {"t":"ns","node":29544,"hash":1162973580,"owner":29544,"kind":"sampled","unit":101,"class":4,"bound_ms":30000,"quality":"GOOD","age_ms":388,"ts":2749049,"updates":262,"value":205539}
1791637806.454 {"t":"ns","node":29544,"hash":4013525678,"owner":29544,"kind":"sampled","unit":101,"class":4,"bound_ms":30000,"quality":"GOOD","age_ms":401,"ts":2749049,"updates":262,"value":131072}
1791637806.454 {"t":"ns","node":29544,"hash":1245650351,"owner":25344,"kind":"sampled","unit":0,"class":3,"bound_ms":500,"quality":"NO_DATA","age_ms":0,"ts":0,"updates":0,"value":null}
1791637806.454 {"t":"ns","node":29544,"hash":2033492666,"owner":29544,"kind":"sampled","unit":0,"class":3,"bound_ms":0,"quality":"NO_DATA","age_ms":0,"ts":0,"updates":0,"value":null}
1791637806.454 {"t":"ns","node":29544,"hash":1303338069,"owner":29544,"kind":"sampled","unit":100,"class":4,"bound_ms":0,"quality":"GOOD","age_ms":452,"ts":2749049,"updates":262,"value":171}
1791637806.454 {"t":"ns","node":29544,"hash":288706273,"owner":29544,"kind":"sampled","unit":80,"class":4,"bound_ms":30000,"quality":"GOOD","age_ms":465,"ts":2749049,"updates":262,"value":2749}
1791637806.454 {"t":"ns","node":29544,"hash":2548334194,"owner":29544,"kind":"sampled","unit":100,"class":4,"bound_ms":5000,"quality":"GOOD","age_ms":478,"ts":2749049,"updates":262,"value":2}
1791637816.623 {"t":"clk","node":29544,"up_ms":2759541}
1791637816.623 {"t":"hs","up_s":2759,"running":1,"sta":1,"has_ip":1,"ch":1,"rssi":-46,"clients":0,"reconnects":0,"int_free":205539,"psram_free":8336684,"boot_pick":1}
1791637816.623 {"t":"led","node":29544,"shows":"yellow","app":0}
1791637816.623 {"t":"event","at_ms":2749186,"node":29544,"kind":"peer_admitted","peer":33120,"slot":1,"a":0,"b":0}
1791637816.623 {"t":"event","at_ms":2750009,"node":29544,"kind":"peer_admitted","peer":25344,"slot":0,"a":0,"b":0}
1791637816.623 {"t":"event","at_ms":2751186,"node":29544,"kind":"peer_admitted","peer":33120,"slot":1,"a":0,"b":0}
1791637816.623 {"t":"event","at_ms":2752009,"node":29544,"kind":"peer_admitted","peer":25344,"slot":0,"a":0,"b":0}
1791637816.623 {"t":"event","at_ms":2753186,"node":29544,"kind":"peer_admitted","peer":33120,"slot":1,"a":0,"b":0}
1791637816.623 {"t":"event","at_ms":2754009,"node":29544,"kind":"peer_admitted","peer":25344,"slot":0,"a":0,"b":0}
1791637816.623 {"t":"event","at_ms":2755186,"node":29544,"kind":"peer_admitted","peer":33120,"slot":1,"a":0,"b":0}
1791637816.623 {"t":"event","at_ms":2756009,"node":29544,"kind":"peer_admitted","peer":25344,"slot":0,"a":0,"b":0}
1791637816.623 {"t":"event","at_ms":2757186,"node":29544,"kind":"peer_admitted","peer":33120,"slot":1,"a":0,"b":0}
1791637816.623 {"t":"event","at_ms":2758011,"node":29544,"kind":"peer_admitted","peer":25344,"slot":0,"a":0,"b":0}
1791637816.623 {"t":"event","at_ms":2759186,"node":29544,"kind":"peer_admitted","peer":33120,"slot":1,"a":0,"b":0}
1791637816.623 {"t":"link","up_ms":2759659,"node":29544,"peer":25344,"mac":"b8:1f:3f:da:63:00","state":"alive","epoch":244,"espnow_ver":2,"mtu":1446,"misses":0,"rssi":-27,"tx":{"frames":10292,"cb_ok":10286,"cb_fail":5,"enqueue_err":0,"pdr_ppm":999514},"rx":{"frames":38223,"lost_seqgap":5,"reorder_dup":0,"dropped_bad":0,"hb_lost":553,"bcast_frames":26991,"pdr_ppm":999869},"rtt":{"samples":1376,"min_us":5334,"max_us":54972,"timeouts":3,"txq_last_us":2705,"txq_max_us":33380,"remote_turnaround_us":1008,"remote_turnaround_max_us":9684,"p50_us":[4000,6000],"p99_us":[22000,30000],"hist":[0,0,0,0,1068,221,40,21,6,8,9,3,0,0,0,0]}}
1791637816.623 {"t":"link","up_ms":2759734,"node":29544,"peer":33120,"mac":"b8:1f:3f:da:81:60","state":"alive","epoch":293,"espnow_ver":2,"mtu":1446,"misses":0,"rssi":-9,"tx":{"frames":9055,"cb_ok":8946,"cb_fail":109,"enqueue_err":0,"pdr_ppm":987962},"rx":{"frames":35628,"lost_seqgap":6,"reorder_dup":0,"dropped_bad":0,"hb_lost":88,"bcast_frames":25419,"pdr_ppm":999831},"rtt":{"samples":1275,"min_us":5351,"max_us":54507,"timeouts":102,"txq_last_us":2630,"txq_max_us":44448,"remote_turnaround_us":1067,"remote_turnaround_max_us":34040,"p50_us":[4000,6000],"p99_us":[30000,42000],"hist":[0,0,0,0,975,207,35,21,13,8,7,9,0,0,0,0]}}
1791637816.623 {"t":"auth","node":29544,"up_ms":2759785,"enrolled":1,"required":1,"verified_peers":2,"verified":11,"cache_hits":2652,"refused":0,"rate_limited":0,"stale_epoch":0,"verify_us_max":58955,"link_stack_free_b":1516,"crypto_stack_free_b":1228,"tags_ok":18780,"bad_tag":0,"replayed":0,"untagged":0,"bcast_dropped":0,"beacon_epoch_ignored":0,"tag_us_max":2191}
1791637816.623 {"t":"act","node":29544,"setpoint":0,"has_value":0,"writes_served":0}
1791637816.623 {"t":"peers","node":29544,"own_period_ms":100,"own_busy":1,"channel":1,"scanning":0,"scans":0,"hops":0,"found":0,"lost_to_found_ms":0,"moves_followed":0,"moves_refused":0,"sweeps":0,"sweep_found":0,"sweeping":0,"search_visits":0,"relay":1,"fwd_u":0,"fwd_b":52413,"fwd_h":2663,"relay_dup":0,"list":[{"id":25344,"state":"alive","via_relay":0,"period_ms":100,"misses":6,"busy":0,"rtt_n":1376},{"id":33120,"state":"alive","via_relay":0,"period_ms":100,"misses":6,"busy":0,"rtt_n":1275}]}
1791637816.623 {"t":"ss","node":29544,"accepted":0,"unsigned":0,"unknown_sender":0,"bad_signature":0,"replayed":0,"rate_limited":0,"verify_us_max":0,"floors":[]}
1791637816.623 {"t":"rec","node":29544,"up_ms":2759875,"settled":1,"sent":11023,"received":10555,"malformed":0,"views":16,"replies_fenced":0,"actors":[{"key":1245650351,"running":0,"term":0,"owner":25344,"owner_term":9,"assigned":25344,"starts":1,"fenced":0,"released":1}]}
1791637816.982 {"t":"node","up_ms":2759904,"node":29544,"epoch":171,"peers_alive":2,"peers_dead":0,"no_radio":0,"free_dram":205067,"largest_block":131072,"rx":{"total":73875,"bad_frame":0,"unknown_peer":16,"wrong_dst":0,"short_payload":0,"unknown_opcode":0,"queue_dropped":8},"tx":{"total":48327,"enqueue_err":0,"done_queue_dropped":0},"membership":{"deaths":8,"revivals":3,"reboots_seen":5,"table_full":0,"events_dropped":0}}
1791637816.982 {"t":"ns","node":29544,"hash":96177158,"owner":29544,"kind":"sampled","unit":0,"class":4,"bound_ms":5000,"quality":"GOOD","age_ms":376,"ts":2759556,"updates":263,"value":-28}
1791637816.982 {"t":"ns","node":29544,"hash":1162973580,"owner":29544,"kind":"sampled","unit":101,"class":4,"bound_ms":30000,"quality":"GOOD","age_ms":400,"ts":2759556,"updates":263,"value":205539}
1791637816.982 {"t":"ns","node":29544,"hash":4013525678,"owner":29544,"kind":"sampled","unit":101,"class":4,"bound_ms":30000,"quality":"GOOD","age_ms":413,"ts":2759556,"updates":263,"value":131072}
1791637816.982 {"t":"ns","node":29544,"hash":1245650351,"owner":25344,"kind":"sampled","unit":0,"class":3,"bound_ms":500,"quality":"NO_DATA","age_ms":0,"ts":0,"updates":0,"value":null}
1791637816.982 {"t":"ns","node":29544,"hash":2033492666,"owner":29544,"kind":"sampled","unit":0,"class":3,"bound_ms":0,"quality":"NO_DATA","age_ms":0,"ts":0,"updates":0,"value":null}
1791637816.982 {"t":"ns","node":29544,"hash":1303338069,"owner":29544,"kind":"sampled","unit":100,"class":4,"bound_ms":0,"quality":"GOOD","age_ms":454,"ts":2759556,"updates":263,"value":171}
1791637816.982 {"t":"ns","node":29544,"hash":288706273,"owner":29544,"kind":"sampled","unit":80,"class":4,"bound_ms":30000,"quality":"GOOD","age_ms":468,"ts":2759556,"updates":263,"value":2759}
1791637816.982 {"t":"ns","node":29544,"hash":2548334194,"owner":29544,"kind":"sampled","unit":100,"class":4,"bound_ms":5000,"quality":"GOOD","age_ms":493,"ts":2759556,"updates":263,"value":2}
1791637827.152 {"t":"clk","node":29544,"up_ms":2770061}
1791637827.152 {"t":"hs","up_s":2770,"running":1,"sta":1,"has_ip":1,"ch":1,"rssi":-46,"clients":0,"reconnects":0,"int_free":205539,"psram_free":8336684,"boot_pick":1}
1791637827.152 {"t":"led","node":29544,"shows":"green","app":0}
1791637827.152 {"t":"event","at_ms":2760013,"node":29544,"kind":"peer_admitted","peer":25344,"slot":0,"a":0,"b":0}
1791637827.152 {"t":"event","at_ms":2761186,"node":29544,"kind":"peer_admitted","peer":33120,"slot":1,"a":0,"b":0}
1791637827.152 {"t":"event","at_ms":2762009,"node":29544,"kind":"peer_admitted","peer":25344,"slot":0,"a":0,"b":0}
1791637827.152 {"t":"event","at_ms":2763186,"node":29544,"kind":"peer_admitted","peer":33120,"slot":1,"a":0,"b":0}
1791637827.152 {"t":"event","at_ms":2764009,"node":29544,"kind":"peer_admitted","peer":25344,"slot":0,"a":0,"b":0}
1791637827.152 {"t":"event","at_ms":2765186,"node":29544,"kind":"peer_admitted","peer":33120,"slot":1,"a":0,"b":0}
1791637827.152 {"t":"event","at_ms":2766008,"node":29544,"kind":"peer_admitted","peer":25344,"slot":0,"a":0,"b":0}
1791637827.152 {"t":"event","at_ms":2767186,"node":29544,"kind":"peer_admitted","peer":33120,"slot":1,"a":0,"b":0}
1791637827.152 {"t":"event","at_ms":2768009,"node":29544,"kind":"peer_admitted","peer":25344,"slot":0,"a":0,"b":0}
1791637827.152 {"t":"event","at_ms":2769186,"node":29544,"kind":"peer_admitted","peer":33120,"slot":1,"a":0,"b":0}
1791637827.152 {"t":"link","up_ms":2770196,"node":29544,"peer":25344,"mac":"b8:1f:3f:da:63:00","state":"alive","epoch":244,"espnow_ver":2,"mtu":1446,"misses":0,"rssi":-28,"tx":{"frames":10422,"cb_ok":10417,"cb_fail":5,"enqueue_err":0,"pdr_ppm":999520},"rx":{"frames":38452,"lost_seqgap":5,"reorder_dup":0,"dropped_bad":0,"hb_lost":559,"bcast_frames":27090,"pdr_ppm":999869},"rtt":{"samples":1381,"min_us":5334,"max_us":54972,"timeouts":3,"txq_last_us":2601,"txq_max_us":33380,"remote_turnaround_us":1027,"remote_turnaround_max_us":9684,"p50_us":[4000,6000],"p99_us":[22000,30000],"hist":[0,0,0,0,1068,226,40,21,6,8,9,3,0,0,0,0]}}
1791637827.152 {"t":"link","up_ms":2770247,"node":29544,"peer":33120,"mac":"b8:1f:3f:da:81:60","state":"alive","epoch":293,"espnow_ver":2,"mtu":1446,"misses":0,"rssi":-9,"tx":{"frames":9093,"cb_ok":8984,"cb_fail":109,"enqueue_err":0,"pdr_ppm":988012},"rx":{"frames":35776,"lost_seqgap":6,"reorder_dup":0,"dropped_bad":0,"hb_lost":89,"bcast_frames":25523,"pdr_ppm":999832},"rtt":{"samples":1281,"min_us":5351,"max_us":54507,"timeouts":102,"txq_last_us":2683,"txq_max_us":44448,"remote_turnaround_us":1025,"remote_turnaround_max_us":34040,"p50_us":[4000,6000],"p99_us":[30000,42000],"hist":[0,0,0,0,975,210,35,23,14,8,7,9,0,0,0,0]}}
1791637827.152 {"t":"auth","node":29544,"up_ms":2770298,"enrolled":1,"required":1,"verified_peers":2,"verified":11,"cache_hits":2662,"refused":0,"rate_limited":0,"stale_epoch":0,"verify_us_max":58955,"link_stack_free_b":1516,"crypto_stack_free_b":1228,"tags_ok":18944,"bad_tag":0,"replayed":0,"untagged":0,"bcast_dropped":0,"beacon_epoch_ignored":0,"tag_us_max":2191}
1791637827.152 {"t":"act","node":29544,"setpoint":0,"has_value":0,"writes_served":0}
1791637827.152 {"t":"peers","node":29544,"own_period_ms":100,"own_busy":1,"channel":1,"scanning":0,"scans":0,"hops":0,"found":0,"lost_to_found_ms":0,"moves_followed":0,"moves_refused":0,"sweeps":0,"sweep_found":0,"sweeping":0,"search_visits":0,"relay":1,"fwd_u":0,"fwd_b":52616,"fwd_h":2673,"relay_dup":0,"list":[{"id":25344,"state":"alive","via_relay":0,"period_ms":100,"misses":6,"busy":0,"rtt_n":1381},{"id":33120,"state":"alive","via_relay":0,"period_ms":100,"misses":6,"busy":0,"rtt_n":1281}]}
1791637827.152 {"t":"ss","node":29544,"accepted":0,"unsigned":0,"unknown_sender":0,"bad_signature":0,"replayed":0,"rate_limited":0,"verify_us_max":0,"floors":[]}
1791637827.152 {"t":"rec","node":29544,"up_ms":2770393,"settled":1,"sent":11064,"received":10590,"malformed":0,"views":16,"replies_fenced":0,"actors":[{"key":1245650351,"running":0,"term":0,"owner":25344,"owner_term":9,"assigned":25344,"starts":1,"fenced":0,"released":1}]}
1791637827.515 {"t":"node","up_ms":2770419,"node":29544,"epoch":171,"peers_alive":2,"peers_dead":0,"no_radio":0,"free_dram":205335,"largest_block":131072,"rx":{"total":74249,"bad_frame":0,"unknown_peer":16,"wrong_dst":0,"short_payload":0,"unknown_opcode":0,"queue_dropped":8},"tx":{"total":48602,"enqueue_err":0,"done_queue_dropped":0},"membership":{"deaths":8,"revivals":3,"reboots_seen":5,"table_full":0,"events_dropped":0}}
1791637827.515 {"t":"ns","node":29544,"hash":96177158,"owner":29544,"kind":"sampled","unit":0,"class":4,"bound_ms":5000,"quality":"GOOD","age_ms":381,"ts":2770076,"updates":264,"value":-28}
1791637827.515 {"t":"ns","node":29544,"hash":1162973580,"owner":29544,"kind":"sampled","unit":101,"class":4,"bound_ms":30000,"quality":"GOOD","age_ms":395,"ts":2770076,"updates":264,"value":205539}
1791637827.515 {"t":"ns","node":29544,"hash":4013525678,"owner":29544,"kind":"sampled","unit":101,"class":4,"bound_ms":30000,"quality":"GOOD","age_ms":408,"ts":2770076,"updates":264,"value":131072}
1791637827.515 {"t":"ns","node":29544,"hash":1245650351,"owner":25344,"kind":"sampled","unit":0,"class":3,"bound_ms":500,"quality":"NO_DATA","age_ms":0,"ts":0,"updates":0,"value":null}
1791637827.515 {"t":"ns","node":29544,"hash":2033492666,"owner":29544,"kind":"sampled","unit":0,"class":3,"bound_ms":0,"quality":"NO_DATA","age_ms":0,"ts":0,"updates":0,"value":null}
1791637827.515 {"t":"ns","node":29544,"hash":1303338069,"owner":29544,"kind":"sampled","unit":100,"class":4,"bound_ms":0,"quality":"GOOD","age_ms":459,"ts":2770076,"updates":264,"value":171}
1791637827.515 {"t":"ns","node":29544,"hash":288706273,"owner":29544,"kind":"sampled","unit":80,"class":4,"bound_ms":30000,"quality":"GOOD","age_ms":472,"ts":2770076,"updates":264,"value":2770}
1791637827.515 {"t":"ns","node":29544,"hash":2548334194,"owner":29544,"kind":"sampled","unit":100,"class":4,"bound_ms":5000,"quality":"GOOD","age_ms":513,"ts":2770076,"updates":264,"value":2}
1791637834.631 I (2778620) esp_image: segment 0: paddr=00140020 vaddr=3c0a0020 size=220a8h (139432) map
1791637834.631 I (2778637) esp_image: segment 1: paddr=001620d0 vaddr=3fc98900 size=05508h ( 21768)
1791637834.631 I (2778641) esp_image: segment 2: paddr=001675e0 vaddr=40374000 size=08a38h ( 35384)
1791637834.631 I (2778646) esp_image: segment 3: paddr=00170020 vaddr=42000020 size=9ca5ch (641628) map
1791637834.631 I (2778729) esp_image: segment 4: paddr=0020ca84 vaddr=4037ca38 size=0be2ch ( 48684)
1791637834.631 I (2778736) esp_image: segment 5: paddr=002188b8 vaddr=50000000 size=00024h (    36)
1791637834.631 I (2778738) esp_image: segment 0: paddr=00140020 vaddr=3c0a0020 size=220a8h (139432) map
1791637834.631 I (2778765) esp_image: segment 1: paddr=001620d0 vaddr=3fc98900 size=05508h ( 21768)
1791637834.631 I (2778770) esp_image: segment 2: paddr=001675e0 vaddr=40374000 size=08a38h ( 35384)
1791637834.631 I (2778775) esp_image: segment 3: paddr=00170020 vaddr=42000020 size=9ca5ch (641628) map
1791637834.631 I (2778857) esp_image: segment 4: paddr=0020ca84 vaddr=4037ca38 size=0be2ch ( 48684)
1791637834.631 I (2778864) esp_image: segment 5: paddr=002188b8 vaddr=50000000 size=00024h (    36)
1791637834.631 I (2778897) pot.m0: fw: commit of counter 5: ok (315 ms)
1791637836.557 W (2780400) pot.m0: deploy: rebooting into the new slot
1791637836.557 W (2780405) pme_hotspot: router lost (reason 8); retrying in 2 s
1791637836.557 ESP-ROM:esp32s3-20210327
1791637836.557 Build:Mar 27 2021
1791637836.557 rst:0xc (RTC_SW_CPU_RST),boot:0x8 (SPI_FAST_FLASH_BOOT)
1791637836.557 Saved PC:0x4037ea72
1791637836.557 SPIWP:0xee
1791637836.557 mode:DIO, clock div:1
1791637836.557 load:0x3fce2820,len:0x14f0
1791637836.557 load:0x403c8700,len:0xda0
1791637836.557 load:0x403cb700,len:0x2f9c
1791637836.557 entry 0x403c8908
1791637836.557 I (29) boot: ESP-IDF v6.0.2 2nd stage bootloader
1791637836.557 I (29) boot: compile time Oct 10 2026 13:26:32
1791637836.557 I (29) boot: Multicore bootloader
1791637836.557 I (29) boot: chip revision: v0.2
1791637836.557 I (32) boot: efuse block revision: v1.4
1791637836.557 I (36) boot.esp32s3: Boot SPI Speed : 80MHz
1791637836.557 I (40) boot.esp32s3: SPI Mode       : DIO
1791637836.557 I (43) boot.esp32s3: SPI Flash Size : 16MB
1791637836.557 I (47) boot: Enabling RNG early entropy source...
1791637836.557 I (52) boot: Partition Table:
1791637836.557 I (54) boot: ## Label            Usage          Type ST Offset   Length
1791637836.557 I (61) boot:  0 nvs              WiFi data        01 02 00009000 00006000
1791637836.557 I (67) boot:  1 phy_init         RF data          01 01 0000f000 00001000
1791637836.557 I (74) boot:  2 factory          factory app      00 00 00010000 00100000
1791637836.557 I (80) boot:  3 modA             Unknown data     01 40 00110000 00010000
1791637836.557 I (87) boot:  4 modB             Unknown data     01 40 00120000 00010000
1791637836.557 I (93) boot:  5 otadata          OTA data         01 00 00130000 00002000
1791637836.557 I (100) boot:  6 ota_0            OTA app          00 10 00140000 00200000
1791637836.557 I (106) boot:  7 ota_1            OTA app          00 11 00340000 00200000
1791637836.557 I (113) boot: End of partition table
1791637836.557 I (140) esp_image: segment 0: paddr=00140020 vaddr=3c0a0020 size=220a8h (139432) map
1791637836.557 I (166) esp_image: segment 1: paddr=001620d0 vaddr=3fc98900 size=05508h ( 21768) load
1791637836.557 I (171) esp_image: segment 2: paddr=001675e0 vaddr=40374000 size=08a38h ( 35384) load
1791637836.557 I (179) esp_image: segment 3: paddr=00170020 vaddr=42000020 size=9ca5ch (641628) map
1791637836.557 I (296) esp_image: segment 4: paddr=0020ca84 vaddr=4037ca38 size=0be2ch ( 48684) load
1791637836.557 I (308) esp_image: segment 5: paddr=002188b8 vaddr=50000000 size=00024h (    36) load
1791637836.557 I (317) boot: Loaded app from partition at offset 0x140000
1791637836.557 I (317) boot: Disabling RNG early entropy source...
1791637836.557 I (327) octal_psram: vendor id    : 0x0d (AP)
1791637836.557 I (328) octal_psram: dev id       : 0x02 (generation 3)
1791637836.557 I (328) octal_psram: density      : 0x03 (64 Mbit)
1791637836.557 I (330) octal_psram: good-die     : 0x01 (Pass)
1791637836.557 I (334) octal_psram: Latency      : 0x01 (Fixed)
1791637836.557 I (338) octal_psram: VCC          : 0x01 (3V)
1791637836.557 I (342) octal_psram: SRF          : 0x01 (Fast Refresh)
1791637836.557 I (347) octal_psram: BurstType    : 0x01 (Hybrid Wrap)
1791637836.557 I (352) octal_psram: BurstLen     : 0x01 (32 Byte)
1791637836.557 I (357) octal_psram: Readlatency  : 0x02 (10 cycles@Fixed)
1791637836.557 I (362) octal_psram: DriveStrength: 0x00 (1/1)
1791637836.557 I (366) esp_psram: Found 8MB PSRAM device
1791637836.557 I (370) esp_psram: Speed: 40MHz
1791637836.557 I (373) cpu_start: Multicore app
1791637837.612 I (1107) esp_psram: SPI SRAM memory test OK
1791637837.612 I (1116) cpu_start: GPIO 44 and 43 are used as console UART I/O pins
1791637837.612 I (1117) cpu_start: Pro cpu start user code
1791637837.612 I (1117) cpu_start: cpu freq: 240000000 Hz
1791637837.612 I (1119) app_init: Application information:
1791637837.612 I (1123) app_init: Project name:     potluck_m0
1791637837.612 I (1127) app_init: App version:      deploy-and-detach-169-g599260f-
1791637837.612 I (1133) app_init: Compile time:     Oct 10 2026 15:07:43
1791637837.612 I (1138) app_init: ELF file SHA256:  22fd3faae...
1791637837.612 I (1143) app_init: ESP-IDF:          v6.0.2
1791637837.612 I (1147) efuse_init: Min chip rev:     v0.0
1791637837.612 I (1151) efuse_init: Max chip rev:     v0.99
1791637837.612 I (1155) efuse_init: Chip rev:         v0.2
1791637837.612 I (1159) heap_init: Initializing. RAM available for dynamic allocation:
1791637837.612 I (1165) heap_init: At 3FCACF30 len 0003C7E0 (241 KiB): RAM
1791637837.612 I (1170) heap_init: At 3FCE9710 len 00005724 (21 KiB): RAM
1791637837.612 I (1175) heap_init: At 3FCF0000 len 00008000 (32 KiB): DRAM
1791637837.612 I (1181) heap_init: At 600FE000 len 00001FE8 (7 KiB): RTCRAM
1791637837.612 I (1186) esp_psram: Adding pool of 8151K of PSRAM memory to heap allocator
1791637837.612 I (1193) spi_flash: detected chip: generic
1791637837.612 I (1197) spi_flash: flash io: dio
1791637837.612 I (1200) sleep_gpio: Configure to isolate all GPIO pins in sleep state
1791637837.612 I (1206) sleep_gpio: Enable automatic switching of GPIO sleep configuration
1791637837.612 I (1213) main_task: Started on CPU0
1791637837.612 I (1236) esp_psram: Reserving pool of 32K of internal memory for DMA/internal allocations
1791637837.612 I (1237) main_task: Calling app_main()
1791637837.612 I (1249) pot.m0: channel 1 from the last boot (build default 1)
1791637837.612 I (1252) pp: pp rom version: e7ae62f
1791637837.612 I (1252) net80211: net80211 rom version: e7ae62f
1791637837.612 I (1256) wifi_init: rx ba win: 16
1791637837.612 I (1256) wifi_init: accept mbox: 6
1791637837.612 I (1257) wifi_init: tcpip mbox: 32
1791637837.612 I (1260) wifi_init: udp mbox: 6
1791637837.612 I (1263) wifi_init: tcp mbox: 6
1791637837.612 I (1266) wifi_init: tcp tx win: 5760
1791637837.612 I (1269) wifi_init: tcp rx win: 5760
1791637837.612 I (1273) wifi_init: tcp mss: 1440
1791637837.612 I (1276) wifi_init: WiFi IRAM OP enabled
1791637837.612 I (1279) wifi_init: WiFi RX IRAM OP enabled
1791637837.612 I (1333) phy_init: phy_version 712,87e8c20e,Apr 13 2026,18:51:10
1791637837.612 I (1384) pme_hotspot: hotspot up: SoftAP (WPA2, max 4 phones), joining the house Wi-Fi
1791637837.612 I (1386) esp_netif_lwip: DHCP server started on interface WIFI_AP_DEF with IP: 192.168.4.1
1791637837.612 I (1386) pot.extender: hotspot up; ESP-NOW attaches to its radio and follows the router's channel
1791637837.612 I (1400) ESPNOW: espnow [version: 2.0] init
1791637837.612 I (1403) pot.espnow: esp-now v2 up on channel 1 (attached: the application owns Wi-Fi), mac b8:1f:3f:da:73:68
1791637837.612 I (1415) pot.epoch: boot epoch 172
1791637837.612 I (1417) pot.m0: namespace: 6 resources declared
1791637837.612 I (1421) pot.serial: frame link on UART1, tx=17 rx=18, 921600 baud
1791637837.612 I (1427) pot.m0: status LED on GPIO48 and GPIO38; self-test red, green, blue
1791637839.305 I (2935) pot.m0: deploy: image counter 24, digest 682b3a05..., 1 actor(s) in the image
1791637839.305 I (2935) pot.m0: deploy: boot confirmed, running slot A, trial boot 0/3, counter 24
1791637839.305 I (2940) pot.m0: fw: running ota_0 (deploy-and-detach-169-g599260f-), counter 5, floor 3, ON TRIAL; spare slot ota_1, 2048 KB
1791637839.305 I (2950) pot.m0: reconciler: 1 portable actor(s)
1791637839.305 {"t":"enrol","node":29544,"pub":"5ecb83413668a3d727418766cf96ecc0830f0e7ded64731901917c1211573c23","enrolled":1,"ca_fp":"ef76cc2e"}
1791637839.305 I (2966) pot.m0: auth: enrolled, required
1791637839.305 I (2970) pot.m0: extender: declared BUSY and RELAY; channel 1 from the router
1791637839.305 I (2977) pot.m0: Potluck M0 node 0x7368 epoch 172, heartbeat 100 ms x 60 misses = 6000 ms
1791637839.305 I (2985) main_task: Returned from app_main()
1791637839.305 {"t":"boot","node":29544,"epoch":172,"mac":"b8:1f:3f:da:73:68","espnow_ver":2,"chan":1,"hb_period_ms":100,"hb_miss_limit":60,"fw":"deploy-and-detach-169-g599260f-","idf":"v6.0.2","dram":{"at_boot":222007,"after_nvs":222007,"after_netif":222007,"after_wifi_init":222007,"after_wifi_start":222007,"after_espnow":221903,"largest_block":147456,"wifi_stack":0,"espnow":104,"total_to_radio":104}}
1791637839.305 I (3026) pot.m0: beacon mode: broadcast_beacon
1791637839.305 I (3069) pot.m0: discovered peer 0x6300
1791637839.305 I (3070) pot.m0: peer 0x6300 pinned to ESP-NOW v2, payload cap 1446 B
1791637839.305 I (3133) pot.m0: discovered peer 0x8160
1791637839.305 I (3134) pot.m0: peer 0x8160 pinned to ESP-NOW v2, payload cap 1446 B
1791637840.160 W (3985) pot.m0: peer 0x8160 declared DEAD after 6 misses (647 ms silent)
1791637840.424 I (4221) pme_hotspot: boot pick: preferred, channel 1 at -47 dBm (strongest: channel 1 at -47 dBm, 4 APs seen)
1791637840.424 I (4264) pot.m0: peer 0x8160 revived
1791637843.490 I (7188) pme_hotspot: associated to the router on channel 1
1791637843.490 I (7315) pot.m0: extender: station associated; declaring 6 x 100 ms
1791637844.885 I (8702) esp_netif_handlers: sta ip: 192.168.86.36, mask: 255.255.255.0, gw: 192.168.86.1
1791637844.885 I (8703) pme_hotspot: station address 192.168.86.36
1791637844.885 I (8704) pme_hotspot: NAT on: phones on the hotspot reach the house network
1791637849.331 I (13013) pot.m0: fw: trial passed after 100 heartbeats with 2 radio peer(s) - counter 5 CONFIRMED
1791637849.331 {"t":"clk","node":29544,"up_ms":11840}
1791637849.331 {"t":"hs","up_s":11,"running":1,"sta":1,"has_ip":1,"ch":1,"rssi":-46,"clients":0,"reconnects":0,"int_free":205919,"psram_free":8336684,"boot_pick":1}
1791637849.331 {"t":"led","node":29544,"shows":"green","app":0}
1791637849.331 {"t":"event","at_ms":1883,"node":29544,"kind":"peer_discovered","peer":25344,"slot":0,"a":244,"b":0}
1791637849.331 {"t":"event","at_ms":1884,"node":29544,"kind":"version_pinned","peer":25344,"slot":0,"a":2,"b":1446}
1791637849.331 {"t":"event","at_ms":1884,"node":29544,"kind":"peer_alive","peer":25344,"slot":0,"a":0,"b":0}
1791637849.331 {"t":"event","at_ms":1885,"node":29544,"kind":"peer_admitted","peer":25344,"slot":0,"a":0,"b":0}
1791637849.331 {"t":"event","at_ms":1890,"node":29544,"kind":"peer_admitted","peer":25344,"slot":0,"a":0,"b":0}
1791637849.331 {"t":"event","at_ms":1946,"node":29544,"kind":"peer_discovered","peer":33120,"slot":1,"a":293,"b":0}
1791637849.331 {"t":"event","at_ms":1947,"node":29544,"kind":"version_pinned","peer":33120,"slot":1,"a":2,"b":1446}
1791637849.331 {"t":"event","at_ms":1948,"node":29544,"kind":"peer_alive","peer":33120,"slot":1,"a":0,"b":0}
1791637849.331 {"t":"event","at_ms":1949,"node":29544,"kind":"peer_admitted","peer":33120,"slot":1,"a":0,"b":0}
1791637849.331 {"t":"event","at_ms":2107,"node":29544,"kind":"actor_owner","peer":25344,"slot":255,"a":1245650351,"b":9}
1791637849.331 {"t":"event","at_ms":2139,"node":29544,"kind":"peer_admitted","peer":25344,"slot":0,"a":0,"b":0}
1791637849.331 {"t":"event","at_ms":2144,"node":29544,"kind":"peer_admitted","peer":33120,"slot":1,"a":0,"b":0}
1791637849.331 {"t":"event","at_ms":2798,"node":29544,"kind":"peer_dead","peer":33120,"slot":1,"a":6,"b":647}
1791637849.331 {"t":"event","at_ms":3077,"node":29544,"kind":"peer_revived","peer":33120,"slot":1,"a":0,"b":0}
1791637849.331 {"t":"event","at_ms":3798,"node":29544,"kind":"probe_timeout","peer":25344,"slot":0,"a":3,"b":0}
1791637849.331 {"t":"event","at_ms":4799,"node":29544,"kind":"probe_timeout","peer":33120,"slot":1,"a":7,"b":0}
1791637849.331 {"t":"event","at_ms":5798,"node":29544,"kind":"probe_timeout","peer":25344,"slot":0,"a":8,"b":0}
1791637849.331 {"t":"event","at_ms":6805,"node":29544,"kind":"peer_admitted","peer":33120,"slot":1,"a":0,"b":0}
1791637849.331 {"t":"event","at_ms":7627,"node":29544,"kind":"peer_admitted","peer":25344,"slot":0,"a":0,"b":0}
1791637849.331 {"t":"event","at_ms":8749,"node":29544,"kind":"peer_admitted","peer":33120,"slot":1,"a":0,"b":0}
1791637849.331 {"t":"event","at_ms":9572,"node":29544,"kind":"peer_admitted","peer":25344,"slot":0,"a":0,"b":0}
1791637849.331 {"t":"event","at_ms":10745,"node":29544,"kind":"peer_admitted","peer":33120,"slot":1,"a":0,"b":0}
1791637849.331 {"t":"event","at_ms":11571,"node":29544,"kind":"peer_admitted","peer":25344,"slot":0,"a":0,"b":0}
1791637849.331 {"t":"link","up_ms":12048,"node":29544,"peer":25344,"mac":"b8:1f:3f:da:63:00","state":"alive","epoch":244,"espnow_ver":2,"mtu":1446,"misses":0,"rssi":-27,"tx":{"frames":38,"cb_ok":27,"cb_fail":11,"enqueue_err":0,"pdr_ppm":710526},"rx":{"frames":107,"lost_seqgap":6,"reorder_dup":0,"dropped_bad":0,"hb_lost":28,"bcast_frames":73,"pdr_ppm":946902},"rtt":{"samples":3,"min_us":5930,"max_us":9927,"timeouts":2,"txq_last_us":0,"txq_max_us":0,"remote_turnaround_us":1292,"remote_turnaround_max_us":1292,"p50_us":[6000,8000],"p99_us":[8000,11000],"hist":[0,0,0,0,1,1,1,0,0,0,0,0,0,0,0,0]}}
1791637849.331 {"t":"link","up_ms":12099,"node":29544,"peer":33120,"mac":"b8:1f:3f:da:81:60","state":"alive","epoch":293,"espnow_ver":2,"mtu":1446,"misses":0,"rssi":-9,"tx":{"frames":36,"cb_ok":31,"cb_fail":5,"enqueue_err":0,"pdr_ppm":861111},"rx":{"frames":108,"lost_seqgap":7,"reorder_dup":0,"dropped_bad":0,"hb_lost":18,"bcast_frames":73,"pdr_ppm":939130},"rtt":{"samples":4,"min_us":5619,"max_us":53171,"timeouts":1,"txq_last_us":0,"txq_max_us":0,"remote_turnaround_us":960,"remote_turnaround_max_us":1267,"p50_us":[4000,6000],"p99_us":[42000,60000],"hist":[0,0,0,0,3,0,0,0,0,0,0,1,0,0,0,0]}}
1791637849.781 {"t":"auth","node":29544,"up_ms":12150,"enrolled":1,"required":1,"verified_peers":2,"verified":4,"cache_hits":7,"refused":0,"rate_limited":0,"stale_epoch":0,"verify_us_max":64574,"link_stack_free_b":1516,"crypto_stack_free_b":1276,"tags_ok":59,"bad_tag":0,"replayed":0,"untagged":0,"bcast_dropped":0,"beacon_epoch_ignored":0,"tag_us_max":1317}
1791637849.781 {"t":"act","node":29544,"setpoint":0,"has_value":0,"writes_served":0}
1791637849.781 {"t":"peers","node":29544,"own_period_ms":100,"own_busy":1,"channel":1,"scanning":0,"scans":0,"hops":0,"found":0,"lost_to_found_ms":0,"moves_followed":0,"moves_refused":0,"sweeps":0,"sweep_found":0,"sweeping":0,"search_visits":0,"relay":1,"fwd_u":0,"fwd_b":147,"fwd_h":11,"relay_dup":0,"list":[{"id":25344,"state":"alive","via_relay":0,"period_ms":100,"misses":6,"busy":0,"rtt_n":3},{"id":33120,"state":"alive","via_relay":0,"period_ms":100,"misses":6,"busy":0,"rtt_n":4}]}
1791637849.781 {"t":"ss","node":29544,"accepted":0,"unsigned":0,"unknown_sender":0,"bad_signature":0,"replayed":0,"rate_limited":0,"verify_us_max":0,"floors":[]}
1791637849.781 {"t":"rec","node":29544,"up_ms":12239,"settled":1,"sent":45,"received":26,"malformed":0,"views":4,"replies_fenced":0,"actors":[{"key":1245650351,"running":0,"term":0,"owner":25344,"owner_term":9,"assigned":25344,"starts":0,"fenced":0,"released":0}]}
1791637849.781 {"t":"node","up_ms":12264,"node":29544,"epoch":172,"peers_alive":2,"peers_dead":0,"no_radio":0,"free_dram":205919,"largest_block":131072,"rx":{"total":224,"bad_frame":0,"unknown_peer":9,"wrong_dst":0,"short_payload":0,"unknown_opcode":0,"queue_dropped":6},"tx":{"total":194,"enqueue_err":0,"done_queue_dropped":0},"membership":{"deaths":1,"revivals":1,"reboots_seen":0,"table_full":0,"events_dropped":0}}
1791637849.781 {"t":"ns","node":29544,"hash":96177158,"owner":29544,"kind":"sampled","unit":0,"class":4,"bound_ms":5000,"quality":"GOOD","age_ms":446,"ts":11856,"updates":1,"value":-27}
1791637849.781 {"t":"ns","node":29544,"hash":1162973580,"owner":29544,"kind":"sampled","unit":101,"class":4,"bound_ms":30000,"quality":"GOOD","age_ms":460,"ts":11855,"updates":1,"value":205919}
1791637849.781 {"t":"ns","node":29544,"hash":4013525678,"owner":29544,"kind":"sampled","unit":101,"class":4,"bound_ms":30000,"quality":"GOOD","age_ms":473,"ts":11856,"updates":1,"value":131072}
1791637849.781 {"t":"ns","node":29544,"hash":1245650351,"owner":25344,"kind":"sampled","unit":0,"class":3,"bound_ms":500,"quality":"NO_DATA","age_ms":0,"ts":0,"updates":0,"value":null}
1791637849.781 {"t":"ns","node":29544,"hash":2033492666,"owner":29544,"kind":"sampled","unit":0,"class":3,"bound_ms":0,"quality":"NO_DATA","age_ms":0,"ts":0,"updates":0,"value":null}
1791637849.781 {"t":"ns","node":29544,"hash":1303338069,"owner":29544,"kind":"sampled","unit":100,"class":4,"bound_ms":0,"quality":"GOOD","age_ms":524,"ts":11856,"updates":1,"value":172}
1791637849.781 {"t":"ns","node":29544,"hash":288706273,"owner":29544,"kind":"sampled","unit":80,"class":4,"bound_ms":30000,"quality":"GOOD","age_ms":538,"ts":11856,"updates":1,"value":11}
1791637849.781 {"t":"ns","node":29544,"hash":2548334194,"owner":29544,"kind":"sampled","unit":100,"class":4,"bound_ms":5000,"quality":"GOOD","age_ms":552,"ts":11856,"updates":1,"value":2}
1791637859.916 {"t":"clk","node":29544,"up_ms":22420}
1791637859.916 {"t":"hs","up_s":22,"running":1,"sta":1,"has_ip":1,"ch":1,"rssi":-46,"clients":0,"reconnects":0,"int_free":205919,"psram_free":8336684,"boot_pick":1}
1791637859.916 {"t":"led","node":29544,"shows":"green","app":0}
1791637859.916 {"t":"event","at_ms":12746,"node":29544,"kind":"peer_admitted","peer":33120,"slot":1,"a":0,"b":0}
1791637859.916 {"t":"event","at_ms":13571,"node":29544,"kind":"peer_admitted","peer":25344,"slot":0,"a":0,"b":0}
1791637859.916 {"t":"event","at_ms":14745,"node":29544,"kind":"peer_admitted","peer":33120,"slot":1,"a":0,"b":0}
1791637859.916 {"t":"event","at_ms":15578,"node":29544,"kind":"peer_admitted","peer":25344,"slot":0,"a":0,"b":0}
1791637859.916 {"t":"event","at_ms":16745,"node":29544,"kind":"peer_admitted","peer":33120,"slot":1,"a":0,"b":0}
1791637859.916 {"t":"event","at_ms":17571,"node":29544,"kind":"peer_admitted","peer":25344,"slot":0,"a":0,"b":0}
1791637859.916 {"t":"event","at_ms":18745,"node":29544,"kind":"peer_admitted","peer":33120,"slot":1,"a":0,"b":0}
1791637859.916 {"t":"event","at_ms":19571,"node":29544,"kind":"peer_admitted","peer":25344,"slot":0,"a":0,"b":0}
1791637859.916 {"t":"event","at_ms":20745,"node":29544,"kind":"peer_admitted","peer":33120,"slot":1,"a":0,"b":0}
1791637859.916 {"t":"event","at_ms":21571,"node":29544,"kind":"peer_admitted","peer":25344,"slot":0,"a":0,"b":0}
1791637859.916 {"t":"link","up_ms":22524,"node":29544,"peer":25344,"mac":"b8:1f:3f:da:63:00","state":"alive","epoch":244,"espnow_ver":2,"mtu":1446,"misses":0,"rssi":-28,"tx":{"frames":73,"cb_ok":62,"cb_fail":11,"enqueue_err":0,"pdr_ppm":849315},"rx":{"frames":241,"lost_seqgap":6,"reorder_dup":0,"dropped_bad":0,"hb_lost":32,"bcast_frames":174,"pdr_ppm":975708},"rtt":{"samples":8,"min_us":5697,"max_us":13602,"timeouts":2,"txq_last_us":2520,"txq_max_us":2520,"remote_turnaround_us":1074,"remote_turnaround_max_us":1292,"p50_us":[4000,6000],"p99_us":[11000,16000],"hist":[0,0,0,0,4,1,2,1,0,0,0,0,0,0,0,0]}}
1791637859.916 {"t":"link","up_ms":22575,"node":29544,"peer":33120,"mac":"b8:1f:3f:da:81:60","state":"alive","epoch":293,"espnow_ver":2,"mtu":1446,"misses":0,"rssi":-9,"tx":{"frames":72,"cb_ok":67,"cb_fail":5,"enqueue_err":0,"pdr_ppm":930555},"rx":{"frames":249,"lost_seqgap":7,"reorder_dup":0,"dropped_bad":0,"hb_lost":21,"bcast_frames":174,"pdr_ppm":972656},"rtt":{"samples":9,"min_us":5619,"max_us":53171,"timeouts":1,"txq_last_us":2633,"txq_max_us":2633,"remote_turnaround_us":976,"remote_turnaround_max_us":1267,"p50_us":[4000,6000],"p99_us":[42000,60000],"hist":[0,0,0,0,7,0,0,1,0,0,0,1,0,0,0,0]}}
1791637859.916 {"t":"auth","node":29544,"up_ms":22626,"enrolled":1,"required":1,"verified_peers":2,"verified":4,"cache_hits":17,"refused":0,"rate_limited":0,"stale_epoch":0,"verify_us_max":64574,"link_stack_free_b":1516,"crypto_stack_free_b":1276,"tags_ok":121,"bad_tag":0,"replayed":0,"untagged":0,"bcast_dropped":0,"beacon_epoch_ignored":0,"tag_us_max":1317}
1791637859.916 {"t":"act","node":29544,"setpoint":0,"has_value":0,"writes_served":0}
1791637859.916 {"t":"peers","node":29544,"own_period_ms":100,"own_busy":1,"channel":1,"scanning":0,"scans":0,"hops":0,"found":0,"lost_to_found_ms":0,"moves_followed":0,"moves_refused":0,"sweeps":0,"sweep_found":0,"sweeping":0,"search_visits":0,"relay":1,"fwd_u":0,"fwd_b":350,"fwd_h":21,"relay_dup":0,"list":[{"id":25344,"state":"alive","via_relay":0,"period_ms":100,"misses":6,"busy":0,"rtt_n":8},{"id":33120,"state":"alive","via_relay":0,"period_ms":100,"misses":6,"busy":0,"rtt_n":9}]}
1791637859.916 {"t":"ss","node":29544,"accepted":0,"unsigned":0,"unknown_sender":0,"bad_signature":0,"replayed":0,"rate_limited":0,"verify_us_max":0,"floors":[]}
1791637859.916 {"t":"rec","node":29544,"up_ms":22717,"settled":1,"sent":87,"received":61,"malformed":0,"views":4,"replies_fenced":0,"actors":[{"key":1245650351,"running":0,"term":0,"owner":25344,"owner_term":9,"assigned":25344,"starts":0,"fenced":0,"released":0}]}
1791637860.242 {"t":"node","up_ms":22742,"node":29544,"epoch":172,"peers_alive":2,"peers_dead":0,"no_radio":0,"free_dram":205919,"largest_block":131072,"rx":{"total":503,"bad_frame":0,"unknown_peer":9,"wrong_dst":0,"short_payload":0,"unknown_opcode":0,"queue_dropped":6},"tx":{"total":375,"enqueue_err":0,"done_queue_dropped":0},"membership":{"deaths":1,"revivals":1,"reboots_seen":0,"table_full":0,"events_dropped":0}}
1791637860.242 {"t":"ns","node":29544,"hash":96177158,"owner":29544,"kind":"sampled","unit":0,"class":4,"bound_ms":5000,"quality":"GOOD","age_ms":334,"ts":22435,"updates":2,"value":-27}
1791637860.242 {"t":"ns","node":29544,"hash":1162973580,"owner":29544,"kind":"sampled","unit":101,"class":4,"bound_ms":30000,"quality":"GOOD","age_ms":347,"ts":22435,"updates":2,"value":205919}
1791637860.242 {"t":"ns","node":29544,"hash":4013525678,"owner":29544,"kind":"sampled","unit":101,"class":4,"bound_ms":30000,"quality":"GOOD","age_ms":371,"ts":22435,"updates":2,"value":131072}
1791637860.242 {"t":"ns","node":29544,"hash":1245650351,"owner":25344,"kind":"sampled","unit":0,"class":3,"bound_ms":500,"quality":"NO_DATA","age_ms":0,"ts":0,"updates":0,"value":null}
1791637860.242 {"t":"ns","node":29544,"hash":2033492666,"owner":29544,"kind":"sampled","unit":0,"class":3,"bound_ms":0,"quality":"NO_DATA","age_ms":0,"ts":0,"updates":0,"value":null}
1791637860.242 {"t":"ns","node":29544,"hash":1303338069,"owner":29544,"kind":"sampled","unit":100,"class":4,"bound_ms":0,"quality":"GOOD","age_ms":411,"ts":22435,"updates":2,"value":172}
1791637860.242 {"t":"ns","node":29544,"hash":288706273,"owner":29544,"kind":"sampled","unit":80,"class":4,"bound_ms":30000,"quality":"GOOD","age_ms":424,"ts":22435,"updates":2,"value":22}
1791637860.242 {"t":"ns","node":29544,"hash":2548334194,"owner":29544,"kind":"sampled","unit":100,"class":4,"bound_ms":5000,"quality":"GOOD","age_ms":437,"ts":22435,"updates":2,"value":2}
1791637870.392 {"t":"clk","node":29544,"up_ms":32896}
1791637870.392 {"t":"hs","up_s":32,"running":1,"sta":1,"has_ip":1,"ch":1,"rssi":-46,"clients":0,"reconnects":0,"int_free":205919,"psram_free":8336684,"boot_pick":1}
1791637870.392 {"t":"led","node":29544,"shows":"green","app":0}
1791637870.392 {"t":"event","at_ms":22745,"node":29544,"kind":"peer_admitted","peer":33120,"slot":1,"a":0,"b":0}
1791637870.392 {"t":"event","at_ms":23571,"node":29544,"kind":"peer_admitted","peer":25344,"slot":0,"a":0,"b":0}
1791637870.392 {"t":"event","at_ms":24747,"node":29544,"kind":"peer_admitted","peer":33120,"slot":1,"a":0,"b":0}
1791637870.392 {"t":"event","at_ms":25571,"node":29544,"kind":"peer_admitted","peer":25344,"slot":0,"a":0,"b":0}
1791637870.392 {"t":"event","at_ms":26745,"node":29544,"kind":"peer_admitted","peer":33120,"slot":1,"a":0,"b":0}
1791637870.392 {"t":"event","at_ms":27571,"node":29544,"kind":"peer_admitted","peer":25344,"slot":0,"a":0,"b":0}
1791637870.392 {"t":"event","at_ms":28745,"node":29544,"kind":"peer_admitted","peer":33120,"slot":1,"a":0,"b":0}
1791637870.392 {"t":"event","at_ms":29571,"node":29544,"kind":"peer_admitted","peer":25344,"slot":0,"a":0,"b":0}
1791637870.392 {"t":"event","at_ms":30745,"node":29544,"kind":"peer_admitted","peer":33120,"slot":1,"a":0,"b":0}
1791637870.392 {"t":"event","at_ms":31583,"node":29544,"kind":"peer_admitted","peer":25344,"slot":0,"a":0,"b":0}
1791637870.392 {"t":"event","at_ms":32745,"node":29544,"kind":"peer_admitted","peer":33120,"slot":1,"a":0,"b":0}
1791637870.392 {"t":"link","up_ms":33002,"node":29544,"peer":25344,"mac":"b8:1f:3f:da:63:00","state":"alive","epoch":244,"espnow_ver":2,"mtu":1446,"misses":0,"rssi":-28,"tx":{"frames":109,"cb_ok":98,"cb_fail":11,"enqueue_err":0,"pdr_ppm":899082},"rx":{"frames":376,"lost_seqgap":6,"reorder_dup":0,"dropped_bad":0,"hb_lost":36,"bcast_frames":275,"pdr_ppm":984293},"rtt":{"samples":14,"min_us":5697,"max_us":13602,"timeouts":2,"txq_last_us":2520,"txq_max_us":2520,"remote_turnaround_us":1073,"remote_turnaround_max_us":1292,"p50_us":[4000,6000],"p99_us":[11000,16000],"hist":[0,0,0,0,9,2,2,1,0,0,0,0,0,0,0,0]}}
1791637870.392 {"t":"link","up_ms":33053,"node":29544,"peer":33120,"mac":"b8:1f:3f:da:81:60","state":"alive","epoch":293,"espnow_ver":2,"mtu":1446,"misses":0,"rssi":-9,"tx":{"frames":109,"cb_ok":104,"cb_fail":5,"enqueue_err":0,"pdr_ppm":954128},"rx":{"frames":396,"lost_seqgap":7,"reorder_dup":0,"dropped_bad":0,"hb_lost":21,"bcast_frames":279,"pdr_ppm":982630},"rtt":{"samples":14,"min_us":5619,"max_us":53171,"timeouts":1,"txq_last_us":2528,"txq_max_us":2633,"remote_turnaround_us":979,"remote_turnaround_max_us":5240,"p50_us":[4000,6000],"p99_us":[42000,60000],"hist":[0,0,0,0,11,0,0,1,0,1,0,1,0,0,0,0]}}
1791637870.392 {"t":"auth","node":29544,"up_ms":33104,"enrolled":1,"required":1,"verified_peers":2,"verified":4,"cache_hits":28,"refused":0,"rate_limited":0,"stale_epoch":0,"verify_us_max":64574,"link_stack_free_b":1516,"crypto_stack_free_b":1276,"tags_ok":186,"bad_tag":0,"replayed":0,"untagged":0,"bcast_dropped":0,"beacon_epoch_ignored":0,"tag_us_max":1317}
1791637870.392 {"t":"act","node":29544,"setpoint":0,"has_value":0,"writes_served":0}
1791637870.392 {"t":"peers","node":29544,"own_period_ms":100,"own_busy":1,"channel":1,"scanning":0,"scans":0,"hops":0,"found":0,"lost_to_found_ms":0,"moves_followed":0,"moves_refused":0,"sweeps":0,"sweep_found":0,"sweeping":0,"search_visits":0,"relay":1,"fwd_u":0,"fwd_b":556,"fwd_h":32,"relay_dup":0,"list":[{"id":25344,"state":"alive","via_relay":0,"period_ms":100,"misses":6,"busy":0,"rtt_n":14},{"id":33120,"state":"alive","via_relay":0,"period_ms":100,"misses":6,"busy":0,"rtt_n":14}]}
1791637870.392 {"t":"ss","node":29544,"accepted":0,"unsigned":0,"unknown_sender":0,"bad_signature":0,"replayed":0,"rate_limited":0,"verify_us_max":0,"floors":[]}
1791637870.392 {"t":"rec","node":29544,"up_ms":33205,"settled":1,"sent":129,"received":94,"malformed":0,"views":4,"replies_fenced":0,"actors":[{"key":1245650351,"running":0,"term":0,"owner":25344,"owner_term":9,"assigned":25344,"starts":0,"fenced":0,"released":0}]}
1791637870.736 {"t":"node","up_ms":33219,"node":29544,"epoch":172,"peers_alive":2,"peers_dead":0,"no_radio":0,"free_dram":205919,"largest_block":131072,"rx":{"total":783,"bad_frame":0,"unknown_peer":9,"wrong_dst":0,"short_payload":0,"unknown_opcode":0,"queue_dropped":6},"tx":{"total":558,"enqueue_err":0,"done_queue_dropped":0},"membership":{"deaths":1,"revivals":1,"reboots_seen":0,"table_full":0,"events_dropped":0}}
1791637870.737 {"t":"ns","node":29544,"hash":96177158,"owner":29544,"kind":"sampled","unit":0,"class":4,"bound_ms":5000,"quality":"GOOD","age_ms":345,"ts":32912,"updates":3,"value":-27}
1791637870.737 {"t":"ns","node":29544,"hash":1162973580,"owner":29544,"kind":"sampled","unit":101,"class":4,"bound_ms":30000,"quality":"GOOD","age_ms":359,"ts":32911,"updates":3,"value":205919}
1791637870.737 {"t":"ns","node":29544,"hash":4013525678,"owner":29544,"kind":"sampled","unit":101,"class":4,"bound_ms":30000,"quality":"GOOD","age_ms":371,"ts":32912,"updates":3,"value":131072}
1791637870.737 {"t":"ns","node":29544,"hash":1245650351,"owner":25344,"kind":"sampled","unit":0,"class":3,"bound_ms":500,"quality":"NO_DATA","age_ms":0,"ts":0,"updates":0,"value":null}
1791637870.737 {"t":"ns","node":29544,"hash":2033492666,"owner":29544,"kind":"sampled","unit":0,"class":3,"bound_ms":0,"quality":"NO_DATA","age_ms":0,"ts":0,"updates":0,"value":null}
1791637870.737 {"t":"ns","node":29544,"hash":1303338069,"owner":29544,"kind":"sampled","unit":100,"class":4,"bound_ms":0,"quality":"GOOD","age_ms":422,"ts":32912,"updates":3,"value":172}
1791637870.737 {"t":"ns","node":29544,"hash":288706273,"owner":29544,"kind":"sampled","unit":80,"class":4,"bound_ms":30000,"quality":"GOOD","age_ms":435,"ts":32912,"updates":3,"value":32}
1791637870.737 {"t":"ns","node":29544,"hash":2548334194,"owner":29544,"kind":"sampled","unit":100,"class":4,"bound_ms":5000,"quality":"GOOD","age_ms":448,"ts":32912,"updates":3,"value":2}
1791637880.869 {"t":"clk","node":29544,"up_ms":43373}
1791637880.869 {"t":"hs","up_s":43,"running":1,"sta":1,"has_ip":1,"ch":1,"rssi":-46,"clients":0,"reconnects":0,"int_free":205919,"psram_free":8336684,"boot_pick":1}
1791637880.869 {"t":"led","node":29544,"shows":"yellow","app":0}
1791637880.869 {"t":"event","at_ms":33574,"node":29544,"kind":"peer_admitted","peer":25344,"slot":0,"a":0,"b":0}
1791637880.869 {"t":"event","at_ms":34745,"node":29544,"kind":"peer_admitted","peer":33120,"slot":1,"a":0,"b":0}
1791637880.869 {"t":"event","at_ms":35574,"node":29544,"kind":"peer_admitted","peer":25344,"slot":0,"a":0,"b":0}
1791637880.869 {"t":"event","at_ms":36745,"node":29544,"kind":"peer_admitted","peer":33120,"slot":1,"a":0,"b":0}
1791637880.869 {"t":"event","at_ms":37575,"node":29544,"kind":"peer_admitted","peer":25344,"slot":0,"a":0,"b":0}
1791637880.869 {"t":"event","at_ms":38745,"node":29544,"kind":"peer_admitted","peer":33120,"slot":1,"a":0,"b":0}
1791637880.869 {"t":"event","at_ms":39575,"node":29544,"kind":"peer_admitted","peer":25344,"slot":0,"a":0,"b":0}
1791637880.869 {"t":"event","at_ms":40745,"node":29544,"kind":"peer_admitted","peer":33120,"slot":1,"a":0,"b":0}
1791637880.869 {"t":"event","at_ms":41586,"node":29544,"kind":"peer_admitted","peer":25344,"slot":0,"a":0,"b":0}
1791637880.869 {"t":"event","at_ms":42745,"node":29544,"kind":"peer_admitted","peer":33120,"slot":1,"a":0,"b":0}
1791637880.869 {"t":"link","up_ms":43478,"node":29544,"peer":25344,"mac":"b8:1f:3f:da:63:00","state":"alive","epoch":244,"espnow_ver":2,"mtu":1446,"misses":0,"rssi":-27,"tx":{"frames":143,"cb_ok":132,"cb_fail":11,"enqueue_err":0,"pdr_ppm":923076},"rx":{"frames":510,"lost_seqgap":6,"reorder_dup":0,"dropped_bad":0,"hb_lost":38,"bcast_frames":377,"pdr_ppm":988372},"rtt":{"samples":19,"min_us":5697,"max_us":13602,"timeouts":2,"txq_last_us":6755,"txq_max_us":6755,"remote_turnaround_us":1014,"remote_turnaround_max_us":1292,"p50_us":[4000,6000],"p99_us":[11000,16000],"hist":[0,0,0,0,13,2,3,1,0,0,0,0,0,0,0,0]}}
1791637880.869 {"t":"link","up_ms":43529,"node":29544,"peer":33120,"mac":"b8:1f:3f:da:81:60","state":"alive","epoch":293,"espnow_ver":2,"mtu":1446,"misses":0,"rssi":-9,"tx":{"frames":145,"cb_ok":140,"cb_fail":5,"enqueue_err":0,"pdr_ppm":965517},"rx":{"frames":538,"lost_seqgap":7,"reorder_dup":0,"dropped_bad":0,"hb_lost":24,"bcast_frames":381,"pdr_ppm":987155},"rtt":{"samples":19,"min_us":5619,"max_us":53171,"timeouts":1,"txq_last_us":2551,"txq_max_us":2633,"remote_turnaround_us":887,"remote_turnaround_max_us":6147,"p50_us":[4000,6000],"p99_us":[42000,60000],"hist":[0,0,0,0,13,2,0,1,1,1,0,1,0,0,0,0]}}
1791637880.869 {"t":"auth","node":29544,"up_ms":43581,"enrolled":1,"required":1,"verified_peers":2,"verified":4,"cache_hits":39,"refused":0,"rate_limited":0,"stale_epoch":0,"verify_us_max":64574,"link_stack_free_b":1516,"crypto_stack_free_b":1276,"tags_ok":248,"bad_tag":0,"replayed":0,"untagged":0,"bcast_dropped":0,"beacon_epoch_ignored":0,"tag_us_max":1317}
1791637880.869 {"t":"act","node":29544,"setpoint":0,"has_value":0,"writes_served":0}
1791637880.869 {"t":"peers","node":29544,"own_period_ms":100,"own_busy":1,"channel":1,"scanning":0,"scans":0,"hops":0,"found":0,"lost_to_found_ms":0,"moves_followed":0,"moves_refused":0,"sweeps":0,"sweep_found":0,"sweeping":0,"search_visits":0,"relay":1,"fwd_u":0,"fwd_b":761,"fwd_h":43,"relay_dup":0,"list":[{"id":25344,"state":"alive","via_relay":0,"period_ms":100,"misses":6,"busy":0,"rtt_n":19},{"id":33120,"state":"alive","via_relay":0,"period_ms":100,"misses":6,"busy":0,"rtt_n":19}]}
1791637880.869 {"t":"ss","node":29544,"accepted":0,"unsigned":0,"unknown_sender":0,"bad_signature":0,"replayed":0,"rate_limited":0,"verify_us_max":0,"floors":[]}
1791637880.869 {"t":"rec","node":29544,"up_ms":43670,"settled":1,"sent":171,"received":128,"malformed":0,"views":4,"replies_fenced":0,"actors":[{"key":1245650351,"running":0,"term":0,"owner":25344,"owner_term":9,"assigned":25344,"starts":0,"fenced":0,"released":0}]}
1791637881.203 {"t":"node","up_ms":43695,"node":29544,"epoch":172,"peers_alive":2,"peers_dead":0,"no_radio":0,"free_dram":205919,"largest_block":131072,"rx":{"total":1061,"bad_frame":0,"unknown_peer":9,"wrong_dst":0,"short_payload":0,"unknown_opcode":0,"queue_dropped":6},"tx":{"total":738,"enqueue_err":0,"done_queue_dropped":0},"membership":{"deaths":1,"revivals":1,"reboots_seen":0,"table_full":0,"events_dropped":0}}
1791637881.203 {"t":"ns","node":29544,"hash":96177158,"owner":29544,"kind":"sampled","unit":0,"class":4,"bound_ms":5000,"quality":"GOOD","age_ms":334,"ts":43388,"updates":4,"value":-27}
1791637881.203 {"t":"ns","node":29544,"hash":1162973580,"owner":29544,"kind":"sampled","unit":101,"class":4,"bound_ms":30000,"quality":"GOOD","age_ms":358,"ts":43388,"updates":4,"value":205919}
1791637881.203 {"t":"ns","node":29544,"hash":4013525678,"owner":29544,"kind":"sampled","unit":101,"class":4,"bound_ms":30000,"quality":"GOOD","age_ms":371,"ts":43388,"updates":4,"value":131072}
1791637881.203 {"t":"ns","node":29544,"hash":1245650351,"owner":25344,"kind":"sampled","unit":0,"class":3,"bound_ms":500,"quality":"NO_DATA","age_ms":0,"ts":0,"updates":0,"value":null}
1791637881.203 {"t":"ns","node":29544,"hash":2033492666,"owner":29544,"kind":"sampled","unit":0,"class":3,"bound_ms":0,"quality":"NO_DATA","age_ms":0,"ts":0,"updates":0,"value":null}
1791637881.203 {"t":"ns","node":29544,"hash":1303338069,"owner":29544,"kind":"sampled","unit":100,"class":4,"bound_ms":0,"quality":"GOOD","age_ms":412,"ts":43388,"updates":4,"value":172}
1791637881.203 {"t":"ns","node":29544,"hash":288706273,"owner":29544,"kind":"sampled","unit":80,"class":4,"bound_ms":30000,"quality":"GOOD","age_ms":425,"ts":43388,"updates":4,"value":43}
1791637881.203 {"t":"ns","node":29544,"hash":2548334194,"owner":29544,"kind":"sampled","unit":100,"class":4,"bound_ms":5000,"quality":"GOOD","age_ms":449,"ts":43388,"updates":4,"value":2}
1791637891.348 {"t":"clk","node":29544,"up_ms":53850}
1791637891.348 {"t":"hs","up_s":53,"running":1,"sta":1,"has_ip":1,"ch":1,"rssi":-46,"clients":0,"reconnects":0,"int_free":205919,"psram_free":8336684,"boot_pick":1}
1791637891.348 {"t":"led","node":29544,"shows":"green","app":0}
1791637891.348 {"t":"event","at_ms":43576,"node":29544,"kind":"peer_admitted","peer":25344,"slot":0,"a":0,"b":0}
1791637891.348 {"t":"event","at_ms":44749,"node":29544,"kind":"peer_admitted","peer":33120,"slot":1,"a":0,"b":0}
1791637891.348 {"t":"event","at_ms":45576,"node":29544,"kind":"peer_admitted","peer":25344,"slot":0,"a":0,"b":0}
1791637891.348 {"t":"event","at_ms":46745,"node":29544,"kind":"peer_admitted","peer":33120,"slot":1,"a":0,"b":0}
1791637891.348 {"t":"event","at_ms":47576,"node":29544,"kind":"peer_admitted","peer":25344,"slot":0,"a":0,"b":0}
1791637891.348 {"t":"event","at_ms":48745,"node":29544,"kind":"peer_admitted","peer":33120,"slot":1,"a":0,"b":0}
1791637891.348 {"t":"event","at_ms":49576,"node":29544,"kind":"peer_admitted","peer":25344,"slot":0,"a":0,"b":0}
1791637891.348 {"t":"event","at_ms":50745,"node":29544,"kind":"peer_admitted","peer":33120,"slot":1,"a":0,"b":0}
1791637891.348 {"t":"event","at_ms":51588,"node":29544,"kind":"peer_admitted","peer":25344,"slot":0,"a":0,"b":0}
1791637891.348 {"t":"event","at_ms":52745,"node":29544,"kind":"peer_admitted","peer":33120,"slot":1,"a":0,"b":0}
1791637891.348 {"t":"event","at_ms":53579,"node":29544,"kind":"peer_admitted","peer":25344,"slot":0,"a":0,"b":0}
1791637891.348 {"t":"link","up_ms":53956,"node":29544,"peer":25344,"mac":"b8:1f:3f:da:63:00","state":"alive","epoch":244,"espnow_ver":2,"mtu":1446,"misses":0,"rssi":-27,"tx":{"frames":179,"cb_ok":168,"cb_fail":11,"enqueue_err":0,"pdr_ppm":938547},"rx":{"frames":648,"lost_seqgap":6,"reorder_dup":0,"dropped_bad":0,"hb_lost":40,"bcast_frames":480,"pdr_ppm":990825},"rtt":{"samples":24,"min_us":5697,"max_us":13602,"timeouts":2,"txq_last_us":6755,"txq_max_us":6755,"remote_turnaround_us":1051,"remote_turnaround_max_us":1325,"p50_us":[4000,6000],"p99_us":[11000,16000],"hist":[0,0,0,0,14,2,7,1,0,0,0,0,0,0,0,0]}}
1791637891.348 {"t":"link","up_ms":54007,"node":29544,"peer":33120,"mac":"b8:1f:3f:da:81:60","state":"alive","epoch":293,"espnow_ver":2,"mtu":1446,"misses":0,"rssi":-9,"tx":{"frames":183,"cb_ok":178,"cb_fail":5,"enqueue_err":0,"pdr_ppm":972677},"rx":{"frames":685,"lost_seqgap":7,"reorder_dup":0,"dropped_bad":0,"hb_lost":25,"bcast_frames":485,"pdr_ppm":989884},"rtt":{"samples":25,"min_us":5608,"max_us":53171,"timeouts":1,"txq_last_us":2595,"txq_max_us":2633,"remote_turnaround_us":967,"remote_turnaround_max_us":6147,"p50_us":[4000,6000],"p99_us":[42000,60000],"hist":[0,0,0,0,17,3,0,1,1,2,0,1,0,0,0,0]}}
1791637891.348 {"t":"auth","node":29544,"up_ms":54069,"enrolled":1,"required":1,"verified_peers":2,"verified":4,"cache_hits":49,"refused":0,"rate_limited":0,"stale_epoch":0,"verify_us_max":64574,"link_stack_free_b":1516,"crypto_stack_free_b":1276,"tags_ok":315,"bad_tag":0,"replayed":0,"untagged":0,"bcast_dropped":0,"beacon_epoch_ignored":0,"tag_us_max":1317}
1791637891.348 {"t":"act","node":29544,"setpoint":0,"has_value":0,"writes_served":0}
1791637891.348 {"t":"peers","node":29544,"own_period_ms":100,"own_busy":1,"channel":1,"scanning":0,"scans":0,"hops":0,"found":0,"lost_to_found_ms":0,"moves_followed":0,"moves_refused":0,"sweeps":0,"sweep_found":0,"sweeping":0,"search_visits":0,"relay":1,"fwd_u":0,"fwd_b":967,"fwd_h":53,"relay_dup":0,"list":[{"id":25344,"state":"alive","via_relay":0,"period_ms":100,"misses":6,"busy":0,"rtt_n":24},{"id":33120,"state":"alive","via_relay":0,"period_ms":100,"misses":6,"busy":0,"rtt_n":25}]}
1791637891.348 {"t":"ss","node":29544,"accepted":0,"unsigned":0,"unknown_sender":0,"bad_signature":0,"replayed":0,"rate_limited":0,"verify_us_max":0,"floors":[]}
1791637891.348 {"t":"rec","node":29544,"up_ms":54158,"settled":1,"sent":212,"received":162,"malformed":0,"views":4,"replies_fenced":0,"actors":[{"key":1245650351,"running":0,"term":0,"owner":25344,"owner_term":9,"assigned":25344,"starts":0,"fenced":0,"released":0}]}
1791637891.687 {"t":"node","up_ms":54173,"node":29544,"epoch":172,"peers_alive":2,"peers_dead":0,"no_radio":0,"free_dram":205699,"largest_block":131072,"rx":{"total":1343,"bad_frame":0,"unknown_peer":9,"wrong_dst":0,"short_payload":0,"unknown_opcode":0,"queue_dropped":6},"tx":{"total":922,"enqueue_err":0,"done_queue_dropped":0},"membership":{"deaths":1,"revivals":1,"reboots_seen":0,"table_full":0,"events_dropped":0}}
1791637891.687 {"t":"ns","node":29544,"hash":96177158,"owner":29544,"kind":"sampled","unit":0,"class":4,"bound_ms":5000,"quality":"GOOD","age_ms":346,"ts":53865,"updates":5,"value":-28}
1791637891.687 {"t":"ns","node":29544,"hash":1162973580,"owner":29544,"kind":"sampled","unit":101,"class":4,"bound_ms":30000,"quality":"GOOD","age_ms":359,"ts":53865,"updates":5,"value":205919}
1791637891.687 {"t":"ns","node":29544,"hash":4013525678,"owner":29544,"kind":"sampled","unit":101,"class":4,"bound_ms":30000,"quality":"GOOD","age_ms":372,"ts":53865,"updates":5,"value":131072}
1791637891.687 {"t":"ns","node":29544,"hash":1245650351,"owner":25344,"kind":"sampled","unit":0,"class":3,"bound_ms":500,"quality":"NO_DATA","age_ms":0,"ts":0,"updates":0,"value":null}
1791637891.687 {"t":"ns","node":29544,"hash":2033492666,"owner":29544,"kind":"sampled","unit":0,"class":3,"bound_ms":0,"quality":"NO_DATA","age_ms":0,"ts":0,"updates":0,"value":null}
1791637891.687 {"t":"ns","node":29544,"hash":1303338069,"owner":29544,"kind":"sampled","unit":100,"class":4,"bound_ms":0,"quality":"GOOD","age_ms":423,"ts":53865,"updates":5,"value":172}
1791637891.687 {"t":"ns","node":29544,"hash":288706273,"owner":29544,"kind":"sampled","unit":80,"class":4,"bound_ms":30000,"quality":"GOOD","age_ms":436,"ts":53865,"updates":5,"value":53}
1791637891.687 {"t":"ns","node":29544,"hash":2548334194,"owner":29544,"kind":"sampled","unit":100,"class":4,"bound_ms":5000,"quality":"GOOD","age_ms":449,"ts":53865,"updates":5,"value":2}
1791637901.833 {"t":"clk","node":29544,"up_ms":64338}
1791637901.833 {"t":"hs","up_s":64,"running":1,"sta":1,"has_ip":1,"ch":1,"rssi":-46,"clients":0,"reconnects":0,"int_free":205919,"psram_free":8336684,"boot_pick":1}
1791637901.833 {"t":"led","node":29544,"shows":"green","app":0}
1791637901.833 {"t":"event","at_ms":54752,"node":29544,"kind":"peer_admitted","peer":33120,"slot":1,"a":0,"b":0}
1791637901.833 {"t":"event","at_ms":55579,"node":29544,"kind":"peer_admitted","peer":25344,"slot":0,"a":0,"b":0}
1791637901.833 {"t":"event","at_ms":56751,"node":29544,"kind":"peer_admitted","peer":33120,"slot":1,"a":0,"b":0}
1791637901.833 {"t":"event","at_ms":57579,"node":29544,"kind":"peer_admitted","peer":25344,"slot":0,"a":0,"b":0}
1791637901.833 {"t":"event","at_ms":58758,"node":29544,"kind":"peer_admitted","peer":33120,"slot":1,"a":0,"b":0}
1791637901.833 {"t":"event","at_ms":59579,"node":29544,"kind":"peer_admitted","peer":25344,"slot":0,"a":0,"b":0}
1791637901.833 {"t":"event","at_ms":60757,"node":29544,"kind":"peer_admitted","peer":33120,"slot":1,"a":0,"b":0}
1791637901.833 {"t":"event","at_ms":61594,"node":29544,"kind":"peer_admitted","peer":25344,"slot":0,"a":0,"b":0}
1791637901.833 {"t":"event","at_ms":62756,"node":29544,"kind":"peer_admitted","peer":33120,"slot":1,"a":0,"b":0}
1791637901.833 {"t":"event","at_ms":63583,"node":29544,"kind":"peer_admitted","peer":25344,"slot":0,"a":0,"b":0}
1791637901.833 {"t":"link","up_ms":64443,"node":29544,"peer":25344,"mac":"b8:1f:3f:da:63:00","state":"alive","epoch":244,"espnow_ver":2,"mtu":1446,"misses":0,"rssi":-28,"tx":{"frames":213,"cb_ok":202,"cb_fail":11,"enqueue_err":0,"pdr_ppm":948356},"rx":{"frames":782,"lost_seqgap":6,"reorder_dup":0,"dropped_bad":0,"hb_lost":43,"bcast_frames":582,"pdr_ppm":992385},"rtt":{"samples":29,"min_us":5675,"max_us":15036,"timeouts":2,"txq_last_us":6755,"txq_max_us":6755,"remote_turnaround_us":1042,"remote_turnaround_max_us":2533,"p50_us":[4000,6000],"p99_us":[11000,16000],"hist":[0,0,0,0,17,3,7,2,0,0,0,0,0,0,0,0]}}
1791637901.833 {"t":"link","up_ms":64494,"node":29544,"peer":33120,"mac":"b8:1f:3f:da:81:60","state":"alive","epoch":293,"espnow_ver":2,"mtu":1446,"misses":0,"rssi":-9,"tx":{"frames":219,"cb_ok":214,"cb_fail":5,"enqueue_err":0,"pdr_ppm":977168},"rx":{"frames":828,"lost_seqgap":7,"reorder_dup":0,"dropped_bad":0,"hb_lost":27,"bcast_frames":588,"pdr_ppm":991616},"rtt":{"samples":30,"min_us":5586,"max_us":53171,"timeouts":1,"txq_last_us":2604,"txq_max_us":2633,"remote_turnaround_us":977,"remote_turnaround_max_us":6147,"p50_us":[4000,6000],"p99_us":[42000,60000],"hist":[0,0,0,0,20,4,0,1,1,2,1,1,0,0,0,0]}}
1791637901.833 {"t":"auth","node":29544,"up_ms":64545,"enrolled":1,"required":1,"verified_peers":2,"verified":4,"cache_hits":59,"refused":0,"rate_limited":0,"stale_epoch":0,"verify_us_max":64574,"link_stack_free_b":1516,"crypto_stack_free_b":1276,"tags_ok":378,"bad_tag":0,"replayed":0,"untagged":0,"bcast_dropped":0,"beacon_epoch_ignored":0,"tag_us_max":1317}
1791637901.833 {"t":"act","node":29544,"setpoint":0,"has_value":0,"writes_served":0}
1791637901.833 {"t":"peers","node":29544,"own_period_ms":100,"own_busy":1,"channel":1,"scanning":0,"scans":0,"hops":0,"found":0,"lost_to_found_ms":0,"moves_followed":0,"moves_refused":0,"sweeps":0,"sweep_found":0,"sweeping":0,"search_visits":0,"relay":1,"fwd_u":0,"fwd_b":1173,"fwd_h":63,"relay_dup":0,"list":[{"id":25344,"state":"alive","via_relay":0,"period_ms":100,"misses":6,"busy":0,"rtt_n":29},{"id":33120,"state":"alive","via_relay":0,"period_ms":100,"misses":6,"busy":0,"rtt_n":30}]}
1791637901.833 {"t":"ss","node":29544,"accepted":0,"unsigned":0,"unknown_sender":0,"bad_signature":0,"replayed":0,"rate_limited":0,"verify_us_max":0,"floors":[]}
1791637901.833 {"t":"rec","node":29544,"up_ms":64634,"settled":1,"sent":254,"received":197,"malformed":0,"views":4,"replies_fenced":0,"actors":[{"key":1245650351,"running":0,"term":0,"owner":25344,"owner_term":9,"assigned":25344,"starts":0,"fenced":0,"released":0}]}
1791637902.160 {"t":"node","up_ms":64659,"node":29544,"epoch":172,"peers_alive":2,"peers_dead":0,"no_radio":0,"free_dram":205919,"largest_block":131072,"rx":{"total":1621,"bad_frame":0,"unknown_peer":9,"wrong_dst":0,"short_payload":0,"unknown_opcode":0,"queue_dropped":6},"tx":{"total":1101,"enqueue_err":0,"done_queue_dropped":0},"membership":{"deaths":1,"revivals":1,"reboots_seen":0,"table_full":0,"events_dropped":0}}
1791637902.160 {"t":"ns","node":29544,"hash":96177158,"owner":29544,"kind":"sampled","unit":0,"class":4,"bound_ms":5000,"quality":"GOOD","age_ms":333,"ts":64353,"updates":6,"value":-28}
1791637902.160 {"t":"ns","node":29544,"hash":1162973580,"owner":29544,"kind":"sampled","unit":101,"class":4,"bound_ms":30000,"quality":"GOOD","age_ms":358,"ts":64353,"updates":6,"value":205919}
1791637902.160 {"t":"ns","node":29544,"hash":4013525678,"owner":29544,"kind":"sampled","unit":101,"class":4,"bound_ms":30000,"quality":"GOOD","age_ms":371,"ts":64353,"updates":6,"value":131072}
1791637902.160 {"t":"ns","node":29544,"hash":1245650351,"owner":25344,"kind":"sampled","unit":0,"class":3,"bound_ms":500,"quality":"NO_DATA","age_ms":0,"ts":0,"updates":0,"value":null}
1791637902.160 {"t":"ns","node":29544,"hash":2033492666,"owner":29544,"kind":"sampled","unit":0,"class":3,"bound_ms":0,"quality":"NO_DATA","age_ms":0,"ts":0,"updates":0,"value":null}
1791637902.160 {"t":"ns","node":29544,"hash":1303338069,"owner":29544,"kind":"sampled","unit":100,"class":4,"bound_ms":0,"quality":"GOOD","age_ms":410,"ts":64353,"updates":6,"value":172}
1791637902.160 {"t":"ns","node":29544,"hash":288706273,"owner":29544,"kind":"sampled","unit":80,"class":4,"bound_ms":30000,"quality":"GOOD","age_ms":435,"ts":64353,"updates":6,"value":64}
1791637902.160 {"t":"ns","node":29544,"hash":2548334194,"owner":29544,"kind":"sampled","unit":100,"class":4,"bound_ms":5000,"quality":"GOOD","age_ms":448,"ts":64353,"updates":6,"value":2}
1791637912.309 {"t":"clk","node":29544,"up_ms":74814}
1791637912.309 {"t":"hs","up_s":74,"running":1,"sta":1,"has_ip":1,"ch":1,"rssi":-46,"clients":0,"reconnects":0,"int_free":205919,"psram_free":8336684,"boot_pick":1}
1791637912.309 {"t":"led","node":29544,"shows":"green","app":0}
1791637912.309 {"t":"event","at_ms":64767,"node":29544,"kind":"peer_admitted","peer":33120,"slot":1,"a":0,"b":0}
1791637912.309 {"t":"event","at_ms":66756,"node":29544,"kind":"peer_admitted","peer":33120,"slot":1,"a":0,"b":0}
1791637912.309 {"t":"event","at_ms":68756,"node":29544,"kind":"peer_admitted","peer":33120,"slot":1,"a":0,"b":0}
1791637912.309 {"t":"event","at_ms":69591,"node":29544,"kind":"peer_admitted","peer":25344,"slot":0,"a":0,"b":0}
1791637912.309 {"t":"event","at_ms":70761,"node":29544,"kind":"peer_admitted","peer":33120,"slot":1,"a":0,"b":0}
1791637912.309 {"t":"event","at_ms":71584,"node":29544,"kind":"peer_admitted","peer":25344,"slot":0,"a":0,"b":0}
1791637912.309 {"t":"event","at_ms":72766,"node":29544,"kind":"peer_admitted","peer":33120,"slot":1,"a":0,"b":0}
1791637912.309 {"t":"event","at_ms":74756,"node":29544,"kind":"peer_admitted","peer":33120,"slot":1,"a":0,"b":0}
1791637912.309 {"t":"link","up_ms":74895,"node":29544,"peer":25344,"mac":"b8:1f:3f:da:63:00","state":"alive","epoch":244,"espnow_ver":2,"mtu":1446,"misses":0,"rssi":-28,"tx":{"frames":246,"cb_ok":235,"cb_fail":11,"enqueue_err":0,"pdr_ppm":955284},"rx":{"frames":913,"lost_seqgap":6,"reorder_dup":0,"dropped_bad":0,"hb_lost":47,"bcast_frames":683,"pdr_ppm":993471},"rtt":{"samples":35,"min_us":5675,"max_us":15036,"timeouts":2,"txq_last_us":6755,"txq_max_us":6755,"remote_turnaround_us":1048,"remote_turnaround_max_us":2533,"p50_us":[4000,6000],"p99_us":[11000,16000],"hist":[0,0,0,0,21,4,7,3,0,0,0,0,0,0,0,0]}}
1791637912.309 {"t":"link","up_ms":74946,"node":29544,"peer":33120,"mac":"b8:1f:3f:da:81:60","state":"alive","epoch":293,"espnow_ver":2,"mtu":1446,"misses":0,"rssi":-9,"tx":{"frames":256,"cb_ok":251,"cb_fail":5,"enqueue_err":0,"pdr_ppm":980468},"rx":{"frames":973,"lost_seqgap":7,"reorder_dup":0,"dropped_bad":0,"hb_lost":28,"bcast_frames":691,"pdr_ppm":992857},"rtt":{"samples":35,"min_us":5586,"max_us":53171,"timeouts":1,"txq_last_us":2604,"txq_max_us":2633,"remote_turnaround_us":842,"remote_turnaround_max_us":6147,"p50_us":[4000,6000],"p99_us":[42000,60000],"hist":[0,0,0,0,22,6,1,1,1,2,1,1,0,0,0,0]}}
1791637912.309 {"t":"auth","node":29544,"up_ms":74997,"enrolled":1,"required":1,"verified_peers":2,"verified":4,"cache_hits":67,"refused":0,"rate_limited":0,"stale_epoch":0,"verify_us_max":64574,"link_stack_free_b":1516,"crypto_stack_free_b":1276,"tags_ok":441,"bad_tag":0,"replayed":0,"untagged":0,"bcast_dropped":0,"beacon_epoch_ignored":0,"tag_us_max":1317}
1791637912.309 {"t":"act","node":29544,"setpoint":0,"has_value":0,"writes_served":0}
1791637912.309 {"t":"peers","node":29544,"own_period_ms":100,"own_busy":1,"channel":1,"scanning":0,"scans":0,"hops":0,"found":0,"lost_to_found_ms":0,"moves_followed":0,"moves_refused":0,"sweeps":0,"sweep_found":0,"sweeping":0,"search_visits":0,"relay":1,"fwd_u":0,"fwd_b":1376,"fwd_h":71,"relay_dup":0,"list":[{"id":25344,"state":"alive","via_relay":0,"period_ms":100,"misses":6,"busy":0,"rtt_n":35},{"id":33120,"state":"alive","via_relay":0,"period_ms":100,"misses":6,"busy":0,"rtt_n":35}]}
1791637912.309 {"t":"ss","node":29544,"accepted":0,"unsigned":0,"unknown_sender":0,"bad_signature":0,"replayed":0,"rate_limited":0,"verify_us_max":0,"floors":[]}
1791637912.309 {"t":"rec","node":29544,"up_ms":75097,"settled":1,"sent":296,"received":231,"malformed":0,"views":4,"replies_fenced":0,"actors":[{"key":1245650351,"running":0,"term":0,"owner":25344,"owner_term":9,"assigned":25344,"starts":0,"fenced":0,"released":0}]}
1791637912.309 {"t":"node","up_ms":75112,"node":29544,"epoch":172,"peers_alive":2,"peers_dead":0,"no_radio":0,"free_dram":205919,"largest_block":131072,"rx":{"total":1898,"bad_frame":0,"unknown_peer":9,"wrong_dst":0,"short_payload":0,"unknown_opcode":0,"queue_dropped":6},"tx":{"total":1281,"enqueue_err":0,"done_queue_dropped":0},"membership":{"deaths":1,"revivals":1,"reboots_seen":0,"table_full":0,"events_dropped":0}}
1791637912.623 {"t":"ns","node":29544,"hash":96177158,"owner":29544,"kind":"sampled","unit":0,"class":4,"bound_ms":5000,"quality":"GOOD","age_ms":320,"ts":74830,"updates":7,"value":-27}
1791637912.623 {"t":"ns","node":29544,"hash":1162973580,"owner":29544,"kind":"sampled","unit":101,"class":4,"bound_ms":30000,"quality":"GOOD","age_ms":333,"ts":74830,"updates":7,"value":205667}
1791637912.623 {"t":"ns","node":29544,"hash":4013525678,"owner":29544,"kind":"sampled","unit":101,"class":4,"bound_ms":30000,"quality":"GOOD","age_ms":346,"ts":74830,"updates":7,"value":131072}
1791637912.623 {"t":"ns","node":29544,"hash":1245650351,"owner":25344,"kind":"sampled","unit":0,"class":3,"bound_ms":500,"quality":"NO_DATA","age_ms":0,"ts":0,"updates":0,"value":null}
1791637912.623 {"t":"ns","node":29544,"hash":2033492666,"owner":29544,"kind":"sampled","unit":0,"class":3,"bound_ms":0,"quality":"NO_DATA","age_ms":0,"ts":0,"updates":0,"value":null}
1791637912.623 {"t":"ns","node":29544,"hash":1303338069,"owner":29544,"kind":"sampled","unit":100,"class":4,"bound_ms":0,"quality":"GOOD","age_ms":397,"ts":74830,"updates":7,"value":172}
1791637912.623 {"t":"ns","node":29544,"hash":288706273,"owner":29544,"kind":"sampled","unit":80,"class":4,"bound_ms":30000,"quality":"GOOD","age_ms":410,"ts":74830,"updates":7,"value":74}
1791637912.623 {"t":"ns","node":29544,"hash":2548334194,"owner":29544,"kind":"sampled","unit":100,"class":4,"bound_ms":5000,"quality":"GOOD","age_ms":423,"ts":74830,"updates":7,"value":2}
1791637922.761 {"t":"clk","node":29544,"up_ms":85266}
1791637922.761 {"t":"hs","up_s":85,"running":1,"sta":1,"has_ip":1,"ch":1,"rssi":-46,"clients":0,"reconnects":0,"int_free":205919,"psram_free":8336684,"boot_pick":1}
1791637922.761 {"t":"led","node":29544,"shows":"green","app":0}
1791637922.761 {"t":"event","at_ms":75585,"node":29544,"kind":"peer_admitted","peer":25344,"slot":0,"a":0,"b":0}
1791637922.761 {"t":"event","at_ms":76756,"node":29544,"kind":"peer_admitted","peer":33120,"slot":1,"a":0,"b":0}
1791637922.761 {"t":"event","at_ms":77585,"node":29544,"kind":"peer_admitted","peer":25344,"slot":0,"a":0,"b":0}
1791637922.761 {"t":"event","at_ms":78756,"node":29544,"kind":"peer_admitted","peer":33120,"slot":1,"a":0,"b":0}
1791637922.761 {"t":"event","at_ms":79585,"node":29544,"kind":"peer_admitted","peer":25344,"slot":0,"a":0,"b":0}
1791637922.761 {"t":"event","at_ms":80756,"node":29544,"kind":"peer_admitted","peer":33120,"slot":1,"a":0,"b":0}
1791637922.761 {"t":"event","at_ms":81594,"node":29544,"kind":"peer_admitted","peer":25344,"slot":0,"a":0,"b":0}
1791637922.761 {"t":"event","at_ms":82756,"node":29544,"kind":"peer_admitted","peer":33120,"slot":1,"a":0,"b":0}
1791637922.761 {"t":"event","at_ms":83585,"node":29544,"kind":"peer_admitted","peer":25344,"slot":0,"a":0,"b":0}
1791637922.761 {"t":"event","at_ms":84756,"node":29544,"kind":"peer_admitted","peer":33120,"slot":1,"a":0,"b":0}
1791637922.761 {"t":"link","up_ms":85370,"node":29544,"peer":25344,"mac":"b8:1f:3f:da:63:00","state":"alive","epoch":244,"espnow_ver":2,"mtu":1446,"misses":0,"rssi":-29,"tx":{"frames":280,"cb_ok":269,"cb_fail":11,"enqueue_err":0,"pdr_ppm":960714},"rx":{"frames":1047,"lost_seqgap":6,"reorder_dup":0,"dropped_bad":0,"hb_lost":49,"bcast_frames":785,"pdr_ppm":994301},"rtt":{"samples":40,"min_us":5612,"max_us":15036,"timeouts":2,"txq_last_us":6755,"txq_max_us":6755,"remote_turnaround_us":1025,"remote_turnaround_max_us":2533,"p50_us":[4000,6000],"p99_us":[11000,16000],"hist":[0,0,0,0,23,6,8,3,0,0,0,0,0,0,0,0]}}
1791637922.761 {"t":"link","up_ms":85422,"node":29544,"peer":33120,"mac":"b8:1f:3f:da:81:60","state":"alive","epoch":293,"espnow_ver":2,"mtu":1446,"misses":0,"rssi":-9,"tx":{"frames":292,"cb_ok":286,"cb_fail":5,"enqueue_err":0,"pdr_ppm":982817},"rx":{"frames":1117,"lost_seqgap":7,"reorder_dup":0,"dropped_bad":0,"hb_lost":29,"bcast_frames":795,"pdr_ppm":993772},"rtt":{"samples":40,"min_us":5586,"max_us":53171,"timeouts":1,"txq_last_us":2604,"txq_max_us":2633,"remote_turnaround_us":947,"remote_turnaround_max_us":6147,"p50_us":[4000,6000],"p99_us":[42000,60000],"hist":[0,0,0,0,25,7,2,1,1,2,1,1,0,0,0,0]}}
1791637922.761 {"t":"auth","node":29544,"up_ms":85473,"enrolled":1,"required":1,"verified_peers":2,"verified":4,"cache_hits":77,"refused":0,"rate_limited":0,"stale_epoch":0,"verify_us_max":64574,"link_stack_free_b":1516,"crypto_stack_free_b":1276,"tags_ok":503,"bad_tag":0,"replayed":0,"untagged":0,"bcast_dropped":0,"beacon_epoch_ignored":0,"tag_us_max":1317}
1791637922.761 {"t":"act","node":29544,"setpoint":0,"has_value":0,"writes_served":0}
1791637922.761 {"t":"peers","node":29544,"own_period_ms":100,"own_busy":1,"channel":1,"scanning":0,"scans":0,"hops":0,"found":0,"lost_to_found_ms":0,"moves_followed":0,"moves_refused":0,"sweeps":0,"sweep_found":0,"sweeping":0,"search_visits":0,"relay":1,"fwd_u":0,"fwd_b":1583,"fwd_h":81,"relay_dup":0,"list":[{"id":25344,"state":"alive","via_relay":0,"period_ms":100,"misses":6,"busy":0,"rtt_n":40},{"id":33120,"state":"alive","via_relay":0,"period_ms":100,"misses":6,"busy":0,"rtt_n":40}]}
1791637922.761 {"t":"ss","node":29544,"accepted":0,"unsigned":0,"unknown_sender":0,"bad_signature":0,"replayed":0,"rate_limited":0,"verify_us_max":0,"floors":[]}
1791637922.761 {"t":"rec","node":29544,"up_ms":85563,"settled":1,"sent":338,"received":264,"malformed":0,"views":4,"replies_fenced":0,"actors":[{"key":1245650351,"running":0,"term":0,"owner":25344,"owner_term":9,"assigned":25344,"starts":0,"fenced":0,"released":0}]}
1791637923.092 {"t":"node","up_ms":85588,"node":29544,"epoch":172,"peers_alive":2,"peers_dead":0,"no_radio":0,"free_dram":205515,"largest_block":131072,"rx":{"total":2177,"bad_frame":0,"unknown_peer":9,"wrong_dst":0,"short_payload":0,"unknown_opcode":0,"queue_dropped":6},"tx":{"total":1461,"enqueue_err":0,"done_queue_dropped":0},"membership":{"deaths":1,"revivals":1,"reboots_seen":0,"table_full":0,"events_dropped":0}}
1791637923.092 {"t":"ns","node":29544,"hash":96177158,"owner":29544,"kind":"sampled","unit":0,"class":4,"bound_ms":5000,"quality":"GOOD","age_ms":333,"ts":85281,"updates":8,"value":-28}
1791637923.092 {"t":"ns","node":29544,"hash":1162973580,"owner":29544,"kind":"sampled","unit":101,"class":4,"bound_ms":30000,"quality":"GOOD","age_ms":358,"ts":85281,"updates":8,"value":205919}
1791637923.092 {"t":"ns","node":29544,"hash":4013525678,"owner":29544,"kind":"sampled","unit":101,"class":4,"bound_ms":30000,"quality":"GOOD","age_ms":371,"ts":85281,"updates":8,"value":131072}
1791637923.092 {"t":"ns","node":29544,"hash":1245650351,"owner":25344,"kind":"sampled","unit":0,"class":3,"bound_ms":500,"quality":"NO_DATA","age_ms":0,"ts":0,"updates":0,"value":null}
1791637923.092 {"t":"ns","node":29544,"hash":2033492666,"owner":29544,"kind":"sampled","unit":0,"class":3,"bound_ms":0,"quality":"NO_DATA","age_ms":0,"ts":0,"updates":0,"value":null}
1791637923.092 {"t":"ns","node":29544,"hash":1303338069,"owner":29544,"kind":"sampled","unit":100,"class":4,"bound_ms":0,"quality":"GOOD","age_ms":411,"ts":85281,"updates":8,"value":172}
1791637923.092 {"t":"ns","node":29544,"hash":288706273,"owner":29544,"kind":"sampled","unit":80,"class":4,"bound_ms":30000,"quality":"GOOD","age_ms":424,"ts":85281,"updates":8,"value":85}
1791637923.092 {"t":"ns","node":29544,"hash":2548334194,"owner":29544,"kind":"sampled","unit":100,"class":4,"bound_ms":5000,"quality":"GOOD","age_ms":448,"ts":85281,"updates":8,"value":2}
1791637933.236 {"t":"clk","node":29544,"up_ms":95742}
1791637933.236 {"t":"hs","up_s":95,"running":1,"sta":1,"has_ip":1,"ch":1,"rssi":-46,"clients":0,"reconnects":0,"int_free":205919,"psram_free":8336684,"boot_pick":1}
1791637933.236 {"t":"led","node":29544,"shows":"green","app":0}
1791637933.236 {"t":"event","at_ms":85585,"node":29544,"kind":"peer_admitted","peer":25344,"slot":0,"a":0,"b":0}
1791637933.236 {"t":"event","at_ms":86756,"node":29544,"kind":"peer_admitted","peer":33120,"slot":1,"a":0,"b":0}
1791637933.236 {"t":"event","at_ms":87585,"node":29544,"kind":"peer_admitted","peer":25344,"slot":0,"a":0,"b":0}
1791637933.236 {"t":"event","at_ms":88756,"node":29544,"kind":"peer_admitted","peer":33120,"slot":1,"a":0,"b":0}
1791637933.236 {"t":"event","at_ms":89585,"node":29544,"kind":"peer_admitted","peer":25344,"slot":0,"a":0,"b":0}
1791637933.236 {"t":"event","at_ms":90779,"node":29544,"kind":"peer_admitted","peer":33120,"slot":1,"a":0,"b":0}
1791637933.236 {"t":"event","at_ms":91584,"node":29544,"kind":"peer_admitted","peer":25344,"slot":0,"a":0,"b":0}
1791637933.236 {"t":"event","at_ms":92777,"node":29544,"kind":"peer_admitted","peer":33120,"slot":1,"a":0,"b":0}
1791637933.236 {"t":"event","at_ms":93586,"node":29544,"kind":"peer_admitted","peer":25344,"slot":0,"a":0,"b":0}
1791637933.236 {"t":"event","at_ms":94786,"node":29544,"kind":"peer_admitted","peer":33120,"slot":1,"a":0,"b":0}
1791637933.236 {"t":"event","at_ms":95585,"node":29544,"kind":"peer_admitted","peer":25344,"slot":0,"a":0,"b":0}
1791637933.236 {"t":"link","up_ms":95848,"node":29544,"peer":25344,"mac":"b8:1f:3f:da:63:00","state":"alive","epoch":244,"espnow_ver":2,"mtu":1446,"misses":0,"rssi":-27,"tx":{"frames":316,"cb_ok":305,"cb_fail":11,"enqueue_err":0,"pdr_ppm":965189},"rx":{"frames":1182,"lost_seqgap":6,"reorder_dup":0,"dropped_bad":0,"hb_lost":53,"bcast_frames":886,"pdr_ppm":994949},"rtt":{"samples":45,"min_us":5612,"max_us":15036,"timeouts":2,"txq_last_us":6755,"txq_max_us":6755,"remote_turnaround_us":979,"remote_turnaround_max_us":2533,"p50_us":[4000,6000],"p99_us":[11000,16000],"hist":[0,0,0,0,27,6,9,3,0,0,0,0,0,0,0,0]}}
1791637933.236 {"t":"link","up_ms":95899,"node":29544,"peer":33120,"mac":"b8:1f:3f:da:81:60","state":"alive","epoch":293,"espnow_ver":2,"mtu":1446,"misses":0,"rssi":-9,"tx":{"frames":328,"cb_ok":323,"cb_fail":5,"enqueue_err":0,"pdr_ppm":984756},"rx":{"frames":1263,"lost_seqgap":7,"reorder_dup":0,"dropped_bad":0,"hb_lost":29,"bcast_frames":900,"pdr_ppm":994488},"rtt":{"samples":46,"min_us":5586,"max_us":53171,"timeouts":1,"txq_last_us":2604,"txq_max_us":2633,"remote_turnaround_us":6026,"remote_turnaround_max_us":6147,"p50_us":[4000,6000],"p99_us":[42000,60000],"hist":[0,0,0,0,29,7,2,2,2,2,1,1,0,0,0,0]}}
1791637933.236 {"t":"auth","node":29544,"up_ms":95961,"enrolled":1,"required":1,"verified_peers":2,"verified":4,"cache_hits":88,"refused":0,"rate_limited":0,"stale_epoch":0,"verify_us_max":64574,"link_stack_free_b":1516,"crypto_stack_free_b":1276,"tags_ok":569,"bad_tag":0,"replayed":0,"untagged":0,"bcast_dropped":0,"beacon_epoch_ignored":0,"tag_us_max":1317}
1791637933.236 {"t":"act","node":29544,"setpoint":0,"has_value":0,"writes_served":0}
1791637933.236 {"t":"peers","node":29544,"own_period_ms":100,"own_busy":1,"channel":1,"scanning":0,"scans":0,"hops":0,"found":0,"lost_to_found_ms":0,"moves_followed":0,"moves_refused":0,"sweeps":0,"sweep_found":0,"sweeping":0,"search_visits":0,"relay":1,"fwd_u":0,"fwd_b":1789,"fwd_h":92,"relay_dup":0,"list":[{"id":25344,"state":"alive","via_relay":0,"period_ms":100,"misses":6,"busy":0,"rtt_n":45},{"id":33120,"state":"alive","via_relay":0,"period_ms":100,"misses":6,"busy":0,"rtt_n":46}]}
1791637933.236 {"t":"ss","node":29544,"accepted":0,"unsigned":0,"unknown_sender":0,"bad_signature":0,"replayed":0,"rate_limited":0,"verify_us_max":0,"floors":[]}
1791637933.236 {"t":"rec","node":29544,"up_ms":96050,"settled":1,"sent":380,"received":299,"malformed":0,"views":4,"replies_fenced":0,"actors":[{"key":1245650351,"running":0,"term":0,"owner":25344,"owner_term":9,"assigned":25344,"starts":0,"fenced":0,"released":0}]}
1791637933.581 {"t":"node","up_ms":96064,"node":29544,"epoch":172,"peers_alive":2,"peers_dead":0,"no_radio":0,"free_dram":205919,"largest_block":131072,"rx":{"total":2459,"bad_frame":0,"unknown_peer":9,"wrong_dst":0,"short_payload":0,"unknown_opcode":0,"queue_dropped":6},"tx":{"total":1645,"enqueue_err":0,"done_queue_dropped":0},"membership":{"deaths":1,"revivals":1,"reboots_seen":0,"table_full":0,"events_dropped":0}}
1791637933.581 {"t":"ns","node":29544,"hash":96177158,"owner":29544,"kind":"sampled","unit":0,"class":4,"bound_ms":5000,"quality":"GOOD","age_ms":345,"ts":95757,"updates":9,"value":-27}
1791637933.581 {"t":"ns","node":29544,"hash":1162973580,"owner":29544,"kind":"sampled","unit":101,"class":4,"bound_ms":30000,"quality":"GOOD","age_ms":358,"ts":95757,"updates":9,"value":205919}
1791637933.581 {"t":"ns","node":29544,"hash":4013525678,"owner":29544,"kind":"sampled","unit":101,"class":4,"bound_ms":30000,"quality":"GOOD","age_ms":383,"ts":95757,"updates":9,"value":131072}
1791637933.581 {"t":"ns","node":29544,"hash":1245650351,"owner":25344,"kind":"sampled","unit":0,"class":3,"bound_ms":500,"quality":"NO_DATA","age_ms":0,"ts":0,"updates":0,"value":null}
1791637933.581 {"t":"ns","node":29544,"hash":2033492666,"owner":29544,"kind":"sampled","unit":0,"class":3,"bound_ms":0,"quality":"NO_DATA","age_ms":0,"ts":0,"updates":0,"value":null}
1791637933.581 {"t":"ns","node":29544,"hash":1303338069,"owner":29544,"kind":"sampled","unit":100,"class":4,"bound_ms":0,"quality":"GOOD","age_ms":423,"ts":95757,"updates":9,"value":172}
1791637933.581 {"t":"ns","node":29544,"hash":288706273,"owner":29544,"kind":"sampled","unit":80,"class":4,"bound_ms":30000,"quality":"GOOD","age_ms":436,"ts":95757,"updates":9,"value":95}
1791637933.581 {"t":"ns","node":29544,"hash":2548334194,"owner":29544,"kind":"sampled","unit":100,"class":4,"bound_ms":5000,"quality":"GOOD","age_ms":450,"ts":95757,"updates":9,"value":2}
1791637943.714 {"t":"clk","node":29544,"up_ms":106220}
1791637943.714 {"t":"hs","up_s":106,"running":1,"sta":1,"has_ip":1,"ch":1,"rssi":-46,"clients":0,"reconnects":0,"int_free":205919,"psram_free":8336684,"boot_pick":1}
1791637943.714 {"t":"led","node":29544,"shows":"green","app":0}
1791637943.714 {"t":"event","at_ms":96777,"node":29544,"kind":"peer_admitted","peer":33120,"slot":1,"a":0,"b":0}
1791637943.714 {"t":"event","at_ms":97588,"node":29544,"kind":"peer_admitted","peer":25344,"slot":0,"a":0,"b":0}
1791637943.714 {"t":"event","at_ms":98784,"node":29544,"kind":"peer_admitted","peer":33120,"slot":1,"a":0,"b":0}
1791637943.714 {"t":"event","at_ms":99586,"node":29544,"kind":"peer_admitted","peer":25344,"slot":0,"a":0,"b":0}
1791637943.714 {"t":"event","at_ms":100782,"node":29544,"kind":"peer_admitted","peer":33120,"slot":1,"a":0,"b":0}
1791637943.714 {"t":"event","at_ms":101585,"node":29544,"kind":"peer_admitted","peer":25344,"slot":0,"a":0,"b":0}
1791637943.714 {"t":"event","at_ms":102787,"node":29544,"kind":"peer_admitted","peer":33120,"slot":1,"a":0,"b":0}
1791637943.714 {"t":"event","at_ms":103585,"node":29544,"kind":"peer_admitted","peer":25344,"slot":0,"a":0,"b":0}
1791637943.714 {"t":"event","at_ms":104782,"node":29544,"kind":"peer_admitted","peer":33120,"slot":1,"a":0,"b":0}
1791637943.714 {"t":"event","at_ms":105585,"node":29544,"kind":"peer_admitted","peer":25344,"slot":0,"a":0,"b":0}
1791637943.714 {"t":"link","up_ms":106325,"node":29544,"peer":25344,"mac":"b8:1f:3f:da:63:00","state":"alive","epoch":244,"espnow_ver":2,"mtu":1446,"misses":0,"rssi":-27,"tx":{"frames":350,"cb_ok":339,"cb_fail":11,"enqueue_err":0,"pdr_ppm":968571},"rx":{"frames":1316,"lost_seqgap":6,"reorder_dup":0,"dropped_bad":0,"hb_lost":57,"bcast_frames":987,"pdr_ppm":995461},"rtt":{"samples":50,"min_us":5612,"max_us":15036,"timeouts":2,"txq_last_us":6755,"txq_max_us":6755,"remote_turnaround_us":951,"remote_turnaround_max_us":2533,"p50_us":[4000,6000],"p99_us":[11000,16000],"hist":[0,0,0,0,31,7,9,3,0,0,0,0,0,0,0,0]}}
1791637943.714 {"t":"link","up_ms":106375,"node":29544,"peer":33120,"mac":"b8:1f:3f:da:81:60","state":"alive","epoch":293,"espnow_ver":2,"mtu":1446,"misses":0,"rssi":-9,"tx":{"frames":365,"cb_ok":360,"cb_fail":5,"enqueue_err":0,"pdr_ppm":986301},"rx":{"frames":1402,"lost_seqgap":7,"reorder_dup":0,"dropped_bad":0,"hb_lost":33,"bcast_frames":997,"pdr_ppm":995031},"rtt":{"samples":51,"min_us":5586,"max_us":53171,"timeouts":1,"txq_last_us":2604,"txq_max_us":2633,"remote_turnaround_us":933,"remote_turnaround_max_us":6147,"p50_us":[4000,6000],"p99_us":[42000,60000],"hist":[0,0,0,0,32,9,2,2,2,2,1,1,0,0,0,0]}}
1791637943.714 {"t":"auth","node":29544,"up_ms":106426,"enrolled":1,"required":1,"verified_peers":2,"verified":4,"cache_hits":98,"refused":0,"rate_limited":0,"stale_epoch":0,"verify_us_max":64574,"link_stack_free_b":1516,"crypto_stack_free_b":1276,"tags_ok":632,"bad_tag":0,"replayed":0,"untagged":0,"bcast_dropped":0,"beacon_epoch_ignored":0,"tag_us_max":1317}
1791637943.714 {"t":"act","node":29544,"setpoint":0,"has_value":0,"writes_served":0}
1791637943.714 {"t":"peers","node":29544,"own_period_ms":100,"own_busy":1,"channel":1,"scanning":0,"scans":0,"hops":0,"found":0,"lost_to_found_ms":0,"moves_followed":0,"moves_refused":0,"sweeps":0,"sweep_found":0,"sweeping":0,"search_visits":0,"relay":1,"fwd_u":0,"fwd_b":1985,"fwd_h":102,"relay_dup":0,"list":[{"id":25344,"state":"alive","via_relay":0,"period_ms":100,"misses":6,"busy":0,"rtt_n":50},{"id":33120,"state":"alive","via_relay":0,"period_ms":100,"misses":6,"busy":0,"rtt_n":51}]}
1791637943.714 {"t":"ss","node":29544,"accepted":0,"unsigned":0,"unknown_sender":0,"bad_signature":0,"replayed":0,"rate_limited":0,"verify_us_max":0,"floors":[]}
1791637943.714 {"t":"rec","node":29544,"up_ms":106516,"settled":1,"sent":422,"received":332,"malformed":0,"views":4,"replies_fenced":0,"actors":[{"key":1245650351,"running":0,"term":0,"owner":25344,"owner_term":9,"assigned":25344,"starts":0,"fenced":0,"released":0}]}
1791637944.258 {"t":"node","up_ms":106541,"node":29544,"epoch":172,"peers_alive":2,"peers_dead":0,"no_radio":0,"free_dram":205919,"largest_block":131072,"rx":{"total":2727,"bad_frame":0,"unknown_peer":9,"wrong_dst":0,"short_payload":0,"unknown_opcode":0,"queue_dropped":6},"tx":{"total":1825,"enqueue_err":0,"done_queue_dropped":0},"membership":{"deaths":1,"revivals":1,"reboots_seen":0,"table_full":0,"events_dropped":0}}
1791637944.258 {"t":"ns","node":29544,"hash":96177158,"owner":29544,"kind":"sampled","unit":0,"class":4,"bound_ms":5000,"quality":"GOOD","age_ms":345,"ts":106235,"updates":10,"value":-27}
1791637944.258 {"t":"ns","node":29544,"hash":1162973580,"owner":29544,"kind":"sampled","unit":101,"class":4,"bound_ms":30000,"quality":"GOOD","age_ms":358,"ts":106235,"updates":10,"value":205919}
1791637944.258 {"t":"ns","node":29544,"hash":4013525678,"owner":29544,"kind":"sampled","unit":101,"class":4,"bound_ms":30000,"quality":"GOOD","age_ms":372,"ts":106235,"updates":10,"value":131072}
1791637944.258 {"t":"ns","node":29544,"hash":1245650351,"owner":25344,"kind":"sampled","unit":0,"class":3,"bound_ms":500,"quality":"NO_DATA","age_ms":0,"ts":0,"updates":0,"value":null}
1791637944.258 {"t":"ns","node":29544,"hash":2033492666,"owner":29544,"kind":"sampled","unit":0,"class":3,"bound_ms":0,"quality":"NO_DATA","age_ms":0,"ts":0,"updates":0,"value":null}
1791637944.258 {"t":"ns","node":29544,"hash":1303338069,"owner":29544,"kind":"sampled","unit":100,"class":4,"bound_ms":0,"quality":"GOOD","age_ms":411,"ts":106235,"updates":10,"value":172}
1791637944.258 {"t":"ns","node":29544,"hash":288706273,"owner":29544,"kind":"sampled","unit":80,"class":4,"bound_ms":30000,"quality":"GOOD","age_ms":435,"ts":106235,"updates":10,"value":106}
1791637944.258 {"t":"ns","node":29544,"hash":2548334194,"owner":29544,"kind":"sampled","unit":100,"class":4,"bound_ms":5000,"quality":"GOOD","age_ms":448,"ts":106235,"updates":10,"value":2}
1791637944.258 W (108085) pot.m0: peer 0x8160 declared DEAD after 6 misses (636 ms silent)
1791637946.671 W (110499) pot.m0: peer 0x8160 rebooted, epoch now 294
1791637954.195 {"t":"clk","node":29544,"up_ms":116696}
1791637954.195 {"t":"hs","up_s":116,"running":1,"sta":1,"has_ip":1,"ch":1,"rssi":-46,"clients":0,"reconnects":0,"int_free":205919,"psram_free":8336684,"boot_pick":1}
1791637954.195 {"t":"led","node":29544,"shows":"green","app":0}
1791637954.195 {"t":"event","at_ms":106898,"node":29544,"kind":"peer_dead","peer":33120,"slot":1,"a":6,"b":636}
1791637954.195 {"t":"event","at_ms":107585,"node":29544,"kind":"peer_admitted","peer":25344,"slot":0,"a":0,"b":0}
1791637954.195 {"t":"event","at_ms":108828,"node":29544,"kind":"probe_timeout","peer":33120,"slot":1,"a":265,"b":0}
1791637954.195 {"t":"event","at_ms":109313,"node":29544,"kind":"peer_rebooted","peer":33120,"slot":1,"a":294,"b":0}
1791637954.195 {"t":"event","at_ms":109315,"node":29544,"kind":"peer_admitted","peer":33120,"slot":1,"a":0,"b":0}
1791637954.195 {"t":"event","at_ms":109317,"node":29544,"kind":"peer_admitted","peer":33120,"slot":1,"a":0,"b":0}
1791637954.195 {"t":"event","at_ms":109351,"node":29544,"kind":"peer_admitted","peer":25344,"slot":0,"a":0,"b":0}
1791637954.195 {"t":"event","at_ms":109415,"node":29544,"kind":"peer_admitted","peer":33120,"slot":1,"a":0,"b":0}
1791637954.195 {"t":"event","at_ms":109498,"node":29544,"kind":"peer_admitted","peer":33120,"slot":1,"a":0,"b":0}
1791637954.195 {"t":"event","at_ms":109585,"node":29544,"kind":"peer_admitted","peer":25344,"slot":0,"a":0,"b":0}
1791637954.195 {"t":"event","at_ms":111263,"node":29544,"kind":"peer_admitted","peer":33120,"slot":1,"a":0,"b":0}
1791637954.195 {"t":"event","at_ms":111585,"node":29544,"kind":"peer_admitted","peer":25344,"slot":0,"a":0,"b":0}
1791637954.195 {"t":"event","at_ms":113263,"node":29544,"kind":"peer_admitted","peer":33120,"slot":1,"a":0,"b":0}
1791637954.195 {"t":"event","at_ms":113585,"node":29544,"kind":"peer_admitted","peer":25344,"slot":0,"a":0,"b":0}
1791637954.195 {"t":"event","at_ms":115263,"node":29544,"kind":"peer_admitted","peer":33120,"slot":1,"a":0,"b":0}
1791637954.195 {"t":"event","at_ms":115585,"node":29544,"kind":"peer_admitted","peer":25344,"slot":0,"a":0,"b":0}
1791637954.195 {"t":"link","up_ms":116851,"node":29544,"peer":25344,"mac":"b8:1f:3f:da:63:00","state":"alive","epoch":244,"espnow_ver":2,"mtu":1446,"misses":0,"rssi":-28,"tx":{"frames":392,"cb_ok":381,"cb_fail":11,"enqueue_err":0,"pdr_ppm":971938},"rx":{"frames":1458,"lost_seqgap":6,"reorder_dup":0,"dropped_bad":0,"hb_lost":57,"bcast_frames":1092,"pdr_ppm":995901},"rtt":{"samples":56,"min_us":5612,"max_us":34074,"timeouts":2,"txq_last_us":6755,"txq_max_us":6755,"remote_turnaround_us":936,"remote_turnaround_max_us":2533,"p50_us":[4000,6000],"p99_us":[30000,42000],"hist":[0,0,0,0,35,8,9,3,0,0,1,0,0,0,0,0]}}
1791637954.195 {"t":"link","up_ms":116902,"node":29544,"peer":33120,"mac":"b8:1f:3f:da:81:60","state":"alive","epoch":294,"espnow_ver":2,"mtu":1446,"misses":0,"rssi":-9,"tx":{"frames":398,"cb_ok":392,"cb_fail":6,"enqueue_err":0,"pdr_ppm":984924},"rx":{"frames":1513,"lost_seqgap":7,"reorder_dup":0,"dropped_bad":0,"hb_lost":33,"bcast_frames":1072,"pdr_ppm":995394},"rtt":{"samples":55,"min_us":5586,"max_us":53171,"timeouts":2,"txq_last_us":2604,"txq_max_us":2633,"remote_turnaround_us":957,"remote_turnaround_max_us":6147,"p50_us":[4000,6000],"p99_us":[42000,60000],"hist":[0,0,0,0,36,9,2,2,2,2,1,1,0,0,0,0]}}
1791637954.195 {"t":"auth","node":29544,"up_ms":116953,"enrolled":1,"required":1,"verified_peers":2,"verified":5,"cache_hits":110,"refused":0,"rate_limited":0,"stale_epoch":0,"verify_us_max":64574,"link_stack_free_b":1516,"crypto_stack_free_b":1276,"tags_ok":692,"bad_tag":0,"replayed":0,"untagged":0,"bcast_dropped":0,"beacon_epoch_ignored":0,"tag_us_max":1317}
1791637954.195 {"t":"act","node":29544,"setpoint":0,"has_value":0,"writes_served":0}
1791637954.195 {"t":"peers","node":29544,"own_period_ms":100,"own_busy":1,"channel":1,"scanning":0,"scans":0,"hops":0,"found":0,"lost_to_found_ms":0,"moves_followed":0,"moves_refused":0,"sweeps":0,"sweep_found":0,"sweeping":0,"search_visits":0,"relay":1,"fwd_u":0,"fwd_b":2166,"fwd_h":115,"relay_dup":0,"list":[{"id":25344,"state":"alive","via_relay":0,"period_ms":100,"misses":6,"busy":0,"rtt_n":56},{"id":33120,"state":"alive","via_relay":0,"period_ms":100,"misses":6,"busy":0,"rtt_n":55}]}
1791637954.195 {"t":"ss","node":29544,"accepted":0,"unsigned":0,"unknown_sender":0,"bad_signature":0,"replayed":0,"rate_limited":0,"verify_us_max":0,"floors":[]}
1791637954.582 {"t":"rec","node":29544,"up_ms":117043,"settled":1,"sent":465,"received":363,"malformed":0,"views":6,"replies_fenced":0,"actors":[{"key":1245650351,"running":0,"term":0,"owner":25344,"owner_term":9,"assigned":25344,"starts":0,"fenced":0,"released":0}]}
1791637954.582 {"t":"node","up_ms":117068,"node":29544,"epoch":172,"peers_alive":2,"peers_dead":0,"no_radio":0,"free_dram":205919,"largest_block":131072,"rx":{"total":2982,"bad_frame":0,"unknown_peer":9,"wrong_dst":0,"short_payload":0,"unknown_opcode":0,"queue_dropped":6},"tx":{"total":2011,"enqueue_err":0,"done_queue_dropped":0},"membership":{"deaths":2,"revivals":1,"reboots_seen":1,"table_full":0,"events_dropped":0}}
1791637954.582 {"t":"ns","node":29544,"hash":96177158,"owner":29544,"kind":"sampled","unit":0,"class":4,"bound_ms":5000,"quality":"GOOD","age_ms":395,"ts":116711,"updates":11,"value":-28}
1791637954.582 {"t":"ns","node":29544,"hash":1162973580,"owner":29544,"kind":"sampled","unit":101,"class":4,"bound_ms":30000,"quality":"GOOD","age_ms":408,"ts":116711,"updates":11,"value":205919}
1791637954.582 {"t":"ns","node":29544,"hash":4013525678,"owner":29544,"kind":"sampled","unit":101,"class":4,"bound_ms":30000,"quality":"GOOD","age_ms":421,"ts":116711,"updates":11,"value":131072}
1791637954.582 {"t":"ns","node":29544,"hash":1245650351,"owner":25344,"kind":"sampled","unit":0,"class":3,"bound_ms":500,"quality":"NO_DATA","age_ms":0,"ts":0,"updates":0,"value":null}
1791637954.582 {"t":"ns","node":29544,"hash":2033492666,"owner":29544,"kind":"sampled","unit":0,"class":3,"bound_ms":0,"quality":"NO_DATA","age_ms":0,"ts":0,"updates":0,"value":null}
1791637954.582 {"t":"ns","node":29544,"hash":1303338069,"owner":29544,"kind":"sampled","unit":100,"class":4,"bound_ms":0,"quality":"GOOD","age_ms":472,"ts":116711,"updates":11,"value":172}
1791637954.582 {"t":"ns","node":29544,"hash":288706273,"owner":29544,"kind":"sampled","unit":80,"class":4,"bound_ms":30000,"quality":"GOOD","age_ms":485,"ts":116711,"updates":11,"value":116}
1791637954.582 {"t":"ns","node":29544,"hash":2548334194,"owner":29544,"kind":"sampled","unit":100,"class":4,"bound_ms":5000,"quality":"GOOD","age_ms":499,"ts":116711,"updates":11,"value":2}
1791637964.716 {"t":"clk","node":29544,"up_ms":127222}
1791637964.716 {"t":"hs","up_s":127,"running":1,"sta":1,"has_ip":1,"ch":1,"rssi":-46,"clients":0,"reconnects":0,"int_free":205947,"psram_free":8336684,"boot_pick":1}
1791637964.716 {"t":"led","node":29544,"shows":"green","app":0}
1791637964.716 {"t":"event","at_ms":117263,"node":29544,"kind":"peer_admitted","peer":33120,"slot":1,"a":0,"b":0}
1791637964.716 {"t":"event","at_ms":117585,"node":29544,"kind":"peer_admitted","peer":25344,"slot":0,"a":0,"b":0}
1791637964.716 {"t":"event","at_ms":119263,"node":29544,"kind":"peer_admitted","peer":33120,"slot":1,"a":0,"b":0}
1791637964.716 {"t":"event","at_ms":119585,"node":29544,"kind":"peer_admitted","peer":25344,"slot":0,"a":0,"b":0}
1791637964.716 {"t":"event","at_ms":121263,"node":29544,"kind":"peer_admitted","peer":33120,"slot":1,"a":0,"b":0}
1791637964.716 {"t":"event","at_ms":121585,"node":29544,"kind":"peer_admitted","peer":25344,"slot":0,"a":0,"b":0}
1791637964.716 {"t":"event","at_ms":123262,"node":29544,"kind":"peer_admitted","peer":33120,"slot":1,"a":0,"b":0}
1791637964.716 {"t":"event","at_ms":123585,"node":29544,"kind":"peer_admitted","peer":25344,"slot":0,"a":0,"b":0}
1791637964.716 {"t":"event","at_ms":125263,"node":29544,"kind":"peer_admitted","peer":33120,"slot":1,"a":0,"b":0}
1791637964.716 {"t":"event","at_ms":125586,"node":29544,"kind":"peer_admitted","peer":25344,"slot":0,"a":0,"b":0}
1791637964.716 {"t":"event","at_ms":127263,"node":29544,"kind":"peer_admitted","peer":33120,"slot":1,"a":0,"b":0}
1791637964.716 {"t":"link","up_ms":127328,"node":29544,"peer":25344,"mac":"b8:1f:3f:da:63:00","state":"alive","epoch":244,"espnow_ver":2,"mtu":1446,"misses":0,"rssi":-27,"tx":{"frames":426,"cb_ok":415,"cb_fail":11,"enqueue_err":0,"pdr_ppm":974178},"rx":{"frames":1595,"lost_seqgap":6,"reorder_dup":0,"dropped_bad":0,"hb_lost":57,"bcast_frames":1197,"pdr_ppm":996252},"rtt":{"samples":61,"min_us":5612,"max_us":34074,"timeouts":2,"txq_last_us":6755,"txq_max_us":6755,"remote_turnaround_us":1009,"remote_turnaround_max_us":2533,"p50_us":[4000,6000],"p99_us":[30000,42000],"hist":[0,0,0,0,39,9,9,3,0,0,1,0,0,0,0,0]}}
1791637964.716 {"t":"link","up_ms":127390,"node":29544,"peer":33120,"mac":"b8:1f:3f:da:81:60","state":"alive","epoch":294,"espnow_ver":2,"mtu":1446,"misses":0,"rssi":-9,"tx":{"frames":435,"cb_ok":429,"cb_fail":6,"enqueue_err":0,"pdr_ppm":986206},"rx":{"frames":1659,"lost_seqgap":7,"reorder_dup":0,"dropped_bad":0,"hb_lost":33,"bcast_frames":1176,"pdr_ppm":995798},"rtt":{"samples":60,"min_us":5586,"max_us":53171,"timeouts":2,"txq_last_us":2604,"txq_max_us":2633,"remote_turnaround_us":876,"remote_turnaround_max_us":6147,"p50_us":[4000,6000],"p99_us":[42000,60000],"hist":[0,0,0,0,41,9,2,2,2,2,1,1,0,0,0,0]}}
1791637964.716 {"t":"auth","node":29544,"up_ms":127441,"enrolled":1,"required":1,"verified_peers":2,"verified":5,"cache_hits":121,"refused":0,"rate_limited":0,"stale_epoch":0,"verify_us_max":64574,"link_stack_free_b":1516,"crypto_stack_free_b":1276,"tags_ok":755,"bad_tag":0,"replayed":0,"untagged":0,"bcast_dropped":0,"beacon_epoch_ignored":0,"tag_us_max":1317}
1791637964.716 {"t":"act","node":29544,"setpoint":0,"has_value":0,"writes_served":0}
1791637964.716 {"t":"peers","node":29544,"own_period_ms":100,"own_busy":1,"channel":1,"scanning":0,"scans":0,"hops":0,"found":0,"lost_to_found_ms":0,"moves_followed":0,"moves_refused":0,"sweeps":0,"sweep_found":0,"sweeping":0,"search_visits":0,"relay":1,"fwd_u":0,"fwd_b":2376,"fwd_h":126,"relay_dup":0,"list":[{"id":25344,"state":"alive","via_relay":0,"period_ms":100,"misses":6,"busy":0,"rtt_n":61},{"id":33120,"state":"alive","via_relay":0,"period_ms":100,"misses":6,"busy":0,"rtt_n":60}]}
1791637964.716 {"t":"ss","node":29544,"accepted":0,"unsigned":0,"unknown_sender":0,"bad_signature":0,"replayed":0,"rate_limited":0,"verify_us_max":0,"floors":[]}
1791637964.716 {"t":"rec","node":29544,"up_ms":127531,"settled":1,"sent":507,"received":398,"malformed":0,"views":6,"replies_fenced":0,"actors":[{"key":1245650351,"running":0,"term":0,"owner":25344,"owner_term":9,"assigned":25344,"starts":0,"fenced":0,"released":0}]}
1791637965.066 {"t":"node","up_ms":127556,"node":29544,"epoch":172,"peers_alive":2,"peers_dead":0,"no_radio":0,"free_dram":205947,"largest_block":131072,"rx":{"total":3266,"bad_frame":0,"unknown_peer":9,"wrong_dst":0,"short_payload":0,"unknown_opcode":0,"queue_dropped":6},"tx":{"total":2192,"enqueue_err":0,"done_queue_dropped":0},"membership":{"deaths":2,"revivals":1,"reboots_seen":1,"table_full":0,"events_dropped":0}}
1791637965.066 {"t":"ns","node":29544,"hash":96177158,"owner":29544,"kind":"sampled","unit":0,"class":4,"bound_ms":5000,"quality":"GOOD","age_ms":346,"ts":127237,"updates":12,"value":-28}
1791637965.066 {"t":"ns","node":29544,"hash":1162973580,"owner":29544,"kind":"sampled","unit":101,"class":4,"bound_ms":30000,"quality":"GOOD","age_ms":359,"ts":127237,"updates":12,"value":205947}
1791637965.066 {"t":"ns","node":29544,"hash":4013525678,"owner":29544,"kind":"sampled","unit":101,"class":4,"bound_ms":30000,"quality":"GOOD","age_ms":384,"ts":127237,"updates":12,"value":131072}
1791637965.066 {"t":"ns","node":29544,"hash":1245650351,"owner":25344,"kind":"sampled","unit":0,"class":3,"bound_ms":500,"quality":"NO_DATA","age_ms":0,"ts":0,"updates":0,"value":null}
1791637965.066 {"t":"ns","node":29544,"hash":2033492666,"owner":29544,"kind":"sampled","unit":0,"class":3,"bound_ms":0,"quality":"NO_DATA","age_ms":0,"ts":0,"updates":0,"value":null}
1791637965.066 {"t":"ns","node":29544,"hash":1303338069,"owner":29544,"kind":"sampled","unit":100,"class":4,"bound_ms":0,"quality":"GOOD","age_ms":423,"ts":127237,"updates":12,"value":172}
1791637965.066 {"t":"ns","node":29544,"hash":288706273,"owner":29544,"kind":"sampled","unit":80,"class":4,"bound_ms":30000,"quality":"GOOD","age_ms":436,"ts":127237,"updates":12,"value":127}
1791637965.066 {"t":"ns","node":29544,"hash":2548334194,"owner":29544,"kind":"sampled","unit":100,"class":4,"bound_ms":5000,"quality":"GOOD","age_ms":460,"ts":127237,"updates":12,"value":2}
1791637975.208 {"t":"clk","node":29544,"up_ms":137711}
1791637975.208 {"t":"hs","up_s":137,"running":1,"sta":1,"has_ip":1,"ch":1,"rssi":-46,"clients":0,"reconnects":0,"int_free":205947,"psram_free":8336684,"boot_pick":1}
1791637975.208 {"t":"led","node":29544,"shows":"green","app":0}
1791637975.208 {"t":"event","at_ms":127594,"node":29544,"kind":"peer_admitted","peer":25344,"slot":0,"a":0,"b":0}
1791637975.208 {"t":"event","at_ms":129263,"node":29544,"kind":"peer_admitted","peer":33120,"slot":1,"a":0,"b":0}
1791637975.208 {"t":"event","at_ms":129593,"node":29544,"kind":"peer_admitted","peer":25344,"slot":0,"a":0,"b":0}
1791637975.208 {"t":"event","at_ms":131263,"node":29544,"kind":"peer_admitted","peer":33120,"slot":1,"a":0,"b":0}
1791637975.208 {"t":"event","at_ms":131593,"node":29544,"kind":"peer_admitted","peer":25344,"slot":0,"a":0,"b":0}
1791637975.208 {"t":"event","at_ms":133263,"node":29544,"kind":"peer_admitted","peer":33120,"slot":1,"a":0,"b":0}
1791637975.208 {"t":"event","at_ms":133593,"node":29544,"kind":"peer_admitted","peer":25344,"slot":0,"a":0,"b":0}
1791637975.208 {"t":"event","at_ms":135263,"node":29544,"kind":"peer_admitted","peer":33120,"slot":1,"a":0,"b":0}
1791637975.208 {"t":"event","at_ms":135593,"node":29544,"kind":"peer_admitted","peer":25344,"slot":0,"a":0,"b":0}
1791637975.208 {"t":"event","at_ms":137263,"node":29544,"kind":"peer_admitted","peer":33120,"slot":1,"a":0,"b":0}
1791637975.208 {"t":"event","at_ms":137593,"node":29544,"kind":"peer_admitted","peer":25344,"slot":0,"a":0,"b":0}
1791637975.208 {"t":"link","up_ms":137827,"node":29544,"peer":25344,"mac":"b8:1f:3f:da:63:00","state":"alive","epoch":244,"espnow_ver":2,"mtu":1446,"misses":0,"rssi":-28,"tx":{"frames":462,"cb_ok":451,"cb_fail":11,"enqueue_err":0,"pdr_ppm":976190},"rx":{"frames":1733,"lost_seqgap":6,"reorder_dup":0,"dropped_bad":0,"hb_lost":57,"bcast_frames":1302,"pdr_ppm":996549},"rtt":{"samples":66,"min_us":5612,"max_us":34074,"timeouts":2,"txq_last_us":6755,"txq_max_us":6755,"remote_turnaround_us":957,"remote_turnaround_max_us":2533,"p50_us":[4000,6000],"p99_us":[30000,42000],"hist":[0,0,0,0,44,9,9,3,0,0,1,0,0,0,0,0]}}
1791637975.208 {"t":"link","up_ms":137879,"node":29544,"peer":33120,"mac":"b8:1f:3f:da:81:60","state":"alive","epoch":294,"espnow_ver":2,"mtu":1446,"misses":0,"rssi":-9,"tx":{"frames":472,"cb_ok":466,"cb_fail":6,"enqueue_err":0,"pdr_ppm":987288},"rx":{"frames":1805,"lost_seqgap":7,"reorder_dup":0,"dropped_bad":0,"hb_lost":34,"bcast_frames":1280,"pdr_ppm":996136},"rtt":{"samples":66,"min_us":5573,"max_us":53171,"timeouts":2,"txq_last_us":2604,"txq_max_us":2633,"remote_turnaround_us":948,"remote_turnaround_max_us":6147,"p50_us":[4000,6000],"p99_us":[42000,60000],"hist":[0,0,0,0,44,11,3,2,2,2,1,1,0,0,0,0]}}
1791637975.208 {"t":"auth","node":29544,"up_ms":137930,"enrolled":1,"required":1,"verified_peers":2,"verified":5,"cache_hits":132,"refused":0,"rate_limited":0,"stale_epoch":0,"verify_us_max":64574,"link_stack_free_b":1516,"crypto_stack_free_b":1276,"tags_ok":819,"bad_tag":0,"replayed":0,"untagged":0,"bcast_dropped":0,"beacon_epoch_ignored":0,"tag_us_max":1317}
1791637975.208 {"t":"act","node":29544,"setpoint":0,"has_value":0,"writes_served":0}
1791637975.208 {"t":"peers","node":29544,"own_period_ms":100,"own_busy":1,"channel":1,"scanning":0,"scans":0,"hops":0,"found":0,"lost_to_found_ms":0,"moves_followed":0,"moves_refused":0,"sweeps":0,"sweep_found":0,"sweeping":0,"search_visits":0,"relay":1,"fwd_u":0,"fwd_b":2584,"fwd_h":137,"relay_dup":0,"list":[{"id":25344,"state":"alive","via_relay":0,"period_ms":100,"misses":6,"busy":0,"rtt_n":66},{"id":33120,"state":"alive","via_relay":0,"period_ms":100,"misses":6,"busy":0,"rtt_n":66}]}
1791637975.208 {"t":"ss","node":29544,"accepted":0,"unsigned":0,"unknown_sender":0,"bad_signature":0,"replayed":0,"rate_limited":0,"verify_us_max":0,"floors":[]}
1791637975.208 {"t":"rec","node":29544,"up_ms":138022,"settled":1,"sent":549,"received":433,"malformed":0,"views":6,"replies_fenced":0,"actors":[{"key":1245650351,"running":0,"term":0,"owner":25344,"owner_term":9,"assigned":25344,"starts":0,"fenced":0,"released":0}]}
1791637975.546 {"t":"node","up_ms":138036,"node":29544,"epoch":172,"peers_alive":2,"peers_dead":0,"no_radio":0,"free_dram":205947,"largest_block":131072,"rx":{"total":3552,"bad_frame":0,"unknown_peer":9,"wrong_dst":0,"short_payload":0,"unknown_opcode":0,"queue_dropped":6},"tx":{"total":2376,"enqueue_err":0,"done_queue_dropped":0},"membership":{"deaths":2,"revivals":1,"reboots_seen":1,"table_full":0,"events_dropped":0}}
1791637975.546 {"t":"ns","node":29544,"hash":96177158,"owner":29544,"kind":"sampled","unit":0,"class":4,"bound_ms":5000,"quality":"GOOD","age_ms":348,"ts":137726,"updates":13,"value":-28}
1791637975.546 {"t":"ns","node":29544,"hash":1162973580,"owner":29544,"kind":"sampled","unit":101,"class":4,"bound_ms":30000,"quality":"GOOD","age_ms":361,"ts":137726,"updates":13,"value":205947}
1791637975.546 {"t":"ns","node":29544,"hash":4013525678,"owner":29544,"kind":"sampled","unit":101,"class":4,"bound_ms":30000,"quality":"GOOD","age_ms":375,"ts":137726,"updates":13,"value":131072}
1791637975.546 {"t":"ns","node":29544,"hash":1245650351,"owner":25344,"kind":"sampled","unit":0,"class":3,"bound_ms":500,"quality":"NO_DATA","age_ms":0,"ts":0,"updates":0,"value":null}
1791637975.546 {"t":"ns","node":29544,"hash":2033492666,"owner":29544,"kind":"sampled","unit":0,"class":3,"bound_ms":0,"quality":"NO_DATA","age_ms":0,"ts":0,"updates":0,"value":null}
1791637975.546 {"t":"ns","node":29544,"hash":1303338069,"owner":29544,"kind":"sampled","unit":100,"class":4,"bound_ms":0,"quality":"GOOD","age_ms":425,"ts":137726,"updates":13,"value":172}
1791637975.546 {"t":"ns","node":29544,"hash":288706273,"owner":29544,"kind":"sampled","unit":80,"class":4,"bound_ms":30000,"quality":"GOOD","age_ms":438,"ts":137726,"updates":13,"value":137}
1791637975.546 {"t":"ns","node":29544,"hash":2548334194,"owner":29544,"kind":"sampled","unit":100,"class":4,"bound_ms":5000,"quality":"GOOD","age_ms":451,"ts":137726,"updates":13,"value":2}
1791637985.694 {"t":"clk","node":29544,"up_ms":148201}
1791637985.694 {"t":"hs","up_s":148,"running":1,"sta":1,"has_ip":1,"ch":1,"rssi":-46,"clients":0,"reconnects":0,"int_free":205947,"psram_free":8336684,"boot_pick":1}
1791637985.694 {"t":"led","node":29544,"shows":"green","app":0}
1791637985.694 {"t":"event","at_ms":139263,"node":29544,"kind":"peer_admitted","peer":33120,"slot":1,"a":0,"b":0}
1791637985.694 {"t":"event","at_ms":139593,"node":29544,"kind":"peer_admitted","peer":25344,"slot":0,"a":0,"b":0}
1791637985.694 {"t":"event","at_ms":141263,"node":29544,"kind":"peer_admitted","peer":33120,"slot":1,"a":0,"b":0}
1791637985.694 {"t":"event","at_ms":141593,"node":29544,"kind":"peer_admitted","peer":25344,"slot":0,"a":0,"b":0}
1791637985.694 {"t":"event","at_ms":143263,"node":29544,"kind":"peer_admitted","peer":33120,"slot":1,"a":0,"b":0}
1791637985.694 {"t":"event","at_ms":143593,"node":29544,"kind":"peer_admitted","peer":25344,"slot":0,"a":0,"b":0}
1791637985.694 {"t":"event","at_ms":145263,"node":29544,"kind":"peer_admitted","peer":33120,"slot":1,"a":0,"b":0}
1791637985.694 {"t":"event","at_ms":145593,"node":29544,"kind":"peer_admitted","peer":25344,"slot":0,"a":0,"b":0}
1791637985.694 {"t":"event","at_ms":147262,"node":29544,"kind":"peer_admitted","peer":33120,"slot":1,"a":0,"b":0}
1791637985.694 {"t":"event","at_ms":147592,"node":29544,"kind":"peer_admitted","peer":25344,"slot":0,"a":0,"b":0}
1791637985.694 {"t":"link","up_ms":148306,"node":29544,"peer":25344,"mac":"b8:1f:3f:da:63:00","state":"alive","epoch":244,"espnow_ver":2,"mtu":1446,"misses":0,"rssi":-27,"tx":{"frames":496,"cb_ok":485,"cb_fail":11,"enqueue_err":0,"pdr_ppm":977822},"rx":{"frames":1870,"lost_seqgap":6,"reorder_dup":0,"dropped_bad":0,"hb_lost":58,"bcast_frames":1406,"pdr_ppm":996801},"rtt":{"samples":71,"min_us":5612,"max_us":34074,"timeouts":2,"txq_last_us":6755,"txq_max_us":6755,"remote_turnaround_us":1002,"remote_turnaround_max_us":2533,"p50_us":[4000,6000],"p99_us":[30000,42000],"hist":[0,0,0,0,49,9,9,3,0,0,1,0,0,0,0,0]}}
1791637985.694 {"t":"link","up_ms":148357,"node":29544,"peer":33120,"mac":"b8:1f:3f:da:81:60","state":"alive","epoch":294,"espnow_ver":2,"mtu":1446,"misses":0,"rssi":-9,"tx":{"frames":509,"cb_ok":503,"cb_fail":6,"enqueue_err":0,"pdr_ppm":988212},"rx":{"frames":1953,"lost_seqgap":7,"reorder_dup":0,"dropped_bad":0,"hb_lost":34,"bcast_frames":1385,"pdr_ppm":996428},"rtt":{"samples":71,"min_us":5573,"max_us":53171,"timeouts":2,"txq_last_us":2604,"txq_max_us":2633,"remote_turnaround_us":973,"remote_turnaround_max_us":6147,"p50_us":[4000,6000],"p99_us":[42000,60000],"hist":[0,0,0,0,48,11,3,2,2,2,2,1,0,0,0,0]}}
1791637985.694 {"t":"auth","node":29544,"up_ms":148408,"enrolled":1,"required":1,"verified_peers":2,"verified":5,"cache_hits":142,"refused":0,"rate_limited":0,"stale_epoch":0,"verify_us_max":64574,"link_stack_free_b":1516,"crypto_stack_free_b":1276,"tags_ok":885,"bad_tag":0,"replayed":0,"untagged":0,"bcast_dropped":0,"beacon_epoch_ignored":0,"tag_us_max":1317}
1791637985.694 {"t":"act","node":29544,"setpoint":0,"has_value":0,"writes_served":0}
1791637985.694 {"t":"peers","node":29544,"own_period_ms":100,"own_busy":1,"channel":1,"scanning":0,"scans":0,"hops":0,"found":0,"lost_to_found_ms":0,"moves_followed":0,"moves_refused":0,"sweeps":0,"sweep_found":0,"sweeping":0,"search_visits":0,"relay":1,"fwd_u":0,"fwd_b":2793,"fwd_h":147,"relay_dup":0,"list":[{"id":25344,"state":"alive","via_relay":0,"period_ms":100,"misses":6,"busy":0,"rtt_n":71},{"id":33120,"state":"alive","via_relay":0,"period_ms":100,"misses":6,"busy":0,"rtt_n":71}]}
1791637985.694 {"t":"ss","node":29544,"accepted":0,"unsigned":0,"unknown_sender":0,"bad_signature":0,"replayed":0,"rate_limited":0,"verify_us_max":0,"floors":[]}
1791637985.694 {"t":"rec","node":29544,"up_ms":148498,"settled":1,"sent":591,"received":467,"malformed":0,"views":6,"replies_fenced":0,"actors":[{"key":1245650351,"running":0,"term":0,"owner":25344,"owner_term":9,"assigned":25344,"starts":0,"fenced":0,"released":0}]}
1791637986.032 {"t":"node","up_ms":148523,"node":29544,"epoch":172,"peers_alive":2,"peers_dead":0,"no_radio":0,"free_dram":205947,"largest_block":131072,"rx":{"total":3834,"bad_frame":0,"unknown_peer":9,"wrong_dst":0,"short_payload":0,"unknown_opcode":0,"queue_dropped":6},"tx":{"total":2557,"enqueue_err":0,"done_queue_dropped":0},"membership":{"deaths":2,"revivals":1,"reboots_seen":1,"table_full":0,"events_dropped":0}}
1791637986.032 {"t":"ns","node":29544,"hash":96177158,"owner":29544,"kind":"sampled","unit":0,"class":4,"bound_ms":5000,"quality":"GOOD","age_ms":345,"ts":148216,"updates":14,"value":-27}
1791637986.032 {"t":"ns","node":29544,"hash":1162973580,"owner":29544,"kind":"sampled","unit":101,"class":4,"bound_ms":30000,"quality":"GOOD","age_ms":358,"ts":148216,"updates":14,"value":205947}
1791637986.032 {"t":"ns","node":29544,"hash":4013525678,"owner":29544,"kind":"sampled","unit":101,"class":4,"bound_ms":30000,"quality":"GOOD","age_ms":371,"ts":148216,"updates":14,"value":131072}
1791637986.032 {"t":"ns","node":29544,"hash":1245650351,"owner":25344,"kind":"sampled","unit":0,"class":3,"bound_ms":500,"quality":"NO_DATA","age_ms":0,"ts":0,"updates":0,"value":null}
1791637986.032 {"t":"ns","node":29544,"hash":2033492666,"owner":29544,"kind":"sampled","unit":0,"class":3,"bound_ms":0,"quality":"NO_DATA","age_ms":0,"ts":0,"updates":0,"value":null}
1791637986.032 {"t":"ns","node":29544,"hash":1303338069,"owner":29544,"kind":"sampled","unit":100,"class":4,"bound_ms":0,"quality":"GOOD","age_ms":422,"ts":148216,"updates":14,"value":172}
1791637986.032 {"t":"ns","node":29544,"hash":288706273,"owner":29544,"kind":"sampled","unit":80,"class":4,"bound_ms":30000,"quality":"GOOD","age_ms":435,"ts":148216,"updates":14,"value":148}
1791637986.032 {"t":"ns","node":29544,"hash":2548334194,"owner":29544,"kind":"sampled","unit":100,"class":4,"bound_ms":5000,"quality":"GOOD","age_ms":448,"ts":148216,"updates":14,"value":2}
1791637996.169 {"t":"clk","node":29544,"up_ms":158677}
1791637996.169 {"t":"hs","up_s":158,"running":1,"sta":1,"has_ip":1,"ch":1,"rssi":-46,"clients":0,"reconnects":0,"int_free":205947,"psram_free":8336684,"boot_pick":1}
1791637996.169 {"t":"led","node":29544,"shows":"green","app":0}
1791637996.169 {"t":"event","at_ms":149263,"node":29544,"kind":"peer_admitted","peer":33120,"slot":1,"a":0,"b":0}
1791637996.169 {"t":"event","at_ms":149593,"node":29544,"kind":"peer_admitted","peer":25344,"slot":0,"a":0,"b":0}
1791637996.169 {"t":"event","at_ms":151262,"node":29544,"kind":"peer_admitted","peer":33120,"slot":1,"a":0,"b":0}
1791637996.169 {"t":"event","at_ms":151593,"node":29544,"kind":"peer_admitted","peer":25344,"slot":0,"a":0,"b":0}
1791637996.169 {"t":"event","at_ms":153262,"node":29544,"kind":"peer_admitted","peer":33120,"slot":1,"a":0,"b":0}
1791637996.169 {"t":"event","at_ms":153593,"node":29544,"kind":"peer_admitted","peer":25344,"slot":0,"a":0,"b":0}
1791637996.169 {"t":"event","at_ms":155262,"node":29544,"kind":"peer_admitted","peer":33120,"slot":1,"a":0,"b":0}
1791637996.169 {"t":"event","at_ms":155600,"node":29544,"kind":"peer_admitted","peer":25344,"slot":0,"a":0,"b":0}
1791637996.169 {"t":"event","at_ms":157262,"node":29544,"kind":"peer_admitted","peer":33120,"slot":1,"a":0,"b":0}
1791637996.169 {"t":"event","at_ms":157600,"node":29544,"kind":"peer_admitted","peer":25344,"slot":0,"a":0,"b":0}
1791637996.169 {"t":"link","up_ms":158783,"node":29544,"peer":25344,"mac":"b8:1f:3f:da:63:00","state":"alive","epoch":244,"espnow_ver":2,"mtu":1446,"misses":0,"rssi":-27,"tx":{"frames":531,"cb_ok":520,"cb_fail":11,"enqueue_err":0,"pdr_ppm":979284},"rx":{"frames":2007,"lost_seqgap":6,"reorder_dup":0,"dropped_bad":0,"hb_lost":58,"bcast_frames":1511,"pdr_ppm":997019},"rtt":{"samples":76,"min_us":5612,"max_us":34074,"timeouts":2,"txq_last_us":6755,"txq_max_us":6755,"remote_turnaround_us":1012,"remote_turnaround_max_us":2533,"p50_us":[4000,6000],"p99_us":[30000,42000],"hist":[0,0,0,0,51,10,11,3,0,0,1,0,0,0,0,0]}}
1791637996.169 {"t":"link","up_ms":158835,"node":29544,"peer":33120,"mac":"b8:1f:3f:da:81:60","state":"alive","epoch":294,"espnow_ver":2,"mtu":1446,"misses":0,"rssi":-9,"tx":{"frames":545,"cb_ok":539,"cb_fail":6,"enqueue_err":0,"pdr_ppm":988990},"rx":{"frames":2099,"lost_seqgap":7,"reorder_dup":0,"dropped_bad":0,"hb_lost":34,"bcast_frames":1490,"pdr_ppm":996676},"rtt":{"samples":76,"min_us":5540,"max_us":53171,"timeouts":2,"txq_last_us":2604,"txq_max_us":2633,"remote_turnaround_us":957,"remote_turnaround_max_us":6147,"p50_us":[4000,6000],"p99_us":[42000,60000],"hist":[0,0,0,0,53,11,3,2,2,2,2,1,0,0,0,0]}}
1791637996.169 {"t":"auth","node":29544,"up_ms":158886,"enrolled":1,"required":1,"verified_peers":2,"verified":5,"cache_hits":152,"refused":0,"rate_limited":0,"stale_epoch":0,"verify_us_max":64574,"link_stack_free_b":1516,"crypto_stack_free_b":1276,"tags_ok":949,"bad_tag":0,"replayed":0,"untagged":0,"bcast_dropped":0,"beacon_epoch_ignored":0,"tag_us_max":1317}
1791637996.170 {"t":"act","node":29544,"setpoint":0,"has_value":0,"writes_served":0}
1791637996.170 {"t":"peers","node":29544,"own_period_ms":100,"own_busy":1,"channel":1,"scanning":0,"scans":0,"hops":0,"found":0,"lost_to_found_ms":0,"moves_followed":0,"moves_refused":0,"sweeps":0,"sweep_found":0,"sweeping":0,"search_visits":0,"relay":1,"fwd_u":0,"fwd_b":3003,"fwd_h":157,"relay_dup":0,"list":[{"id":25344,"state":"alive","via_relay":0,"period_ms":100,"misses":6,"busy":0,"rtt_n":77},{"id":33120,"state":"alive","via_relay":0,"period_ms":100,"misses":6,"busy":0,"rtt_n":76}]}
1791637996.170 {"t":"ss","node":29544,"accepted":0,"unsigned":0,"unknown_sender":0,"bad_signature":0,"replayed":0,"rate_limited":0,"verify_us_max":0,"floors":[]}
1791637996.170 {"t":"rec","node":29544,"up_ms":158975,"settled":1,"sent":633,"received":501,"malformed":0,"views":6,"replies_fenced":0,"actors":[{"key":1245650351,"running":0,"term":0,"owner":25344,"owner_term":9,"assigned":25344,"starts":0,"fenced":0,"released":0}]}
1791637996.504 {"t":"node","up_ms":159001,"node":29544,"epoch":172,"peers_alive":2,"peers_dead":0,"no_radio":0,"free_dram":205947,"largest_block":131072,"rx":{"total":4119,"bad_frame":0,"unknown_peer":9,"wrong_dst":0,"short_payload":0,"unknown_opcode":0,"queue_dropped":6},"tx":{"total":2739,"enqueue_err":0,"done_queue_dropped":0},"membership":{"deaths":2,"revivals":1,"reboots_seen":1,"table_full":0,"events_dropped":0}}
1791637996.504 {"t":"ns","node":29544,"hash":96177158,"owner":29544,"kind":"sampled","unit":0,"class":4,"bound_ms":5000,"quality":"GOOD","age_ms":336,"ts":158692,"updates":15,"value":-28}
1791637996.504 {"t":"ns","node":29544,"hash":1162973580,"owner":29544,"kind":"sampled","unit":101,"class":4,"bound_ms":30000,"quality":"GOOD","age_ms":360,"ts":158692,"updates":15,"value":205947}
1791637996.504 {"t":"ns","node":29544,"hash":4013525678,"owner":29544,"kind":"sampled","unit":101,"class":4,"bound_ms":30000,"quality":"GOOD","age_ms":373,"ts":158692,"updates":15,"value":131072}
1791637996.504 {"t":"ns","node":29544,"hash":1245650351,"owner":25344,"kind":"sampled","unit":0,"class":3,"bound_ms":500,"quality":"NO_DATA","age_ms":0,"ts":0,"updates":0,"value":null}
1791637996.504 {"t":"ns","node":29544,"hash":2033492666,"owner":29544,"kind":"sampled","unit":0,"class":3,"bound_ms":0,"quality":"NO_DATA","age_ms":0,"ts":0,"updates":0,"value":null}
1791637996.504 {"t":"ns","node":29544,"hash":1303338069,"owner":29544,"kind":"sampled","unit":100,"class":4,"bound_ms":0,"quality":"GOOD","age_ms":413,"ts":158692,"updates":15,"value":172}
1791637996.504 {"t":"ns","node":29544,"hash":288706273,"owner":29544,"kind":"sampled","unit":80,"class":4,"bound_ms":30000,"quality":"GOOD","age_ms":437,"ts":158692,"updates":15,"value":158}
1791637996.504 {"t":"ns","node":29544,"hash":2548334194,"owner":29544,"kind":"sampled","unit":100,"class":4,"bound_ms":5000,"quality":"GOOD","age_ms":451,"ts":158692,"updates":15,"value":2}
1791638006.647 {"t":"clk","node":29544,"up_ms":169155}
1791638006.647 {"t":"hs","up_s":169,"running":1,"sta":1,"has_ip":1,"ch":1,"rssi":-46,"clients":0,"reconnects":0,"int_free":205947,"psram_free":8336684,"boot_pick":1}
1791638006.647 {"t":"led","node":29544,"shows":"green","app":0}
1791638006.647 {"t":"event","at_ms":159262,"node":29544,"kind":"peer_admitted","peer":33120,"slot":1,"a":0,"b":0}
1791638006.647 {"t":"event","at_ms":159600,"node":29544,"kind":"peer_admitted","peer":25344,"slot":0,"a":0,"b":0}
1791638006.647 {"t":"event","at_ms":161262,"node":29544,"kind":"peer_admitted","peer":33120,"slot":1,"a":0,"b":0}
1791638006.647 {"t":"event","at_ms":161606,"node":29544,"kind":"peer_admitted","peer":25344,"slot":0,"a":0,"b":0}
1791638006.647 {"t":"event","at_ms":163262,"node":29544,"kind":"peer_admitted","peer":33120,"slot":1,"a":0,"b":0}
1791638006.647 {"t":"event","at_ms":163606,"node":29544,"kind":"peer_admitted","peer":25344,"slot":0,"a":0,"b":0}
1791638006.647 {"t":"event","at_ms":165262,"node":29544,"kind":"peer_admitted","peer":33120,"slot":1,"a":0,"b":0}
1791638006.647 {"t":"event","at_ms":165606,"node":29544,"kind":"peer_admitted","peer":25344,"slot":0,"a":0,"b":0}
1791638006.647 {"t":"event","at_ms":167263,"node":29544,"kind":"peer_admitted","peer":33120,"slot":1,"a":0,"b":0}
1791638006.647 {"t":"event","at_ms":167607,"node":29544,"kind":"peer_admitted","peer":25344,"slot":0,"a":0,"b":0}
1791638006.647 {"t":"link","up_ms":169260,"node":29544,"peer":25344,"mac":"b8:1f:3f:da:63:00","state":"alive","epoch":244,"espnow_ver":2,"mtu":1446,"misses":0,"rssi":-27,"tx":{"frames":566,"cb_ok":555,"cb_fail":11,"enqueue_err":0,"pdr_ppm":980565},"rx":{"frames":2142,"lost_seqgap":6,"reorder_dup":0,"dropped_bad":0,"hb_lost":60,"bcast_frames":1613,"pdr_ppm":997206},"rtt":{"samples":82,"min_us":5612,"max_us":34074,"timeouts":2,"txq_last_us":6755,"txq_max_us":6755,"remote_turnaround_us":972,"remote_turnaround_max_us":2533,"p50_us":[4000,6000],"p99_us":[30000,42000],"hist":[0,0,0,0,55,12,11,3,0,0,1,0,0,0,0,0]}}
1791638006.647 {"t":"link","up_ms":169312,"node":29544,"peer":33120,"mac":"b8:1f:3f:da:81:60","state":"alive","epoch":294,"espnow_ver":2,"mtu":1446,"misses":0,"rssi":-9,"tx":{"frames":582,"cb_ok":576,"cb_fail":6,"enqueue_err":0,"pdr_ppm":989690},"rx":{"frames":2246,"lost_seqgap":7,"reorder_dup":0,"dropped_bad":0,"hb_lost":34,"bcast_frames":1595,"pdr_ppm":996893},"rtt":{"samples":81,"min_us":5540,"max_us":53171,"timeouts":2,"txq_last_us":2604,"txq_max_us":2633,"remote_turnaround_us":955,"remote_turnaround_max_us":6147,"p50_us":[4000,6000],"p99_us":[42000,60000],"hist":[0,0,0,0,55,14,3,2,2,2,2,1,0,0,0,0]}}
1791638006.647 {"t":"auth","node":29544,"up_ms":169363,"enrolled":1,"required":1,"verified_peers":2,"verified":5,"cache_hits":163,"refused":0,"rate_limited":0,"stale_epoch":0,"verify_us_max":64574,"link_stack_free_b":1516,"crypto_stack_free_b":1276,"tags_ok":1012,"bad_tag":0,"replayed":0,"untagged":0,"bcast_dropped":0,"beacon_epoch_ignored":0,"tag_us_max":1317}
1791638006.647 {"t":"act","node":29544,"setpoint":0,"has_value":0,"writes_served":0}
1791638006.647 {"t":"peers","node":29544,"own_period_ms":100,"own_busy":1,"channel":1,"scanning":0,"scans":0,"hops":0,"found":0,"lost_to_found_ms":0,"moves_followed":0,"moves_refused":0,"sweeps":0,"sweep_found":0,"sweeping":0,"search_visits":0,"relay":1,"fwd_u":0,"fwd_b":3211,"fwd_h":168,"relay_dup":0,"list":[{"id":25344,"state":"alive","via_relay":0,"period_ms":100,"misses":6,"busy":0,"rtt_n":82},{"id":33120,"state":"alive","via_relay":0,"period_ms":100,"misses":6,"busy":0,"rtt_n":81}]}
1791638006.647 {"t":"ss","node":29544,"accepted":0,"unsigned":0,"unknown_sender":0,"bad_signature":0,"replayed":0,"rate_limited":0,"verify_us_max":0,"floors":[]}
1791638006.647 {"t":"rec","node":29544,"up_ms":169452,"settled":1,"sent":674,"received":536,"malformed":0,"views":6,"replies_fenced":0,"actors":[{"key":1245650351,"running":0,"term":0,"owner":25344,"owner_term":9,"assigned":25344,"starts":0,"fenced":0,"released":0}]}
1791638006.986 {"t":"node","up_ms":169477,"node":29544,"epoch":172,"peers_alive":2,"peers_dead":0,"no_radio":0,"free_dram":205947,"largest_block":131072,"rx":{"total":4398,"bad_frame":0,"unknown_peer":9,"wrong_dst":0,"short_payload":0,"unknown_opcode":0,"queue_dropped":6},"tx":{"total":2919,"enqueue_err":0,"done_queue_dropped":0},"membership":{"deaths":2,"revivals":1,"reboots_seen":1,"table_full":0,"events_dropped":0}}
1791638006.986 {"t":"ns","node":29544,"hash":96177158,"owner":29544,"kind":"sampled","unit":0,"class":4,"bound_ms":5000,"quality":"GOOD","age_ms":345,"ts":169170,"updates":16,"value":-28}
1791638006.986 {"t":"ns","node":29544,"hash":1162973580,"owner":29544,"kind":"sampled","unit":101,"class":4,"bound_ms":30000,"quality":"GOOD","age_ms":358,"ts":169170,"updates":16,"value":205947}
1791638006.986 {"t":"ns","node":29544,"hash":4013525678,"owner":29544,"kind":"sampled","unit":101,"class":4,"bound_ms":30000,"quality":"GOOD","age_ms":371,"ts":169170,"updates":16,"value":131072}
1791638006.986 {"t":"ns","node":29544,"hash":1245650351,"owner":25344,"kind":"sampled","unit":0,"class":3,"bound_ms":500,"quality":"NO_DATA","age_ms":0,"ts":0,"updates":0,"value":null}
1791638006.986 {"t":"ns","node":29544,"hash":2033492666,"owner":29544,"kind":"sampled","unit":0,"class":3,"bound_ms":0,"quality":"NO_DATA","age_ms":0,"ts":0,"updates":0,"value":null}
1791638006.986 {"t":"ns","node":29544,"hash":1303338069,"owner":29544,"kind":"sampled","unit":100,"class":4,"bound_ms":0,"quality":"GOOD","age_ms":422,"ts":169170,"updates":16,"value":172}
1791638006.986 {"t":"ns","node":29544,"hash":288706273,"owner":29544,"kind":"sampled","unit":80,"class":4,"bound_ms":30000,"quality":"GOOD","age_ms":435,"ts":169170,"updates":16,"value":169}
1791638006.986 {"t":"ns","node":29544,"hash":2548334194,"owner":29544,"kind":"sampled","unit":100,"class":4,"bound_ms":5000,"quality":"GOOD","age_ms":449,"ts":169170,"updates":16,"value":2}
1791638017.126 {"t":"clk","node":29544,"up_ms":179632}
1791638017.126 {"t":"hs","up_s":179,"running":1,"sta":1,"has_ip":1,"ch":1,"rssi":-46,"clients":0,"reconnects":0,"int_free":205947,"psram_free":8336684,"boot_pick":1}
1791638017.126 {"t":"led","node":29544,"shows":"green","app":0}
1791638017.126 {"t":"event","at_ms":169262,"node":29544,"kind":"peer_admitted","peer":33120,"slot":1,"a":0,"b":0}
1791638017.126 {"t":"event","at_ms":169607,"node":29544,"kind":"peer_admitted","peer":25344,"slot":0,"a":0,"b":0}
1791638017.126 {"t":"event","at_ms":171262,"node":29544,"kind":"peer_admitted","peer":33120,"slot":1,"a":0,"b":0}
1791638017.126 {"t":"event","at_ms":171607,"node":29544,"kind":"peer_admitted","peer":25344,"slot":0,"a":0,"b":0}
1791638017.126 {"t":"event","at_ms":173262,"node":29544,"kind":"peer_admitted","peer":33120,"slot":1,"a":0,"b":0}
1791638017.126 {"t":"event","at_ms":173607,"node":29544,"kind":"peer_admitted","peer":25344,"slot":0,"a":0,"b":0}
1791638017.126 {"t":"event","at_ms":175262,"node":29544,"kind":"peer_admitted","peer":33120,"slot":1,"a":0,"b":0}
1791638017.126 {"t":"event","at_ms":175606,"node":29544,"kind":"peer_admitted","peer":25344,"slot":0,"a":0,"b":0}
1791638017.126 {"t":"event","at_ms":177262,"node":29544,"kind":"peer_admitted","peer":33120,"slot":1,"a":0,"b":0}
1791638017.126 {"t":"event","at_ms":177607,"node":29544,"kind":"peer_admitted","peer":25344,"slot":0,"a":0,"b":0}
1791638017.126 {"t":"event","at_ms":179262,"node":29544,"kind":"peer_admitted","peer":33120,"slot":1,"a":0,"b":0}
1791638017.126 {"t":"event","at_ms":179608,"node":29544,"kind":"peer_admitted","peer":25344,"slot":0,"a":0,"b":0}
1791638017.126 {"t":"link","up_ms":179750,"node":29544,"peer":25344,"mac":"b8:1f:3f:da:63:00","state":"alive","epoch":244,"espnow_ver":2,"mtu":1446,"misses":0,"rssi":-27,"tx":{"frames":601,"cb_ok":590,"cb_fail":11,"enqueue_err":0,"pdr_ppm":981697},"rx":{"frames":2278,"lost_seqgap":6,"reorder_dup":0,"dropped_bad":0,"hb_lost":61,"bcast_frames":1717,"pdr_ppm":997373},"rtt":{"samples":87,"min_us":5612,"max_us":34074,"timeouts":2,"txq_last_us":6755,"txq_max_us":6755,"remote_turnaround_us":947,"remote_turnaround_max_us":2533,"p50_us":[4000,6000],"p99_us":[30000,42000],"hist":[0,0,0,0,59,13,11,3,0,0,1,0,0,0,0,0]}}
1791638017.126 {"t":"link","up_ms":179801,"node":29544,"peer":33120,"mac":"b8:1f:3f:da:81:60","state":"alive","epoch":294,"espnow_ver":2,"mtu":1446,"misses":0,"rssi":-10,"tx":{"frames":618,"cb_ok":612,"cb_fail":6,"enqueue_err":0,"pdr_ppm":990291},"rx":{"frames":2392,"lost_seqgap":7,"reorder_dup":0,"dropped_bad":0,"hb_lost":34,"bcast_frames":1700,"pdr_ppm":997082},"rtt":{"samples":86,"min_us":5540,"max_us":53171,"timeouts":2,"txq_last_us":2604,"txq_max_us":2633,"remote_turnaround_us":958,"remote_turnaround_max_us":6147,"p50_us":[4000,6000],"p99_us":[42000,60000],"hist":[0,0,0,0,60,14,3,2,2,2,2,1,0,0,0,0]}}
1791638017.126 {"t":"auth","node":29544,"up_ms":179852,"enrolled":1,"required":1,"verified_peers":2,"verified":5,"cache_hits":174,"refused":0,"rate_limited":0,"stale_epoch":0,"verify_us_max":64574,"link_stack_free_b":1516,"crypto_stack_free_b":1276,"tags_ok":1076,"bad_tag":0,"replayed":0,"untagged":0,"bcast_dropped":0,"beacon_epoch_ignored":0,"tag_us_max":1317}
1791638017.126 {"t":"act","node":29544,"setpoint":0,"has_value":0,"writes_served":0}
1791638017.126 {"t":"peers","node":29544,"own_period_ms":100,"own_busy":1,"channel":1,"scanning":0,"scans":0,"hops":0,"found":0,"lost_to_found_ms":0,"moves_followed":0,"moves_refused":0,"sweeps":0,"sweep_found":0,"sweeping":0,"search_visits":0,"relay":1,"fwd_u":0,"fwd_b":3419,"fwd_h":179,"relay_dup":0,"list":[{"id":25344,"state":"alive","via_relay":0,"period_ms":100,"misses":6,"busy":0,"rtt_n":87},{"id":33120,"state":"alive","via_relay":0,"period_ms":100,"misses":6,"busy":0,"rtt_n":87}]}
1791638017.126 {"t":"ss","node":29544,"accepted":0,"unsigned":0,"unknown_sender":0,"bad_signature":0,"replayed":0,"rate_limited":0,"verify_us_max":0,"floors":[]}
1791638017.126 {"t":"rec","node":29544,"up_ms":179953,"settled":1,"sent":716,"received":571,"malformed":0,"views":6,"replies_fenced":0,"actors":[{"key":1245650351,"running":0,"term":0,"owner":25344,"owner_term":9,"assigned":25344,"starts":0,"fenced":0,"released":0}]}
1791638017.476 {"t":"node","up_ms":179967,"node":29544,"epoch":172,"peers_alive":2,"peers_dead":0,"no_radio":0,"free_dram":205947,"largest_block":131072,"rx":{"total":4685,"bad_frame":0,"unknown_peer":9,"wrong_dst":0,"short_payload":0,"unknown_opcode":0,"queue_dropped":6},"tx":{"total":3102,"enqueue_err":0,"done_queue_dropped":0},"membership":{"deaths":2,"revivals":1,"reboots_seen":1,"table_full":0,"events_dropped":0}}
1791638017.476 {"t":"ns","node":29544,"hash":96177158,"owner":29544,"kind":"sampled","unit":0,"class":4,"bound_ms":5000,"quality":"GOOD","age_ms":358,"ts":179647,"updates":17,"value":-27}
1791638017.476 {"t":"ns","node":29544,"hash":1162973580,"owner":29544,"kind":"sampled","unit":101,"class":4,"bound_ms":30000,"quality":"GOOD","age_ms":371,"ts":179647,"updates":17,"value":205947}
1791638017.476 {"t":"ns","node":29544,"hash":4013525678,"owner":29544,"kind":"sampled","unit":101,"class":4,"bound_ms":30000,"quality":"GOOD","age_ms":385,"ts":179647,"updates":17,"value":131072}
1791638017.476 {"t":"ns","node":29544,"hash":1245650351,"owner":25344,"kind":"sampled","unit":0,"class":3,"bound_ms":500,"quality":"NO_DATA","age_ms":0,"ts":0,"updates":0,"value":null}
1791638017.476 {"t":"ns","node":29544,"hash":2033492666,"owner":29544,"kind":"sampled","unit":0,"class":3,"bound_ms":0,"quality":"NO_DATA","age_ms":0,"ts":0,"updates":0,"value":null}
1791638017.476 {"t":"ns","node":29544,"hash":1303338069,"owner":29544,"kind":"sampled","unit":100,"class":4,"bound_ms":0,"quality":"GOOD","age_ms":436,"ts":179647,"updates":17,"value":172}
1791638017.476 {"t":"ns","node":29544,"hash":288706273,"owner":29544,"kind":"sampled","unit":80,"class":4,"bound_ms":30000,"quality":"GOOD","age_ms":449,"ts":179647,"updates":17,"value":179}
1791638017.476 {"t":"ns","node":29544,"hash":2548334194,"owner":29544,"kind":"sampled","unit":100,"class":4,"bound_ms":5000,"quality":"GOOD","age_ms":462,"ts":179647,"updates":17,"value":2}
1791638027.615 {"t":"clk","node":29544,"up_ms":190122}
1791638027.615 {"t":"hs","up_s":190,"running":1,"sta":1,"has_ip":1,"ch":1,"rssi":-46,"clients":0,"reconnects":0,"int_free":205947,"psram_free":8336684,"boot_pick":1}
1791638027.615 {"t":"led","node":29544,"shows":"green","app":0}
1791638027.615 {"t":"event","at_ms":181262,"node":29544,"kind":"peer_admitted","peer":33120,"slot":1,"a":0,"b":0}
1791638027.615 {"t":"event","at_ms":181608,"node":29544,"kind":"peer_admitted","peer":25344,"slot":0,"a":0,"b":0}
1791638027.615 {"t":"event","at_ms":183262,"node":29544,"kind":"peer_admitted","peer":33120,"slot":1,"a":0,"b":0}
1791638027.615 {"t":"event","at_ms":183607,"node":29544,"kind":"peer_admitted","peer":25344,"slot":0,"a":0,"b":0}
1791638027.615 {"t":"event","at_ms":185262,"node":29544,"kind":"peer_admitted","peer":33120,"slot":1,"a":0,"b":0}
1791638027.615 {"t":"event","at_ms":185607,"node":29544,"kind":"peer_admitted","peer":25344,"slot":0,"a":0,"b":0}
1791638027.615 {"t":"event","at_ms":187262,"node":29544,"kind":"peer_admitted","peer":33120,"slot":1,"a":0,"b":0}
1791638027.615 {"t":"event","at_ms":187607,"node":29544,"kind":"peer_admitted","peer":25344,"slot":0,"a":0,"b":0}
1791638027.615 {"t":"event","at_ms":189262,"node":29544,"kind":"peer_admitted","peer":33120,"slot":1,"a":0,"b":0}
1791638027.615 {"t":"event","at_ms":189607,"node":29544,"kind":"peer_admitted","peer":25344,"slot":0,"a":0,"b":0}
1791638027.615 {"t":"link","up_ms":190227,"node":29544,"peer":25344,"mac":"b8:1f:3f:da:63:00","state":"alive","epoch":244,"espnow_ver":2,"mtu":1446,"misses":0,"rssi":-27,"tx":{"frames":636,"cb_ok":624,"cb_fail":11,"enqueue_err":0,"pdr_ppm":982677},"rx":{"frames":2417,"lost_seqgap":6,"reorder_dup":0,"dropped_bad":0,"hb_lost":61,"bcast_frames":1822,"pdr_ppm":997523},"rtt":{"samples":92,"min_us":5612,"max_us":34074,"timeouts":2,"txq_last_us":6755,"txq_max_us":6755,"remote_turnaround_us":925,"remote_turnaround_max_us":2533,"p50_us":[4000,6000],"p99_us":[30000,42000],"hist":[0,0,0,0,61,15,12,3,0,0,1,0,0,0,0,0]}}
1791638027.615 {"t":"link","up_ms":190278,"node":29544,"peer":33120,"mac":"b8:1f:3f:da:81:60","state":"alive","epoch":294,"espnow_ver":2,"mtu":1446,"misses":0,"rssi":-9,"tx":{"frames":656,"cb_ok":650,"cb_fail":6,"enqueue_err":0,"pdr_ppm":990853},"rx":{"frames":2540,"lost_seqgap":7,"reorder_dup":0,"dropped_bad":0,"hb_lost":34,"bcast_frames":1804,"pdr_ppm":997251},"rtt":{"samples":92,"min_us":5540,"max_us":53171,"timeouts":2,"txq_last_us":2604,"txq_max_us":2633,"remote_turnaround_us":1048,"remote_turnaround_max_us":6147,"p50_us":[4000,6000],"p99_us":[42000,60000],"hist":[0,0,0,0,66,14,3,2,2,2,2,1,0,0,0,0]}}
1791638027.615 {"t":"auth","node":29544,"up_ms":190329,"enrolled":1,"required":1,"verified_peers":2,"verified":5,"cache_hits":184,"refused":0,"rate_limited":0,"stale_epoch":0,"verify_us_max":64574,"link_stack_free_b":1516,"crypto_stack_free_b":1276,"tags_ok":1142,"bad_tag":0,"replayed":0,"untagged":0,"bcast_dropped":0,"beacon_epoch_ignored":0,"tag_us_max":1317}
1791638027.615 {"t":"act","node":29544,"setpoint":0,"has_value":0,"writes_served":0}
1791638027.615 {"t":"peers","node":29544,"own_period_ms":100,"own_busy":1,"channel":1,"scanning":0,"scans":0,"hops":0,"found":0,"lost_to_found_ms":0,"moves_followed":0,"moves_refused":0,"sweeps":0,"sweep_found":0,"sweeping":0,"search_visits":0,"relay":1,"fwd_u":0,"fwd_b":3628,"fwd_h":189,"relay_dup":0,"list":[{"id":25344,"state":"alive","via_relay":0,"period_ms":100,"misses":6,"busy":0,"rtt_n":92},{"id":33120,"state":"alive","via_relay":0,"period_ms":100,"misses":6,"busy":0,"rtt_n":92}]}
1791638027.615 {"t":"ss","node":29544,"accepted":0,"unsigned":0,"unknown_sender":0,"bad_signature":0,"replayed":0,"rate_limited":0,"verify_us_max":0,"floors":[]}
1791638027.615 {"t":"rec","node":29544,"up_ms":190419,"settled":1,"sent":758,"received":605,"malformed":0,"views":6,"replies_fenced":0,"actors":[{"key":1245650351,"running":0,"term":0,"owner":25344,"owner_term":9,"assigned":25344,"starts":0,"fenced":0,"released":0}]}
1791638027.954 {"t":"node","up_ms":190444,"node":29544,"epoch":172,"peers_alive":2,"peers_dead":0,"no_radio":0,"free_dram":205947,"largest_block":131072,"rx":{"total":4968,"bad_frame":0,"unknown_peer":9,"wrong_dst":0,"short_payload":0,"unknown_opcode":0,"queue_dropped":6},"tx":{"total":3283,"enqueue_err":0,"done_queue_dropped":0},"membership":{"deaths":2,"revivals":1,"reboots_seen":1,"table_full":0,"events_dropped":0}}
1791638027.954 {"t":"ns","node":29544,"hash":96177158,"owner":29544,"kind":"sampled","unit":0,"class":4,"bound_ms":5000,"quality":"GOOD","age_ms":345,"ts":190137,"updates":18,"value":-27}
1791638027.954 {"t":"ns","node":29544,"hash":1162973580,"owner":29544,"kind":"sampled","unit":101,"class":4,"bound_ms":30000,"quality":"GOOD","age_ms":358,"ts":190137,"updates":18,"value":205947}
1791638027.954 {"t":"ns","node":29544,"hash":4013525678,"owner":29544,"kind":"sampled","unit":101,"class":4,"bound_ms":30000,"quality":"GOOD","age_ms":372,"ts":190137,"updates":18,"value":131072}
1791638027.954 {"t":"ns","node":29544,"hash":1245650351,"owner":25344,"kind":"sampled","unit":0,"class":3,"bound_ms":500,"quality":"NO_DATA","age_ms":0,"ts":0,"updates":0,"value":null}
1791638027.954 {"t":"ns","node":29544,"hash":2033492666,"owner":29544,"kind":"sampled","unit":0,"class":3,"bound_ms":0,"quality":"NO_DATA","age_ms":0,"ts":0,"updates":0,"value":null}
1791638027.954 {"t":"ns","node":29544,"hash":1303338069,"owner":29544,"kind":"sampled","unit":100,"class":4,"bound_ms":0,"quality":"GOOD","age_ms":422,"ts":190137,"updates":18,"value":172}
1791638027.954 {"t":"ns","node":29544,"hash":288706273,"owner":29544,"kind":"sampled","unit":80,"class":4,"bound_ms":30000,"quality":"GOOD","age_ms":436,"ts":190137,"updates":18,"value":190}
1791638027.954 {"t":"ns","node":29544,"hash":2548334194,"owner":29544,"kind":"sampled","unit":100,"class":4,"bound_ms":5000,"quality":"GOOD","age_ms":449,"ts":190137,"updates":18,"value":2}
1791638038.090 {"t":"clk","node":29544,"up_ms":200599}
1791638038.090 {"t":"hs","up_s":200,"running":1,"sta":1,"has_ip":1,"ch":1,"rssi":-46,"clients":0,"reconnects":0,"int_free":205743,"psram_free":8336684,"boot_pick":1}
1791638038.090 {"t":"led","node":29544,"shows":"green","app":0}
1791638038.090 {"t":"event","at_ms":191262,"node":29544,"kind":"peer_admitted","peer":33120,"slot":1,"a":0,"b":0}
1791638038.090 {"t":"event","at_ms":191607,"node":29544,"kind":"peer_admitted","peer":25344,"slot":0,"a":0,"b":0}
1791638038.090 {"t":"event","at_ms":193264,"node":29544,"kind":"peer_admitted","peer":33120,"slot":1,"a":0,"b":0}
1791638038.090 {"t":"event","at_ms":193607,"node":29544,"kind":"peer_admitted","peer":25344,"slot":0,"a":0,"b":0}
1791638038.090 {"t":"event","at_ms":195262,"node":29544,"kind":"peer_admitted","peer":33120,"slot":1,"a":0,"b":0}
1791638038.090 {"t":"event","at_ms":195607,"node":29544,"kind":"peer_admitted","peer":25344,"slot":0,"a":0,"b":0}
1791638038.090 {"t":"event","at_ms":197262,"node":29544,"kind":"peer_admitted","peer":33120,"slot":1,"a":0,"b":0}
1791638038.090 {"t":"event","at_ms":197622,"node":29544,"kind":"peer_admitted","peer":25344,"slot":0,"a":0,"b":0}
1791638038.090 {"t":"event","at_ms":199262,"node":29544,"kind":"peer_admitted","peer":33120,"slot":1,"a":0,"b":0}
1791638038.090 {"t":"event","at_ms":199622,"node":29544,"kind":"peer_admitted","peer":25344,"slot":0,"a":0,"b":0}
1791638038.090 {"t":"link","up_ms":200703,"node":29544,"peer":25344,"mac":"b8:1f:3f:da:63:00","state":"alive","epoch":244,"espnow_ver":2,"mtu":1446,"misses":0,"rssi":-27,"tx":{"frames":669,"cb_ok":658,"cb_fail":11,"enqueue_err":0,"pdr_ppm":983557},"rx":{"frames":2553,"lost_seqgap":6,"reorder_dup":0,"dropped_bad":0,"hb_lost":61,"bcast_frames":1927,"pdr_ppm":997655},"rtt":{"samples":97,"min_us":5612,"max_us":34074,"timeouts":2,"txq_last_us":6755,"txq_max_us":6755,"remote_turnaround_us":951,"remote_turnaround_max_us":7841,"p50_us":[4000,6000],"p99_us":[30000,42000],"hist":[0,0,0,0,65,15,12,4,0,0,1,0,0,0,0,0]}}
1791638038.090 {"t":"link","up_ms":200754,"node":29544,"peer":33120,"mac":"b8:1f:3f:da:81:60","state":"alive","epoch":294,"espnow_ver":2,"mtu":1446,"misses":0,"rssi":-9,"tx":{"frames":692,"cb_ok":686,"cb_fail":6,"enqueue_err":0,"pdr_ppm":991329},"rx":{"frames":2686,"lost_seqgap":7,"reorder_dup":0,"dropped_bad":0,"hb_lost":34,"bcast_frames":1909,"pdr_ppm":997400},"rtt":{"samples":97,"min_us":5540,"max_us":53171,"timeouts":2,"txq_last_us":2604,"txq_max_us":2633,"remote_turnaround_us":1047,"remote_turnaround_max_us":6147,"p50_us":[4000,6000],"p99_us":[42000,60000],"hist":[0,0,0,0,69,15,4,2,2,2,2,1,0,0,0,0]}}
1791638038.090 {"t":"auth","node":29544,"up_ms":200805,"enrolled":1,"required":1,"verified_peers":2,"verified":5,"cache_hits":194,"refused":0,"rate_limited":0,"stale_epoch":0,"verify_us_max":64574,"link_stack_free_b":1516,"crypto_stack_free_b":1276,"tags_ok":1204,"bad_tag":0,"replayed":0,"untagged":0,"bcast_dropped":0,"beacon_epoch_ignored":0,"tag_us_max":1317}
1791638038.090 {"t":"act","node":29544,"setpoint":0,"has_value":0,"writes_served":0}
1791638038.090 {"t":"peers","node":29544,"own_period_ms":100,"own_busy":1,"channel":1,"scanning":0,"scans":0,"hops":0,"found":0,"lost_to_found_ms":0,"moves_followed":0,"moves_refused":0,"sweeps":0,"sweep_found":0,"sweeping":0,"search_visits":0,"relay":1,"fwd_u":0,"fwd_b":3838,"fwd_h":199,"relay_dup":0,"list":[{"id":25344,"state":"alive","via_relay":0,"period_ms":100,"misses":6,"busy":0,"rtt_n":98},{"id":33120,"state":"alive","via_relay":0,"period_ms":100,"misses":6,"busy":0,"rtt_n":97}]}
1791638038.090 {"t":"ss","node":29544,"accepted":0,"unsigned":0,"unknown_sender":0,"bad_signature":0,"replayed":0,"rate_limited":0,"verify_us_max":0,"floors":[]}
1791638038.090 {"t":"rec","node":29544,"up_ms":200895,"settled":1,"sent":800,"received":640,"malformed":0,"views":6,"replies_fenced":0,"actors":[{"key":1245650351,"running":0,"term":0,"owner":25344,"owner_term":9,"assigned":25344,"starts":0,"fenced":0,"released":0}]}
1791638038.422 {"t":"node","up_ms":200921,"node":29544,"epoch":172,"peers_alive":2,"peers_dead":0,"no_radio":0,"free_dram":205947,"largest_block":131072,"rx":{"total":5253,"bad_frame":0,"unknown_peer":9,"wrong_dst":0,"short_payload":0,"unknown_opcode":0,"queue_dropped":6},"tx":{"total":3465,"enqueue_err":0,"done_queue_dropped":0},"membership":{"deaths":2,"revivals":1,"reboots_seen":1,"table_full":0,"events_dropped":0}}
1791638038.422 {"t":"ns","node":29544,"hash":96177158,"owner":29544,"kind":"sampled","unit":0,"class":4,"bound_ms":5000,"quality":"GOOD","age_ms":344,"ts":200614,"updates":19,"value":-27}
1791638038.422 {"t":"ns","node":29544,"hash":1162973580,"owner":29544,"kind":"sampled","unit":101,"class":4,"bound_ms":30000,"quality":"GOOD","age_ms":357,"ts":200614,"updates":19,"value":205947}
1791638038.422 {"t":"ns","node":29544,"hash":4013525678,"owner":29544,"kind":"sampled","unit":101,"class":4,"bound_ms":30000,"quality":"GOOD","age_ms":371,"ts":200614,"updates":19,"value":131072}
1791638038.422 {"t":"ns","node":29544,"hash":1245650351,"owner":25344,"kind":"sampled","unit":0,"class":3,"bound_ms":500,"quality":"NO_DATA","age_ms":0,"ts":0,"updates":0,"value":null}
1791638038.422 {"t":"ns","node":29544,"hash":2033492666,"owner":29544,"kind":"sampled","unit":0,"class":3,"bound_ms":0,"quality":"NO_DATA","age_ms":0,"ts":0,"updates":0,"value":null}
1791638038.422 {"t":"ns","node":29544,"hash":1303338069,"owner":29544,"kind":"sampled","unit":100,"class":4,"bound_ms":0,"quality":"GOOD","age_ms":422,"ts":200614,"updates":19,"value":172}
1791638038.422 {"t":"ns","node":29544,"hash":288706273,"owner":29544,"kind":"sampled","unit":80,"class":4,"bound_ms":30000,"quality":"GOOD","age_ms":435,"ts":200614,"updates":19,"value":200}
1791638038.422 {"t":"ns","node":29544,"hash":2548334194,"owner":29544,"kind":"sampled","unit":100,"class":4,"bound_ms":5000,"quality":"GOOD","age_ms":449,"ts":200614,"updates":19,"value":2}
1791638048.566 {"t":"clk","node":29544,"up_ms":211075}
1791638048.566 {"t":"hs","up_s":211,"running":1,"sta":1,"has_ip":1,"ch":1,"rssi":-46,"clients":0,"reconnects":0,"int_free":205947,"psram_free":8336684,"boot_pick":1}
1791638048.566 {"t":"led","node":29544,"shows":"green","app":0}
1791638048.566 {"t":"event","at_ms":201262,"node":29544,"kind":"peer_admitted","peer":33120,"slot":1,"a":0,"b":0}
1791638048.566 {"t":"event","at_ms":201628,"node":29544,"kind":"peer_admitted","peer":25344,"slot":0,"a":0,"b":0}
1791638048.566 {"t":"event","at_ms":203263,"node":29544,"kind":"peer_admitted","peer":33120,"slot":1,"a":0,"b":0}
1791638048.566 {"t":"event","at_ms":203628,"node":29544,"kind":"peer_admitted","peer":25344,"slot":0,"a":0,"b":0}
1791638048.566 {"t":"event","at_ms":205263,"node":29544,"kind":"peer_admitted","peer":33120,"slot":1,"a":0,"b":0}
1791638048.566 {"t":"event","at_ms":205628,"node":29544,"kind":"peer_admitted","peer":25344,"slot":0,"a":0,"b":0}
1791638048.566 {"t":"event","at_ms":207262,"node":29544,"kind":"peer_admitted","peer":33120,"slot":1,"a":0,"b":0}
1791638048.566 {"t":"event","at_ms":207628,"node":29544,"kind":"peer_admitted","peer":25344,"slot":0,"a":0,"b":0}
1791638048.566 {"t":"event","at_ms":209262,"node":29544,"kind":"peer_admitted","peer":33120,"slot":1,"a":0,"b":0}
1791638048.566 {"t":"event","at_ms":209628,"node":29544,"kind":"peer_admitted","peer":25344,"slot":0,"a":0,"b":0}
1791638048.566 {"t":"link","up_ms":211180,"node":29544,"peer":25344,"mac":"b8:1f:3f:da:63:00","state":"alive","epoch":244,"espnow_ver":2,"mtu":1446,"misses":0,"rssi":-27,"tx":{"frames":705,"cb_ok":694,"cb_fail":11,"enqueue_err":0,"pdr_ppm":984397},"rx":{"frames":2691,"lost_seqgap":6,"reorder_dup":0,"dropped_bad":0,"hb_lost":61,"bcast_frames":2031,"pdr_ppm":997775},"rtt":{"samples":103,"min_us":5612,"max_us":34074,"timeouts":2,"txq_last_us":6755,"txq_max_us":6755,"remote_turnaround_us":922,"remote_turnaround_max_us":7841,"p50_us":[4000,6000],"p99_us":[11000,16000],"hist":[0,0,0,0,70,15,12,5,0,0,1,0,0,0,0,0]}}
1791638048.566 {"t":"link","up_ms":211231,"node":29544,"peer":33120,"mac":"b8:1f:3f:da:81:60","state":"alive","epoch":294,"espnow_ver":2,"mtu":1446,"misses":0,"rssi":-9,"tx":{"frames":728,"cb_ok":722,"cb_fail":6,"enqueue_err":0,"pdr_ppm":991758},"rx":{"frames":2832,"lost_seqgap":7,"reorder_dup":0,"dropped_bad":0,"hb_lost":34,"bcast_frames":2014,"pdr_ppm":997534},"rtt":{"samples":102,"min_us":5540,"max_us":53171,"timeouts":2,"txq_last_us":2604,"txq_max_us":2633,"remote_turnaround_us":1037,"remote_turnaround_max_us":6147,"p50_us":[4000,6000],"p99_us":[30000,42000],"hist":[0,0,0,0,72,15,4,3,3,2,2,1,0,0,0,0]}}
1791638048.566 {"t":"auth","node":29544,"up_ms":211283,"enrolled":1,"required":1,"verified_peers":2,"verified":5,"cache_hits":205,"refused":0,"rate_limited":0,"stale_epoch":0,"verify_us_max":64574,"link_stack_free_b":1516,"crypto_stack_free_b":1276,"tags_ok":1269,"bad_tag":0,"replayed":0,"untagged":0,"bcast_dropped":0,"beacon_epoch_ignored":0,"tag_us_max":1317}
1791638048.566 {"t":"act","node":29544,"setpoint":0,"has_value":0,"writes_served":0}
1791638048.566 {"t":"peers","node":29544,"own_period_ms":100,"own_busy":1,"channel":1,"scanning":0,"scans":0,"hops":0,"found":0,"lost_to_found_ms":0,"moves_followed":0,"moves_refused":0,"sweeps":0,"sweep_found":0,"sweeping":0,"search_visits":0,"relay":1,"fwd_u":0,"fwd_b":4048,"fwd_h":210,"relay_dup":0,"list":[{"id":25344,"state":"alive","via_relay":0,"period_ms":100,"misses":6,"busy":0,"rtt_n":103},{"id":33120,"state":"alive","via_relay":0,"period_ms":100,"misses":6,"busy":0,"rtt_n":102}]}
1791638048.566 {"t":"ss","node":29544,"accepted":0,"unsigned":0,"unknown_sender":0,"bad_signature":0,"replayed":0,"rate_limited":0,"verify_us_max":0,"floors":[]}
1791638048.566 {"t":"rec","node":29544,"up_ms":211372,"settled":1,"sent":842,"received":674,"malformed":0,"views":6,"replies_fenced":0,"actors":[{"key":1245650351,"running":0,"term":0,"owner":25344,"owner_term":9,"assigned":25344,"starts":0,"fenced":0,"released":0}]}
1791638048.902 {"t":"node","up_ms":211397,"node":29544,"epoch":172,"peers_alive":2,"peers_dead":0,"no_radio":0,"free_dram":205947,"largest_block":131072,"rx":{"total":5536,"bad_frame":0,"unknown_peer":9,"wrong_dst":0,"short_payload":0,"unknown_opcode":0,"queue_dropped":6},"tx":{"total":3645,"enqueue_err":0,"done_queue_dropped":0},"membership":{"deaths":2,"revivals":1,"reboots_seen":1,"table_full":0,"events_dropped":0}}
1791638048.902 {"t":"ns","node":29544,"hash":96177158,"owner":29544,"kind":"sampled","unit":0,"class":4,"bound_ms":5000,"quality":"GOOD","age_ms":346,"ts":211090,"updates":20,"value":-27}
1791638048.902 {"t":"ns","node":29544,"hash":1162973580,"owner":29544,"kind":"sampled","unit":101,"class":4,"bound_ms":30000,"quality":"GOOD","age_ms":360,"ts":211089,"updates":20,"value":205947}
1791638048.902 {"t":"ns","node":29544,"hash":4013525678,"owner":29544,"kind":"sampled","unit":101,"class":4,"bound_ms":30000,"quality":"GOOD","age_ms":372,"ts":211090,"updates":20,"value":131072}
1791638048.902 {"t":"ns","node":29544,"hash":1245650351,"owner":25344,"kind":"sampled","unit":0,"class":3,"bound_ms":500,"quality":"NO_DATA","age_ms":0,"ts":0,"updates":0,"value":null}
1791638048.902 {"t":"ns","node":29544,"hash":2033492666,"owner":29544,"kind":"sampled","unit":0,"class":3,"bound_ms":0,"quality":"NO_DATA","age_ms":0,"ts":0,"updates":0,"value":null}
1791638048.902 {"t":"ns","node":29544,"hash":1303338069,"owner":29544,"kind":"sampled","unit":100,"class":4,"bound_ms":0,"quality":"GOOD","age_ms":412,"ts":211090,"updates":20,"value":172}
1791638048.902 {"t":"ns","node":29544,"hash":288706273,"owner":29544,"kind":"sampled","unit":80,"class":4,"bound_ms":30000,"quality":"GOOD","age_ms":436,"ts":211090,"updates":20,"value":211}
1791638048.902 {"t":"ns","node":29544,"hash":2548334194,"owner":29544,"kind":"sampled","unit":100,"class":4,"bound_ms":5000,"quality":"GOOD","age_ms":449,"ts":211090,"updates":20,"value":2}
1791638051.453 W (215285) pot.m0: peer 0x6300 declared DEAD after 6 misses (630 ms silent)
1791638053.886 W (217725) pot.m0: peer 0x6300 rebooted, epoch now 245
1791638059.044 {"t":"clk","node":29544,"up_ms":221553}
1791638059.044 {"t":"hs","up_s":221,"running":1,"sta":1,"has_ip":1,"ch":1,"rssi":-46,"clients":0,"reconnects":0,"int_free":205947,"psram_free":8336684,"boot_pick":1}
1791638059.044 {"t":"led","node":29544,"shows":"green","app":0}
1791638059.044 {"t":"event","at_ms":211262,"node":29544,"kind":"peer_admitted","peer":33120,"slot":1,"a":0,"b":0}
1791638059.044 {"t":"event","at_ms":211972,"node":29544,"kind":"peer_admitted","peer":25344,"slot":0,"a":0,"b":0}
1791638059.044 {"t":"event","at_ms":213262,"node":29544,"kind":"peer_admitted","peer":33120,"slot":1,"a":0,"b":0}
1791638059.044 {"t":"event","at_ms":214098,"node":29544,"kind":"peer_dead","peer":25344,"slot":0,"a":6,"b":630}
1791638059.044 {"t":"event","at_ms":214100,"node":29544,"kind":"actor_owner","peer":0,"slot":255,"a":1245650351,"b":0}
1791638059.044 {"t":"event","at_ms":214100,"node":29544,"kind":"actor_started","peer":29544,"slot":255,"a":1245650351,"b":10}
1791638059.044 {"t":"event","at_ms":214100,"node":29544,"kind":"actor_owner","peer":29544,"slot":255,"a":1245650351,"b":10}
1791638059.044 {"t":"event","at_ms":215262,"node":29544,"kind":"peer_admitted","peer":33120,"slot":1,"a":0,"b":0}
1791638059.044 {"t":"event","at_ms":215828,"node":29544,"kind":"probe_timeout","peer":25344,"slot":0,"a":537,"b":0}
1791638059.044 {"t":"event","at_ms":216539,"node":29544,"kind":"peer_rebooted","peer":25344,"slot":0,"a":245,"b":0}
1791638059.044 {"t":"event","at_ms":216541,"node":29544,"kind":"peer_admitted","peer":25344,"slot":0,"a":0,"b":0}
1791638059.044 {"t":"event","at_ms":216542,"node":29544,"kind":"peer_admitted","peer":25344,"slot":0,"a":0,"b":0}
1791638059.044 {"t":"event","at_ms":216570,"node":29544,"kind":"peer_admitted","peer":33120,"slot":1,"a":0,"b":0}
1791638059.044 {"t":"event","at_ms":216638,"node":29544,"kind":"peer_admitted","peer":25344,"slot":0,"a":0,"b":0}
1791638059.044 {"t":"event","at_ms":216724,"node":29544,"kind":"peer_admitted","peer":25344,"slot":0,"a":0,"b":0}
1791638059.044 {"t":"event","at_ms":217263,"node":29544,"kind":"peer_admitted","peer":33120,"slot":1,"a":0,"b":0}
1791638059.044 {"t":"event","at_ms":218488,"node":29544,"kind":"peer_admitted","peer":25344,"slot":0,"a":0,"b":0}
1791638059.044 {"t":"event","at_ms":219262,"node":29544,"kind":"peer_admitted","peer":33120,"slot":1,"a":0,"b":0}
1791638059.044 {"t":"event","at_ms":220488,"node":29544,"kind":"peer_admitted","peer":25344,"slot":0,"a":0,"b":0}
1791638059.044 {"t":"event","at_ms":221262,"node":29544,"kind":"peer_admitted","peer":33120,"slot":1,"a":0,"b":0}
1791638059.044 {"t":"link","up_ms":221748,"node":29544,"peer":25344,"mac":"b8:1f:3f:da:63:00","state":"alive","epoch":245,"espnow_ver":2,"mtu":1446,"misses":0,"rssi":-27,"tx":{"frames":738,"cb_ok":725,"cb_fail":13,"enqueue_err":0,"pdr_ppm":982384},"rx":{"frames":2795,"lost_seqgap":6,"reorder_dup":0,"dropped_bad":0,"hb_lost":61,"bcast_frames":2103,"pdr_ppm":997857},"rtt":{"samples":107,"min_us":5612,"max_us":34074,"timeouts":3,"txq_last_us":6755,"txq_max_us":6755,"remote_turnaround_us":1011,"remote_turnaround_max_us":7841,"p50_us":[4000,6000],"p99_us":[11000,16000],"hist":[0,0,0,0,73,16,12,5,0,0,1,0,0,0,0,0]}}
1791638059.044 {"t":"link","up_ms":221799,"node":29544,"peer":33120,"mac":"b8:1f:3f:da:81:60","state":"alive","epoch":294,"espnow_ver":2,"mtu":1446,"misses":0,"rssi":-9,"tx":{"frames":772,"cb_ok":766,"cb_fail":6,"enqueue_err":0,"pdr_ppm":992227},"rx":{"frames":2984,"lost_seqgap":7,"reorder_dup":0,"dropped_bad":0,"hb_lost":36,"bcast_frames":2118,"pdr_ppm":997659},"rtt":{"samples":107,"min_us":5540,"max_us":53171,"timeouts":2,"txq_last_us":2604,"txq_max_us":2633,"remote_turnaround_us":954,"remote_turnaround_max_us":6147,"p50_us":[4000,6000],"p99_us":[30000,42000],"hist":[0,0,0,0,76,15,4,4,3,2,2,1,0,0,0,0]}}
1791638059.044 {"t":"auth","node":29544,"up_ms":221851,"enrolled":1,"required":1,"verified_peers":2,"verified":6,"cache_hits":217,"refused":0,"rate_limited":0,"stale_epoch":0,"verify_us_max":64574,"link_stack_free_b":1516,"crypto_stack_free_b":1276,"tags_ok":1337,"bad_tag":0,"replayed":0,"untagged":0,"bcast_dropped":0,"beacon_epoch_ignored":0,"tag_us_max":1317}
1791638059.044 {"t":"act","node":29544,"setpoint":0,"has_value":0,"writes_served":0}
1791638059.465 {"t":"peers","node":29544,"own_period_ms":100,"own_busy":1,"channel":1,"scanning":0,"scans":0,"hops":0,"found":0,"lost_to_found_ms":0,"moves_followed":0,"moves_refused":0,"sweeps":0,"sweep_found":0,"sweeping":0,"search_visits":0,"relay":1,"fwd_u":0,"fwd_b":4222,"fwd_h":223,"relay_dup":0,"list":[{"id":25344,"state":"alive","via_relay":0,"period_ms":100,"misses":6,"busy":0,"rtt_n":107},{"id":33120,"state":"alive","via_relay":0,"period_ms":100,"misses":6,"busy":0,"rtt_n":108}]}
1791638059.465 {"t":"ss","node":29544,"accepted":0,"unsigned":0,"unknown_sender":0,"bad_signature":0,"replayed":0,"rate_limited":0,"verify_us_max":0,"floors":[]}
1791638059.465 {"t":"rec","node":29544,"up_ms":221940,"settled":1,"sent":886,"received":714,"malformed":0,"views":8,"replies_fenced":0,"actors":[{"key":1245650351,"running":1,"term":10,"owner":29544,"owner_term":10,"assigned":25344,"starts":1,"fenced":0,"released":0}]}
1791638059.465 {"t":"node","up_ms":221965,"node":29544,"epoch":172,"peers_alive":2,"peers_dead":0,"no_radio":0,"free_dram":205947,"largest_block":131072,"rx":{"total":5793,"bad_frame":0,"unknown_peer":9,"wrong_dst":0,"short_payload":0,"unknown_opcode":0,"queue_dropped":6},"tx":{"total":3835,"enqueue_err":0,"done_queue_dropped":0},"membership":{"deaths":3,"revivals":1,"reboots_seen":2,"table_full":0,"events_dropped":0}}
1791638059.465 {"t":"ns","node":29544,"hash":96177158,"owner":29544,"kind":"sampled","unit":0,"class":4,"bound_ms":5000,"quality":"GOOD","age_ms":435,"ts":221568,"updates":21,"value":-27}
1791638059.465 {"t":"ns","node":29544,"hash":1162973580,"owner":29544,"kind":"sampled","unit":101,"class":4,"bound_ms":30000,"quality":"GOOD","age_ms":448,"ts":221568,"updates":21,"value":205947}
1791638059.465 {"t":"ns","node":29544,"hash":4013525678,"owner":29544,"kind":"sampled","unit":101,"class":4,"bound_ms":30000,"quality":"GOOD","age_ms":461,"ts":221568,"updates":21,"value":131072}
1791638059.465 {"t":"ns","node":29544,"hash":1245650351,"owner":29544,"kind":"sampled","unit":0,"class":3,"bound_ms":500,"quality":"GOOD","age_ms":100,"ts":221943,"updates":79,"value":1936195663}
1791638059.465 {"t":"ns","node":29544,"hash":2033492666,"owner":29544,"kind":"sampled","unit":0,"class":3,"bound_ms":0,"quality":"NO_DATA","age_ms":0,"ts":0,"updates":0,"value":null}
1791638059.465 {"t":"ns","node":29544,"hash":1303338069,"owner":29544,"kind":"sampled","unit":100,"class":4,"bound_ms":0,"quality":"GOOD","age_ms":512,"ts":221568,"updates":21,"value":172}
1791638059.465 {"t":"ns","node":29544,"hash":288706273,"owner":29544,"kind":"sampled","unit":80,"class":4,"bound_ms":30000,"quality":"GOOD","age_ms":525,"ts":221568,"updates":21,"value":221}
1791638059.465 {"t":"ns","node":29544,"hash":2548334194,"owner":29544,"kind":"sampled","unit":100,"class":4,"bound_ms":5000,"quality":"GOOD","age_ms":538,"ts":221568,"updates":21,"value":2}
1791638069.614 {"t":"clk","node":29544,"up_ms":232119}
1791638069.614 {"t":"hs","up_s":232,"running":1,"sta":1,"has_ip":1,"ch":1,"rssi":-46,"clients":0,"reconnects":0,"int_free":205947,"psram_free":8336684,"boot_pick":1}
1791638069.614 {"t":"led","node":29544,"shows":"green","app":0}
1791638069.614 {"t":"event","at_ms":222489,"node":29544,"kind":"peer_admitted","peer":25344,"slot":0,"a":0,"b":0}
1791638069.614 {"t":"event","at_ms":222490,"node":29544,"kind":"actor_stopped","peer":29544,"slot":255,"a":1245650351,"b":2}
1791638069.614 {"t":"event","at_ms":222490,"node":29544,"kind":"actor_owner","peer":0,"slot":255,"a":1245650351,"b":0}
1791638069.614 {"t":"event","at_ms":222500,"node":29544,"kind":"actor_owner","peer":25344,"slot":255,"a":1245650351,"b":11}
1791638069.614 {"t":"event","at_ms":223262,"node":29544,"kind":"peer_admitted","peer":33120,"slot":1,"a":0,"b":0}
1791638069.614 {"t":"event","at_ms":224488,"node":29544,"kind":"peer_admitted","peer":25344,"slot":0,"a":0,"b":0}
1791638069.614 {"t":"event","at_ms":225262,"node":29544,"kind":"peer_admitted","peer":33120,"slot":1,"a":0,"b":0}
1791638069.614 {"t":"event","at_ms":226488,"node":29544,"kind":"peer_admitted","peer":25344,"slot":0,"a":0,"b":0}
1791638069.614 {"t":"event","at_ms":227262,"node":29544,"kind":"peer_admitted","peer":33120,"slot":1,"a":0,"b":0}
1791638069.614 {"t":"event","at_ms":228488,"node":29544,"kind":"peer_admitted","peer":25344,"slot":0,"a":0,"b":0}
1791638069.614 {"t":"event","at_ms":229262,"node":29544,"kind":"peer_admitted","peer":33120,"slot":1,"a":0,"b":0}
1791638069.614 {"t":"event","at_ms":230488,"node":29544,"kind":"peer_admitted","peer":25344,"slot":0,"a":0,"b":0}
1791638069.614 {"t":"event","at_ms":231262,"node":29544,"kind":"peer_admitted","peer":33120,"slot":1,"a":0,"b":0}
1791638069.614 {"t":"link","up_ms":232250,"node":29544,"peer":25344,"mac":"b8:1f:3f:da:63:00","state":"alive","epoch":245,"espnow_ver":2,"mtu":1446,"misses":0,"rssi":-27,"tx":{"frames":773,"cb_ok":760,"cb_fail":13,"enqueue_err":0,"pdr_ppm":983182},"rx":{"frames":2937,"lost_seqgap":6,"reorder_dup":0,"dropped_bad":0,"hb_lost":62,"bcast_frames":2207,"pdr_ppm":997961},"rtt":{"samples":112,"min_us":5612,"max_us":34074,"timeouts":3,"txq_last_us":2528,"txq_max_us":6755,"remote_turnaround_us":1019,"remote_turnaround_max_us":7841,"p50_us":[4000,6000],"p99_us":[11000,16000],"hist":[0,0,0,0,78,16,12,5,0,0,1,0,0,0,0,0]}}
1791638069.614 {"t":"link","up_ms":232302,"node":29544,"peer":33120,"mac":"b8:1f:3f:da:81:60","state":"alive","epoch":294,"espnow_ver":2,"mtu":1446,"misses":0,"rssi":-9,"tx":{"frames":811,"cb_ok":805,"cb_fail":6,"enqueue_err":0,"pdr_ppm":992601},"rx":{"frames":3133,"lost_seqgap":7,"reorder_dup":0,"dropped_bad":0,"hb_lost":36,"bcast_frames":2223,"pdr_ppm":997770},"rtt":{"samples":113,"min_us":5540,"max_us":53171,"timeouts":2,"txq_last_us":2788,"txq_max_us":2788,"remote_turnaround_us":1028,"remote_turnaround_max_us":6147,"p50_us":[4000,6000],"p99_us":[30000,42000],"hist":[0,0,0,0,81,16,4,4,3,2,2,1,0,0,0,0]}}
1791638069.614 {"t":"auth","node":29544,"up_ms":232353,"enrolled":1,"required":1,"verified_peers":2,"verified":6,"cache_hits":227,"refused":0,"rate_limited":0,"stale_epoch":0,"verify_us_max":64574,"link_stack_free_b":1516,"crypto_stack_free_b":1276,"tags_ok":1408,"bad_tag":0,"replayed":0,"untagged":0,"bcast_dropped":0,"beacon_epoch_ignored":0,"tag_us_max":1317}
1791638069.614 {"t":"act","node":29544,"setpoint":0,"has_value":0,"writes_served":0}
1791638069.614 {"t":"peers","node":29544,"own_period_ms":100,"own_busy":1,"channel":1,"scanning":0,"scans":0,"hops":0,"found":0,"lost_to_found_ms":0,"moves_followed":0,"moves_refused":0,"sweeps":0,"sweep_found":0,"sweeping":0,"search_visits":0,"relay":1,"fwd_u":0,"fwd_b":4431,"fwd_h":233,"relay_dup":0,"list":[{"id":25344,"state":"alive","via_relay":0,"period_ms":100,"misses":6,"busy":0,"rtt_n":112},{"id":33120,"state":"alive","via_relay":0,"period_ms":100,"misses":6,"busy":0,"rtt_n":113}]}
1791638069.614 {"t":"ss","node":29544,"accepted":0,"unsigned":0,"unknown_sender":0,"bad_signature":0,"replayed":0,"rate_limited":0,"verify_us_max":0,"floors":[]}
1791638069.614 {"t":"rec","node":29544,"up_ms":232443,"settled":1,"sent":929,"received":755,"malformed":0,"views":8,"replies_fenced":0,"actors":[{"key":1245650351,"running":0,"term":0,"owner":25344,"owner_term":11,"assigned":25344,"starts":1,"fenced":0,"released":1}]}
1791638069.978 {"t":"node","up_ms":232468,"node":29544,"epoch":172,"peers_alive":2,"peers_dead":0,"no_radio":0,"free_dram":205947,"largest_block":131072,"rx":{"total":6082,"bad_frame":0,"unknown_peer":9,"wrong_dst":0,"short_payload":0,"unknown_opcode":0,"queue_dropped":6},"tx":{"total":4017,"enqueue_err":0,"done_queue_dropped":0},"membership":{"deaths":3,"revivals":1,"reboots_seen":2,"table_full":0,"events_dropped":0}}
1791638069.978 {"t":"ns","node":29544,"hash":96177158,"owner":29544,"kind":"sampled","unit":0,"class":4,"bound_ms":5000,"quality":"GOOD","age_ms":371,"ts":232135,"updates":22,"value":-28}
1791638069.978 {"t":"ns","node":29544,"hash":1162973580,"owner":29544,"kind":"sampled","unit":101,"class":4,"bound_ms":30000,"quality":"GOOD","age_ms":385,"ts":232134,"updates":22,"value":205947}
1791638069.978 {"t":"ns","node":29544,"hash":4013525678,"owner":29544,"kind":"sampled","unit":101,"class":4,"bound_ms":30000,"quality":"GOOD","age_ms":398,"ts":232134,"updates":22,"value":131072}
1791638069.978 {"t":"ns","node":29544,"hash":1245650351,"owner":25344,"kind":"sampled","unit":0,"class":3,"bound_ms":500,"quality":"NO_DATA","age_ms":0,"ts":0,"updates":0,"value":null}
1791638069.978 {"t":"ns","node":29544,"hash":2033492666,"owner":29544,"kind":"sampled","unit":0,"class":3,"bound_ms":0,"quality":"NO_DATA","age_ms":0,"ts":0,"updates":0,"value":null}
1791638069.978 {"t":"ns","node":29544,"hash":1303338069,"owner":29544,"kind":"sampled","unit":100,"class":4,"bound_ms":0,"quality":"GOOD","age_ms":449,"ts":232134,"updates":22,"value":172}
1791638069.978 {"t":"ns","node":29544,"hash":288706273,"owner":29544,"kind":"sampled","unit":80,"class":4,"bound_ms":30000,"quality":"GOOD","age_ms":462,"ts":232134,"updates":22,"value":232}
1791638069.978 {"t":"ns","node":29544,"hash":2548334194,"owner":29544,"kind":"sampled","unit":100,"class":4,"bound_ms":5000,"quality":"GOOD","age_ms":475,"ts":232134,"updates":22,"value":2}
1791638080.112 {"t":"clk","node":29544,"up_ms":242622}
1791638080.112 {"t":"hs","up_s":242,"running":1,"sta":1,"has_ip":1,"ch":1,"rssi":-46,"clients":0,"reconnects":0,"int_free":205947,"psram_free":8336684,"boot_pick":1}
1791638080.112 {"t":"led","node":29544,"shows":"green","app":0}
1791638080.112 {"t":"event","at_ms":232488,"node":29544,"kind":"peer_admitted","peer":25344,"slot":0,"a":0,"b":0}
1791638080.112 {"t":"event","at_ms":233262,"node":29544,"kind":"peer_admitted","peer":33120,"slot":1,"a":0,"b":0}
1791638080.112 {"t":"event","at_ms":234488,"node":29544,"kind":"peer_admitted","peer":25344,"slot":0,"a":0,"b":0}
1791638080.112 {"t":"event","at_ms":235262,"node":29544,"kind":"peer_admitted","peer":33120,"slot":1,"a":0,"b":0}
1791638080.112 {"t":"event","at_ms":236488,"node":29544,"kind":"peer_admitted","peer":25344,"slot":0,"a":0,"b":0}
1791638080.112 {"t":"event","at_ms":237264,"node":29544,"kind":"peer_admitted","peer":33120,"slot":1,"a":0,"b":0}
1791638080.112 {"t":"event","at_ms":238488,"node":29544,"kind":"peer_admitted","peer":25344,"slot":0,"a":0,"b":0}
1791638080.112 {"t":"event","at_ms":239262,"node":29544,"kind":"peer_admitted","peer":33120,"slot":1,"a":0,"b":0}
1791638080.112 {"t":"event","at_ms":240490,"node":29544,"kind":"peer_admitted","peer":25344,"slot":0,"a":0,"b":0}
1791638080.112 {"t":"event","at_ms":241262,"node":29544,"kind":"peer_admitted","peer":33120,"slot":1,"a":0,"b":0}
1791638080.112 {"t":"event","at_ms":242488,"node":29544,"kind":"peer_admitted","peer":25344,"slot":0,"a":0,"b":0}
1791638080.112 {"t":"link","up_ms":242738,"node":29544,"peer":25344,"mac":"b8:1f:3f:da:63:00","state":"alive","epoch":245,"espnow_ver":2,"mtu":1446,"misses":0,"rssi":-28,"tx":{"frames":809,"cb_ok":796,"cb_fail":13,"enqueue_err":0,"pdr_ppm":983930},"rx":{"frames":3083,"lost_seqgap":6,"reorder_dup":0,"dropped_bad":0,"hb_lost":62,"bcast_frames":2312,"pdr_ppm":998057},"rtt":{"samples":117,"min_us":5557,"max_us":34074,"timeouts":3,"txq_last_us":2422,"txq_max_us":6755,"remote_turnaround_us":1005,"remote_turnaround_max_us":7841,"p50_us":[4000,6000],"p99_us":[11000,16000],"hist":[0,0,0,0,83,16,12,5,0,0,1,0,0,0,0,0]}}
1791638080.112 {"t":"link","up_ms":242789,"node":29544,"peer":33120,"mac":"b8:1f:3f:da:81:60","state":"alive","epoch":294,"espnow_ver":2,"mtu":1446,"misses":0,"rssi":-9,"tx":{"frames":847,"cb_ok":840,"cb_fail":6,"enqueue_err":0,"pdr_ppm":992907},"rx":{"frames":3277,"lost_seqgap":7,"reorder_dup":0,"dropped_bad":0,"hb_lost":37,"bcast_frames":2326,"pdr_ppm":997868},"rtt":{"samples":118,"min_us":5540,"max_us":53171,"timeouts":2,"txq_last_us":2439,"txq_max_us":3541,"remote_turnaround_us":1085,"remote_turnaround_max_us":6147,"p50_us":[4000,6000],"p99_us":[30000,42000],"hist":[0,0,0,0,85,17,4,4,3,2,2,1,0,0,0,0]}}
1791638080.112 {"t":"auth","node":29544,"up_ms":242841,"enrolled":1,"required":1,"verified_peers":2,"verified":6,"cache_hits":238,"refused":0,"rate_limited":0,"stale_epoch":0,"verify_us_max":64574,"link_stack_free_b":1516,"crypto_stack_free_b":1276,"tags_ok":1480,"bad_tag":0,"replayed":0,"untagged":0,"bcast_dropped":0,"beacon_epoch_ignored":0,"tag_us_max":1317}
1791638080.112 {"t":"act","node":29544,"setpoint":0,"has_value":0,"writes_served":0}
1791638080.112 {"t":"peers","node":29544,"own_period_ms":100,"own_busy":1,"channel":1,"scanning":0,"scans":0,"hops":0,"found":0,"lost_to_found_ms":0,"moves_followed":0,"moves_refused":0,"sweeps":0,"sweep_found":0,"sweeping":0,"search_visits":0,"relay":1,"fwd_u":0,"fwd_b":4640,"fwd_h":244,"relay_dup":0,"list":[{"id":25344,"state":"alive","via_relay":0,"period_ms":100,"misses":6,"busy":0,"rtt_n":118},{"id":33120,"state":"alive","via_relay":0,"period_ms":100,"misses":6,"busy":0,"rtt_n":118}]}
1791638080.112 {"t":"ss","node":29544,"accepted":0,"unsigned":0,"unknown_sender":0,"bad_signature":0,"replayed":0,"rate_limited":0,"verify_us_max":0,"floors":[]}
1791638080.112 {"t":"rec","node":29544,"up_ms":242932,"settled":1,"sent":971,"received":797,"malformed":0,"views":8,"replies_fenced":0,"actors":[{"key":1245650351,"running":0,"term":0,"owner":25344,"owner_term":11,"assigned":25344,"starts":1,"fenced":0,"released":1}]}
1791638080.461 {"t":"node","up_ms":242946,"node":29544,"epoch":172,"peers_alive":2,"peers_dead":0,"no_radio":0,"free_dram":205947,"largest_block":131072,"rx":{"total":6374,"bad_frame":0,"unknown_peer":9,"wrong_dst":0,"short_payload":0,"unknown_opcode":0,"queue_dropped":6},"tx":{"total":4200,"enqueue_err":0,"done_queue_dropped":0},"membership":{"deaths":3,"revivals":1,"reboots_seen":2,"table_full":0,"events_dropped":0}}
1791638080.461 {"t":"ns","node":29544,"hash":96177158,"owner":29544,"kind":"sampled","unit":0,"class":4,"bound_ms":5000,"quality":"GOOD","age_ms":347,"ts":242637,"updates":23,"value":-28}
1791638080.461 {"t":"ns","node":29544,"hash":1162973580,"owner":29544,"kind":"sampled","unit":101,"class":4,"bound_ms":30000,"quality":"GOOD","age_ms":360,"ts":242637,"updates":23,"value":205947}
1791638080.461 {"t":"ns","node":29544,"hash":4013525678,"owner":29544,"kind":"sampled","unit":101,"class":4,"bound_ms":30000,"quality":"GOOD","age_ms":385,"ts":242637,"updates":23,"value":131072}
1791638080.461 {"t":"ns","node":29544,"hash":1245650351,"owner":25344,"kind":"sampled","unit":0,"class":3,"bound_ms":500,"quality":"NO_DATA","age_ms":0,"ts":0,"updates":0,"value":null}
1791638080.461 {"t":"ns","node":29544,"hash":2033492666,"owner":29544,"kind":"sampled","unit":0,"class":3,"bound_ms":0,"quality":"NO_DATA","age_ms":0,"ts":0,"updates":0,"value":null}
1791638080.461 {"t":"ns","node":29544,"hash":1303338069,"owner":29544,"kind":"sampled","unit":100,"class":4,"bound_ms":0,"quality":"GOOD","age_ms":425,"ts":242637,"updates":23,"value":172}
1791638080.461 {"t":"ns","node":29544,"hash":288706273,"owner":29544,"kind":"sampled","unit":80,"class":4,"bound_ms":30000,"quality":"GOOD","age_ms":438,"ts":242637,"updates":23,"value":242}
1791638080.461 {"t":"ns","node":29544,"hash":2548334194,"owner":29544,"kind":"sampled","unit":100,"class":4,"bound_ms":5000,"quality":"GOOD","age_ms":462,"ts":242637,"updates":23,"value":2}
1791638090.607 {"t":"clk","node":29544,"up_ms":253112}
1791638090.607 {"t":"hs","up_s":253,"running":1,"sta":1,"has_ip":1,"ch":1,"rssi":-46,"clients":0,"reconnects":0,"int_free":205947,"psram_free":8336684,"boot_pick":1}
1791638090.607 {"t":"led","node":29544,"shows":"green","app":0}
1791638090.607 {"t":"event","at_ms":243273,"node":29544,"kind":"peer_admitted","peer":33120,"slot":1,"a":0,"b":0}
1791638090.607 {"t":"event","at_ms":244488,"node":29544,"kind":"peer_admitted","peer":25344,"slot":0,"a":0,"b":0}
1791638090.607 {"t":"event","at_ms":245262,"node":29544,"kind":"peer_admitted","peer":33120,"slot":1,"a":0,"b":0}
1791638090.607 {"t":"event","at_ms":246488,"node":29544,"kind":"peer_admitted","peer":25344,"slot":0,"a":0,"b":0}
1791638090.607 {"t":"event","at_ms":247262,"node":29544,"kind":"peer_admitted","peer":33120,"slot":1,"a":0,"b":0}
1791638090.607 {"t":"event","at_ms":248488,"node":29544,"kind":"peer_admitted","peer":25344,"slot":0,"a":0,"b":0}
1791638090.607 {"t":"event","at_ms":249262,"node":29544,"kind":"peer_admitted","peer":33120,"slot":1,"a":0,"b":0}
1791638090.607 {"t":"event","at_ms":250488,"node":29544,"kind":"peer_admitted","peer":25344,"slot":0,"a":0,"b":0}
1791638090.607 {"t":"event","at_ms":251262,"node":29544,"kind":"peer_admitted","peer":33120,"slot":1,"a":0,"b":0}
1791638090.607 {"t":"event","at_ms":252488,"node":29544,"kind":"peer_admitted","peer":25344,"slot":0,"a":0,"b":0}
1791638090.607 {"t":"link","up_ms":253216,"node":29544,"peer":25344,"mac":"b8:1f:3f:da:63:00","state":"alive","epoch":245,"espnow_ver":2,"mtu":1446,"misses":0,"rssi":-27,"tx":{"frames":844,"cb_ok":831,"cb_fail":13,"enqueue_err":0,"pdr_ppm":984597},"rx":{"frames":3226,"lost_seqgap":6,"reorder_dup":0,"dropped_bad":0,"hb_lost":63,"bcast_frames":2415,"pdr_ppm":998143},"rtt":{"samples":123,"min_us":5557,"max_us":34074,"timeouts":3,"txq_last_us":2446,"txq_max_us":6755,"remote_turnaround_us":1010,"remote_turnaround_max_us":7841,"p50_us":[4000,6000],"p99_us":[11000,16000],"hist":[0,0,0,0,87,18,12,5,0,0,1,0,0,0,0,0]}}
1791638090.607 {"t":"link","up_ms":253267,"node":29544,"peer":33120,"mac":"b8:1f:3f:da:81:60","state":"alive","epoch":294,"espnow_ver":2,"mtu":1446,"misses":0,"rssi":-9,"tx":{"frames":883,"cb_ok":876,"cb_fail":6,"enqueue_err":0,"pdr_ppm":993197},"rx":{"frames":3424,"lost_seqgap":7,"reorder_dup":0,"dropped_bad":0,"hb_lost":37,"bcast_frames":2431,"pdr_ppm":997959},"rtt":{"samples":123,"min_us":5540,"max_us":53171,"timeouts":2,"txq_last_us":2440,"txq_max_us":3541,"remote_turnaround_us":1072,"remote_turnaround_max_us":6147,"p50_us":[4000,6000],"p99_us":[30000,42000],"hist":[0,0,0,0,90,17,4,4,3,2,2,1,0,0,0,0]}}
1791638090.607 {"t":"auth","node":29544,"up_ms":253318,"enrolled":1,"required":1,"verified_peers":2,"verified":6,"cache_hits":249,"refused":0,"rate_limited":0,"stale_epoch":0,"verify_us_max":64574,"link_stack_free_b":1516,"crypto_stack_free_b":1276,"tags_ok":1549,"bad_tag":0,"replayed":0,"untagged":0,"bcast_dropped":0,"beacon_epoch_ignored":0,"tag_us_max":1317}
1791638090.607 {"t":"act","node":29544,"setpoint":0,"has_value":0,"writes_served":0}
1791638090.607 {"t":"peers","node":29544,"own_period_ms":100,"own_busy":1,"channel":1,"scanning":0,"scans":0,"hops":0,"found":0,"lost_to_found_ms":0,"moves_followed":0,"moves_refused":0,"sweeps":0,"sweep_found":0,"sweeping":0,"search_visits":0,"relay":1,"fwd_u":0,"fwd_b":4849,"fwd_h":255,"relay_dup":0,"list":[{"id":25344,"state":"alive","via_relay":0,"period_ms":100,"misses":6,"busy":0,"rtt_n":123},{"id":33120,"state":"alive","via_relay":0,"period_ms":100,"misses":6,"busy":0,"rtt_n":123}]}
1791638090.607 {"t":"ss","node":29544,"accepted":0,"unsigned":0,"unknown_sender":0,"bad_signature":0,"replayed":0,"rate_limited":0,"verify_us_max":0,"floors":[]}
1791638090.607 {"t":"rec","node":29544,"up_ms":253409,"settled":1,"sent":1013,"received":839,"malformed":0,"views":8,"replies_fenced":0,"actors":[{"key":1245650351,"running":0,"term":0,"owner":25344,"owner_term":11,"assigned":25344,"starts":1,"fenced":0,"released":1}]}
1791638090.945 {"t":"node","up_ms":253435,"node":29544,"epoch":172,"peers_alive":2,"peers_dead":0,"no_radio":0,"free_dram":205947,"largest_block":131072,"rx":{"total":6664,"bad_frame":0,"unknown_peer":9,"wrong_dst":0,"short_payload":0,"unknown_opcode":0,"queue_dropped":6},"tx":{"total":4381,"enqueue_err":0,"done_queue_dropped":0},"membership":{"deaths":3,"revivals":1,"reboots_seen":2,"table_full":0,"events_dropped":0}}
1791638090.945 {"t":"ns","node":29544,"hash":96177158,"owner":29544,"kind":"sampled","unit":0,"class":4,"bound_ms":5000,"quality":"GOOD","age_ms":345,"ts":253127,"updates":24,"value":-27}
1791638090.945 {"t":"ns","node":29544,"hash":1162973580,"owner":29544,"kind":"sampled","unit":101,"class":4,"bound_ms":30000,"quality":"GOOD","age_ms":359,"ts":253127,"updates":24,"value":205947}
1791638090.945 {"t":"ns","node":29544,"hash":4013525678,"owner":29544,"kind":"sampled","unit":101,"class":4,"bound_ms":30000,"quality":"GOOD","age_ms":372,"ts":253127,"updates":24,"value":131072}
1791638090.945 {"t":"ns","node":29544,"hash":1245650351,"owner":25344,"kind":"sampled","unit":0,"class":3,"bound_ms":500,"quality":"NO_DATA","age_ms":0,"ts":0,"updates":0,"value":null}
1791638090.945 {"t":"ns","node":29544,"hash":2033492666,"owner":29544,"kind":"sampled","unit":0,"class":3,"bound_ms":0,"quality":"NO_DATA","age_ms":0,"ts":0,"updates":0,"value":null}
1791638090.945 {"t":"ns","node":29544,"hash":1303338069,"owner":29544,"kind":"sampled","unit":100,"class":4,"bound_ms":0,"quality":"GOOD","age_ms":423,"ts":253127,"updates":24,"value":172}
1791638090.945 {"t":"ns","node":29544,"hash":288706273,"owner":29544,"kind":"sampled","unit":80,"class":4,"bound_ms":30000,"quality":"GOOD","age_ms":436,"ts":253127,"updates":24,"value":253}
1791638090.945 {"t":"ns","node":29544,"hash":2548334194,"owner":29544,"kind":"sampled","unit":100,"class":4,"bound_ms":5000,"quality":"GOOD","age_ms":449,"ts":253127,"updates":24,"value":2}
1791638101.078 {"t":"clk","node":29544,"up_ms":263589}
1791638101.078 {"t":"hs","up_s":263,"running":1,"sta":1,"has_ip":1,"ch":1,"rssi":-46,"clients":0,"reconnects":0,"int_free":205947,"psram_free":8336684,"boot_pick":1}
1791638101.078 {"t":"led","node":29544,"shows":"green","app":0}
1791638101.078 {"t":"event","at_ms":253262,"node":29544,"kind":"peer_admitted","peer":33120,"slot":1,"a":0,"b":0}
1791638101.078 {"t":"event","at_ms":254488,"node":29544,"kind":"peer_admitted","peer":25344,"slot":0,"a":0,"b":0}
1791638101.078 {"t":"event","at_ms":255262,"node":29544,"kind":"peer_admitted","peer":33120,"slot":1,"a":0,"b":0}
1791638101.078 {"t":"event","at_ms":256488,"node":29544,"kind":"peer_admitted","peer":25344,"slot":0,"a":0,"b":0}
1791638101.078 {"t":"event","at_ms":257262,"node":29544,"kind":"peer_admitted","peer":33120,"slot":1,"a":0,"b":0}
1791638101.078 {"t":"event","at_ms":258488,"node":29544,"kind":"peer_admitted","peer":25344,"slot":0,"a":0,"b":0}
1791638101.078 {"t":"event","at_ms":259262,"node":29544,"kind":"peer_admitted","peer":33120,"slot":1,"a":0,"b":0}
1791638101.078 {"t":"event","at_ms":260488,"node":29544,"kind":"peer_admitted","peer":25344,"slot":0,"a":0,"b":0}
1791638101.078 {"t":"event","at_ms":261262,"node":29544,"kind":"peer_admitted","peer":33120,"slot":1,"a":0,"b":0}
1791638101.078 {"t":"event","at_ms":262488,"node":29544,"kind":"peer_admitted","peer":25344,"slot":0,"a":0,"b":0}
1791638101.078 {"t":"event","at_ms":263262,"node":29544,"kind":"peer_admitted","peer":33120,"slot":1,"a":0,"b":0}
1791638101.078 {"t":"link","up_ms":263705,"node":29544,"peer":25344,"mac":"b8:1f:3f:da:63:00","state":"alive","epoch":245,"espnow_ver":2,"mtu":1446,"misses":0,"rssi":-27,"tx":{"frames":879,"cb_ok":866,"cb_fail":13,"enqueue_err":0,"pdr_ppm":985210},"rx":{"frames":3371,"lost_seqgap":6,"reorder_dup":0,"dropped_bad":0,"hb_lost":63,"bcast_frames":2520,"pdr_ppm":998223},"rtt":{"samples":128,"min_us":5540,"max_us":34074,"timeouts":3,"txq_last_us":2458,"txq_max_us":6755,"remote_turnaround_us":1002,"remote_turnaround_max_us":7841,"p50_us":[4000,6000],"p99_us":[11000,16000],"hist":[0,0,0,0,92,18,12,5,0,0,1,0,0,0,0,0]}}
1791638101.078 {"t":"link","up_ms":263756,"node":29544,"peer":33120,"mac":"b8:1f:3f:da:81:60","state":"alive","epoch":294,"espnow_ver":2,"mtu":1446,"misses":0,"rssi":-9,"tx":{"frames":919,"cb_ok":913,"cb_fail":6,"enqueue_err":0,"pdr_ppm":993471},"rx":{"frames":3569,"lost_seqgap":7,"reorder_dup":0,"dropped_bad":0,"hb_lost":38,"bcast_frames":2535,"pdr_ppm":998042},"rtt":{"samples":128,"min_us":5540,"max_us":53171,"timeouts":2,"txq_last_us":3334,"txq_max_us":3541,"remote_turnaround_us":1027,"remote_turnaround_max_us":6147,"p50_us":[4000,6000],"p99_us":[30000,42000],"hist":[0,0,0,0,94,17,5,4,3,2,2,1,0,0,0,0]}}
1791638101.078 {"t":"auth","node":29544,"up_ms":263808,"enrolled":1,"required":1,"verified_peers":2,"verified":6,"cache_hits":259,"refused":0,"rate_limited":0,"stale_epoch":0,"verify_us_max":64574,"link_stack_free_b":1516,"crypto_stack_free_b":1276,"tags_ok":1620,"bad_tag":0,"replayed":0,"untagged":0,"bcast_dropped":0,"beacon_epoch_ignored":0,"tag_us_max":1317}
1791638101.079 {"t":"act","node":29544,"setpoint":0,"has_value":0,"writes_served":0}
1791638101.079 {"t":"peers","node":29544,"own_period_ms":100,"own_busy":1,"channel":1,"scanning":0,"scans":0,"hops":0,"found":0,"lost_to_found_ms":0,"moves_followed":0,"moves_refused":0,"sweeps":0,"sweep_found":0,"sweeping":0,"search_visits":0,"relay":1,"fwd_u":0,"fwd_b":5058,"fwd_h":265,"relay_dup":0,"list":[{"id":25344,"state":"alive","via_relay":0,"period_ms":100,"misses":6,"busy":0,"rtt_n":128},{"id":33120,"state":"alive","via_relay":0,"period_ms":100,"misses":6,"busy":0,"rtt_n":129}]}
1791638101.079 {"t":"ss","node":29544,"accepted":0,"unsigned":0,"unknown_sender":0,"bad_signature":0,"replayed":0,"rate_limited":0,"verify_us_max":0,"floors":[]}
1791638101.079 {"t":"rec","node":29544,"up_ms":263897,"settled":1,"sent":1055,"received":881,"malformed":0,"views":8,"replies_fenced":0,"actors":[{"key":1245650351,"running":0,"term":0,"owner":25344,"owner_term":11,"assigned":25344,"starts":1,"fenced":0,"released":1}]}
1791638101.426 {"t":"node","up_ms":263923,"node":29544,"epoch":172,"peers_alive":2,"peers_dead":0,"no_radio":0,"free_dram":205947,"largest_block":131072,"rx":{"total":6955,"bad_frame":0,"unknown_peer":9,"wrong_dst":0,"short_payload":0,"unknown_opcode":0,"queue_dropped":6},"tx":{"total":4563,"enqueue_err":0,"done_queue_dropped":0},"membership":{"deaths":3,"revivals":1,"reboots_seen":2,"table_full":0,"events_dropped":0}}
1791638101.426 {"t":"ns","node":29544,"hash":96177158,"owner":29544,"kind":"sampled","unit":0,"class":4,"bound_ms":5000,"quality":"GOOD","age_ms":346,"ts":263604,"updates":25,"value":-27}
1791638101.426 {"t":"ns","node":29544,"hash":1162973580,"owner":29544,"kind":"sampled","unit":101,"class":4,"bound_ms":30000,"quality":"GOOD","age_ms":370,"ts":263604,"updates":25,"value":205947}
1791638101.426 {"t":"ns","node":29544,"hash":4013525678,"owner":29544,"kind":"sampled","unit":101,"class":4,"bound_ms":30000,"quality":"GOOD","age_ms":383,"ts":263604,"updates":25,"value":131072}
1791638101.426 {"t":"ns","node":29544,"hash":1245650351,"owner":25344,"kind":"sampled","unit":0,"class":3,"bound_ms":500,"quality":"NO_DATA","age_ms":0,"ts":0,"updates":0,"value":null}
1791638101.426 {"t":"ns","node":29544,"hash":2033492666,"owner":29544,"kind":"sampled","unit":0,"class":3,"bound_ms":0,"quality":"NO_DATA","age_ms":0,"ts":0,"updates":0,"value":null}
1791638101.426 {"t":"ns","node":29544,"hash":1303338069,"owner":29544,"kind":"sampled","unit":100,"class":4,"bound_ms":0,"quality":"GOOD","age_ms":422,"ts":263604,"updates":25,"value":172}
1791638101.426 {"t":"ns","node":29544,"hash":288706273,"owner":29544,"kind":"sampled","unit":80,"class":4,"bound_ms":30000,"quality":"GOOD","age_ms":436,"ts":263604,"updates":25,"value":263}
1791638101.426 {"t":"ns","node":29544,"hash":2548334194,"owner":29544,"kind":"sampled","unit":100,"class":4,"bound_ms":5000,"quality":"GOOD","age_ms":460,"ts":263604,"updates":25,"value":2}
1791638111.566 {"t":"clk","node":29544,"up_ms":274077}
1791638111.566 {"t":"hs","up_s":274,"running":1,"sta":1,"has_ip":1,"ch":1,"rssi":-46,"clients":0,"reconnects":0,"int_free":205947,"psram_free":8336684,"boot_pick":1}
1791638111.566 {"t":"led","node":29544,"shows":"green","app":0}
1791638111.566 {"t":"event","at_ms":264488,"node":29544,"kind":"peer_admitted","peer":25344,"slot":0,"a":0,"b":0}
1791638111.566 {"t":"event","at_ms":265262,"node":29544,"kind":"peer_admitted","peer":33120,"slot":1,"a":0,"b":0}
1791638111.566 {"t":"event","at_ms":266488,"node":29544,"kind":"peer_admitted","peer":25344,"slot":0,"a":0,"b":0}
1791638111.566 {"t":"event","at_ms":267262,"node":29544,"kind":"peer_admitted","peer":33120,"slot":1,"a":0,"b":0}
1791638111.566 {"t":"event","at_ms":268488,"node":29544,"kind":"peer_admitted","peer":25344,"slot":0,"a":0,"b":0}
1791638111.566 {"t":"event","at_ms":269262,"node":29544,"kind":"peer_admitted","peer":33120,"slot":1,"a":0,"b":0}
1791638111.566 {"t":"event","at_ms":270490,"node":29544,"kind":"peer_admitted","peer":25344,"slot":0,"a":0,"b":0}
1791638111.566 {"t":"event","at_ms":271262,"node":29544,"kind":"peer_admitted","peer":33120,"slot":1,"a":0,"b":0}
1791638111.566 {"t":"event","at_ms":272491,"node":29544,"kind":"peer_admitted","peer":25344,"slot":0,"a":0,"b":0}
1791638111.566 {"t":"event","at_ms":273262,"node":29544,"kind":"peer_admitted","peer":33120,"slot":1,"a":0,"b":0}
1791638111.566 {"t":"link","up_ms":274181,"node":29544,"peer":25344,"mac":"b8:1f:3f:da:63:00","state":"alive","epoch":245,"espnow_ver":2,"mtu":1446,"misses":0,"rssi":-27,"tx":{"frames":913,"cb_ok":900,"cb_fail":13,"enqueue_err":0,"pdr_ppm":985761},"rx":{"frames":3516,"lost_seqgap":6,"reorder_dup":0,"dropped_bad":0,"hb_lost":63,"bcast_frames":2625,"pdr_ppm":998296},"rtt":{"samples":133,"min_us":5531,"max_us":34074,"timeouts":3,"txq_last_us":2428,"txq_max_us":6755,"remote_turnaround_us":1009,"remote_turnaround_max_us":7841,"p50_us":[4000,6000],"p99_us":[11000,16000],"hist":[0,0,0,0,97,18,12,5,0,0,1,0,0,0,0,0]}}
1791638111.566 {"t":"link","up_ms":274233,"node":29544,"peer":33120,"mac":"b8:1f:3f:da:81:60","state":"alive","epoch":294,"espnow_ver":2,"mtu":1446,"misses":0,"rssi":-9,"tx":{"frames":956,"cb_ok":950,"cb_fail":6,"enqueue_err":0,"pdr_ppm":993723},"rx":{"frames":3717,"lost_seqgap":7,"reorder_dup":0,"dropped_bad":0,"hb_lost":38,"bcast_frames":2640,"pdr_ppm":998120},"rtt":{"samples":134,"min_us":5540,"max_us":53171,"timeouts":2,"txq_last_us":2417,"txq_max_us":3598,"remote_turnaround_us":1031,"remote_turnaround_max_us":6147,"p50_us":[4000,6000],"p99_us":[30000,42000],"hist":[0,0,0,0,98,19,5,4,3,2,2,1,0,0,0,0]}}
1791638111.566 {"t":"auth","node":29544,"up_ms":274285,"enrolled":1,"required":1,"verified_peers":2,"verified":6,"cache_hits":269,"refused":0,"rate_limited":0,"stale_epoch":0,"verify_us_max":64574,"link_stack_free_b":1516,"crypto_stack_free_b":1276,"tags_ok":1694,"bad_tag":0,"replayed":0,"untagged":0,"bcast_dropped":0,"beacon_epoch_ignored":0,"tag_us_max":1317}
1791638111.566 {"t":"act","node":29544,"setpoint":0,"has_value":0,"writes_served":0}
1791638111.566 {"t":"peers","node":29544,"own_period_ms":100,"own_busy":1,"channel":1,"scanning":0,"scans":0,"hops":0,"found":0,"lost_to_found_ms":0,"moves_followed":0,"moves_refused":0,"sweeps":0,"sweep_found":0,"sweeping":0,"search_visits":0,"relay":1,"fwd_u":0,"fwd_b":5268,"fwd_h":275,"relay_dup":0,"list":[{"id":25344,"state":"alive","via_relay":0,"period_ms":100,"misses":6,"busy":0,"rtt_n":133},{"id":33120,"state":"alive","via_relay":0,"period_ms":100,"misses":6,"busy":0,"rtt_n":134}]}
1791638111.566 {"t":"ss","node":29544,"accepted":0,"unsigned":0,"unknown_sender":0,"bad_signature":0,"replayed":0,"rate_limited":0,"verify_us_max":0,"floors":[]}
1791638111.566 {"t":"rec","node":29544,"up_ms":274374,"settled":1,"sent":1097,"received":922,"malformed":0,"views":8,"replies_fenced":0,"actors":[{"key":1245650351,"running":0,"term":0,"owner":25344,"owner_term":11,"assigned":25344,"starts":1,"fenced":0,"released":1}]}
1791638111.905 {"t":"node","up_ms":274399,"node":29544,"epoch":172,"peers_alive":2,"peers_dead":0,"no_radio":0,"free_dram":205743,"largest_block":131072,"rx":{"total":7246,"bad_frame":0,"unknown_peer":9,"wrong_dst":0,"short_payload":0,"unknown_opcode":0,"queue_dropped":6},"tx":{"total":4745,"enqueue_err":0,"done_queue_dropped":0},"membership":{"deaths":3,"revivals":1,"reboots_seen":2,"table_full":0,"events_dropped":0}}
1791638111.905 {"t":"ns","node":29544,"hash":96177158,"owner":29544,"kind":"sampled","unit":0,"class":4,"bound_ms":5000,"quality":"GOOD","age_ms":345,"ts":274092,"updates":26,"value":-27}
1791638111.905 {"t":"ns","node":29544,"hash":1162973580,"owner":29544,"kind":"sampled","unit":101,"class":4,"bound_ms":30000,"quality":"GOOD","age_ms":359,"ts":274092,"updates":26,"value":205947}
1791638111.905 {"t":"ns","node":29544,"hash":4013525678,"owner":29544,"kind":"sampled","unit":101,"class":4,"bound_ms":30000,"quality":"GOOD","age_ms":372,"ts":274092,"updates":26,"value":131072}
1791638111.905 {"t":"ns","node":29544,"hash":1245650351,"owner":25344,"kind":"sampled","unit":0,"class":3,"bound_ms":500,"quality":"NO_DATA","age_ms":0,"ts":0,"updates":0,"value":null}
1791638111.905 {"t":"ns","node":29544,"hash":2033492666,"owner":29544,"kind":"sampled","unit":0,"class":3,"bound_ms":0,"quality":"NO_DATA","age_ms":0,"ts":0,"updates":0,"value":null}
1791638111.905 {"t":"ns","node":29544,"hash":1303338069,"owner":29544,"kind":"sampled","unit":100,"class":4,"bound_ms":0,"quality":"GOOD","age_ms":422,"ts":274092,"updates":26,"value":172}
1791638111.905 {"t":"ns","node":29544,"hash":288706273,"owner":29544,"kind":"sampled","unit":80,"class":4,"bound_ms":30000,"quality":"GOOD","age_ms":436,"ts":274092,"updates":26,"value":274}
1791638111.905 {"t":"ns","node":29544,"hash":2548334194,"owner":29544,"kind":"sampled","unit":100,"class":4,"bound_ms":5000,"quality":"GOOD","age_ms":449,"ts":274092,"updates":26,"value":2}
1791638122.049 {"t":"clk","node":29544,"up_ms":284554}
1791638122.049 {"t":"hs","up_s":284,"running":1,"sta":1,"has_ip":1,"ch":1,"rssi":-46,"clients":0,"reconnects":0,"int_free":205947,"psram_free":8336684,"boot_pick":1}
1791638122.049 {"t":"led","node":29544,"shows":"green","app":0}
1791638122.049 {"t":"event","at_ms":274488,"node":29544,"kind":"peer_admitted","peer":25344,"slot":0,"a":0,"b":0}
1791638122.049 {"t":"event","at_ms":275262,"node":29544,"kind":"peer_admitted","peer":33120,"slot":1,"a":0,"b":0}
1791638122.049 {"t":"event","at_ms":276488,"node":29544,"kind":"peer_admitted","peer":25344,"slot":0,"a":0,"b":0}
1791638122.049 {"t":"event","at_ms":277262,"node":29544,"kind":"peer_admitted","peer":33120,"slot":1,"a":0,"b":0}
1791638122.049 {"t":"event","at_ms":278488,"node":29544,"kind":"peer_admitted","peer":25344,"slot":0,"a":0,"b":0}
1791638122.049 {"t":"event","at_ms":279262,"node":29544,"kind":"peer_admitted","peer":33120,"slot":1,"a":0,"b":0}
1791638122.049 {"t":"event","at_ms":280488,"node":29544,"kind":"peer_admitted","peer":25344,"slot":0,"a":0,"b":0}
1791638122.049 {"t":"event","at_ms":281262,"node":29544,"kind":"peer_admitted","peer":33120,"slot":1,"a":0,"b":0}
1791638122.049 {"t":"event","at_ms":282488,"node":29544,"kind":"peer_admitted","peer":25344,"slot":0,"a":0,"b":0}
1791638122.049 {"t":"event","at_ms":283262,"node":29544,"kind":"peer_admitted","peer":33120,"slot":1,"a":0,"b":0}
1791638122.049 {"t":"event","at_ms":284488,"node":29544,"kind":"peer_admitted","peer":25344,"slot":0,"a":0,"b":0}
1791638122.049 {"t":"link","up_ms":284671,"node":29544,"peer":25344,"mac":"b8:1f:3f:da:63:00","state":"alive","epoch":245,"espnow_ver":2,"mtu":1446,"misses":0,"rssi":-27,"tx":{"frames":949,"cb_ok":936,"cb_fail":13,"enqueue_err":0,"pdr_ppm":986301},"rx":{"frames":3662,"lost_seqgap":6,"reorder_dup":0,"dropped_bad":0,"hb_lost":63,"bcast_frames":2730,"pdr_ppm":998364},"rtt":{"samples":138,"min_us":5531,"max_us":34074,"timeouts":3,"txq_last_us":3094,"txq_max_us":6755,"remote_turnaround_us":1014,"remote_turnaround_max_us":7841,"p50_us":[4000,6000],"p99_us":[11000,16000],"hist":[0,0,0,0,99,19,14,5,0,0,1,0,0,0,0,0]}}
1791638122.049 {"t":"link","up_ms":284722,"node":29544,"peer":33120,"mac":"b8:1f:3f:da:81:60","state":"alive","epoch":294,"espnow_ver":2,"mtu":1446,"misses":0,"rssi":-9,"tx":{"frames":993,"cb_ok":987,"cb_fail":6,"enqueue_err":0,"pdr_ppm":993957},"rx":{"frames":3864,"lost_seqgap":7,"reorder_dup":0,"dropped_bad":0,"hb_lost":38,"bcast_frames":2745,"pdr_ppm":998191},"rtt":{"samples":139,"min_us":5540,"max_us":53171,"timeouts":2,"txq_last_us":2477,"txq_max_us":3598,"remote_turnaround_us":1027,"remote_turnaround_max_us":6147,"p50_us":[4000,6000],"p99_us":[30000,42000],"hist":[0,0,0,0,103,19,5,4,3,2,2,1,0,0,0,0]}}
1791638122.049 {"t":"auth","node":29544,"up_ms":284774,"enrolled":1,"required":1,"verified_peers":2,"verified":6,"cache_hits":280,"refused":0,"rate_limited":0,"stale_epoch":0,"verify_us_max":64574,"link_stack_free_b":1516,"crypto_stack_free_b":1276,"tags_ok":1765,"bad_tag":0,"replayed":0,"untagged":0,"bcast_dropped":0,"beacon_epoch_ignored":0,"tag_us_max":1317}
1791638122.049 {"t":"act","node":29544,"setpoint":0,"has_value":0,"writes_served":0}
1791638122.049 {"t":"peers","node":29544,"own_period_ms":100,"own_busy":1,"channel":1,"scanning":0,"scans":0,"hops":0,"found":0,"lost_to_found_ms":0,"moves_followed":0,"moves_refused":0,"sweeps":0,"sweep_found":0,"sweeping":0,"search_visits":0,"relay":1,"fwd_u":0,"fwd_b":5477,"fwd_h":286,"relay_dup":0,"list":[{"id":25344,"state":"alive","via_relay":0,"period_ms":100,"misses":6,"busy":0,"rtt_n":138},{"id":33120,"state":"alive","via_relay":0,"period_ms":100,"misses":6,"busy":0,"rtt_n":139}]}
1791638122.049 {"t":"ss","node":29544,"accepted":0,"unsigned":0,"unknown_sender":0,"bad_signature":0,"replayed":0,"rate_limited":0,"verify_us_max":0,"floors":[]}
1791638122.049 {"t":"rec","node":29544,"up_ms":284863,"settled":1,"sent":1139,"received":964,"malformed":0,"views":8,"replies_fenced":0,"actors":[{"key":1245650351,"running":0,"term":0,"owner":25344,"owner_term":11,"assigned":25344,"starts":1,"fenced":0,"released":1}]}
1791638122.382 {"t":"node","up_ms":284888,"node":29544,"epoch":172,"peers_alive":2,"peers_dead":0,"no_radio":0,"free_dram":205947,"largest_block":131072,"rx":{"total":7538,"bad_frame":0,"unknown_peer":9,"wrong_dst":0,"short_payload":0,"unknown_opcode":0,"queue_dropped":6},"tx":{"total":4927,"enqueue_err":0,"done_queue_dropped":0},"membership":{"deaths":3,"revivals":1,"reboots_seen":2,"table_full":0,"events_dropped":0}}
1791638122.382 {"t":"ns","node":29544,"hash":96177158,"owner":29544,"kind":"sampled","unit":0,"class":4,"bound_ms":5000,"quality":"GOOD","age_ms":346,"ts":284569,"updates":27,"value":-27}
1791638122.382 {"t":"ns","node":29544,"hash":1162973580,"owner":29544,"kind":"sampled","unit":101,"class":4,"bound_ms":30000,"quality":"GOOD","age_ms":370,"ts":284569,"updates":27,"value":205947}
1791638122.382 {"t":"ns","node":29544,"hash":4013525678,"owner":29544,"kind":"sampled","unit":101,"class":4,"bound_ms":30000,"quality":"GOOD","age_ms":383,"ts":284569,"updates":27,"value":131072}
1791638122.382 {"t":"ns","node":29544,"hash":1245650351,"owner":25344,"kind":"sampled","unit":0,"class":3,"bound_ms":500,"quality":"NO_DATA","age_ms":0,"ts":0,"updates":0,"value":null}
1791638122.382 {"t":"ns","node":29544,"hash":2033492666,"owner":29544,"kind":"sampled","unit":0,"class":3,"bound_ms":0,"quality":"NO_DATA","age_ms":0,"ts":0,"updates":0,"value":null}
1791638122.382 {"t":"ns","node":29544,"hash":1303338069,"owner":29544,"kind":"sampled","unit":100,"class":4,"bound_ms":0,"quality":"GOOD","age_ms":423,"ts":284569,"updates":27,"value":172}
1791638122.382 {"t":"ns","node":29544,"hash":288706273,"owner":29544,"kind":"sampled","unit":80,"class":4,"bound_ms":30000,"quality":"GOOD","age_ms":447,"ts":284569,"updates":27,"value":284}
1791638122.382 {"t":"ns","node":29544,"hash":2548334194,"owner":29544,"kind":"sampled","unit":100,"class":4,"bound_ms":5000,"quality":"GOOD","age_ms":460,"ts":284569,"updates":27,"value":2}
1791638132.531 {"t":"clk","node":29544,"up_ms":295042}
1791638132.531 {"t":"hs","up_s":295,"running":1,"sta":1,"has_ip":1,"ch":1,"rssi":-46,"clients":0,"reconnects":0,"int_free":205727,"psram_free":8336684,"boot_pick":1}
1791638132.531 {"t":"led","node":29544,"shows":"green","app":0}
1791638132.531 {"t":"event","at_ms":285262,"node":29544,"kind":"peer_admitted","peer":33120,"slot":1,"a":0,"b":0}
1791638132.531 {"t":"event","at_ms":286488,"node":29544,"kind":"peer_admitted","peer":25344,"slot":0,"a":0,"b":0}
1791638132.531 {"t":"event","at_ms":287262,"node":29544,"kind":"peer_admitted","peer":33120,"slot":1,"a":0,"b":0}
1791638132.531 {"t":"event","at_ms":288488,"node":29544,"kind":"peer_admitted","peer":25344,"slot":0,"a":0,"b":0}
1791638132.531 {"t":"event","at_ms":289262,"node":29544,"kind":"peer_admitted","peer":33120,"slot":1,"a":0,"b":0}
1791638132.531 {"t":"event","at_ms":290495,"node":29544,"kind":"peer_admitted","peer":25344,"slot":0,"a":0,"b":0}
1791638132.531 {"t":"event","at_ms":291262,"node":29544,"kind":"peer_admitted","peer":33120,"slot":1,"a":0,"b":0}
1791638132.531 {"t":"event","at_ms":292488,"node":29544,"kind":"peer_admitted","peer":25344,"slot":0,"a":0,"b":0}
1791638132.531 {"t":"event","at_ms":293262,"node":29544,"kind":"peer_admitted","peer":33120,"slot":1,"a":0,"b":0}
1791638132.531 {"t":"event","at_ms":294488,"node":29544,"kind":"peer_admitted","peer":25344,"slot":0,"a":0,"b":0}
1791638132.531 {"t":"link","up_ms":295148,"node":29544,"peer":25344,"mac":"b8:1f:3f:da:63:00","state":"alive","epoch":245,"espnow_ver":2,"mtu":1446,"misses":0,"rssi":-27,"tx":{"frames":984,"cb_ok":971,"cb_fail":13,"enqueue_err":0,"pdr_ppm":986788},"rx":{"frames":3806,"lost_seqgap":6,"reorder_dup":0,"dropped_bad":0,"hb_lost":64,"bcast_frames":2834,"pdr_ppm":998426},"rtt":{"samples":144,"min_us":5531,"max_us":34074,"timeouts":3,"txq_last_us":2548,"txq_max_us":6755,"remote_turnaround_us":1001,"remote_turnaround_max_us":7841,"p50_us":[4000,6000],"p99_us":[11000,16000],"hist":[0,0,0,0,105,19,14,5,0,0,1,0,0,0,0,0]}}
1791638132.531 {"t":"link","up_ms":295199,"node":29544,"peer":33120,"mac":"b8:1f:3f:da:81:60","state":"alive","epoch":294,"espnow_ver":2,"mtu":1446,"misses":0,"rssi":-9,"tx":{"frames":1029,"cb_ok":1023,"cb_fail":6,"enqueue_err":0,"pdr_ppm":994169},"rx":{"frames":4010,"lost_seqgap":7,"reorder_dup":0,"dropped_bad":0,"hb_lost":38,"bcast_frames":2850,"pdr_ppm":998257},"rtt":{"samples":144,"min_us":5540,"max_us":53171,"timeouts":2,"txq_last_us":2732,"txq_max_us":3598,"remote_turnaround_us":963,"remote_turnaround_max_us":6147,"p50_us":[4000,6000],"p99_us":[30000,42000],"hist":[0,0,0,0,107,20,5,4,3,2,2,1,0,0,0,0]}}
1791638132.531 {"t":"auth","node":29544,"up_ms":295250,"enrolled":1,"required":1,"verified_peers":2,"verified":6,"cache_hits":290,"refused":0,"rate_limited":0,"stale_epoch":0,"verify_us_max":64574,"link_stack_free_b":1516,"crypto_stack_free_b":1276,"tags_ok":1836,"bad_tag":0,"replayed":0,"untagged":0,"bcast_dropped":0,"beacon_epoch_ignored":0,"tag_us_max":1317}
1791638132.531 {"t":"act","node":29544,"setpoint":0,"has_value":0,"writes_served":0}
1791638132.531 {"t":"peers","node":29544,"own_period_ms":100,"own_busy":1,"channel":1,"scanning":0,"scans":0,"hops":0,"found":0,"lost_to_found_ms":0,"moves_followed":0,"moves_refused":0,"sweeps":0,"sweep_found":0,"sweeping":0,"search_visits":0,"relay":1,"fwd_u":0,"fwd_b":5685,"fwd_h":297,"relay_dup":0,"list":[{"id":25344,"state":"alive","via_relay":0,"period_ms":100,"misses":6,"busy":0,"rtt_n":144},{"id":33120,"state":"alive","via_relay":0,"period_ms":100,"misses":6,"busy":0,"rtt_n":144}]}
1791638132.531 {"t":"ss","node":29544,"accepted":0,"unsigned":0,"unknown_sender":0,"bad_signature":0,"replayed":0,"rate_limited":0,"verify_us_max":0,"floors":[]}
1791638132.531 {"t":"rec","node":29544,"up_ms":295340,"settled":1,"sent":1181,"received":1005,"malformed":0,"views":8,"replies_fenced":0,"actors":[{"key":1245650351,"running":0,"term":0,"owner":25344,"owner_term":11,"assigned":25344,"starts":1,"fenced":0,"released":1}]}
1791638132.869 {"t":"node","up_ms":295365,"node":29544,"epoch":172,"peers_alive":2,"peers_dead":0,"no_radio":0,"free_dram":205947,"largest_block":131072,"rx":{"total":7828,"bad_frame":0,"unknown_peer":9,"wrong_dst":0,"short_payload":0,"unknown_opcode":0,"queue_dropped":6},"tx":{"total":5108,"enqueue_err":0,"done_queue_dropped":0},"membership":{"deaths":3,"revivals":1,"reboots_seen":2,"table_full":0,"events_dropped":0}}
1791638132.869 {"t":"ns","node":29544,"hash":96177158,"owner":29544,"kind":"sampled","unit":0,"class":4,"bound_ms":5000,"quality":"GOOD","age_ms":346,"ts":295057,"updates":28,"value":-28}
1791638132.869 {"t":"ns","node":29544,"hash":1162973580,"owner":29544,"kind":"sampled","unit":101,"class":4,"bound_ms":30000,"quality":"GOOD","age_ms":359,"ts":295057,"updates":28,"value":205947}
1791638132.869 {"t":"ns","node":29544,"hash":4013525678,"owner":29544,"kind":"sampled","unit":101,"class":4,"bound_ms":30000,"quality":"GOOD","age_ms":373,"ts":295057,"updates":28,"value":131072}
1791638132.869 {"t":"ns","node":29544,"hash":1245650351,"owner":25344,"kind":"sampled","unit":0,"class":3,"bound_ms":500,"quality":"NO_DATA","age_ms":0,"ts":0,"updates":0,"value":null}
1791638132.869 {"t":"ns","node":29544,"hash":2033492666,"owner":29544,"kind":"sampled","unit":0,"class":3,"bound_ms":0,"quality":"NO_DATA","age_ms":0,"ts":0,"updates":0,"value":null}
1791638132.869 {"t":"ns","node":29544,"hash":1303338069,"owner":29544,"kind":"sampled","unit":100,"class":4,"bound_ms":0,"quality":"GOOD","age_ms":423,"ts":295057,"updates":28,"value":172}
1791638132.869 {"t":"ns","node":29544,"hash":288706273,"owner":29544,"kind":"sampled","unit":80,"class":4,"bound_ms":30000,"quality":"GOOD","age_ms":436,"ts":295057,"updates":28,"value":295}
1791638132.869 {"t":"ns","node":29544,"hash":2548334194,"owner":29544,"kind":"sampled","unit":100,"class":4,"bound_ms":5000,"quality":"GOOD","age_ms":449,"ts":295057,"updates":28,"value":2}
1791638143.007 {"t":"clk","node":29544,"up_ms":305519}
1791638143.007 {"t":"hs","up_s":305,"running":1,"sta":1,"has_ip":1,"ch":1,"rssi":-46,"clients":0,"reconnects":0,"int_free":205947,"psram_free":8336684,"boot_pick":1}
1791638143.007 {"t":"led","node":29544,"shows":"green","app":0}
1791638143.007 {"t":"event","at_ms":295262,"node":29544,"kind":"peer_admitted","peer":33120,"slot":1,"a":0,"b":0}
1791638143.007 {"t":"event","at_ms":296488,"node":29544,"kind":"peer_admitted","peer":25344,"slot":0,"a":0,"b":0}
1791638143.007 {"t":"event","at_ms":297262,"node":29544,"kind":"peer_admitted","peer":33120,"slot":1,"a":0,"b":0}
1791638143.007 {"t":"event","at_ms":298488,"node":29544,"kind":"peer_admitted","peer":25344,"slot":0,"a":0,"b":0}
1791638143.007 {"t":"event","at_ms":299262,"node":29544,"kind":"peer_admitted","peer":33120,"slot":1,"a":0,"b":0}
1791638143.007 {"t":"event","at_ms":300488,"node":29544,"kind":"peer_admitted","peer":25344,"slot":0,"a":0,"b":0}
1791638143.007 {"t":"event","at_ms":301262,"node":29544,"kind":"peer_admitted","peer":33120,"slot":1,"a":0,"b":0}
1791638143.007 {"t":"event","at_ms":302488,"node":29544,"kind":"peer_admitted","peer":25344,"slot":0,"a":0,"b":0}
1791638143.007 {"t":"event","at_ms":303263,"node":29544,"kind":"peer_admitted","peer":33120,"slot":1,"a":0,"b":0}
1791638143.007 {"t":"event","at_ms":304488,"node":29544,"kind":"peer_admitted","peer":25344,"slot":0,"a":0,"b":0}
1791638143.007 {"t":"event","at_ms":305262,"node":29544,"kind":"peer_admitted","peer":33120,"slot":1,"a":0,"b":0}
1791638143.007 {"t":"link","up_ms":305626,"node":29544,"peer":25344,"mac":"b8:1f:3f:da:63:00","state":"alive","epoch":245,"espnow_ver":2,"mtu":1446,"misses":0,"rssi":-27,"tx":{"frames":1019,"cb_ok":1006,"cb_fail":13,"enqueue_err":0,"pdr_ppm":987242},"rx":{"frames":3951,"lost_seqgap":6,"reorder_dup":0,"dropped_bad":0,"hb_lost":64,"bcast_frames":2939,"pdr_ppm":998483},"rtt":{"samples":149,"min_us":5531,"max_us":34074,"timeouts":3,"txq_last_us":2596,"txq_max_us":6755,"remote_turnaround_us":1016,"remote_turnaround_max_us":7841,"p50_us":[4000,6000],"p99_us":[11000,16000],"hist":[0,0,0,0,110,19,14,5,0,0,1,0,0,0,0,0]}}
1791638143.007 {"t":"link","up_ms":305688,"node":29544,"peer":33120,"mac":"b8:1f:3f:da:81:60","state":"alive","epoch":294,"espnow_ver":2,"mtu":1446,"misses":0,"rssi":-9,"tx":{"frames":1066,"cb_ok":1060,"cb_fail":6,"enqueue_err":0,"pdr_ppm":994371},"rx":{"frames":4156,"lost_seqgap":7,"reorder_dup":0,"dropped_bad":0,"hb_lost":38,"bcast_frames":2954,"pdr_ppm":998318},"rtt":{"samples":149,"min_us":5540,"max_us":53171,"timeouts":2,"txq_last_us":2539,"txq_max_us":3880,"remote_turnaround_us":965,"remote_turnaround_max_us":6147,"p50_us":[4000,6000],"p99_us":[30000,42000],"hist":[0,0,0,0,110,22,5,4,3,2,2,1,0,0,0,0]}}
1791638143.007 {"t":"auth","node":29544,"up_ms":305739,"enrolled":1,"required":1,"verified_peers":2,"verified":6,"cache_hits":301,"refused":0,"rate_limited":0,"stale_epoch":0,"verify_us_max":64574,"link_stack_free_b":1516,"crypto_stack_free_b":1276,"tags_ok":1907,"bad_tag":0,"replayed":0,"untagged":0,"bcast_dropped":0,"beacon_epoch_ignored":0,"tag_us_max":1317}
1791638143.007 {"t":"act","node":29544,"setpoint":0,"has_value":0,"writes_served":0}
1791638143.007 {"t":"peers","node":29544,"own_period_ms":100,"own_busy":1,"channel":1,"scanning":0,"scans":0,"hops":0,"found":0,"lost_to_found_ms":0,"moves_followed":0,"moves_refused":0,"sweeps":0,"sweep_found":0,"sweeping":0,"search_visits":0,"relay":1,"fwd_u":0,"fwd_b":5895,"fwd_h":307,"relay_dup":0,"list":[{"id":25344,"state":"alive","via_relay":0,"period_ms":100,"misses":6,"busy":0,"rtt_n":149},{"id":33120,"state":"alive","via_relay":0,"period_ms":100,"misses":6,"busy":0,"rtt_n":149}]}
1791638143.007 {"t":"ss","node":29544,"accepted":0,"unsigned":0,"unknown_sender":0,"bad_signature":0,"replayed":0,"rate_limited":0,"verify_us_max":0,"floors":[]}
1791638143.007 {"t":"rec","node":29544,"up_ms":305828,"settled":1,"sent":1223,"received":1047,"malformed":0,"views":8,"replies_fenced":0,"actors":[{"key":1245650351,"running":0,"term":0,"owner":25344,"owner_term":11,"assigned":25344,"starts":1,"fenced":0,"released":1}]}
1791638143.345 {"t":"node","up_ms":305853,"node":29544,"epoch":172,"peers_alive":2,"peers_dead":0,"no_radio":0,"free_dram":205947,"largest_block":131072,"rx":{"total":8119,"bad_frame":0,"unknown_peer":9,"wrong_dst":0,"short_payload":0,"unknown_opcode":0,"queue_dropped":6},"tx":{"total":5290,"enqueue_err":0,"done_queue_dropped":0},"membership":{"deaths":3,"revivals":1,"reboots_seen":2,"table_full":0,"events_dropped":0}}
1791638143.345 {"t":"ns","node":29544,"hash":96177158,"owner":29544,"kind":"sampled","unit":0,"class":4,"bound_ms":5000,"quality":"GOOD","age_ms":345,"ts":305535,"updates":29,"value":-27}
1791638143.345 {"t":"ns","node":29544,"hash":1162973580,"owner":29544,"kind":"sampled","unit":101,"class":4,"bound_ms":30000,"quality":"GOOD","age_ms":370,"ts":305535,"updates":29,"value":205727}
1791638143.345 {"t":"ns","node":29544,"hash":4013525678,"owner":29544,"kind":"sampled","unit":101,"class":4,"bound_ms":30000,"quality":"GOOD","age_ms":383,"ts":305535,"updates":29,"value":131072}
1791638143.346 {"t":"ns","node":29544,"hash":1245650351,"owner":25344,"kind":"sampled","unit":0,"class":3,"bound_ms":500,"quality":"NO_DATA","age_ms":0,"ts":0,"updates":0,"value":null}
1791638143.346 {"t":"ns","node":29544,"hash":2033492666,"owner":29544,"kind":"sampled","unit":0,"class":3,"bound_ms":0,"quality":"NO_DATA","age_ms":0,"ts":0,"updates":0,"value":null}
1791638143.346 {"t":"ns","node":29544,"hash":1303338069,"owner":29544,"kind":"sampled","unit":100,"class":4,"bound_ms":0,"quality":"GOOD","age_ms":423,"ts":305535,"updates":29,"value":172}
1791638143.346 {"t":"ns","node":29544,"hash":288706273,"owner":29544,"kind":"sampled","unit":80,"class":4,"bound_ms":30000,"quality":"GOOD","age_ms":436,"ts":305535,"updates":29,"value":305}
1791638143.346 {"t":"ns","node":29544,"hash":2548334194,"owner":29544,"kind":"sampled","unit":100,"class":4,"bound_ms":5000,"quality":"GOOD","age_ms":460,"ts":305535,"updates":29,"value":2}
1791638153.498 {"t":"clk","node":29544,"up_ms":316008}
1791638153.498 {"t":"hs","up_s":316,"running":1,"sta":1,"has_ip":1,"ch":1,"rssi":-46,"clients":0,"reconnects":0,"int_free":205947,"psram_free":8336684,"boot_pick":1}
1791638153.498 {"t":"led","node":29544,"shows":"green","app":0}
1791638153.498 {"t":"event","at_ms":306489,"node":29544,"kind":"peer_admitted","peer":25344,"slot":0,"a":0,"b":0}
1791638153.498 {"t":"event","at_ms":307262,"node":29544,"kind":"peer_admitted","peer":33120,"slot":1,"a":0,"b":0}
1791638153.498 {"t":"event","at_ms":308488,"node":29544,"kind":"peer_admitted","peer":25344,"slot":0,"a":0,"b":0}
1791638153.498 {"t":"event","at_ms":309262,"node":29544,"kind":"peer_admitted","peer":33120,"slot":1,"a":0,"b":0}
1791638153.498 {"t":"event","at_ms":310488,"node":29544,"kind":"peer_admitted","peer":25344,"slot":0,"a":0,"b":0}
1791638153.498 {"t":"event","at_ms":311262,"node":29544,"kind":"peer_admitted","peer":33120,"slot":1,"a":0,"b":0}
1791638153.498 {"t":"event","at_ms":312488,"node":29544,"kind":"peer_admitted","peer":25344,"slot":0,"a":0,"b":0}
1791638153.498 {"t":"event","at_ms":313262,"node":29544,"kind":"peer_admitted","peer":33120,"slot":1,"a":0,"b":0}
1791638153.498 {"t":"event","at_ms":314488,"node":29544,"kind":"peer_admitted","peer":25344,"slot":0,"a":0,"b":0}
1791638153.498 {"t":"event","at_ms":315262,"node":29544,"kind":"peer_admitted","peer":33120,"slot":1,"a":0,"b":0}
1791638153.498 {"t":"link","up_ms":316112,"node":29544,"peer":25344,"mac":"b8:1f:3f:da:63:00","state":"alive","epoch":245,"espnow_ver":2,"mtu":1446,"misses":0,"rssi":-28,"tx":{"frames":1053,"cb_ok":1040,"cb_fail":13,"enqueue_err":0,"pdr_ppm":987654},"rx":{"frames":4095,"lost_seqgap":6,"reorder_dup":0,"dropped_bad":0,"hb_lost":64,"bcast_frames":3043,"pdr_ppm":998536},"rtt":{"samples":154,"min_us":5531,"max_us":34074,"timeouts":3,"txq_last_us":2725,"txq_max_us":6755,"remote_turnaround_us":1015,"remote_turnaround_max_us":7841,"p50_us":[4000,6000],"p99_us":[11000,16000],"hist":[0,0,0,0,114,20,14,5,0,0,1,0,0,0,0,0]}}
1791638153.498 {"t":"link","up_ms":316163,"node":29544,"peer":33120,"mac":"b8:1f:3f:da:81:60","state":"alive","epoch":294,"espnow_ver":2,"mtu":1446,"misses":0,"rssi":-9,"tx":{"frames":1103,"cb_ok":1097,"cb_fail":6,"enqueue_err":0,"pdr_ppm":994560},"rx":{"frames":4304,"lost_seqgap":7,"reorder_dup":0,"dropped_bad":0,"hb_lost":38,"bcast_frames":3059,"pdr_ppm":998376},"rtt":{"samples":155,"min_us":5540,"max_us":53171,"timeouts":2,"txq_last_us":2615,"txq_max_us":3880,"remote_turnaround_us":975,"remote_turnaround_max_us":6147,"p50_us":[4000,6000],"p99_us":[30000,42000],"hist":[0,0,0,0,116,22,5,4,3,2,2,1,0,0,0,0]}}
1791638153.498 {"t":"auth","node":29544,"up_ms":316214,"enrolled":1,"required":1,"verified_peers":2,"verified":6,"cache_hits":311,"refused":0,"rate_limited":0,"stale_epoch":0,"verify_us_max":64574,"link_stack_free_b":1516,"crypto_stack_free_b":1276,"tags_ok":1980,"bad_tag":0,"replayed":0,"untagged":0,"bcast_dropped":0,"beacon_epoch_ignored":0,"tag_us_max":1317}
1791638153.498 {"t":"act","node":29544,"setpoint":0,"has_value":0,"writes_served":0}
1791638153.498 {"t":"peers","node":29544,"own_period_ms":100,"own_busy":1,"channel":1,"scanning":0,"scans":0,"hops":0,"found":0,"lost_to_found_ms":0,"moves_followed":0,"moves_refused":0,"sweeps":0,"sweep_found":0,"sweeping":0,"search_visits":0,"relay":1,"fwd_u":0,"fwd_b":6105,"fwd_h":317,"relay_dup":0,"list":[{"id":25344,"state":"alive","via_relay":0,"period_ms":100,"misses":6,"busy":0,"rtt_n":154},{"id":33120,"state":"alive","via_relay":0,"period_ms":100,"misses":6,"busy":0,"rtt_n":155}]}
1791638153.498 {"t":"ss","node":29544,"accepted":0,"unsigned":0,"unknown_sender":0,"bad_signature":0,"replayed":0,"rate_limited":0,"verify_us_max":0,"floors":[]}
1791638153.498 {"t":"rec","node":29544,"up_ms":316304,"settled":1,"sent":1265,"received":1089,"malformed":0,"views":8,"replies_fenced":0,"actors":[{"key":1245650351,"running":0,"term":0,"owner":25344,"owner_term":11,"assigned":25344,"starts":1,"fenced":0,"released":1}]}
1791638153.840 {"t":"node","up_ms":316329,"node":29544,"epoch":172,"peers_alive":2,"peers_dead":0,"no_radio":0,"free_dram":205947,"largest_block":131072,"rx":{"total":8412,"bad_frame":0,"unknown_peer":9,"wrong_dst":0,"short_payload":0,"unknown_opcode":0,"queue_dropped":6},"tx":{"total":5472,"enqueue_err":0,"done_queue_dropped":0},"membership":{"deaths":3,"revivals":1,"reboots_seen":2,"table_full":0,"events_dropped":0}}
1791638153.841 {"t":"ns","node":29544,"hash":96177158,"owner":29544,"kind":"sampled","unit":0,"class":4,"bound_ms":5000,"quality":"GOOD","age_ms":344,"ts":316023,"updates":30,"value":-28}
1791638153.841 {"t":"ns","node":29544,"hash":1162973580,"owner":29544,"kind":"sampled","unit":101,"class":4,"bound_ms":30000,"quality":"GOOD","age_ms":357,"ts":316023,"updates":30,"value":205947}
1791638153.841 {"t":"ns","node":29544,"hash":4013525678,"owner":29544,"kind":"sampled","unit":101,"class":4,"bound_ms":30000,"quality":"GOOD","age_ms":370,"ts":316023,"updates":30,"value":131072}
1791638153.841 {"t":"ns","node":29544,"hash":1245650351,"owner":25344,"kind":"sampled","unit":0,"class":3,"bound_ms":500,"quality":"NO_DATA","age_ms":0,"ts":0,"updates":0,"value":null}
1791638153.841 {"t":"ns","node":29544,"hash":2033492666,"owner":29544,"kind":"sampled","unit":0,"class":3,"bound_ms":0,"quality":"NO_DATA","age_ms":0,"ts":0,"updates":0,"value":null}
1791638153.841 {"t":"ns","node":29544,"hash":1303338069,"owner":29544,"kind":"sampled","unit":100,"class":4,"bound_ms":0,"quality":"GOOD","age_ms":421,"ts":316023,"updates":30,"value":172}
1791638153.841 {"t":"ns","node":29544,"hash":288706273,"owner":29544,"kind":"sampled","unit":80,"class":4,"bound_ms":30000,"quality":"GOOD","age_ms":434,"ts":316023,"updates":30,"value":316}
1791638153.841 {"t":"ns","node":29544,"hash":2548334194,"owner":29544,"kind":"sampled","unit":100,"class":4,"bound_ms":5000,"quality":"GOOD","age_ms":448,"ts":316023,"updates":30,"value":2}
1791638163.974 {"t":"clk","node":29544,"up_ms":326483}
1791638163.974 {"t":"hs","up_s":326,"running":1,"sta":1,"has_ip":1,"ch":1,"rssi":-46,"clients":0,"reconnects":0,"int_free":205947,"psram_free":8336684,"boot_pick":1}
1791638163.974 {"t":"led","node":29544,"shows":"green","app":0}
1791638163.974 {"t":"event","at_ms":316488,"node":29544,"kind":"peer_admitted","peer":25344,"slot":0,"a":0,"b":0}
1791638163.974 {"t":"event","at_ms":317262,"node":29544,"kind":"peer_admitted","peer":33120,"slot":1,"a":0,"b":0}
1791638163.974 {"t":"event","at_ms":318488,"node":29544,"kind":"peer_admitted","peer":25344,"slot":0,"a":0,"b":0}
1791638163.974 {"t":"event","at_ms":319262,"node":29544,"kind":"peer_admitted","peer":33120,"slot":1,"a":0,"b":0}
1791638163.974 {"t":"event","at_ms":320488,"node":29544,"kind":"peer_admitted","peer":25344,"slot":0,"a":0,"b":0}
1791638163.974 {"t":"event","at_ms":321262,"node":29544,"kind":"peer_admitted","peer":33120,"slot":1,"a":0,"b":0}
1791638163.974 {"t":"event","at_ms":322488,"node":29544,"kind":"peer_admitted","peer":25344,"slot":0,"a":0,"b":0}
1791638163.974 {"t":"event","at_ms":323262,"node":29544,"kind":"peer_admitted","peer":33120,"slot":1,"a":0,"b":0}
1791638163.974 {"t":"event","at_ms":324488,"node":29544,"kind":"peer_admitted","peer":25344,"slot":0,"a":0,"b":0}
1791638163.974 {"t":"event","at_ms":325262,"node":29544,"kind":"peer_admitted","peer":33120,"slot":1,"a":0,"b":0}
1791638163.974 {"t":"event","at_ms":326488,"node":29544,"kind":"peer_admitted","peer":25344,"slot":0,"a":0,"b":0}
1791638163.974 {"t":"link","up_ms":326600,"node":29544,"peer":25344,"mac":"b8:1f:3f:da:63:00","state":"alive","epoch":245,"espnow_ver":2,"mtu":1446,"misses":0,"rssi":-27,"tx":{"frames":1089,"cb_ok":1076,"cb_fail":13,"enqueue_err":0,"pdr_ppm":988062},"rx":{"frames":4240,"lost_seqgap":6,"reorder_dup":0,"dropped_bad":0,"hb_lost":65,"bcast_frames":3147,"pdr_ppm":998586},"rtt":{"samples":159,"min_us":5531,"max_us":34074,"timeouts":3,"txq_last_us":2595,"txq_max_us":6755,"remote_turnaround_us":1000,"remote_turnaround_max_us":7841,"p50_us":[4000,6000],"p99_us":[11000,16000],"hist":[0,0,0,0,119,20,14,5,0,0,1,0,0,0,0,0]}}
1791638163.974 {"t":"link","up_ms":326651,"node":29544,"peer":33120,"mac":"b8:1f:3f:da:81:60","state":"alive","epoch":294,"espnow_ver":2,"mtu":1446,"misses":0,"rssi":-9,"tx":{"frames":1140,"cb_ok":1134,"cb_fail":6,"enqueue_err":0,"pdr_ppm":994736},"rx":{"frames":4450,"lost_seqgap":7,"reorder_dup":0,"dropped_bad":0,"hb_lost":39,"bcast_frames":3163,"pdr_ppm":998429},"rtt":{"samples":160,"min_us":5540,"max_us":53171,"timeouts":2,"txq_last_us":3148,"txq_max_us":3880,"remote_turnaround_us":960,"remote_turnaround_max_us":6147,"p50_us":[4000,6000],"p99_us":[30000,42000],"hist":[0,0,0,0,120,23,5,4,3,2,2,1,0,0,0,0]}}
1791638163.974 {"t":"auth","node":29544,"up_ms":326703,"enrolled":1,"required":1,"verified_peers":2,"verified":6,"cache_hits":322,"refused":0,"rate_limited":0,"stale_epoch":0,"verify_us_max":64574,"link_stack_free_b":1516,"crypto_stack_free_b":1276,"tags_ok":2052,"bad_tag":0,"replayed":0,"untagged":0,"bcast_dropped":0,"beacon_epoch_ignored":0,"tag_us_max":1317}
1791638163.974 {"t":"act","node":29544,"setpoint":0,"has_value":0,"writes_served":0}
1791638163.974 {"t":"peers","node":29544,"own_period_ms":100,"own_busy":1,"channel":1,"scanning":0,"scans":0,"hops":0,"found":0,"lost_to_found_ms":0,"moves_followed":0,"moves_refused":0,"sweeps":0,"sweep_found":0,"sweeping":0,"search_visits":0,"relay":1,"fwd_u":0,"fwd_b":6313,"fwd_h":328,"relay_dup":0,"list":[{"id":25344,"state":"alive","via_relay":0,"period_ms":100,"misses":6,"busy":0,"rtt_n":159},{"id":33120,"state":"alive","via_relay":0,"period_ms":100,"misses":6,"busy":0,"rtt_n":160}]}
1791638163.974 {"t":"ss","node":29544,"accepted":0,"unsigned":0,"unknown_sender":0,"bad_signature":0,"replayed":0,"rate_limited":0,"verify_us_max":0,"floors":[]}
1791638163.974 {"t":"rec","node":29544,"up_ms":326792,"settled":1,"sent":1307,"received":1131,"malformed":0,"views":8,"replies_fenced":0,"actors":[{"key":1245650351,"running":0,"term":0,"owner":25344,"owner_term":11,"assigned":25344,"starts":1,"fenced":0,"released":1}]}
1791638164.309 {"t":"node","up_ms":326817,"node":29544,"epoch":172,"peers_alive":2,"peers_dead":0,"no_radio":0,"free_dram":205947,"largest_block":131072,"rx":{"total":8701,"bad_frame":0,"unknown_peer":9,"wrong_dst":0,"short_payload":0,"unknown_opcode":0,"queue_dropped":6},"tx":{"total":5654,"enqueue_err":0,"done_queue_dropped":0},"membership":{"deaths":3,"revivals":1,"reboots_seen":2,"table_full":0,"events_dropped":0}}
1791638164.309 {"t":"ns","node":29544,"hash":96177158,"owner":29544,"kind":"sampled","unit":0,"class":4,"bound_ms":5000,"quality":"GOOD","age_ms":346,"ts":326498,"updates":31,"value":-27}
1791638164.309 {"t":"ns","node":29544,"hash":1162973580,"owner":29544,"kind":"sampled","unit":101,"class":4,"bound_ms":30000,"quality":"GOOD","age_ms":371,"ts":326498,"updates":31,"value":205947}
1791638164.309 {"t":"ns","node":29544,"hash":4013525678,"owner":29544,"kind":"sampled","unit":101,"class":4,"bound_ms":30000,"quality":"GOOD","age_ms":384,"ts":326498,"updates":31,"value":131072}
1791638164.309 {"t":"ns","node":29544,"hash":1245650351,"owner":25344,"kind":"sampled","unit":0,"class":3,"bound_ms":500,"quality":"NO_DATA","age_ms":0,"ts":0,"updates":0,"value":null}
1791638164.309 {"t":"ns","node":29544,"hash":2033492666,"owner":29544,"kind":"sampled","unit":0,"class":3,"bound_ms":0,"quality":"NO_DATA","age_ms":0,"ts":0,"updates":0,"value":null}
1791638164.309 {"t":"ns","node":29544,"hash":1303338069,"owner":29544,"kind":"sampled","unit":100,"class":4,"bound_ms":0,"quality":"GOOD","age_ms":424,"ts":326498,"updates":31,"value":172}
1791638164.309 {"t":"ns","node":29544,"hash":288706273,"owner":29544,"kind":"sampled","unit":80,"class":4,"bound_ms":30000,"quality":"GOOD","age_ms":438,"ts":326498,"updates":31,"value":326}
1791638164.309 {"t":"ns","node":29544,"hash":2548334194,"owner":29544,"kind":"sampled","unit":100,"class":4,"bound_ms":5000,"quality":"GOOD","age_ms":462,"ts":326498,"updates":31,"value":2}
1791638174.460 {"t":"clk","node":29544,"up_ms":336973}
1791638174.460 {"t":"hs","up_s":336,"running":1,"sta":1,"has_ip":1,"ch":1,"rssi":-45,"clients":0,"reconnects":0,"int_free":205947,"psram_free":8336684,"boot_pick":1}
1791638174.460 {"t":"led","node":29544,"shows":"green","app":0}
1791638174.460 {"t":"event","at_ms":327268,"node":29544,"kind":"peer_admitted","peer":33120,"slot":1,"a":0,"b":0}
1791638174.460 {"t":"event","at_ms":328488,"node":29544,"kind":"peer_admitted","peer":25344,"slot":0,"a":0,"b":0}
1791638174.460 {"t":"event","at_ms":329262,"node":29544,"kind":"peer_admitted","peer":33120,"slot":1,"a":0,"b":0}
1791638174.460 {"t":"event","at_ms":330488,"node":29544,"kind":"peer_admitted","peer":25344,"slot":0,"a":0,"b":0}
1791638174.460 {"t":"event","at_ms":331263,"node":29544,"kind":"peer_admitted","peer":33120,"slot":1,"a":0,"b":0}
1791638174.460 {"t":"event","at_ms":332488,"node":29544,"kind":"peer_admitted","peer":25344,"slot":0,"a":0,"b":0}
1791638174.460 {"t":"event","at_ms":333262,"node":29544,"kind":"peer_admitted","peer":33120,"slot":1,"a":0,"b":0}
1791638174.460 {"t":"event","at_ms":334488,"node":29544,"kind":"peer_admitted","peer":25344,"slot":0,"a":0,"b":0}
1791638174.460 {"t":"event","at_ms":335264,"node":29544,"kind":"peer_admitted","peer":33120,"slot":1,"a":0,"b":0}
1791638174.460 {"t":"event","at_ms":336488,"node":29544,"kind":"peer_admitted","peer":25344,"slot":0,"a":0,"b":0}
1791638174.460 {"t":"link","up_ms":337077,"node":29544,"peer":25344,"mac":"b8:1f:3f:da:63:00","state":"alive","epoch":245,"espnow_ver":2,"mtu":1446,"misses":0,"rssi":-27,"tx":{"frames":1124,"cb_ok":1110,"cb_fail":13,"enqueue_err":0,"pdr_ppm":988423},"rx":{"frames":4385,"lost_seqgap":6,"reorder_dup":0,"dropped_bad":0,"hb_lost":65,"bcast_frames":3252,"pdr_ppm":998633},"rtt":{"samples":165,"min_us":5531,"max_us":34074,"timeouts":3,"txq_last_us":2642,"txq_max_us":6755,"remote_turnaround_us":1004,"remote_turnaround_max_us":7841,"p50_us":[4000,6000],"p99_us":[16000,22000],"hist":[0,0,0,0,124,20,14,5,1,0,1,0,0,0,0,0]}}
1791638174.460 {"t":"link","up_ms":337128,"node":29544,"peer":33120,"mac":"b8:1f:3f:da:81:60","state":"alive","epoch":294,"espnow_ver":2,"mtu":1446,"misses":0,"rssi":-9,"tx":{"frames":1176,"cb_ok":1170,"cb_fail":6,"enqueue_err":0,"pdr_ppm":994897},"rx":{"frames":4596,"lost_seqgap":7,"reorder_dup":0,"dropped_bad":0,"hb_lost":39,"bcast_frames":3268,"pdr_ppm":998479},"rtt":{"samples":165,"min_us":5495,"max_us":53171,"timeouts":2,"txq_last_us":2835,"txq_max_us":3880,"remote_turnaround_us":850,"remote_turnaround_max_us":6147,"p50_us":[4000,6000],"p99_us":[30000,42000],"hist":[0,0,0,0,123,25,5,4,3,2,2,1,0,0,0,0]}}
1791638174.460 {"t":"auth","node":29544,"up_ms":337180,"enrolled":1,"required":1,"verified_peers":2,"verified":6,"cache_hits":332,"refused":0,"rate_limited":0,"stale_epoch":0,"verify_us_max":64574,"link_stack_free_b":1516,"crypto_stack_free_b":1276,"tags_ok":2123,"bad_tag":0,"replayed":0,"untagged":0,"bcast_dropped":0,"beacon_epoch_ignored":0,"tag_us_max":1317}
1791638174.460 {"t":"act","node":29544,"setpoint":0,"has_value":0,"writes_served":0}
1791638174.460 {"t":"peers","node":29544,"own_period_ms":100,"own_busy":1,"channel":1,"scanning":0,"scans":0,"hops":0,"found":0,"lost_to_found_ms":0,"moves_followed":0,"moves_refused":0,"sweeps":0,"sweep_found":0,"sweeping":0,"search_visits":0,"relay":1,"fwd_u":0,"fwd_b":6522,"fwd_h":338,"relay_dup":0,"list":[{"id":25344,"state":"alive","via_relay":0,"period_ms":100,"misses":6,"busy":0,"rtt_n":165},{"id":33120,"state":"alive","via_relay":0,"period_ms":100,"misses":6,"busy":0,"rtt_n":165}]}
1791638174.460 {"t":"ss","node":29544,"accepted":0,"unsigned":0,"unknown_sender":0,"bad_signature":0,"replayed":0,"rate_limited":0,"verify_us_max":0,"floors":[]}
1791638174.460 {"t":"rec","node":29544,"up_ms":337269,"settled":1,"sent":1348,"received":1173,"malformed":0,"views":8,"replies_fenced":0,"actors":[{"key":1245650351,"running":0,"term":0,"owner":25344,"owner_term":11,"assigned":25344,"starts":1,"fenced":0,"released":1}]}
1791638174.796 {"t":"node","up_ms":337295,"node":29544,"epoch":172,"peers_alive":2,"peers_dead":0,"no_radio":0,"free_dram":205743,"largest_block":131072,"rx":{"total":8993,"bad_frame":0,"unknown_peer":9,"wrong_dst":0,"short_payload":0,"unknown_opcode":0,"queue_dropped":6},"tx":{"total":5834,"enqueue_err":0,"done_queue_dropped":0},"membership":{"deaths":3,"revivals":1,"reboots_seen":2,"table_full":0,"events_dropped":0}}
1791638174.796 {"t":"ns","node":29544,"hash":96177158,"owner":29544,"kind":"sampled","unit":0,"class":4,"bound_ms":5000,"quality":"GOOD","age_ms":345,"ts":336988,"updates":32,"value":-28}
1791638174.796 {"t":"ns","node":29544,"hash":1162973580,"owner":29544,"kind":"sampled","unit":101,"class":4,"bound_ms":30000,"quality":"GOOD","age_ms":358,"ts":336988,"updates":32,"value":205947}
1791638174.796 {"t":"ns","node":29544,"hash":4013525678,"owner":29544,"kind":"sampled","unit":101,"class":4,"bound_ms":30000,"quality":"GOOD","age_ms":372,"ts":336988,"updates":32,"value":131072}
1791638174.796 {"t":"ns","node":29544,"hash":1245650351,"owner":25344,"kind":"sampled","unit":0,"class":3,"bound_ms":500,"quality":"NO_DATA","age_ms":0,"ts":0,"updates":0,"value":null}
1791638174.796 {"t":"ns","node":29544,"hash":2033492666,"owner":29544,"kind":"sampled","unit":0,"class":3,"bound_ms":0,"quality":"NO_DATA","age_ms":0,"ts":0,"updates":0,"value":null}
1791638174.796 {"t":"ns","node":29544,"hash":1303338069,"owner":29544,"kind":"sampled","unit":100,"class":4,"bound_ms":0,"quality":"GOOD","age_ms":422,"ts":336988,"updates":32,"value":172}
1791638174.796 {"t":"ns","node":29544,"hash":288706273,"owner":29544,"kind":"sampled","unit":80,"class":4,"bound_ms":30000,"quality":"GOOD","age_ms":435,"ts":336988,"updates":32,"value":336}
1791638174.796 {"t":"ns","node":29544,"hash":2548334194,"owner":29544,"kind":"sampled","unit":100,"class":4,"bound_ms":5000,"quality":"GOOD","age_ms":449,"ts":336988,"updates":32,"value":2}
1791638184.936 {"t":"clk","node":29544,"up_ms":347449}
1791638184.936 {"t":"hs","up_s":347,"running":1,"sta":1,"has_ip":1,"ch":1,"rssi":-46,"clients":0,"reconnects":0,"int_free":205947,"psram_free":8336684,"boot_pick":1}
1791638184.936 {"t":"led","node":29544,"shows":"green","app":0}
1791638184.936 {"t":"event","at_ms":337262,"node":29544,"kind":"peer_admitted","peer":33120,"slot":1,"a":0,"b":0}
1791638184.936 {"t":"event","at_ms":338489,"node":29544,"kind":"peer_admitted","peer":25344,"slot":0,"a":0,"b":0}
1791638184.936 {"t":"event","at_ms":339262,"node":29544,"kind":"peer_admitted","peer":33120,"slot":1,"a":0,"b":0}
1791638184.936 {"t":"event","at_ms":340488,"node":29544,"kind":"peer_admitted","peer":25344,"slot":0,"a":0,"b":0}
1791638184.936 {"t":"event","at_ms":341262,"node":29544,"kind":"peer_admitted","peer":33120,"slot":1,"a":0,"b":0}
1791638184.936 {"t":"event","at_ms":342488,"node":29544,"kind":"peer_admitted","peer":25344,"slot":0,"a":0,"b":0}
1791638184.936 {"t":"event","at_ms":343262,"node":29544,"kind":"peer_admitted","peer":33120,"slot":1,"a":0,"b":0}
1791638184.936 {"t":"event","at_ms":344488,"node":29544,"kind":"peer_admitted","peer":25344,"slot":0,"a":0,"b":0}
1791638184.936 {"t":"event","at_ms":345269,"node":29544,"kind":"peer_admitted","peer":33120,"slot":1,"a":0,"b":0}
1791638184.936 {"t":"event","at_ms":346488,"node":29544,"kind":"peer_admitted","peer":25344,"slot":0,"a":0,"b":0}
1791638184.936 {"t":"event","at_ms":347262,"node":29544,"kind":"peer_admitted","peer":33120,"slot":1,"a":0,"b":0}
1791638184.936 {"t":"link","up_ms":347566,"node":29544,"peer":25344,"mac":"b8:1f:3f:da:63:00","state":"alive","epoch":245,"espnow_ver":2,"mtu":1446,"misses":0,"rssi":-28,"tx":{"frames":1158,"cb_ok":1145,"cb_fail":13,"enqueue_err":0,"pdr_ppm":988773},"rx":{"frames":4529,"lost_seqgap":6,"reorder_dup":0,"dropped_bad":0,"hb_lost":66,"bcast_frames":3356,"pdr_ppm":998676},"rtt":{"samples":170,"min_us":5531,"max_us":34074,"timeouts":3,"txq_last_us":2642,"txq_max_us":6755,"remote_turnaround_us":1018,"remote_turnaround_max_us":7841,"p50_us":[4000,6000],"p99_us":[16000,22000],"hist":[0,0,0,0,126,23,14,5,1,0,1,0,0,0,0,0]}}
1791638184.936 {"t":"link","up_ms":347616,"node":29544,"peer":33120,"mac":"b8:1f:3f:da:81:60","state":"alive","epoch":294,"espnow_ver":2,"mtu":1446,"misses":0,"rssi":-9,"tx":{"frames":1213,"cb_ok":1207,"cb_fail":6,"enqueue_err":0,"pdr_ppm":995053},"rx":{"frames":4743,"lost_seqgap":7,"reorder_dup":0,"dropped_bad":0,"hb_lost":39,"bcast_frames":3373,"pdr_ppm":998526},"rtt":{"samples":170,"min_us":5495,"max_us":53171,"timeouts":2,"txq_last_us":2835,"txq_max_us":3880,"remote_turnaround_us":853,"remote_turnaround_max_us":6147,"p50_us":[4000,6000],"p99_us":[30000,42000],"hist":[0,0,0,0,128,25,5,4,3,2,2,1,0,0,0,0]}}
1791638184.936 {"t":"auth","node":29544,"up_ms":347668,"enrolled":1,"required":1,"verified_peers":2,"verified":6,"cache_hits":343,"refused":0,"rate_limited":0,"stale_epoch":0,"verify_us_max":64574,"link_stack_free_b":1516,"crypto_stack_free_b":1276,"tags_ok":2194,"bad_tag":0,"replayed":0,"untagged":0,"bcast_dropped":0,"beacon_epoch_ignored":0,"tag_us_max":1317}
1791638184.936 {"t":"act","node":29544,"setpoint":0,"has_value":0,"writes_served":0}
1791638184.936 {"t":"peers","node":29544,"own_period_ms":100,"own_busy":1,"channel":1,"scanning":0,"scans":0,"hops":0,"found":0,"lost_to_found_ms":0,"moves_followed":0,"moves_refused":0,"sweeps":0,"sweep_found":0,"sweeping":0,"search_visits":0,"relay":1,"fwd_u":0,"fwd_b":6731,"fwd_h":349,"relay_dup":0,"list":[{"id":25344,"state":"alive","via_relay":0,"period_ms":100,"misses":6,"busy":0,"rtt_n":170},{"id":33120,"state":"alive","via_relay":0,"period_ms":100,"misses":6,"busy":0,"rtt_n":170}]}
1791638184.936 {"t":"ss","node":29544,"accepted":0,"unsigned":0,"unknown_sender":0,"bad_signature":0,"replayed":0,"rate_limited":0,"verify_us_max":0,"floors":[]}
1791638184.936 {"t":"rec","node":29544,"up_ms":347757,"settled":1,"sent":1390,"received":1215,"malformed":0,"views":8,"replies_fenced":0,"actors":[{"key":1245650351,"running":0,"term":0,"owner":25344,"owner_term":11,"assigned":25344,"starts":1,"fenced":0,"released":1}]}
1791638185.280 {"t":"node","up_ms":347782,"node":29544,"epoch":172,"peers_alive":2,"peers_dead":0,"no_radio":0,"free_dram":205947,"largest_block":131072,"rx":{"total":9282,"bad_frame":0,"unknown_peer":9,"wrong_dst":0,"short_payload":0,"unknown_opcode":0,"queue_dropped":6},"tx":{"total":6015,"enqueue_err":0,"done_queue_dropped":0},"membership":{"deaths":3,"revivals":1,"reboots_seen":2,"table_full":0,"events_dropped":0}}
1791638185.280 {"t":"ns","node":29544,"hash":96177158,"owner":29544,"kind":"sampled","unit":0,"class":4,"bound_ms":5000,"quality":"GOOD","age_ms":345,"ts":347464,"updates":33,"value":-28}
1791638185.280 {"t":"ns","node":29544,"hash":1162973580,"owner":29544,"kind":"sampled","unit":101,"class":4,"bound_ms":30000,"quality":"GOOD","age_ms":370,"ts":347464,"updates":33,"value":205947}
1791638185.280 {"t":"ns","node":29544,"hash":4013525678,"owner":29544,"kind":"sampled","unit":101,"class":4,"bound_ms":30000,"quality":"GOOD","age_ms":383,"ts":347464,"updates":33,"value":131072}
1791638185.280 {"t":"ns","node":29544,"hash":1245650351,"owner":25344,"kind":"sampled","unit":0,"class":3,"bound_ms":500,"quality":"NO_DATA","age_ms":0,"ts":0,"updates":0,"value":null}
1791638185.280 {"t":"ns","node":29544,"hash":2033492666,"owner":29544,"kind":"sampled","unit":0,"class":3,"bound_ms":0,"quality":"NO_DATA","age_ms":0,"ts":0,"updates":0,"value":null}
1791638185.280 {"t":"ns","node":29544,"hash":1303338069,"owner":29544,"kind":"sampled","unit":100,"class":4,"bound_ms":0,"quality":"GOOD","age_ms":423,"ts":347464,"updates":33,"value":172}
1791638185.280 {"t":"ns","node":29544,"hash":288706273,"owner":29544,"kind":"sampled","unit":80,"class":4,"bound_ms":30000,"quality":"GOOD","age_ms":447,"ts":347464,"updates":33,"value":347}
1791638185.280 {"t":"ns","node":29544,"hash":2548334194,"owner":29544,"kind":"sampled","unit":100,"class":4,"bound_ms":5000,"quality":"GOOD","age_ms":461,"ts":347464,"updates":33,"value":2}
1791638195.427 {"t":"clk","node":29544,"up_ms":357937}
1791638195.427 {"t":"hs","up_s":357,"running":1,"sta":1,"has_ip":1,"ch":1,"rssi":-46,"clients":0,"reconnects":0,"int_free":205947,"psram_free":8336684,"boot_pick":1}
1791638195.427 {"t":"led","node":29544,"shows":"green","app":0}
1791638195.427 {"t":"event","at_ms":348488,"node":29544,"kind":"peer_admitted","peer":25344,"slot":0,"a":0,"b":0}
1791638195.427 {"t":"event","at_ms":349262,"node":29544,"kind":"peer_admitted","peer":33120,"slot":1,"a":0,"b":0}
1791638195.427 {"t":"event","at_ms":350488,"node":29544,"kind":"peer_admitted","peer":25344,"slot":0,"a":0,"b":0}
1791638195.427 {"t":"event","at_ms":351262,"node":29544,"kind":"peer_admitted","peer":33120,"slot":1,"a":0,"b":0}
1791638195.427 {"t":"event","at_ms":352488,"node":29544,"kind":"peer_admitted","peer":25344,"slot":0,"a":0,"b":0}
1791638195.427 {"t":"event","at_ms":353262,"node":29544,"kind":"peer_admitted","peer":33120,"slot":1,"a":0,"b":0}
1791638195.427 {"t":"event","at_ms":354488,"node":29544,"kind":"peer_admitted","peer":25344,"slot":0,"a":0,"b":0}
1791638195.427 {"t":"event","at_ms":355262,"node":29544,"kind":"peer_admitted","peer":33120,"slot":1,"a":0,"b":0}
1791638195.427 {"t":"event","at_ms":356488,"node":29544,"kind":"peer_admitted","peer":25344,"slot":0,"a":0,"b":0}
1791638195.427 {"t":"event","at_ms":357262,"node":29544,"kind":"peer_admitted","peer":33120,"slot":1,"a":0,"b":0}
1791638195.427 {"t":"link","up_ms":358041,"node":29544,"peer":25344,"mac":"b8:1f:3f:da:63:00","state":"alive","epoch":245,"espnow_ver":2,"mtu":1446,"misses":0,"rssi":-27,"tx":{"frames":1192,"cb_ok":1179,"cb_fail":13,"enqueue_err":0,"pdr_ppm":989093},"rx":{"frames":4674,"lost_seqgap":6,"reorder_dup":0,"dropped_bad":0,"hb_lost":66,"bcast_frames":3461,"pdr_ppm":998717},"rtt":{"samples":175,"min_us":5531,"max_us":34074,"timeouts":3,"txq_last_us":2537,"txq_max_us":6755,"remote_turnaround_us":1006,"remote_turnaround_max_us":7841,"p50_us":[4000,6000],"p99_us":[16000,22000],"hist":[0,0,0,0,131,23,14,5,1,0,1,0,0,0,0,0]}}
1791638195.427 {"t":"link","up_ms":358092,"node":29544,"peer":33120,"mac":"b8:1f:3f:da:81:60","state":"alive","epoch":294,"espnow_ver":2,"mtu":1446,"misses":0,"rssi":-9,"tx":{"frames":1250,"cb_ok":1244,"cb_fail":6,"enqueue_err":0,"pdr_ppm":995200},"rx":{"frames":4889,"lost_seqgap":7,"reorder_dup":0,"dropped_bad":0,"hb_lost":40,"bcast_frames":3476,"pdr_ppm":998570},"rtt":{"samples":176,"min_us":5495,"max_us":53171,"timeouts":2,"txq_last_us":2539,"txq_max_us":3880,"remote_turnaround_us":970,"remote_turnaround_max_us":6147,"p50_us":[4000,6000],"p99_us":[30000,42000],"hist":[0,0,0,0,133,26,5,4,3,2,2,1,0,0,0,0]}}
1791638195.427 {"t":"auth","node":29544,"up_ms":358143,"enrolled":1,"required":1,"verified_peers":2,"verified":6,"cache_hits":353,"refused":0,"rate_limited":0,"stale_epoch":0,"verify_us_max":64574,"link_stack_free_b":1516,"crypto_stack_free_b":1276,"tags_ok":2267,"bad_tag":0,"replayed":0,"untagged":0,"bcast_dropped":0,"beacon_epoch_ignored":0,"tag_us_max":1317}
1791638195.427 {"t":"act","node":29544,"setpoint":0,"has_value":0,"writes_served":0}
1791638195.427 {"t":"peers","node":29544,"own_period_ms":100,"own_busy":1,"channel":1,"scanning":0,"scans":0,"hops":0,"found":0,"lost_to_found_ms":0,"moves_followed":0,"moves_refused":0,"sweeps":0,"sweep_found":0,"sweeping":0,"search_visits":0,"relay":1,"fwd_u":0,"fwd_b":6939,"fwd_h":359,"relay_dup":0,"list":[{"id":25344,"state":"alive","via_relay":0,"period_ms":100,"misses":6,"busy":0,"rtt_n":175},{"id":33120,"state":"alive","via_relay":0,"period_ms":100,"misses":6,"busy":0,"rtt_n":176}]}
1791638195.427 {"t":"ss","node":29544,"accepted":0,"unsigned":0,"unknown_sender":0,"bad_signature":0,"replayed":0,"rate_limited":0,"verify_us_max":0,"floors":[]}
1791638195.427 {"t":"rec","node":29544,"up_ms":358232,"settled":1,"sent":1432,"received":1257,"malformed":0,"views":8,"replies_fenced":0,"actors":[{"key":1245650351,"running":0,"term":0,"owner":25344,"owner_term":11,"assigned":25344,"starts":1,"fenced":0,"released":1}]}
1791638195.756 {"t":"node","up_ms":358258,"node":29544,"epoch":172,"peers_alive":2,"peers_dead":0,"no_radio":0,"free_dram":205947,"largest_block":131072,"rx":{"total":9575,"bad_frame":0,"unknown_peer":9,"wrong_dst":0,"short_payload":0,"unknown_opcode":0,"queue_dropped":6},"tx":{"total":6198,"enqueue_err":0,"done_queue_dropped":0},"membership":{"deaths":3,"revivals":1,"reboots_seen":2,"table_full":0,"events_dropped":0}}
1791638195.756 {"t":"ns","node":29544,"hash":96177158,"owner":29544,"kind":"sampled","unit":0,"class":4,"bound_ms":5000,"quality":"GOOD","age_ms":344,"ts":357952,"updates":34,"value":-27}
1791638195.756 {"t":"ns","node":29544,"hash":1162973580,"owner":29544,"kind":"sampled","unit":101,"class":4,"bound_ms":30000,"quality":"GOOD","age_ms":357,"ts":357952,"updates":34,"value":205947}
1791638195.756 {"t":"ns","node":29544,"hash":4013525678,"owner":29544,"kind":"sampled","unit":101,"class":4,"bound_ms":30000,"quality":"GOOD","age_ms":371,"ts":357952,"updates":34,"value":131072}
1791638195.756 {"t":"ns","node":29544,"hash":1245650351,"owner":25344,"kind":"sampled","unit":0,"class":3,"bound_ms":500,"quality":"NO_DATA","age_ms":0,"ts":0,"updates":0,"value":null}
1791638195.756 {"t":"ns","node":29544,"hash":2033492666,"owner":29544,"kind":"sampled","unit":0,"class":3,"bound_ms":0,"quality":"NO_DATA","age_ms":0,"ts":0,"updates":0,"value":null}
1791638195.756 {"t":"ns","node":29544,"hash":1303338069,"owner":29544,"kind":"sampled","unit":100,"class":4,"bound_ms":0,"quality":"GOOD","age_ms":421,"ts":357952,"updates":34,"value":172}
1791638195.756 {"t":"ns","node":29544,"hash":288706273,"owner":29544,"kind":"sampled","unit":80,"class":4,"bound_ms":30000,"quality":"GOOD","age_ms":434,"ts":357952,"updates":34,"value":357}
1791638195.756 {"t":"ns","node":29544,"hash":2548334194,"owner":29544,"kind":"sampled","unit":100,"class":4,"bound_ms":5000,"quality":"GOOD","age_ms":448,"ts":357952,"updates":34,"value":2}
1791638205.900 {"t":"clk","node":29544,"up_ms":368412}
1791638205.900 {"t":"hs","up_s":368,"running":1,"sta":1,"has_ip":1,"ch":1,"rssi":-46,"clients":0,"reconnects":0,"int_free":205947,"psram_free":8336684,"boot_pick":1}
1791638205.900 {"t":"led","node":29544,"shows":"yellow","app":0}
1791638205.900 {"t":"event","at_ms":358488,"node":29544,"kind":"peer_admitted","peer":25344,"slot":0,"a":0,"b":0}
1791638205.900 {"t":"event","at_ms":359262,"node":29544,"kind":"peer_admitted","peer":33120,"slot":1,"a":0,"b":0}
1791638205.900 {"t":"event","at_ms":360488,"node":29544,"kind":"peer_admitted","peer":25344,"slot":0,"a":0,"b":0}
1791638205.900 {"t":"event","at_ms":361262,"node":29544,"kind":"peer_admitted","peer":33120,"slot":1,"a":0,"b":0}
1791638205.900 {"t":"event","at_ms":362488,"node":29544,"kind":"peer_admitted","peer":25344,"slot":0,"a":0,"b":0}
1791638205.900 {"t":"event","at_ms":363262,"node":29544,"kind":"peer_admitted","peer":33120,"slot":1,"a":0,"b":0}
1791638205.900 {"t":"event","at_ms":364488,"node":29544,"kind":"peer_admitted","peer":25344,"slot":0,"a":0,"b":0}
1791638205.900 {"t":"event","at_ms":365262,"node":29544,"kind":"peer_admitted","peer":33120,"slot":1,"a":0,"b":0}
1791638205.900 {"t":"event","at_ms":366488,"node":29544,"kind":"peer_admitted","peer":25344,"slot":0,"a":0,"b":0}
1791638205.900 {"t":"event","at_ms":367262,"node":29544,"kind":"peer_admitted","peer":33120,"slot":1,"a":0,"b":0}
1791638205.900 {"t":"event","at_ms":368488,"node":29544,"kind":"peer_admitted","peer":25344,"slot":0,"a":0,"b":0}
1791638205.900 {"t":"link","up_ms":368529,"node":29544,"peer":25344,"mac":"b8:1f:3f:da:63:00","state":"alive","epoch":245,"espnow_ver":2,"mtu":1446,"misses":0,"rssi":-27,"tx":{"frames":1228,"cb_ok":1215,"cb_fail":13,"enqueue_err":0,"pdr_ppm":989413},"rx":{"frames":4819,"lost_seqgap":6,"reorder_dup":0,"dropped_bad":0,"hb_lost":67,"bcast_frames":3565,"pdr_ppm":998756},"rtt":{"samples":180,"min_us":5531,"max_us":34074,"timeouts":3,"txq_last_us":2524,"txq_max_us":6755,"remote_turnaround_us":1033,"remote_turnaround_max_us":7841,"p50_us":[4000,6000],"p99_us":[16000,22000],"hist":[0,0,0,0,136,23,14,5,1,0,1,0,0,0,0,0]}}
1791638205.900 {"t":"link","up_ms":368580,"node":29544,"peer":33120,"mac":"b8:1f:3f:da:81:60","state":"alive","epoch":294,"espnow_ver":2,"mtu":1446,"misses":0,"rssi":-9,"tx":{"frames":1287,"cb_ok":1281,"cb_fail":6,"enqueue_err":0,"pdr_ppm":995337},"rx":{"frames":5034,"lost_seqgap":7,"reorder_dup":0,"dropped_bad":0,"hb_lost":42,"bcast_frames":3579,"pdr_ppm":998611},"rtt":{"samples":181,"min_us":5495,"max_us":53171,"timeouts":2,"txq_last_us":2543,"txq_max_us":3880,"remote_turnaround_us":993,"remote_turnaround_max_us":6147,"p50_us":[4000,6000],"p99_us":[30000,42000],"hist":[0,0,0,0,137,26,6,4,3,2,2,1,0,0,0,0]}}
1791638205.900 {"t":"auth","node":29544,"up_ms":368631,"enrolled":1,"required":1,"verified_peers":2,"verified":6,"cache_hits":364,"refused":0,"rate_limited":0,"stale_epoch":0,"verify_us_max":64574,"link_stack_free_b":1516,"crypto_stack_free_b":1276,"tags_ok":2339,"bad_tag":0,"replayed":0,"untagged":0,"bcast_dropped":0,"beacon_epoch_ignored":0,"tag_us_max":1317}
1791638205.900 {"t":"act","node":29544,"setpoint":0,"has_value":0,"writes_served":0}
1791638205.900 {"t":"peers","node":29544,"own_period_ms":100,"own_busy":1,"channel":1,"scanning":0,"scans":0,"hops":0,"found":0,"lost_to_found_ms":0,"moves_followed":0,"moves_refused":0,"sweeps":0,"sweep_found":0,"sweeping":0,"search_visits":0,"relay":1,"fwd_u":0,"fwd_b":7146,"fwd_h":370,"relay_dup":0,"list":[{"id":25344,"state":"alive","via_relay":0,"period_ms":100,"misses":6,"busy":0,"rtt_n":180},{"id":33120,"state":"alive","via_relay":0,"period_ms":100,"misses":6,"busy":0,"rtt_n":181}]}
1791638205.900 {"t":"ss","node":29544,"accepted":0,"unsigned":0,"unknown_sender":0,"bad_signature":0,"replayed":0,"rate_limited":0,"verify_us_max":0,"floors":[]}
1791638205.900 {"t":"rec","node":29544,"up_ms":368722,"settled":1,"sent":1474,"received":1299,"malformed":0,"views":8,"replies_fenced":0,"actors":[{"key":1245650351,"running":0,"term":0,"owner":25344,"owner_term":11,"assigned":25344,"starts":1,"fenced":0,"released":1}]}
1791638206.246 {"t":"node","up_ms":368747,"node":29544,"epoch":172,"peers_alive":2,"peers_dead":0,"no_radio":0,"free_dram":205947,"largest_block":131072,"rx":{"total":9864,"bad_frame":0,"unknown_peer":9,"wrong_dst":0,"short_payload":0,"unknown_opcode":0,"queue_dropped":6},"tx":{"total":6380,"enqueue_err":0,"done_queue_dropped":0},"membership":{"deaths":3,"revivals":1,"reboots_seen":2,"table_full":0,"events_dropped":0}}
1791638206.246 {"t":"ns","node":29544,"hash":96177158,"owner":29544,"kind":"sampled","unit":0,"class":4,"bound_ms":5000,"quality":"GOOD","age_ms":347,"ts":368427,"updates":35,"value":-27}
1791638206.246 {"t":"ns","node":29544,"hash":1162973580,"owner":29544,"kind":"sampled","unit":101,"class":4,"bound_ms":30000,"quality":"GOOD","age_ms":371,"ts":368427,"updates":35,"value":205947}
1791638206.246 {"t":"ns","node":29544,"hash":4013525678,"owner":29544,"kind":"sampled","unit":101,"class":4,"bound_ms":30000,"quality":"GOOD","age_ms":385,"ts":368427,"updates":35,"value":131072}
1791638206.246 {"t":"ns","node":29544,"hash":1245650351,"owner":25344,"kind":"sampled","unit":0,"class":3,"bound_ms":500,"quality":"NO_DATA","age_ms":0,"ts":0,"updates":0,"value":null}
1791638206.246 {"t":"ns","node":29544,"hash":2033492666,"owner":29544,"kind":"sampled","unit":0,"class":3,"bound_ms":0,"quality":"NO_DATA","age_ms":0,"ts":0,"updates":0,"value":null}
1791638206.246 {"t":"ns","node":29544,"hash":1303338069,"owner":29544,"kind":"sampled","unit":100,"class":4,"bound_ms":0,"quality":"GOOD","age_ms":425,"ts":368427,"updates":35,"value":172}
1791638206.246 {"t":"ns","node":29544,"hash":288706273,"owner":29544,"kind":"sampled","unit":80,"class":4,"bound_ms":30000,"quality":"GOOD","age_ms":438,"ts":368427,"updates":35,"value":368}
1791638206.246 {"t":"ns","node":29544,"hash":2548334194,"owner":29544,"kind":"sampled","unit":100,"class":4,"bound_ms":5000,"quality":"GOOD","age_ms":462,"ts":368427,"updates":35,"value":2}
1791638216.388 {"t":"clk","node":29544,"up_ms":378902}
1791638216.388 {"t":"hs","up_s":378,"running":1,"sta":1,"has_ip":1,"ch":1,"rssi":-46,"clients":0,"reconnects":0,"int_free":205947,"psram_free":8336684,"boot_pick":1}
1791638216.388 {"t":"led","node":29544,"shows":"green","app":0}
1791638216.388 {"t":"event","at_ms":369262,"node":29544,"kind":"peer_admitted","peer":33120,"slot":1,"a":0,"b":0}
1791638216.388 {"t":"event","at_ms":370490,"node":29544,"kind":"peer_admitted","peer":25344,"slot":0,"a":0,"b":0}
1791638216.388 {"t":"event","at_ms":371262,"node":29544,"kind":"peer_admitted","peer":33120,"slot":1,"a":0,"b":0}
1791638216.388 {"t":"event","at_ms":372488,"node":29544,"kind":"peer_admitted","peer":25344,"slot":0,"a":0,"b":0}
1791638216.388 {"t":"event","at_ms":373262,"node":29544,"kind":"peer_admitted","peer":33120,"slot":1,"a":0,"b":0}
1791638216.388 {"t":"event","at_ms":374488,"node":29544,"kind":"peer_admitted","peer":25344,"slot":0,"a":0,"b":0}
1791638216.388 {"t":"event","at_ms":375262,"node":29544,"kind":"peer_admitted","peer":33120,"slot":1,"a":0,"b":0}
1791638216.388 {"t":"event","at_ms":376488,"node":29544,"kind":"peer_admitted","peer":25344,"slot":0,"a":0,"b":0}
1791638216.388 {"t":"event","at_ms":377262,"node":29544,"kind":"peer_admitted","peer":33120,"slot":1,"a":0,"b":0}
1791638216.388 {"t":"event","at_ms":378488,"node":29544,"kind":"peer_admitted","peer":25344,"slot":0,"a":0,"b":0}
1791638216.388 {"t":"link","up_ms":379007,"node":29544,"peer":25344,"mac":"b8:1f:3f:da:63:00","state":"alive","epoch":245,"espnow_ver":2,"mtu":1446,"misses":0,"rssi":-27,"tx":{"frames":1263,"cb_ok":1250,"cb_fail":13,"enqueue_err":0,"pdr_ppm":989707},"rx":{"frames":4963,"lost_seqgap":6,"reorder_dup":0,"dropped_bad":0,"hb_lost":67,"bcast_frames":3669,"pdr_ppm":998792},"rtt":{"samples":186,"min_us":5531,"max_us":34074,"timeouts":3,"txq_last_us":2600,"txq_max_us":6755,"remote_turnaround_us":1019,"remote_turnaround_max_us":7841,"p50_us":[4000,6000],"p99_us":[16000,22000],"hist":[0,0,0,0,140,25,14,5,1,0,1,0,0,0,0,0]}}
1791638216.388 {"t":"link","up_ms":379059,"node":29544,"peer":33120,"mac":"b8:1f:3f:da:81:60","state":"alive","epoch":294,"espnow_ver":2,"mtu":1446,"misses":0,"rssi":-9,"tx":{"frames":1323,"cb_ok":1317,"cb_fail":6,"enqueue_err":0,"pdr_ppm":995464},"rx":{"frames":5180,"lost_seqgap":7,"reorder_dup":0,"dropped_bad":0,"hb_lost":42,"bcast_frames":3684,"pdr_ppm":998650},"rtt":{"samples":186,"min_us":5495,"max_us":53171,"timeouts":2,"txq_last_us":2556,"txq_max_us":3880,"remote_turnaround_us":971,"remote_turnaround_max_us":6147,"p50_us":[4000,6000],"p99_us":[30000,42000],"hist":[0,0,0,0,142,26,6,4,3,2,2,1,0,0,0,0]}}
1791638216.388 {"t":"auth","node":29544,"up_ms":379110,"enrolled":1,"required":1,"verified_peers":2,"verified":6,"cache_hits":374,"refused":0,"rate_limited":0,"stale_epoch":0,"verify_us_max":64574,"link_stack_free_b":1516,"crypto_stack_free_b":1276,"tags_ok":2410,"bad_tag":0,"replayed":0,"untagged":0,"bcast_dropped":0,"beacon_epoch_ignored":0,"tag_us_max":1317}
1791638216.388 {"t":"act","node":29544,"setpoint":0,"has_value":0,"writes_served":0}
1791638216.388 {"t":"peers","node":29544,"own_period_ms":100,"own_busy":1,"channel":1,"scanning":0,"scans":0,"hops":0,"found":0,"lost_to_found_ms":0,"moves_followed":0,"moves_refused":0,"sweeps":0,"sweep_found":0,"sweeping":0,"search_visits":0,"relay":1,"fwd_u":0,"fwd_b":7356,"fwd_h":380,"relay_dup":0,"list":[{"id":25344,"state":"alive","via_relay":0,"period_ms":100,"misses":6,"busy":0,"rtt_n":186},{"id":33120,"state":"alive","via_relay":0,"period_ms":100,"misses":6,"busy":0,"rtt_n":186}]}
1791638216.388 {"t":"ss","node":29544,"accepted":0,"unsigned":0,"unknown_sender":0,"bad_signature":0,"replayed":0,"rate_limited":0,"verify_us_max":0,"floors":[]}
1791638216.388 {"t":"rec","node":29544,"up_ms":379200,"settled":1,"sent":1516,"received":1341,"malformed":0,"views":8,"replies_fenced":0,"actors":[{"key":1245650351,"running":0,"term":0,"owner":25344,"owner_term":11,"assigned":25344,"starts":1,"fenced":0,"released":1}]}
1791638216.726 {"t":"node","up_ms":379225,"node":29544,"epoch":172,"peers_alive":2,"peers_dead":0,"no_radio":0,"free_dram":205743,"largest_block":131072,"rx":{"total":10153,"bad_frame":0,"unknown_peer":9,"wrong_dst":0,"short_payload":0,"unknown_opcode":0,"queue_dropped":6},"tx":{"total":6561,"enqueue_err":0,"done_queue_dropped":0},"membership":{"deaths":3,"revivals":1,"reboots_seen":2,"table_full":0,"events_dropped":0}}
1791638216.726 {"t":"ns","node":29544,"hash":96177158,"owner":29544,"kind":"sampled","unit":0,"class":4,"bound_ms":5000,"quality":"GOOD","age_ms":346,"ts":378917,"updates":36,"value":-27}
1791638216.726 {"t":"ns","node":29544,"hash":1162973580,"owner":29544,"kind":"sampled","unit":101,"class":4,"bound_ms":30000,"quality":"GOOD","age_ms":359,"ts":378917,"updates":36,"value":205947}
1791638216.726 {"t":"ns","node":29544,"hash":4013525678,"owner":29544,"kind":"sampled","unit":101,"class":4,"bound_ms":30000,"quality":"GOOD","age_ms":372,"ts":378917,"updates":36,"value":131072}
1791638216.726 {"t":"ns","node":29544,"hash":1245650351,"owner":25344,"kind":"sampled","unit":0,"class":3,"bound_ms":500,"quality":"NO_DATA","age_ms":0,"ts":0,"updates":0,"value":null}
1791638216.726 {"t":"ns","node":29544,"hash":2033492666,"owner":29544,"kind":"sampled","unit":0,"class":3,"bound_ms":0,"quality":"NO_DATA","age_ms":0,"ts":0,"updates":0,"value":null}
1791638216.726 {"t":"ns","node":29544,"hash":1303338069,"owner":29544,"kind":"sampled","unit":100,"class":4,"bound_ms":0,"quality":"GOOD","age_ms":423,"ts":378917,"updates":36,"value":172}
1791638216.726 {"t":"ns","node":29544,"hash":288706273,"owner":29544,"kind":"sampled","unit":80,"class":4,"bound_ms":30000,"quality":"GOOD","age_ms":436,"ts":378917,"updates":36,"value":378}
1791638216.726 {"t":"ns","node":29544,"hash":2548334194,"owner":29544,"kind":"sampled","unit":100,"class":4,"bound_ms":5000,"quality":"GOOD","age_ms":449,"ts":378917,"updates":36,"value":2}
1791638226.864 {"t":"clk","node":29544,"up_ms":389378}
1791638226.864 {"t":"hs","up_s":389,"running":1,"sta":1,"has_ip":1,"ch":1,"rssi":-46,"clients":0,"reconnects":0,"int_free":205947,"psram_free":8336684,"boot_pick":1}
1791638226.864 {"t":"led","node":29544,"shows":"green","app":0}
1791638226.864 {"t":"event","at_ms":379262,"node":29544,"kind":"peer_admitted","peer":33120,"slot":1,"a":0,"b":0}
1791638226.864 {"t":"event","at_ms":380488,"node":29544,"kind":"peer_admitted","peer":25344,"slot":0,"a":0,"b":0}
1791638226.864 {"t":"event","at_ms":381262,"node":29544,"kind":"peer_admitted","peer":33120,"slot":1,"a":0,"b":0}
1791638226.864 {"t":"event","at_ms":382488,"node":29544,"kind":"peer_admitted","peer":25344,"slot":0,"a":0,"b":0}
1791638226.864 {"t":"event","at_ms":383262,"node":29544,"kind":"peer_admitted","peer":33120,"slot":1,"a":0,"b":0}
1791638226.864 {"t":"event","at_ms":384488,"node":29544,"kind":"peer_admitted","peer":25344,"slot":0,"a":0,"b":0}
1791638226.864 {"t":"event","at_ms":385262,"node":29544,"kind":"peer_admitted","peer":33120,"slot":1,"a":0,"b":0}
1791638226.864 {"t":"event","at_ms":386488,"node":29544,"kind":"peer_admitted","peer":25344,"slot":0,"a":0,"b":0}
1791638226.864 {"t":"event","at_ms":387263,"node":29544,"kind":"peer_admitted","peer":33120,"slot":1,"a":0,"b":0}
1791638226.864 {"t":"event","at_ms":388488,"node":29544,"kind":"peer_admitted","peer":25344,"slot":0,"a":0,"b":0}
1791638226.864 {"t":"event","at_ms":389261,"node":29544,"kind":"peer_admitted","peer":33120,"slot":1,"a":0,"b":0}
1791638226.864 {"t":"link","up_ms":389487,"node":29544,"peer":25344,"mac":"b8:1f:3f:da:63:00","state":"alive","epoch":245,"espnow_ver":2,"mtu":1446,"misses":0,"rssi":-27,"tx":{"frames":1298,"cb_ok":1285,"cb_fail":13,"enqueue_err":0,"pdr_ppm":989984},"rx":{"frames":5107,"lost_seqgap":6,"reorder_dup":0,"dropped_bad":0,"hb_lost":68,"bcast_frames":3773,"pdr_ppm":998826},"rtt":{"samples":191,"min_us":5531,"max_us":34074,"timeouts":3,"txq_last_us":2551,"txq_max_us":6755,"remote_turnaround_us":1009,"remote_turnaround_max_us":7841,"p50_us":[4000,6000],"p99_us":[16000,22000],"hist":[0,0,0,0,145,25,14,5,1,0,1,0,0,0,0,0]}}
1791638226.864 {"t":"link","up_ms":389537,"node":29544,"peer":33120,"mac":"b8:1f:3f:da:81:60","state":"alive","epoch":294,"espnow_ver":2,"mtu":1446,"misses":0,"rssi":-9,"tx":{"frames":1360,"cb_ok":1354,"cb_fail":6,"enqueue_err":0,"pdr_ppm":995588},"rx":{"frames":5327,"lost_seqgap":7,"reorder_dup":0,"dropped_bad":0,"hb_lost":42,"bcast_frames":3789,"pdr_ppm":998687},"rtt":{"samples":191,"min_us":5495,"max_us":53171,"timeouts":2,"txq_last_us":2559,"txq_max_us":22193,"remote_turnaround_us":969,"remote_turnaround_max_us":6147,"p50_us":[4000,6000],"p99_us":[30000,42000],"hist":[0,0,0,0,146,26,6,4,3,3,2,1,0,0,0,0]}}
1791638226.864 {"t":"auth","node":29544,"up_ms":389600,"enrolled":1,"required":1,"verified_peers":2,"verified":6,"cache_hits":385,"refused":0,"rate_limited":0,"stale_epoch":0,"verify_us_max":64574,"link_stack_free_b":1516,"crypto_stack_free_b":1276,"tags_ok":2481,"bad_tag":0,"replayed":0,"untagged":0,"bcast_dropped":0,"beacon_epoch_ignored":0,"tag_us_max":1317}
1791638226.864 {"t":"act","node":29544,"setpoint":0,"has_value":0,"writes_served":0}
1791638226.864 {"t":"peers","node":29544,"own_period_ms":100,"own_busy":1,"channel":1,"scanning":0,"scans":0,"hops":0,"found":0,"lost_to_found_ms":0,"moves_followed":0,"moves_refused":0,"sweeps":0,"sweep_found":0,"sweeping":0,"search_visits":0,"relay":1,"fwd_u":0,"fwd_b":7565,"fwd_h":391,"relay_dup":0,"list":[{"id":25344,"state":"alive","via_relay":0,"period_ms":100,"misses":6,"busy":0,"rtt_n":191},{"id":33120,"state":"alive","via_relay":0,"period_ms":100,"misses":6,"busy":0,"rtt_n":191}]}
1791638226.864 {"t":"ss","node":29544,"accepted":0,"unsigned":0,"unknown_sender":0,"bad_signature":0,"replayed":0,"rate_limited":0,"verify_us_max":0,"floors":[]}
1791638226.864 {"t":"rec","node":29544,"up_ms":389689,"settled":1,"sent":1558,"received":1383,"malformed":0,"views":8,"replies_fenced":0,"actors":[{"key":1245650351,"running":0,"term":0,"owner":25344,"owner_term":11,"assigned":25344,"starts":1,"fenced":0,"released":1}]}
1791638227.205 {"t":"node","up_ms":389703,"node":29544,"epoch":172,"peers_alive":2,"peers_dead":0,"no_radio":0,"free_dram":205947,"largest_block":131072,"rx":{"total":10445,"bad_frame":0,"unknown_peer":9,"wrong_dst":0,"short_payload":0,"unknown_opcode":0,"queue_dropped":6},"tx":{"total":6743,"enqueue_err":0,"done_queue_dropped":0},"membership":{"deaths":3,"revivals":1,"reboots_seen":2,"table_full":0,"events_dropped":0}}
1791638227.205 {"t":"ns","node":29544,"hash":96177158,"owner":29544,"kind":"sampled","unit":0,"class":4,"bound_ms":5000,"quality":"GOOD","age_ms":348,"ts":389393,"updates":37,"value":-27}
1791638227.205 {"t":"ns","node":29544,"hash":1162973580,"owner":29544,"kind":"sampled","unit":101,"class":4,"bound_ms":30000,"quality":"GOOD","age_ms":361,"ts":389393,"updates":37,"value":205947}
1791638227.205 {"t":"ns","node":29544,"hash":4013525678,"owner":29544,"kind":"sampled","unit":101,"class":4,"bound_ms":30000,"quality":"GOOD","age_ms":385,"ts":389393,"updates":37,"value":131072}
1791638227.205 {"t":"ns","node":29544,"hash":1245650351,"owner":25344,"kind":"sampled","unit":0,"class":3,"bound_ms":500,"quality":"NO_DATA","age_ms":0,"ts":0,"updates":0,"value":null}
1791638227.205 {"t":"ns","node":29544,"hash":2033492666,"owner":29544,"kind":"sampled","unit":0,"class":3,"bound_ms":0,"quality":"NO_DATA","age_ms":0,"ts":0,"updates":0,"value":null}
1791638227.205 {"t":"ns","node":29544,"hash":1303338069,"owner":29544,"kind":"sampled","unit":100,"class":4,"bound_ms":0,"quality":"GOOD","age_ms":424,"ts":389393,"updates":37,"value":172}
1791638227.205 {"t":"ns","node":29544,"hash":288706273,"owner":29544,"kind":"sampled","unit":80,"class":4,"bound_ms":30000,"quality":"GOOD","age_ms":438,"ts":389393,"updates":37,"value":389}
1791638227.205 {"t":"ns","node":29544,"hash":2548334194,"owner":29544,"kind":"sampled","unit":100,"class":4,"bound_ms":5000,"quality":"GOOD","age_ms":463,"ts":389393,"updates":37,"value":2}
1791638237.354 {"t":"clk","node":29544,"up_ms":399868}
1791638237.354 {"t":"hs","up_s":399,"running":1,"sta":1,"has_ip":1,"ch":1,"rssi":-46,"clients":0,"reconnects":0,"int_free":205947,"psram_free":8336684,"boot_pick":1}
1791638237.354 {"t":"led","node":29544,"shows":"green","app":0}
1791638237.354 {"t":"event","at_ms":390488,"node":29544,"kind":"peer_admitted","peer":25344,"slot":0,"a":0,"b":0}
1791638237.354 {"t":"event","at_ms":391262,"node":29544,"kind":"peer_admitted","peer":33120,"slot":1,"a":0,"b":0}
1791638237.354 {"t":"event","at_ms":392488,"node":29544,"kind":"peer_admitted","peer":25344,"slot":0,"a":0,"b":0}
1791638237.354 {"t":"event","at_ms":393261,"node":29544,"kind":"peer_admitted","peer":33120,"slot":1,"a":0,"b":0}
1791638237.354 {"t":"event","at_ms":394488,"node":29544,"kind":"peer_admitted","peer":25344,"slot":0,"a":0,"b":0}
1791638237.354 {"t":"event","at_ms":395262,"node":29544,"kind":"peer_admitted","peer":33120,"slot":1,"a":0,"b":0}
1791638237.354 {"t":"event","at_ms":396487,"node":29544,"kind":"peer_admitted","peer":25344,"slot":0,"a":0,"b":0}
1791638237.354 {"t":"event","at_ms":397262,"node":29544,"kind":"peer_admitted","peer":33120,"slot":1,"a":0,"b":0}
1791638237.354 {"t":"event","at_ms":398488,"node":29544,"kind":"peer_admitted","peer":25344,"slot":0,"a":0,"b":0}
1791638237.354 {"t":"event","at_ms":399261,"node":29544,"kind":"peer_admitted","peer":33120,"slot":1,"a":0,"b":0}
1791638237.354 {"t":"link","up_ms":399974,"node":29544,"peer":25344,"mac":"b8:1f:3f:da:63:00","state":"alive","epoch":245,"espnow_ver":2,"mtu":1446,"misses":0,"rssi":-28,"tx":{"frames":1332,"cb_ok":1319,"cb_fail":13,"enqueue_err":0,"pdr_ppm":990240},"rx":{"frames":5252,"lost_seqgap":6,"reorder_dup":0,"dropped_bad":0,"hb_lost":68,"bcast_frames":3878,"pdr_ppm":998858},"rtt":{"samples":196,"min_us":5531,"max_us":34074,"timeouts":3,"txq_last_us":2593,"txq_max_us":6755,"remote_turnaround_us":1023,"remote_turnaround_max_us":7841,"p50_us":[4000,6000],"p99_us":[16000,22000],"hist":[0,0,0,0,149,25,15,5,1,0,1,0,0,0,0,0]}}
1791638237.354 {"t":"link","up_ms":400025,"node":29544,"peer":33120,"mac":"b8:1f:3f:da:81:60","state":"alive","epoch":294,"espnow_ver":2,"mtu":1446,"misses":0,"rssi":-9,"tx":{"frames":1397,"cb_ok":1391,"cb_fail":6,"enqueue_err":0,"pdr_ppm":995705},"rx":{"frames":5474,"lost_seqgap":7,"reorder_dup":0,"dropped_bad":0,"hb_lost":43,"bcast_frames":3893,"pdr_ppm":998722},"rtt":{"samples":197,"min_us":5495,"max_us":53171,"timeouts":2,"txq_last_us":2573,"txq_max_us":22193,"remote_turnaround_us":968,"remote_turnaround_max_us":6147,"p50_us":[4000,6000],"p99_us":[30000,42000],"hist":[0,0,0,0,149,28,7,4,3,3,2,1,0,0,0,0]}}
1791638237.354 {"t":"auth","node":29544,"up_ms":400076,"enrolled":1,"required":1,"verified_peers":2,"verified":6,"cache_hits":395,"refused":0,"rate_limited":0,"stale_epoch":0,"verify_us_max":64574,"link_stack_free_b":1516,"crypto_stack_free_b":1276,"tags_ok":2554,"bad_tag":0,"replayed":0,"untagged":0,"bcast_dropped":0,"beacon_epoch_ignored":0,"tag_us_max":1317}
1791638237.354 {"t":"act","node":29544,"setpoint":0,"has_value":0,"writes_served":0}
1791638237.354 {"t":"peers","node":29544,"own_period_ms":100,"own_busy":1,"channel":1,"scanning":0,"scans":0,"hops":0,"found":0,"lost_to_found_ms":0,"moves_followed":0,"moves_refused":0,"sweeps":0,"sweep_found":0,"sweeping":0,"search_visits":0,"relay":1,"fwd_u":0,"fwd_b":7773,"fwd_h":401,"relay_dup":0,"list":[{"id":25344,"state":"alive","via_relay":0,"period_ms":100,"misses":6,"busy":0,"rtt_n":196},{"id":33120,"state":"alive","via_relay":0,"period_ms":100,"misses":6,"busy":0,"rtt_n":197}]}
1791638237.354 {"t":"ss","node":29544,"accepted":0,"unsigned":0,"unknown_sender":0,"bad_signature":0,"replayed":0,"rate_limited":0,"verify_us_max":0,"floors":[]}
1791638237.354 {"t":"rec","node":29544,"up_ms":400165,"settled":1,"sent":1600,"received":1425,"malformed":0,"views":8,"replies_fenced":0,"actors":[{"key":1245650351,"running":0,"term":0,"owner":25344,"owner_term":11,"assigned":25344,"starts":1,"fenced":0,"released":1}]}
1791638237.691 {"t":"node","up_ms":400190,"node":29544,"epoch":172,"peers_alive":2,"peers_dead":0,"no_radio":0,"free_dram":205947,"largest_block":131072,"rx":{"total":10736,"bad_frame":0,"unknown_peer":9,"wrong_dst":0,"short_payload":0,"unknown_opcode":0,"queue_dropped":6},"tx":{"total":6924,"enqueue_err":0,"done_queue_dropped":0},"membership":{"deaths":3,"revivals":1,"reboots_seen":2,"table_full":0,"events_dropped":0}}
1791638237.691 {"t":"ns","node":29544,"hash":96177158,"owner":29544,"kind":"sampled","unit":0,"class":4,"bound_ms":5000,"quality":"GOOD","age_ms":344,"ts":399884,"updates":38,"value":-27}
1791638237.691 {"t":"ns","node":29544,"hash":1162973580,"owner":29544,"kind":"sampled","unit":101,"class":4,"bound_ms":30000,"quality":"GOOD","age_ms":358,"ts":399884,"updates":38,"value":205727}
1791638237.691 {"t":"ns","node":29544,"hash":4013525678,"owner":29544,"kind":"sampled","unit":101,"class":4,"bound_ms":30000,"quality":"GOOD","age_ms":371,"ts":399884,"updates":38,"value":131072}
1791638237.691 {"t":"ns","node":29544,"hash":1245650351,"owner":25344,"kind":"sampled","unit":0,"class":3,"bound_ms":500,"quality":"NO_DATA","age_ms":0,"ts":0,"updates":0,"value":null}
1791638237.691 {"t":"ns","node":29544,"hash":2033492666,"owner":29544,"kind":"sampled","unit":0,"class":3,"bound_ms":0,"quality":"NO_DATA","age_ms":0,"ts":0,"updates":0,"value":null}
1791638237.691 {"t":"ns","node":29544,"hash":1303338069,"owner":29544,"kind":"sampled","unit":100,"class":4,"bound_ms":0,"quality":"GOOD","age_ms":421,"ts":399884,"updates":38,"value":172}
1791638237.691 {"t":"ns","node":29544,"hash":288706273,"owner":29544,"kind":"sampled","unit":80,"class":4,"bound_ms":30000,"quality":"GOOD","age_ms":434,"ts":399884,"updates":38,"value":399}
1791638237.691 {"t":"ns","node":29544,"hash":2548334194,"owner":29544,"kind":"sampled","unit":100,"class":4,"bound_ms":5000,"quality":"GOOD","age_ms":448,"ts":399884,"updates":38,"value":2}
1791638247.835 {"t":"clk","node":29544,"up_ms":410345}
1791638247.835 {"t":"hs","up_s":410,"running":1,"sta":1,"has_ip":1,"ch":1,"rssi":-46,"clients":0,"reconnects":0,"int_free":205947,"psram_free":8336684,"boot_pick":1}
1791638247.835 {"t":"led","node":29544,"shows":"green","app":0}
1791638247.835 {"t":"event","at_ms":400488,"node":29544,"kind":"peer_admitted","peer":25344,"slot":0,"a":0,"b":0}
1791638247.835 {"t":"event","at_ms":401262,"node":29544,"kind":"peer_admitted","peer":33120,"slot":1,"a":0,"b":0}
1791638247.835 {"t":"event","at_ms":402488,"node":29544,"kind":"peer_admitted","peer":25344,"slot":0,"a":0,"b":0}
1791638247.835 {"t":"event","at_ms":403261,"node":29544,"kind":"peer_admitted","peer":33120,"slot":1,"a":0,"b":0}
1791638247.835 {"t":"event","at_ms":404488,"node":29544,"kind":"peer_admitted","peer":25344,"slot":0,"a":0,"b":0}
1791638247.835 {"t":"event","at_ms":405262,"node":29544,"kind":"peer_admitted","peer":33120,"slot":1,"a":0,"b":0}
1791638247.835 {"t":"event","at_ms":406488,"node":29544,"kind":"peer_admitted","peer":25344,"slot":0,"a":0,"b":0}
1791638247.835 {"t":"event","at_ms":407262,"node":29544,"kind":"peer_admitted","peer":33120,"slot":1,"a":0,"b":0}
1791638247.835 {"t":"event","at_ms":408488,"node":29544,"kind":"peer_admitted","peer":25344,"slot":0,"a":0,"b":0}
1791638247.835 {"t":"event","at_ms":409262,"node":29544,"kind":"peer_admitted","peer":33120,"slot":1,"a":0,"b":0}
1791638247.835 {"t":"link","up_ms":410450,"node":29544,"peer":25344,"mac":"b8:1f:3f:da:63:00","state":"alive","epoch":245,"espnow_ver":2,"mtu":1446,"misses":0,"rssi":-27,"tx":{"frames":1366,"cb_ok":1353,"cb_fail":13,"enqueue_err":0,"pdr_ppm":990483},"rx":{"frames":5393,"lost_seqgap":6,"reorder_dup":0,"dropped_bad":0,"hb_lost":70,"bcast_frames":3981,"pdr_ppm":998888},"rtt":{"samples":201,"min_us":5531,"max_us":34074,"timeouts":3,"txq_last_us":2765,"txq_max_us":6755,"remote_turnaround_us":1030,"remote_turnaround_max_us":7841,"p50_us":[4000,6000],"p99_us":[11000,16000],"hist":[0,0,0,0,153,25,16,5,1,0,1,0,0,0,0,0]}}
1791638247.836 {"t":"link","up_ms":410502,"node":29544,"peer":33120,"mac":"b8:1f:3f:da:81:60","state":"alive","epoch":294,"espnow_ver":2,"mtu":1446,"misses":0,"rssi":-9,"tx":{"frames":1434,"cb_ok":1428,"cb_fail":6,"enqueue_err":0,"pdr_ppm":995815},"rx":{"frames":5620,"lost_seqgap":7,"reorder_dup":0,"dropped_bad":0,"hb_lost":44,"bcast_frames":3997,"pdr_ppm":998755},"rtt":{"samples":202,"min_us":5495,"max_us":53171,"timeouts":2,"txq_last_us":2541,"txq_max_us":22193,"remote_turnaround_us":961,"remote_turnaround_max_us":6147,"p50_us":[4000,6000],"p99_us":[30000,42000],"hist":[0,0,0,0,154,28,7,4,3,3,2,1,0,0,0,0]}}
1791638247.836 {"t":"auth","node":29544,"up_ms":410553,"enrolled":1,"required":1,"verified_peers":2,"verified":6,"cache_hits":406,"refused":0,"rate_limited":0,"stale_epoch":0,"verify_us_max":64574,"link_stack_free_b":1516,"crypto_stack_free_b":1276,"tags_ok":2625,"bad_tag":0,"replayed":0,"untagged":0,"bcast_dropped":0,"beacon_epoch_ignored":0,"tag_us_max":1317}
1791638247.836 {"t":"act","node":29544,"setpoint":0,"has_value":0,"writes_served":0}
1791638247.836 {"t":"peers","node":29544,"own_period_ms":100,"own_busy":1,"channel":1,"scanning":0,"scans":0,"hops":0,"found":0,"lost_to_found_ms":0,"moves_followed":0,"moves_refused":0,"sweeps":0,"sweep_found":0,"sweeping":0,"search_visits":0,"relay":1,"fwd_u":0,"fwd_b":7979,"fwd_h":412,"relay_dup":0,"list":[{"id":25344,"state":"alive","via_relay":0,"period_ms":100,"misses":6,"busy":0,"rtt_n":201},{"id":33120,"state":"alive","via_relay":0,"period_ms":100,"misses":6,"busy":0,"rtt_n":202}]}
1791638247.836 {"t":"ss","node":29544,"accepted":0,"unsigned":0,"unknown_sender":0,"bad_signature":0,"replayed":0,"rate_limited":0,"verify_us_max":0,"floors":[]}
1791638247.836 {"t":"rec","node":29544,"up_ms":410642,"settled":1,"sent":1642,"received":1467,"malformed":0,"views":8,"replies_fenced":0,"actors":[{"key":1245650351,"running":0,"term":0,"owner":25344,"owner_term":11,"assigned":25344,"starts":1,"fenced":0,"released":1}]}
1791638248.162 {"t":"node","up_ms":410667,"node":29544,"epoch":172,"peers_alive":2,"peers_dead":0,"no_radio":0,"free_dram":205947,"largest_block":131072,"rx":{"total":11025,"bad_frame":0,"unknown_peer":9,"wrong_dst":0,"short_payload":0,"unknown_opcode":0,"queue_dropped":6},"tx":{"total":7107,"enqueue_err":0,"done_queue_dropped":0},"membership":{"deaths":3,"revivals":1,"reboots_seen":2,"table_full":0,"events_dropped":0}}
1791638248.162 {"t":"ns","node":29544,"hash":96177158,"owner":29544,"kind":"sampled","unit":0,"class":4,"bound_ms":5000,"quality":"GOOD","age_ms":345,"ts":410360,"updates":39,"value":-27}
1791638248.162 {"t":"ns","node":29544,"hash":1162973580,"owner":29544,"kind":"sampled","unit":101,"class":4,"bound_ms":30000,"quality":"GOOD","age_ms":358,"ts":410360,"updates":39,"value":205947}
1791638248.162 {"t":"ns","node":29544,"hash":4013525678,"owner":29544,"kind":"sampled","unit":101,"class":4,"bound_ms":30000,"quality":"GOOD","age_ms":372,"ts":410360,"updates":39,"value":131072}
1791638248.162 {"t":"ns","node":29544,"hash":1245650351,"owner":25344,"kind":"sampled","unit":0,"class":3,"bound_ms":500,"quality":"NO_DATA","age_ms":0,"ts":0,"updates":0,"value":null}
1791638248.162 {"t":"ns","node":29544,"hash":2033492666,"owner":29544,"kind":"sampled","unit":0,"class":3,"bound_ms":0,"quality":"NO_DATA","age_ms":0,"ts":0,"updates":0,"value":null}
1791638248.162 {"t":"ns","node":29544,"hash":1303338069,"owner":29544,"kind":"sampled","unit":100,"class":4,"bound_ms":0,"quality":"GOOD","age_ms":422,"ts":410360,"updates":39,"value":172}
1791638248.162 {"t":"ns","node":29544,"hash":288706273,"owner":29544,"kind":"sampled","unit":80,"class":4,"bound_ms":30000,"quality":"GOOD","age_ms":435,"ts":410360,"updates":39,"value":410}
1791638248.162 {"t":"ns","node":29544,"hash":2548334194,"owner":29544,"kind":"sampled","unit":100,"class":4,"bound_ms":5000,"quality":"GOOD","age_ms":449,"ts":410360,"updates":39,"value":2}
1791638258.307 {"t":"clk","node":29544,"up_ms":420822}
1791638258.307 {"t":"hs","up_s":420,"running":1,"sta":1,"has_ip":1,"ch":1,"rssi":-46,"clients":0,"reconnects":0,"int_free":205947,"psram_free":8336684,"boot_pick":1}
1791638258.307 {"t":"led","node":29544,"shows":"green","app":0}
1791638258.307 {"t":"event","at_ms":410488,"node":29544,"kind":"peer_admitted","peer":25344,"slot":0,"a":0,"b":0}
1791638258.307 {"t":"event","at_ms":411262,"node":29544,"kind":"peer_admitted","peer":33120,"slot":1,"a":0,"b":0}
1791638258.307 {"t":"event","at_ms":412488,"node":29544,"kind":"peer_admitted","peer":25344,"slot":0,"a":0,"b":0}
1791638258.307 {"t":"event","at_ms":413261,"node":29544,"kind":"peer_admitted","peer":33120,"slot":1,"a":0,"b":0}
1791638258.307 {"t":"event","at_ms":414488,"node":29544,"kind":"peer_admitted","peer":25344,"slot":0,"a":0,"b":0}
1791638258.307 {"t":"event","at_ms":415261,"node":29544,"kind":"peer_admitted","peer":33120,"slot":1,"a":0,"b":0}
1791638258.307 {"t":"event","at_ms":416487,"node":29544,"kind":"peer_admitted","peer":25344,"slot":0,"a":0,"b":0}
1791638258.307 {"t":"event","at_ms":417261,"node":29544,"kind":"peer_admitted","peer":33120,"slot":1,"a":0,"b":0}
1791638258.307 {"t":"event","at_ms":418487,"node":29544,"kind":"peer_admitted","peer":25344,"slot":0,"a":0,"b":0}
1791638258.307 {"t":"event","at_ms":419261,"node":29544,"kind":"peer_admitted","peer":33120,"slot":1,"a":0,"b":0}
1791638258.307 {"t":"event","at_ms":420487,"node":29544,"kind":"peer_admitted","peer":25344,"slot":0,"a":0,"b":0}
1791638258.307 {"t":"link","up_ms":420928,"node":29544,"peer":25344,"mac":"b8:1f:3f:da:63:00","state":"alive","epoch":245,"espnow_ver":2,"mtu":1446,"misses":0,"rssi":-27,"tx":{"frames":1403,"cb_ok":1390,"cb_fail":13,"enqueue_err":0,"pdr_ppm":990734},"rx":{"frames":5540,"lost_seqgap":6,"reorder_dup":0,"dropped_bad":0,"hb_lost":70,"bcast_frames":4086,"pdr_ppm":998918},"rtt":{"samples":207,"min_us":5531,"max_us":34074,"timeouts":3,"txq_last_us":2664,"txq_max_us":6755,"remote_turnaround_us":1006,"remote_turnaround_max_us":7841,"p50_us":[4000,6000],"p99_us":[11000,16000],"hist":[0,0,0,0,157,26,16,6,1,0,1,0,0,0,0,0]}}
1791638258.307 {"t":"link","up_ms":420990,"node":29544,"peer":33120,"mac":"b8:1f:3f:da:81:60","state":"alive","epoch":294,"espnow_ver":2,"mtu":1446,"misses":0,"rssi":-9,"tx":{"frames":1470,"cb_ok":1464,"cb_fail":6,"enqueue_err":0,"pdr_ppm":995918},"rx":{"frames":5765,"lost_seqgap":7,"reorder_dup":0,"dropped_bad":0,"hb_lost":44,"bcast_frames":4101,"pdr_ppm":998787},"rtt":{"samples":207,"min_us":5495,"max_us":53171,"timeouts":2,"txq_last_us":2546,"txq_max_us":22193,"remote_turnaround_us":966,"remote_turnaround_max_us":6147,"p50_us":[4000,6000],"p99_us":[30000,42000],"hist":[0,0,0,0,157,30,7,4,3,3,2,1,0,0,0,0]}}
1791638258.307 {"t":"auth","node":29544,"up_ms":421041,"enrolled":1,"required":1,"verified_peers":2,"verified":6,"cache_hits":416,"refused":0,"rate_limited":0,"stale_epoch":0,"verify_us_max":64574,"link_stack_free_b":1516,"crypto_stack_free_b":1276,"tags_ok":2696,"bad_tag":0,"replayed":0,"untagged":0,"bcast_dropped":0,"beacon_epoch_ignored":0,"tag_us_max":1317}
1791638258.307 {"t":"act","node":29544,"setpoint":0,"has_value":0,"writes_served":0}
1791638258.307 {"t":"peers","node":29544,"own_period_ms":100,"own_busy":1,"channel":1,"scanning":0,"scans":0,"hops":0,"found":0,"lost_to_found_ms":0,"moves_followed":0,"moves_refused":0,"sweeps":0,"sweep_found":0,"sweeping":0,"search_visits":0,"relay":1,"fwd_u":0,"fwd_b":8189,"fwd_h":422,"relay_dup":0,"list":[{"id":25344,"state":"alive","via_relay":0,"period_ms":100,"misses":6,"busy":0,"rtt_n":207},{"id":33120,"state":"alive","via_relay":0,"period_ms":100,"misses":6,"busy":0,"rtt_n":207}]}
1791638258.307 {"t":"ss","node":29544,"accepted":0,"unsigned":0,"unknown_sender":0,"bad_signature":0,"replayed":0,"rate_limited":0,"verify_us_max":0,"floors":[]}
1791638258.307 {"t":"rec","node":29544,"up_ms":421131,"settled":1,"sent":1683,"received":1509,"malformed":0,"views":8,"replies_fenced":0,"actors":[{"key":1245650351,"running":0,"term":0,"owner":25344,"owner_term":11,"assigned":25344,"starts":1,"fenced":0,"released":1}]}
1791638258.653 {"t":"node","up_ms":421156,"node":29544,"epoch":172,"peers_alive":2,"peers_dead":0,"no_radio":0,"free_dram":205947,"largest_block":131072,"rx":{"total":11316,"bad_frame":0,"unknown_peer":9,"wrong_dst":0,"short_payload":0,"unknown_opcode":0,"queue_dropped":6},"tx":{"total":7288,"enqueue_err":0,"done_queue_dropped":0},"membership":{"deaths":3,"revivals":1,"reboots_seen":2,"table_full":0,"events_dropped":0}}
1791638258.653 {"t":"ns","node":29544,"hash":96177158,"owner":29544,"kind":"sampled","unit":0,"class":4,"bound_ms":5000,"quality":"GOOD","age_ms":345,"ts":420837,"updates":40,"value":-27}
1791638258.653 {"t":"ns","node":29544,"hash":1162973580,"owner":29544,"kind":"sampled","unit":101,"class":4,"bound_ms":30000,"quality":"GOOD","age_ms":370,"ts":420837,"updates":40,"value":205947}
1791638258.653 {"t":"ns","node":29544,"hash":4013525678,"owner":29544,"kind":"sampled","unit":101,"class":4,"bound_ms":30000,"quality":"GOOD","age_ms":383,"ts":420837,"updates":40,"value":131072}
1791638258.653 {"t":"ns","node":29544,"hash":1245650351,"owner":25344,"kind":"sampled","unit":0,"class":3,"bound_ms":500,"quality":"NO_DATA","age_ms":0,"ts":0,"updates":0,"value":null}
1791638258.653 {"t":"ns","node":29544,"hash":2033492666,"owner":29544,"kind":"sampled","unit":0,"class":3,"bound_ms":0,"quality":"NO_DATA","age_ms":0,"ts":0,"updates":0,"value":null}
1791638258.653 {"t":"ns","node":29544,"hash":1303338069,"owner":29544,"kind":"sampled","unit":100,"class":4,"bound_ms":0,"quality":"GOOD","age_ms":425,"ts":420837,"updates":40,"value":172}
1791638258.653 {"t":"ns","node":29544,"hash":288706273,"owner":29544,"kind":"sampled","unit":80,"class":4,"bound_ms":30000,"quality":"GOOD","age_ms":439,"ts":420837,"updates":40,"value":420}
1791638258.653 {"t":"ns","node":29544,"hash":2548334194,"owner":29544,"kind":"sampled","unit":100,"class":4,"bound_ms":5000,"quality":"GOOD","age_ms":452,"ts":420837,"updates":40,"value":2}
1791638268.803 {"t":"clk","node":29544,"up_ms":431313}
1791638268.803 {"t":"hs","up_s":431,"running":1,"sta":1,"has_ip":1,"ch":1,"rssi":-46,"clients":0,"reconnects":0,"int_free":205947,"psram_free":8336684,"boot_pick":1}
1791638268.803 {"t":"led","node":29544,"shows":"green","app":0}
1791638268.803 {"t":"event","at_ms":421262,"node":29544,"kind":"peer_admitted","peer":33120,"slot":1,"a":0,"b":0}
1791638268.803 {"t":"event","at_ms":422487,"node":29544,"kind":"peer_admitted","peer":25344,"slot":0,"a":0,"b":0}
1791638268.803 {"t":"event","at_ms":423262,"node":29544,"kind":"peer_admitted","peer":33120,"slot":1,"a":0,"b":0}
1791638268.803 {"t":"event","at_ms":424487,"node":29544,"kind":"peer_admitted","peer":25344,"slot":0,"a":0,"b":0}
1791638268.803 {"t":"event","at_ms":425262,"node":29544,"kind":"peer_admitted","peer":33120,"slot":1,"a":0,"b":0}
1791638268.803 {"t":"event","at_ms":426487,"node":29544,"kind":"peer_admitted","peer":25344,"slot":0,"a":0,"b":0}
1791638268.803 {"t":"event","at_ms":427261,"node":29544,"kind":"peer_admitted","peer":33120,"slot":1,"a":0,"b":0}
1791638268.803 {"t":"event","at_ms":428487,"node":29544,"kind":"peer_admitted","peer":25344,"slot":0,"a":0,"b":0}
1791638268.803 {"t":"event","at_ms":429261,"node":29544,"kind":"peer_admitted","peer":33120,"slot":1,"a":0,"b":0}
1791638268.803 {"t":"event","at_ms":430487,"node":29544,"kind":"peer_admitted","peer":25344,"slot":0,"a":0,"b":0}
1791638268.803 {"t":"event","at_ms":431261,"node":29544,"kind":"peer_admitted","peer":33120,"slot":1,"a":0,"b":0}
1791638268.803 {"t":"link","up_ms":431430,"node":29544,"peer":25344,"mac":"b8:1f:3f:da:63:00","state":"alive","epoch":245,"espnow_ver":2,"mtu":1446,"misses":0,"rssi":-27,"tx":{"frames":1437,"cb_ok":1424,"cb_fail":13,"enqueue_err":0,"pdr_ppm":990953},"rx":{"frames":5684,"lost_seqgap":6,"reorder_dup":0,"dropped_bad":0,"hb_lost":70,"bcast_frames":4191,"pdr_ppm":998945},"rtt":{"samples":212,"min_us":5531,"max_us":34074,"timeouts":3,"txq_last_us":2556,"txq_max_us":6755,"remote_turnaround_us":1014,"remote_turnaround_max_us":7841,"p50_us":[4000,6000],"p99_us":[11000,16000],"hist":[0,0,0,0,162,26,16,6,1,0,1,0,0,0,0,0]}}
1791638268.803 {"t":"link","up_ms":431481,"node":29544,"peer":33120,"mac":"b8:1f:3f:da:81:60","state":"alive","epoch":294,"espnow_ver":2,"mtu":1446,"misses":0,"rssi":-9,"tx":{"frames":1507,"cb_ok":1501,"cb_fail":6,"enqueue_err":0,"pdr_ppm":996018},"rx":{"frames":5912,"lost_seqgap":7,"reorder_dup":0,"dropped_bad":0,"hb_lost":44,"bcast_frames":4206,"pdr_ppm":998817},"rtt":{"samples":212,"min_us":5495,"max_us":53171,"timeouts":2,"txq_last_us":2671,"txq_max_us":22193,"remote_turnaround_us":969,"remote_turnaround_max_us":6147,"p50_us":[4000,6000],"p99_us":[30000,42000],"hist":[0,0,0,0,160,32,7,4,3,3,2,1,0,0,0,0]}}
1791638268.803 {"t":"auth","node":29544,"up_ms":431533,"enrolled":1,"required":1,"verified_peers":2,"verified":6,"cache_hits":427,"refused":0,"rate_limited":0,"stale_epoch":0,"verify_us_max":64574,"link_stack_free_b":1516,"crypto_stack_free_b":1276,"tags_ok":2767,"bad_tag":0,"replayed":0,"untagged":0,"bcast_dropped":0,"beacon_epoch_ignored":0,"tag_us_max":1317}
1791638268.803 {"t":"act","node":29544,"setpoint":0,"has_value":0,"writes_served":0}
1791638268.803 {"t":"peers","node":29544,"own_period_ms":100,"own_busy":1,"channel":1,"scanning":0,"scans":0,"hops":0,"found":0,"lost_to_found_ms":0,"moves_followed":0,"moves_refused":0,"sweeps":0,"sweep_found":0,"sweeping":0,"search_visits":0,"relay":1,"fwd_u":0,"fwd_b":8399,"fwd_h":433,"relay_dup":0,"list":[{"id":25344,"state":"alive","via_relay":0,"period_ms":100,"misses":6,"busy":0,"rtt_n":212},{"id":33120,"state":"alive","via_relay":0,"period_ms":100,"misses":6,"busy":0,"rtt_n":212}]}
1791638268.804 {"t":"ss","node":29544,"accepted":0,"unsigned":0,"unknown_sender":0,"bad_signature":0,"replayed":0,"rate_limited":0,"verify_us_max":0,"floors":[]}
1791638268.804 {"t":"rec","node":29544,"up_ms":431623,"settled":1,"sent":1725,"received":1551,"malformed":0,"views":8,"replies_fenced":0,"actors":[{"key":1245650351,"running":0,"term":0,"owner":25344,"owner_term":11,"assigned":25344,"starts":1,"fenced":0,"released":1}]}
1791638269.137 {"t":"node","up_ms":431648,"node":29544,"epoch":172,"peers_alive":2,"peers_dead":0,"no_radio":0,"free_dram":205523,"largest_block":131072,"rx":{"total":11608,"bad_frame":0,"unknown_peer":9,"wrong_dst":0,"short_payload":0,"unknown_opcode":0,"queue_dropped":6},"tx":{"total":7470,"enqueue_err":0,"done_queue_dropped":0},"membership":{"deaths":3,"revivals":1,"reboots_seen":2,"table_full":0,"events_dropped":0}}
1791638269.137 {"t":"ns","node":29544,"hash":96177158,"owner":29544,"kind":"sampled","unit":0,"class":4,"bound_ms":5000,"quality":"GOOD","age_ms":347,"ts":431328,"updates":41,"value":-27}
1791638269.137 {"t":"ns","node":29544,"hash":1162973580,"owner":29544,"kind":"sampled","unit":101,"class":4,"bound_ms":30000,"quality":"GOOD","age_ms":371,"ts":431328,"updates":41,"value":205947}
1791638269.137 {"t":"ns","node":29544,"hash":4013525678,"owner":29544,"kind":"sampled","unit":101,"class":4,"bound_ms":30000,"quality":"GOOD","age_ms":385,"ts":431328,"updates":41,"value":131072}
1791638269.137 {"t":"ns","node":29544,"hash":1245650351,"owner":25344,"kind":"sampled","unit":0,"class":3,"bound_ms":500,"quality":"NO_DATA","age_ms":0,"ts":0,"updates":0,"value":null}
1791638269.137 {"t":"ns","node":29544,"hash":2033492666,"owner":29544,"kind":"sampled","unit":0,"class":3,"bound_ms":0,"quality":"NO_DATA","age_ms":0,"ts":0,"updates":0,"value":null}
1791638269.137 {"t":"ns","node":29544,"hash":1303338069,"owner":29544,"kind":"sampled","unit":100,"class":4,"bound_ms":0,"quality":"GOOD","age_ms":424,"ts":431328,"updates":41,"value":172}
1791638269.137 {"t":"ns","node":29544,"hash":288706273,"owner":29544,"kind":"sampled","unit":80,"class":4,"bound_ms":30000,"quality":"GOOD","age_ms":437,"ts":431328,"updates":41,"value":431}
1791638269.137 {"t":"ns","node":29544,"hash":2548334194,"owner":29544,"kind":"sampled","unit":100,"class":4,"bound_ms":5000,"quality":"GOOD","age_ms":461,"ts":431328,"updates":41,"value":2}
1791638279.286 {"t":"clk","node":29544,"up_ms":441802}
1791638279.286 {"t":"hs","up_s":441,"running":1,"sta":1,"has_ip":1,"ch":1,"rssi":-46,"clients":0,"reconnects":0,"int_free":205947,"psram_free":8336684,"boot_pick":1}
1791638279.286 {"t":"led","node":29544,"shows":"green","app":0}
1791638279.286 {"t":"event","at_ms":432487,"node":29544,"kind":"peer_admitted","peer":25344,"slot":0,"a":0,"b":0}
1791638279.286 {"t":"event","at_ms":433263,"node":29544,"kind":"peer_admitted","peer":33120,"slot":1,"a":0,"b":0}
1791638279.286 {"t":"event","at_ms":434487,"node":29544,"kind":"peer_admitted","peer":25344,"slot":0,"a":0,"b":0}
1791638279.286 {"t":"event","at_ms":435261,"node":29544,"kind":"peer_admitted","peer":33120,"slot":1,"a":0,"b":0}
1791638279.286 {"t":"event","at_ms":436489,"node":29544,"kind":"peer_admitted","peer":25344,"slot":0,"a":0,"b":0}
1791638279.286 {"t":"event","at_ms":437261,"node":29544,"kind":"peer_admitted","peer":33120,"slot":1,"a":0,"b":0}
1791638279.286 {"t":"event","at_ms":438487,"node":29544,"kind":"peer_admitted","peer":25344,"slot":0,"a":0,"b":0}
1791638279.286 {"t":"event","at_ms":439261,"node":29544,"kind":"peer_admitted","peer":33120,"slot":1,"a":0,"b":0}
1791638279.286 {"t":"event","at_ms":440487,"node":29544,"kind":"peer_admitted","peer":25344,"slot":0,"a":0,"b":0}
1791638279.286 {"t":"event","at_ms":441261,"node":29544,"kind":"peer_admitted","peer":33120,"slot":1,"a":0,"b":0}
1791638279.286 {"t":"link","up_ms":441909,"node":29544,"peer":25344,"mac":"b8:1f:3f:da:63:00","state":"alive","epoch":245,"espnow_ver":2,"mtu":1446,"misses":0,"rssi":-27,"tx":{"frames":1472,"cb_ok":1459,"cb_fail":13,"enqueue_err":0,"pdr_ppm":991168},"rx":{"frames":5828,"lost_seqgap":6,"reorder_dup":0,"dropped_bad":0,"hb_lost":70,"bcast_frames":4295,"pdr_ppm":998971},"rtt":{"samples":217,"min_us":5531,"max_us":34074,"timeouts":3,"txq_last_us":2594,"txq_max_us":6755,"remote_turnaround_us":1015,"remote_turnaround_max_us":7841,"p50_us":[4000,6000],"p99_us":[11000,16000],"hist":[0,0,0,0,167,26,16,6,1,0,1,0,0,0,0,0]}}
1791638279.286 {"t":"link","up_ms":441961,"node":29544,"peer":33120,"mac":"b8:1f:3f:da:81:60","state":"alive","epoch":294,"espnow_ver":2,"mtu":1446,"misses":0,"rssi":-9,"tx":{"frames":1544,"cb_ok":1538,"cb_fail":6,"enqueue_err":0,"pdr_ppm":996113},"rx":{"frames":6060,"lost_seqgap":7,"reorder_dup":0,"dropped_bad":0,"hb_lost":44,"bcast_frames":4311,"pdr_ppm":998846},"rtt":{"samples":218,"min_us":5495,"max_us":53171,"timeouts":2,"txq_last_us":2622,"txq_max_us":22193,"remote_turnaround_us":981,"remote_turnaround_max_us":6147,"p50_us":[4000,6000],"p99_us":[30000,42000],"hist":[0,0,0,0,166,32,7,4,3,3,2,1,0,0,0,0]}}
1791638279.286 {"t":"auth","node":29544,"up_ms":442012,"enrolled":1,"required":1,"verified_peers":2,"verified":6,"cache_hits":437,"refused":0,"rate_limited":0,"stale_epoch":0,"verify_us_max":64574,"link_stack_free_b":1516,"crypto_stack_free_b":1276,"tags_ok":2840,"bad_tag":0,"replayed":0,"untagged":0,"bcast_dropped":0,"beacon_epoch_ignored":0,"tag_us_max":1317}
1791638279.286 {"t":"act","node":29544,"setpoint":0,"has_value":0,"writes_served":0}
1791638279.286 {"t":"peers","node":29544,"own_period_ms":100,"own_busy":1,"channel":1,"scanning":0,"scans":0,"hops":0,"found":0,"lost_to_found_ms":0,"moves_followed":0,"moves_refused":0,"sweeps":0,"sweep_found":0,"sweeping":0,"search_visits":0,"relay":1,"fwd_u":0,"fwd_b":8609,"fwd_h":443,"relay_dup":0,"list":[{"id":25344,"state":"alive","via_relay":0,"period_ms":100,"misses":6,"busy":0,"rtt_n":217},{"id":33120,"state":"alive","via_relay":0,"period_ms":100,"misses":6,"busy":0,"rtt_n":218}]}
1791638279.286 {"t":"ss","node":29544,"accepted":0,"unsigned":0,"unknown_sender":0,"bad_signature":0,"replayed":0,"rate_limited":0,"verify_us_max":0,"floors":[]}
1791638279.286 {"t":"rec","node":29544,"up_ms":442101,"settled":1,"sent":1767,"received":1593,"malformed":0,"views":8,"replies_fenced":0,"actors":[{"key":1245650351,"running":0,"term":0,"owner":25344,"owner_term":11,"assigned":25344,"starts":1,"fenced":0,"released":1}]}
1791638279.620 {"t":"node","up_ms":442126,"node":29544,"epoch":172,"peers_alive":2,"peers_dead":0,"no_radio":0,"free_dram":205947,"largest_block":131072,"rx":{"total":11901,"bad_frame":0,"unknown_peer":9,"wrong_dst":0,"short_payload":0,"unknown_opcode":0,"queue_dropped":6},"tx":{"total":7651,"enqueue_err":0,"done_queue_dropped":0},"membership":{"deaths":3,"revivals":1,"reboots_seen":2,"table_full":0,"events_dropped":0}}
1791638279.620 {"t":"ns","node":29544,"hash":96177158,"owner":29544,"kind":"sampled","unit":0,"class":4,"bound_ms":5000,"quality":"GOOD","age_ms":347,"ts":441817,"updates":42,"value":-27}
1791638279.620 {"t":"ns","node":29544,"hash":1162973580,"owner":29544,"kind":"sampled","unit":101,"class":4,"bound_ms":30000,"quality":"GOOD","age_ms":360,"ts":441817,"updates":42,"value":205947}
1791638279.620 {"t":"ns","node":29544,"hash":4013525678,"owner":29544,"kind":"sampled","unit":101,"class":4,"bound_ms":30000,"quality":"GOOD","age_ms":373,"ts":441817,"updates":42,"value":131072}
1791638279.620 {"t":"ns","node":29544,"hash":1245650351,"owner":25344,"kind":"sampled","unit":0,"class":3,"bound_ms":500,"quality":"NO_DATA","age_ms":0,"ts":0,"updates":0,"value":null}
1791638279.620 {"t":"ns","node":29544,"hash":2033492666,"owner":29544,"kind":"sampled","unit":0,"class":3,"bound_ms":0,"quality":"NO_DATA","age_ms":0,"ts":0,"updates":0,"value":null}
1791638279.620 {"t":"ns","node":29544,"hash":1303338069,"owner":29544,"kind":"sampled","unit":100,"class":4,"bound_ms":0,"quality":"GOOD","age_ms":413,"ts":441817,"updates":42,"value":172}
1791638279.620 {"t":"ns","node":29544,"hash":288706273,"owner":29544,"kind":"sampled","unit":80,"class":4,"bound_ms":30000,"quality":"GOOD","age_ms":437,"ts":441817,"updates":42,"value":441}
1791638279.620 {"t":"ns","node":29544,"hash":2548334194,"owner":29544,"kind":"sampled","unit":100,"class":4,"bound_ms":5000,"quality":"GOOD","age_ms":451,"ts":441817,"updates":42,"value":2}
1791638289.764 {"t":"clk","node":29544,"up_ms":452280}
1791638289.764 {"t":"hs","up_s":452,"running":1,"sta":1,"has_ip":1,"ch":1,"rssi":-46,"clients":0,"reconnects":0,"int_free":205947,"psram_free":8336684,"boot_pick":1}
1791638289.764 {"t":"led","node":29544,"shows":"green","app":0}
1791638289.764 {"t":"event","at_ms":442487,"node":29544,"kind":"peer_admitted","peer":25344,"slot":0,"a":0,"b":0}
1791638289.764 {"t":"event","at_ms":443261,"node":29544,"kind":"peer_admitted","peer":33120,"slot":1,"a":0,"b":0}
1791638289.764 {"t":"event","at_ms":444487,"node":29544,"kind":"peer_admitted","peer":25344,"slot":0,"a":0,"b":0}
1791638289.764 {"t":"event","at_ms":445261,"node":29544,"kind":"peer_admitted","peer":33120,"slot":1,"a":0,"b":0}
1791638289.764 {"t":"event","at_ms":446487,"node":29544,"kind":"peer_admitted","peer":25344,"slot":0,"a":0,"b":0}
1791638289.764 {"t":"event","at_ms":447261,"node":29544,"kind":"peer_admitted","peer":33120,"slot":1,"a":0,"b":0}
1791638289.764 {"t":"event","at_ms":448487,"node":29544,"kind":"peer_admitted","peer":25344,"slot":0,"a":0,"b":0}
1791638289.764 {"t":"event","at_ms":449261,"node":29544,"kind":"peer_admitted","peer":33120,"slot":1,"a":0,"b":0}
1791638289.764 {"t":"event","at_ms":450487,"node":29544,"kind":"peer_admitted","peer":25344,"slot":0,"a":0,"b":0}
1791638289.764 {"t":"event","at_ms":451261,"node":29544,"kind":"peer_admitted","peer":33120,"slot":1,"a":0,"b":0}
1791638289.764 {"t":"link","up_ms":452385,"node":29544,"peer":25344,"mac":"b8:1f:3f:da:63:00","state":"alive","epoch":245,"espnow_ver":2,"mtu":1446,"misses":0,"rssi":-27,"tx":{"frames":1506,"cb_ok":1493,"cb_fail":13,"enqueue_err":0,"pdr_ppm":991367},"rx":{"frames":5972,"lost_seqgap":6,"reorder_dup":0,"dropped_bad":0,"hb_lost":70,"bcast_frames":4400,"pdr_ppm":998996},"rtt":{"samples":222,"min_us":5531,"max_us":34074,"timeouts":3,"txq_last_us":2545,"txq_max_us":6755,"remote_turnaround_us":1007,"remote_turnaround_max_us":7841,"p50_us":[4000,6000],"p99_us":[11000,16000],"hist":[0,0,0,0,170,28,16,6,1,0,1,0,0,0,0,0]}}
1791638289.764 {"t":"link","up_ms":452437,"node":29544,"peer":33120,"mac":"b8:1f:3f:da:81:60","state":"alive","epoch":294,"espnow_ver":2,"mtu":1446,"misses":0,"rssi":-9,"tx":{"frames":1581,"cb_ok":1575,"cb_fail":6,"enqueue_err":0,"pdr_ppm":996204},"rx":{"frames":6206,"lost_seqgap":7,"reorder_dup":0,"dropped_bad":0,"hb_lost":44,"bcast_frames":4416,"pdr_ppm":998873},"rtt":{"samples":223,"min_us":5495,"max_us":53171,"timeouts":2,"txq_last_us":2551,"txq_max_us":22193,"remote_turnaround_us":988,"remote_turnaround_max_us":6147,"p50_us":[4000,6000],"p99_us":[30000,42000],"hist":[0,0,0,0,170,33,7,4,3,3,2,1,0,0,0,0]}}
1791638289.764 {"t":"auth","node":29544,"up_ms":452489,"enrolled":1,"required":1,"verified_peers":2,"verified":6,"cache_hits":448,"refused":0,"rate_limited":0,"stale_epoch":0,"verify_us_max":64574,"link_stack_free_b":1516,"crypto_stack_free_b":1276,"tags_ok":2912,"bad_tag":0,"replayed":0,"untagged":0,"bcast_dropped":0,"beacon_epoch_ignored":0,"tag_us_max":1317}
1791638289.764 {"t":"act","node":29544,"setpoint":0,"has_value":0,"writes_served":0}
1791638289.764 {"t":"peers","node":29544,"own_period_ms":100,"own_busy":1,"channel":1,"scanning":0,"scans":0,"hops":0,"found":0,"lost_to_found_ms":0,"moves_followed":0,"moves_refused":0,"sweeps":0,"sweep_found":0,"sweeping":0,"search_visits":0,"relay":1,"fwd_u":0,"fwd_b":8819,"fwd_h":454,"relay_dup":0,"list":[{"id":25344,"state":"alive","via_relay":0,"period_ms":100,"misses":6,"busy":0,"rtt_n":222},{"id":33120,"state":"alive","via_relay":0,"period_ms":100,"misses":6,"busy":0,"rtt_n":223}]}
1791638289.764 {"t":"ss","node":29544,"accepted":0,"unsigned":0,"unknown_sender":0,"bad_signature":0,"replayed":0,"rate_limited":0,"verify_us_max":0,"floors":[]}
1791638289.764 {"t":"rec","node":29544,"up_ms":452578,"settled":1,"sent":1809,"received":1635,"malformed":0,"views":8,"replies_fenced":0,"actors":[{"key":1245650351,"running":0,"term":0,"owner":25344,"owner_term":11,"assigned":25344,"starts":1,"fenced":0,"released":1}]}
1791638290.100 {"t":"node","up_ms":452603,"node":29544,"epoch":172,"peers_alive":2,"peers_dead":0,"no_radio":0,"free_dram":205947,"largest_block":131072,"rx":{"total":12193,"bad_frame":0,"unknown_peer":9,"wrong_dst":0,"short_payload":0,"unknown_opcode":0,"queue_dropped":6},"tx":{"total":7834,"enqueue_err":0,"done_queue_dropped":0},"membership":{"deaths":3,"revivals":1,"reboots_seen":2,"table_full":0,"events_dropped":0}}
1791638290.100 {"t":"ns","node":29544,"hash":96177158,"owner":29544,"kind":"sampled","unit":0,"class":4,"bound_ms":5000,"quality":"GOOD","age_ms":345,"ts":452296,"updates":43,"value":-28}
1791638290.100 {"t":"ns","node":29544,"hash":1162973580,"owner":29544,"kind":"sampled","unit":101,"class":4,"bound_ms":30000,"quality":"GOOD","age_ms":359,"ts":452295,"updates":43,"value":205743}
1791638290.100 {"t":"ns","node":29544,"hash":4013525678,"owner":29544,"kind":"sampled","unit":101,"class":4,"bound_ms":30000,"quality":"GOOD","age_ms":371,"ts":452296,"updates":43,"value":131072}
1791638290.100 {"t":"ns","node":29544,"hash":1245650351,"owner":25344,"kind":"sampled","unit":0,"class":3,"bound_ms":500,"quality":"NO_DATA","age_ms":0,"ts":0,"updates":0,"value":null}
1791638290.100 {"t":"ns","node":29544,"hash":2033492666,"owner":29544,"kind":"sampled","unit":0,"class":3,"bound_ms":0,"quality":"NO_DATA","age_ms":0,"ts":0,"updates":0,"value":null}
1791638290.100 {"t":"ns","node":29544,"hash":1303338069,"owner":29544,"kind":"sampled","unit":100,"class":4,"bound_ms":0,"quality":"GOOD","age_ms":412,"ts":452296,"updates":43,"value":172}
1791638290.100 {"t":"ns","node":29544,"hash":288706273,"owner":29544,"kind":"sampled","unit":80,"class":4,"bound_ms":30000,"quality":"GOOD","age_ms":436,"ts":452296,"updates":43,"value":452}
1791638290.100 {"t":"ns","node":29544,"hash":2548334194,"owner":29544,"kind":"sampled","unit":100,"class":4,"bound_ms":5000,"quality":"GOOD","age_ms":450,"ts":452296,"updates":43,"value":2}
1791638300.247 {"t":"clk","node":29544,"up_ms":462758}
1791638300.247 {"t":"hs","up_s":462,"running":1,"sta":1,"has_ip":1,"ch":1,"rssi":-46,"clients":0,"reconnects":0,"int_free":205947,"psram_free":8336684,"boot_pick":1}
1791638300.247 {"t":"led","node":29544,"shows":"green","app":0}
1791638300.247 {"t":"event","at_ms":452487,"node":29544,"kind":"peer_admitted","peer":25344,"slot":0,"a":0,"b":0}
1791638300.247 {"t":"event","at_ms":453261,"node":29544,"kind":"peer_admitted","peer":33120,"slot":1,"a":0,"b":0}
1791638300.247 {"t":"event","at_ms":454487,"node":29544,"kind":"peer_admitted","peer":25344,"slot":0,"a":0,"b":0}
1791638300.247 {"t":"event","at_ms":455261,"node":29544,"kind":"peer_admitted","peer":33120,"slot":1,"a":0,"b":0}
1791638300.247 {"t":"event","at_ms":456487,"node":29544,"kind":"peer_admitted","peer":25344,"slot":0,"a":0,"b":0}
1791638300.247 {"t":"event","at_ms":457261,"node":29544,"kind":"peer_admitted","peer":33120,"slot":1,"a":0,"b":0}
1791638300.247 {"t":"event","at_ms":458487,"node":29544,"kind":"peer_admitted","peer":25344,"slot":0,"a":0,"b":0}
1791638300.247 {"t":"event","at_ms":459262,"node":29544,"kind":"peer_admitted","peer":33120,"slot":1,"a":0,"b":0}
1791638300.247 {"t":"event","at_ms":460487,"node":29544,"kind":"peer_admitted","peer":25344,"slot":0,"a":0,"b":0}
1791638300.247 {"t":"event","at_ms":461261,"node":29544,"kind":"peer_admitted","peer":33120,"slot":1,"a":0,"b":0}
1791638300.247 {"t":"event","at_ms":462487,"node":29544,"kind":"peer_admitted","peer":25344,"slot":0,"a":0,"b":0}
1791638300.247 {"t":"link","up_ms":462864,"node":29544,"peer":25344,"mac":"b8:1f:3f:da:63:00","state":"alive","epoch":245,"espnow_ver":2,"mtu":1446,"misses":0,"rssi":-28,"tx":{"frames":1543,"cb_ok":1530,"cb_fail":13,"enqueue_err":0,"pdr_ppm":991574},"rx":{"frames":6119,"lost_seqgap":6,"reorder_dup":0,"dropped_bad":0,"hb_lost":70,"bcast_frames":4505,"pdr_ppm":999020},"rtt":{"samples":228,"min_us":5531,"max_us":34074,"timeouts":3,"txq_last_us":2618,"txq_max_us":6755,"remote_turnaround_us":1028,"remote_turnaround_max_us":7841,"p50_us":[4000,6000],"p99_us":[11000,16000],"hist":[0,0,0,0,176,28,16,6,1,0,1,0,0,0,0,0]}}
1791638300.247 {"t":"link","up_ms":462926,"node":29544,"peer":33120,"mac":"b8:1f:3f:da:81:60","state":"alive","epoch":294,"espnow_ver":2,"mtu":1446,"misses":0,"rssi":-9,"tx":{"frames":1617,"cb_ok":1611,"cb_fail":6,"enqueue_err":0,"pdr_ppm":996289},"rx":{"frames":6352,"lost_seqgap":7,"reorder_dup":0,"dropped_bad":0,"hb_lost":44,"bcast_frames":4521,"pdr_ppm":998899},"rtt":{"samples":228,"min_us":5495,"max_us":53171,"timeouts":2,"txq_last_us":2555,"txq_max_us":22193,"remote_turnaround_us":984,"remote_turnaround_max_us":6147,"p50_us":[4000,6000],"p99_us":[30000,42000],"hist":[0,0,0,0,172,34,8,5,3,3,2,1,0,0,0,0]}}
1791638300.247 {"t":"auth","node":29544,"up_ms":462977,"enrolled":1,"required":1,"verified_peers":2,"verified":6,"cache_hits":458,"refused":0,"rate_limited":0,"stale_epoch":0,"verify_us_max":64574,"link_stack_free_b":1516,"crypto_stack_free_b":1276,"tags_ok":2983,"bad_tag":0,"replayed":0,"untagged":0,"bcast_dropped":0,"beacon_epoch_ignored":0,"tag_us_max":1317}
1791638300.247 {"t":"act","node":29544,"setpoint":0,"has_value":0,"writes_served":0}
1791638300.247 {"t":"peers","node":29544,"own_period_ms":100,"own_busy":1,"channel":1,"scanning":0,"scans":0,"hops":0,"found":0,"lost_to_found_ms":0,"moves_followed":0,"moves_refused":0,"sweeps":0,"sweep_found":0,"sweeping":0,"search_visits":0,"relay":1,"fwd_u":0,"fwd_b":9028,"fwd_h":464,"relay_dup":0,"list":[{"id":25344,"state":"alive","via_relay":0,"period_ms":100,"misses":6,"busy":0,"rtt_n":228},{"id":33120,"state":"alive","via_relay":0,"period_ms":100,"misses":6,"busy":0,"rtt_n":228}]}
1791638300.247 {"t":"ss","node":29544,"accepted":0,"unsigned":0,"unknown_sender":0,"bad_signature":0,"replayed":0,"rate_limited":0,"verify_us_max":0,"floors":[]}
1791638300.247 {"t":"rec","node":29544,"up_ms":463066,"settled":1,"sent":1851,"received":1677,"malformed":0,"views":8,"replies_fenced":0,"actors":[{"key":1245650351,"running":0,"term":0,"owner":25344,"owner_term":11,"assigned":25344,"starts":1,"fenced":0,"released":1}]}
1791638300.584 {"t":"node","up_ms":463091,"node":29544,"epoch":172,"peers_alive":2,"peers_dead":0,"no_radio":0,"free_dram":205947,"largest_block":131072,"rx":{"total":12483,"bad_frame":0,"unknown_peer":9,"wrong_dst":0,"short_payload":0,"unknown_opcode":0,"queue_dropped":6},"tx":{"total":8014,"enqueue_err":0,"done_queue_dropped":0},"membership":{"deaths":3,"revivals":1,"reboots_seen":2,"table_full":0,"events_dropped":0}}
1791638300.584 {"t":"ns","node":29544,"hash":96177158,"owner":29544,"kind":"sampled","unit":0,"class":4,"bound_ms":5000,"quality":"GOOD","age_ms":356,"ts":462773,"updates":44,"value":-27}
1791638300.584 {"t":"ns","node":29544,"hash":1162973580,"owner":29544,"kind":"sampled","unit":101,"class":4,"bound_ms":30000,"quality":"GOOD","age_ms":369,"ts":462773,"updates":44,"value":205947}
1791638300.584 {"t":"ns","node":29544,"hash":4013525678,"owner":29544,"kind":"sampled","unit":101,"class":4,"bound_ms":30000,"quality":"GOOD","age_ms":383,"ts":462773,"updates":44,"value":131072}
1791638300.584 {"t":"ns","node":29544,"hash":1245650351,"owner":25344,"kind":"sampled","unit":0,"class":3,"bound_ms":500,"quality":"NO_DATA","age_ms":0,"ts":0,"updates":0,"value":null}
1791638300.584 {"t":"ns","node":29544,"hash":2033492666,"owner":29544,"kind":"sampled","unit":0,"class":3,"bound_ms":0,"quality":"NO_DATA","age_ms":0,"ts":0,"updates":0,"value":null}
1791638300.584 {"t":"ns","node":29544,"hash":1303338069,"owner":29544,"kind":"sampled","unit":100,"class":4,"bound_ms":0,"quality":"GOOD","age_ms":422,"ts":462773,"updates":44,"value":172}
1791638300.584 {"t":"ns","node":29544,"hash":288706273,"owner":29544,"kind":"sampled","unit":80,"class":4,"bound_ms":30000,"quality":"GOOD","age_ms":447,"ts":462773,"updates":44,"value":462}
1791638300.584 {"t":"ns","node":29544,"hash":2548334194,"owner":29544,"kind":"sampled","unit":100,"class":4,"bound_ms":5000,"quality":"GOOD","age_ms":460,"ts":462773,"updates":44,"value":2}
1791638310.732 {"t":"clk","node":29544,"up_ms":473246}
1791638310.732 {"t":"hs","up_s":473,"running":1,"sta":1,"has_ip":1,"ch":1,"rssi":-45,"clients":0,"reconnects":0,"int_free":205947,"psram_free":8336684,"boot_pick":1}
1791638310.732 {"t":"led","node":29544,"shows":"green","app":0}
1791638310.732 {"t":"event","at_ms":463261,"node":29544,"kind":"peer_admitted","peer":33120,"slot":1,"a":0,"b":0}
1791638310.732 {"t":"event","at_ms":464487,"node":29544,"kind":"peer_admitted","peer":25344,"slot":0,"a":0,"b":0}
1791638310.732 {"t":"event","at_ms":465264,"node":29544,"kind":"peer_admitted","peer":33120,"slot":1,"a":0,"b":0}
1791638310.732 {"t":"event","at_ms":466489,"node":29544,"kind":"peer_admitted","peer":25344,"slot":0,"a":0,"b":0}
1791638310.732 {"t":"event","at_ms":467261,"node":29544,"kind":"peer_admitted","peer":33120,"slot":1,"a":0,"b":0}
1791638310.732 {"t":"event","at_ms":468490,"node":29544,"kind":"peer_admitted","peer":25344,"slot":0,"a":0,"b":0}
1791638310.732 {"t":"event","at_ms":469261,"node":29544,"kind":"peer_admitted","peer":33120,"slot":1,"a":0,"b":0}
1791638310.732 {"t":"event","at_ms":470487,"node":29544,"kind":"peer_admitted","peer":25344,"slot":0,"a":0,"b":0}
1791638310.732 {"t":"event","at_ms":471261,"node":29544,"kind":"peer_admitted","peer":33120,"slot":1,"a":0,"b":0}
1791638310.732 {"t":"event","at_ms":472487,"node":29544,"kind":"peer_admitted","peer":25344,"slot":0,"a":0,"b":0}
1791638310.732 {"t":"event","at_ms":473262,"node":29544,"kind":"peer_admitted","peer":33120,"slot":1,"a":0,"b":0}
1791638310.732 {"t":"link","up_ms":473353,"node":29544,"peer":25344,"mac":"b8:1f:3f:da:63:00","state":"alive","epoch":245,"espnow_ver":2,"mtu":1446,"misses":0,"rssi":-27,"tx":{"frames":1577,"cb_ok":1564,"cb_fail":13,"enqueue_err":0,"pdr_ppm":991756},"rx":{"frames":6260,"lost_seqgap":6,"reorder_dup":0,"dropped_bad":0,"hb_lost":72,"bcast_frames":4608,"pdr_ppm":999042},"rtt":{"samples":233,"min_us":5531,"max_us":34074,"timeouts":3,"txq_last_us":2554,"txq_max_us":6755,"remote_turnaround_us":1020,"remote_turnaround_max_us":7841,"p50_us":[4000,6000],"p99_us":[11000,16000],"hist":[0,0,0,0,181,28,16,6,1,0,1,0,0,0,0,0]}}
1791638310.732 {"t":"link","up_ms":473415,"node":29544,"peer":33120,"mac":"b8:1f:3f:da:81:60","state":"alive","epoch":294,"espnow_ver":2,"mtu":1446,"misses":0,"rssi":-9,"tx":{"frames":1654,"cb_ok":1648,"cb_fail":6,"enqueue_err":0,"pdr_ppm":996372},"rx":{"frames":6498,"lost_seqgap":7,"reorder_dup":0,"dropped_bad":0,"hb_lost":44,"bcast_frames":4626,"pdr_ppm":998923},"rtt":{"samples":233,"min_us":5495,"max_us":53171,"timeouts":2,"txq_last_us":2537,"txq_max_us":22193,"remote_turnaround_us":978,"remote_turnaround_max_us":6147,"p50_us":[4000,6000],"p99_us":[30000,42000],"hist":[0,0,0,0,177,34,8,5,3,3,2,1,0,0,0,0]}}
1791638310.732 {"t":"auth","node":29544,"up_ms":473467,"enrolled":1,"required":1,"verified_peers":2,"verified":6,"cache_hits":469,"refused":0,"rate_limited":0,"stale_epoch":0,"verify_us_max":64574,"link_stack_free_b":1516,"crypto_stack_free_b":1276,"tags_ok":3052,"bad_tag":0,"replayed":0,"untagged":0,"bcast_dropped":0,"beacon_epoch_ignored":0,"tag_us_max":1317}
1791638310.732 {"t":"act","node":29544,"setpoint":0,"has_value":0,"writes_served":0}
1791638310.732 {"t":"peers","node":29544,"own_period_ms":100,"own_busy":1,"channel":1,"scanning":0,"scans":0,"hops":0,"found":0,"lost_to_found_ms":0,"moves_followed":0,"moves_refused":0,"sweeps":0,"sweep_found":0,"sweeping":0,"search_visits":0,"relay":1,"fwd_u":0,"fwd_b":9236,"fwd_h":475,"relay_dup":0,"list":[{"id":25344,"state":"alive","via_relay":0,"period_ms":100,"misses":6,"busy":0,"rtt_n":233},{"id":33120,"state":"alive","via_relay":0,"period_ms":100,"misses":6,"busy":0,"rtt_n":233}]}
1791638310.732 {"t":"ss","node":29544,"accepted":0,"unsigned":0,"unknown_sender":0,"bad_signature":0,"replayed":0,"rate_limited":0,"verify_us_max":0,"floors":[]}
1791638310.732 {"t":"rec","node":29544,"up_ms":473556,"settled":1,"sent":1893,"received":1719,"malformed":0,"views":8,"replies_fenced":0,"actors":[{"key":1245650351,"running":0,"term":0,"owner":25344,"owner_term":11,"assigned":25344,"starts":1,"fenced":0,"released":1}]}
1791638311.074 {"t":"node","up_ms":473581,"node":29544,"epoch":172,"peers_alive":2,"peers_dead":0,"no_radio":0,"free_dram":205947,"largest_block":131072,"rx":{"total":12771,"bad_frame":0,"unknown_peer":9,"wrong_dst":0,"short_payload":0,"unknown_opcode":0,"queue_dropped":6},"tx":{"total":8196,"enqueue_err":0,"done_queue_dropped":0},"membership":{"deaths":3,"revivals":1,"reboots_seen":2,"table_full":0,"events_dropped":0}}
1791638311.074 {"t":"ns","node":29544,"hash":96177158,"owner":29544,"kind":"sampled","unit":0,"class":4,"bound_ms":5000,"quality":"GOOD","age_ms":346,"ts":473262,"updates":45,"value":-27}
1791638311.074 {"t":"ns","node":29544,"hash":1162973580,"owner":29544,"kind":"sampled","unit":101,"class":4,"bound_ms":30000,"quality":"GOOD","age_ms":360,"ts":473262,"updates":45,"value":205323}
1791638311.074 {"t":"ns","node":29544,"hash":4013525678,"owner":29544,"kind":"sampled","unit":101,"class":4,"bound_ms":30000,"quality":"GOOD","age_ms":384,"ts":473262,"updates":45,"value":131072}
1791638311.074 {"t":"ns","node":29544,"hash":1245650351,"owner":25344,"kind":"sampled","unit":0,"class":3,"bound_ms":500,"quality":"NO_DATA","age_ms":0,"ts":0,"updates":0,"value":null}
1791638311.074 {"t":"ns","node":29544,"hash":2033492666,"owner":29544,"kind":"sampled","unit":0,"class":3,"bound_ms":0,"quality":"NO_DATA","age_ms":0,"ts":0,"updates":0,"value":null}
1791638311.074 {"t":"ns","node":29544,"hash":1303338069,"owner":29544,"kind":"sampled","unit":100,"class":4,"bound_ms":0,"quality":"GOOD","age_ms":424,"ts":473262,"updates":45,"value":172}
1791638311.074 {"t":"ns","node":29544,"hash":288706273,"owner":29544,"kind":"sampled","unit":80,"class":4,"bound_ms":30000,"quality":"GOOD","age_ms":438,"ts":473262,"updates":45,"value":473}
1791638311.074 {"t":"ns","node":29544,"hash":2548334194,"owner":29544,"kind":"sampled","unit":100,"class":4,"bound_ms":5000,"quality":"GOOD","age_ms":451,"ts":473262,"updates":45,"value":2}
1791638321.224 {"t":"clk","node":29544,"up_ms":483737}
1791638321.224 {"t":"hs","up_s":483,"running":1,"sta":1,"has_ip":1,"ch":1,"rssi":-46,"clients":0,"reconnects":0,"int_free":205947,"psram_free":8336684,"boot_pick":1}
1791638321.224 {"t":"led","node":29544,"shows":"green","app":0}
1791638321.224 {"t":"event","at_ms":474491,"node":29544,"kind":"peer_admitted","peer":25344,"slot":0,"a":0,"b":0}
1791638321.224 {"t":"event","at_ms":475261,"node":29544,"kind":"peer_admitted","peer":33120,"slot":1,"a":0,"b":0}
1791638321.224 {"t":"event","at_ms":476487,"node":29544,"kind":"peer_admitted","peer":25344,"slot":0,"a":0,"b":0}
1791638321.224 {"t":"event","at_ms":477261,"node":29544,"kind":"peer_admitted","peer":33120,"slot":1,"a":0,"b":0}
1791638321.224 {"t":"event","at_ms":478507,"node":29544,"kind":"peer_admitted","peer":25344,"slot":0,"a":0,"b":0}
1791638321.224 {"t":"event","at_ms":479261,"node":29544,"kind":"peer_admitted","peer":33120,"slot":1,"a":0,"b":0}
1791638321.224 {"t":"event","at_ms":480487,"node":29544,"kind":"peer_admitted","peer":25344,"slot":0,"a":0,"b":0}
1791638321.224 {"t":"event","at_ms":481261,"node":29544,"kind":"peer_admitted","peer":33120,"slot":1,"a":0,"b":0}
1791638321.224 {"t":"event","at_ms":482487,"node":29544,"kind":"peer_admitted","peer":25344,"slot":0,"a":0,"b":0}
1791638321.224 {"t":"event","at_ms":483261,"node":29544,"kind":"peer_admitted","peer":33120,"slot":1,"a":0,"b":0}
1791638321.224 {"t":"link","up_ms":483841,"node":29544,"peer":25344,"mac":"b8:1f:3f:da:63:00","state":"alive","epoch":245,"espnow_ver":2,"mtu":1446,"misses":0,"rssi":-27,"tx":{"frames":1612,"cb_ok":1599,"cb_fail":13,"enqueue_err":0,"pdr_ppm":991935},"rx":{"frames":6404,"lost_seqgap":6,"reorder_dup":0,"dropped_bad":0,"hb_lost":73,"bcast_frames":4712,"pdr_ppm":999063},"rtt":{"samples":238,"min_us":5531,"max_us":34074,"timeouts":3,"txq_last_us":2553,"txq_max_us":6755,"remote_turnaround_us":1034,"remote_turnaround_max_us":7841,"p50_us":[4000,6000],"p99_us":[11000,16000],"hist":[0,0,0,0,184,30,16,6,1,0,1,0,0,0,0,0]}}
1791638321.224 {"t":"link","up_ms":483892,"node":29544,"peer":33120,"mac":"b8:1f:3f:da:81:60","state":"alive","epoch":294,"espnow_ver":2,"mtu":1446,"misses":0,"rssi":-9,"tx":{"frames":1691,"cb_ok":1684,"cb_fail":6,"enqueue_err":0,"pdr_ppm":996449},"rx":{"frames":6644,"lost_seqgap":7,"reorder_dup":0,"dropped_bad":0,"hb_lost":44,"bcast_frames":4730,"pdr_ppm":998947},"rtt":{"samples":239,"min_us":5495,"max_us":53171,"timeouts":2,"txq_last_us":2643,"txq_max_us":22193,"remote_turnaround_us":969,"remote_turnaround_max_us":6147,"p50_us":[4000,6000],"p99_us":[30000,42000],"hist":[0,0,0,0,182,35,8,5,3,3,2,1,0,0,0,0]}}
1791638321.224 {"t":"auth","node":29544,"up_ms":483944,"enrolled":1,"required":1,"verified_peers":2,"verified":6,"cache_hits":479,"refused":0,"rate_limited":0,"stale_epoch":0,"verify_us_max":64574,"link_stack_free_b":1516,"crypto_stack_free_b":1276,"tags_ok":3124,"bad_tag":0,"replayed":0,"untagged":0,"bcast_dropped":0,"beacon_epoch_ignored":0,"tag_us_max":1491}
1791638321.224 {"t":"act","node":29544,"setpoint":0,"has_value":0,"writes_served":0}
1791638321.224 {"t":"peers","node":29544,"own_period_ms":100,"own_busy":1,"channel":1,"scanning":0,"scans":0,"hops":0,"found":0,"lost_to_found_ms":0,"moves_followed":0,"moves_refused":0,"sweeps":0,"sweep_found":0,"sweeping":0,"search_visits":0,"relay":1,"fwd_u":0,"fwd_b":9444,"fwd_h":485,"relay_dup":0,"list":[{"id":25344,"state":"alive","via_relay":0,"period_ms":100,"misses":6,"busy":0,"rtt_n":238},{"id":33120,"state":"alive","via_relay":0,"period_ms":100,"misses":6,"busy":0,"rtt_n":239}]}
1791638321.224 {"t":"ss","node":29544,"accepted":0,"unsigned":0,"unknown_sender":0,"bad_signature":0,"replayed":0,"rate_limited":0,"verify_us_max":0,"floors":[]}
1791638321.224 {"t":"rec","node":29544,"up_ms":484033,"settled":1,"sent":1935,"received":1761,"malformed":0,"views":8,"replies_fenced":0,"actors":[{"key":1245650351,"running":0,"term":0,"owner":25344,"owner_term":11,"assigned":25344,"starts":1,"fenced":0,"released":1}]}
1791638321.562 {"t":"node","up_ms":484059,"node":29544,"epoch":172,"peers_alive":2,"peers_dead":0,"no_radio":0,"free_dram":205947,"largest_block":131072,"rx":{"total":13063,"bad_frame":0,"unknown_peer":9,"wrong_dst":0,"short_payload":0,"unknown_opcode":0,"queue_dropped":6},"tx":{"total":8378,"enqueue_err":0,"done_queue_dropped":0},"membership":{"deaths":3,"revivals":1,"reboots_seen":2,"table_full":0,"events_dropped":0}}
1791638321.562 {"t":"ns","node":29544,"hash":96177158,"owner":29544,"kind":"sampled","unit":0,"class":4,"bound_ms":5000,"quality":"GOOD","age_ms":345,"ts":483752,"updates":46,"value":-27}
1791638321.562 {"t":"ns","node":29544,"hash":1162973580,"owner":29544,"kind":"sampled","unit":101,"class":4,"bound_ms":30000,"quality":"GOOD","age_ms":358,"ts":483752,"updates":46,"value":205947}
1791638321.562 {"t":"ns","node":29544,"hash":4013525678,"owner":29544,"kind":"sampled","unit":101,"class":4,"bound_ms":30000,"quality":"GOOD","age_ms":371,"ts":483752,"updates":46,"value":131072}
1791638321.562 {"t":"ns","node":29544,"hash":1245650351,"owner":25344,"kind":"sampled","unit":0,"class":3,"bound_ms":500,"quality":"NO_DATA","age_ms":0,"ts":0,"updates":0,"value":null}
1791638321.562 {"t":"ns","node":29544,"hash":2033492666,"owner":29544,"kind":"sampled","unit":0,"class":3,"bound_ms":0,"quality":"NO_DATA","age_ms":0,"ts":0,"updates":0,"value":null}
1791638321.562 {"t":"ns","node":29544,"hash":1303338069,"owner":29544,"kind":"sampled","unit":100,"class":4,"bound_ms":0,"quality":"GOOD","age_ms":422,"ts":483752,"updates":46,"value":172}
1791638321.562 {"t":"ns","node":29544,"hash":288706273,"owner":29544,"kind":"sampled","unit":80,"class":4,"bound_ms":30000,"quality":"GOOD","age_ms":435,"ts":483752,"updates":46,"value":483}
1791638321.562 {"t":"ns","node":29544,"hash":2548334194,"owner":29544,"kind":"sampled","unit":100,"class":4,"bound_ms":5000,"quality":"GOOD","age_ms":448,"ts":483752,"updates":46,"value":2}
1791638331.699 {"t":"clk","node":29544,"up_ms":494213}
1791638331.699 {"t":"hs","up_s":494,"running":1,"sta":1,"has_ip":1,"ch":1,"rssi":-46,"clients":0,"reconnects":0,"int_free":205947,"psram_free":8336684,"boot_pick":1}
1791638331.699 {"t":"led","node":29544,"shows":"green","app":0}
1791638331.699 {"t":"event","at_ms":484487,"node":29544,"kind":"peer_admitted","peer":25344,"slot":0,"a":0,"b":0}
1791638331.699 {"t":"event","at_ms":485261,"node":29544,"kind":"peer_admitted","peer":33120,"slot":1,"a":0,"b":0}
1791638331.699 {"t":"event","at_ms":486487,"node":29544,"kind":"peer_admitted","peer":25344,"slot":0,"a":0,"b":0}
1791638331.699 {"t":"event","at_ms":487261,"node":29544,"kind":"peer_admitted","peer":33120,"slot":1,"a":0,"b":0}
1791638331.699 {"t":"event","at_ms":488487,"node":29544,"kind":"peer_admitted","peer":25344,"slot":0,"a":0,"b":0}
1791638331.699 {"t":"event","at_ms":489261,"node":29544,"kind":"peer_admitted","peer":33120,"slot":1,"a":0,"b":0}
1791638331.699 {"t":"event","at_ms":490487,"node":29544,"kind":"peer_admitted","peer":25344,"slot":0,"a":0,"b":0}
1791638331.699 {"t":"event","at_ms":491261,"node":29544,"kind":"peer_admitted","peer":33120,"slot":1,"a":0,"b":0}
1791638331.699 {"t":"event","at_ms":492487,"node":29544,"kind":"peer_admitted","peer":25344,"slot":0,"a":0,"b":0}
1791638331.699 {"t":"event","at_ms":493261,"node":29544,"kind":"peer_admitted","peer":33120,"slot":1,"a":0,"b":0}
1791638331.699 {"t":"link","up_ms":494317,"node":29544,"peer":25344,"mac":"b8:1f:3f:da:63:00","state":"alive","epoch":245,"espnow_ver":2,"mtu":1446,"misses":0,"rssi":-28,"tx":{"frames":1646,"cb_ok":1633,"cb_fail":13,"enqueue_err":0,"pdr_ppm":992102},"rx":{"frames":6548,"lost_seqgap":6,"reorder_dup":0,"dropped_bad":0,"hb_lost":73,"bcast_frames":4816,"pdr_ppm":999084},"rtt":{"samples":243,"min_us":5531,"max_us":34074,"timeouts":3,"txq_last_us":2571,"txq_max_us":6755,"remote_turnaround_us":1020,"remote_turnaround_max_us":7841,"p50_us":[4000,6000],"p99_us":[11000,16000],"hist":[0,0,0,0,189,30,16,6,1,0,1,0,0,0,0,0]}}
1791638331.699 {"t":"link","up_ms":494368,"node":29544,"peer":33120,"mac":"b8:1f:3f:da:81:60","state":"alive","epoch":294,"espnow_ver":2,"mtu":1446,"misses":0,"rssi":-9,"tx":{"frames":1727,"cb_ok":1721,"cb_fail":6,"enqueue_err":0,"pdr_ppm":996525},"rx":{"frames":6792,"lost_seqgap":7,"reorder_dup":0,"dropped_bad":0,"hb_lost":44,"bcast_frames":4835,"pdr_ppm":998970},"rtt":{"samples":244,"min_us":5495,"max_us":53171,"timeouts":2,"txq_last_us":2844,"txq_max_us":22193,"remote_turnaround_us":958,"remote_turnaround_max_us":6147,"p50_us":[4000,6000],"p99_us":[30000,42000],"hist":[0,0,0,0,186,36,8,5,3,3,2,1,0,0,0,0]}}
1791638331.699 {"t":"auth","node":29544,"up_ms":494419,"enrolled":1,"required":1,"verified_peers":2,"verified":6,"cache_hits":489,"refused":0,"rate_limited":0,"stale_epoch":0,"verify_us_max":64574,"link_stack_free_b":1516,"crypto_stack_free_b":1276,"tags_ok":3195,"bad_tag":0,"replayed":0,"untagged":0,"bcast_dropped":0,"beacon_epoch_ignored":0,"tag_us_max":1491}
1791638331.699 {"t":"act","node":29544,"setpoint":0,"has_value":0,"writes_served":0}
1791638331.699 {"t":"peers","node":29544,"own_period_ms":100,"own_busy":1,"channel":1,"scanning":0,"scans":0,"hops":0,"found":0,"lost_to_found_ms":0,"moves_followed":0,"moves_refused":0,"sweeps":0,"sweep_found":0,"sweeping":0,"search_visits":0,"relay":1,"fwd_u":0,"fwd_b":9654,"fwd_h":495,"relay_dup":0,"list":[{"id":25344,"state":"alive","via_relay":0,"period_ms":100,"misses":6,"busy":0,"rtt_n":243},{"id":33120,"state":"alive","via_relay":0,"period_ms":100,"misses":6,"busy":0,"rtt_n":244}]}
1791638331.699 {"t":"ss","node":29544,"accepted":0,"unsigned":0,"unknown_sender":0,"bad_signature":0,"replayed":0,"rate_limited":0,"verify_us_max":0,"floors":[]}
1791638331.699 {"t":"rec","node":29544,"up_ms":494509,"settled":1,"sent":1977,"received":1803,"malformed":0,"views":8,"replies_fenced":0,"actors":[{"key":1245650351,"running":0,"term":0,"owner":25344,"owner_term":11,"assigned":25344,"starts":1,"fenced":0,"released":1}]}
1791638332.029 {"t":"node","up_ms":494535,"node":29544,"epoch":172,"peers_alive":2,"peers_dead":0,"no_radio":0,"free_dram":205947,"largest_block":131072,"rx":{"total":13356,"bad_frame":0,"unknown_peer":9,"wrong_dst":0,"short_payload":0,"unknown_opcode":0,"queue_dropped":6},"tx":{"total":8561,"enqueue_err":0,"done_queue_dropped":0},"membership":{"deaths":3,"revivals":1,"reboots_seen":2,"table_full":0,"events_dropped":0}}
1791638332.029 {"t":"ns","node":29544,"hash":96177158,"owner":29544,"kind":"sampled","unit":0,"class":4,"bound_ms":5000,"quality":"GOOD","age_ms":344,"ts":494228,"updates":47,"value":-28}
1791638332.029 {"t":"ns","node":29544,"hash":1162973580,"owner":29544,"kind":"sampled","unit":101,"class":4,"bound_ms":30000,"quality":"GOOD","age_ms":358,"ts":494228,"updates":47,"value":205947}
1791638332.029 {"t":"ns","node":29544,"hash":4013525678,"owner":29544,"kind":"sampled","unit":101,"class":4,"bound_ms":30000,"quality":"GOOD","age_ms":371,"ts":494228,"updates":47,"value":131072}
1791638332.029 {"t":"ns","node":29544,"hash":1245650351,"owner":25344,"kind":"sampled","unit":0,"class":3,"bound_ms":500,"quality":"NO_DATA","age_ms":0,"ts":0,"updates":0,"value":null}
1791638332.029 {"t":"ns","node":29544,"hash":2033492666,"owner":29544,"kind":"sampled","unit":0,"class":3,"bound_ms":0,"quality":"NO_DATA","age_ms":0,"ts":0,"updates":0,"value":null}
1791638332.029 {"t":"ns","node":29544,"hash":1303338069,"owner":29544,"kind":"sampled","unit":100,"class":4,"bound_ms":0,"quality":"GOOD","age_ms":423,"ts":494228,"updates":47,"value":172}
1791638332.029 {"t":"ns","node":29544,"hash":288706273,"owner":29544,"kind":"sampled","unit":80,"class":4,"bound_ms":30000,"quality":"GOOD","age_ms":436,"ts":494228,"updates":47,"value":494}
1791638332.029 {"t":"ns","node":29544,"hash":2548334194,"owner":29544,"kind":"sampled","unit":100,"class":4,"bound_ms":5000,"quality":"GOOD","age_ms":449,"ts":494228,"updates":47,"value":2}
1791638342.178 {"t":"clk","node":29544,"up_ms":504690}
1791638342.178 {"t":"hs","up_s":504,"running":1,"sta":1,"has_ip":1,"ch":1,"rssi":-45,"clients":0,"reconnects":0,"int_free":205947,"psram_free":8336684,"boot_pick":1}
1791638342.178 {"t":"led","node":29544,"shows":"green","app":0}
1791638342.178 {"t":"event","at_ms":494488,"node":29544,"kind":"peer_admitted","peer":25344,"slot":0,"a":0,"b":0}
1791638342.178 {"t":"event","at_ms":495261,"node":29544,"kind":"peer_admitted","peer":33120,"slot":1,"a":0,"b":0}
1791638342.178 {"t":"event","at_ms":496487,"node":29544,"kind":"peer_admitted","peer":25344,"slot":0,"a":0,"b":0}
1791638342.178 {"t":"event","at_ms":497261,"node":29544,"kind":"peer_admitted","peer":33120,"slot":1,"a":0,"b":0}
1791638342.178 {"t":"event","at_ms":498487,"node":29544,"kind":"peer_admitted","peer":25344,"slot":0,"a":0,"b":0}
1791638342.178 {"t":"event","at_ms":499262,"node":29544,"kind":"peer_admitted","peer":33120,"slot":1,"a":0,"b":0}
1791638342.178 {"t":"event","at_ms":500487,"node":29544,"kind":"peer_admitted","peer":25344,"slot":0,"a":0,"b":0}
1791638342.178 {"t":"event","at_ms":501261,"node":29544,"kind":"peer_admitted","peer":33120,"slot":1,"a":0,"b":0}
1791638342.178 {"t":"event","at_ms":502487,"node":29544,"kind":"peer_admitted","peer":25344,"slot":0,"a":0,"b":0}
1791638342.178 {"t":"event","at_ms":503261,"node":29544,"kind":"peer_admitted","peer":33120,"slot":1,"a":0,"b":0}
1791638342.178 {"t":"event","at_ms":504487,"node":29544,"kind":"peer_admitted","peer":25344,"slot":0,"a":0,"b":0}
1791638342.178 {"t":"link","up_ms":504807,"node":29544,"peer":25344,"mac":"b8:1f:3f:da:63:00","state":"alive","epoch":245,"espnow_ver":2,"mtu":1446,"misses":0,"rssi":-27,"tx":{"frames":1682,"cb_ok":1669,"cb_fail":13,"enqueue_err":0,"pdr_ppm":992271},"rx":{"frames":6694,"lost_seqgap":6,"reorder_dup":0,"dropped_bad":0,"hb_lost":73,"bcast_frames":4921,"pdr_ppm":999104},"rtt":{"samples":248,"min_us":5531,"max_us":34074,"timeouts":3,"txq_last_us":2562,"txq_max_us":6755,"remote_turnaround_us":1019,"remote_turnaround_max_us":7841,"p50_us":[4000,6000],"p99_us":[11000,16000],"hist":[0,0,0,0,194,30,16,6,1,0,1,0,0,0,0,0]}}
1791638342.178 {"t":"link","up_ms":504858,"node":29544,"peer":33120,"mac":"b8:1f:3f:da:81:60","state":"alive","epoch":294,"espnow_ver":2,"mtu":1446,"misses":0,"rssi":-9,"tx":{"frames":1763,"cb_ok":1757,"cb_fail":6,"enqueue_err":0,"pdr_ppm":996596},"rx":{"frames":6938,"lost_seqgap":7,"reorder_dup":0,"dropped_bad":0,"hb_lost":44,"bcast_frames":4940,"pdr_ppm":998992},"rtt":{"samples":249,"min_us":5495,"max_us":53171,"timeouts":2,"txq_last_us":2565,"txq_max_us":22193,"remote_turnaround_us":970,"remote_turnaround_max_us":6147,"p50_us":[4000,6000],"p99_us":[30000,42000],"hist":[0,0,0,0,191,36,8,5,3,3,2,1,0,0,0,0]}}
1791638342.178 {"t":"auth","node":29544,"up_ms":504910,"enrolled":1,"required":1,"verified_peers":2,"verified":6,"cache_hits":500,"refused":0,"rate_limited":0,"stale_epoch":0,"verify_us_max":64574,"link_stack_free_b":1516,"crypto_stack_free_b":1276,"tags_ok":3267,"bad_tag":0,"replayed":0,"untagged":0,"bcast_dropped":0,"beacon_epoch_ignored":0,"tag_us_max":1491}
1791638342.178 {"t":"act","node":29544,"setpoint":0,"has_value":0,"writes_served":0}
1791638342.178 {"t":"peers","node":29544,"own_period_ms":100,"own_busy":1,"channel":1,"scanning":0,"scans":0,"hops":0,"found":0,"lost_to_found_ms":0,"moves_followed":0,"moves_refused":0,"sweeps":0,"sweep_found":0,"sweeping":0,"search_visits":0,"relay":1,"fwd_u":0,"fwd_b":9864,"fwd_h":506,"relay_dup":0,"list":[{"id":25344,"state":"alive","via_relay":0,"period_ms":100,"misses":6,"busy":0,"rtt_n":249},{"id":33120,"state":"alive","via_relay":0,"period_ms":100,"misses":6,"busy":0,"rtt_n":249}]}
1791638342.178 {"t":"ss","node":29544,"accepted":0,"unsigned":0,"unknown_sender":0,"bad_signature":0,"replayed":0,"rate_limited":0,"verify_us_max":0,"floors":[]}
1791638342.178 {"t":"rec","node":29544,"up_ms":505000,"settled":1,"sent":2019,"received":1845,"malformed":0,"views":8,"replies_fenced":0,"actors":[{"key":1245650351,"running":0,"term":0,"owner":25344,"owner_term":11,"assigned":25344,"starts":1,"fenced":0,"released":1}]}
1791638342.517 {"t":"node","up_ms":505025,"node":29544,"epoch":172,"peers_alive":2,"peers_dead":0,"no_radio":0,"free_dram":205947,"largest_block":131072,"rx":{"total":13647,"bad_frame":0,"unknown_peer":9,"wrong_dst":0,"short_payload":0,"unknown_opcode":0,"queue_dropped":6},"tx":{"total":8742,"enqueue_err":0,"done_queue_dropped":0},"membership":{"deaths":3,"revivals":1,"reboots_seen":2,"table_full":0,"events_dropped":0}}
1791638342.517 {"t":"ns","node":29544,"hash":96177158,"owner":29544,"kind":"sampled","unit":0,"class":4,"bound_ms":5000,"quality":"GOOD","age_ms":346,"ts":504705,"updates":48,"value":-27}
1791638342.517 {"t":"ns","node":29544,"hash":1162973580,"owner":29544,"kind":"sampled","unit":101,"class":4,"bound_ms":30000,"quality":"GOOD","age_ms":371,"ts":504705,"updates":48,"value":205947}
1791638342.517 {"t":"ns","node":29544,"hash":4013525678,"owner":29544,"kind":"sampled","unit":101,"class":4,"bound_ms":30000,"quality":"GOOD","age_ms":384,"ts":504705,"updates":48,"value":131072}
1791638342.517 {"t":"ns","node":29544,"hash":1245650351,"owner":25344,"kind":"sampled","unit":0,"class":3,"bound_ms":500,"quality":"NO_DATA","age_ms":0,"ts":0,"updates":0,"value":null}
1791638342.517 {"t":"ns","node":29544,"hash":2033492666,"owner":29544,"kind":"sampled","unit":0,"class":3,"bound_ms":0,"quality":"NO_DATA","age_ms":0,"ts":0,"updates":0,"value":null}
1791638342.517 {"t":"ns","node":29544,"hash":1303338069,"owner":29544,"kind":"sampled","unit":100,"class":4,"bound_ms":0,"quality":"GOOD","age_ms":423,"ts":504705,"updates":48,"value":172}
1791638342.517 {"t":"ns","node":29544,"hash":288706273,"owner":29544,"kind":"sampled","unit":80,"class":4,"bound_ms":30000,"quality":"GOOD","age_ms":448,"ts":504705,"updates":48,"value":504}
1791638342.517 {"t":"ns","node":29544,"hash":2548334194,"owner":29544,"kind":"sampled","unit":100,"class":4,"bound_ms":5000,"quality":"GOOD","age_ms":461,"ts":504705,"updates":48,"value":2}
1791638352.661 {"t":"clk","node":29544,"up_ms":515179}
1791638352.661 {"t":"hs","up_s":515,"running":1,"sta":1,"has_ip":1,"ch":1,"rssi":-46,"clients":0,"reconnects":0,"int_free":205947,"psram_free":8336684,"boot_pick":1}
1791638352.661 {"t":"led","node":29544,"shows":"green","app":0}
1791638352.661 {"t":"event","at_ms":505261,"node":29544,"kind":"peer_admitted","peer":33120,"slot":1,"a":0,"b":0}
1791638352.661 {"t":"event","at_ms":506487,"node":29544,"kind":"peer_admitted","peer":25344,"slot":0,"a":0,"b":0}
1791638352.661 {"t":"event","at_ms":507261,"node":29544,"kind":"peer_admitted","peer":33120,"slot":1,"a":0,"b":0}
1791638352.661 {"t":"event","at_ms":508487,"node":29544,"kind":"peer_admitted","peer":25344,"slot":0,"a":0,"b":0}
1791638352.661 {"t":"event","at_ms":509261,"node":29544,"kind":"peer_admitted","peer":33120,"slot":1,"a":0,"b":0}
1791638352.661 {"t":"event","at_ms":510487,"node":29544,"kind":"peer_admitted","peer":25344,"slot":0,"a":0,"b":0}
1791638352.661 {"t":"event","at_ms":511261,"node":29544,"kind":"peer_admitted","peer":33120,"slot":1,"a":0,"b":0}
1791638352.661 {"t":"event","at_ms":512487,"node":29544,"kind":"peer_admitted","peer":25344,"slot":0,"a":0,"b":0}
1791638352.661 {"t":"event","at_ms":513261,"node":29544,"kind":"peer_admitted","peer":33120,"slot":1,"a":0,"b":0}
1791638352.661 {"t":"event","at_ms":514487,"node":29544,"kind":"peer_admitted","peer":25344,"slot":0,"a":0,"b":0}
1791638352.661 {"t":"event","at_ms":515261,"node":29544,"kind":"peer_admitted","peer":33120,"slot":1,"a":0,"b":0}
1791638352.661 {"t":"link","up_ms":515288,"node":29544,"peer":25344,"mac":"b8:1f:3f:da:63:00","state":"alive","epoch":245,"espnow_ver":2,"mtu":1446,"misses":0,"rssi":-27,"tx":{"frames":1717,"cb_ok":1704,"cb_fail":13,"enqueue_err":0,"pdr_ppm":992428},"rx":{"frames":6839,"lost_seqgap":6,"reorder_dup":0,"dropped_bad":0,"hb_lost":73,"bcast_frames":5026,"pdr_ppm":999123},"rtt":{"samples":254,"min_us":5531,"max_us":34074,"timeouts":3,"txq_last_us":2570,"txq_max_us":6755,"remote_turnaround_us":1001,"remote_turnaround_max_us":7841,"p50_us":[4000,6000],"p99_us":[11000,16000],"hist":[0,0,0,0,198,31,17,6,1,0,1,0,0,0,0,0]}}
1791638352.661 {"t":"link","up_ms":515338,"node":29544,"peer":33120,"mac":"b8:1f:3f:da:81:60","state":"alive","epoch":294,"espnow_ver":2,"mtu":1446,"misses":0,"rssi":-9,"tx":{"frames":1800,"cb_ok":1794,"cb_fail":6,"enqueue_err":0,"pdr_ppm":996666},"rx":{"frames":7085,"lost_seqgap":7,"reorder_dup":0,"dropped_bad":0,"hb_lost":44,"bcast_frames":5045,"pdr_ppm":999012},"rtt":{"samples":254,"min_us":5495,"max_us":53171,"timeouts":2,"txq_last_us":2549,"txq_max_us":22193,"remote_turnaround_us":953,"remote_turnaround_max_us":6147,"p50_us":[4000,6000],"p99_us":[30000,42000],"hist":[0,0,0,0,196,36,8,5,3,3,2,1,0,0,0,0]}}
1791638352.661 {"t":"auth","node":29544,"up_ms":515401,"enrolled":1,"required":1,"verified_peers":2,"verified":6,"cache_hits":511,"refused":0,"rate_limited":0,"stale_epoch":0,"verify_us_max":64574,"link_stack_free_b":1516,"crypto_stack_free_b":1276,"tags_ok":3336,"bad_tag":0,"replayed":0,"untagged":0,"bcast_dropped":0,"beacon_epoch_ignored":0,"tag_us_max":1491}
1791638352.661 {"t":"act","node":29544,"setpoint":0,"has_value":0,"writes_served":0}
1791638352.661 {"t":"peers","node":29544,"own_period_ms":100,"own_busy":1,"channel":1,"scanning":0,"scans":0,"hops":0,"found":0,"lost_to_found_ms":0,"moves_followed":0,"moves_refused":0,"sweeps":0,"sweep_found":0,"sweeping":0,"search_visits":0,"relay":1,"fwd_u":0,"fwd_b":10074,"fwd_h":517,"relay_dup":0,"list":[{"id":25344,"state":"alive","via_relay":0,"period_ms":100,"misses":6,"busy":0,"rtt_n":254},{"id":33120,"state":"alive","via_relay":0,"period_ms":100,"misses":6,"busy":0,"rtt_n":254}]}
1791638352.661 {"t":"ss","node":29544,"accepted":0,"unsigned":0,"unknown_sender":0,"bad_signature":0,"replayed":0,"rate_limited":0,"verify_us_max":0,"floors":[]}
1791638352.661 {"t":"rec","node":29544,"up_ms":515490,"settled":1,"sent":2061,"received":1887,"malformed":0,"views":8,"replies_fenced":0,"actors":[{"key":1245650351,"running":0,"term":0,"owner":25344,"owner_term":11,"assigned":25344,"starts":1,"fenced":0,"released":1}]}
1791638353.014 {"t":"node","up_ms":515504,"node":29544,"epoch":172,"peers_alive":2,"peers_dead":0,"no_radio":0,"free_dram":205947,"largest_block":131072,"rx":{"total":13938,"bad_frame":0,"unknown_peer":9,"wrong_dst":0,"short_payload":0,"unknown_opcode":0,"queue_dropped":6},"tx":{"total":8924,"enqueue_err":0,"done_queue_dropped":0},"membership":{"deaths":3,"revivals":1,"reboots_seen":2,"table_full":0,"events_dropped":0}}
1791638353.014 {"t":"ns","node":29544,"hash":96177158,"owner":29544,"kind":"sampled","unit":0,"class":4,"bound_ms":5000,"quality":"GOOD","age_ms":347,"ts":515195,"updates":49,"value":-27}
1791638353.014 {"t":"ns","node":29544,"hash":1162973580,"owner":29544,"kind":"sampled","unit":101,"class":4,"bound_ms":30000,"quality":"GOOD","age_ms":361,"ts":515194,"updates":49,"value":205743}
1791638353.014 {"t":"ns","node":29544,"hash":4013525678,"owner":29544,"kind":"sampled","unit":101,"class":4,"bound_ms":30000,"quality":"GOOD","age_ms":385,"ts":515195,"updates":49,"value":131072}
1791638353.014 {"t":"ns","node":29544,"hash":1245650351,"owner":25344,"kind":"sampled","unit":0,"class":3,"bound_ms":500,"quality":"NO_DATA","age_ms":0,"ts":0,"updates":0,"value":null}
1791638353.014 {"t":"ns","node":29544,"hash":2033492666,"owner":29544,"kind":"sampled","unit":0,"class":3,"bound_ms":0,"quality":"NO_DATA","age_ms":0,"ts":0,"updates":0,"value":null}
1791638353.014 {"t":"ns","node":29544,"hash":1303338069,"owner":29544,"kind":"sampled","unit":100,"class":4,"bound_ms":0,"quality":"GOOD","age_ms":424,"ts":515195,"updates":49,"value":172}
1791638353.014 {"t":"ns","node":29544,"hash":288706273,"owner":29544,"kind":"sampled","unit":80,"class":4,"bound_ms":30000,"quality":"GOOD","age_ms":438,"ts":515195,"updates":49,"value":515}
1791638353.014 {"t":"ns","node":29544,"hash":2548334194,"owner":29544,"kind":"sampled","unit":100,"class":4,"bound_ms":5000,"quality":"GOOD","age_ms":451,"ts":515195,"updates":49,"value":2}
1791638363.152 {"t":"clk","node":29544,"up_ms":525670}
1791638363.152 {"t":"hs","up_s":525,"running":1,"sta":1,"has_ip":1,"ch":1,"rssi":-46,"clients":0,"reconnects":0,"int_free":205947,"psram_free":8336684,"boot_pick":1}
1791638363.152 {"t":"led","node":29544,"shows":"green","app":0}
1791638363.152 {"t":"event","at_ms":516487,"node":29544,"kind":"peer_admitted","peer":25344,"slot":0,"a":0,"b":0}
1791638363.152 {"t":"event","at_ms":517261,"node":29544,"kind":"peer_admitted","peer":33120,"slot":1,"a":0,"b":0}
1791638363.152 {"t":"event","at_ms":518487,"node":29544,"kind":"peer_admitted","peer":25344,"slot":0,"a":0,"b":0}
1791638363.152 {"t":"event","at_ms":519261,"node":29544,"kind":"peer_admitted","peer":33120,"slot":1,"a":0,"b":0}
1791638363.152 {"t":"event","at_ms":520487,"node":29544,"kind":"peer_admitted","peer":25344,"slot":0,"a":0,"b":0}
1791638363.152 {"t":"event","at_ms":521261,"node":29544,"kind":"peer_admitted","peer":33120,"slot":1,"a":0,"b":0}
1791638363.152 {"t":"event","at_ms":522487,"node":29544,"kind":"peer_admitted","peer":25344,"slot":0,"a":0,"b":0}
1791638363.152 {"t":"event","at_ms":523262,"node":29544,"kind":"peer_admitted","peer":33120,"slot":1,"a":0,"b":0}
1791638363.152 {"t":"event","at_ms":524487,"node":29544,"kind":"peer_admitted","peer":25344,"slot":0,"a":0,"b":0}
1791638363.152 {"t":"event","at_ms":525261,"node":29544,"kind":"peer_admitted","peer":33120,"slot":1,"a":0,"b":0}
1791638363.152 {"t":"link","up_ms":525775,"node":29544,"peer":25344,"mac":"b8:1f:3f:da:63:00","state":"alive","epoch":245,"espnow_ver":2,"mtu":1446,"misses":0,"rssi":-27,"tx":{"frames":1752,"cb_ok":1739,"cb_fail":13,"enqueue_err":0,"pdr_ppm":992579},"rx":{"frames":6984,"lost_seqgap":6,"reorder_dup":0,"dropped_bad":0,"hb_lost":73,"bcast_frames":5131,"pdr_ppm":999141},"rtt":{"samples":259,"min_us":5531,"max_us":34074,"timeouts":3,"txq_last_us":2570,"txq_max_us":6755,"remote_turnaround_us":1025,"remote_turnaround_max_us":7841,"p50_us":[4000,6000],"p99_us":[16000,22000],"hist":[0,0,0,0,202,31,17,6,1,0,2,0,0,0,0,0]}}
1791638363.152 {"t":"link","up_ms":525826,"node":29544,"peer":33120,"mac":"b8:1f:3f:da:81:60","state":"alive","epoch":294,"espnow_ver":2,"mtu":1446,"misses":0,"rssi":-9,"tx":{"frames":1836,"cb_ok":1830,"cb_fail":6,"enqueue_err":0,"pdr_ppm":996732},"rx":{"frames":7231,"lost_seqgap":7,"reorder_dup":0,"dropped_bad":0,"hb_lost":44,"bcast_frames":5150,"pdr_ppm":999032},"rtt":{"samples":259,"min_us":5495,"max_us":53171,"timeouts":2,"txq_last_us":2549,"txq_max_us":22193,"remote_turnaround_us":962,"remote_turnaround_max_us":6147,"p50_us":[4000,6000],"p99_us":[30000,42000],"hist":[0,0,0,0,199,38,8,5,3,3,2,1,0,0,0,0]}}
1791638363.152 {"t":"auth","node":29544,"up_ms":525877,"enrolled":1,"required":1,"verified_peers":2,"verified":6,"cache_hits":521,"refused":0,"rate_limited":0,"stale_epoch":0,"verify_us_max":64574,"link_stack_free_b":1516,"crypto_stack_free_b":1276,"tags_ok":3408,"bad_tag":0,"replayed":0,"untagged":0,"bcast_dropped":0,"beacon_epoch_ignored":0,"tag_us_max":1491}
1791638363.152 {"t":"act","node":29544,"setpoint":0,"has_value":0,"writes_served":0}
1791638363.152 {"t":"peers","node":29544,"own_period_ms":100,"own_busy":1,"channel":1,"scanning":0,"scans":0,"hops":0,"found":0,"lost_to_found_ms":0,"moves_followed":0,"moves_refused":0,"sweeps":0,"sweep_found":0,"sweeping":0,"search_visits":0,"relay":1,"fwd_u":0,"fwd_b":10283,"fwd_h":527,"relay_dup":0,"list":[{"id":25344,"state":"alive","via_relay":0,"period_ms":100,"misses":6,"busy":0,"rtt_n":259},{"id":33120,"state":"alive","via_relay":0,"period_ms":100,"misses":6,"busy":0,"rtt_n":260}]}
1791638363.152 {"t":"ss","node":29544,"accepted":0,"unsigned":0,"unknown_sender":0,"bad_signature":0,"replayed":0,"rate_limited":0,"verify_us_max":0,"floors":[]}
1791638363.152 {"t":"rec","node":29544,"up_ms":525967,"settled":1,"sent":2103,"received":1929,"malformed":0,"views":8,"replies_fenced":0,"actors":[{"key":1245650351,"running":0,"term":0,"owner":25344,"owner_term":11,"assigned":25344,"starts":1,"fenced":0,"released":1}]}
1791638363.493 {"t":"node","up_ms":525992,"node":29544,"epoch":172,"peers_alive":2,"peers_dead":0,"no_radio":0,"free_dram":205947,"largest_block":131072,"rx":{"total":14230,"bad_frame":0,"unknown_peer":9,"wrong_dst":0,"short_payload":0,"unknown_opcode":0,"queue_dropped":6},"tx":{"total":9105,"enqueue_err":0,"done_queue_dropped":0},"membership":{"deaths":3,"revivals":1,"reboots_seen":2,"table_full":0,"events_dropped":0}}
1791638363.493 {"t":"ns","node":29544,"hash":96177158,"owner":29544,"kind":"sampled","unit":0,"class":4,"bound_ms":5000,"quality":"GOOD","age_ms":345,"ts":525685,"updates":50,"value":-27}
1791638363.493 {"t":"ns","node":29544,"hash":1162973580,"owner":29544,"kind":"sampled","unit":101,"class":4,"bound_ms":30000,"quality":"GOOD","age_ms":358,"ts":525685,"updates":50,"value":205947}
1791638363.493 {"t":"ns","node":29544,"hash":4013525678,"owner":29544,"kind":"sampled","unit":101,"class":4,"bound_ms":30000,"quality":"GOOD","age_ms":371,"ts":525685,"updates":50,"value":131072}
1791638363.493 {"t":"ns","node":29544,"hash":1245650351,"owner":25344,"kind":"sampled","unit":0,"class":3,"bound_ms":500,"quality":"NO_DATA","age_ms":0,"ts":0,"updates":0,"value":null}
1791638363.493 {"t":"ns","node":29544,"hash":2033492666,"owner":29544,"kind":"sampled","unit":0,"class":3,"bound_ms":0,"quality":"NO_DATA","age_ms":0,"ts":0,"updates":0,"value":null}
1791638363.493 {"t":"ns","node":29544,"hash":1303338069,"owner":29544,"kind":"sampled","unit":100,"class":4,"bound_ms":0,"quality":"GOOD","age_ms":422,"ts":525685,"updates":50,"value":172}
1791638363.493 {"t":"ns","node":29544,"hash":288706273,"owner":29544,"kind":"sampled","unit":80,"class":4,"bound_ms":30000,"quality":"GOOD","age_ms":436,"ts":525685,"updates":50,"value":525}
1791638363.493 {"t":"ns","node":29544,"hash":2548334194,"owner":29544,"kind":"sampled","unit":100,"class":4,"bound_ms":5000,"quality":"GOOD","age_ms":450,"ts":525685,"updates":50,"value":2}
1791638373.630 {"t":"clk","node":29544,"up_ms":536147}
1791638373.630 {"t":"hs","up_s":536,"running":1,"sta":1,"has_ip":1,"ch":1,"rssi":-46,"clients":0,"reconnects":0,"int_free":205947,"psram_free":8336684,"boot_pick":1}
1791638373.630 {"t":"led","node":29544,"shows":"green","app":0}
1791638373.630 {"t":"event","at_ms":526487,"node":29544,"kind":"peer_admitted","peer":25344,"slot":0,"a":0,"b":0}
1791638373.630 {"t":"event","at_ms":527263,"node":29544,"kind":"peer_admitted","peer":33120,"slot":1,"a":0,"b":0}
1791638373.630 {"t":"event","at_ms":528487,"node":29544,"kind":"peer_admitted","peer":25344,"slot":0,"a":0,"b":0}
1791638373.630 {"t":"event","at_ms":529261,"node":29544,"kind":"peer_admitted","peer":33120,"slot":1,"a":0,"b":0}
1791638373.630 {"t":"event","at_ms":530487,"node":29544,"kind":"peer_admitted","peer":25344,"slot":0,"a":0,"b":0}
1791638373.630 {"t":"event","at_ms":531263,"node":29544,"kind":"peer_admitted","peer":33120,"slot":1,"a":0,"b":0}
1791638373.630 {"t":"event","at_ms":532487,"node":29544,"kind":"peer_admitted","peer":25344,"slot":0,"a":0,"b":0}
1791638373.630 {"t":"event","at_ms":533261,"node":29544,"kind":"peer_admitted","peer":33120,"slot":1,"a":0,"b":0}
1791638373.630 {"t":"event","at_ms":534488,"node":29544,"kind":"peer_admitted","peer":25344,"slot":0,"a":0,"b":0}
1791638373.630 {"t":"event","at_ms":535261,"node":29544,"kind":"peer_admitted","peer":33120,"slot":1,"a":0,"b":0}
1791638373.630 {"t":"link","up_ms":536251,"node":29544,"peer":25344,"mac":"b8:1f:3f:da:63:00","state":"alive","epoch":245,"espnow_ver":2,"mtu":1446,"misses":0,"rssi":-27,"tx":{"frames":1786,"cb_ok":1773,"cb_fail":13,"enqueue_err":0,"pdr_ppm":992721},"rx":{"frames":7129,"lost_seqgap":6,"reorder_dup":0,"dropped_bad":0,"hb_lost":73,"bcast_frames":5236,"pdr_ppm":999159},"rtt":{"samples":264,"min_us":5531,"max_us":34074,"timeouts":3,"txq_last_us":2570,"txq_max_us":6755,"remote_turnaround_us":1006,"remote_turnaround_max_us":7841,"p50_us":[4000,6000],"p99_us":[16000,22000],"hist":[0,0,0,0,207,31,17,6,1,0,2,0,0,0,0,0]}}
1791638373.630 {"t":"link","up_ms":536302,"node":29544,"peer":33120,"mac":"b8:1f:3f:da:81:60","state":"alive","epoch":294,"espnow_ver":2,"mtu":1446,"misses":0,"rssi":-9,"tx":{"frames":1874,"cb_ok":1868,"cb_fail":6,"enqueue_err":0,"pdr_ppm":996798},"rx":{"frames":7380,"lost_seqgap":7,"reorder_dup":0,"dropped_bad":0,"hb_lost":44,"bcast_frames":5255,"pdr_ppm":999052},"rtt":{"samples":265,"min_us":5495,"max_us":53171,"timeouts":2,"txq_last_us":2549,"txq_max_us":22193,"remote_turnaround_us":973,"remote_turnaround_max_us":6147,"p50_us":[4000,6000],"p99_us":[30000,42000],"hist":[0,0,0,0,204,39,8,5,3,3,2,1,0,0,0,0]}}
1791638373.630 {"t":"auth","node":29544,"up_ms":536353,"enrolled":1,"required":1,"verified_peers":2,"verified":6,"cache_hits":531,"refused":0,"rate_limited":0,"stale_epoch":0,"verify_us_max":64574,"link_stack_free_b":1516,"crypto_stack_free_b":1276,"tags_ok":3481,"bad_tag":0,"replayed":0,"untagged":0,"bcast_dropped":0,"beacon_epoch_ignored":0,"tag_us_max":1491}
1791638373.630 {"t":"act","node":29544,"setpoint":0,"has_value":0,"writes_served":0}
1791638373.630 {"t":"peers","node":29544,"own_period_ms":100,"own_busy":1,"channel":1,"scanning":0,"scans":0,"hops":0,"found":0,"lost_to_found_ms":0,"moves_followed":0,"moves_refused":0,"sweeps":0,"sweep_found":0,"sweeping":0,"search_visits":0,"relay":1,"fwd_u":0,"fwd_b":10492,"fwd_h":537,"relay_dup":0,"list":[{"id":25344,"state":"alive","via_relay":0,"period_ms":100,"misses":6,"busy":0,"rtt_n":264},{"id":33120,"state":"alive","via_relay":0,"period_ms":100,"misses":6,"busy":0,"rtt_n":265}]}
1791638373.630 {"t":"ss","node":29544,"accepted":0,"unsigned":0,"unknown_sender":0,"bad_signature":0,"replayed":0,"rate_limited":0,"verify_us_max":0,"floors":[]}
1791638373.630 {"t":"rec","node":29544,"up_ms":536442,"settled":1,"sent":2145,"received":1970,"malformed":0,"views":8,"replies_fenced":0,"actors":[{"key":1245650351,"running":0,"term":0,"owner":25344,"owner_term":11,"assigned":25344,"starts":1,"fenced":0,"released":1}]}
1791638373.963 {"t":"node","up_ms":536468,"node":29544,"epoch":172,"peers_alive":2,"peers_dead":0,"no_radio":0,"free_dram":205695,"largest_block":131072,"rx":{"total":14522,"bad_frame":0,"unknown_peer":9,"wrong_dst":0,"short_payload":0,"unknown_opcode":0,"queue_dropped":6},"tx":{"total":9287,"enqueue_err":0,"done_queue_dropped":0},"membership":{"deaths":3,"revivals":1,"reboots_seen":2,"table_full":0,"events_dropped":0}}
1791638373.963 {"t":"ns","node":29544,"hash":96177158,"owner":29544,"kind":"sampled","unit":0,"class":4,"bound_ms":5000,"quality":"GOOD","age_ms":344,"ts":536162,"updates":51,"value":-27}
1791638373.963 {"t":"ns","node":29544,"hash":1162973580,"owner":29544,"kind":"sampled","unit":101,"class":4,"bound_ms":30000,"quality":"GOOD","age_ms":357,"ts":536162,"updates":51,"value":205947}
1791638373.963 {"t":"ns","node":29544,"hash":4013525678,"owner":29544,"kind":"sampled","unit":101,"class":4,"bound_ms":30000,"quality":"GOOD","age_ms":371,"ts":536162,"updates":51,"value":131072}
1791638373.963 {"t":"ns","node":29544,"hash":1245650351,"owner":25344,"kind":"sampled","unit":0,"class":3,"bound_ms":500,"quality":"NO_DATA","age_ms":0,"ts":0,"updates":0,"value":null}
1791638373.963 {"t":"ns","node":29544,"hash":2033492666,"owner":29544,"kind":"sampled","unit":0,"class":3,"bound_ms":0,"quality":"NO_DATA","age_ms":0,"ts":0,"updates":0,"value":null}
1791638373.963 {"t":"ns","node":29544,"hash":1303338069,"owner":29544,"kind":"sampled","unit":100,"class":4,"bound_ms":0,"quality":"GOOD","age_ms":421,"ts":536162,"updates":51,"value":172}
1791638373.963 {"t":"ns","node":29544,"hash":288706273,"owner":29544,"kind":"sampled","unit":80,"class":4,"bound_ms":30000,"quality":"GOOD","age_ms":434,"ts":536162,"updates":51,"value":536}
1791638373.963 {"t":"ns","node":29544,"hash":2548334194,"owner":29544,"kind":"sampled","unit":100,"class":4,"bound_ms":5000,"quality":"GOOD","age_ms":448,"ts":536162,"updates":51,"value":2}
1791638384.104 {"t":"clk","node":29544,"up_ms":546623}
1791638384.104 {"t":"hs","up_s":546,"running":1,"sta":1,"has_ip":1,"ch":1,"rssi":-46,"clients":0,"reconnects":0,"int_free":205947,"psram_free":8336684,"boot_pick":1}
1791638384.104 {"t":"led","node":29544,"shows":"green","app":0}
1791638384.104 {"t":"event","at_ms":536487,"node":29544,"kind":"peer_admitted","peer":25344,"slot":0,"a":0,"b":0}
1791638384.104 {"t":"event","at_ms":537261,"node":29544,"kind":"peer_admitted","peer":33120,"slot":1,"a":0,"b":0}
1791638384.104 {"t":"event","at_ms":538487,"node":29544,"kind":"peer_admitted","peer":25344,"slot":0,"a":0,"b":0}
1791638384.104 {"t":"event","at_ms":539261,"node":29544,"kind":"peer_admitted","peer":33120,"slot":1,"a":0,"b":0}
1791638384.104 {"t":"event","at_ms":540491,"node":29544,"kind":"peer_admitted","peer":25344,"slot":0,"a":0,"b":0}
1791638384.104 {"t":"event","at_ms":541261,"node":29544,"kind":"peer_admitted","peer":33120,"slot":1,"a":0,"b":0}
1791638384.104 {"t":"event","at_ms":542487,"node":29544,"kind":"peer_admitted","peer":25344,"slot":0,"a":0,"b":0}
1791638384.104 {"t":"event","at_ms":543261,"node":29544,"kind":"peer_admitted","peer":33120,"slot":1,"a":0,"b":0}
1791638384.104 {"t":"event","at_ms":544487,"node":29544,"kind":"peer_admitted","peer":25344,"slot":0,"a":0,"b":0}
1791638384.104 {"t":"event","at_ms":545261,"node":29544,"kind":"peer_admitted","peer":33120,"slot":1,"a":0,"b":0}
1791638384.104 {"t":"event","at_ms":546487,"node":29544,"kind":"peer_admitted","peer":25344,"slot":0,"a":0,"b":0}
1791638384.104 {"t":"link","up_ms":546740,"node":29544,"peer":25344,"mac":"b8:1f:3f:da:63:00","state":"alive","epoch":245,"espnow_ver":2,"mtu":1446,"misses":0,"rssi":-27,"tx":{"frames":1822,"cb_ok":1809,"cb_fail":13,"enqueue_err":0,"pdr_ppm":992864},"rx":{"frames":7275,"lost_seqgap":6,"reorder_dup":0,"dropped_bad":0,"hb_lost":73,"bcast_frames":5341,"pdr_ppm":999175},"rtt":{"samples":269,"min_us":5531,"max_us":34074,"timeouts":3,"txq_last_us":2570,"txq_max_us":6755,"remote_turnaround_us":1008,"remote_turnaround_max_us":7841,"p50_us":[4000,6000],"p99_us":[16000,22000],"hist":[0,0,0,0,211,32,17,6,1,0,2,0,0,0,0,0]}}
1791638384.104 {"t":"link","up_ms":546790,"node":29544,"peer":33120,"mac":"b8:1f:3f:da:81:60","state":"alive","epoch":294,"espnow_ver":2,"mtu":1446,"misses":0,"rssi":-9,"tx":{"frames":1910,"cb_ok":1904,"cb_fail":6,"enqueue_err":0,"pdr_ppm":996858},"rx":{"frames":7524,"lost_seqgap":7,"reorder_dup":0,"dropped_bad":0,"hb_lost":45,"bcast_frames":5358,"pdr_ppm":999070},"rtt":{"samples":270,"min_us":5495,"max_us":53171,"timeouts":2,"txq_last_us":2549,"txq_max_us":22193,"remote_turnaround_us":971,"remote_turnaround_max_us":6147,"p50_us":[4000,6000],"p99_us":[30000,42000],"hist":[0,0,0,0,209,39,8,5,3,3,2,1,0,0,0,0]}}
1791638384.104 {"t":"auth","node":29544,"up_ms":546842,"enrolled":1,"required":1,"verified_peers":2,"verified":6,"cache_hits":542,"refused":0,"rate_limited":0,"stale_epoch":0,"verify_us_max":64574,"link_stack_free_b":1516,"crypto_stack_free_b":1276,"tags_ok":3553,"bad_tag":0,"replayed":0,"untagged":0,"bcast_dropped":0,"beacon_epoch_ignored":0,"tag_us_max":1491}
1791638384.104 {"t":"act","node":29544,"setpoint":0,"has_value":0,"writes_served":0}
1791638384.104 {"t":"peers","node":29544,"own_period_ms":100,"own_busy":1,"channel":1,"scanning":0,"scans":0,"hops":0,"found":0,"lost_to_found_ms":0,"moves_followed":0,"moves_refused":0,"sweeps":0,"sweep_found":0,"sweeping":0,"search_visits":0,"relay":1,"fwd_u":0,"fwd_b":10701,"fwd_h":548,"relay_dup":0,"list":[{"id":25344,"state":"alive","via_relay":0,"period_ms":100,"misses":6,"busy":0,"rtt_n":270},{"id":33120,"state":"alive","via_relay":0,"period_ms":100,"misses":6,"busy":0,"rtt_n":270}]}
1791638384.104 {"t":"ss","node":29544,"accepted":0,"unsigned":0,"unknown_sender":0,"bad_signature":0,"replayed":0,"rate_limited":0,"verify_us_max":0,"floors":[]}
1791638384.104 {"t":"rec","node":29544,"up_ms":546934,"settled":1,"sent":2187,"received":2012,"malformed":0,"views":8,"replies_fenced":0,"actors":[{"key":1245650351,"running":0,"term":0,"owner":25344,"owner_term":11,"assigned":25344,"starts":1,"fenced":0,"released":1}]}
1791638384.443 {"t":"node","up_ms":546948,"node":29544,"epoch":172,"peers_alive":2,"peers_dead":0,"no_radio":0,"free_dram":205947,"largest_block":131072,"rx":{"total":14813,"bad_frame":0,"unknown_peer":9,"wrong_dst":0,"short_payload":0,"unknown_opcode":0,"queue_dropped":6},"tx":{"total":9469,"enqueue_err":0,"done_queue_dropped":0},"membership":{"deaths":3,"revivals":1,"reboots_seen":2,"table_full":0,"events_dropped":0}}
1791638384.443 {"t":"ns","node":29544,"hash":96177158,"owner":29544,"kind":"sampled","unit":0,"class":4,"bound_ms":5000,"quality":"GOOD","age_ms":348,"ts":546638,"updates":52,"value":-27}
1791638384.443 {"t":"ns","node":29544,"hash":1162973580,"owner":29544,"kind":"sampled","unit":101,"class":4,"bound_ms":30000,"quality":"GOOD","age_ms":361,"ts":546638,"updates":52,"value":205947}
1791638384.443 {"t":"ns","node":29544,"hash":4013525678,"owner":29544,"kind":"sampled","unit":101,"class":4,"bound_ms":30000,"quality":"GOOD","age_ms":386,"ts":546638,"updates":52,"value":131072}
1791638384.443 {"t":"ns","node":29544,"hash":1245650351,"owner":25344,"kind":"sampled","unit":0,"class":3,"bound_ms":500,"quality":"NO_DATA","age_ms":0,"ts":0,"updates":0,"value":null}
1791638384.443 {"t":"ns","node":29544,"hash":2033492666,"owner":29544,"kind":"sampled","unit":0,"class":3,"bound_ms":0,"quality":"NO_DATA","age_ms":0,"ts":0,"updates":0,"value":null}
1791638384.443 {"t":"ns","node":29544,"hash":1303338069,"owner":29544,"kind":"sampled","unit":100,"class":4,"bound_ms":0,"quality":"GOOD","age_ms":425,"ts":546638,"updates":52,"value":172}
1791638384.443 {"t":"ns","node":29544,"hash":288706273,"owner":29544,"kind":"sampled","unit":80,"class":4,"bound_ms":30000,"quality":"GOOD","age_ms":438,"ts":546638,"updates":52,"value":546}
1791638384.443 {"t":"ns","node":29544,"hash":2548334194,"owner":29544,"kind":"sampled","unit":100,"class":4,"bound_ms":5000,"quality":"GOOD","age_ms":463,"ts":546638,"updates":52,"value":2}
1791638394.595 {"t":"clk","node":29544,"up_ms":557114}
1791638394.595 {"t":"hs","up_s":557,"running":1,"sta":1,"has_ip":1,"ch":1,"rssi":-46,"clients":0,"reconnects":0,"int_free":205947,"psram_free":8336684,"boot_pick":1}
1791638394.595 {"t":"led","node":29544,"shows":"green","app":0}
1791638394.595 {"t":"event","at_ms":547261,"node":29544,"kind":"peer_admitted","peer":33120,"slot":1,"a":0,"b":0}
1791638394.595 {"t":"event","at_ms":548487,"node":29544,"kind":"peer_admitted","peer":25344,"slot":0,"a":0,"b":0}
1791638394.595 {"t":"event","at_ms":549261,"node":29544,"kind":"peer_admitted","peer":33120,"slot":1,"a":0,"b":0}
1791638394.595 {"t":"event","at_ms":550487,"node":29544,"kind":"peer_admitted","peer":25344,"slot":0,"a":0,"b":0}
1791638394.595 {"t":"event","at_ms":551261,"node":29544,"kind":"peer_admitted","peer":33120,"slot":1,"a":0,"b":0}
1791638394.595 {"t":"event","at_ms":552487,"node":29544,"kind":"peer_admitted","peer":25344,"slot":0,"a":0,"b":0}
1791638394.595 {"t":"event","at_ms":553261,"node":29544,"kind":"peer_admitted","peer":33120,"slot":1,"a":0,"b":0}
1791638394.595 {"t":"event","at_ms":554487,"node":29544,"kind":"peer_admitted","peer":25344,"slot":0,"a":0,"b":0}
1791638394.595 {"t":"event","at_ms":555261,"node":29544,"kind":"peer_admitted","peer":33120,"slot":1,"a":0,"b":0}
1791638394.595 {"t":"event","at_ms":556487,"node":29544,"kind":"peer_admitted","peer":25344,"slot":0,"a":0,"b":0}
1791638394.595 {"t":"link","up_ms":557220,"node":29544,"peer":25344,"mac":"b8:1f:3f:da:63:00","state":"alive","epoch":245,"espnow_ver":2,"mtu":1446,"misses":0,"rssi":-27,"tx":{"frames":1857,"cb_ok":1844,"cb_fail":13,"enqueue_err":0,"pdr_ppm":992999},"rx":{"frames":7419,"lost_seqgap":6,"reorder_dup":0,"dropped_bad":0,"hb_lost":73,"bcast_frames":5445,"pdr_ppm":999191},"rtt":{"samples":275,"min_us":5531,"max_us":34074,"timeouts":3,"txq_last_us":2570,"txq_max_us":6755,"remote_turnaround_us":1002,"remote_turnaround_max_us":7841,"p50_us":[4000,6000],"p99_us":[16000,22000],"hist":[0,0,0,0,217,32,17,6,1,0,2,0,0,0,0,0]}}
1791638394.595 {"t":"link","up_ms":557272,"node":29544,"peer":33120,"mac":"b8:1f:3f:da:81:60","state":"alive","epoch":294,"espnow_ver":2,"mtu":1446,"misses":0,"rssi":-9,"tx":{"frames":1947,"cb_ok":1940,"cb_fail":6,"enqueue_err":0,"pdr_ppm":996916},"rx":{"frames":7670,"lost_seqgap":7,"reorder_dup":0,"dropped_bad":0,"hb_lost":46,"bcast_frames":5462,"pdr_ppm":999088},"rtt":{"samples":275,"min_us":5495,"max_us":53171,"timeouts":2,"txq_last_us":2549,"txq_max_us":22193,"remote_turnaround_us":973,"remote_turnaround_max_us":6147,"p50_us":[4000,6000],"p99_us":[30000,42000],"hist":[0,0,0,0,212,41,8,5,3,3,2,1,0,0,0,0]}}
1791638394.595 {"t":"auth","node":29544,"up_ms":557323,"enrolled":1,"required":1,"verified_peers":2,"verified":6,"cache_hits":553,"refused":0,"rate_limited":0,"stale_epoch":0,"verify_us_max":64574,"link_stack_free_b":1516,"crypto_stack_free_b":1276,"tags_ok":3623,"bad_tag":0,"replayed":0,"untagged":0,"bcast_dropped":0,"beacon_epoch_ignored":0,"tag_us_max":1491}
1791638394.595 {"t":"act","node":29544,"setpoint":0,"has_value":0,"writes_served":0}
1791638394.595 {"t":"peers","node":29544,"own_period_ms":100,"own_busy":1,"channel":1,"scanning":0,"scans":0,"hops":0,"found":0,"lost_to_found_ms":0,"moves_followed":0,"moves_refused":0,"sweeps":0,"sweep_found":0,"sweeping":0,"search_visits":0,"relay":1,"fwd_u":0,"fwd_b":10910,"fwd_h":559,"relay_dup":0,"list":[{"id":25344,"state":"alive","via_relay":0,"period_ms":100,"misses":6,"busy":0,"rtt_n":275},{"id":33120,"state":"alive","via_relay":0,"period_ms":100,"misses":6,"busy":0,"rtt_n":275}]}
1791638394.595 {"t":"ss","node":29544,"accepted":0,"unsigned":0,"unknown_sender":0,"bad_signature":0,"replayed":0,"rate_limited":0,"verify_us_max":0,"floors":[]}
1791638394.595 {"t":"rec","node":29544,"up_ms":557413,"settled":1,"sent":2229,"received":2054,"malformed":0,"views":8,"replies_fenced":0,"actors":[{"key":1245650351,"running":0,"term":0,"owner":25344,"owner_term":11,"assigned":25344,"starts":1,"fenced":0,"released":1}]}
1791638394.935 {"t":"node","up_ms":557438,"node":29544,"epoch":172,"peers_alive":2,"peers_dead":0,"no_radio":0,"free_dram":205947,"largest_block":131072,"rx":{"total":15102,"bad_frame":0,"unknown_peer":9,"wrong_dst":0,"short_payload":0,"unknown_opcode":0,"queue_dropped":6},"tx":{"total":9650,"enqueue_err":0,"done_queue_dropped":0},"membership":{"deaths":3,"revivals":1,"reboots_seen":2,"table_full":0,"events_dropped":0}}
1791638394.935 {"t":"ns","node":29544,"hash":96177158,"owner":29544,"kind":"sampled","unit":0,"class":4,"bound_ms":5000,"quality":"GOOD","age_ms":347,"ts":557129,"updates":53,"value":-27}
1791638394.935 {"t":"ns","node":29544,"hash":1162973580,"owner":29544,"kind":"sampled","unit":101,"class":4,"bound_ms":30000,"quality":"GOOD","age_ms":360,"ts":557129,"updates":53,"value":205947}
1791638394.935 {"t":"ns","node":29544,"hash":4013525678,"owner":29544,"kind":"sampled","unit":101,"class":4,"bound_ms":30000,"quality":"GOOD","age_ms":373,"ts":557129,"updates":53,"value":131072}
1791638394.935 {"t":"ns","node":29544,"hash":1245650351,"owner":25344,"kind":"sampled","unit":0,"class":3,"bound_ms":500,"quality":"NO_DATA","age_ms":0,"ts":0,"updates":0,"value":null}
1791638394.935 {"t":"ns","node":29544,"hash":2033492666,"owner":29544,"kind":"sampled","unit":0,"class":3,"bound_ms":0,"quality":"NO_DATA","age_ms":0,"ts":0,"updates":0,"value":null}
1791638394.935 {"t":"ns","node":29544,"hash":1303338069,"owner":29544,"kind":"sampled","unit":100,"class":4,"bound_ms":0,"quality":"GOOD","age_ms":424,"ts":557129,"updates":53,"value":172}
1791638394.935 {"t":"ns","node":29544,"hash":288706273,"owner":29544,"kind":"sampled","unit":80,"class":4,"bound_ms":30000,"quality":"GOOD","age_ms":437,"ts":557129,"updates":53,"value":557}
1791638394.935 {"t":"ns","node":29544,"hash":2548334194,"owner":29544,"kind":"sampled","unit":100,"class":4,"bound_ms":5000,"quality":"GOOD","age_ms":450,"ts":557129,"updates":53,"value":2}
1791638405.073 {"t":"clk","node":29544,"up_ms":567592}
1791638405.073 {"t":"hs","up_s":567,"running":1,"sta":1,"has_ip":1,"ch":1,"rssi":-45,"clients":0,"reconnects":0,"int_free":205743,"psram_free":8336684,"boot_pick":1}
1791638405.073 {"t":"led","node":29544,"shows":"green","app":0}
1791638405.073 {"t":"event","at_ms":557261,"node":29544,"kind":"peer_admitted","peer":33120,"slot":1,"a":0,"b":0}
1791638405.073 {"t":"event","at_ms":558488,"node":29544,"kind":"peer_admitted","peer":25344,"slot":0,"a":0,"b":0}
1791638405.073 {"t":"event","at_ms":559261,"node":29544,"kind":"peer_admitted","peer":33120,"slot":1,"a":0,"b":0}
1791638405.073 {"t":"event","at_ms":560487,"node":29544,"kind":"peer_admitted","peer":25344,"slot":0,"a":0,"b":0}
1791638405.073 {"t":"event","at_ms":561261,"node":29544,"kind":"peer_admitted","peer":33120,"slot":1,"a":0,"b":0}
1791638405.073 {"t":"event","at_ms":562487,"node":29544,"kind":"peer_admitted","peer":25344,"slot":0,"a":0,"b":0}
1791638405.073 {"t":"event","at_ms":563263,"node":29544,"kind":"peer_admitted","peer":33120,"slot":1,"a":0,"b":0}
1791638405.073 {"t":"event","at_ms":564487,"node":29544,"kind":"peer_admitted","peer":25344,"slot":0,"a":0,"b":0}
1791638405.073 {"t":"event","at_ms":565261,"node":29544,"kind":"peer_admitted","peer":33120,"slot":1,"a":0,"b":0}
1791638405.073 {"t":"event","at_ms":566489,"node":29544,"kind":"peer_admitted","peer":25344,"slot":0,"a":0,"b":0}
1791638405.073 {"t":"event","at_ms":567261,"node":29544,"kind":"peer_admitted","peer":33120,"slot":1,"a":0,"b":0}
1791638405.073 {"t":"link","up_ms":567700,"node":29544,"peer":25344,"mac":"b8:1f:3f:da:63:00","state":"alive","epoch":245,"espnow_ver":2,"mtu":1446,"misses":0,"rssi":-27,"tx":{"frames":1892,"cb_ok":1879,"cb_fail":13,"enqueue_err":0,"pdr_ppm":993128},"rx":{"frames":7564,"lost_seqgap":6,"reorder_dup":0,"dropped_bad":0,"hb_lost":73,"bcast_frames":5550,"pdr_ppm":999207},"rtt":{"samples":280,"min_us":5531,"max_us":34074,"timeouts":3,"txq_last_us":2570,"txq_max_us":6755,"remote_turnaround_us":1010,"remote_turnaround_max_us":7841,"p50_us":[4000,6000],"p99_us":[16000,22000],"hist":[0,0,0,0,222,32,17,6,1,0,2,0,0,0,0,0]}}
1791638405.073 {"t":"link","up_ms":567751,"node":29544,"peer":33120,"mac":"b8:1f:3f:da:81:60","state":"alive","epoch":294,"espnow_ver":2,"mtu":1446,"misses":0,"rssi":-9,"tx":{"frames":1983,"cb_ok":1977,"cb_fail":6,"enqueue_err":0,"pdr_ppm":996974},"rx":{"frames":7816,"lost_seqgap":7,"reorder_dup":0,"dropped_bad":0,"hb_lost":46,"bcast_frames":5567,"pdr_ppm":999105},"rtt":{"samples":280,"min_us":5495,"max_us":53171,"timeouts":2,"txq_last_us":2549,"txq_max_us":22193,"remote_turnaround_us":954,"remote_turnaround_max_us":6147,"p50_us":[4000,6000],"p99_us":[30000,42000],"hist":[0,0,0,0,216,42,8,5,3,3,2,1,0,0,0,0]}}
1791638405.073 {"t":"auth","node":29544,"up_ms":567813,"enrolled":1,"required":1,"verified_peers":2,"verified":6,"cache_hits":563,"refused":0,"rate_limited":0,"stale_epoch":0,"verify_us_max":64574,"link_stack_free_b":1516,"crypto_stack_free_b":1276,"tags_ok":3694,"bad_tag":0,"replayed":0,"untagged":0,"bcast_dropped":0,"beacon_epoch_ignored":0,"tag_us_max":1491}
1791638405.073 {"t":"act","node":29544,"setpoint":0,"has_value":0,"writes_served":0}
1791638405.073 {"t":"peers","node":29544,"own_period_ms":100,"own_busy":1,"channel":1,"scanning":0,"scans":0,"hops":0,"found":0,"lost_to_found_ms":0,"moves_followed":0,"moves_refused":0,"sweeps":0,"sweep_found":0,"sweeping":0,"search_visits":0,"relay":1,"fwd_u":0,"fwd_b":11120,"fwd_h":569,"relay_dup":0,"list":[{"id":25344,"state":"alive","via_relay":0,"period_ms":100,"misses":6,"busy":0,"rtt_n":280},{"id":33120,"state":"alive","via_relay":0,"period_ms":100,"misses":6,"busy":0,"rtt_n":281}]}
1791638405.073 {"t":"ss","node":29544,"accepted":0,"unsigned":0,"unknown_sender":0,"bad_signature":0,"replayed":0,"rate_limited":0,"verify_us_max":0,"floors":[]}
1791638405.073 {"t":"rec","node":29544,"up_ms":567903,"settled":1,"sent":2270,"received":2095,"malformed":0,"views":8,"replies_fenced":0,"actors":[{"key":1245650351,"running":0,"term":0,"owner":25344,"owner_term":11,"assigned":25344,"starts":1,"fenced":0,"released":1}]}
1791638405.423 {"t":"node","up_ms":567917,"node":29544,"epoch":172,"peers_alive":2,"peers_dead":0,"no_radio":0,"free_dram":205947,"largest_block":131072,"rx":{"total":15393,"bad_frame":0,"unknown_peer":9,"wrong_dst":0,"short_payload":0,"unknown_opcode":0,"queue_dropped":6},"tx":{"total":9832,"enqueue_err":0,"done_queue_dropped":0},"membership":{"deaths":3,"revivals":1,"reboots_seen":2,"table_full":0,"events_dropped":0}}
1791638405.423 {"t":"ns","node":29544,"hash":96177158,"owner":29544,"kind":"sampled","unit":0,"class":4,"bound_ms":5000,"quality":"GOOD","age_ms":347,"ts":567608,"updates":54,"value":-27}
1791638405.423 {"t":"ns","node":29544,"hash":1162973580,"owner":29544,"kind":"sampled","unit":101,"class":4,"bound_ms":30000,"quality":"GOOD","age_ms":360,"ts":567608,"updates":54,"value":205947}
1791638405.423 {"t":"ns","node":29544,"hash":4013525678,"owner":29544,"kind":"sampled","unit":101,"class":4,"bound_ms":30000,"quality":"GOOD","age_ms":384,"ts":567608,"updates":54,"value":131072}
1791638405.423 {"t":"ns","node":29544,"hash":1245650351,"owner":25344,"kind":"sampled","unit":0,"class":3,"bound_ms":500,"quality":"NO_DATA","age_ms":0,"ts":0,"updates":0,"value":null}
1791638405.423 {"t":"ns","node":29544,"hash":2033492666,"owner":29544,"kind":"sampled","unit":0,"class":3,"bound_ms":0,"quality":"NO_DATA","age_ms":0,"ts":0,"updates":0,"value":null}
1791638405.423 {"t":"ns","node":29544,"hash":1303338069,"owner":29544,"kind":"sampled","unit":100,"class":4,"bound_ms":0,"quality":"GOOD","age_ms":424,"ts":567608,"updates":54,"value":172}
1791638405.423 {"t":"ns","node":29544,"hash":288706273,"owner":29544,"kind":"sampled","unit":80,"class":4,"bound_ms":30000,"quality":"GOOD","age_ms":438,"ts":567608,"updates":54,"value":567}
1791638405.423 {"t":"ns","node":29544,"hash":2548334194,"owner":29544,"kind":"sampled","unit":100,"class":4,"bound_ms":5000,"quality":"GOOD","age_ms":462,"ts":567608,"updates":54,"value":2}
1791638415.563 {"t":"clk","node":29544,"up_ms":578083}
1791638415.563 {"t":"hs","up_s":578,"running":1,"sta":1,"has_ip":1,"ch":1,"rssi":-46,"clients":0,"reconnects":0,"int_free":205947,"psram_free":8336684,"boot_pick":1}
1791638415.563 {"t":"led","node":29544,"shows":"green","app":0}
1791638415.563 {"t":"event","at_ms":568487,"node":29544,"kind":"peer_admitted","peer":25344,"slot":0,"a":0,"b":0}
1791638415.563 {"t":"event","at_ms":569261,"node":29544,"kind":"peer_admitted","peer":33120,"slot":1,"a":0,"b":0}
1791638415.563 {"t":"event","at_ms":570487,"node":29544,"kind":"peer_admitted","peer":25344,"slot":0,"a":0,"b":0}
1791638415.563 {"t":"event","at_ms":571261,"node":29544,"kind":"peer_admitted","peer":33120,"slot":1,"a":0,"b":0}
1791638415.563 {"t":"event","at_ms":572487,"node":29544,"kind":"peer_admitted","peer":25344,"slot":0,"a":0,"b":0}
1791638415.563 {"t":"event","at_ms":573261,"node":29544,"kind":"peer_admitted","peer":33120,"slot":1,"a":0,"b":0}
1791638415.563 {"t":"event","at_ms":574487,"node":29544,"kind":"peer_admitted","peer":25344,"slot":0,"a":0,"b":0}
1791638415.564 {"t":"event","at_ms":575290,"node":29544,"kind":"peer_admitted","peer":33120,"slot":1,"a":0,"b":0}
1791638415.564 {"t":"event","at_ms":576487,"node":29544,"kind":"peer_admitted","peer":25344,"slot":0,"a":0,"b":0}
1791638415.564 {"t":"event","at_ms":577261,"node":29544,"kind":"peer_admitted","peer":33120,"slot":1,"a":0,"b":0}
1791638415.564 {"t":"link","up_ms":578189,"node":29544,"peer":25344,"mac":"b8:1f:3f:da:63:00","state":"alive","epoch":245,"espnow_ver":2,"mtu":1446,"misses":0,"rssi":-27,"tx":{"frames":1926,"cb_ok":1913,"cb_fail":13,"enqueue_err":0,"pdr_ppm":993250},"rx":{"frames":7708,"lost_seqgap":6,"reorder_dup":0,"dropped_bad":0,"hb_lost":74,"bcast_frames":5654,"pdr_ppm":999222},"rtt":{"samples":285,"min_us":5531,"max_us":34074,"timeouts":3,"txq_last_us":2570,"txq_max_us":6755,"remote_turnaround_us":1001,"remote_turnaround_max_us":7841,"p50_us":[4000,6000],"p99_us":[16000,22000],"hist":[0,0,0,0,224,34,18,6,1,0,2,0,0,0,0,0]}}
1791638415.564 {"t":"link","up_ms":578240,"node":29544,"peer":33120,"mac":"b8:1f:3f:da:81:60","state":"alive","epoch":294,"espnow_ver":2,"mtu":1446,"misses":0,"rssi":-9,"tx":{"frames":2021,"cb_ok":2014,"cb_fail":6,"enqueue_err":0,"pdr_ppm":997029},"rx":{"frames":7965,"lost_seqgap":7,"reorder_dup":0,"dropped_bad":0,"hb_lost":46,"bcast_frames":5672,"pdr_ppm":999121},"rtt":{"samples":286,"min_us":5495,"max_us":53171,"timeouts":2,"txq_last_us":2557,"txq_max_us":22193,"remote_turnaround_us":957,"remote_turnaround_max_us":6147,"p50_us":[4000,6000],"p99_us":[30000,42000],"hist":[0,0,0,0,221,42,8,5,3,3,3,1,0,0,0,0]}}
1791638415.564 {"t":"auth","node":29544,"up_ms":578291,"enrolled":1,"required":1,"verified_peers":2,"verified":6,"cache_hits":573,"refused":0,"rate_limited":0,"stale_epoch":0,"verify_us_max":64574,"link_stack_free_b":1516,"crypto_stack_free_b":1276,"tags_ok":3768,"bad_tag":0,"replayed":0,"untagged":0,"bcast_dropped":0,"beacon_epoch_ignored":0,"tag_us_max":1491}
1791638415.564 {"t":"act","node":29544,"setpoint":0,"has_value":0,"writes_served":0}
1791638415.564 {"t":"peers","node":29544,"own_period_ms":100,"own_busy":1,"channel":1,"scanning":0,"scans":0,"hops":0,"found":0,"lost_to_found_ms":0,"moves_followed":0,"moves_refused":0,"sweeps":0,"sweep_found":0,"sweeping":0,"search_visits":0,"relay":1,"fwd_u":0,"fwd_b":11329,"fwd_h":579,"relay_dup":0,"list":[{"id":25344,"state":"alive","via_relay":0,"period_ms":100,"misses":6,"busy":0,"rtt_n":285},{"id":33120,"state":"alive","via_relay":0,"period_ms":100,"misses":6,"busy":0,"rtt_n":286}]}
1791638415.564 {"t":"ss","node":29544,"accepted":0,"unsigned":0,"unknown_sender":0,"bad_signature":0,"replayed":0,"rate_limited":0,"verify_us_max":0,"floors":[]}
1791638415.564 {"t":"rec","node":29544,"up_ms":578380,"settled":1,"sent":2312,"received":2137,"malformed":0,"views":8,"replies_fenced":0,"actors":[{"key":1245650351,"running":0,"term":0,"owner":25344,"owner_term":11,"assigned":25344,"starts":1,"fenced":0,"released":1}]}
1791638415.895 {"t":"node","up_ms":578407,"node":29544,"epoch":172,"peers_alive":2,"peers_dead":0,"no_radio":0,"free_dram":205727,"largest_block":131072,"rx":{"total":15684,"bad_frame":0,"unknown_peer":9,"wrong_dst":0,"short_payload":0,"unknown_opcode":0,"queue_dropped":6},"tx":{"total":10014,"enqueue_err":0,"done_queue_dropped":0},"membership":{"deaths":3,"revivals":1,"reboots_seen":2,"table_full":0,"events_dropped":0}}
1791638415.895 {"t":"ns","node":29544,"hash":96177158,"owner":29544,"kind":"sampled","unit":0,"class":4,"bound_ms":5000,"quality":"GOOD","age_ms":337,"ts":578098,"updates":55,"value":-27}
1791638415.895 {"t":"ns","node":29544,"hash":1162973580,"owner":29544,"kind":"sampled","unit":101,"class":4,"bound_ms":30000,"quality":"GOOD","age_ms":362,"ts":578098,"updates":55,"value":205947}
1791638415.895 {"t":"ns","node":29544,"hash":4013525678,"owner":29544,"kind":"sampled","unit":101,"class":4,"bound_ms":30000,"quality":"GOOD","age_ms":376,"ts":578098,"updates":55,"value":131072}
1791638415.895 {"t":"ns","node":29544,"hash":1245650351,"owner":25344,"kind":"sampled","unit":0,"class":3,"bound_ms":500,"quality":"NO_DATA","age_ms":0,"ts":0,"updates":0,"value":null}
1791638415.895 {"t":"ns","node":29544,"hash":2033492666,"owner":29544,"kind":"sampled","unit":0,"class":3,"bound_ms":0,"quality":"NO_DATA","age_ms":0,"ts":0,"updates":0,"value":null}
1791638415.895 {"t":"ns","node":29544,"hash":1303338069,"owner":29544,"kind":"sampled","unit":100,"class":4,"bound_ms":0,"quality":"GOOD","age_ms":416,"ts":578098,"updates":55,"value":172}
1791638415.895 {"t":"ns","node":29544,"hash":288706273,"owner":29544,"kind":"sampled","unit":80,"class":4,"bound_ms":30000,"quality":"GOOD","age_ms":429,"ts":578098,"updates":55,"value":578}
1791638415.895 {"t":"ns","node":29544,"hash":2548334194,"owner":29544,"kind":"sampled","unit":100,"class":4,"bound_ms":5000,"quality":"GOOD","age_ms":454,"ts":578098,"updates":55,"value":2}
1791638426.044 {"t":"clk","node":29544,"up_ms":588564}
1791638426.044 {"t":"hs","up_s":588,"running":1,"sta":1,"has_ip":1,"ch":1,"rssi":-46,"clients":0,"reconnects":0,"int_free":205947,"psram_free":8336684,"boot_pick":1}
1791638426.044 {"t":"led","node":29544,"shows":"green","app":0}
1791638426.044 {"t":"event","at_ms":578487,"node":29544,"kind":"peer_admitted","peer":25344,"slot":0,"a":0,"b":0}
1791638426.044 {"t":"event","at_ms":579261,"node":29544,"kind":"peer_admitted","peer":33120,"slot":1,"a":0,"b":0}
1791638426.044 {"t":"event","at_ms":580487,"node":29544,"kind":"peer_admitted","peer":25344,"slot":0,"a":0,"b":0}
1791638426.044 {"t":"event","at_ms":581261,"node":29544,"kind":"peer_admitted","peer":33120,"slot":1,"a":0,"b":0}
1791638426.044 {"t":"event","at_ms":582487,"node":29544,"kind":"peer_admitted","peer":25344,"slot":0,"a":0,"b":0}
1791638426.044 {"t":"event","at_ms":583261,"node":29544,"kind":"peer_admitted","peer":33120,"slot":1,"a":0,"b":0}
1791638426.044 {"t":"event","at_ms":584487,"node":29544,"kind":"peer_admitted","peer":25344,"slot":0,"a":0,"b":0}
1791638426.044 {"t":"event","at_ms":585261,"node":29544,"kind":"peer_admitted","peer":33120,"slot":1,"a":0,"b":0}
1791638426.044 {"t":"event","at_ms":586487,"node":29544,"kind":"peer_admitted","peer":25344,"slot":0,"a":0,"b":0}
1791638426.044 {"t":"event","at_ms":587262,"node":29544,"kind":"peer_admitted","peer":33120,"slot":1,"a":0,"b":0}
1791638426.044 {"t":"event","at_ms":588488,"node":29544,"kind":"peer_admitted","peer":25344,"slot":0,"a":0,"b":0}
1791638426.044 {"t":"link","up_ms":588670,"node":29544,"peer":25344,"mac":"b8:1f:3f:da:63:00","state":"alive","epoch":245,"espnow_ver":2,"mtu":1446,"misses":0,"rssi":-27,"tx":{"frames":1962,"cb_ok":1948,"cb_fail":13,"enqueue_err":0,"pdr_ppm":993370},"rx":{"frames":7854,"lost_seqgap":6,"reorder_dup":0,"dropped_bad":0,"hb_lost":74,"bcast_frames":5759,"pdr_ppm":999236},"rtt":{"samples":290,"min_us":5531,"max_us":34074,"timeouts":3,"txq_last_us":2570,"txq_max_us":6755,"remote_turnaround_us":1005,"remote_turnaround_max_us":7841,"p50_us":[4000,6000],"p99_us":[16000,22000],"hist":[0,0,0,0,229,34,18,6,1,0,2,0,0,0,0,0]}}
1791638426.044 {"t":"link","up_ms":588733,"node":29544,"peer":33120,"mac":"b8:1f:3f:da:81:60","state":"alive","epoch":294,"espnow_ver":2,"mtu":1446,"misses":0,"rssi":-9,"tx":{"frames":2057,"cb_ok":2051,"cb_fail":6,"enqueue_err":0,"pdr_ppm":997083},"rx":{"frames":8111,"lost_seqgap":7,"reorder_dup":0,"dropped_bad":0,"hb_lost":46,"bcast_frames":5777,"pdr_ppm":999137},"rtt":{"samples":291,"min_us":5495,"max_us":53171,"timeouts":2,"txq_last_us":2557,"txq_max_us":22193,"remote_turnaround_us":973,"remote_turnaround_max_us":6147,"p50_us":[4000,6000],"p99_us":[30000,42000],"hist":[0,0,0,0,225,42,9,5,3,3,3,1,0,0,0,0]}}
1791638426.044 {"t":"auth","node":29544,"up_ms":588784,"enrolled":1,"required":1,"verified_peers":2,"verified":6,"cache_hits":584,"refused":0,"rate_limited":0,"stale_epoch":0,"verify_us_max":64574,"link_stack_free_b":1516,"crypto_stack_free_b":1276,"tags_ok":3839,"bad_tag":0,"replayed":0,"untagged":0,"bcast_dropped":0,"beacon_epoch_ignored":0,"tag_us_max":1491}
1791638426.044 {"t":"act","node":29544,"setpoint":0,"has_value":0,"writes_served":0}
1791638426.044 {"t":"peers","node":29544,"own_period_ms":100,"own_busy":1,"channel":1,"scanning":0,"scans":0,"hops":0,"found":0,"lost_to_found_ms":0,"moves_followed":0,"moves_refused":0,"sweeps":0,"sweep_found":0,"sweeping":0,"search_visits":0,"relay":1,"fwd_u":0,"fwd_b":11539,"fwd_h":590,"relay_dup":0,"list":[{"id":25344,"state":"alive","via_relay":0,"period_ms":100,"misses":6,"busy":0,"rtt_n":291},{"id":33120,"state":"alive","via_relay":0,"period_ms":100,"misses":6,"busy":0,"rtt_n":291}]}
1791638426.044 {"t":"ss","node":29544,"accepted":0,"unsigned":0,"unknown_sender":0,"bad_signature":0,"replayed":0,"rate_limited":0,"verify_us_max":0,"floors":[]}
1791638426.044 {"t":"rec","node":29544,"up_ms":588873,"settled":1,"sent":2354,"received":2179,"malformed":0,"views":8,"replies_fenced":0,"actors":[{"key":1245650351,"running":0,"term":0,"owner":25344,"owner_term":11,"assigned":25344,"starts":1,"fenced":0,"released":1}]}
1791638426.388 {"t":"node","up_ms":588899,"node":29544,"epoch":172,"peers_alive":2,"peers_dead":0,"no_radio":0,"free_dram":205743,"largest_block":131072,"rx":{"total":15977,"bad_frame":0,"unknown_peer":9,"wrong_dst":0,"short_payload":0,"unknown_opcode":0,"queue_dropped":6},"tx":{"total":10196,"enqueue_err":0,"done_queue_dropped":0},"membership":{"deaths":3,"revivals":1,"reboots_seen":2,"table_full":0,"events_dropped":0}}
1791638426.388 {"t":"ns","node":29544,"hash":96177158,"owner":29544,"kind":"sampled","unit":0,"class":4,"bound_ms":5000,"quality":"GOOD","age_ms":347,"ts":588579,"updates":56,"value":-28}
1791638426.388 {"t":"ns","node":29544,"hash":1162973580,"owner":29544,"kind":"sampled","unit":101,"class":4,"bound_ms":30000,"quality":"GOOD","age_ms":371,"ts":588579,"updates":56,"value":205947}
1791638426.388 {"t":"ns","node":29544,"hash":4013525678,"owner":29544,"kind":"sampled","unit":101,"class":4,"bound_ms":30000,"quality":"GOOD","age_ms":385,"ts":588579,"updates":56,"value":131072}
1791638426.388 {"t":"ns","node":29544,"hash":1245650351,"owner":25344,"kind":"sampled","unit":0,"class":3,"bound_ms":500,"quality":"NO_DATA","age_ms":0,"ts":0,"updates":0,"value":null}
1791638426.388 {"t":"ns","node":29544,"hash":2033492666,"owner":29544,"kind":"sampled","unit":0,"class":3,"bound_ms":0,"quality":"NO_DATA","age_ms":0,"ts":0,"updates":0,"value":null}
1791638426.388 {"t":"ns","node":29544,"hash":1303338069,"owner":29544,"kind":"sampled","unit":100,"class":4,"bound_ms":0,"quality":"GOOD","age_ms":424,"ts":588579,"updates":56,"value":172}
1791638426.388 {"t":"ns","node":29544,"hash":288706273,"owner":29544,"kind":"sampled","unit":80,"class":4,"bound_ms":30000,"quality":"GOOD","age_ms":437,"ts":588579,"updates":56,"value":588}
1791638426.388 {"t":"ns","node":29544,"hash":2548334194,"owner":29544,"kind":"sampled","unit":100,"class":4,"bound_ms":5000,"quality":"GOOD","age_ms":461,"ts":588579,"updates":56,"value":2}
1791638436.533 {"t":"clk","node":29544,"up_ms":599053}
1791638436.533 {"t":"hs","up_s":599,"running":1,"sta":1,"has_ip":1,"ch":1,"rssi":-46,"clients":0,"reconnects":0,"int_free":205947,"psram_free":8336684,"boot_pick":1}
1791638436.533 {"t":"led","node":29544,"shows":"green","app":0}
1791638436.533 {"t":"event","at_ms":589261,"node":29544,"kind":"peer_admitted","peer":33120,"slot":1,"a":0,"b":0}
1791638436.533 {"t":"event","at_ms":590487,"node":29544,"kind":"peer_admitted","peer":25344,"slot":0,"a":0,"b":0}
1791638436.533 {"t":"event","at_ms":591261,"node":29544,"kind":"peer_admitted","peer":33120,"slot":1,"a":0,"b":0}
1791638436.533 {"t":"event","at_ms":592487,"node":29544,"kind":"peer_admitted","peer":25344,"slot":0,"a":0,"b":0}
1791638436.533 {"t":"event","at_ms":593261,"node":29544,"kind":"peer_admitted","peer":33120,"slot":1,"a":0,"b":0}
1791638436.533 {"t":"event","at_ms":594487,"node":29544,"kind":"peer_admitted","peer":25344,"slot":0,"a":0,"b":0}
1791638436.533 {"t":"event","at_ms":595261,"node":29544,"kind":"peer_admitted","peer":33120,"slot":1,"a":0,"b":0}
1791638436.533 {"t":"event","at_ms":596487,"node":29544,"kind":"peer_admitted","peer":25344,"slot":0,"a":0,"b":0}
1791638436.533 {"t":"event","at_ms":597261,"node":29544,"kind":"peer_admitted","peer":33120,"slot":1,"a":0,"b":0}
1791638436.533 {"t":"event","at_ms":598487,"node":29544,"kind":"peer_admitted","peer":25344,"slot":0,"a":0,"b":0}
1791638436.533 {"t":"link","up_ms":599158,"node":29544,"peer":25344,"mac":"b8:1f:3f:da:63:00","state":"alive","epoch":245,"espnow_ver":2,"mtu":1446,"misses":0,"rssi":-27,"tx":{"frames":1997,"cb_ok":1983,"cb_fail":13,"enqueue_err":0,"pdr_ppm":993486},"rx":{"frames":7999,"lost_seqgap":6,"reorder_dup":0,"dropped_bad":0,"hb_lost":74,"bcast_frames":5864,"pdr_ppm":999250},"rtt":{"samples":296,"min_us":5531,"max_us":34074,"timeouts":3,"txq_last_us":2570,"txq_max_us":6755,"remote_turnaround_us":1001,"remote_turnaround_max_us":7841,"p50_us":[4000,6000],"p99_us":[16000,22000],"hist":[0,0,0,0,235,34,18,6,1,0,2,0,0,0,0,0]}}
1791638436.533 {"t":"link","up_ms":599209,"node":29544,"peer":33120,"mac":"b8:1f:3f:da:81:60","state":"alive","epoch":294,"espnow_ver":2,"mtu":1446,"misses":0,"rssi":-9,"tx":{"frames":2093,"cb_ok":2087,"cb_fail":6,"enqueue_err":0,"pdr_ppm":997133},"rx":{"frames":8257,"lost_seqgap":7,"reorder_dup":0,"dropped_bad":0,"hb_lost":46,"bcast_frames":5882,"pdr_ppm":999152},"rtt":{"samples":296,"min_us":5495,"max_us":53171,"timeouts":2,"txq_last_us":2557,"txq_max_us":22193,"remote_turnaround_us":986,"remote_turnaround_max_us":6147,"p50_us":[4000,6000],"p99_us":[30000,42000],"hist":[0,0,0,0,228,44,9,5,3,3,3,1,0,0,0,0]}}
1791638436.533 {"t":"auth","node":29544,"up_ms":599262,"enrolled":1,"required":1,"verified_peers":2,"verified":6,"cache_hits":595,"refused":0,"rate_limited":0,"stale_epoch":0,"verify_us_max":64574,"link_stack_free_b":1516,"crypto_stack_free_b":1276,"tags_ok":3910,"bad_tag":0,"replayed":0,"untagged":0,"bcast_dropped":0,"beacon_epoch_ignored":0,"tag_us_max":1491}
1791638436.533 {"t":"act","node":29544,"setpoint":0,"has_value":0,"writes_served":0}
1791638436.533 {"t":"peers","node":29544,"own_period_ms":100,"own_busy":1,"channel":1,"scanning":0,"scans":0,"hops":0,"found":0,"lost_to_found_ms":0,"moves_followed":0,"moves_refused":0,"sweeps":0,"sweep_found":0,"sweeping":0,"search_visits":0,"relay":1,"fwd_u":0,"fwd_b":11748,"fwd_h":601,"relay_dup":0,"list":[{"id":25344,"state":"alive","via_relay":0,"period_ms":100,"misses":6,"busy":0,"rtt_n":296},{"id":33120,"state":"alive","via_relay":0,"period_ms":100,"misses":6,"busy":0,"rtt_n":296}]}
1791638436.533 {"t":"ss","node":29544,"accepted":0,"unsigned":0,"unknown_sender":0,"bad_signature":0,"replayed":0,"rate_limited":0,"verify_us_max":0,"floors":[]}
1791638436.533 {"t":"rec","node":29544,"up_ms":599351,"settled":1,"sent":2396,"received":2221,"malformed":0,"views":8,"replies_fenced":0,"actors":[{"key":1245650351,"running":0,"term":0,"owner":25344,"owner_term":11,"assigned":25344,"starts":1,"fenced":0,"released":1}]}
1791638436.874 {"t":"node","up_ms":599376,"node":29544,"epoch":172,"peers_alive":2,"peers_dead":0,"no_radio":0,"free_dram":205947,"largest_block":131072,"rx":{"total":16267,"bad_frame":0,"unknown_peer":9,"wrong_dst":0,"short_payload":0,"unknown_opcode":0,"queue_dropped":6},"tx":{"total":10376,"enqueue_err":0,"done_queue_dropped":0},"membership":{"deaths":3,"revivals":1,"reboots_seen":2,"table_full":0,"events_dropped":0}}
1791638436.874 {"t":"ns","node":29544,"hash":96177158,"owner":29544,"kind":"sampled","unit":0,"class":4,"bound_ms":5000,"quality":"GOOD","age_ms":346,"ts":599068,"updates":57,"value":-27}
1791638436.874 {"t":"ns","node":29544,"hash":1162973580,"owner":29544,"kind":"sampled","unit":101,"class":4,"bound_ms":30000,"quality":"GOOD","age_ms":359,"ts":599068,"updates":57,"value":205947}
1791638436.874 {"t":"ns","node":29544,"hash":4013525678,"owner":29544,"kind":"sampled","unit":101,"class":4,"bound_ms":30000,"quality":"GOOD","age_ms":372,"ts":599068,"updates":57,"value":131072}
1791638436.874 {"t":"ns","node":29544,"hash":1245650351,"owner":25344,"kind":"sampled","unit":0,"class":3,"bound_ms":500,"quality":"NO_DATA","age_ms":0,"ts":0,"updates":0,"value":null}
1791638436.874 {"t":"ns","node":29544,"hash":2033492666,"owner":29544,"kind":"sampled","unit":0,"class":3,"bound_ms":0,"quality":"NO_DATA","age_ms":0,"ts":0,"updates":0,"value":null}
1791638436.874 {"t":"ns","node":29544,"hash":1303338069,"owner":29544,"kind":"sampled","unit":100,"class":4,"bound_ms":0,"quality":"GOOD","age_ms":423,"ts":599068,"updates":57,"value":172}
1791638436.874 {"t":"ns","node":29544,"hash":288706273,"owner":29544,"kind":"sampled","unit":80,"class":4,"bound_ms":30000,"quality":"GOOD","age_ms":436,"ts":599068,"updates":57,"value":599}
1791638436.874 {"t":"ns","node":29544,"hash":2548334194,"owner":29544,"kind":"sampled","unit":100,"class":4,"bound_ms":5000,"quality":"GOOD","age_ms":450,"ts":599068,"updates":57,"value":2}
1791638447.011 {"t":"clk","node":29544,"up_ms":609530}
1791638447.011 {"t":"hs","up_s":609,"running":1,"sta":1,"has_ip":1,"ch":1,"rssi":-46,"clients":0,"reconnects":0,"int_free":205947,"psram_free":8336684,"boot_pick":1}
1791638447.011 {"t":"led","node":29544,"shows":"green","app":0}
1791638447.011 {"t":"event","at_ms":599261,"node":29544,"kind":"peer_admitted","peer":33120,"slot":1,"a":0,"b":0}
1791638447.011 {"t":"event","at_ms":600487,"node":29544,"kind":"peer_admitted","peer":25344,"slot":0,"a":0,"b":0}
1791638447.011 {"t":"event","at_ms":601261,"node":29544,"kind":"peer_admitted","peer":33120,"slot":1,"a":0,"b":0}
1791638447.011 {"t":"event","at_ms":602487,"node":29544,"kind":"peer_admitted","peer":25344,"slot":0,"a":0,"b":0}
1791638447.011 {"t":"event","at_ms":603261,"node":29544,"kind":"peer_admitted","peer":33120,"slot":1,"a":0,"b":0}
1791638447.011 {"t":"event","at_ms":604487,"node":29544,"kind":"peer_admitted","peer":25344,"slot":0,"a":0,"b":0}
1791638447.011 {"t":"event","at_ms":605261,"node":29544,"kind":"peer_admitted","peer":33120,"slot":1,"a":0,"b":0}
1791638447.011 {"t":"event","at_ms":606487,"node":29544,"kind":"peer_admitted","peer":25344,"slot":0,"a":0,"b":0}
1791638447.011 {"t":"event","at_ms":607261,"node":29544,"kind":"peer_admitted","peer":33120,"slot":1,"a":0,"b":0}
1791638447.011 {"t":"event","at_ms":608487,"node":29544,"kind":"peer_admitted","peer":25344,"slot":0,"a":0,"b":0}
1791638447.011 {"t":"event","at_ms":609261,"node":29544,"kind":"peer_admitted","peer":33120,"slot":1,"a":0,"b":0}
1791638447.011 {"t":"link","up_ms":609647,"node":29544,"peer":25344,"mac":"b8:1f:3f:da:63:00","state":"alive","epoch":245,"espnow_ver":2,"mtu":1446,"misses":0,"rssi":-27,"tx":{"frames":2031,"cb_ok":2018,"cb_fail":13,"enqueue_err":0,"pdr_ppm":993599},"rx":{"frames":8144,"lost_seqgap":6,"reorder_dup":0,"dropped_bad":0,"hb_lost":74,"bcast_frames":5969,"pdr_ppm":999263},"rtt":{"samples":301,"min_us":5531,"max_us":34074,"timeouts":3,"txq_last_us":2570,"txq_max_us":6755,"remote_turnaround_us":1025,"remote_turnaround_max_us":7841,"p50_us":[4000,6000],"p99_us":[11000,16000],"hist":[0,0,0,0,238,36,18,6,1,0,2,0,0,0,0,0]}}
1791638447.011 {"t":"link","up_ms":609698,"node":29544,"peer":33120,"mac":"b8:1f:3f:da:81:60","state":"alive","epoch":294,"espnow_ver":2,"mtu":1446,"misses":0,"rssi":-9,"tx":{"frames":2130,"cb_ok":2124,"cb_fail":6,"enqueue_err":0,"pdr_ppm":997183},"rx":{"frames":8404,"lost_seqgap":7,"reorder_dup":0,"dropped_bad":0,"hb_lost":46,"bcast_frames":5987,"pdr_ppm":999167},"rtt":{"samples":301,"min_us":5495,"max_us":53171,"timeouts":2,"txq_last_us":2557,"txq_max_us":22193,"remote_turnaround_us":969,"remote_turnaround_max_us":6147,"p50_us":[4000,6000],"p99_us":[30000,42000],"hist":[0,0,0,0,233,44,9,5,3,3,3,1,0,0,0,0]}}
1791638447.011 {"t":"auth","node":29544,"up_ms":609749,"enrolled":1,"required":1,"verified_peers":2,"verified":6,"cache_hits":605,"refused":0,"rate_limited":0,"stale_epoch":0,"verify_us_max":64574,"link_stack_free_b":1516,"crypto_stack_free_b":1276,"tags_ok":3981,"bad_tag":0,"replayed":0,"untagged":0,"bcast_dropped":0,"beacon_epoch_ignored":0,"tag_us_max":1491}
1791638447.011 {"t":"act","node":29544,"setpoint":0,"has_value":0,"writes_served":0}
1791638447.011 {"t":"peers","node":29544,"own_period_ms":100,"own_busy":1,"channel":1,"scanning":0,"scans":0,"hops":0,"found":0,"lost_to_found_ms":0,"moves_followed":0,"moves_refused":0,"sweeps":0,"sweep_found":0,"sweeping":0,"search_visits":0,"relay":1,"fwd_u":0,"fwd_b":11957,"fwd_h":611,"relay_dup":0,"list":[{"id":25344,"state":"alive","via_relay":0,"period_ms":100,"misses":6,"busy":0,"rtt_n":301},{"id":33120,"state":"alive","via_relay":0,"period_ms":100,"misses":6,"busy":0,"rtt_n":301}]}
1791638447.011 {"t":"ss","node":29544,"accepted":0,"unsigned":0,"unknown_sender":0,"bad_signature":0,"replayed":0,"rate_limited":0,"verify_us_max":0,"floors":[]}
1791638447.011 {"t":"rec","node":29544,"up_ms":609839,"settled":1,"sent":2438,"received":2263,"malformed":0,"views":8,"replies_fenced":0,"actors":[{"key":1245650351,"running":0,"term":0,"owner":25344,"owner_term":11,"assigned":25344,"starts":1,"fenced":0,"released":1}]}
1791638447.357 {"t":"node","up_ms":609864,"node":29544,"epoch":172,"peers_alive":2,"peers_dead":0,"no_radio":0,"free_dram":205947,"largest_block":131072,"rx":{"total":16559,"bad_frame":0,"unknown_peer":9,"wrong_dst":0,"short_payload":0,"unknown_opcode":0,"queue_dropped":6},"tx":{"total":10558,"enqueue_err":0,"done_queue_dropped":0},"membership":{"deaths":3,"revivals":1,"reboots_seen":2,"table_full":0,"events_dropped":0}}
1791638447.357 {"t":"ns","node":29544,"hash":96177158,"owner":29544,"kind":"sampled","unit":0,"class":4,"bound_ms":5000,"quality":"GOOD","age_ms":356,"ts":609545,"updates":58,"value":-27}
1791638447.357 {"t":"ns","node":29544,"hash":1162973580,"owner":29544,"kind":"sampled","unit":101,"class":4,"bound_ms":30000,"quality":"GOOD","age_ms":370,"ts":609545,"updates":58,"value":205947}
1791638447.357 {"t":"ns","node":29544,"hash":4013525678,"owner":29544,"kind":"sampled","unit":101,"class":4,"bound_ms":30000,"quality":"GOOD","age_ms":384,"ts":609545,"updates":58,"value":131072}
1791638447.357 {"t":"ns","node":29544,"hash":1245650351,"owner":25344,"kind":"sampled","unit":0,"class":3,"bound_ms":500,"quality":"NO_DATA","age_ms":0,"ts":0,"updates":0,"value":null}
1791638447.357 {"t":"ns","node":29544,"hash":2033492666,"owner":29544,"kind":"sampled","unit":0,"class":3,"bound_ms":0,"quality":"NO_DATA","age_ms":0,"ts":0,"updates":0,"value":null}
1791638447.357 {"t":"ns","node":29544,"hash":1303338069,"owner":29544,"kind":"sampled","unit":100,"class":4,"bound_ms":0,"quality":"GOOD","age_ms":424,"ts":609545,"updates":58,"value":172}
1791638447.357 {"t":"ns","node":29544,"hash":288706273,"owner":29544,"kind":"sampled","unit":80,"class":4,"bound_ms":30000,"quality":"GOOD","age_ms":437,"ts":609545,"updates":58,"value":609}
1791638447.357 {"t":"ns","node":29544,"hash":2548334194,"owner":29544,"kind":"sampled","unit":100,"class":4,"bound_ms":5000,"quality":"GOOD","age_ms":462,"ts":609545,"updates":58,"value":2}
