00:01:47 B I (230952) pot.m0: SAFE_STATE #107 from 0x8160, reason 1
00:01:48 B I (231952) pot.m0: SAFE_STATE #108 from 0x8160, reason 1
00:01:49 B I (232952) pot.m0: SAFE_STATE #109 from 0x8160, reason 1
00:01:50 B I (233952) pot.m0: SAFE_STATE #110 from 0x8160, reason 1
00:01:51 B I (234952) pot.m0: SAFE_STATE #111 from 0x8160, reason 1
00:01:52 B I (235952) pot.m0: SAFE_STATE #112 from 0x8160, reason 1
00:01:53 B I (236952) pot.m0: SAFE_STATE #113 from 0x8160, reason 1
00:01:53 C {"t":"event","at_ms":104688,"node":33120,"kind":"peer_admitted","peer":29544,"slot":0,"a":0,"b":0}
00:01:53 C {"t":"event","at_ms":106688,"node":33120,"kind":"peer_admitted","peer":29544,"slot":0,"a":0,"b":0}
00:01:53 C {"t":"event","at_ms":108688,"node":33120,"kind":"peer_admitted","peer":29544,"slot":0,"a":0,"b":0}
00:01:53 C {"t":"event","at_ms":110688,"node":33120,"kind":"peer_admitted","peer":29544,"slot":0,"a":0,"b":0}
00:01:53 C {"t":"event","at_ms":112688,"node":33120,"kind":"peer_admitted","peer":29544,"slot":0,"a":0,"b":0}
00:01:53 C {"t":"link","up_ms":114121,"node":33120,"peer":29544,"mac":"02:ca:00:00:73:68","state":"alive","epoch":40,"espnow_ver":0,"mtu":226,"misses":0,"rssi":0,"tx":{"frames":273,"cb_ok":273,"cb_fail":0,"enqueue_err":0,"pdr_ppm":1000000},"rx":{"frames":1462,"lost_seqgap":7,"reorder_dup":0,"dropped_bad":0,"hb_lost":76,"bcast_frames":1131,"pdr_ppm":995234},"rtt":{"samples":112,"min_us":7739,"max_us":28944,"timeouts":0,"txq_last_us":5927,"txq_max_us":6445,"remote_turnaround_us":10940,"remote_turnaround_max_us":20904,"p50_us":[11000,16000],"p99_us":[22000,30000],"hist":[0,0,0,0,0,1,32,29,7,43,0,0,0,0,0,0]}}
00:01:53 C {"t":"can","node":33120,"up_ms":114173,"tx_frames":4034,"tx_ok":4034,"tx_fail":0,"tx_no_slot":0,"arb_lost":0,"bit_err":0,"form_err":0,"stuff_err":0,"ack_err":0,"rx_frames":339743,"rx_overflow":34,"rx_own":0,"rx_messages":1463,"rx_not_for_us":335786,"rx_unknown_alias":0,"rx_out_of_order":0,"rx_timeouts":0,"rx_malformed":0,"flood_sent":0,"ss_sent":113,"ss_last_us":481,"ss_min_us":341,"ss_max_us":1056,"ss_rx":0,"ss_rx_gaps":0}
00:01:53 C {"t":"node","up_ms":114210,"node":33120,"epoch":23,"peers_alive":1,"peers_dead":0,"no_radio":1,"free_dram":326784,"largest_block":270336,"rx":{"total":1463,"bad_frame":0,"unknown_peer":1,"wrong_dst":0,"short_payload":0,"unknown_opcode":0,"queue_dropped":0},"tx":{"total":1569,"enqueue_err":0,"done_queue_dropped":0},"membership":{"deaths":0,"revivals":0,"reboots_seen":0,"table_full":0,"events_dropped":0}}
00:01:53 C {"t":"ns","node":33120,"hash":13581963,"owner":33120,"kind":"sampled","unit":100,"class":4,"bound_ms":5000,"quality":"GOOD","age_ms":158,"ts":114088,"updates":11,"value":1}
00:01:53 C {"t":"ns","node":33120,"hash":3142365229,"owner":33120,"kind":"sampled","unit":101,"class":4,"bound_ms":30000,"quality":"GOOD","age_ms":173,"ts":114088,"updates":11,"value":270336}
00:01:53 C {"t":"ns","node":33120,"hash":2347817554,"owner":33120,"kind":"sampled","unit":100,"class":4,"bound_ms":0,"quality":"GOOD","age_ms":189,"ts":114088,"updates":11,"value":23}
00:01:53 C {"t":"ns","node":33120,"hash":1170356950,"owner":33120,"kind":"sampled","unit":80,"class":4,"bound_ms":30000,"quality":"GOOD","age_ms":204,"ts":114088,"updates":11,"value":114}
00:01:53 C {"t":"ns","node":33120,"hash":3085599597,"owner":33120,"kind":"sampled","unit":0,"class":4,"bound_ms":5000,"quality":"GOOD","age_ms":219,"ts":114088,"updates":11,"value":0}
00:01:53 C {"t":"ns","node":33120,"hash":2486014333,"owner":33120,"kind":"sampled","unit":101,"class":4,"bound_ms":30000,"quality":"GOOD","age_ms":234,"ts":114088,"updates":11,"value":326784}
00:01:54 B I (237952) pot.m0: SAFE_STATE #114 from 0x8160, reason 1
00:01:55 B I (238952) pot.m0: SAFE_STATE #115 from 0x8160, reason 1
00:01:56 B I (239952) pot.m0: SAFE_STATE #116 from 0x8160, reason 1
00:01:56 B {"t":"event","at_ms":229698,"node":29544,"kind":"safe_state_rx","peer":33120,"slot":0,"a":106,"b":1}
00:01:56 B {"t":"event","at_ms":230600,"node":29544,"kind":"peer_admitted","peer":33120,"slot":0,"a":0,"b":0}
00:01:56 B {"t":"event","at_ms":230699,"node":29544,"kind":"safe_state_rx","peer":33120,"slot":0,"a":107,"b":1}
00:01:56 B {"t":"event","at_ms":231699,"node":29544,"kind":"safe_state_rx","peer":33120,"slot":0,"a":108,"b":1}
00:01:56 B {"t":"event","at_ms":232600,"node":29544,"kind":"peer_admitted","peer":33120,"slot":0,"a":0,"b":0}
00:01:56 B {"t":"event","at_ms":232699,"node":29544,"kind":"safe_state_rx","peer":33120,"slot":0,"a":109,"b":1}
00:01:56 B {"t":"event","at_ms":233699,"node":29544,"kind":"safe_state_rx","peer":33120,"slot":0,"a":110,"b":1}
00:01:56 B {"t":"event","at_ms":234600,"node":29544,"kind":"peer_admitted","peer":33120,"slot":0,"a":0,"b":0}
00:01:56 B {"t":"event","at_ms":234699,"node":29544,"kind":"safe_state_rx","peer":33120,"slot":0,"a":111,"b":1}
00:01:56 B {"t":"event","at_ms":235699,"node":29544,"kind":"safe_state_rx","peer":33120,"slot":0,"a":112,"b":1}
00:01:56 B {"t":"event","at_ms":236600,"node":29544,"kind":"peer_admitted","peer":33120,"slot":0,"a":0,"b":0}
00:01:56 B {"t":"event","at_ms":236699,"node":29544,"kind":"safe_state_rx","peer":33120,"slot":0,"a":113,"b":1}
00:01:56 B {"t":"event","at_ms":237699,"node":29544,"kind":"safe_state_rx","peer":33120,"slot":0,"a":114,"b":1}
00:01:56 B {"t":"event","at_ms":238600,"node":29544,"kind":"peer_admitted","peer":33120,"slot":0,"a":0,"b":0}
00:01:56 B {"t":"event","at_ms":238699,"node":29544,"kind":"safe_state_rx","peer":33120,"slot":0,"a":115,"b":1}
00:01:56 B {"t":"event","at_ms":239699,"node":29544,"kind":"safe_state_rx","peer":33120,"slot":0,"a":116,"b":1}
00:01:56 B {"t":"link","up_ms":239870,"node":29544,"peer":33120,"mac":"02:ca:00:00:81:60","state":"alive","epoch":23,"espnow_ver":0,"mtu":226,"misses":0,"rssi":0,"tx":{"frames":588,"cb_ok":581,"cb_fail":0,"enqueue_err":7,"pdr_ppm":1000000},"rx":{"frames":3229,"lost_seqgap":5,"reorder_dup":0,"dropped_bad":0,"hb_lost":49,"bcast_frames":2333,"pdr_ppm":998453},"rtt":{"samples":230,"min_us":9085,"max_us":38857,"timeouts":1,"txq_last_us":4642,"txq_max_us":6121,"remote_turnaround_us":4037,"remote_turnaround_max_us":27665,"p50_us":[16000,22000],"p99_us":[22000,30000],"hist":[0,0,0,0,0,0,3,106,74,45,2,0,0,0,0,0]}}
00:01:56 B {"t":"can","node":29544,"up_ms":239922,"tx_frames":698726,"tx_ok":698725,"tx_fail":0,"tx_no_slot":123,"arb_lost":21,"bit_err":0,"form_err":0,"stuff_err":0,"ack_err":35295,"rx_frames":8234,"rx_overflow":0,"rx_own":0,"rx_messages":3230,"rx_not_for_us":0,"rx_unknown_alias":0,"rx_out_of_order":0,"rx_timeouts":0,"rx_malformed":0,"flood_sent":172715,"ss_sent":0,"ss_last_us":0,"ss_min_us":0,"ss_max_us":0,"ss_rx":234,"ss_rx_gaps":4294966709}
00:01:56 B {"t":"node","up_ms":239960,"node":29544,"epoch":40,"peers_alive":1,"peers_dead":0,"no_radio":1,"free_dram":326784,"largest_block":270336,"rx":{"total":3230,"bad_frame":0,"unknown_peer":1,"wrong_dst":0,"short_payload":0,"unknown_opcode":0,"queue_dropped":0},"tx":{"total":3092,"enqueue_err":123,"done_queue_dropped":0},"membership":{"deaths":1,"revivals":0,"reboots_seen":1,"table_full":0,"events_dropped":64}}
00:01:56 B {"t":"ns","node":29544,"hash":96177158,"owner":29544,"kind":"sampled","unit":0,"class":4,"bound_ms":5000,"quality":"GOOD","age_ms":256,"ts":239740,"updates":23,"value":0}
00:01:56 B {"t":"ns","node":29544,"hash":1162973580,"owner":29544,"kind":"sampled","unit":101,"class":4,"bound_ms":30000,"quality":"GOOD","age_ms":271,"ts":239740,"updates":23,"value":326784}
00:01:56 B {"t":"ns","node":29544,"hash":4013525678,"owner":29544,"kind":"sampled","unit":101,"class":4,"bound_ms":30000,"quality":"GOOD","age_ms":287,"ts":239740,"updates":23,"value":270336}
00:01:56 B {"t":"ns","node":29544,"hash":1303338069,"owner":29544,"kind":"sampled","unit":100,"class":4,"bound_ms":0,"quality":"GOOD","age_ms":303,"ts":239740,"updates":23,"value":40}
00:01:56 B {"t":"ns","node":29544,"hash":288706273,"owner":29544,"kind":"sampled","unit":80,"class":4,"bound_ms":30000,"quality":"GOOD","age_ms":318,"ts":239740,"updates":23,"value":239}
00:01:56 B {"t":"ns","node":29544,"hash":2548334194,"owner":29544,"kind":"sampled","unit":100,"class":4,"bound_ms":5000,"quality":"GOOD","age_ms":333,"ts":239740,"updates":23,"value":1}
00:01:57 B I (240954) pot.m0: SAFE_STATE #117 from 0x8160, reason 1
00:01:58 B I (241954) pot.m0: SAFE_STATE #118 from 0x8160, reason 1
00:01:59 B I (242954) pot.m0: SAFE_STATE #119 from 0x8160, reason 1
00:02:00 B I (243954) pot.m0: SAFE_STATE #120 from 0x8160, reason 1
00:02:01 B I (244954) pot.m0: SAFE_STATE #121 from 0x8160, reason 1
00:02:02 B I (245954) pot.m0: SAFE_STATE #122 from 0x8160, reason 1
00:02:03 B I (246954) pot.m0: SAFE_STATE #123 from 0x8160, reason 1
00:02:04 C {"t":"event","at_ms":114688,"node":33120,"kind":"peer_admitted","peer":29544,"slot":0,"a":0,"b":0}
00:02:04 C {"t":"event","at_ms":116688,"node":33120,"kind":"peer_admitted","peer":29544,"slot":0,"a":0,"b":0}
00:02:04 C {"t":"event","at_ms":118688,"node":33120,"kind":"peer_admitted","peer":29544,"slot":0,"a":0,"b":0}
00:02:04 C {"t":"event","at_ms":120688,"node":33120,"kind":"peer_admitted","peer":29544,"slot":0,"a":0,"b":0}
00:02:04 C {"t":"event","at_ms":122688,"node":33120,"kind":"peer_admitted","peer":29544,"slot":0,"a":0,"b":0}
00:02:04 C {"t":"link","up_ms":124371,"node":33120,"peer":29544,"mac":"02:ca:00:00:73:68","state":"alive","epoch":40,"espnow_ver":0,"mtu":226,"misses":0,"rssi":0,"tx":{"frames":298,"cb_ok":298,"cb_fail":0,"enqueue_err":0,"pdr_ppm":1000000},"rx":{"frames":1595,"lost_seqgap":7,"reorder_dup":0,"dropped_bad":0,"hb_lost":76,"bcast_frames":1234,"pdr_ppm":995630},"rtt":{"samples":122,"min_us":7739,"max_us":28944,"timeouts":0,"txq_last_us":5959,"txq_max_us":6445,"remote_turnaround_us":12951,"remote_turnaround_max_us":20904,"p50_us":[11000,16000],"p99_us":[22000,30000],"hist":[0,0,0,0,0,1,32,29,13,47,0,0,0,0,0,0]}}
00:02:04 C {"t":"can","node":33120,"up_ms":124423,"tx_frames":4397,"tx_ok":4397,"tx_fail":0,"tx_no_slot":0,"arb_lost":0,"bit_err":0,"form_err":0,"stuff_err":0,"ack_err":0,"rx_frames":370888,"rx_overflow":34,"rx_own":0,"rx_messages":1595,"rx_not_for_us":366579,"rx_unknown_alias":0,"rx_out_of_order":0,"rx_timeouts":0,"rx_malformed":0,"flood_sent":0,"ss_sent":123,"ss_last_us":413,"ss_min_us":341,"ss_max_us":1056,"ss_rx":0,"ss_rx_gaps":0}
00:02:04 C {"t":"node","up_ms":124460,"node":33120,"epoch":23,"peers_alive":1,"peers_dead":0,"no_radio":1,"free_dram":326784,"largest_block":270336,"rx":{"total":1595,"bad_frame":0,"unknown_peer":1,"wrong_dst":0,"short_payload":0,"unknown_opcode":0,"queue_dropped":0},"tx":{"total":1712,"enqueue_err":0,"done_queue_dropped":0},"membership":{"deaths":0,"revivals":0,"reboots_seen":0,"table_full":0,"events_dropped":0}}
00:02:04 C {"t":"ns","node":33120,"hash":13581963,"owner":33120,"kind":"sampled","unit":100,"class":4,"bound_ms":5000,"quality":"GOOD","age_ms":158,"ts":124338,"updates":12,"value":1}
00:02:04 C {"t":"ns","node":33120,"hash":3142365229,"owner":33120,"kind":"sampled","unit":101,"class":4,"bound_ms":30000,"quality":"GOOD","age_ms":173,"ts":124338,"updates":12,"value":270336}
00:02:04 C {"t":"ns","node":33120,"hash":2347817554,"owner":33120,"kind":"sampled","unit":100,"class":4,"bound_ms":0,"quality":"GOOD","age_ms":189,"ts":124338,"updates":12,"value":23}
00:02:04 C {"t":"ns","node":33120,"hash":1170356950,"owner":33120,"kind":"sampled","unit":80,"class":4,"bound_ms":30000,"quality":"GOOD","age_ms":204,"ts":124338,"updates":12,"value":124}
00:02:04 C {"t":"ns","node":33120,"hash":3085599597,"owner":33120,"kind":"sampled","unit":0,"class":4,"bound_ms":5000,"quality":"GOOD","age_ms":219,"ts":124338,"updates":12,"value":0}
00:02:04 C {"t":"ns","node":33120,"hash":2486014333,"owner":33120,"kind":"sampled","unit":101,"class":4,"bound_ms":30000,"quality":"GOOD","age_ms":234,"ts":124338,"updates":12,"value":326784}
00:02:04 B I (247954) pot.m0: SAFE_STATE #124 from 0x8160, reason 1
00:02:05 B I (248954) pot.m0: SAFE_STATE #125 from 0x8160, reason 1
00:02:06 B I (249954) pot.m0: SAFE_STATE #126 from 0x8160, reason 1
00:02:06 B {"t":"event","at_ms":240602,"node":29544,"kind":"peer_admitted","peer":33120,"slot":0,"a":0,"b":0}
00:02:06 B {"t":"event","at_ms":240701,"node":29544,"kind":"safe_state_rx","peer":33120,"slot":0,"a":117,"b":1}
00:02:06 B {"t":"event","at_ms":241701,"node":29544,"kind":"safe_state_rx","peer":33120,"slot":0,"a":118,"b":1}
00:02:06 B {"t":"event","at_ms":242602,"node":29544,"kind":"peer_admitted","peer":33120,"slot":0,"a":0,"b":0}
00:02:06 B {"t":"event","at_ms":242701,"node":29544,"kind":"safe_state_rx","peer":33120,"slot":0,"a":119,"b":1}
00:02:06 B {"t":"event","at_ms":243701,"node":29544,"kind":"safe_state_rx","peer":33120,"slot":0,"a":120,"b":1}
00:02:06 B {"t":"event","at_ms":244602,"node":29544,"kind":"peer_admitted","peer":33120,"slot":0,"a":0,"b":0}
00:02:06 B {"t":"event","at_ms":244701,"node":29544,"kind":"safe_state_rx","peer":33120,"slot":0,"a":121,"b":1}
00:02:06 B {"t":"event","at_ms":245701,"node":29544,"kind":"safe_state_rx","peer":33120,"slot":0,"a":122,"b":1}
00:02:06 B {"t":"event","at_ms":246602,"node":29544,"kind":"peer_admitted","peer":33120,"slot":0,"a":0,"b":0}
00:02:06 B {"t":"event","at_ms":246701,"node":29544,"kind":"safe_state_rx","peer":33120,"slot":0,"a":123,"b":1}
00:02:06 B {"t":"event","at_ms":247701,"node":29544,"kind":"safe_state_rx","peer":33120,"slot":0,"a":124,"b":1}
00:02:06 B {"t":"event","at_ms":248602,"node":29544,"kind":"peer_admitted","peer":33120,"slot":0,"a":0,"b":0}
00:02:06 B {"t":"event","at_ms":248701,"node":29544,"kind":"safe_state_rx","peer":33120,"slot":0,"a":125,"b":1}
00:02:06 B {"t":"event","at_ms":249701,"node":29544,"kind":"safe_state_rx","peer":33120,"slot":0,"a":126,"b":1}
00:02:06 B {"t":"link","up_ms":250210,"node":29544,"peer":33120,"mac":"02:ca:00:00:81:60","state":"alive","epoch":23,"espnow_ver":0,"mtu":226,"misses":0,"rssi":0,"tx":{"frames":613,"cb_ok":606,"cb_fail":0,"enqueue_err":7,"pdr_ppm":1000000},"rx":{"frames":3373,"lost_seqgap":5,"reorder_dup":0,"dropped_bad":0,"hb_lost":49,"bcast_frames":2437,"pdr_ppm":998519},"rtt":{"samples":240,"min_us":9085,"max_us":38857,"timeouts":1,"txq_last_us":4660,"txq_max_us":6121,"remote_turnaround_us":4998,"remote_turnaround_max_us":27665,"p50_us":[16000,22000],"p99_us":[22000,30000],"hist":[0,0,0,0,0,0,3,111,79,45,2,0,0,0,0,0]}}
00:02:06 B {"t":"can","node":29544,"up_ms":250263,"tx_frames":730143,"tx_ok":730142,"tx_fail":0,"tx_no_slot":123,"arb_lost":21,"bit_err":0,"form_err":0,"stuff_err":0,"ack_err":35295,"rx_frames":8597,"rx_overflow":0,"rx_own":0,"rx_messages":3373,"rx_not_for_us":0,"rx_unknown_alias":0,"rx_out_of_order":0,"rx_timeouts":0,"rx_malformed":0,"flood_sent":180485,"ss_sent":0,"ss_last_us":0,"ss_min_us":0,"ss_max_us":0,"ss_rx":244,"ss_rx_gaps":4294966709}
00:02:06 B {"t":"node","up_ms":250301,"node":29544,"epoch":40,"peers_alive":1,"peers_dead":0,"no_radio":1,"free_dram":326784,"largest_block":270336,"rx":{"total":3373,"bad_frame":0,"unknown_peer":1,"wrong_dst":0,"short_payload":0,"unknown_opcode":0,"queue_dropped":0},"tx":{"total":3225,"enqueue_err":123,"done_queue_dropped":0},"membership":{"deaths":1,"revivals":0,"reboots_seen":1,"table_full":0,"events_dropped":64}}
00:02:06 B {"t":"ns","node":29544,"hash":96177158,"owner":29544,"kind":"sampled","unit":0,"class":4,"bound_ms":5000,"quality":"GOOD","age_ms":247,"ts":250089,"updates":24,"value":0}
00:02:06 B {"t":"ns","node":29544,"hash":1162973580,"owner":29544,"kind":"sampled","unit":101,"class":4,"bound_ms":30000,"quality":"GOOD","age_ms":262,"ts":250089,"updates":24,"value":326784}
00:02:06 B {"t":"ns","node":29544,"hash":4013525678,"owner":29544,"kind":"sampled","unit":101,"class":4,"bound_ms":30000,"quality":"GOOD","age_ms":278,"ts":250089,"updates":24,"value":270336}
00:02:06 B {"t":"ns","node":29544,"hash":1303338069,"owner":29544,"kind":"sampled","unit":100,"class":4,"bound_ms":0,"quality":"GOOD","age_ms":294,"ts":250089,"updates":24,"value":40}
00:02:06 B {"t":"ns","node":29544,"hash":288706273,"owner":29544,"kind":"sampled","unit":80,"class":4,"bound_ms":30000,"quality":"GOOD","age_ms":309,"ts":250089,"updates":24,"value":250}
00:02:06 B {"t":"ns","node":29544,"hash":2548334194,"owner":29544,"kind":"sampled","unit":100,"class":4,"bound_ms":5000,"quality":"GOOD","age_ms":324,"ts":250089,"updates":24,"value":1}
00:02:07 B I (250954) pot.m0: SAFE_STATE #127 from 0x8160, reason 1
00:02:08 B I (251954) pot.m0: SAFE_STATE #128 from 0x8160, reason 1
00:02:09 B I (252954) pot.m0: SAFE_STATE #129 from 0x8160, reason 1
00:02:10 B I (253954) pot.m0: SAFE_STATE #130 from 0x8160, reason 1
00:02:11 B I (254954) pot.m0: SAFE_STATE #131 from 0x8160, reason 1
00:02:12 B I (255954) pot.m0: SAFE_STATE #132 from 0x8160, reason 1
00:02:13 B I (256954) pot.m0: SAFE_STATE #133 from 0x8160, reason 1
00:02:14 B I (257954) pot.m0: SAFE_STATE #134 from 0x8160, reason 1
00:02:14 C {"t":"event","at_ms":124689,"node":33120,"kind":"peer_admitted","peer":29544,"slot":0,"a":0,"b":0}
00:02:14 C {"t":"event","at_ms":126689,"node":33120,"kind":"peer_admitted","peer":29544,"slot":0,"a":0,"b":0}
00:02:14 C {"t":"event","at_ms":128689,"node":33120,"kind":"peer_admitted","peer":29544,"slot":0,"a":0,"b":0}
00:02:14 C {"t":"event","at_ms":130689,"node":33120,"kind":"peer_admitted","peer":29544,"slot":0,"a":0,"b":0}
00:02:14 C {"t":"event","at_ms":132689,"node":33120,"kind":"peer_admitted","peer":29544,"slot":0,"a":0,"b":0}
00:02:14 C {"t":"link","up_ms":134621,"node":33120,"peer":29544,"mac":"02:ca:00:00:73:68","state":"alive","epoch":40,"espnow_ver":0,"mtu":226,"misses":0,"rssi":0,"tx":{"frames":324,"cb_ok":323,"cb_fail":0,"enqueue_err":0,"pdr_ppm":1000000},"rx":{"frames":1727,"lost_seqgap":7,"reorder_dup":0,"dropped_bad":0,"hb_lost":76,"bcast_frames":1336,"pdr_ppm":995963},"rtt":{"samples":132,"min_us":7739,"max_us":28944,"timeouts":0,"txq_last_us":5998,"txq_max_us":6445,"remote_turnaround_us":12926,"remote_turnaround_max_us":20904,"p50_us":[16000,22000],"p99_us":[22000,30000],"hist":[0,0,0,0,0,1,32,29,15,55,0,0,0,0,0,0]}}
00:02:14 C {"t":"can","node":33120,"up_ms":134673,"tx_frames":4769,"tx_ok":4769,"tx_fail":0,"tx_no_slot":0,"arb_lost":0,"bit_err":0,"form_err":0,"stuff_err":0,"ack_err":0,"rx_frames":402046,"rx_overflow":34,"rx_own":0,"rx_messages":1729,"rx_not_for_us":397378,"rx_unknown_alias":0,"rx_out_of_order":0,"rx_timeouts":0,"rx_malformed":0,"flood_sent":0,"ss_sent":133,"ss_last_us":467,"ss_min_us":341,"ss_max_us":1056,"ss_rx":0,"ss_rx_gaps":0}
00:02:14 C {"t":"node","up_ms":134710,"node":33120,"epoch":23,"peers_alive":1,"peers_dead":0,"no_radio":1,"free_dram":326784,"largest_block":270336,"rx":{"total":1729,"bad_frame":0,"unknown_peer":1,"wrong_dst":0,"short_payload":0,"unknown_opcode":0,"queue_dropped":0},"tx":{"total":1855,"enqueue_err":0,"done_queue_dropped":0},"membership":{"deaths":0,"revivals":0,"reboots_seen":0,"table_full":0,"events_dropped":0}}
00:02:14 C {"t":"ns","node":33120,"hash":13581963,"owner":33120,"kind":"sampled","unit":100,"class":4,"bound_ms":5000,"quality":"GOOD","age_ms":158,"ts":134588,"updates":13,"value":1}
00:02:14 C {"t":"ns","node":33120,"hash":3142365229,"owner":33120,"kind":"sampled","unit":101,"class":4,"bound_ms":30000,"quality":"GOOD","age_ms":173,"ts":134588,"updates":13,"value":270336}
00:02:14 C {"t":"ns","node":33120,"hash":2347817554,"owner":33120,"kind":"sampled","unit":100,"class":4,"bound_ms":0,"quality":"GOOD","age_ms":189,"ts":134588,"updates":13,"value":23}
00:02:14 C {"t":"ns","node":33120,"hash":1170356950,"owner":33120,"kind":"sampled","unit":80,"class":4,"bound_ms":30000,"quality":"GOOD","age_ms":204,"ts":134588,"updates":13,"value":134}
00:02:14 C {"t":"ns","node":33120,"hash":3085599597,"owner":33120,"kind":"sampled","unit":0,"class":4,"bound_ms":5000,"quality":"GOOD","age_ms":219,"ts":134588,"updates":13,"value":0}
00:02:14 C {"t":"ns","node":33120,"hash":2486014333,"owner":33120,"kind":"sampled","unit":101,"class":4,"bound_ms":30000,"quality":"GOOD","age_ms":234,"ts":134588,"updates":13,"value":326784}
00:02:15 B I (258954) pot.m0: SAFE_STATE #135 from 0x8160, reason 1
00:02:16 B I (259954) pot.m0: SAFE_STATE #136 from 0x8160, reason 1
00:02:17 B {"t":"event","at_ms":250602,"node":29544,"kind":"peer_admitted","peer":33120,"slot":0,"a":0,"b":0}
00:02:17 B {"t":"event","at_ms":250701,"node":29544,"kind":"safe_state_rx","peer":33120,"slot":0,"a":127,"b":1}
00:02:17 B {"t":"event","at_ms":251701,"node":29544,"kind":"safe_state_rx","peer":33120,"slot":0,"a":128,"b":1}
00:02:17 B {"t":"event","at_ms":252602,"node":29544,"kind":"peer_admitted","peer":33120,"slot":0,"a":0,"b":0}
00:02:17 B {"t":"event","at_ms":252701,"node":29544,"kind":"safe_state_rx","peer":33120,"slot":0,"a":129,"b":1}
00:02:17 B {"t":"event","at_ms":253701,"node":29544,"kind":"safe_state_rx","peer":33120,"slot":0,"a":130,"b":1}
00:02:17 B {"t":"event","at_ms":254602,"node":29544,"kind":"peer_admitted","peer":33120,"slot":0,"a":0,"b":0}
00:02:17 B {"t":"event","at_ms":254701,"node":29544,"kind":"safe_state_rx","peer":33120,"slot":0,"a":131,"b":1}
00:02:17 B {"t":"event","at_ms":255701,"node":29544,"kind":"safe_state_rx","peer":33120,"slot":0,"a":132,"b":1}
00:02:17 B {"t":"event","at_ms":256602,"node":29544,"kind":"peer_admitted","peer":33120,"slot":0,"a":0,"b":0}
00:02:17 B {"t":"event","at_ms":256701,"node":29544,"kind":"safe_state_rx","peer":33120,"slot":0,"a":133,"b":1}
00:02:17 B {"t":"event","at_ms":257701,"node":29544,"kind":"safe_state_rx","peer":33120,"slot":0,"a":134,"b":1}
00:02:17 B {"t":"event","at_ms":258602,"node":29544,"kind":"peer_admitted","peer":33120,"slot":0,"a":0,"b":0}
00:02:17 B {"t":"event","at_ms":258701,"node":29544,"kind":"safe_state_rx","peer":33120,"slot":0,"a":135,"b":1}
00:02:17 B {"t":"event","at_ms":259701,"node":29544,"kind":"safe_state_rx","peer":33120,"slot":0,"a":136,"b":1}
00:02:17 B {"t":"link","up_ms":260550,"node":29544,"peer":33120,"mac":"02:ca:00:00:81:60","state":"alive","epoch":23,"espnow_ver":0,"mtu":226,"misses":0,"rssi":0,"tx":{"frames":638,"cb_ok":631,"cb_fail":0,"enqueue_err":7,"pdr_ppm":1000000},"rx":{"frames":3516,"lost_seqgap":5,"reorder_dup":0,"dropped_bad":0,"hb_lost":49,"bcast_frames":2540,"pdr_ppm":998579},"rtt":{"samples":250,"min_us":9085,"max_us":38857,"timeouts":1,"txq_last_us":4654,"txq_max_us":6121,"remote_turnaround_us":4990,"remote_turnaround_max_us":27665,"p50_us":[16000,22000],"p99_us":[30000,42000],"hist":[0,0,0,0,0,0,3,116,83,45,3,0,0,0,0,0]}}
00:02:17 B {"t":"can","node":29544,"up_ms":260603,"tx_frames":761573,"tx_ok":761572,"tx_fail":0,"tx_no_slot":123,"arb_lost":25,"bit_err":0,"form_err":0,"stuff_err":0,"ack_err":35295,"rx_frames":8977,"rx_overflow":0,"rx_own":0,"rx_messages":3519,"rx_not_for_us":0,"rx_unknown_alias":0,"rx_out_of_order":0,"rx_timeouts":0,"rx_malformed":0,"flood_sent":188252,"ss_sent":0,"ss_last_us":0,"ss_min_us":0,"ss_max_us":0,"ss_rx":254,"ss_rx_gaps":4294966709}
00:02:17 B {"t":"node","up_ms":260641,"node":29544,"epoch":40,"peers_alive":1,"peers_dead":0,"no_radio":1,"free_dram":326784,"largest_block":270336,"rx":{"total":3519,"bad_frame":0,"unknown_peer":1,"wrong_dst":0,"short_payload":0,"unknown_opcode":0,"queue_dropped":0},"tx":{"total":3360,"enqueue_err":123,"done_queue_dropped":0},"membership":{"deaths":1,"revivals":0,"reboots_seen":1,"table_full":0,"events_dropped":64}}
00:02:17 B {"t":"ns","node":29544,"hash":96177158,"owner":29544,"kind":"sampled","unit":0,"class":4,"bound_ms":5000,"quality":"GOOD","age_ms":247,"ts":260429,"updates":25,"value":0}
00:02:17 B I (260942) pot.m0: SAFE_STATE #137 from 0x8160, reason 1
00:02:17 B {"t":"ns","node":29544,"hash":1162973580,"owner":29544,"kind":"sampled","unit":101,"class":4,"bound_ms":30000,"quality":"GOOD","age_ms":267,"ts":260429,"updates":25,"value":326784}
00:02:17 B {"t":"ns","node":29544,"hash":4013525678,"owner":29544,"kind":"sampled","unit":101,"class":4,"bound_ms":30000,"quality":"GOOD","age_ms":283,"ts":260429,"updates":25,"value":270336}
00:02:17 B {"t":"ns","node":29544,"hash":1303338069,"owner":29544,"kind":"sampled","unit":100,"class":4,"bound_ms":0,"quality":"GOOD","age_ms":299,"ts":260429,"updates":25,"value":40}
00:02:17 B {"t":"ns","node":29544,"hash":288706273,"owner":29544,"kind":"sampled","unit":80,"class":4,"bound_ms":30000,"quality":"GOOD","age_ms":314,"ts":260429,"updates":25,"value":260}
00:02:17 B {"t":"ns","node":29544,"hash":2548334194,"owner":29544,"kind":"sampled","unit":100,"class":4,"bound_ms":5000,"quality":"GOOD","age_ms":329,"ts":260429,"updates":25,"value":1}
00:02:18 B I (261942) pot.m0: SAFE_STATE #138 from 0x8160, reason 1
00:02:19 B I (262942) pot.m0: SAFE_STATE #139 from 0x8160, reason 1
00:02:20 B I (263942) pot.m0: SAFE_STATE #140 from 0x8160, reason 1
00:02:21 B I (264942) pot.m0: SAFE_STATE #141 from 0x8160, reason 1
00:02:22 B I (265942) pot.m0: SAFE_STATE #142 from 0x8160, reason 1
00:02:23 B I (266942) pot.m0: SAFE_STATE #143 from 0x8160, reason 1
00:02:24 B I (267942) pot.m0: SAFE_STATE #144 from 0x8160, reason 1
00:02:24 C {"t":"event","at_ms":134711,"node":33120,"kind":"peer_admitted","peer":29544,"slot":0,"a":0,"b":0}
00:02:24 C {"t":"event","at_ms":136689,"node":33120,"kind":"peer_admitted","peer":29544,"slot":0,"a":0,"b":0}
00:02:24 C {"t":"event","at_ms":138689,"node":33120,"kind":"peer_admitted","peer":29544,"slot":0,"a":0,"b":0}
00:02:24 C {"t":"event","at_ms":140689,"node":33120,"kind":"peer_admitted","peer":29544,"slot":0,"a":0,"b":0}
00:02:24 C {"t":"event","at_ms":142689,"node":33120,"kind":"peer_admitted","peer":29544,"slot":0,"a":0,"b":0}
00:02:24 C {"t":"event","at_ms":144689,"node":33120,"kind":"peer_admitted","peer":29544,"slot":0,"a":0,"b":0}
00:02:24 C {"t":"link","up_ms":144879,"node":33120,"peer":29544,"mac":"02:ca:00:00:73:68","state":"alive","epoch":40,"espnow_ver":0,"mtu":226,"misses":0,"rssi":0,"tx":{"frames":351,"cb_ok":351,"cb_fail":0,"enqueue_err":0,"pdr_ppm":1000000},"rx":{"frames":1863,"lost_seqgap":7,"reorder_dup":0,"dropped_bad":0,"hb_lost":76,"bcast_frames":1439,"pdr_ppm":996256},"rtt":{"samples":143,"min_us":7739,"max_us":28944,"timeouts":0,"txq_last_us":4983,"txq_max_us":6445,"remote_turnaround_us":8793,"remote_turnaround_max_us":20904,"p50_us":[16000,22000],"p99_us":[22000,30000],"hist":[0,0,0,0,0,1,32,29,23,58,0,0,0,0,0,0]}}
00:02:24 C {"t":"can","node":33120,"up_ms":144932,"tx_frames":5147,"tx_ok":5147,"tx_fail":0,"tx_no_slot":0,"arb_lost":0,"bit_err":0,"form_err":0,"stuff_err":0,"ack_err":0,"rx_frames":433764,"rx_overflow":34,"rx_own":0,"rx_messages":1863,"rx_not_for_us":428699,"rx_unknown_alias":0,"rx_out_of_order":0,"rx_timeouts":0,"rx_malformed":0,"flood_sent":0,"ss_sent":144,"ss_last_us":517,"ss_min_us":341,"ss_max_us":1056,"ss_rx":0,"ss_rx_gaps":0}
00:02:24 C {"t":"node","up_ms":144969,"node":33120,"epoch":23,"peers_alive":1,"peers_dead":0,"no_radio":1,"free_dram":326784,"largest_block":270336,"rx":{"total":1863,"bad_frame":0,"unknown_peer":1,"wrong_dst":0,"short_payload":0,"unknown_opcode":0,"queue_dropped":0},"tx":{"total":2001,"enqueue_err":0,"done_queue_dropped":0},"membership":{"deaths":0,"revivals":0,"reboots_seen":0,"table_full":0,"events_dropped":0}}
00:02:24 C {"t":"ns","node":33120,"hash":13581963,"owner":33120,"kind":"sampled","unit":100,"class":4,"bound_ms":5000,"quality":"GOOD","age_ms":166,"ts":144838,"updates":14,"value":1}
00:02:24 C {"t":"ns","node":33120,"hash":3142365229,"owner":33120,"kind":"sampled","unit":101,"class":4,"bound_ms":30000,"quality":"GOOD","age_ms":182,"ts":144838,"updates":14,"value":270336}
00:02:24 C {"t":"ns","node":33120,"hash":2347817554,"owner":33120,"kind":"sampled","unit":100,"class":4,"bound_ms":0,"quality":"GOOD","age_ms":197,"ts":144838,"updates":14,"value":23}
00:02:24 C {"t":"ns","node":33120,"hash":1170356950,"owner":33120,"kind":"sampled","unit":80,"class":4,"bound_ms":30000,"quality":"GOOD","age_ms":212,"ts":144838,"updates":14,"value":144}
00:02:24 C {"t":"ns","node":33120,"hash":3085599597,"owner":33120,"kind":"sampled","unit":0,"class":4,"bound_ms":5000,"quality":"GOOD","age_ms":228,"ts":144838,"updates":14,"value":0}
00:02:24 C {"t":"ns","node":33120,"hash":2486014333,"owner":33120,"kind":"sampled","unit":101,"class":4,"bound_ms":30000,"quality":"GOOD","age_ms":243,"ts":144838,"updates":14,"value":326784}
00:02:25 B I (268942) pot.m0: SAFE_STATE #145 from 0x8160, reason 1
00:02:26 B I (269942) pot.m0: SAFE_STATE #146 from 0x8160, reason 1
00:02:27 B I (270942) pot.m0: SAFE_STATE #147 from 0x8160, reason 1
00:02:27 B {"t":"event","at_ms":260602,"node":29544,"kind":"peer_admitted","peer":33120,"slot":0,"a":0,"b":0}
00:02:27 B {"t":"event","at_ms":260689,"node":29544,"kind":"safe_state_rx","peer":33120,"slot":0,"a":137,"b":1}
00:02:27 B {"t":"event","at_ms":261689,"node":29544,"kind":"safe_state_rx","peer":33120,"slot":0,"a":138,"b":1}
00:02:27 B {"t":"event","at_ms":262596,"node":29544,"kind":"peer_admitted","peer":33120,"slot":0,"a":0,"b":0}
00:02:27 B {"t":"event","at_ms":262689,"node":29544,"kind":"safe_state_rx","peer":33120,"slot":0,"a":139,"b":1}
00:02:27 B {"t":"event","at_ms":263689,"node":29544,"kind":"safe_state_rx","peer":33120,"slot":0,"a":140,"b":1}
00:02:27 B {"t":"event","at_ms":264596,"node":29544,"kind":"peer_admitted","peer":33120,"slot":0,"a":0,"b":0}
00:02:27 B {"t":"event","at_ms":264689,"node":29544,"kind":"safe_state_rx","peer":33120,"slot":0,"a":141,"b":1}
00:02:27 B {"t":"event","at_ms":265689,"node":29544,"kind":"safe_state_rx","peer":33120,"slot":0,"a":142,"b":1}
00:02:27 B {"t":"event","at_ms":266596,"node":29544,"kind":"peer_admitted","peer":33120,"slot":0,"a":0,"b":0}
00:02:27 B {"t":"event","at_ms":266689,"node":29544,"kind":"safe_state_rx","peer":33120,"slot":0,"a":143,"b":1}
00:02:27 B {"t":"event","at_ms":267689,"node":29544,"kind":"safe_state_rx","peer":33120,"slot":0,"a":144,"b":1}
00:02:27 B {"t":"event","at_ms":268596,"node":29544,"kind":"peer_admitted","peer":33120,"slot":0,"a":0,"b":0}
00:02:27 B {"t":"event","at_ms":268689,"node":29544,"kind":"safe_state_rx","peer":33120,"slot":0,"a":145,"b":1}
00:02:27 B {"t":"event","at_ms":269689,"node":29544,"kind":"safe_state_rx","peer":33120,"slot":0,"a":146,"b":1}
00:02:27 B {"t":"event","at_ms":270596,"node":29544,"kind":"peer_admitted","peer":33120,"slot":0,"a":0,"b":0}
00:02:27 B {"t":"event","at_ms":270689,"node":29544,"kind":"safe_state_rx","peer":33120,"slot":0,"a":147,"b":1}
00:02:27 B {"t":"link","up_ms":270913,"node":29544,"peer":33120,"mac":"02:ca:00:00:81:60","state":"alive","epoch":23,"espnow_ver":0,"mtu":226,"misses":0,"rssi":0,"tx":{"frames":666,"cb_ok":659,"cb_fail":0,"enqueue_err":7,"pdr_ppm":1000000},"rx":{"frames":3664,"lost_seqgap":5,"reorder_dup":0,"dropped_bad":0,"hb_lost":49,"bcast_frames":2644,"pdr_ppm":998637},"rtt":{"samples":261,"min_us":9085,"max_us":38857,"timeouts":1,"txq_last_us":4162,"txq_max_us":6121,"remote_turnaround_us":5200,"remote_turnaround_max_us":27665,"p50_us":[16000,22000],"p99_us":[30000,42000],"hist":[0,0,0,0,0,0,3,122,88,45,3,0,0,0,0,0]}}
00:02:27 B {"t":"can","node":29544,"up_ms":270965,"tx_frames":793853,"tx_ok":793853,"tx_fail":0,"tx_no_slot":123,"arb_lost":26,"bit_err":0,"form_err":0,"stuff_err":0,"ack_err":35295,"rx_frames":9351,"rx_overflow":0,"rx_own":0,"rx_messages":3664,"rx_not_for_us":0,"rx_unknown_alias":0,"rx_out_of_order":0,"rx_timeouts":0,"rx_malformed":0,"flood_sent":196217,"ss_sent":0,"ss_last_us":0,"ss_min_us":0,"ss_max_us":0,"ss_rx":265,"ss_rx_gaps":4294966709}
00:02:27 B {"t":"node","up_ms":271003,"node":29544,"epoch":40,"peers_alive":1,"peers_dead":0,"no_radio":1,"free_dram":326784,"largest_block":270336,"rx":{"total":3664,"bad_frame":0,"unknown_peer":1,"wrong_dst":0,"short_payload":0,"unknown_opcode":0,"queue_dropped":0},"tx":{"total":3495,"enqueue_err":123,"done_queue_dropped":0},"membership":{"deaths":1,"revivals":0,"reboots_seen":1,"table_full":0,"events_dropped":64}}
00:02:27 B {"t":"ns","node":29544,"hash":96177158,"owner":29544,"kind":"sampled","unit":0,"class":4,"bound_ms":5000,"quality":"GOOD","age_ms":265,"ts":270774,"updates":26,"value":0}
00:02:27 B {"t":"ns","node":29544,"hash":1162973580,"owner":29544,"kind":"sampled","unit":101,"class":4,"bound_ms":30000,"quality":"GOOD","age_ms":280,"ts":270774,"updates":26,"value":326784}
00:02:27 B {"t":"ns","node":29544,"hash":4013525678,"owner":29544,"kind":"sampled","unit":101,"class":4,"bound_ms":30000,"quality":"GOOD","age_ms":296,"ts":270774,"updates":26,"value":270336}
00:02:27 B {"t":"ns","node":29544,"hash":1303338069,"owner":29544,"kind":"sampled","unit":100,"class":4,"bound_ms":0,"quality":"GOOD","age_ms":311,"ts":270774,"updates":26,"value":40}
00:02:27 B {"t":"ns","node":29544,"hash":288706273,"owner":29544,"kind":"sampled","unit":80,"class":4,"bound_ms":30000,"quality":"GOOD","age_ms":326,"ts":270774,"updates":26,"value":270}
00:02:27 B {"t":"ns","node":29544,"hash":2548334194,"owner":29544,"kind":"sampled","unit":100,"class":4,"bound_ms":5000,"quality":"GOOD","age_ms":342,"ts":270774,"updates":26,"value":1}
00:02:28 B I (271947) pot.m0: SAFE_STATE #148 from 0x8160, reason 1
00:02:29 B I (272947) pot.m0: SAFE_STATE #149 from 0x8160, reason 1
00:02:30 B I (273947) pot.m0: SAFE_STATE #150 from 0x8160, reason 1
00:02:31 B I (274947) pot.m0: SAFE_STATE #151 from 0x8160, reason 1
00:02:32 B I (275947) pot.m0: SAFE_STATE #152 from 0x8160, reason 1
00:02:33 B I (276947) pot.m0: SAFE_STATE #153 from 0x8160, reason 1
00:02:34 B I (277947) pot.m0: SAFE_STATE #154 from 0x8160, reason 1
00:02:34 C {"t":"event","at_ms":146689,"node":33120,"kind":"peer_admitted","peer":29544,"slot":0,"a":0,"b":0}
00:02:34 C {"t":"event","at_ms":148689,"node":33120,"kind":"peer_admitted","peer":29544,"slot":0,"a":0,"b":0}
00:02:34 C {"t":"event","at_ms":150689,"node":33120,"kind":"peer_admitted","peer":29544,"slot":0,"a":0,"b":0}
00:02:34 C {"t":"event","at_ms":152689,"node":33120,"kind":"peer_admitted","peer":29544,"slot":0,"a":0,"b":0}
00:02:34 C {"t":"event","at_ms":154689,"node":33120,"kind":"peer_admitted","peer":29544,"slot":0,"a":0,"b":0}
00:02:34 C {"t":"link","up_ms":155130,"node":33120,"peer":29544,"mac":"02:ca:00:00:73:68","state":"alive","epoch":40,"espnow_ver":0,"mtu":226,"misses":0,"rssi":0,"tx":{"frames":376,"cb_ok":376,"cb_fail":0,"enqueue_err":0,"pdr_ppm":1000000},"rx":{"frames":1995,"lost_seqgap":7,"reorder_dup":0,"dropped_bad":0,"hb_lost":76,"bcast_frames":1541,"pdr_ppm":996503},"rtt":{"samples":153,"min_us":7739,"max_us":28944,"timeouts":0,"txq_last_us":5780,"txq_max_us":6445,"remote_turnaround_us":5260,"remote_turnaround_max_us":20904,"p50_us":[16000,22000],"p99_us":[22000,30000],"hist":[0,0,0,0,0,1,32,36,26,58,0,0,0,0,0,0]}}
00:02:34 C {"t":"can","node":33120,"up_ms":155182,"tx_frames":5509,"tx_ok":5509,"tx_fail":0,"tx_no_slot":0,"arb_lost":0,"bit_err":0,"form_err":0,"stuff_err":0,"ack_err":0,"rx_frames":465674,"rx_overflow":62,"rx_own":0,"rx_messages":1996,"rx_not_for_us":460225,"rx_unknown_alias":0,"rx_out_of_order":0,"rx_timeouts":0,"rx_malformed":0,"flood_sent":0,"ss_sent":154,"ss_last_us":536,"ss_min_us":341,"ss_max_us":1056,"ss_rx":0,"ss_rx_gaps":0}
00:02:34 C {"t":"node","up_ms":155219,"node":33120,"epoch":23,"peers_alive":1,"peers_dead":0,"no_radio":1,"free_dram":326784,"largest_block":270336,"rx":{"total":1996,"bad_frame":0,"unknown_peer":1,"wrong_dst":0,"short_payload":0,"unknown_opcode":0,"queue_dropped":0},"tx":{"total":2143,"enqueue_err":0,"done_queue_dropped":0},"membership":{"deaths":0,"revivals":0,"reboots_seen":0,"table_full":0,"events_dropped":0}}
00:02:34 C {"t":"ns","node":33120,"hash":13581963,"owner":33120,"kind":"sampled","unit":100,"class":4,"bound_ms":5000,"quality":"GOOD","age_ms":158,"ts":155097,"updates":15,"value":1}
00:02:34 C {"t":"ns","node":33120,"hash":3142365229,"owner":33120,"kind":"sampled","unit":101,"class":4,"bound_ms":30000,"quality":"GOOD","age_ms":173,"ts":155097,"updates":15,"value":270336}
00:02:34 C {"t":"ns","node":33120,"hash":2347817554,"owner":33120,"kind":"sampled","unit":100,"class":4,"bound_ms":0,"quality":"GOOD","age_ms":189,"ts":155097,"updates":15,"value":23}
00:02:34 C {"t":"ns","node":33120,"hash":1170356950,"owner":33120,"kind":"sampled","unit":80,"class":4,"bound_ms":30000,"quality":"GOOD","age_ms":204,"ts":155097,"updates":15,"value":155}
00:02:34 C {"t":"ns","node":33120,"hash":3085599597,"owner":33120,"kind":"sampled","unit":0,"class":4,"bound_ms":5000,"quality":"GOOD","age_ms":219,"ts":155097,"updates":15,"value":0}
00:02:34 C {"t":"ns","node":33120,"hash":2486014333,"owner":33120,"kind":"sampled","unit":101,"class":4,"bound_ms":30000,"quality":"GOOD","age_ms":234,"ts":155097,"updates":15,"value":326784}
00:02:35 B I (278947) pot.m0: SAFE_STATE #155 from 0x8160, reason 1
00:02:36 B I (279947) pot.m0: SAFE_STATE #156 from 0x8160, reason 1
00:02:37 B I (280947) pot.m0: SAFE_STATE #157 from 0x8160, reason 1
00:02:37 B {"t":"event","at_ms":271694,"node":29544,"kind":"safe_state_rx","peer":33120,"slot":0,"a":148,"b":1}
00:02:37 B {"t":"event","at_ms":272594,"node":29544,"kind":"peer_admitted","peer":33120,"slot":0,"a":0,"b":0}
00:02:37 B {"t":"event","at_ms":272694,"node":29544,"kind":"safe_state_rx","peer":33120,"slot":0,"a":149,"b":1}
00:02:37 B {"t":"event","at_ms":273694,"node":29544,"kind":"safe_state_rx","peer":33120,"slot":0,"a":150,"b":1}
00:02:37 B {"t":"event","at_ms":274594,"node":29544,"kind":"peer_admitted","peer":33120,"slot":0,"a":0,"b":0}
00:02:37 B {"t":"event","at_ms":274694,"node":29544,"kind":"safe_state_rx","peer":33120,"slot":0,"a":151,"b":1}
00:02:37 B {"t":"event","at_ms":275694,"node":29544,"kind":"safe_state_rx","peer":33120,"slot":0,"a":152,"b":1}
00:02:37 B {"t":"event","at_ms":276594,"node":29544,"kind":"peer_admitted","peer":33120,"slot":0,"a":0,"b":0}
00:02:37 B {"t":"event","at_ms":276694,"node":29544,"kind":"safe_state_rx","peer":33120,"slot":0,"a":153,"b":1}
00:02:37 B {"t":"event","at_ms":277694,"node":29544,"kind":"safe_state_rx","peer":33120,"slot":0,"a":154,"b":1}
00:02:37 B {"t":"event","at_ms":278594,"node":29544,"kind":"peer_admitted","peer":33120,"slot":0,"a":0,"b":0}
00:02:37 B {"t":"event","at_ms":278694,"node":29544,"kind":"safe_state_rx","peer":33120,"slot":0,"a":155,"b":1}
00:02:37 B {"t":"event","at_ms":279694,"node":29544,"kind":"safe_state_rx","peer":33120,"slot":0,"a":156,"b":1}
00:02:37 B {"t":"event","at_ms":280594,"node":29544,"kind":"peer_admitted","peer":33120,"slot":0,"a":0,"b":0}
00:02:37 B {"t":"event","at_ms":280694,"node":29544,"kind":"safe_state_rx","peer":33120,"slot":0,"a":157,"b":1}
00:02:37 B {"t":"link","up_ms":281252,"node":29544,"peer":33120,"mac":"02:ca:00:00:81:60","state":"alive","epoch":23,"espnow_ver":0,"mtu":226,"misses":0,"rssi":0,"tx":{"frames":691,"cb_ok":684,"cb_fail":0,"enqueue_err":7,"pdr_ppm":1000000},"rx":{"frames":3807,"lost_seqgap":5,"reorder_dup":0,"dropped_bad":0,"hb_lost":49,"bcast_frames":2747,"pdr_ppm":998688},"rtt":{"samples":271,"min_us":9085,"max_us":38857,"timeouts":1,"txq_last_us":3932,"txq_max_us":6121,"remote_turnaround_us":5380,"remote_turnaround_max_us":27665,"p50_us":[16000,22000],"p99_us":[30000,42000],"hist":[0,0,0,0,0,0,3,127,93,45,3,0,0,0,0,0]}}
00:02:37 B {"t":"can","node":29544,"up_ms":281305,"tx_frames":826036,"tx_ok":826035,"tx_fail":0,"tx_no_slot":123,"arb_lost":26,"bit_err":0,"form_err":0,"stuff_err":0,"ack_err":35295,"rx_frames":9715,"rx_overflow":0,"rx_own":0,"rx_messages":3808,"rx_not_for_us":0,"rx_unknown_alias":0,"rx_out_of_order":0,"rx_timeouts":0,"rx_malformed":0,"flood_sent":204189,"ss_sent":0,"ss_last_us":0,"ss_min_us":0,"ss_max_us":0,"ss_rx":275,"ss_rx_gaps":4294966709}
00:02:37 B {"t":"node","up_ms":281343,"node":29544,"epoch":40,"peers_alive":1,"peers_dead":0,"no_radio":1,"free_dram":326784,"largest_block":270336,"rx":{"total":3808,"bad_frame":0,"unknown_peer":1,"wrong_dst":0,"short_payload":0,"unknown_opcode":0,"queue_dropped":0},"tx":{"total":3628,"enqueue_err":123,"done_queue_dropped":0},"membership":{"deaths":1,"revivals":0,"reboots_seen":1,"table_full":0,"events_dropped":64}}
00:02:37 B {"t":"ns","node":29544,"hash":96177158,"owner":29544,"kind":"sampled","unit":0,"class":4,"bound_ms":5000,"quality":"GOOD","age_ms":247,"ts":281131,"updates":27,"value":0}
00:02:37 B {"t":"ns","node":29544,"hash":1162973580,"owner":29544,"kind":"sampled","unit":101,"class":4,"bound_ms":30000,"quality":"GOOD","age_ms":262,"ts":281131,"updates":27,"value":326784}
00:02:37 B {"t":"ns","node":29544,"hash":4013525678,"owner":29544,"kind":"sampled","unit":101,"class":4,"bound_ms":30000,"quality":"GOOD","age_ms":278,"ts":281131,"updates":27,"value":270336}
00:02:37 B {"t":"ns","node":29544,"hash":1303338069,"owner":29544,"kind":"sampled","unit":100,"class":4,"bound_ms":0,"quality":"GOOD","age_ms":294,"ts":281131,"updates":27,"value":40}
00:02:37 B {"t":"ns","node":29544,"hash":288706273,"owner":29544,"kind":"sampled","unit":80,"class":4,"bound_ms":30000,"quality":"GOOD","age_ms":309,"ts":281131,"updates":27,"value":281}
00:02:37 B {"t":"ns","node":29544,"hash":2548334194,"owner":29544,"kind":"sampled","unit":100,"class":4,"bound_ms":5000,"quality":"GOOD","age_ms":324,"ts":281131,"updates":27,"value":1}
00:02:38 B I (281947) pot.m0: SAFE_STATE #158 from 0x8160, reason 1
00:02:39 B I (282947) pot.m0: SAFE_STATE #159 from 0x8160, reason 1
00:02:40 B I (283947) pot.m0: SAFE_STATE #160 from 0x8160, reason 1
00:02:41 B I (284947) pot.m0: SAFE_STATE #161 from 0x8160, reason 1
00:02:42 B I (285947) pot.m0: SAFE_STATE #162 from 0x8160, reason 1
00:02:43 B I (286947) pot.m0: SAFE_STATE #163 from 0x8160, reason 1
00:02:44 B I (287947) pot.m0: SAFE_STATE #164 from 0x8160, reason 1
00:02:45 C {"t":"event","at_ms":156689,"node":33120,"kind":"peer_admitted","peer":29544,"slot":0,"a":0,"b":0}
00:02:45 C {"t":"event","at_ms":158689,"node":33120,"kind":"peer_admitted","peer":29544,"slot":0,"a":0,"b":0}
00:02:45 C {"t":"event","at_ms":160689,"node":33120,"kind":"peer_admitted","peer":29544,"slot":0,"a":0,"b":0}
00:02:45 C {"t":"event","at_ms":162689,"node":33120,"kind":"peer_admitted","peer":29544,"slot":0,"a":0,"b":0}
00:02:45 C {"t":"event","at_ms":164689,"node":33120,"kind":"peer_admitted","peer":29544,"slot":0,"a":0,"b":0}
00:02:45 C {"t":"link","up_ms":165380,"node":33120,"peer":29544,"mac":"02:ca:00:00:73:68","state":"alive","epoch":40,"espnow_ver":0,"mtu":226,"misses":0,"rssi":0,"tx":{"frames":401,"cb_ok":401,"cb_fail":0,"enqueue_err":0,"pdr_ppm":1000000},"rx":{"frames":2128,"lost_seqgap":7,"reorder_dup":0,"dropped_bad":0,"hb_lost":76,"bcast_frames":1644,"pdr_ppm":996721},"rtt":{"samples":163,"min_us":7739,"max_us":28944,"timeouts":0,"txq_last_us":5826,"txq_max_us":6445,"remote_turnaround_us":5228,"remote_turnaround_max_us":20904,"p50_us":[16000,22000],"p99_us":[22000,30000],"hist":[0,0,0,0,0,1,32,46,26,58,0,0,0,0,0,0]}}
00:02:45 C {"t":"can","node":33120,"up_ms":165432,"tx_frames":5872,"tx_ok":5872,"tx_fail":0,"tx_no_slot":0,"arb_lost":0,"bit_err":0,"form_err":0,"stuff_err":0,"ack_err":0,"rx_frames":497634,"rx_overflow":62,"rx_own":0,"rx_messages":2128,"rx_not_for_us":491842,"rx_unknown_alias":0,"rx_out_of_order":0,"rx_timeouts":0,"rx_malformed":0,"flood_sent":0,"ss_sent":164,"ss_last_us":335,"ss_min_us":335,"ss_max_us":1056,"ss_rx":0,"ss_rx_gaps":0}
00:02:45 C {"t":"node","up_ms":165469,"node":33120,"epoch":23,"peers_alive":1,"peers_dead":0,"no_radio":1,"free_dram":326784,"largest_block":270336,"rx":{"total":2128,"bad_frame":0,"unknown_peer":1,"wrong_dst":0,"short_payload":0,"unknown_opcode":0,"queue_dropped":0},"tx":{"total":2286,"enqueue_err":0,"done_queue_dropped":0},"membership":{"deaths":0,"revivals":0,"reboots_seen":0,"table_full":0,"events_dropped":0}}
00:02:45 C {"t":"ns","node":33120,"hash":13581963,"owner":33120,"kind":"sampled","unit":100,"class":4,"bound_ms":5000,"quality":"GOOD","age_ms":158,"ts":165347,"updates":16,"value":1}
00:02:45 C {"t":"ns","node":33120,"hash":3142365229,"owner":33120,"kind":"sampled","unit":101,"class":4,"bound_ms":30000,"quality":"GOOD","age_ms":173,"ts":165347,"updates":16,"value":270336}
00:02:45 C {"t":"ns","node":33120,"hash":2347817554,"owner":33120,"kind":"sampled","unit":100,"class":4,"bound_ms":0,"quality":"GOOD","age_ms":189,"ts":165347,"updates":16,"value":23}
00:02:45 C {"t":"ns","node":33120,"hash":1170356950,"owner":33120,"kind":"sampled","unit":80,"class":4,"bound_ms":30000,"quality":"GOOD","age_ms":204,"ts":165347,"updates":16,"value":165}
00:02:45 C {"t":"ns","node":33120,"hash":3085599597,"owner":33120,"kind":"sampled","unit":0,"class":4,"bound_ms":5000,"quality":"GOOD","age_ms":219,"ts":165347,"updates":16,"value":0}
00:02:45 C {"t":"ns","node":33120,"hash":2486014333,"owner":33120,"kind":"sampled","unit":101,"class":4,"bound_ms":30000,"quality":"GOOD","age_ms":234,"ts":165347,"updates":16,"value":326784}
00:02:45 B I (288947) pot.m0: SAFE_STATE #165 from 0x8160, reason 1
00:02:46 B I (289947) pot.m0: SAFE_STATE #166 from 0x8160, reason 1
00:02:47 B I (290947) pot.m0: SAFE_STATE #167 from 0x8160, reason 1
00:02:48 B {"t":"event","at_ms":281694,"node":29544,"kind":"safe_state_rx","peer":33120,"slot":0,"a":158,"b":1}
00:02:48 B {"t":"event","at_ms":282594,"node":29544,"kind":"peer_admitted","peer":33120,"slot":0,"a":0,"b":0}
00:02:48 B {"t":"event","at_ms":282694,"node":29544,"kind":"safe_state_rx","peer":33120,"slot":0,"a":159,"b":1}
00:02:48 B {"t":"event","at_ms":283694,"node":29544,"kind":"safe_state_rx","peer":33120,"slot":0,"a":160,"b":1}
00:02:48 B {"t":"event","at_ms":284594,"node":29544,"kind":"peer_admitted","peer":33120,"slot":0,"a":0,"b":0}
00:02:48 B {"t":"event","at_ms":284694,"node":29544,"kind":"safe_state_rx","peer":33120,"slot":0,"a":161,"b":1}
00:02:48 B {"t":"event","at_ms":285694,"node":29544,"kind":"safe_state_rx","peer":33120,"slot":0,"a":162,"b":1}
00:02:48 B {"t":"event","at_ms":286594,"node":29544,"kind":"peer_admitted","peer":33120,"slot":0,"a":0,"b":0}
00:02:48 B {"t":"event","at_ms":286694,"node":29544,"kind":"safe_state_rx","peer":33120,"slot":0,"a":163,"b":1}
00:02:48 B {"t":"event","at_ms":287694,"node":29544,"kind":"safe_state_rx","peer":33120,"slot":0,"a":164,"b":1}
00:02:48 B {"t":"event","at_ms":288594,"node":29544,"kind":"peer_admitted","peer":33120,"slot":0,"a":0,"b":0}
00:02:48 B {"t":"event","at_ms":288694,"node":29544,"kind":"safe_state_rx","peer":33120,"slot":0,"a":165,"b":1}
00:02:48 B {"t":"event","at_ms":289694,"node":29544,"kind":"safe_state_rx","peer":33120,"slot":0,"a":166,"b":1}
00:02:48 B {"t":"event","at_ms":290594,"node":29544,"kind":"peer_admitted","peer":33120,"slot":0,"a":0,"b":0}
00:02:48 B {"t":"event","at_ms":290694,"node":29544,"kind":"safe_state_rx","peer":33120,"slot":0,"a":167,"b":1}
00:02:48 B {"t":"link","up_ms":291592,"node":29544,"peer":33120,"mac":"02:ca:00:00:81:60","state":"alive","epoch":23,"espnow_ver":0,"mtu":226,"misses":0,"rssi":0,"tx":{"frames":716,"cb_ok":709,"cb_fail":0,"enqueue_err":7,"pdr_ppm":1000000},"rx":{"frames":3950,"lost_seqgap":5,"reorder_dup":0,"dropped_bad":0,"hb_lost":49,"bcast_frames":2850,"pdr_ppm":998735},"rtt":{"samples":281,"min_us":9085,"max_us":38857,"timeouts":1,"txq_last_us":3926,"txq_max_us":6121,"remote_turnaround_us":5353,"remote_turnaround_max_us":27665,"p50_us":[16000,22000],"p99_us":[30000,42000],"hist":[0,0,0,0,0,0,3,132,98,45,3,0,0,0,0,0]}}
00:02:48 B {"t":"can","node":29544,"up_ms":291645,"tx_frames":858282,"tx_ok":858281,"tx_fail":0,"tx_no_slot":123,"arb_lost":26,"bit_err":0,"form_err":0,"stuff_err":0,"ack_err":35295,"rx_frames":10088,"rx_overflow":0,"rx_own":0,"rx_messages":3952,"rx_not_for_us":0,"rx_unknown_alias":0,"rx_out_of_order":0,"rx_timeouts":0,"rx_malformed":0,"flood_sent":212152,"ss_sent":0,"ss_last_us":0,"ss_min_us":0,"ss_max_us":0,"ss_rx":285,"ss_rx_gaps":4294966709}
00:02:48 B {"t":"node","up_ms":291683,"node":29544,"epoch":40,"peers_alive":1,"peers_dead":0,"no_radio":1,"free_dram":326784,"largest_block":270336,"rx":{"total":3952,"bad_frame":0,"unknown_peer":1,"wrong_dst":0,"short_payload":0,"unknown_opcode":0,"queue_dropped":0},"tx":{"total":3763,"enqueue_err":123,"done_queue_dropped":0},"membership":{"deaths":1,"revivals":0,"reboots_seen":1,"table_full":0,"events_dropped":64}}
00:02:48 B I (291936) pot.m0: SAFE_STATE #168 from 0x8160, reason 1
00:02:48 B {"t":"ns","node":29544,"hash":96177158,"owner":29544,"kind":"sampled","unit":0,"class":4,"bound_ms":5000,"quality":"GOOD","age_ms":253,"ts":291471,"updates":28,"value":0}
00:02:48 B {"t":"ns","node":29544,"hash":1162973580,"owner":29544,"kind":"sampled","unit":101,"class":4,"bound_ms":30000,"quality":"GOOD","age_ms":267,"ts":291471,"updates":28,"value":326784}
00:02:48 B {"t":"ns","node":29544,"hash":4013525678,"owner":29544,"kind":"sampled","unit":101,"class":4,"bound_ms":30000,"quality":"GOOD","age_ms":283,"ts":291471,"updates":28,"value":270336}
00:02:48 B {"t":"ns","node":29544,"hash":1303338069,"owner":29544,"kind":"sampled","unit":100,"class":4,"bound_ms":0,"quality":"GOOD","age_ms":299,"ts":291471,"updates":28,"value":40}
00:02:48 B {"t":"ns","node":29544,"hash":288706273,"owner":29544,"kind":"sampled","unit":80,"class":4,"bound_ms":30000,"quality":"GOOD","age_ms":314,"ts":291471,"updates":28,"value":291}
00:02:48 B {"t":"ns","node":29544,"hash":2548334194,"owner":29544,"kind":"sampled","unit":100,"class":4,"bound_ms":5000,"quality":"GOOD","age_ms":329,"ts":291471,"updates":28,"value":1}
00:02:49 B I (292947) pot.m0: SAFE_STATE #169 from 0x8160, reason 1
00:02:50 B I (293947) pot.m0: SAFE_STATE #170 from 0x8160, reason 1
00:02:51 B I (294947) pot.m0: SAFE_STATE #171 from 0x8160, reason 1
00:02:52 B I (295947) pot.m0: SAFE_STATE #172 from 0x8160, reason 1
00:02:53 B I (296947) pot.m0: SAFE_STATE #173 from 0x8160, reason 1
00:02:54 B I (297947) pot.m0: SAFE_STATE #174 from 0x8160, reason 1
00:02:55 B I (298947) pot.m0: SAFE_STATE #175 from 0x8160, reason 1
00:02:55 C {"t":"event","at_ms":166689,"node":33120,"kind":"peer_admitted","peer":29544,"slot":0,"a":0,"b":0}
00:02:55 C {"t":"link","up_ms":175597,"node":33120,"peer":29544,"mac":"02:ca:00:00:73:68","state":"alive","epoch":40,"espnow_ver":0,"mtu":226,"misses":0,"rssi":0,"tx":{"frames":422,"cb_ok":422,"cb_fail":0,"enqueue_err":0,"pdr_ppm":1000000},"rx":{"frames":2256,"lost_seqgap":7,"reorder_dup":0,"dropped_bad":0,"hb_lost":76,"bcast_frames":1746,"pdr_ppm":996906},"rtt":{"samples":173,"min_us":7739,"max_us":28944,"timeouts":0,"txq_last_us":5739,"txq_max_us":6445,"remote_turnaround_us":6256,"remote_turnaround_max_us":20904,"p50_us":[11000,16000],"p99_us":[22000,30000],"hist":[0,0,0,0,0,1,32,56,26,58,0,0,0,0,0,0]}}
00:02:55 C {"t":"can","node":33120,"up_ms":175647,"tx_frames":6234,"tx_ok":6234,"tx_fail":0,"tx_no_slot":0,"arb_lost":0,"bit_err":0,"form_err":0,"stuff_err":0,"ack_err":0,"rx_frames":529067,"rx_overflow":92,"rx_own":0,"rx_messages":2258,"rx_not_for_us":522921,"rx_unknown_alias":0,"rx_out_of_order":0,"rx_timeouts":0,"rx_malformed":0,"flood_sent":0,"ss_sent":174,"ss_last_us":484,"ss_min_us":335,"ss_max_us":1056,"ss_rx":0,"ss_rx_gaps":0}
00:02:55 C {"t":"node","up_ms":175684,"node":33120,"epoch":23,"peers_alive":1,"peers_dead":0,"no_radio":1,"free_dram":326784,"largest_block":270336,"rx":{"total":2258,"bad_frame":0,"unknown_peer":1,"wrong_dst":0,"short_payload":0,"unknown_opcode":0,"queue_dropped":0},"tx":{"total":2426,"enqueue_err":0,"done_queue_dropped":0},"membership":{"deaths":0,"revivals":0,"reboots_seen":0,"table_full":0,"events_dropped":0}}
00:02:55 C {"t":"ns","node":33120,"hash":13581963,"owner":33120,"kind":"sampled","unit":100,"class":4,"bound_ms":5000,"quality":"GOOD","age_ms":123,"ts":175597,"updates":17,"value":1}
00:02:55 C {"t":"ns","node":33120,"hash":3142365229,"owner":33120,"kind":"sampled","unit":101,"class":4,"bound_ms":30000,"quality":"GOOD","age_ms":138,"ts":175597,"updates":17,"value":270336}
00:02:55 C {"t":"ns","node":33120,"hash":2347817554,"owner":33120,"kind":"sampled","unit":100,"class":4,"bound_ms":0,"quality":"GOOD","age_ms":154,"ts":175597,"updates":17,"value":23}
00:02:55 C {"t":"ns","node":33120,"hash":1170356950,"owner":33120,"kind":"sampled","unit":80,"class":4,"bound_ms":30000,"quality":"GOOD","age_ms":169,"ts":175597,"updates":17,"value":175}
00:02:55 C {"t":"ns","node":33120,"hash":3085599597,"owner":33120,"kind":"sampled","unit":0,"class":4,"bound_ms":5000,"quality":"GOOD","age_ms":184,"ts":175597,"updates":17,"value":0}
00:02:55 C {"t":"ns","node":33120,"hash":2486014333,"owner":33120,"kind":"sampled","unit":101,"class":4,"bound_ms":30000,"quality":"GOOD","age_ms":200,"ts":175597,"updates":17,"value":326784}
00:02:56 B I (299947) pot.m0: SAFE_STATE #176 from 0x8160, reason 1
00:02:57 B I (300947) pot.m0: SAFE_STATE #177 from 0x8160, reason 1
00:02:58 B I (301947) pot.m0: SAFE_STATE #178 from 0x8160, reason 1
00:02:58 B {"t":"event","at_ms":291683,"node":29544,"kind":"safe_state_rx","peer":33120,"slot":0,"a":168,"b":1}
00:02:58 B {"t":"event","at_ms":291724,"node":29544,"kind":"tx_error","peer":0,"slot":255,"a":4294967293,"b":0}
00:02:58 B {"t":"event","at_ms":292595,"node":29544,"kind":"peer_admitted","peer":33120,"slot":0,"a":0,"b":0}
00:02:58 B {"t":"event","at_ms":292694,"node":29544,"kind":"safe_state_rx","peer":33120,"slot":0,"a":169,"b":1}
00:02:58 B {"t":"event","at_ms":293694,"node":29544,"kind":"safe_state_rx","peer":33120,"slot":0,"a":170,"b":1}
00:02:58 B {"t":"event","at_ms":293725,"node":29544,"kind":"tx_error","peer":0,"slot":255,"a":4294967293,"b":0}
00:02:58 B {"t":"event","at_ms":294595,"node":29544,"kind":"peer_admitted","peer":33120,"slot":0,"a":0,"b":0}
00:02:58 B {"t":"event","at_ms":294694,"node":29544,"kind":"safe_state_rx","peer":33120,"slot":0,"a":171,"b":1}
00:02:58 B {"t":"event","at_ms":295694,"node":29544,"kind":"safe_state_rx","peer":33120,"slot":0,"a":172,"b":1}
00:02:58 B {"t":"event","at_ms":295725,"node":29544,"kind":"tx_error","peer":0,"slot":255,"a":4294967293,"b":0}
00:02:58 B {"t":"event","at_ms":296595,"node":29544,"kind":"peer_admitted","peer":33120,"slot":0,"a":0,"b":0}
00:02:58 B {"t":"event","at_ms":296694,"node":29544,"kind":"safe_state_rx","peer":33120,"slot":0,"a":173,"b":1}
00:02:58 B {"t":"event","at_ms":297694,"node":29544,"kind":"safe_state_rx","peer":33120,"slot":0,"a":174,"b":1}
00:02:58 B {"t":"event","at_ms":297725,"node":29544,"kind":"tx_error","peer":0,"slot":255,"a":4294967293,"b":0}
00:02:58 B {"t":"event","at_ms":298595,"node":29544,"kind":"peer_admitted","peer":33120,"slot":0,"a":0,"b":0}
00:02:58 B {"t":"event","at_ms":298694,"node":29544,"kind":"safe_state_rx","peer":33120,"slot":0,"a":175,"b":1}
00:02:58 B {"t":"event","at_ms":299694,"node":29544,"kind":"safe_state_rx","peer":33120,"slot":0,"a":176,"b":1}
00:02:58 B {"t":"event","at_ms":299725,"node":29544,"kind":"tx_error","peer":0,"slot":255,"a":4294967293,"b":0}
00:02:58 B {"t":"event","at_ms":300595,"node":29544,"kind":"peer_admitted","peer":33120,"slot":0,"a":0,"b":0}
00:02:58 B {"t":"event","at_ms":300694,"node":29544,"kind":"safe_state_rx","peer":33120,"slot":0,"a":177,"b":1}
00:02:58 B {"t":"event","at_ms":301694,"node":29544,"kind":"safe_state_rx","peer":33120,"slot":0,"a":178,"b":1}
00:02:58 B {"t":"event","at_ms":301725,"node":29544,"kind":"tx_error","peer":0,"slot":255,"a":4294967293,"b":0}
00:02:58 B {"t":"link","up_ms":301999,"node":29544,"peer":33120,"mac":"02:ca:00:00:81:60","state":"alive","epoch":23,"espnow_ver":0,"mtu":226,"misses":0,"rssi":0,"tx":{"frames":743,"cb_ok":736,"cb_fail":0,"enqueue_err":7,"pdr_ppm":1000000},"rx":{"frames":4093,"lost_seqgap":5,"reorder_dup":0,"dropped_bad":0,"hb_lost":49,"bcast_frames":2955,"pdr_ppm":998779},"rtt":{"samples":292,"min_us":9085,"max_us":38857,"timeouts":1,"txq_last_us":3555,"txq_max_us":6121,"remote_turnaround_us":15308,"remote_turnaround_max_us":27665,"p50_us":[16000,22000],"p99_us":[30000,42000],"hist":[0,0,0,0,0,0,3,132,105,49,3,0,0,0,0,0]}}
00:02:58 B {"t":"can","node":29544,"up_ms":302052,"tx_frames":890211,"tx_ok":890210,"tx_fail":0,"tx_no_slot":129,"arb_lost":26,"bit_err":0,"form_err":0,"stuff_err":0,"ack_err":35295,"rx_frames":10443,"rx_overflow":0,"rx_own":0,"rx_messages":4093,"rx_not_for_us":0,"rx_unknown_alias":0,"rx_out_of_order":0,"rx_timeouts":0,"rx_malformed":0,"flood_sent":220054,"ss_sent":0,"ss_last_us":0,"ss_min_us":0,"ss_max_us":0,"ss_rx":296,"ss_rx_gaps":4294966709}
00:02:58 B {"t":"node","up_ms":302090,"node":29544,"epoch":40,"peers_alive":1,"peers_dead":0,"no_radio":1,"free_dram":326784,"largest_block":270336,"rx":{"total":4093,"bad_frame":0,"unknown_peer":1,"wrong_dst":0,"short_payload":0,"unknown_opcode":0,"queue_dropped":0},"tx":{"total":3899,"enqueue_err":129,"done_queue_dropped":0},"membership":{"deaths":1,"revivals":0,"reboots_seen":1,"table_full":0,"events_dropped":64}}
00:02:58 B {"t":"ns","node":29544,"hash":96177158,"owner":29544,"kind":"sampled","unit":0,"class":4,"bound_ms":5000,"quality":"GOOD","age_ms":310,"ts":301816,"updates":29,"value":0}
00:02:59 B {"t":"ns","node":29544,"hash":1162973580,"owner":29544,"kind":"sampled","unit":101,"class":4,"bound_ms":30000,"quality":"GOOD","age_ms":324,"ts":301816,"updates":29,"value":326784}
00:02:59 B {"t":"ns","node":29544,"hash":4013525678,"owner":29544,"kind":"sampled","unit":101,"class":4,"bound_ms":30000,"quality":"GOOD","age_ms":340,"ts":301816,"updates":29,"value":270336}
00:02:59 B {"t":"ns","node":29544,"hash":1303338069,"owner":29544,"kind":"sampled","unit":100,"class":4,"bound_ms":0,"quality":"GOOD","age_ms":356,"ts":301816,"updates":29,"value":40}
00:02:59 B {"t":"ns","node":29544,"hash":288706273,"owner":29544,"kind":"sampled","unit":80,"class":4,"bound_ms":30000,"quality":"GOOD","age_ms":371,"ts":301816,"updates":29,"value":301}
00:02:59 B {"t":"ns","node":29544,"hash":2548334194,"owner":29544,"kind":"sampled","unit":100,"class":4,"bound_ms":5000,"quality":"GOOD","age_ms":387,"ts":301816,"updates":29,"value":1}
00:02:59 B I (302943) pot.m0: SAFE_STATE #179 from 0x8160, reason 1
00:03:00 B I (303944) pot.m0: SAFE_STATE #180 from 0x8160, reason 1
00:03:01 B I (304936) pot.m0: SAFE_STATE #181 from 0x8160, reason 1
00:03:02 B I (305937) pot.m0: SAFE_STATE #182 from 0x8160, reason 1
00:03:03 B I (306938) pot.m0: SAFE_STATE #183 from 0x8160, reason 1
00:03:04 B I (307939) pot.m0: SAFE_STATE #184 from 0x8160, reason 1
00:03:05 B I (308939) pot.m0: SAFE_STATE #185 from 0x8160, reason 1
00:03:05 C {"t":"link","up_ms":185813,"node":33120,"peer":29544,"mac":"02:ca:00:00:73:68","state":"alive","epoch":40,"espnow_ver":0,"mtu":226,"misses":0,"rssi":0,"tx":{"frames":444,"cb_ok":444,"cb_fail":0,"enqueue_err":0,"pdr_ppm":1000000},"rx":{"frames":2386,"lost_seqgap":7,"reorder_dup":0,"dropped_bad":0,"hb_lost":76,"bcast_frames":1848,"pdr_ppm":997074},"rtt":{"samples":184,"min_us":7739,"max_us":28944,"timeouts":0,"txq_last_us":4171,"txq_max_us":6445,"remote_turnaround_us":8626,"remote_turnaround_max_us":20904,"p50_us":[11000,16000],"p99_us":[22000,30000],"hist":[0,0,0,0,0,1,32,65,28,58,0,0,0,0,0,0]}}
00:03:05 C {"t":"can","node":33120,"up_ms":185855,"tx_frames":6587,"tx_ok":6587,"tx_fail":0,"tx_no_slot":0,"arb_lost":0,"bit_err":0,"form_err":0,"stuff_err":0,"ack_err":0,"rx_frames":560251,"rx_overflow":92,"rx_own":0,"rx_messages":2386,"rx_not_for_us":553727,"rx_unknown_alias":0,"rx_out_of_order":0,"rx_timeouts":0,"rx_malformed":0,"flood_sent":0,"ss_sent":185,"ss_last_us":634,"ss_min_us":335,"ss_max_us":1056,"ss_rx":0,"ss_rx_gaps":0}
00:03:05 C {"t":"node","up_ms":185892,"node":33120,"epoch":23,"peers_alive":1,"peers_dead":0,"no_radio":1,"free_dram":326784,"largest_block":270336,"rx":{"total":2386,"bad_frame":0,"unknown_peer":1,"wrong_dst":0,"short_payload":0,"unknown_opcode":0,"queue_dropped":0},"tx":{"total":2565,"enqueue_err":0,"done_queue_dropped":0},"membership":{"deaths":0,"revivals":0,"reboots_seen":0,"table_full":0,"events_dropped":0}}
00:03:05 C {"t":"ns","node":33120,"hash":13581963,"owner":33120,"kind":"sampled","unit":100,"class":4,"bound_ms":5000,"quality":"GOOD","age_ms":115,"ts":185813,"updates":18,"value":1}
00:03:05 C {"t":"ns","node":33120,"hash":3142365229,"owner":33120,"kind":"sampled","unit":101,"class":4,"bound_ms":30000,"quality":"GOOD","age_ms":130,"ts":185813,"updates":18,"value":270336}
00:03:05 C {"t":"ns","node":33120,"hash":2347817554,"owner":33120,"kind":"sampled","unit":100,"class":4,"bound_ms":0,"quality":"GOOD","age_ms":146,"ts":185813,"updates":18,"value":23}
00:03:05 C {"t":"ns","node":33120,"hash":1170356950,"owner":33120,"kind":"sampled","unit":80,"class":4,"bound_ms":30000,"quality":"GOOD","age_ms":161,"ts":185813,"updates":18,"value":185}
00:03:05 C {"t":"ns","node":33120,"hash":3085599597,"owner":33120,"kind":"sampled","unit":0,"class":4,"bound_ms":5000,"quality":"GOOD","age_ms":176,"ts":185813,"updates":18,"value":0}
00:03:05 C {"t":"ns","node":33120,"hash":2486014333,"owner":33120,"kind":"sampled","unit":101,"class":4,"bound_ms":30000,"quality":"GOOD","age_ms":191,"ts":185813,"updates":18,"value":326784}
00:03:06 B I (309939) pot.m0: SAFE_STATE #186 from 0x8160, reason 1
00:03:07 B I (310939) pot.m0: SAFE_STATE #187 from 0x8160, reason 1
00:03:08 B I (311939) pot.m0: SAFE_STATE #188 from 0x8160, reason 1
00:03:08 B {"t":"event","at_ms":302611,"node":29544,"kind":"peer_admitted","peer":33120,"slot":0,"a":0,"b":0}
00:03:08 B {"t":"event","at_ms":302690,"node":29544,"kind":"safe_state_rx","peer":33120,"slot":0,"a":179,"b":1}
00:03:08 B {"t":"event","at_ms":303691,"node":29544,"kind":"safe_state_rx","peer":33120,"slot":0,"a":180,"b":1}
00:03:08 B {"t":"event","at_ms":303724,"node":29544,"kind":"tx_error","peer":0,"slot":255,"a":4294967293,"b":0}
00:03:08 B {"t":"event","at_ms":304592,"node":29544,"kind":"peer_admitted","peer":33120,"slot":0,"a":0,"b":0}
00:03:08 B {"t":"event","at_ms":304683,"node":29544,"kind":"safe_state_rx","peer":33120,"slot":0,"a":181,"b":1}
00:03:08 B {"t":"event","at_ms":305684,"node":29544,"kind":"safe_state_rx","peer":33120,"slot":0,"a":182,"b":1}
00:03:08 B {"t":"event","at_ms":305725,"node":29544,"kind":"tx_error","peer":0,"slot":255,"a":4294967293,"b":0}
00:03:08 B {"t":"event","at_ms":306594,"node":29544,"kind":"peer_admitted","peer":33120,"slot":0,"a":0,"b":0}
00:03:08 B {"t":"event","at_ms":306685,"node":29544,"kind":"safe_state_rx","peer":33120,"slot":0,"a":183,"b":1}
00:03:08 B {"t":"event","at_ms":307686,"node":29544,"kind":"safe_state_rx","peer":33120,"slot":0,"a":184,"b":1}
00:03:08 B {"t":"event","at_ms":307725,"node":29544,"kind":"tx_error","peer":0,"slot":255,"a":4294967293,"b":0}
00:03:08 B {"t":"event","at_ms":308595,"node":29544,"kind":"peer_admitted","peer":33120,"slot":0,"a":0,"b":0}
00:03:08 B {"t":"event","at_ms":308686,"node":29544,"kind":"safe_state_rx","peer":33120,"slot":0,"a":185,"b":1}
00:03:08 B {"t":"event","at_ms":309686,"node":29544,"kind":"safe_state_rx","peer":33120,"slot":0,"a":186,"b":1}
00:03:08 B {"t":"event","at_ms":309725,"node":29544,"kind":"tx_error","peer":0,"slot":255,"a":4294967293,"b":0}
00:03:08 B {"t":"event","at_ms":310595,"node":29544,"kind":"peer_admitted","peer":33120,"slot":0,"a":0,"b":0}
00:03:08 B {"t":"event","at_ms":310686,"node":29544,"kind":"safe_state_rx","peer":33120,"slot":0,"a":187,"b":1}
00:03:08 B {"t":"event","at_ms":311686,"node":29544,"kind":"safe_state_rx","peer":33120,"slot":0,"a":188,"b":1}
00:03:08 B {"t":"event","at_ms":311725,"node":29544,"kind":"tx_error","peer":0,"slot":255,"a":4294967293,"b":0}
00:03:08 B {"t":"link","up_ms":312383,"node":29544,"peer":33120,"mac":"02:ca:00:00:81:60","state":"alive","epoch":23,"espnow_ver":0,"mtu":226,"misses":0,"rssi":0,"tx":{"frames":768,"cb_ok":761,"cb_fail":0,"enqueue_err":7,"pdr_ppm":1000000},"rx":{"frames":4231,"lost_seqgap":5,"reorder_dup":0,"dropped_bad":0,"hb_lost":49,"bcast_frames":3058,"pdr_ppm":998819},"rtt":{"samples":302,"min_us":9085,"max_us":38857,"timeouts":1,"txq_last_us":3536,"txq_max_us":6121,"remote_turnaround_us":3513,"remote_turnaround_max_us":27665,"p50_us":[16000,22000],"p99_us":[22000,30000],"hist":[0,0,0,0,0,0,3,135,105,56,3,0,0,0,0,0]}}
00:03:08 B {"t":"can","node":29544,"up_ms":312436,"tx_frames":921922,"tx_ok":921921,"tx_fail":0,"tx_no_slot":134,"arb_lost":26,"bit_err":0,"form_err":0,"stuff_err":0,"ack_err":35295,"rx_frames":10787,"rx_overflow":0,"rx_own":0,"rx_messages":4232,"rx_not_for_us":0,"rx_unknown_alias":0,"rx_out_of_order":0,"rx_timeouts":0,"rx_malformed":0,"flood_sent":227905,"ss_sent":0,"ss_last_us":0,"ss_min_us":0,"ss_max_us":0,"ss_rx":306,"ss_rx_gaps":4294966709}
00:03:08 B {"t":"node","up_ms":312474,"node":29544,"epoch":40,"peers_alive":1,"peers_dead":0,"no_radio":1,"free_dram":326784,"largest_block":270336,"rx":{"total":4232,"bad_frame":0,"unknown_peer":1,"wrong_dst":0,"short_payload":0,"unknown_opcode":0,"queue_dropped":0},"tx":{"total":4033,"enqueue_err":134,"done_queue_dropped":0},"membership":{"deaths":1,"revivals":0,"reboots_seen":1,"table_full":0,"events_dropped":64}}
00:03:08 B {"t":"ns","node":29544,"hash":96177158,"owner":29544,"kind":"sampled","unit":0,"class":4,"bound_ms":5000,"quality":"GOOD","age_ms":292,"ts":312218,"updates":30,"value":0}
00:03:08 B {"t":"ns","node":29544,"hash":1162973580,"owner":29544,"kind":"sampled","unit":101,"class":4,"bound_ms":30000,"quality":"GOOD","age_ms":307,"ts":312218,"updates":30,"value":326784}
00:03:08 B {"t":"ns","node":29544,"hash":4013525678,"owner":29544,"kind":"sampled","unit":101,"class":4,"bound_ms":30000,"quality":"GOOD","age_ms":323,"ts":312218,"updates":30,"value":270336}
00:03:09 B {"t":"ns","node":29544,"hash":1303338069,"owner":29544,"kind":"sampled","unit":100,"class":4,"bound_ms":0,"quality":"GOOD","age_ms":338,"ts":312218,"updates":30,"value":40}
00:03:09 B {"t":"ns","node":29544,"hash":288706273,"owner":29544,"kind":"sampled","unit":80,"class":4,"bound_ms":30000,"quality":"GOOD","age_ms":353,"ts":312218,"updates":30,"value":312}
00:03:09 B {"t":"ns","node":29544,"hash":2548334194,"owner":29544,"kind":"sampled","unit":100,"class":4,"bound_ms":5000,"quality":"GOOD","age_ms":369,"ts":312218,"updates":30,"value":1}
00:03:09 B I (312949) pot.m0: SAFE_STATE #189 from 0x8160, reason 1
00:03:10 B I (313949) pot.m0: SAFE_STATE #190 from 0x8160, reason 1
00:03:11 B I (314949) pot.m0: SAFE_STATE #191 from 0x8160, reason 1
00:03:12 B I (315949) pot.m0: SAFE_STATE #192 from 0x8160, reason 1
00:03:13 B I (316949) pot.m0: SAFE_STATE #193 from 0x8160, reason 1
00:03:14 B I (317949) pot.m0: SAFE_STATE #194 from 0x8160, reason 1
00:03:15 B I (318949) pot.m0: SAFE_STATE #195 from 0x8160, reason 1
00:03:15 C {"t":"link","up_ms":196020,"node":33120,"peer":29544,"mac":"02:ca:00:00:73:68","state":"alive","epoch":40,"espnow_ver":0,"mtu":226,"misses":0,"rssi":0,"tx":{"frames":464,"cb_ok":464,"cb_fail":0,"enqueue_err":0,"pdr_ppm":1000000},"rx":{"frames":2513,"lost_seqgap":7,"reorder_dup":0,"dropped_bad":0,"hb_lost":76,"bcast_frames":1950,"pdr_ppm":997222},"rtt":{"samples":194,"min_us":7739,"max_us":28944,"timeouts":0,"txq_last_us":5858,"txq_max_us":6445,"remote_turnaround_us":8255,"remote_turnaround_max_us":20904,"p50_us":[11000,16000],"p99_us":[22000,30000],"hist":[0,0,0,0,0,1,32,65,38,58,0,0,0,0,0,0]}}
00:03:15 C {"t":"can","node":33120,"up_ms":196062,"tx_frames":6929,"tx_ok":6929,"tx_fail":0,"tx_no_slot":0,"arb_lost":0,"bit_err":0,"form_err":0,"stuff_err":0,"ack_err":0,"rx_frames":592000,"rx_overflow":109,"rx_own":0,"rx_messages":2513,"rx_not_for_us":585135,"rx_unknown_alias":0,"rx_out_of_order":0,"rx_timeouts":0,"rx_malformed":0,"flood_sent":0,"ss_sent":195,"ss_last_us":536,"ss_min_us":335,"ss_max_us":1056,"ss_rx":0,"ss_rx_gaps":0}
00:03:15 C {"t":"node","up_ms":196099,"node":33120,"epoch":23,"peers_alive":1,"peers_dead":0,"no_radio":1,"free_dram":326784,"largest_block":270336,"rx":{"total":2513,"bad_frame":0,"unknown_peer":1,"wrong_dst":0,"short_payload":0,"unknown_opcode":0,"queue_dropped":0},"tx":{"total":2702,"enqueue_err":0,"done_queue_dropped":0},"membership":{"deaths":0,"revivals":0,"reboots_seen":0,"table_full":0,"events_dropped":0}}
00:03:15 C {"t":"ns","node":33120,"hash":13581963,"owner":33120,"kind":"sampled","unit":100,"class":4,"bound_ms":5000,"quality":"GOOD","age_ms":115,"ts":196020,"updates":19,"value":1}
00:03:15 C {"t":"ns","node":33120,"hash":3142365229,"owner":33120,"kind":"sampled","unit":101,"class":4,"bound_ms":30000,"quality":"GOOD","age_ms":130,"ts":196020,"updates":19,"value":270336}
00:03:15 C {"t":"ns","node":33120,"hash":2347817554,"owner":33120,"kind":"sampled","unit":100,"class":4,"bound_ms":0,"quality":"GOOD","age_ms":146,"ts":196020,"updates":19,"value":23}
00:03:15 C {"t":"ns","node":33120,"hash":1170356950,"owner":33120,"kind":"sampled","unit":80,"class":4,"bound_ms":30000,"quality":"GOOD","age_ms":161,"ts":196020,"updates":19,"value":196}
00:03:15 C {"t":"ns","node":33120,"hash":3085599597,"owner":33120,"kind":"sampled","unit":0,"class":4,"bound_ms":5000,"quality":"GOOD","age_ms":176,"ts":196020,"updates":19,"value":0}
00:03:15 C {"t":"ns","node":33120,"hash":2486014333,"owner":33120,"kind":"sampled","unit":101,"class":4,"bound_ms":30000,"quality":"GOOD","age_ms":191,"ts":196020,"updates":19,"value":326784}
00:03:16 B I (319949) pot.m0: SAFE_STATE #196 from 0x8160, reason 1
00:03:17 B I (320949) pot.m0: SAFE_STATE #197 from 0x8160, reason 1
00:03:18 B I (321949) pot.m0: SAFE_STATE #198 from 0x8160, reason 1
00:03:19 B {"t":"event","at_ms":312597,"node":29544,"kind":"peer_admitted","peer":33120,"slot":0,"a":0,"b":0}
00:03:19 B {"t":"event","at_ms":312696,"node":29544,"kind":"safe_state_rx","peer":33120,"slot":0,"a":189,"b":1}
00:03:19 B {"t":"event","at_ms":313696,"node":29544,"kind":"safe_state_rx","peer":33120,"slot":0,"a":190,"b":1}
00:03:19 B {"t":"event","at_ms":313725,"node":29544,"kind":"tx_error","peer":0,"slot":255,"a":4294967293,"b":0}
00:03:19 B {"t":"event","at_ms":314597,"node":29544,"kind":"peer_admitted","peer":33120,"slot":0,"a":0,"b":0}
00:03:19 B {"t":"event","at_ms":314696,"node":29544,"kind":"safe_state_rx","peer":33120,"slot":0,"a":191,"b":1}
00:03:19 B {"t":"event","at_ms":315696,"node":29544,"kind":"safe_state_rx","peer":33120,"slot":0,"a":192,"b":1}
00:03:19 B {"t":"event","at_ms":315724,"node":29544,"kind":"tx_error","peer":0,"slot":255,"a":4294967293,"b":0}
00:03:19 B {"t":"event","at_ms":316597,"node":29544,"kind":"peer_admitted","peer":33120,"slot":0,"a":0,"b":0}
00:03:19 B {"t":"event","at_ms":316696,"node":29544,"kind":"safe_state_rx","peer":33120,"slot":0,"a":193,"b":1}
00:03:19 B {"t":"event","at_ms":317696,"node":29544,"kind":"safe_state_rx","peer":33120,"slot":0,"a":194,"b":1}
00:03:19 B {"t":"event","at_ms":317725,"node":29544,"kind":"tx_error","peer":0,"slot":255,"a":4294967293,"b":0}
00:03:19 B {"t":"event","at_ms":318597,"node":29544,"kind":"peer_admitted","peer":33120,"slot":0,"a":0,"b":0}
00:03:19 B I (322950) pot.m0: SAFE_STATE #199 from 0x8160, reason 1
00:03:19 B {"t":"event","at_ms":318696,"node":29544,"kind":"safe_state_rx","peer":33120,"slot":0,"a":195,"b":1}
00:03:19 B {"t":"event","at_ms":319696,"node":29544,"kind":"safe_state_rx","peer":33120,"slot":0,"a":196,"b":1}
00:03:19 B {"t":"event","at_ms":319724,"node":29544,"kind":"tx_error","peer":0,"slot":255,"a":4294967293,"b":0}
00:03:19 B {"t":"event","at_ms":320597,"node":29544,"kind":"peer_admitted","peer":33120,"slot":0,"a":0,"b":0}
00:03:19 B {"t":"event","at_ms":320696,"node":29544,"kind":"safe_state_rx","peer":33120,"slot":0,"a":197,"b":1}
00:03:19 B {"t":"event","at_ms":321696,"node":29544,"kind":"safe_state_rx","peer":33120,"slot":0,"a":198,"b":1}
00:03:19 B {"t":"event","at_ms":321724,"node":29544,"kind":"tx_error","peer":0,"slot":255,"a":4294967293,"b":0}
00:03:19 B {"t":"event","at_ms":322597,"node":29544,"kind":"peer_admitted","peer":33120,"slot":0,"a":0,"b":0}
00:03:19 B {"t":"event","at_ms":322697,"node":29544,"kind":"safe_state_rx","peer":33120,"slot":0,"a":199,"b":1}
00:03:19 B {"t":"link","up_ms":322790,"node":29544,"peer":33120,"mac":"02:ca:00:00:81:60","state":"alive","epoch":23,"espnow_ver":0,"mtu":226,"misses":0,"rssi":0,"tx":{"frames":796,"cb_ok":789,"cb_fail":0,"enqueue_err":7,"pdr_ppm":1000000},"rx":{"frames":4374,"lost_seqgap":5,"reorder_dup":0,"dropped_bad":0,"hb_lost":49,"bcast_frames":3162,"pdr_ppm":998858},"rtt":{"samples":313,"min_us":9085,"max_us":38857,"timeouts":1,"txq_last_us":3800,"txq_max_us":6121,"remote_turnaround_us":10912,"remote_turnaround_max_us":27665,"p50_us":[16000,22000],"p99_us":[22000,30000],"hist":[0,0,0,0,0,0,3,142,109,56,3,0,0,0,0,0]}}
00:03:19 B {"t":"can","node":29544,"up_ms":322843,"tx_frames":954406,"tx_ok":954405,"tx_fail":0,"tx_no_slot":139,"arb_lost":29,"bit_err":0,"form_err":0,"stuff_err":0,"ack_err":35295,"rx_frames":11158,"rx_overflow":0,"rx_own":0,"rx_messages":4375,"rx_not_for_us":0,"rx_unknown_alias":0,"rx_out_of_order":0,"rx_timeouts":0,"rx_malformed":0,"flood_sent":235926,"ss_sent":0,"ss_last_us":0,"ss_min_us":0,"ss_max_us":0,"ss_rx":317,"ss_rx_gaps":4294966709}
00:03:19 B {"t":"node","up_ms":322881,"node":29544,"epoch":40,"peers_alive":1,"peers_dead":0,"no_radio":1,"free_dram":326784,"largest_block":270336,"rx":{"total":4375,"bad_frame":0,"unknown_peer":1,"wrong_dst":0,"short_payload":0,"unknown_opcode":0,"queue_dropped":0},"tx":{"total":4170,"enqueue_err":139,"done_queue_dropped":0},"membership":{"deaths":1,"revivals":0,"reboots_seen":1,"table_full":0,"events_dropped":64}}
00:03:19 B {"t":"ns","node":29544,"hash":96177158,"owner":29544,"kind":"sampled","unit":0,"class":4,"bound_ms":5000,"quality":"GOOD","age_ms":314,"ts":322602,"updates":31,"value":0}
00:03:19 B {"t":"ns","node":29544,"hash":1162973580,"owner":29544,"kind":"sampled","unit":101,"class":4,"bound_ms":30000,"quality":"GOOD","age_ms":329,"ts":322602,"updates":31,"value":326784}
00:03:19 B {"t":"ns","node":29544,"hash":4013525678,"owner":29544,"kind":"sampled","unit":101,"class":4,"bound_ms":30000,"quality":"GOOD","age_ms":345,"ts":322602,"updates":31,"value":270336}
00:03:19 B {"t":"ns","node":29544,"hash":1303338069,"owner":29544,"kind":"sampled","unit":100,"class":4,"bound_ms":0,"quality":"GOOD","age_ms":361,"ts":322602,"updates":31,"value":40}
00:03:19 B {"t":"ns","node":29544,"hash":288706273,"owner":29544,"kind":"sampled","unit":80,"class":4,"bound_ms":30000,"quality":"GOOD","age_ms":376,"ts":322602,"updates":31,"value":322}
00:03:19 B {"t":"ns","node":29544,"hash":2548334194,"owner":29544,"kind":"sampled","unit":100,"class":4,"bound_ms":5000,"quality":"GOOD","age_ms":391,"ts":322602,"updates":31,"value":1}
00:03:20 B I (323938) pot.m0: SAFE_STATE #200 from 0x8160, reason 1
00:03:21 B I (324938) pot.m0: SAFE_STATE #201 from 0x8160, reason 1
00:03:22 B I (325938) pot.m0: SAFE_STATE #202 from 0x8160, reason 1
00:03:23 B I (326938) pot.m0: SAFE_STATE #203 from 0x8160, reason 1
00:03:24 B I (327938) pot.m0: SAFE_STATE #204 from 0x8160, reason 1
00:03:25 B I (328938) pot.m0: SAFE_STATE #205 from 0x8160, reason 1
00:03:26 C {"t":"event","at_ms":200771,"node":33120,"kind":"peer_admitted","peer":29544,"slot":0,"a":0,"b":0}
00:03:26 C {"t":"event","at_ms":202771,"node":33120,"kind":"peer_admitted","peer":29544,"slot":0,"a":0,"b":0}
00:03:26 C {"t":"event","at_ms":204771,"node":33120,"kind":"peer_admitted","peer":29544,"slot":0,"a":0,"b":0}
00:03:26 C {"t":"link","up_ms":206243,"node":33120,"peer":29544,"mac":"02:ca:00:00:73:68","state":"alive","epoch":40,"espnow_ver":0,"mtu":226,"misses":0,"rssi":0,"tx":{"frames":487,"cb_ok":487,"cb_fail":0,"enqueue_err":0,"pdr_ppm":1000000},"rx":{"frames":2643,"lost_seqgap":7,"reorder_dup":0,"dropped_bad":0,"hb_lost":76,"bcast_frames":2052,"pdr_ppm":997358},"rtt":{"samples":204,"min_us":7739,"max_us":28944,"timeouts":0,"txq_last_us":5883,"txq_max_us":6445,"remote_turnaround_us":18117,"remote_turnaround_max_us":20904,"p50_us":[16000,22000],"p99_us":[22000,30000],"hist":[0,0,0,0,0,1,32,65,42,64,0,0,0,0,0,0]}}
00:03:26 C {"t":"can","node":33120,"up_ms":206296,"tx_frames":7283,"tx_ok":7283,"tx_fail":0,"tx_no_slot":0,"arb_lost":0,"bit_err":0,"form_err":0,"stuff_err":0,"ack_err":0,"rx_frames":623353,"rx_overflow":144,"rx_own":0,"rx_messages":2644,"rx_not_for_us":616162,"rx_unknown_alias":0,"rx_out_of_order":0,"rx_timeouts":0,"rx_malformed":0,"flood_sent":0,"ss_sent":205,"ss_last_us":503,"ss_min_us":335,"ss_max_us":1056,"ss_rx":0,"ss_rx_gaps":0}
00:03:26 C {"t":"node","up_ms":206333,"node":33120,"epoch":23,"peers_alive":1,"peers_dead":0,"no_radio":1,"free_dram":326784,"largest_block":270336,"rx":{"total":2644,"bad_frame":0,"unknown_peer":1,"wrong_dst":0,"short_payload":0,"unknown_opcode":0,"queue_dropped":0},"tx":{"total":2842,"enqueue_err":0,"done_queue_dropped":0},"membership":{"deaths":0,"revivals":0,"reboots_seen":0,"table_full":0,"events_dropped":0}}
00:03:26 C {"t":"ns","node":33120,"hash":13581963,"owner":33120,"kind":"sampled","unit":100,"class":4,"bound_ms":5000,"quality":"GOOD","age_ms":140,"ts":206228,"updates":20,"value":1}
00:03:26 C {"t":"ns","node":33120,"hash":3142365229,"owner":33120,"kind":"sampled","unit":101,"class":4,"bound_ms":30000,"quality":"GOOD","age_ms":156,"ts":206228,"updates":20,"value":270336}
00:03:26 C {"t":"ns","node":33120,"hash":2347817554,"owner":33120,"kind":"sampled","unit":100,"class":4,"bound_ms":0,"quality":"GOOD","age_ms":171,"ts":206228,"updates":20,"value":23}
00:03:26 C {"t":"ns","node":33120,"hash":1170356950,"owner":33120,"kind":"sampled","unit":80,"class":4,"bound_ms":30000,"quality":"GOOD","age_ms":187,"ts":206228,"updates":20,"value":206}
00:03:26 C {"t":"ns","node":33120,"hash":3085599597,"owner":33120,"kind":"sampled","unit":0,"class":4,"bound_ms":5000,"quality":"GOOD","age_ms":202,"ts":206228,"updates":20,"value":0}
00:03:26 C {"t":"ns","node":33120,"hash":2486014333,"owner":33120,"kind":"sampled","unit":101,"class":4,"bound_ms":30000,"quality":"GOOD","age_ms":217,"ts":206228,"updates":20,"value":326784}
00:03:26 B I (329938) pot.m0: SAFE_STATE #206 from 0x8160, reason 1
00:03:27 B I (330938) pot.m0: SAFE_STATE #207 from 0x8160, reason 1
00:03:28 B I (331938) pot.m0: SAFE_STATE #208 from 0x8160, reason 1
00:03:29 B I (332938) pot.m0: SAFE_STATE #209 from 0x8160, reason 1
00:03:29 B {"t":"event","at_ms":323685,"node":29544,"kind":"safe_state_rx","peer":33120,"slot":0,"a":200,"b":1}
00:03:29 B {"t":"event","at_ms":324607,"node":29544,"kind":"peer_admitted","peer":33120,"slot":0,"a":0,"b":0}
00:03:29 B {"t":"event","at_ms":324685,"node":29544,"kind":"safe_state_rx","peer":33120,"slot":0,"a":201,"b":1}
00:03:29 B {"t":"event","at_ms":325685,"node":29544,"kind":"safe_state_rx","peer":33120,"slot":0,"a":202,"b":1}
00:03:29 B {"t":"event","at_ms":326607,"node":29544,"kind":"peer_admitted","peer":33120,"slot":0,"a":0,"b":0}
00:03:29 B {"t":"event","at_ms":326685,"node":29544,"kind":"safe_state_rx","peer":33120,"slot":0,"a":203,"b":1}
00:03:29 B {"t":"event","at_ms":327685,"node":29544,"kind":"safe_state_rx","peer":33120,"slot":0,"a":204,"b":1}
00:03:29 B {"t":"event","at_ms":328607,"node":29544,"kind":"peer_admitted","peer":33120,"slot":0,"a":0,"b":0}
00:03:29 B {"t":"event","at_ms":328685,"node":29544,"kind":"safe_state_rx","peer":33120,"slot":0,"a":205,"b":1}
00:03:29 B {"t":"event","at_ms":329685,"node":29544,"kind":"safe_state_rx","peer":33120,"slot":0,"a":206,"b":1}
00:03:29 B {"t":"event","at_ms":330607,"node":29544,"kind":"peer_admitted","peer":33120,"slot":0,"a":0,"b":0}
00:03:29 B {"t":"event","at_ms":330685,"node":29544,"kind":"safe_state_rx","peer":33120,"slot":0,"a":207,"b":1}
00:03:29 B {"t":"event","at_ms":331685,"node":29544,"kind":"safe_state_rx","peer":33120,"slot":0,"a":208,"b":1}
00:03:29 B {"t":"event","at_ms":332607,"node":29544,"kind":"peer_admitted","peer":33120,"slot":0,"a":0,"b":0}
00:03:29 B {"t":"event","at_ms":332685,"node":29544,"kind":"safe_state_rx","peer":33120,"slot":0,"a":209,"b":1}
00:03:29 B {"t":"link","up_ms":333130,"node":29544,"peer":33120,"mac":"02:ca:00:00:81:60","state":"alive","epoch":23,"espnow_ver":0,"mtu":226,"misses":0,"rssi":0,"tx":{"frames":821,"cb_ok":814,"cb_fail":0,"enqueue_err":7,"pdr_ppm":1000000},"rx":{"frames":4518,"lost_seqgap":5,"reorder_dup":0,"dropped_bad":0,"hb_lost":49,"bcast_frames":3266,"pdr_ppm":998894},"rtt":{"samples":323,"min_us":9085,"max_us":38857,"timeouts":1,"txq_last_us":3715,"txq_max_us":6121,"remote_turnaround_us":12045,"remote_turnaround_max_us":27665,"p50_us":[16000,22000],"p99_us":[22000,30000],"hist":[0,0,0,0,0,0,3,142,117,58,3,0,0,0,0,0]}}
00:03:29 B {"t":"can","node":29544,"up_ms":333183,"tx_frames":985786,"tx_ok":985785,"tx_fail":0,"tx_no_slot":139,"arb_lost":30,"bit_err":0,"form_err":0,"stuff_err":0,"ack_err":35295,"rx_frames":11522,"rx_overflow":0,"rx_own":0,"rx_messages":4518,"rx_not_for_us":0,"rx_unknown_alias":0,"rx_out_of_order":0,"rx_timeouts":0,"rx_malformed":0,"flood_sent":243690,"ss_sent":0,"ss_last_us":0,"ss_min_us":0,"ss_max_us":0,"ss_rx":327,"ss_rx_gaps":4294966709}
00:03:29 B {"t":"node","up_ms":333221,"node":29544,"epoch":40,"peers_alive":1,"peers_dead":0,"no_radio":1,"free_dram":326784,"largest_block":270336,"rx":{"total":4518,"bad_frame":0,"unknown_peer":1,"wrong_dst":0,"short_payload":0,"unknown_opcode":0,"queue_dropped":0},"tx":{"total":4303,"enqueue_err":139,"done_queue_dropped":0},"membership":{"deaths":1,"revivals":0,"reboots_seen":1,"table_full":0,"events_dropped":64}}
00:03:29 B {"t":"ns","node":29544,"hash":96177158,"owner":29544,"kind":"sampled","unit":0,"class":4,"bound_ms":5000,"quality":"GOOD","age_ms":248,"ts":333009,"updates":32,"value":0}
00:03:29 B {"t":"ns","node":29544,"hash":1162973580,"owner":29544,"kind":"sampled","unit":101,"class":4,"bound_ms":30000,"quality":"GOOD","age_ms":262,"ts":333009,"updates":32,"value":326784}
00:03:29 B {"t":"ns","node":29544,"hash":4013525678,"owner":29544,"kind":"sampled","unit":101,"class":4,"bound_ms":30000,"quality":"GOOD","age_ms":278,"ts":333009,"updates":32,"value":270336}
00:03:29 B {"t":"ns","node":29544,"hash":1303338069,"owner":29544,"kind":"sampled","unit":100,"class":4,"bound_ms":0,"quality":"GOOD","age_ms":294,"ts":333009,"updates":32,"value":40}
00:03:29 B {"t":"ns","node":29544,"hash":288706273,"owner":29544,"kind":"sampled","unit":80,"class":4,"bound_ms":30000,"quality":"GOOD","age_ms":309,"ts":333009,"updates":32,"value":333}
00:03:30 B {"t":"ns","node":29544,"hash":2548334194,"owner":29544,"kind":"sampled","unit":100,"class":4,"bound_ms":5000,"quality":"GOOD","age_ms":325,"ts":333009,"updates":32,"value":1}
00:03:30 B I (333945) pot.m0: SAFE_STATE #210 from 0x8160, reason 1
00:03:31 B I (334945) pot.m0: SAFE_STATE #211 from 0x8160, reason 1
00:03:32 B I (335945) pot.m0: SAFE_STATE #212 from 0x8160, reason 1
00:03:33 B I (336945) pot.m0: SAFE_STATE #213 from 0x8160, reason 1
00:03:34 B I (337945) pot.m0: SAFE_STATE #214 from 0x8160, reason 1
00:03:35 B I (338945) pot.m0: SAFE_STATE #215 from 0x8160, reason 1
00:03:36 C {"t":"event","at_ms":206773,"node":33120,"kind":"peer_admitted","peer":29544,"slot":0,"a":0,"b":0}
00:03:36 C {"t":"event","at_ms":208773,"node":33120,"kind":"peer_admitted","peer":29544,"slot":0,"a":0,"b":0}
00:03:36 C {"t":"event","at_ms":210773,"node":33120,"kind":"peer_admitted","peer":29544,"slot":0,"a":0,"b":0}
00:03:36 C {"t":"event","at_ms":212773,"node":33120,"kind":"peer_admitted","peer":29544,"slot":0,"a":0,"b":0}
00:03:36 C {"t":"event","at_ms":214773,"node":33120,"kind":"peer_admitted","peer":29544,"slot":0,"a":0,"b":0}
00:03:36 C {"t":"link","up_ms":216494,"node":33120,"peer":29544,"mac":"02:ca:00:00:73:68","state":"alive","epoch":40,"espnow_ver":0,"mtu":226,"misses":0,"rssi":0,"tx":{"frames":512,"cb_ok":512,"cb_fail":0,"enqueue_err":0,"pdr_ppm":1000000},"rx":{"frames":2776,"lost_seqgap":7,"reorder_dup":0,"dropped_bad":0,"hb_lost":76,"bcast_frames":2155,"pdr_ppm":997484},"rtt":{"samples":214,"min_us":7739,"max_us":28944,"timeouts":0,"txq_last_us":5789,"txq_max_us":6445,"remote_turnaround_us":4256,"remote_turnaround_max_us":20904,"p50_us":[16000,22000],"p99_us":[22000,30000],"hist":[0,0,0,0,0,1,32,71,42,68,0,0,0,0,0,0]}}
00:03:36 C {"t":"can","node":33120,"up_ms":216546,"tx_frames":7646,"tx_ok":7646,"tx_fail":0,"tx_no_slot":0,"arb_lost":0,"bit_err":0,"form_err":0,"stuff_err":0,"ack_err":0,"rx_frames":654457,"rx_overflow":144,"rx_own":0,"rx_messages":2776,"rx_not_for_us":646895,"rx_unknown_alias":0,"rx_out_of_order":0,"rx_timeouts":0,"rx_malformed":0,"flood_sent":0,"ss_sent":215,"ss_last_us":508,"ss_min_us":335,"ss_max_us":1056,"ss_rx":0,"ss_rx_gaps":0}
00:03:36 C {"t":"node","up_ms":216583,"node":33120,"epoch":23,"peers_alive":1,"peers_dead":0,"no_radio":1,"free_dram":326784,"largest_block":270336,"rx":{"total":2776,"bad_frame":0,"unknown_peer":1,"wrong_dst":0,"short_payload":0,"unknown_opcode":0,"queue_dropped":0},"tx":{"total":2985,"enqueue_err":0,"done_queue_dropped":0},"membership":{"deaths":0,"revivals":0,"reboots_seen":0,"table_full":0,"events_dropped":0}}
00:03:36 C {"t":"ns","node":33120,"hash":13581963,"owner":33120,"kind":"sampled","unit":100,"class":4,"bound_ms":5000,"quality":"GOOD","age_ms":158,"ts":216461,"updates":21,"value":1}
00:03:36 C {"t":"ns","node":33120,"hash":3142365229,"owner":33120,"kind":"sampled","unit":101,"class":4,"bound_ms":30000,"quality":"GOOD","age_ms":173,"ts":216461,"updates":21,"value":270336}
00:03:36 C {"t":"ns","node":33120,"hash":2347817554,"owner":33120,"kind":"sampled","unit":100,"class":4,"bound_ms":0,"quality":"GOOD","age_ms":189,"ts":216461,"updates":21,"value":23}
00:03:36 C {"t":"ns","node":33120,"hash":1170356950,"owner":33120,"kind":"sampled","unit":80,"class":4,"bound_ms":30000,"quality":"GOOD","age_ms":204,"ts":216461,"updates":21,"value":216}
00:03:36 C {"t":"ns","node":33120,"hash":3085599597,"owner":33120,"kind":"sampled","unit":0,"class":4,"bound_ms":5000,"quality":"GOOD","age_ms":219,"ts":216461,"updates":21,"value":0}
00:03:36 C {"t":"ns","node":33120,"hash":2486014333,"owner":33120,"kind":"sampled","unit":101,"class":4,"bound_ms":30000,"quality":"GOOD","age_ms":234,"ts":216461,"updates":21,"value":326784}
00:03:36 B I (339945) pot.m0: SAFE_STATE #216 from 0x8160, reason 1
00:03:37 B I (340945) pot.m0: SAFE_STATE #217 from 0x8160, reason 1
00:03:38 B I (341945) pot.m0: SAFE_STATE #218 from 0x8160, reason 1
00:03:39 B I (342945) pot.m0: SAFE_STATE #219 from 0x8160, reason 1
00:03:39 B {"t":"event","at_ms":333692,"node":29544,"kind":"safe_state_rx","peer":33120,"slot":0,"a":210,"b":1}
00:03:39 B {"t":"event","at_ms":334593,"node":29544,"kind":"peer_admitted","peer":33120,"slot":0,"a":0,"b":0}
00:03:39 B {"t":"event","at_ms":334692,"node":29544,"kind":"safe_state_rx","peer":33120,"slot":0,"a":211,"b":1}
00:03:39 B {"t":"event","at_ms":335692,"node":29544,"kind":"safe_state_rx","peer":33120,"slot":0,"a":212,"b":1}
00:03:39 B {"t":"event","at_ms":336593,"node":29544,"kind":"peer_admitted","peer":33120,"slot":0,"a":0,"b":0}
00:03:39 B {"t":"event","at_ms":336692,"node":29544,"kind":"safe_state_rx","peer":33120,"slot":0,"a":213,"b":1}
00:03:39 B {"t":"event","at_ms":337692,"node":29544,"kind":"safe_state_rx","peer":33120,"slot":0,"a":214,"b":1}
00:03:39 B {"t":"event","at_ms":338593,"node":29544,"kind":"peer_admitted","peer":33120,"slot":0,"a":0,"b":0}
00:03:39 B {"t":"event","at_ms":338692,"node":29544,"kind":"safe_state_rx","peer":33120,"slot":0,"a":215,"b":1}
00:03:39 B {"t":"event","at_ms":339692,"node":29544,"kind":"safe_state_rx","peer":33120,"slot":0,"a":216,"b":1}
00:03:39 B {"t":"event","at_ms":340593,"node":29544,"kind":"peer_admitted","peer":33120,"slot":0,"a":0,"b":0}
00:03:39 B {"t":"event","at_ms":340692,"node":29544,"kind":"safe_state_rx","peer":33120,"slot":0,"a":217,"b":1}
00:03:39 B {"t":"event","at_ms":341692,"node":29544,"kind":"safe_state_rx","peer":33120,"slot":0,"a":218,"b":1}
00:03:39 B {"t":"event","at_ms":342593,"node":29544,"kind":"peer_admitted","peer":33120,"slot":0,"a":0,"b":0}
00:03:39 B {"t":"event","at_ms":342692,"node":29544,"kind":"safe_state_rx","peer":33120,"slot":0,"a":219,"b":1}
00:03:39 B {"t":"link","up_ms":343470,"node":29544,"peer":33120,"mac":"02:ca:00:00:81:60","state":"alive","epoch":23,"espnow_ver":0,"mtu":226,"misses":0,"rssi":0,"tx":{"frames":846,"cb_ok":839,"cb_fail":0,"enqueue_err":7,"pdr_ppm":1000000},"rx":{"frames":4661,"lost_seqgap":5,"reorder_dup":0,"dropped_bad":0,"hb_lost":49,"bcast_frames":3369,"pdr_ppm":998928},"rtt":{"samples":333,"min_us":9085,"max_us":38857,"timeouts":1,"txq_last_us":4014,"txq_max_us":6121,"remote_turnaround_us":13896,"remote_turnaround_max_us":27665,"p50_us":[16000,22000],"p99_us":[22000,30000],"hist":[0,0,0,0,0,0,3,142,120,65,3,0,0,0,0,0]}}
00:03:39 B {"t":"can","node":29544,"up_ms":343523,"tx_frames":1017186,"tx_ok":1017185,"tx_fail":0,"tx_no_slot":139,"arb_lost":30,"bit_err":0,"form_err":0,"stuff_err":0,"ack_err":35295,"rx_frames":11885,"rx_overflow":0,"rx_own":0,"rx_messages":4662,"rx_not_for_us":0,"rx_unknown_alias":0,"rx_out_of_order":0,"rx_timeouts":0,"rx_malformed":0,"flood_sent":251457,"ss_sent":0,"ss_last_us":0,"ss_min_us":0,"ss_max_us":0,"ss_rx":337,"ss_rx_gaps":4294966709}
00:03:39 B {"t":"node","up_ms":343561,"node":29544,"epoch":40,"peers_alive":1,"peers_dead":0,"no_radio":1,"free_dram":326784,"largest_block":270336,"rx":{"total":4662,"bad_frame":0,"unknown_peer":1,"wrong_dst":0,"short_payload":0,"unknown_opcode":0,"queue_dropped":0},"tx":{"total":4437,"enqueue_err":139,"done_queue_dropped":0},"membership":{"deaths":1,"revivals":0,"reboots_seen":1,"table_full":0,"events_dropped":64}}
00:03:39 B {"t":"ns","node":29544,"hash":96177158,"owner":29544,"kind":"sampled","unit":0,"class":4,"bound_ms":5000,"quality":"GOOD","age_ms":248,"ts":343349,"updates":33,"value":0}
00:03:39 B {"t":"ns","node":29544,"hash":1162973580,"owner":29544,"kind":"sampled","unit":101,"class":4,"bound_ms":30000,"quality":"GOOD","age_ms":263,"ts":343349,"updates":33,"value":326784}
00:03:39 B {"t":"ns","node":29544,"hash":4013525678,"owner":29544,"kind":"sampled","unit":101,"class":4,"bound_ms":30000,"quality":"GOOD","age_ms":279,"ts":343349,"updates":33,"value":270336}
00:03:39 B {"t":"ns","node":29544,"hash":1303338069,"owner":29544,"kind":"sampled","unit":100,"class":4,"bound_ms":0,"quality":"GOOD","age_ms":294,"ts":343349,"updates":33,"value":40}
00:03:39 B {"t":"ns","node":29544,"hash":288706273,"owner":29544,"kind":"sampled","unit":80,"class":4,"bound_ms":30000,"quality":"GOOD","age_ms":309,"ts":343349,"updates":33,"value":343}
00:03:39 B {"t":"ns","node":29544,"hash":2548334194,"owner":29544,"kind":"sampled","unit":100,"class":4,"bound_ms":5000,"quality":"GOOD","age_ms":325,"ts":343349,"updates":33,"value":1}
00:03:40 B I (343945) pot.m0: SAFE_STATE #220 from 0x8160, reason 1
00:03:41 B I (344945) pot.m0: SAFE_STATE #221 from 0x8160, reason 1
00:03:42 B I (345945) pot.m0: SAFE_STATE #222 from 0x8160, reason 1
00:03:43 B I (346945) pot.m0: SAFE_STATE #223 from 0x8160, reason 1
00:03:44 B I (347945) pot.m0: SAFE_STATE #224 from 0x8160, reason 1
00:03:45 B I (348945) pot.m0: SAFE_STATE #225 from 0x8160, reason 1
00:03:46 B I (349945) pot.m0: SAFE_STATE #226 from 0x8160, reason 1
00:03:46 C {"t":"event","at_ms":216775,"node":33120,"kind":"peer_admitted","peer":29544,"slot":0,"a":0,"b":0}
00:03:46 C {"t":"event","at_ms":218775,"node":33120,"kind":"peer_admitted","peer":29544,"slot":0,"a":0,"b":0}
00:03:46 C {"t":"event","at_ms":220775,"node":33120,"kind":"peer_admitted","peer":29544,"slot":0,"a":0,"b":0}
00:03:46 C {"t":"event","at_ms":222775,"node":33120,"kind":"peer_admitted","peer":29544,"slot":0,"a":0,"b":0}
00:03:46 C {"t":"event","at_ms":224775,"node":33120,"kind":"peer_admitted","peer":29544,"slot":0,"a":0,"b":0}
00:03:46 C {"t":"link","up_ms":226744,"node":33120,"peer":29544,"mac":"02:ca:00:00:73:68","state":"alive","epoch":40,"espnow_ver":0,"mtu":226,"misses":0,"rssi":0,"tx":{"frames":538,"cb_ok":538,"cb_fail":0,"enqueue_err":0,"pdr_ppm":1000000},"rx":{"frames":2909,"lost_seqgap":7,"reorder_dup":0,"dropped_bad":0,"hb_lost":76,"bcast_frames":2257,"pdr_ppm":997599},"rtt":{"samples":225,"min_us":7739,"max_us":28944,"timeouts":0,"txq_last_us":5848,"txq_max_us":6445,"remote_turnaround_us":4248,"remote_turnaround_max_us":20904,"p50_us":[11000,16000],"p99_us":[22000,30000],"hist":[0,0,0,0,0,1,32,82,42,68,0,0,0,0,0,0]}}
00:03:46 C {"t":"can","node":33120,"up_ms":226796,"tx_frames":8033,"tx_ok":8033,"tx_fail":0,"tx_no_slot":0,"arb_lost":0,"bit_err":0,"form_err":0,"stuff_err":0,"ack_err":0,"rx_frames":685636,"rx_overflow":144,"rx_own":0,"rx_messages":2912,"rx_not_for_us":677692,"rx_unknown_alias":0,"rx_out_of_order":0,"rx_timeouts":0,"rx_malformed":0,"flood_sent":0,"ss_sent":226,"ss_last_us":494,"ss_min_us":335,"ss_max_us":1056,"ss_rx":0,"ss_rx_gaps":0}
00:03:46 C {"t":"node","up_ms":226833,"node":33120,"epoch":23,"peers_alive":1,"peers_dead":0,"no_radio":1,"free_dram":326784,"largest_block":270336,"rx":{"total":2912,"bad_frame":0,"unknown_peer":1,"wrong_dst":0,"short_payload":0,"unknown_opcode":0,"queue_dropped":0},"tx":{"total":3131,"enqueue_err":0,"done_queue_dropped":0},"membership":{"deaths":0,"revivals":0,"reboots_seen":0,"table_full":0,"events_dropped":0}}
00:03:46 C {"t":"ns","node":33120,"hash":13581963,"owner":33120,"kind":"sampled","unit":100,"class":4,"bound_ms":5000,"quality":"GOOD","age_ms":158,"ts":226711,"updates":22,"value":1}
00:03:46 C {"t":"ns","node":33120,"hash":3142365229,"owner":33120,"kind":"sampled","unit":101,"class":4,"bound_ms":30000,"quality":"GOOD","age_ms":173,"ts":226711,"updates":22,"value":270336}
00:03:46 C {"t":"ns","node":33120,"hash":2347817554,"owner":33120,"kind":"sampled","unit":100,"class":4,"bound_ms":0,"quality":"GOOD","age_ms":189,"ts":226711,"updates":22,"value":23}
00:03:46 C {"t":"ns","node":33120,"hash":1170356950,"owner":33120,"kind":"sampled","unit":80,"class":4,"bound_ms":30000,"quality":"GOOD","age_ms":204,"ts":226711,"updates":22,"value":226}
00:03:46 C {"t":"ns","node":33120,"hash":3085599597,"owner":33120,"kind":"sampled","unit":0,"class":4,"bound_ms":5000,"quality":"GOOD","age_ms":219,"ts":226711,"updates":22,"value":0}
00:03:46 C {"t":"ns","node":33120,"hash":2486014333,"owner":33120,"kind":"sampled","unit":101,"class":4,"bound_ms":30000,"quality":"GOOD","age_ms":234,"ts":226711,"updates":22,"value":326784}
00:03:47 B I (350945) pot.m0: SAFE_STATE #227 from 0x8160, reason 1
00:03:48 B I (351945) pot.m0: SAFE_STATE #228 from 0x8160, reason 1
00:03:49 B I (352945) pot.m0: SAFE_STATE #229 from 0x8160, reason 1
00:03:50 B {"t":"event","at_ms":343692,"node":29544,"kind":"safe_state_rx","peer":33120,"slot":0,"a":220,"b":1}
00:03:50 B {"t":"event","at_ms":344593,"node":29544,"kind":"peer_admitted","peer":33120,"slot":0,"a":0,"b":0}
00:03:50 B I (353945) pot.m0: SAFE_STATE #230 from 0x8160, reason 1
00:03:50 B {"t":"event","at_ms":344692,"node":29544,"kind":"safe_state_rx","peer":33120,"slot":0,"a":221,"b":1}
00:03:50 B {"t":"event","at_ms":345692,"node":29544,"kind":"safe_state_rx","peer":33120,"slot":0,"a":222,"b":1}
00:03:50 B {"t":"event","at_ms":346593,"node":29544,"kind":"peer_admitted","peer":33120,"slot":0,"a":0,"b":0}
00:03:50 B {"t":"event","at_ms":346692,"node":29544,"kind":"safe_state_rx","peer":33120,"slot":0,"a":223,"b":1}
00:03:50 B {"t":"event","at_ms":347692,"node":29544,"kind":"safe_state_rx","peer":33120,"slot":0,"a":224,"b":1}
00:03:50 B {"t":"event","at_ms":348593,"node":29544,"kind":"peer_admitted","peer":33120,"slot":0,"a":0,"b":0}
00:03:50 B {"t":"event","at_ms":348692,"node":29544,"kind":"safe_state_rx","peer":33120,"slot":0,"a":225,"b":1}
00:03:50 B {"t":"event","at_ms":349692,"node":29544,"kind":"safe_state_rx","peer":33120,"slot":0,"a":226,"b":1}
00:03:50 B {"t":"event","at_ms":350593,"node":29544,"kind":"peer_admitted","peer":33120,"slot":0,"a":0,"b":0}
00:03:50 B {"t":"event","at_ms":350692,"node":29544,"kind":"safe_state_rx","peer":33120,"slot":0,"a":227,"b":1}
00:03:50 B {"t":"event","at_ms":351692,"node":29544,"kind":"safe_state_rx","peer":33120,"slot":0,"a":228,"b":1}
00:03:50 B {"t":"event","at_ms":352593,"node":29544,"kind":"peer_admitted","peer":33120,"slot":0,"a":0,"b":0}
00:03:50 B {"t":"event","at_ms":352692,"node":29544,"kind":"safe_state_rx","peer":33120,"slot":0,"a":229,"b":1}
00:03:50 B {"t":"event","at_ms":353692,"node":29544,"kind":"safe_state_rx","peer":33120,"slot":0,"a":230,"b":1}
00:03:50 B {"t":"link","up_ms":353824,"node":29544,"peer":33120,"mac":"02:ca:00:00:81:60","state":"alive","epoch":23,"espnow_ver":0,"mtu":226,"misses":0,"rssi":0,"tx":{"frames":873,"cb_ok":866,"cb_fail":0,"enqueue_err":7,"pdr_ppm":1000000},"rx":{"frames":4809,"lost_seqgap":5,"reorder_dup":0,"dropped_bad":0,"hb_lost":49,"bcast_frames":3473,"pdr_ppm":998961},"rtt":{"samples":344,"min_us":9085,"max_us":38857,"timeouts":1,"txq_last_us":4676,"txq_max_us":6121,"remote_turnaround_us":13502,"remote_turnaround_max_us":27665,"p50_us":[16000,22000],"p99_us":[22000,30000],"hist":[0,0,0,0,0,0,3,142,120,76,3,0,0,0,0,0]}}
00:03:50 B {"t":"can","node":29544,"up_ms":353877,"tx_frames":1048659,"tx_ok":1048658,"tx_fail":0,"tx_no_slot":139,"arb_lost":31,"bit_err":0,"form_err":0,"stuff_err":0,"ack_err":35295,"rx_frames":12273,"rx_overflow":0,"rx_own":0,"rx_messages":4809,"rx_not_for_us":0,"rx_unknown_alias":0,"rx_out_of_order":0,"rx_timeouts":0,"rx_malformed":0,"flood_sent":259227,"ss_sent":0,"ss_last_us":0,"ss_min_us":0,"ss_max_us":0,"ss_rx":348,"ss_rx_gaps":4294966709}
00:03:50 B {"t":"node","up_ms":353915,"node":29544,"epoch":40,"peers_alive":1,"peers_dead":0,"no_radio":1,"free_dram":326784,"largest_block":270336,"rx":{"total":4809,"bad_frame":0,"unknown_peer":1,"wrong_dst":0,"short_payload":0,"unknown_opcode":0,"queue_dropped":0},"tx":{"total":4573,"enqueue_err":139,"done_queue_dropped":0},"membership":{"deaths":1,"revivals":0,"reboots_seen":1,"table_full":0,"events_dropped":64}}
00:03:50 B {"t":"ns","node":29544,"hash":96177158,"owner":29544,"kind":"sampled","unit":0,"class":4,"bound_ms":5000,"quality":"GOOD","age_ms":262,"ts":353689,"updates":34,"value":0}
00:03:50 B {"t":"ns","node":29544,"hash":1162973580,"owner":29544,"kind":"sampled","unit":101,"class":4,"bound_ms":30000,"quality":"GOOD","age_ms":277,"ts":353689,"updates":34,"value":326784}
00:03:50 B {"t":"ns","node":29544,"hash":4013525678,"owner":29544,"kind":"sampled","unit":101,"class":4,"bound_ms":30000,"quality":"GOOD","age_ms":293,"ts":353689,"updates":34,"value":270336}
00:03:50 B {"t":"ns","node":29544,"hash":1303338069,"owner":29544,"kind":"sampled","unit":100,"class":4,"bound_ms":0,"quality":"GOOD","age_ms":308,"ts":353689,"updates":34,"value":40}
00:03:50 B {"t":"ns","node":29544,"hash":288706273,"owner":29544,"kind":"sampled","unit":80,"class":4,"bound_ms":30000,"quality":"GOOD","age_ms":324,"ts":353689,"updates":34,"value":353}
00:03:50 B {"t":"ns","node":29544,"hash":2548334194,"owner":29544,"kind":"sampled","unit":100,"class":4,"bound_ms":5000,"quality":"GOOD","age_ms":339,"ts":353689,"updates":34,"value":1}
00:03:51 B I (354945) pot.m0: SAFE_STATE #231 from 0x8160, reason 1
00:03:52 B I (355945) pot.m0: SAFE_STATE #232 from 0x8160, reason 1
00:03:53 B I (356945) pot.m0: SAFE_STATE #233 from 0x8160, reason 1
00:03:54 B I (357945) pot.m0: SAFE_STATE #234 from 0x8160, reason 1
00:03:55 B I (358945) pot.m0: SAFE_STATE #235 from 0x8160, reason 1
00:03:56 B I (359945) pot.m0: SAFE_STATE #236 from 0x8160, reason 1
00:03:56 C {"t":"event","at_ms":226775,"node":33120,"kind":"peer_admitted","peer":29544,"slot":0,"a":0,"b":0}
00:03:56 C {"t":"event","at_ms":228775,"node":33120,"kind":"peer_admitted","peer":29544,"slot":0,"a":0,"b":0}
00:03:56 C {"t":"event","at_ms":230775,"node":33120,"kind":"peer_admitted","peer":29544,"slot":0,"a":0,"b":0}
00:03:56 C {"t":"event","at_ms":232775,"node":33120,"kind":"peer_admitted","peer":29544,"slot":0,"a":0,"b":0}
00:03:56 C {"t":"event","at_ms":234775,"node":33120,"kind":"peer_admitted","peer":29544,"slot":0,"a":0,"b":0}
00:03:56 C {"t":"event","at_ms":236775,"node":33120,"kind":"peer_admitted","peer":29544,"slot":0,"a":0,"b":0}
00:03:56 C {"t":"link","up_ms":237002,"node":33120,"peer":29544,"mac":"02:ca:00:00:73:68","state":"alive","epoch":40,"espnow_ver":0,"mtu":226,"misses":0,"rssi":0,"tx":{"frames":565,"cb_ok":565,"cb_fail":0,"enqueue_err":0,"pdr_ppm":1000000},"rx":{"frames":3044,"lost_seqgap":7,"reorder_dup":0,"dropped_bad":0,"hb_lost":76,"bcast_frames":2360,"pdr_ppm":997705},"rtt":{"samples":235,"min_us":7739,"max_us":28944,"timeouts":0,"txq_last_us":5735,"txq_max_us":6445,"remote_turnaround_us":4396,"remote_turnaround_max_us":20904,"p50_us":[11000,16000],"p99_us":[22000,30000],"hist":[0,0,0,0,0,1,32,92,42,68,0,0,0,0,0,0]}}
00:03:56 C {"t":"can","node":33120,"up_ms":237055,"tx_frames":8396,"tx_ok":8396,"tx_fail":0,"tx_no_slot":0,"arb_lost":0,"bit_err":0,"form_err":0,"stuff_err":0,"ack_err":0,"rx_frames":716802,"rx_overflow":144,"rx_own":0,"rx_messages":3044,"rx_not_for_us":708486,"rx_unknown_alias":0,"rx_out_of_order":0,"rx_timeouts":0,"rx_malformed":0,"flood_sent":0,"ss_sent":236,"ss_last_us":683,"ss_min_us":335,"ss_max_us":1056,"ss_rx":0,"ss_rx_gaps":0}
00:03:56 C {"t":"node","up_ms":237092,"node":33120,"epoch":23,"peers_alive":1,"peers_dead":0,"no_radio":1,"free_dram":326784,"largest_block":270336,"rx":{"total":3044,"bad_frame":0,"unknown_peer":1,"wrong_dst":0,"short_payload":0,"unknown_opcode":0,"queue_dropped":0},"tx":{"total":3274,"enqueue_err":0,"done_queue_dropped":0},"membership":{"deaths":0,"revivals":0,"reboots_seen":0,"table_full":0,"events_dropped":0}}
00:03:56 C {"t":"ns","node":33120,"hash":13581963,"owner":33120,"kind":"sampled","unit":100,"class":4,"bound_ms":5000,"quality":"GOOD","age_ms":166,"ts":236961,"updates":23,"value":1}
00:03:56 C {"t":"ns","node":33120,"hash":3142365229,"owner":33120,"kind":"sampled","unit":101,"class":4,"bound_ms":30000,"quality":"GOOD","age_ms":182,"ts":236961,"updates":23,"value":270336}
00:03:56 C {"t":"ns","node":33120,"hash":2347817554,"owner":33120,"kind":"sampled","unit":100,"class":4,"bound_ms":0,"quality":"GOOD","age_ms":197,"ts":236961,"updates":23,"value":23}
00:03:56 C {"t":"ns","node":33120,"hash":1170356950,"owner":33120,"kind":"sampled","unit":80,"class":4,"bound_ms":30000,"quality":"GOOD","age_ms":212,"ts":236961,"updates":23,"value":236}
00:03:56 C {"t":"ns","node":33120,"hash":3085599597,"owner":33120,"kind":"sampled","unit":0,"class":4,"bound_ms":5000,"quality":"GOOD","age_ms":228,"ts":236961,"updates":23,"value":0}
00:03:56 C {"t":"ns","node":33120,"hash":2486014333,"owner":33120,"kind":"sampled","unit":101,"class":4,"bound_ms":30000,"quality":"GOOD","age_ms":243,"ts":236961,"updates":23,"value":326784}
00:03:57 B I (360945) pot.m0: SAFE_STATE #237 from 0x8160, reason 1
00:03:58 B I (361945) pot.m0: SAFE_STATE #238 from 0x8160, reason 1
00:03:59 B I (362945) pot.m0: SAFE_STATE #239 from 0x8160, reason 1
00:04:00 B I (363945) pot.m0: SAFE_STATE #240 from 0x8160, reason 1
00:04:00 B {"t":"event","at_ms":354593,"node":29544,"kind":"peer_admitted","peer":33120,"slot":0,"a":0,"b":0}
00:04:00 B {"t":"event","at_ms":354692,"node":29544,"kind":"safe_state_rx","peer":33120,"slot":0,"a":231,"b":1}
00:04:00 B {"t":"event","at_ms":355692,"node":29544,"kind":"safe_state_rx","peer":33120,"slot":0,"a":232,"b":1}
00:04:00 B {"t":"event","at_ms":356593,"node":29544,"kind":"peer_admitted","peer":33120,"slot":0,"a":0,"b":0}
00:04:00 B {"t":"event","at_ms":356692,"node":29544,"kind":"safe_state_rx","peer":33120,"slot":0,"a":233,"b":1}
00:04:00 B {"t":"event","at_ms":357692,"node":29544,"kind":"safe_state_rx","peer":33120,"slot":0,"a":234,"b":1}
00:04:00 B {"t":"event","at_ms":358593,"node":29544,"kind":"peer_admitted","peer":33120,"slot":0,"a":0,"b":0}
00:04:00 B {"t":"event","at_ms":358692,"node":29544,"kind":"safe_state_rx","peer":33120,"slot":0,"a":235,"b":1}
00:04:00 B {"t":"event","at_ms":359692,"node":29544,"kind":"safe_state_rx","peer":33120,"slot":0,"a":236,"b":1}
00:04:00 B {"t":"event","at_ms":360593,"node":29544,"kind":"peer_admitted","peer":33120,"slot":0,"a":0,"b":0}
00:04:00 B {"t":"event","at_ms":360692,"node":29544,"kind":"safe_state_rx","peer":33120,"slot":0,"a":237,"b":1}
00:04:00 B {"t":"event","at_ms":361692,"node":29544,"kind":"safe_state_rx","peer":33120,"slot":0,"a":238,"b":1}
00:04:00 B {"t":"event","at_ms":362593,"node":29544,"kind":"peer_admitted","peer":33120,"slot":0,"a":0,"b":0}
00:04:00 B {"t":"event","at_ms":362692,"node":29544,"kind":"safe_state_rx","peer":33120,"slot":0,"a":239,"b":1}
00:04:00 B {"t":"event","at_ms":363692,"node":29544,"kind":"safe_state_rx","peer":33120,"slot":0,"a":240,"b":1}
00:04:00 B {"t":"link","up_ms":364164,"node":29544,"peer":33120,"mac":"02:ca:00:00:81:60","state":"alive","epoch":23,"espnow_ver":0,"mtu":226,"misses":0,"rssi":0,"tx":{"frames":898,"cb_ok":891,"cb_fail":0,"enqueue_err":7,"pdr_ppm":1000000},"rx":{"frames":4952,"lost_seqgap":5,"reorder_dup":0,"dropped_bad":0,"hb_lost":49,"bcast_frames":3576,"pdr_ppm":998991},"rtt":{"samples":354,"min_us":9085,"max_us":38857,"timeouts":1,"txq_last_us":4859,"txq_max_us":6121,"remote_turnaround_us":1488,"remote_turnaround_max_us":27665,"p50_us":[16000,22000],"p99_us":[22000,30000],"hist":[0,0,0,0,0,0,3,146,120,82,3,0,0,0,0,0]}}
00:04:00 B {"t":"can","node":29544,"up_ms":364217,"tx_frames":1080066,"tx_ok":1080065,"tx_fail":0,"tx_no_slot":139,"arb_lost":33,"bit_err":0,"form_err":0,"stuff_err":0,"ack_err":35295,"rx_frames":12637,"rx_overflow":0,"rx_own":0,"rx_messages":4953,"rx_not_for_us":0,"rx_unknown_alias":0,"rx_out_of_order":0,"rx_timeouts":0,"rx_malformed":0,"flood_sent":266993,"ss_sent":0,"ss_last_us":0,"ss_min_us":0,"ss_max_us":0,"ss_rx":358,"ss_rx_gaps":4294966709}
00:04:00 B {"t":"node","up_ms":364255,"node":29544,"epoch":40,"peers_alive":1,"peers_dead":0,"no_radio":1,"free_dram":326784,"largest_block":270336,"rx":{"total":4953,"bad_frame":0,"unknown_peer":1,"wrong_dst":0,"short_payload":0,"unknown_opcode":0,"queue_dropped":0},"tx":{"total":4707,"enqueue_err":139,"done_queue_dropped":0},"membership":{"deaths":1,"revivals":0,"reboots_seen":1,"table_full":0,"events_dropped":64}}
00:04:00 B {"t":"ns","node":29544,"hash":96177158,"owner":29544,"kind":"sampled","unit":0,"class":4,"bound_ms":5000,"quality":"GOOD","age_ms":248,"ts":364043,"updates":35,"value":0}
00:04:00 B {"t":"ns","node":29544,"hash":1162973580,"owner":29544,"kind":"sampled","unit":101,"class":4,"bound_ms":30000,"quality":"GOOD","age_ms":263,"ts":364043,"updates":35,"value":326784}
00:04:00 B {"t":"ns","node":29544,"hash":4013525678,"owner":29544,"kind":"sampled","unit":101,"class":4,"bound_ms":30000,"quality":"GOOD","age_ms":279,"ts":364043,"updates":35,"value":270336}
00:04:00 B {"t":"ns","node":29544,"hash":1303338069,"owner":29544,"kind":"sampled","unit":100,"class":4,"bound_ms":0,"quality":"GOOD","age_ms":294,"ts":364043,"updates":35,"value":40}
00:04:00 B {"t":"ns","node":29544,"hash":288706273,"owner":29544,"kind":"sampled","unit":80,"class":4,"bound_ms":30000,"quality":"GOOD","age_ms":309,"ts":364043,"updates":35,"value":364}
00:04:01 B {"t":"ns","node":29544,"hash":2548334194,"owner":29544,"kind":"sampled","unit":100,"class":4,"bound_ms":5000,"quality":"GOOD","age_ms":325,"ts":364043,"updates":35,"value":1}
00:04:01 B I (364948) pot.m0: SAFE_STATE #241 from 0x8160, reason 1
00:04:02 B I (365948) pot.m0: SAFE_STATE #242 from 0x8160, reason 1
00:04:03 B I (366948) pot.m0: SAFE_STATE #243 from 0x8160, reason 1
00:04:04 B I (367948) pot.m0: SAFE_STATE #244 from 0x8160, reason 1
00:04:05 B I (368948) pot.m0: SAFE_STATE #245 from 0x8160, reason 1
00:04:06 B I (369948) pot.m0: SAFE_STATE #246 from 0x8160, reason 1
00:04:07 C {"t":"event","at_ms":238763,"node":33120,"kind":"peer_admitted","peer":29544,"slot":0,"a":0,"b":0}
00:04:07 C {"t":"event","at_ms":240763,"node":33120,"kind":"peer_admitted","peer":29544,"slot":0,"a":0,"b":0}
00:04:07 C {"t":"event","at_ms":242763,"node":33120,"kind":"peer_admitted","peer":29544,"slot":0,"a":0,"b":0}
00:04:07 C {"t":"event","at_ms":244763,"node":33120,"kind":"peer_admitted","peer":29544,"slot":0,"a":0,"b":0}
00:04:07 C {"t":"event","at_ms":246764,"node":33120,"kind":"peer_admitted","peer":29544,"slot":0,"a":0,"b":0}
00:04:07 C {"t":"link","up_ms":247253,"node":33120,"peer":29544,"mac":"02:ca:00:00:73:68","state":"alive","epoch":40,"espnow_ver":0,"mtu":226,"misses":0,"rssi":0,"tx":{"frames":590,"cb_ok":590,"cb_fail":0,"enqueue_err":0,"pdr_ppm":1000000},"rx":{"frames":3176,"lost_seqgap":7,"reorder_dup":0,"dropped_bad":0,"hb_lost":76,"bcast_frames":2462,"pdr_ppm":997800},"rtt":{"samples":245,"min_us":7739,"max_us":28944,"timeouts":0,"txq_last_us":5822,"txq_max_us":6445,"remote_turnaround_us":7487,"remote_turnaround_max_us":20904,"p50_us":[11000,16000],"p99_us":[22000,30000],"hist":[0,0,0,0,0,1,32,96,48,68,0,0,0,0,0,0]}}
00:04:07 C {"t":"can","node":33120,"up_ms":247305,"tx_frames":8758,"tx_ok":8758,"tx_fail":0,"tx_no_slot":0,"arb_lost":0,"bit_err":0,"form_err":0,"stuff_err":0,"ack_err":0,"rx_frames":748000,"rx_overflow":161,"rx_own":0,"rx_messages":3177,"rx_not_for_us":739332,"rx_unknown_alias":0,"rx_out_of_order":0,"rx_timeouts":0,"rx_malformed":0,"flood_sent":0,"ss_sent":246,"ss_last_us":458,"ss_min_us":335,"ss_max_us":1056,"ss_rx":0,"ss_rx_gaps":0}
00:04:07 C {"t":"node","up_ms":247342,"node":33120,"epoch":23,"peers_alive":1,"peers_dead":0,"no_radio":1,"free_dram":326784,"largest_block":270336,"rx":{"total":3177,"bad_frame":0,"unknown_peer":1,"wrong_dst":0,"short_payload":0,"unknown_opcode":0,"queue_dropped":0},"tx":{"total":3416,"enqueue_err":0,"done_queue_dropped":0},"membership":{"deaths":0,"revivals":0,"reboots_seen":0,"table_full":0,"events_dropped":0}}
00:04:07 C {"t":"ns","node":33120,"hash":13581963,"owner":33120,"kind":"sampled","unit":100,"class":4,"bound_ms":5000,"quality":"GOOD","age_ms":158,"ts":247220,"updates":24,"value":1}
00:04:07 C {"t":"ns","node":33120,"hash":3142365229,"owner":33120,"kind":"sampled","unit":101,"class":4,"bound_ms":30000,"quality":"GOOD","age_ms":173,"ts":247220,"updates":24,"value":270336}
00:04:07 C {"t":"ns","node":33120,"hash":2347817554,"owner":33120,"kind":"sampled","unit":100,"class":4,"bound_ms":0,"quality":"GOOD","age_ms":189,"ts":247220,"updates":24,"value":23}
00:04:07 C {"t":"ns","node":33120,"hash":1170356950,"owner":33120,"kind":"sampled","unit":80,"class":4,"bound_ms":30000,"quality":"GOOD","age_ms":204,"ts":247220,"updates":24,"value":247}
00:04:07 C {"t":"ns","node":33120,"hash":3085599597,"owner":33120,"kind":"sampled","unit":0,"class":4,"bound_ms":5000,"quality":"GOOD","age_ms":219,"ts":247220,"updates":24,"value":0}
00:04:07 C {"t":"ns","node":33120,"hash":2486014333,"owner":33120,"kind":"sampled","unit":101,"class":4,"bound_ms":30000,"quality":"GOOD","age_ms":234,"ts":247220,"updates":24,"value":326784}
00:04:07 B I (370948) pot.m0: SAFE_STATE #247 from 0x8160, reason 1
00:04:08 B I (371948) pot.m0: SAFE_STATE #248 from 0x8160, reason 1
00:04:09 B I (372948) pot.m0: SAFE_STATE #249 from 0x8160, reason 1
00:04:10 B I (373948) pot.m0: SAFE_STATE #250 from 0x8160, reason 1
00:04:10 B {"t":"event","at_ms":364596,"node":29544,"kind":"peer_admitted","peer":33120,"slot":0,"a":0,"b":0}
00:04:10 B {"t":"event","at_ms":364695,"node":29544,"kind":"safe_state_rx","peer":33120,"slot":0,"a":241,"b":1}
00:04:10 B {"t":"event","at_ms":365695,"node":29544,"kind":"safe_state_rx","peer":33120,"slot":0,"a":242,"b":1}
00:04:10 B {"t":"event","at_ms":366596,"node":29544,"kind":"peer_admitted","peer":33120,"slot":0,"a":0,"b":0}
00:04:10 B {"t":"event","at_ms":366695,"node":29544,"kind":"safe_state_rx","peer":33120,"slot":0,"a":243,"b":1}
00:04:10 B {"t":"event","at_ms":367695,"node":29544,"kind":"safe_state_rx","peer":33120,"slot":0,"a":244,"b":1}
00:04:10 B {"t":"event","at_ms":368596,"node":29544,"kind":"peer_admitted","peer":33120,"slot":0,"a":0,"b":0}
00:04:10 B {"t":"event","at_ms":368695,"node":29544,"kind":"safe_state_rx","peer":33120,"slot":0,"a":245,"b":1}
00:04:10 B {"t":"event","at_ms":369695,"node":29544,"kind":"safe_state_rx","peer":33120,"slot":0,"a":246,"b":1}
00:04:10 B {"t":"event","at_ms":370596,"node":29544,"kind":"peer_admitted","peer":33120,"slot":0,"a":0,"b":0}
00:04:10 B {"t":"event","at_ms":370695,"node":29544,"kind":"safe_state_rx","peer":33120,"slot":0,"a":247,"b":1}
00:04:10 B {"t":"event","at_ms":371695,"node":29544,"kind":"safe_state_rx","peer":33120,"slot":0,"a":248,"b":1}
00:04:10 B {"t":"event","at_ms":372596,"node":29544,"kind":"peer_admitted","peer":33120,"slot":0,"a":0,"b":0}
00:04:10 B {"t":"event","at_ms":372695,"node":29544,"kind":"safe_state_rx","peer":33120,"slot":0,"a":249,"b":1}
00:04:10 B {"t":"event","at_ms":373695,"node":29544,"kind":"safe_state_rx","peer":33120,"slot":0,"a":250,"b":1}
00:04:10 B {"t":"link","up_ms":374504,"node":29544,"peer":33120,"mac":"02:ca:00:00:81:60","state":"alive","epoch":23,"espnow_ver":0,"mtu":226,"misses":0,"rssi":0,"tx":{"frames":923,"cb_ok":916,"cb_fail":0,"enqueue_err":7,"pdr_ppm":1000000},"rx":{"frames":5096,"lost_seqgap":5,"reorder_dup":0,"dropped_bad":0,"hb_lost":49,"bcast_frames":3680,"pdr_ppm":999019},"rtt":{"samples":364,"min_us":9085,"max_us":38857,"timeouts":1,"txq_last_us":4640,"txq_max_us":6121,"remote_turnaround_us":2692,"remote_turnaround_max_us":27665,"p50_us":[16000,22000],"p99_us":[22000,30000],"hist":[0,0,0,0,0,0,3,156,120,82,3,0,0,0,0,0]}}
00:04:10 B {"t":"can","node":29544,"up_ms":374557,"tx_frames":1111590,"tx_ok":1111589,"tx_fail":0,"tx_no_slot":139,"arb_lost":33,"bit_err":0,"form_err":0,"stuff_err":0,"ack_err":35295,"rx_frames":13000,"rx_overflow":0,"rx_own":0,"rx_messages":5096,"rx_not_for_us":0,"rx_unknown_alias":0,"rx_out_of_order":0,"rx_timeouts":0,"rx_malformed":0,"flood_sent":274786,"ss_sent":0,"ss_last_us":0,"ss_min_us":0,"ss_max_us":0,"ss_rx":368,"ss_rx_gaps":4294966709}
00:04:10 B {"t":"node","up_ms":374595,"node":29544,"epoch":40,"peers_alive":1,"peers_dead":0,"no_radio":1,"free_dram":326784,"largest_block":270336,"rx":{"total":5096,"bad_frame":0,"unknown_peer":1,"wrong_dst":0,"short_payload":0,"unknown_opcode":0,"queue_dropped":0},"tx":{"total":4840,"enqueue_err":139,"done_queue_dropped":0},"membership":{"deaths":1,"revivals":0,"reboots_seen":1,"table_full":0,"events_dropped":64}}
00:04:10 B {"t":"ns","node":29544,"hash":96177158,"owner":29544,"kind":"sampled","unit":0,"class":4,"bound_ms":5000,"quality":"GOOD","age_ms":248,"ts":374383,"updates":36,"value":0}
00:04:10 B {"t":"ns","node":29544,"hash":1162973580,"owner":29544,"kind":"sampled","unit":101,"class":4,"bound_ms":30000,"quality":"GOOD","age_ms":263,"ts":374383,"updates":36,"value":326784}
00:04:10 B {"t":"ns","node":29544,"hash":4013525678,"owner":29544,"kind":"sampled","unit":101,"class":4,"bound_ms":30000,"quality":"GOOD","age_ms":278,"ts":374383,"updates":36,"value":270336}
00:04:10 B {"t":"ns","node":29544,"hash":1303338069,"owner":29544,"kind":"sampled","unit":100,"class":4,"bound_ms":0,"quality":"GOOD","age_ms":294,"ts":374383,"updates":36,"value":40}
00:04:10 B I (374939) pot.m0: SAFE_STATE #251 from 0x8160, reason 1
00:04:10 B {"t":"ns","node":29544,"hash":288706273,"owner":29544,"kind":"sampled","unit":80,"class":4,"bound_ms":30000,"quality":"GOOD","age_ms":314,"ts":374383,"updates":36,"value":374}
00:04:11 B {"t":"ns","node":29544,"hash":2548334194,"owner":29544,"kind":"sampled","unit":100,"class":4,"bound_ms":5000,"quality":"GOOD","age_ms":330,"ts":374383,"updates":36,"value":1}
00:04:12 B I (375941) pot.m0: SAFE_STATE #252 from 0x8160, reason 1
00:04:13 B I (376941) pot.m0: SAFE_STATE #253 from 0x8160, reason 1
00:04:14 B I (377941) pot.m0: SAFE_STATE #254 from 0x8160, reason 1
00:04:15 B I (378941) pot.m0: SAFE_STATE #255 from 0x8160, reason 1
00:04:16 B I (379941) pot.m0: SAFE_STATE #256 from 0x8160, reason 1
00:04:17 B I (380941) pot.m0: SAFE_STATE #257 from 0x8160, reason 1
00:04:17 C {"t":"event","at_ms":248765,"node":33120,"kind":"peer_admitted","peer":29544,"slot":0,"a":0,"b":0}
00:04:17 C {"t":"event","at_ms":250764,"node":33120,"kind":"peer_admitted","peer":29544,"slot":0,"a":0,"b":0}
00:04:17 C {"t":"event","at_ms":252765,"node":33120,"kind":"peer_admitted","peer":29544,"slot":0,"a":0,"b":0}
00:04:17 C {"t":"event","at_ms":254764,"node":33120,"kind":"peer_admitted","peer":29544,"slot":0,"a":0,"b":0}
00:04:17 C {"t":"event","at_ms":256764,"node":33120,"kind":"peer_admitted","peer":29544,"slot":0,"a":0,"b":0}
00:04:17 C {"t":"link","up_ms":257503,"node":33120,"peer":29544,"mac":"02:ca:00:00:73:68","state":"alive","epoch":40,"espnow_ver":0,"mtu":226,"misses":0,"rssi":0,"tx":{"frames":615,"cb_ok":615,"cb_fail":0,"enqueue_err":0,"pdr_ppm":1000000},"rx":{"frames":3309,"lost_seqgap":7,"reorder_dup":0,"dropped_bad":0,"hb_lost":76,"bcast_frames":2565,"pdr_ppm":997889},"rtt":{"samples":255,"min_us":7739,"max_us":28944,"timeouts":0,"txq_last_us":5863,"txq_max_us":6445,"remote_turnaround_us":301,"remote_turnaround_max_us":20904,"p50_us":[11000,16000],"p99_us":[22000,30000],"hist":[0,0,0,0,0,1,37,96,53,68,0,0,0,0,0,0]}}
00:04:17 C {"t":"can","node":33120,"up_ms":257555,"tx_frames":9121,"tx_ok":9121,"tx_fail":0,"tx_no_slot":0,"arb_lost":0,"bit_err":0,"form_err":0,"stuff_err":0,"ack_err":0,"rx_frames":779639,"rx_overflow":161,"rx_own":0,"rx_messages":3309,"rx_not_for_us":770622,"rx_unknown_alias":0,"rx_out_of_order":0,"rx_timeouts":0,"rx_malformed":0,"flood_sent":0,"ss_sent":256,"ss_last_us":499,"ss_min_us":335,"ss_max_us":1056,"ss_rx":0,"ss_rx_gaps":0}
00:04:17 C {"t":"node","up_ms":257592,"node":33120,"epoch":23,"peers_alive":1,"peers_dead":0,"no_radio":1,"free_dram":326784,"largest_block":270336,"rx":{"total":3309,"bad_frame":0,"unknown_peer":1,"wrong_dst":0,"short_payload":0,"unknown_opcode":0,"queue_dropped":0},"tx":{"total":3559,"enqueue_err":0,"done_queue_dropped":0},"membership":{"deaths":0,"revivals":0,"reboots_seen":0,"table_full":0,"events_dropped":0}}
00:04:17 C {"t":"ns","node":33120,"hash":13581963,"owner":33120,"kind":"sampled","unit":100,"class":4,"bound_ms":5000,"quality":"GOOD","age_ms":158,"ts":257470,"updates":25,"value":1}
00:04:17 C {"t":"ns","node":33120,"hash":3142365229,"owner":33120,"kind":"sampled","unit":101,"class":4,"bound_ms":30000,"quality":"GOOD","age_ms":173,"ts":257470,"updates":25,"value":270336}
00:04:17 C {"t":"ns","node":33120,"hash":2347817554,"owner":33120,"kind":"sampled","unit":100,"class":4,"bound_ms":0,"quality":"GOOD","age_ms":189,"ts":257470,"updates":25,"value":23}
00:04:17 C {"t":"ns","node":33120,"hash":1170356950,"owner":33120,"kind":"sampled","unit":80,"class":4,"bound_ms":30000,"quality":"GOOD","age_ms":204,"ts":257470,"updates":25,"value":257}
00:04:17 C {"t":"ns","node":33120,"hash":3085599597,"owner":33120,"kind":"sampled","unit":0,"class":4,"bound_ms":5000,"quality":"GOOD","age_ms":219,"ts":257470,"updates":25,"value":0}
00:04:17 C {"t":"ns","node":33120,"hash":2486014333,"owner":33120,"kind":"sampled","unit":101,"class":4,"bound_ms":30000,"quality":"GOOD","age_ms":234,"ts":257470,"updates":25,"value":326784}
00:04:18 B I (381941) pot.m0: SAFE_STATE #258 from 0x8160, reason 1
00:04:19 B I (382941) pot.m0: SAFE_STATE #259 from 0x8160, reason 1
00:04:20 B I (383941) pot.m0: SAFE_STATE #260 from 0x8160, reason 1
00:04:21 B I (384941) pot.m0: SAFE_STATE #261 from 0x8160, reason 1
00:04:21 B {"t":"event","at_ms":374596,"node":29544,"kind":"peer_admitted","peer":33120,"slot":0,"a":0,"b":0}
00:04:21 B {"t":"event","at_ms":374686,"node":29544,"kind":"safe_state_rx","peer":33120,"slot":0,"a":251,"b":1}
00:04:21 B {"t":"event","at_ms":375688,"node":29544,"kind":"safe_state_rx","peer":33120,"slot":0,"a":252,"b":1}
00:04:21 B {"t":"event","at_ms":376597,"node":29544,"kind":"peer_admitted","peer":33120,"slot":0,"a":0,"b":0}
00:04:21 B {"t":"event","at_ms":376688,"node":29544,"kind":"safe_state_rx","peer":33120,"slot":0,"a":253,"b":1}
00:04:21 B {"t":"event","at_ms":377688,"node":29544,"kind":"safe_state_rx","peer":33120,"slot":0,"a":254,"b":1}
00:04:21 B {"t":"event","at_ms":378597,"node":29544,"kind":"peer_admitted","peer":33120,"slot":0,"a":0,"b":0}
00:04:21 B {"t":"event","at_ms":378688,"node":29544,"kind":"safe_state_rx","peer":33120,"slot":0,"a":255,"b":1}
00:04:21 B {"t":"event","at_ms":379688,"node":29544,"kind":"safe_state_rx","peer":33120,"slot":0,"a":256,"b":1}
00:04:21 B {"t":"event","at_ms":380597,"node":29544,"kind":"peer_admitted","peer":33120,"slot":0,"a":0,"b":0}
00:04:21 B {"t":"event","at_ms":380688,"node":29544,"kind":"safe_state_rx","peer":33120,"slot":0,"a":257,"b":1}
00:04:21 B {"t":"event","at_ms":381688,"node":29544,"kind":"safe_state_rx","peer":33120,"slot":0,"a":258,"b":1}
00:04:21 B {"t":"event","at_ms":382597,"node":29544,"kind":"peer_admitted","peer":33120,"slot":0,"a":0,"b":0}
00:04:21 B {"t":"event","at_ms":382688,"node":29544,"kind":"safe_state_rx","peer":33120,"slot":0,"a":259,"b":1}
00:04:21 B {"t":"event","at_ms":383688,"node":29544,"kind":"safe_state_rx","peer":33120,"slot":0,"a":260,"b":1}
00:04:21 B {"t":"event","at_ms":384597,"node":29544,"kind":"peer_admitted","peer":33120,"slot":0,"a":0,"b":0}
00:04:21 B {"t":"event","at_ms":384688,"node":29544,"kind":"safe_state_rx","peer":33120,"slot":0,"a":261,"b":1}
00:04:21 B {"t":"link","up_ms":384867,"node":29544,"peer":33120,"mac":"02:ca:00:00:81:60","state":"alive","epoch":23,"espnow_ver":0,"mtu":226,"misses":0,"rssi":0,"tx":{"frames":951,"cb_ok":944,"cb_fail":0,"enqueue_err":7,"pdr_ppm":1000000},"rx":{"frames":5243,"lost_seqgap":5,"reorder_dup":0,"dropped_bad":0,"hb_lost":49,"bcast_frames":3783,"pdr_ppm":999047},"rtt":{"samples":375,"min_us":9085,"max_us":38857,"timeouts":1,"txq_last_us":3615,"txq_max_us":6121,"remote_turnaround_us":3214,"remote_turnaround_max_us":27665,"p50_us":[16000,22000],"p99_us":[22000,30000],"hist":[0,0,0,0,0,0,3,167,120,82,3,0,0,0,0,0]}}
00:04:21 B {"t":"can","node":29544,"up_ms":384919,"tx_frames":1143890,"tx_ok":1143889,"tx_fail":0,"tx_no_slot":139,"arb_lost":33,"bit_err":0,"form_err":0,"stuff_err":0,"ack_err":35295,"rx_frames":13391,"rx_overflow":0,"rx_own":0,"rx_messages":5244,"rx_not_for_us":0,"rx_unknown_alias":0,"rx_out_of_order":0,"rx_timeouts":0,"rx_malformed":0,"flood_sent":282764,"ss_sent":0,"ss_last_us":0,"ss_min_us":0,"ss_max_us":0,"ss_rx":379,"ss_rx_gaps":4294966709}
00:04:21 B {"t":"node","up_ms":384957,"node":29544,"epoch":40,"peers_alive":1,"peers_dead":0,"no_radio":1,"free_dram":326784,"largest_block":270336,"rx":{"total":5244,"bad_frame":0,"unknown_peer":1,"wrong_dst":0,"short_payload":0,"unknown_opcode":0,"queue_dropped":0},"tx":{"total":4977,"enqueue_err":139,"done_queue_dropped":0},"membership":{"deaths":1,"revivals":0,"reboots_seen":1,"table_full":0,"events_dropped":64}}
00:04:21 B {"t":"ns","node":29544,"hash":96177158,"owner":29544,"kind":"sampled","unit":0,"class":4,"bound_ms":5000,"quality":"GOOD","age_ms":265,"ts":384728,"updates":37,"value":0}
00:04:21 B {"t":"ns","node":29544,"hash":1162973580,"owner":29544,"kind":"sampled","unit":101,"class":4,"bound_ms":30000,"quality":"GOOD","age_ms":280,"ts":384728,"updates":37,"value":326784}
00:04:21 B {"t":"ns","node":29544,"hash":4013525678,"owner":29544,"kind":"sampled","unit":101,"class":4,"bound_ms":30000,"quality":"GOOD","age_ms":296,"ts":384728,"updates":37,"value":270336}
00:04:21 B {"t":"ns","node":29544,"hash":1303338069,"owner":29544,"kind":"sampled","unit":100,"class":4,"bound_ms":0,"quality":"GOOD","age_ms":312,"ts":384728,"updates":37,"value":40}
00:04:21 B {"t":"ns","node":29544,"hash":288706273,"owner":29544,"kind":"sampled","unit":80,"class":4,"bound_ms":30000,"quality":"GOOD","age_ms":327,"ts":384728,"updates":37,"value":384}
00:04:21 B {"t":"ns","node":29544,"hash":2548334194,"owner":29544,"kind":"sampled","unit":100,"class":4,"bound_ms":5000,"quality":"GOOD","age_ms":342,"ts":384728,"updates":37,"value":1}
00:04:22 B I (385951) pot.m0: SAFE_STATE #262 from 0x8160, reason 1
00:04:23 B I (386951) pot.m0: SAFE_STATE #263 from 0x8160, reason 1
00:04:24 B I (387951) pot.m0: SAFE_STATE #264 from 0x8160, reason 1
00:04:25 B I (388951) pot.m0: SAFE_STATE #265 from 0x8160, reason 1
00:04:26 B I (389951) pot.m0: SAFE_STATE #266 from 0x8160, reason 1
00:04:27 B I (390951) pot.m0: SAFE_STATE #267 from 0x8160, reason 1
00:04:27 C {"t":"event","at_ms":258765,"node":33120,"kind":"peer_admitted","peer":29544,"slot":0,"a":0,"b":0}
00:04:27 C {"t":"event","at_ms":260765,"node":33120,"kind":"peer_admitted","peer":29544,"slot":0,"a":0,"b":0}
00:04:27 C {"t":"event","at_ms":262765,"node":33120,"kind":"peer_admitted","peer":29544,"slot":0,"a":0,"b":0}
00:04:27 C {"t":"event","at_ms":264764,"node":33120,"kind":"peer_admitted","peer":29544,"slot":0,"a":0,"b":0}
00:04:27 C {"t":"event","at_ms":266764,"node":33120,"kind":"peer_admitted","peer":29544,"slot":0,"a":0,"b":0}
00:04:27 C {"t":"link","up_ms":267753,"node":33120,"peer":29544,"mac":"02:ca:00:00:73:68","state":"alive","epoch":40,"espnow_ver":0,"mtu":226,"misses":0,"rssi":0,"tx":{"frames":641,"cb_ok":641,"cb_fail":0,"enqueue_err":0,"pdr_ppm":1000000},"rx":{"frames":3443,"lost_seqgap":7,"reorder_dup":0,"dropped_bad":0,"hb_lost":76,"bcast_frames":2667,"pdr_ppm":997971},"rtt":{"samples":266,"min_us":7739,"max_us":28944,"timeouts":0,"txq_last_us":5786,"txq_max_us":6445,"remote_turnaround_us":10353,"remote_turnaround_max_us":20904,"p50_us":[11000,16000],"p99_us":[22000,30000],"hist":[0,0,0,0,0,1,42,96,59,68,0,0,0,0,0,0]}}
00:04:27 C {"t":"can","node":33120,"up_ms":267805,"tx_frames":9510,"tx_ok":9510,"tx_fail":0,"tx_no_slot":0,"arb_lost":0,"bit_err":0,"form_err":0,"stuff_err":0,"ack_err":0,"rx_frames":811181,"rx_overflow":176,"rx_own":0,"rx_messages":3445,"rx_not_for_us":801771,"rx_unknown_alias":0,"rx_out_of_order":0,"rx_timeouts":0,"rx_malformed":0,"flood_sent":0,"ss_sent":267,"ss_last_us":517,"ss_min_us":335,"ss_max_us":1056,"ss_rx":0,"ss_rx_gaps":0}
00:04:27 C {"t":"node","up_ms":267842,"node":33120,"epoch":23,"peers_alive":1,"peers_dead":0,"no_radio":1,"free_dram":326784,"largest_block":270336,"rx":{"total":3445,"bad_frame":0,"unknown_peer":1,"wrong_dst":0,"short_payload":0,"unknown_opcode":0,"queue_dropped":0},"tx":{"total":3705,"enqueue_err":0,"done_queue_dropped":0},"membership":{"deaths":0,"revivals":0,"reboots_seen":0,"table_full":0,"events_dropped":0}}
00:04:27 C {"t":"ns","node":33120,"hash":13581963,"owner":33120,"kind":"sampled","unit":100,"class":4,"bound_ms":5000,"quality":"GOOD","age_ms":158,"ts":267720,"updates":26,"value":1}
00:04:27 C {"t":"ns","node":33120,"hash":3142365229,"owner":33120,"kind":"sampled","unit":101,"class":4,"bound_ms":30000,"quality":"GOOD","age_ms":173,"ts":267720,"updates":26,"value":270336}
00:04:27 C {"t":"ns","node":33120,"hash":2347817554,"owner":33120,"kind":"sampled","unit":100,"class":4,"bound_ms":0,"quality":"GOOD","age_ms":189,"ts":267720,"updates":26,"value":23}
00:04:27 C {"t":"ns","node":33120,"hash":1170356950,"owner":33120,"kind":"sampled","unit":80,"class":4,"bound_ms":30000,"quality":"GOOD","age_ms":204,"ts":267720,"updates":26,"value":267}
00:04:27 C {"t":"ns","node":33120,"hash":3085599597,"owner":33120,"kind":"sampled","unit":0,"class":4,"bound_ms":5000,"quality":"GOOD","age_ms":219,"ts":267720,"updates":26,"value":0}
00:04:27 C {"t":"ns","node":33120,"hash":2486014333,"owner":33120,"kind":"sampled","unit":101,"class":4,"bound_ms":30000,"quality":"GOOD","age_ms":234,"ts":267720,"updates":26,"value":326784}
00:04:28 B I (391951) pot.m0: SAFE_STATE #268 from 0x8160, reason 1
00:04:29 B I (392951) pot.m0: SAFE_STATE #269 from 0x8160, reason 1
00:04:30 B I (393951) pot.m0: SAFE_STATE #270 from 0x8160, reason 1
00:04:31 B I (394951) pot.m0: SAFE_STATE #271 from 0x8160, reason 1
00:04:31 B {"t":"event","at_ms":385698,"node":29544,"kind":"safe_state_rx","peer":33120,"slot":0,"a":262,"b":1}
00:04:31 B {"t":"event","at_ms":386599,"node":29544,"kind":"peer_admitted","peer":33120,"slot":0,"a":0,"b":0}
00:04:31 B {"t":"event","at_ms":386698,"node":29544,"kind":"safe_state_rx","peer":33120,"slot":0,"a":263,"b":1}
00:04:31 B {"t":"event","at_ms":387698,"node":29544,"kind":"safe_state_rx","peer":33120,"slot":0,"a":264,"b":1}
00:04:31 B {"t":"event","at_ms":388599,"node":29544,"kind":"peer_admitted","peer":33120,"slot":0,"a":0,"b":0}
00:04:31 B {"t":"event","at_ms":388698,"node":29544,"kind":"safe_state_rx","peer":33120,"slot":0,"a":265,"b":1}
00:04:31 B {"t":"event","at_ms":389698,"node":29544,"kind":"safe_state_rx","peer":33120,"slot":0,"a":266,"b":1}
00:04:31 B {"t":"event","at_ms":390599,"node":29544,"kind":"peer_admitted","peer":33120,"slot":0,"a":0,"b":0}
00:04:31 B {"t":"event","at_ms":390698,"node":29544,"kind":"safe_state_rx","peer":33120,"slot":0,"a":267,"b":1}
00:04:31 B {"t":"event","at_ms":391698,"node":29544,"kind":"safe_state_rx","peer":33120,"slot":0,"a":268,"b":1}
00:04:31 B {"t":"event","at_ms":392599,"node":29544,"kind":"peer_admitted","peer":33120,"slot":0,"a":0,"b":0}
00:04:31 B {"t":"event","at_ms":392698,"node":29544,"kind":"safe_state_rx","peer":33120,"slot":0,"a":269,"b":1}
00:04:31 B {"t":"event","at_ms":393698,"node":29544,"kind":"safe_state_rx","peer":33120,"slot":0,"a":270,"b":1}
00:04:31 B {"t":"event","at_ms":394599,"node":29544,"kind":"peer_admitted","peer":33120,"slot":0,"a":0,"b":0}
00:04:31 B {"t":"event","at_ms":394698,"node":29544,"kind":"safe_state_rx","peer":33120,"slot":0,"a":271,"b":1}
00:04:31 B {"t":"link","up_ms":395207,"node":29544,"peer":33120,"mac":"02:ca:00:00:81:60","state":"alive","epoch":23,"espnow_ver":0,"mtu":226,"misses":0,"rssi":0,"tx":{"frames":976,"cb_ok":969,"cb_fail":0,"enqueue_err":7,"pdr_ppm":1000000},"rx":{"frames":5387,"lost_seqgap":5,"reorder_dup":0,"dropped_bad":0,"hb_lost":49,"bcast_frames":3887,"pdr_ppm":999072},"rtt":{"samples":385,"min_us":9085,"max_us":38857,"timeouts":1,"txq_last_us":3268,"txq_max_us":6121,"remote_turnaround_us":3547,"remote_turnaround_max_us":27665,"p50_us":[16000,22000],"p99_us":[22000,30000],"hist":[0,0,0,0,0,0,3,177,120,82,3,0,0,0,0,0]}}
00:04:31 B {"t":"can","node":29544,"up_ms":395260,"tx_frames":1175375,"tx_ok":1175374,"tx_fail":0,"tx_no_slot":139,"arb_lost":33,"bit_err":0,"form_err":0,"stuff_err":0,"ack_err":35295,"rx_frames":13754,"rx_overflow":0,"rx_own":0,"rx_messages":5387,"rx_not_for_us":0,"rx_unknown_alias":0,"rx_out_of_order":0,"rx_timeouts":0,"rx_malformed":0,"flood_sent":290550,"ss_sent":0,"ss_last_us":0,"ss_min_us":0,"ss_max_us":0,"ss_rx":389,"ss_rx_gaps":4294966709}
00:04:31 B {"t":"node","up_ms":395298,"node":29544,"epoch":40,"peers_alive":1,"peers_dead":0,"no_radio":1,"free_dram":326784,"largest_block":270336,"rx":{"total":5387,"bad_frame":0,"unknown_peer":1,"wrong_dst":0,"short_payload":0,"unknown_opcode":0,"queue_dropped":0},"tx":{"total":5110,"enqueue_err":139,"done_queue_dropped":0},"membership":{"deaths":1,"revivals":0,"reboots_seen":1,"table_full":0,"events_dropped":64}}
00:04:31 B {"t":"ns","node":29544,"hash":96177158,"owner":29544,"kind":"sampled","unit":0,"class":4,"bound_ms":5000,"quality":"GOOD","age_ms":248,"ts":395086,"updates":38,"value":0}
00:04:31 B {"t":"ns","node":29544,"hash":1162973580,"owner":29544,"kind":"sampled","unit":101,"class":4,"bound_ms":30000,"quality":"GOOD","age_ms":263,"ts":395086,"updates":38,"value":326784}
00:04:31 B {"t":"ns","node":29544,"hash":4013525678,"owner":29544,"kind":"sampled","unit":101,"class":4,"bound_ms":30000,"quality":"GOOD","age_ms":279,"ts":395086,"updates":38,"value":270336}
00:04:31 B {"t":"ns","node":29544,"hash":1303338069,"owner":29544,"kind":"sampled","unit":100,"class":4,"bound_ms":0,"quality":"GOOD","age_ms":295,"ts":395086,"updates":38,"value":40}
00:04:31 B {"t":"ns","node":29544,"hash":288706273,"owner":29544,"kind":"sampled","unit":80,"class":4,"bound_ms":30000,"quality":"GOOD","age_ms":309,"ts":395086,"updates":38,"value":395}
00:04:32 B {"t":"ns","node":29544,"hash":2548334194,"owner":29544,"kind":"sampled","unit":100,"class":4,"bound_ms":5000,"quality":"GOOD","age_ms":325,"ts":395086,"updates":38,"value":1}
00:04:32 B I (395953) pot.m0: SAFE_STATE #272 from 0x8160, reason 1
00:04:33 B I (396953) pot.m0: SAFE_STATE #273 from 0x8160, reason 1
00:04:34 B I (397953) pot.m0: SAFE_STATE #274 from 0x8160, reason 1
00:04:35 B I (398953) pot.m0: SAFE_STATE #275 from 0x8160, reason 1
00:04:36 B I (399953) pot.m0: SAFE_STATE #276 from 0x8160, reason 1
00:04:37 B I (400953) pot.m0: SAFE_STATE #277 from 0x8160, reason 1
00:04:37 C {"t":"event","at_ms":268765,"node":33120,"kind":"peer_admitted","peer":29544,"slot":0,"a":0,"b":0}
00:04:37 C {"t":"event","at_ms":270764,"node":33120,"kind":"peer_admitted","peer":29544,"slot":0,"a":0,"b":0}
00:04:37 C {"t":"event","at_ms":272764,"node":33120,"kind":"peer_admitted","peer":29544,"slot":0,"a":0,"b":0}
00:04:37 C {"t":"event","at_ms":274765,"node":33120,"kind":"peer_admitted","peer":29544,"slot":0,"a":0,"b":0}
00:04:37 C {"t":"event","at_ms":276765,"node":33120,"kind":"peer_admitted","peer":29544,"slot":0,"a":0,"b":0}
00:04:37 C {"t":"link","up_ms":278004,"node":33120,"peer":29544,"mac":"02:ca:00:00:73:68","state":"alive","epoch":40,"espnow_ver":0,"mtu":226,"misses":0,"rssi":0,"tx":{"frames":665,"cb_ok":665,"cb_fail":0,"enqueue_err":0,"pdr_ppm":1000000},"rx":{"frames":3575,"lost_seqgap":9,"reorder_dup":0,"dropped_bad":0,"hb_lost":76,"bcast_frames":2770,"pdr_ppm":997488},"rtt":{"samples":276,"min_us":7739,"max_us":28944,"timeouts":0,"txq_last_us":5807,"txq_max_us":6445,"remote_turnaround_us":12361,"remote_turnaround_max_us":20904,"p50_us":[11000,16000],"p99_us":[22000,30000],"hist":[0,0,0,0,0,1,42,96,69,68,0,0,0,0,0,0]}}
00:04:37 C {"t":"can","node":33120,"up_ms":278056,"tx_frames":9853,"tx_ok":9853,"tx_fail":0,"tx_no_slot":0,"arb_lost":0,"bit_err":0,"form_err":0,"stuff_err":0,"ack_err":0,"rx_frames":842426,"rx_overflow":176,"rx_own":0,"rx_messages":3575,"rx_not_for_us":832681,"rx_unknown_alias":0,"rx_out_of_order":0,"rx_timeouts":0,"rx_malformed":0,"flood_sent":0,"ss_sent":277,"ss_last_us":527,"ss_min_us":335,"ss_max_us":1056,"ss_rx":0,"ss_rx_gaps":0}
00:04:37 C {"t":"node","up_ms":278093,"node":33120,"epoch":23,"peers_alive":1,"peers_dead":0,"no_radio":1,"free_dram":326784,"largest_block":270336,"rx":{"total":3575,"bad_frame":0,"unknown_peer":1,"wrong_dst":0,"short_payload":0,"unknown_opcode":0,"queue_dropped":0},"tx":{"total":3846,"enqueue_err":0,"done_queue_dropped":0},"membership":{"deaths":0,"revivals":0,"reboots_seen":0,"table_full":0,"events_dropped":0}}
00:04:37 C {"t":"ns","node":33120,"hash":13581963,"owner":33120,"kind":"sampled","unit":100,"class":4,"bound_ms":5000,"quality":"GOOD","age_ms":158,"ts":277971,"updates":27,"value":1}
00:04:37 C {"t":"ns","node":33120,"hash":3142365229,"owner":33120,"kind":"sampled","unit":101,"class":4,"bound_ms":30000,"quality":"GOOD","age_ms":173,"ts":277971,"updates":27,"value":270336}
00:04:37 C {"t":"ns","node":33120,"hash":2347817554,"owner":33120,"kind":"sampled","unit":100,"class":4,"bound_ms":0,"quality":"GOOD","age_ms":189,"ts":277971,"updates":27,"value":23}
00:04:37 C {"t":"ns","node":33120,"hash":1170356950,"owner":33120,"kind":"sampled","unit":80,"class":4,"bound_ms":30000,"quality":"GOOD","age_ms":204,"ts":277971,"updates":27,"value":277}
00:04:37 C {"t":"ns","node":33120,"hash":3085599597,"owner":33120,"kind":"sampled","unit":0,"class":4,"bound_ms":5000,"quality":"GOOD","age_ms":219,"ts":277971,"updates":27,"value":0}
00:04:37 C {"t":"ns","node":33120,"hash":2486014333,"owner":33120,"kind":"sampled","unit":101,"class":4,"bound_ms":30000,"quality":"GOOD","age_ms":234,"ts":277971,"updates":27,"value":326784}
00:04:38 B I (401953) pot.m0: SAFE_STATE #278 from 0x8160, reason 1
00:04:39 B I (402953) pot.m0: SAFE_STATE #279 from 0x8160, reason 1
00:04:40 B I (403953) pot.m0: SAFE_STATE #280 from 0x8160, reason 1
00:04:41 B I (404953) pot.m0: SAFE_STATE #281 from 0x8160, reason 1
00:04:41 B {"t":"event","at_ms":395700,"node":29544,"kind":"safe_state_rx","peer":33120,"slot":0,"a":272,"b":1}
00:04:41 B {"t":"event","at_ms":396601,"node":29544,"kind":"peer_admitted","peer":33120,"slot":0,"a":0,"b":0}
00:04:41 B {"t":"event","at_ms":396700,"node":29544,"kind":"safe_state_rx","peer":33120,"slot":0,"a":273,"b":1}
00:04:41 B {"t":"event","at_ms":397700,"node":29544,"kind":"safe_state_rx","peer":33120,"slot":0,"a":274,"b":1}
00:04:41 B {"t":"event","at_ms":397725,"node":29544,"kind":"tx_error","peer":33120,"slot":0,"a":4294967293,"b":0}
00:04:41 B {"t":"event","at_ms":398601,"node":29544,"kind":"peer_admitted","peer":33120,"slot":0,"a":0,"b":0}
00:04:41 B {"t":"event","at_ms":398700,"node":29544,"kind":"safe_state_rx","peer":33120,"slot":0,"a":275,"b":1}
00:04:41 B {"t":"event","at_ms":399700,"node":29544,"kind":"safe_state_rx","peer":33120,"slot":0,"a":276,"b":1}
00:04:41 B {"t":"event","at_ms":399725,"node":29544,"kind":"tx_error","peer":33120,"slot":0,"a":4294967293,"b":0}
00:04:41 B {"t":"event","at_ms":400601,"node":29544,"kind":"peer_admitted","peer":33120,"slot":0,"a":0,"b":0}
00:04:41 B {"t":"event","at_ms":400700,"node":29544,"kind":"safe_state_rx","peer":33120,"slot":0,"a":277,"b":1}
00:04:41 B {"t":"event","at_ms":401700,"node":29544,"kind":"safe_state_rx","peer":33120,"slot":0,"a":278,"b":1}
00:04:41 B {"t":"event","at_ms":402601,"node":29544,"kind":"peer_admitted","peer":33120,"slot":0,"a":0,"b":0}
00:04:41 B {"t":"event","at_ms":402700,"node":29544,"kind":"safe_state_rx","peer":33120,"slot":0,"a":279,"b":1}
00:04:41 B {"t":"event","at_ms":403700,"node":29544,"kind":"safe_state_rx","peer":33120,"slot":0,"a":280,"b":1}
00:04:41 B {"t":"event","at_ms":404601,"node":29544,"kind":"peer_admitted","peer":33120,"slot":0,"a":0,"b":0}
00:04:41 B {"t":"event","at_ms":404700,"node":29544,"kind":"safe_state_rx","peer":33120,"slot":0,"a":281,"b":1}
00:04:41 B {"t":"link","up_ms":405565,"node":29544,"peer":33120,"mac":"02:ca:00:00:81:60","state":"alive","epoch":23,"espnow_ver":0,"mtu":226,"misses":0,"rssi":0,"tx":{"frames":1001,"cb_ok":992,"cb_fail":0,"enqueue_err":9,"pdr_ppm":1000000},"rx":{"frames":5528,"lost_seqgap":5,"reorder_dup":0,"dropped_bad":0,"hb_lost":49,"bcast_frames":3990,"pdr_ppm":999096},"rtt":{"samples":393,"min_us":9085,"max_us":38857,"timeouts":1,"txq_last_us":4071,"txq_max_us":6121,"remote_turnaround_us":2689,"remote_turnaround_max_us":27665,"p50_us":[16000,22000],"p99_us":[22000,30000],"hist":[0,0,0,0,0,0,3,185,120,82,3,0,0,0,0,0]}}
00:04:41 B {"t":"can","node":29544,"up_ms":405618,"tx_frames":1206959,"tx_ok":1206958,"tx_fail":0,"tx_no_slot":141,"arb_lost":33,"bit_err":0,"form_err":0,"stuff_err":0,"ack_err":35295,"rx_frames":14108,"rx_overflow":0,"rx_own":0,"rx_messages":5530,"rx_not_for_us":0,"rx_unknown_alias":0,"rx_out_of_order":0,"rx_timeouts":0,"rx_malformed":0,"flood_sent":298358,"ss_sent":0,"ss_last_us":0,"ss_min_us":0,"ss_max_us":0,"ss_rx":399,"ss_rx_gaps":4294966709}
00:04:41 B {"t":"node","up_ms":405656,"node":29544,"epoch":40,"peers_alive":1,"peers_dead":0,"no_radio":1,"free_dram":326784,"largest_block":270336,"rx":{"total":5530,"bad_frame":0,"unknown_peer":1,"wrong_dst":0,"short_payload":0,"unknown_opcode":0,"queue_dropped":0},"tx":{"total":5245,"enqueue_err":141,"done_queue_dropped":0},"membership":{"deaths":1,"revivals":0,"reboots_seen":1,"table_full":0,"events_dropped":64}}
00:04:41 B {"t":"ns","node":29544,"hash":96177158,"owner":29544,"kind":"sampled","unit":0,"class":4,"bound_ms":5000,"quality":"GOOD","age_ms":266,"ts":405426,"updates":39,"value":0}
00:04:41 B I (405953) pot.m0: SAFE_STATE #282 from 0x8160, reason 1
00:04:41 B {"t":"ns","node":29544,"hash":1162973580,"owner":29544,"kind":"sampled","unit":101,"class":4,"bound_ms":30000,"quality":"GOOD","age_ms":286,"ts":405426,"updates":39,"value":326784}
00:04:41 B {"t":"ns","node":29544,"hash":4013525678,"owner":29544,"kind":"sampled","unit":101,"class":4,"bound_ms":30000,"quality":"GOOD","age_ms":302,"ts":405426,"updates":39,"value":270336}
00:04:41 B {"t":"ns","node":29544,"hash":1303338069,"owner":29544,"kind":"sampled","unit":100,"class":4,"bound_ms":0,"quality":"GOOD","age_ms":317,"ts":405426,"updates":39,"value":40}
00:04:42 B {"t":"ns","node":29544,"hash":288706273,"owner":29544,"kind":"sampled","unit":80,"class":4,"bound_ms":30000,"quality":"GOOD","age_ms":332,"ts":405426,"updates":39,"value":405}
00:04:42 B {"t":"ns","node":29544,"hash":2548334194,"owner":29544,"kind":"sampled","unit":100,"class":4,"bound_ms":5000,"quality":"GOOD","age_ms":348,"ts":405426,"updates":39,"value":1}
00:04:43 B I (406955) pot.m0: SAFE_STATE #283 from 0x8160, reason 1
00:04:44 B I (407955) pot.m0: SAFE_STATE #284 from 0x8160, reason 1
00:04:45 B I (408955) pot.m0: SAFE_STATE #285 from 0x8160, reason 1
00:04:46 B I (409955) pot.m0: SAFE_STATE #286 from 0x8160, reason 1
00:04:47 B I (410955) pot.m0: SAFE_STATE #287 from 0x8160, reason 1
00:04:48 C {"t":"event","at_ms":278765,"node":33120,"kind":"peer_admitted","peer":29544,"slot":0,"a":0,"b":0}
00:04:48 C {"t":"event","at_ms":280764,"node":33120,"kind":"peer_admitted","peer":29544,"slot":0,"a":0,"b":0}
00:04:48 C {"t":"event","at_ms":282764,"node":33120,"kind":"peer_admitted","peer":29544,"slot":0,"a":0,"b":0}
00:04:48 C {"t":"event","at_ms":284764,"node":33120,"kind":"peer_admitted","peer":29544,"slot":0,"a":0,"b":0}
00:04:48 C {"t":"event","at_ms":286765,"node":33120,"kind":"peer_admitted","peer":29544,"slot":0,"a":0,"b":0}
00:04:48 C {"t":"link","up_ms":288255,"node":33120,"peer":29544,"mac":"02:ca:00:00:73:68","state":"alive","epoch":40,"espnow_ver":0,"mtu":226,"misses":0,"rssi":0,"tx":{"frames":690,"cb_ok":690,"cb_fail":0,"enqueue_err":0,"pdr_ppm":1000000},"rx":{"frames":3707,"lost_seqgap":9,"reorder_dup":0,"dropped_bad":0,"hb_lost":76,"bcast_frames":2872,"pdr_ppm":997578},"rtt":{"samples":286,"min_us":7739,"max_us":28944,"timeouts":0,"txq_last_us":5732,"txq_max_us":6445,"remote_turnaround_us":14522,"remote_turnaround_max_us":20904,"p50_us":[16000,22000],"p99_us":[22000,30000],"hist":[0,0,0,0,0,1,42,96,74,73,0,0,0,0,0,0]}}
00:04:48 C {"t":"can","node":33120,"up_ms":288307,"tx_frames":10215,"tx_ok":10215,"tx_fail":0,"tx_no_slot":0,"arb_lost":0,"bit_err":0,"form_err":0,"stuff_err":0,"ack_err":0,"rx_frames":873441,"rx_overflow":188,"rx_own":0,"rx_messages":3708,"rx_not_for_us":863327,"rx_unknown_alias":0,"rx_out_of_order":0,"rx_timeouts":0,"rx_malformed":0,"flood_sent":0,"ss_sent":287,"ss_last_us":378,"ss_min_us":335,"ss_max_us":1056,"ss_rx":0,"ss_rx_gaps":0}
00:04:48 C {"t":"node","up_ms":288345,"node":33120,"epoch":23,"peers_alive":1,"peers_dead":0,"no_radio":1,"free_dram":326784,"largest_block":270336,"rx":{"total":3708,"bad_frame":0,"unknown_peer":1,"wrong_dst":0,"short_payload":0,"unknown_opcode":0,"queue_dropped":0},"tx":{"total":3988,"enqueue_err":0,"done_queue_dropped":0},"membership":{"deaths":0,"revivals":0,"reboots_seen":0,"table_full":0,"events_dropped":0}}
00:04:48 C {"t":"ns","node":33120,"hash":13581963,"owner":33120,"kind":"sampled","unit":100,"class":4,"bound_ms":5000,"quality":"GOOD","age_ms":158,"ts":288222,"updates":28,"value":1}
00:04:48 C {"t":"ns","node":33120,"hash":3142365229,"owner":33120,"kind":"sampled","unit":101,"class":4,"bound_ms":30000,"quality":"GOOD","age_ms":173,"ts":288222,"updates":28,"value":270336}
00:04:48 C {"t":"ns","node":33120,"hash":2347817554,"owner":33120,"kind":"sampled","unit":100,"class":4,"bound_ms":0,"quality":"GOOD","age_ms":189,"ts":288222,"updates":28,"value":23}
00:04:48 C {"t":"ns","node":33120,"hash":1170356950,"owner":33120,"kind":"sampled","unit":80,"class":4,"bound_ms":30000,"quality":"GOOD","age_ms":204,"ts":288222,"updates":28,"value":288}
00:04:48 C {"t":"ns","node":33120,"hash":3085599597,"owner":33120,"kind":"sampled","unit":0,"class":4,"bound_ms":5000,"quality":"GOOD","age_ms":219,"ts":288222,"updates":28,"value":0}
00:04:48 C {"t":"ns","node":33120,"hash":2486014333,"owner":33120,"kind":"sampled","unit":101,"class":4,"bound_ms":30000,"quality":"GOOD","age_ms":235,"ts":288222,"updates":28,"value":326784}
00:04:48 B I (411955) pot.m0: SAFE_STATE #288 from 0x8160, reason 1
00:04:49 B I (412955) pot.m0: SAFE_STATE #289 from 0x8160, reason 1
00:04:50 B I (413955) pot.m0: SAFE_STATE #290 from 0x8160, reason 1
00:04:51 B I (414955) pot.m0: SAFE_STATE #291 from 0x8160, reason 1
00:04:52 B I (415955) pot.m0: SAFE_STATE #292 from 0x8160, reason 1
00:04:52 B {"t":"event","at_ms":405700,"node":29544,"kind":"safe_state_rx","peer":33120,"slot":0,"a":282,"b":1}
00:04:52 B {"t":"event","at_ms":406603,"node":29544,"kind":"peer_admitted","peer":33120,"slot":0,"a":0,"b":0}
00:04:52 B {"t":"event","at_ms":406702,"node":29544,"kind":"safe_state_rx","peer":33120,"slot":0,"a":283,"b":1}
00:04:52 B {"t":"event","at_ms":407702,"node":29544,"kind":"safe_state_rx","peer":33120,"slot":0,"a":284,"b":1}
00:04:52 B {"t":"event","at_ms":408603,"node":29544,"kind":"peer_admitted","peer":33120,"slot":0,"a":0,"b":0}
00:04:52 B {"t":"event","at_ms":408702,"node":29544,"kind":"safe_state_rx","peer":33120,"slot":0,"a":285,"b":1}
00:04:52 B {"t":"event","at_ms":409702,"node":29544,"kind":"safe_state_rx","peer":33120,"slot":0,"a":286,"b":1}
00:04:52 B {"t":"event","at_ms":410603,"node":29544,"kind":"peer_admitted","peer":33120,"slot":0,"a":0,"b":0}
00:04:52 B {"t":"event","at_ms":410702,"node":29544,"kind":"safe_state_rx","peer":33120,"slot":0,"a":287,"b":1}
00:04:52 B {"t":"event","at_ms":411702,"node":29544,"kind":"safe_state_rx","peer":33120,"slot":0,"a":288,"b":1}
00:04:52 B {"t":"event","at_ms":412603,"node":29544,"kind":"peer_admitted","peer":33120,"slot":0,"a":0,"b":0}
00:04:52 B {"t":"event","at_ms":412702,"node":29544,"kind":"safe_state_rx","peer":33120,"slot":0,"a":289,"b":1}
00:04:52 B {"t":"event","at_ms":413702,"node":29544,"kind":"safe_state_rx","peer":33120,"slot":0,"a":290,"b":1}
00:04:52 B {"t":"event","at_ms":414603,"node":29544,"kind":"peer_admitted","peer":33120,"slot":0,"a":0,"b":0}
00:04:52 B {"t":"event","at_ms":414702,"node":29544,"kind":"safe_state_rx","peer":33120,"slot":0,"a":291,"b":1}
00:04:52 B {"t":"event","at_ms":415702,"node":29544,"kind":"safe_state_rx","peer":33120,"slot":0,"a":292,"b":1}
00:04:52 B {"t":"link","up_ms":415920,"node":29544,"peer":33120,"mac":"02:ca:00:00:81:60","state":"alive","epoch":23,"espnow_ver":0,"mtu":226,"misses":0,"rssi":0,"tx":{"frames":1028,"cb_ok":1019,"cb_fail":0,"enqueue_err":9,"pdr_ppm":1000000},"rx":{"frames":5676,"lost_seqgap":5,"reorder_dup":0,"dropped_bad":0,"hb_lost":49,"bcast_frames":4094,"pdr_ppm":999119},"rtt":{"samples":404,"min_us":9085,"max_us":38857,"timeouts":1,"txq_last_us":4683,"txq_max_us":6121,"remote_turnaround_us":3452,"remote_turnaround_max_us":27665,"p50_us":[16000,22000],"p99_us":[22000,30000],"hist":[0,0,0,0,0,0,3,196,120,82,3,0,0,0,0,0]}}
00:04:52 B {"t":"can","node":29544,"up_ms":415973,"tx_frames":1238148,"tx_ok":1238147,"tx_fail":0,"tx_no_slot":141,"arb_lost":33,"bit_err":0,"form_err":0,"stuff_err":0,"ack_err":35295,"rx_frames":14486,"rx_overflow":0,"rx_own":0,"rx_messages":5676,"rx_not_for_us":0,"rx_unknown_alias":0,"rx_out_of_order":0,"rx_timeouts":0,"rx_malformed":0,"flood_sent":306057,"ss_sent":0,"ss_last_us":0,"ss_min_us":0,"ss_max_us":0,"ss_rx":410,"ss_rx_gaps":4294966709}
00:04:52 B {"t":"node","up_ms":416011,"node":29544,"epoch":40,"peers_alive":1,"peers_dead":0,"no_radio":1,"free_dram":326784,"largest_block":270336,"rx":{"total":5676,"bad_frame":0,"unknown_peer":1,"wrong_dst":0,"short_payload":0,"unknown_opcode":0,"queue_dropped":0},"tx":{"total":5380,"enqueue_err":141,"done_queue_dropped":0},"membership":{"deaths":1,"revivals":0,"reboots_seen":1,"table_full":0,"events_dropped":64}}
00:04:52 B {"t":"ns","node":29544,"hash":96177158,"owner":29544,"kind":"sampled","unit":0,"class":4,"bound_ms":5000,"quality":"GOOD","age_ms":257,"ts":415790,"updates":40,"value":0}
00:04:52 B {"t":"ns","node":29544,"hash":1162973580,"owner":29544,"kind":"sampled","unit":101,"class":4,"bound_ms":30000,"quality":"GOOD","age_ms":272,"ts":415790,"updates":40,"value":326784}
00:04:52 B {"t":"ns","node":29544,"hash":4013525678,"owner":29544,"kind":"sampled","unit":101,"class":4,"bound_ms":30000,"quality":"GOOD","age_ms":288,"ts":415790,"updates":40,"value":270336}
00:04:52 B {"t":"ns","node":29544,"hash":1303338069,"owner":29544,"kind":"sampled","unit":100,"class":4,"bound_ms":0,"quality":"GOOD","age_ms":303,"ts":415790,"updates":40,"value":40}
00:04:52 B {"t":"ns","node":29544,"hash":288706273,"owner":29544,"kind":"sampled","unit":80,"class":4,"bound_ms":30000,"quality":"GOOD","age_ms":318,"ts":415790,"updates":40,"value":415}
00:04:52 B {"t":"ns","node":29544,"hash":2548334194,"owner":29544,"kind":"sampled","unit":100,"class":4,"bound_ms":5000,"quality":"GOOD","age_ms":334,"ts":415790,"updates":40,"value":1}
00:04:53 B I (416936) pot.m0: SAFE_STATE #293 from 0x8160, reason 1
00:04:54 B I (417936) pot.m0: SAFE_STATE #294 from 0x8160, reason 1
00:04:55 B I (418936) pot.m0: SAFE_STATE #295 from 0x8160, reason 1
00:04:56 B I (419936) pot.m0: SAFE_STATE #296 from 0x8160, reason 1
00:04:57 B I (420936) pot.m0: SAFE_STATE #297 from 0x8160, reason 1
00:04:58 B I (421936) pot.m0: SAFE_STATE #298 from 0x8160, reason 1
00:04:58 C {"t":"event","at_ms":288766,"node":33120,"kind":"peer_admitted","peer":29544,"slot":0,"a":0,"b":0}
00:04:58 C {"t":"event","at_ms":290765,"node":33120,"kind":"peer_admitted","peer":29544,"slot":0,"a":0,"b":0}
00:04:58 C {"t":"event","at_ms":292765,"node":33120,"kind":"peer_admitted","peer":29544,"slot":0,"a":0,"b":0}
00:04:58 C {"t":"event","at_ms":294765,"node":33120,"kind":"peer_admitted","peer":29544,"slot":0,"a":0,"b":0}
00:04:58 C {"t":"event","at_ms":296765,"node":33120,"kind":"peer_admitted","peer":29544,"slot":0,"a":0,"b":0}
00:04:58 C {"t":"link","up_ms":298506,"node":33120,"peer":29544,"mac":"02:ca:00:00:73:68","state":"alive","epoch":40,"espnow_ver":0,"mtu":226,"misses":0,"rssi":0,"tx":{"frames":713,"cb_ok":713,"cb_fail":0,"enqueue_err":0,"pdr_ppm":1000000},"rx":{"frames":3838,"lost_seqgap":11,"reorder_dup":0,"dropped_bad":0,"hb_lost":76,"bcast_frames":2975,"pdr_ppm":997142},"rtt":{"samples":296,"min_us":7739,"max_us":28944,"timeouts":0,"txq_last_us":4761,"txq_max_us":6445,"remote_turnaround_us":16414,"remote_turnaround_max_us":20904,"p50_us":[16000,22000],"p99_us":[22000,30000],"hist":[0,0,0,0,0,1,42,96,74,83,0,0,0,0,0,0]}}
00:04:58 C {"t":"can","node":33120,"up_ms":298558,"tx_frames":10558,"tx_ok":10558,"tx_fail":0,"tx_no_slot":0,"arb_lost":0,"bit_err":0,"form_err":0,"stuff_err":0,"ack_err":0,"rx_frames":904328,"rx_overflow":188,"rx_own":0,"rx_messages":3838,"rx_not_for_us":893882,"rx_unknown_alias":0,"rx_out_of_order":0,"rx_timeouts":0,"rx_malformed":0,"flood_sent":0,"ss_sent":297,"ss_last_us":372,"ss_min_us":335,"ss_max_us":1056,"ss_rx":0,"ss_rx_gaps":0}
00:04:58 C {"t":"node","up_ms":298596,"node":33120,"epoch":23,"peers_alive":1,"peers_dead":0,"no_radio":1,"free_dram":326784,"largest_block":270336,"rx":{"total":3838,"bad_frame":0,"unknown_peer":1,"wrong_dst":0,"short_payload":0,"unknown_opcode":0,"queue_dropped":0},"tx":{"total":4129,"enqueue_err":0,"done_queue_dropped":0},"membership":{"deaths":0,"revivals":0,"reboots_seen":0,"table_full":0,"events_dropped":0}}
00:04:58 C {"t":"ns","node":33120,"hash":13581963,"owner":33120,"kind":"sampled","unit":100,"class":4,"bound_ms":5000,"quality":"GOOD","age_ms":158,"ts":298473,"updates":29,"value":1}
00:04:58 C {"t":"ns","node":33120,"hash":3142365229,"owner":33120,"kind":"sampled","unit":101,"class":4,"bound_ms":30000,"quality":"GOOD","age_ms":174,"ts":298473,"updates":29,"value":270336}
00:04:58 C {"t":"ns","node":33120,"hash":2347817554,"owner":33120,"kind":"sampled","unit":100,"class":4,"bound_ms":0,"quality":"GOOD","age_ms":189,"ts":298473,"updates":29,"value":23}
00:04:58 C {"t":"ns","node":33120,"hash":1170356950,"owner":33120,"kind":"sampled","unit":80,"class":4,"bound_ms":30000,"quality":"GOOD","age_ms":204,"ts":298473,"updates":29,"value":298}
00:04:58 C {"t":"ns","node":33120,"hash":3085599597,"owner":33120,"kind":"sampled","unit":0,"class":4,"bound_ms":5000,"quality":"GOOD","age_ms":220,"ts":298473,"updates":29,"value":0}
00:04:58 C {"t":"ns","node":33120,"hash":2486014333,"owner":33120,"kind":"sampled","unit":101,"class":4,"bound_ms":30000,"quality":"GOOD","age_ms":235,"ts":298473,"updates":29,"value":326784}
00:04:59 B I (422936) pot.m0: SAFE_STATE #299 from 0x8160, reason 1
00:05:00 B I (423936) pot.m0: SAFE_STATE #300 from 0x8160, reason 1
00:05:01 B I (424936) pot.m0: SAFE_STATE #301 from 0x8160, reason 1
00:05:02 B I (425936) pot.m0: SAFE_STATE #302 from 0x8160, reason 1
00:05:02 B {"t":"event","at_ms":416604,"node":29544,"kind":"peer_admitted","peer":33120,"slot":0,"a":0,"b":0}
00:05:02 B {"t":"event","at_ms":416683,"node":29544,"kind":"safe_state_rx","peer":33120,"slot":0,"a":293,"b":1}
00:05:02 B {"t":"event","at_ms":417683,"node":29544,"kind":"safe_state_rx","peer":33120,"slot":0,"a":294,"b":1}
00:05:02 B {"t":"event","at_ms":417725,"node":29544,"kind":"tx_error","peer":33120,"slot":0,"a":4294967293,"b":0}
00:05:02 B {"t":"event","at_ms":418604,"node":29544,"kind":"peer_admitted","peer":33120,"slot":0,"a":0,"b":0}
00:05:02 B {"t":"event","at_ms":418683,"node":29544,"kind":"safe_state_rx","peer":33120,"slot":0,"a":295,"b":1}
00:05:02 B {"t":"event","at_ms":419683,"node":29544,"kind":"safe_state_rx","peer":33120,"slot":0,"a":296,"b":1}
00:05:02 B {"t":"event","at_ms":419725,"node":29544,"kind":"tx_error","peer":33120,"slot":0,"a":4294967293,"b":0}
00:05:02 B {"t":"event","at_ms":420604,"node":29544,"kind":"peer_admitted","peer":33120,"slot":0,"a":0,"b":0}
00:05:02 B {"t":"event","at_ms":420683,"node":29544,"kind":"safe_state_rx","peer":33120,"slot":0,"a":297,"b":1}
00:05:02 B {"t":"event","at_ms":421683,"node":29544,"kind":"safe_state_rx","peer":33120,"slot":0,"a":298,"b":1}
00:05:02 B {"t":"event","at_ms":421725,"node":29544,"kind":"tx_error","peer":33120,"slot":0,"a":4294967293,"b":0}
00:05:02 B {"t":"event","at_ms":422604,"node":29544,"kind":"peer_admitted","peer":33120,"slot":0,"a":0,"b":0}
00:05:02 B {"t":"event","at_ms":422683,"node":29544,"kind":"safe_state_rx","peer":33120,"slot":0,"a":299,"b":1}
00:05:02 B {"t":"event","at_ms":423683,"node":29544,"kind":"safe_state_rx","peer":33120,"slot":0,"a":300,"b":1}
00:05:02 B {"t":"event","at_ms":423725,"node":29544,"kind":"tx_error","peer":33120,"slot":0,"a":4294967293,"b":0}
00:05:02 B {"t":"event","at_ms":424604,"node":29544,"kind":"peer_admitted","peer":33120,"slot":0,"a":0,"b":0}
00:05:02 B {"t":"event","at_ms":424683,"node":29544,"kind":"safe_state_rx","peer":33120,"slot":0,"a":301,"b":1}
00:05:02 B {"t":"event","at_ms":425683,"node":29544,"kind":"safe_state_rx","peer":33120,"slot":0,"a":302,"b":1}
00:05:02 B {"t":"event","at_ms":425725,"node":29544,"kind":"tx_error","peer":33120,"slot":0,"a":4294967293,"b":0}
00:05:02 B {"t":"link","up_ms":426305,"node":29544,"peer":33120,"mac":"02:ca:00:00:81:60","state":"alive","epoch":23,"espnow_ver":0,"mtu":226,"misses":0,"rssi":0,"tx":{"frames":1053,"cb_ok":1039,"cb_fail":0,"enqueue_err":14,"pdr_ppm":1000000},"rx":{"frames":5815,"lost_seqgap":5,"reorder_dup":0,"dropped_bad":0,"hb_lost":49,"bcast_frames":4198,"pdr_ppm":999140},"rtt":{"samples":409,"min_us":9085,"max_us":38857,"timeouts":1,"txq_last_us":4137,"txq_max_us":6121,"remote_turnaround_us":5478,"remote_turnaround_max_us":27665,"p50_us":[16000,22000],"p99_us":[22000,30000],"hist":[0,0,0,0,0,0,3,201,120,82,3,0,0,0,0,0]}}
00:05:02 B {"t":"can","node":29544,"up_ms":426358,"tx_frames":1269434,"tx_ok":1269434,"tx_fail":0,"tx_no_slot":146,"arb_lost":33,"bit_err":0,"form_err":0,"stuff_err":0,"ack_err":35295,"rx_frames":14800,"rx_overflow":0,"rx_own":0,"rx_messages":5815,"rx_not_for_us":0,"rx_unknown_alias":0,"rx_out_of_order":0,"rx_timeouts":0,"rx_malformed":0,"flood_sent":313809,"ss_sent":0,"ss_last_us":0,"ss_min_us":0,"ss_max_us":0,"ss_rx":420,"ss_rx_gaps":4294966709}
00:05:02 B {"t":"node","up_ms":426396,"node":29544,"epoch":40,"peers_alive":1,"peers_dead":0,"no_radio":1,"free_dram":326784,"largest_block":270336,"rx":{"total":5815,"bad_frame":0,"unknown_peer":1,"wrong_dst":0,"short_payload":0,"unknown_opcode":0,"queue_dropped":0},"tx":{"total":5514,"enqueue_err":146,"done_queue_dropped":0},"membership":{"deaths":1,"revivals":0,"reboots_seen":1,"table_full":0,"events_dropped":64}}
00:05:02 B {"t":"ns","node":29544,"hash":96177158,"owner":29544,"kind":"sampled","unit":0,"class":4,"bound_ms":5000,"quality":"GOOD","age_ms":293,"ts":426139,"updates":41,"value":0}
00:05:02 B {"t":"ns","node":29544,"hash":1162973580,"owner":29544,"kind":"sampled","unit":101,"class":4,"bound_ms":30000,"quality":"GOOD","age_ms":308,"ts":426139,"updates":41,"value":326784}
00:05:02 B {"t":"ns","node":29544,"hash":4013525678,"owner":29544,"kind":"sampled","unit":101,"class":4,"bound_ms":30000,"quality":"GOOD","age_ms":324,"ts":426139,"updates":41,"value":270336}
00:05:03 B {"t":"ns","node":29544,"hash":1303338069,"owner":29544,"kind":"sampled","unit":100,"class":4,"bound_ms":0,"quality":"GOOD","age_ms":340,"ts":426139,"updates":41,"value":40}
00:05:03 B {"t":"ns","node":29544,"hash":288706273,"owner":29544,"kind":"sampled","unit":80,"class":4,"bound_ms":30000,"quality":"GOOD","age_ms":355,"ts":426139,"updates":41,"value":426}
00:05:03 B {"t":"ns","node":29544,"hash":2548334194,"owner":29544,"kind":"sampled","unit":100,"class":4,"bound_ms":5000,"quality":"GOOD","age_ms":370,"ts":426139,"updates":41,"value":1}
00:05:03 B I (426940) pot.m0: SAFE_STATE #303 from 0x8160, reason 1
00:05:04 B I (427940) pot.m0: SAFE_STATE #304 from 0x8160, reason 1
00:05:05 B I (428940) pot.m0: SAFE_STATE #305 from 0x8160, reason 1
00:05:06 B I (429940) pot.m0: SAFE_STATE #306 from 0x8160, reason 1
00:05:07 B I (430940) pot.m0: SAFE_STATE #307 from 0x8160, reason 1
00:05:08 B I (431940) pot.m0: SAFE_STATE #308 from 0x8160, reason 1
00:05:08 C {"t":"event","at_ms":298767,"node":33120,"kind":"peer_admitted","peer":29544,"slot":0,"a":0,"b":0}
00:05:08 C {"t":"event","at_ms":300767,"node":33120,"kind":"peer_admitted","peer":29544,"slot":0,"a":0,"b":0}
00:05:08 C {"t":"event","at_ms":302767,"node":33120,"kind":"peer_admitted","peer":29544,"slot":0,"a":0,"b":0}
00:05:08 C {"t":"event","at_ms":304767,"node":33120,"kind":"peer_admitted","peer":29544,"slot":0,"a":0,"b":0}
00:05:08 C {"t":"event","at_ms":306767,"node":33120,"kind":"peer_admitted","peer":29544,"slot":0,"a":0,"b":0}
00:05:08 C {"t":"link","up_ms":308757,"node":33120,"peer":29544,"mac":"02:ca:00:00:73:68","state":"alive","epoch":40,"espnow_ver":0,"mtu":226,"misses":0,"rssi":0,"tx":{"frames":736,"cb_ok":736,"cb_fail":0,"enqueue_err":0,"pdr_ppm":1000000},"rx":{"frames":3968,"lost_seqgap":14,"reorder_dup":0,"dropped_bad":0,"hb_lost":76,"bcast_frames":3077,"pdr_ppm":996484},"rtt":{"samples":307,"min_us":7739,"max_us":28944,"timeouts":0,"txq_last_us":5354,"txq_max_us":6445,"remote_turnaround_us":8770,"remote_turnaround_max_us":20904,"p50_us":[16000,22000],"p99_us":[22000,30000],"hist":[0,0,0,0,0,1,42,96,80,88,0,0,0,0,0,0]}}
00:05:08 C {"t":"can","node":33120,"up_ms":308809,"tx_frames":10915,"tx_ok":10915,"tx_fail":0,"tx_no_slot":0,"arb_lost":0,"bit_err":0,"form_err":0,"stuff_err":0,"ack_err":0,"rx_frames":935807,"rx_overflow":206,"rx_own":0,"rx_messages":3971,"rx_not_for_us":925003,"rx_unknown_alias":0,"rx_out_of_order":0,"rx_timeouts":0,"rx_malformed":0,"flood_sent":0,"ss_sent":308,"ss_last_us":535,"ss_min_us":335,"ss_max_us":1056,"ss_rx":0,"ss_rx_gaps":0}
00:05:08 C {"t":"node","up_ms":308847,"node":33120,"epoch":23,"peers_alive":1,"peers_dead":0,"no_radio":1,"free_dram":326784,"largest_block":270336,"rx":{"total":3971,"bad_frame":0,"unknown_peer":1,"wrong_dst":0,"short_payload":0,"unknown_opcode":0,"queue_dropped":0},"tx":{"total":4272,"enqueue_err":0,"done_queue_dropped":0},"membership":{"deaths":0,"revivals":0,"reboots_seen":0,"table_full":0,"events_dropped":0}}
00:05:08 C {"t":"ns","node":33120,"hash":13581963,"owner":33120,"kind":"sampled","unit":100,"class":4,"bound_ms":5000,"quality":"GOOD","age_ms":158,"ts":308724,"updates":30,"value":1}
00:05:08 C {"t":"ns","node":33120,"hash":3142365229,"owner":33120,"kind":"sampled","unit":101,"class":4,"bound_ms":30000,"quality":"GOOD","age_ms":173,"ts":308724,"updates":30,"value":270336}
00:05:08 C {"t":"ns","node":33120,"hash":2347817554,"owner":33120,"kind":"sampled","unit":100,"class":4,"bound_ms":0,"quality":"GOOD","age_ms":189,"ts":308724,"updates":30,"value":23}
00:05:08 C {"t":"ns","node":33120,"hash":1170356950,"owner":33120,"kind":"sampled","unit":80,"class":4,"bound_ms":30000,"quality":"GOOD","age_ms":204,"ts":308724,"updates":30,"value":308}
00:05:08 C {"t":"ns","node":33120,"hash":3085599597,"owner":33120,"kind":"sampled","unit":0,"class":4,"bound_ms":5000,"quality":"GOOD","age_ms":219,"ts":308724,"updates":30,"value":0}
00:05:08 C {"t":"ns","node":33120,"hash":2486014333,"owner":33120,"kind":"sampled","unit":101,"class":4,"bound_ms":30000,"quality":"GOOD","age_ms":235,"ts":308724,"updates":30,"value":326784}
00:05:09 B I (432940) pot.m0: SAFE_STATE #309 from 0x8160, reason 1
00:05:10 B I (433940) pot.m0: SAFE_STATE #310 from 0x8160, reason 1
00:05:11 B I (434940) pot.m0: SAFE_STATE #311 from 0x8160, reason 1
00:05:12 B I (435940) pot.m0: SAFE_STATE #312 from 0x8160, reason 1
00:05:12 B {"t":"event","at_ms":426596,"node":29544,"kind":"peer_admitted","peer":33120,"slot":0,"a":0,"b":0}
00:05:12 B {"t":"event","at_ms":426687,"node":29544,"kind":"safe_state_rx","peer":33120,"slot":0,"a":303,"b":1}
00:05:12 B {"t":"event","at_ms":427687,"node":29544,"kind":"safe_state_rx","peer":33120,"slot":0,"a":304,"b":1}
00:05:12 B {"t":"event","at_ms":428596,"node":29544,"kind":"peer_admitted","peer":33120,"slot":0,"a":0,"b":0}
00:05:12 B {"t":"event","at_ms":428687,"node":29544,"kind":"safe_state_rx","peer":33120,"slot":0,"a":305,"b":1}
00:05:12 B {"t":"event","at_ms":429687,"node":29544,"kind":"safe_state_rx","peer":33120,"slot":0,"a":306,"b":1}
00:05:12 B {"t":"event","at_ms":430596,"node":29544,"kind":"peer_admitted","peer":33120,"slot":0,"a":0,"b":0}
00:05:12 B {"t":"event","at_ms":430687,"node":29544,"kind":"safe_state_rx","peer":33120,"slot":0,"a":307,"b":1}
00:05:12 B {"t":"event","at_ms":431687,"node":29544,"kind":"safe_state_rx","peer":33120,"slot":0,"a":308,"b":1}
00:05:12 B {"t":"event","at_ms":432596,"node":29544,"kind":"peer_admitted","peer":33120,"slot":0,"a":0,"b":0}
00:05:12 B {"t":"event","at_ms":432687,"node":29544,"kind":"safe_state_rx","peer":33120,"slot":0,"a":309,"b":1}
00:05:12 B {"t":"event","at_ms":433687,"node":29544,"kind":"safe_state_rx","peer":33120,"slot":0,"a":310,"b":1}
00:05:12 B {"t":"event","at_ms":434596,"node":29544,"kind":"peer_admitted","peer":33120,"slot":0,"a":0,"b":0}
00:05:12 B {"t":"event","at_ms":434687,"node":29544,"kind":"safe_state_rx","peer":33120,"slot":0,"a":311,"b":1}
00:05:12 B {"t":"event","at_ms":435687,"node":29544,"kind":"safe_state_rx","peer":33120,"slot":0,"a":312,"b":1}
00:05:12 B {"t":"event","at_ms":436597,"node":29544,"kind":"peer_admitted","peer":33120,"slot":0,"a":0,"b":0}
00:05:12 B {"t":"link","up_ms":436655,"node":29544,"peer":33120,"mac":"02:ca:00:00:81:60","state":"alive","epoch":23,"espnow_ver":0,"mtu":226,"misses":0,"rssi":0,"tx":{"frames":1080,"cb_ok":1066,"cb_fail":0,"enqueue_err":14,"pdr_ppm":1000000},"rx":{"frames":5960,"lost_seqgap":5,"reorder_dup":0,"dropped_bad":0,"hb_lost":49,"bcast_frames":4301,"pdr_ppm":999161},"rtt":{"samples":419,"min_us":9085,"max_us":38857,"timeouts":1,"txq_last_us":4684,"txq_max_us":6121,"remote_turnaround_us":5410,"remote_turnaround_max_us":27665,"p50_us":[16000,22000],"p99_us":[22000,30000],"hist":[0,0,0,0,0,0,3,206,125,82,3,0,0,0,0,0]}}
00:05:12 B I (436939) pot.m0: SAFE_STATE #313 from 0x8160, reason 1
00:05:12 B {"t":"can","node":29544,"up_ms":436713,"tx_frames":1301664,"tx_ok":1301664,"tx_fail":0,"tx_no_slot":146,"arb_lost":33,"bit_err":0,"form_err":0,"stuff_err":0,"ack_err":35295,"rx_frames":15181,"rx_overflow":0,"rx_own":0,"rx_messages":5962,"rx_not_for_us":0,"rx_unknown_alias":0,"rx_out_of_order":0,"rx_timeouts":0,"rx_malformed":0,"flood_sent":321762,"ss_sent":0,"ss_last_us":0,"ss_min_us":0,"ss_max_us":0,"ss_rx":431,"ss_rx_gaps":4294966709}
00:05:12 B {"t":"node","up_ms":436751,"node":29544,"epoch":40,"peers_alive":1,"peers_dead":0,"no_radio":1,"free_dram":326784,"largest_block":270336,"rx":{"total":5961,"bad_frame":0,"unknown_peer":1,"wrong_dst":0,"short_payload":0,"unknown_opcode":0,"queue_dropped":0},"tx":{"total":5649,"enqueue_err":146,"done_queue_dropped":0},"membership":{"deaths":1,"revivals":0,"reboots_seen":1,"table_full":0,"events_dropped":64}}
00:05:12 B {"t":"ns","node":29544,"hash":96177158,"owner":29544,"kind":"sampled","unit":0,"class":4,"bound_ms":5000,"quality":"GOOD","age_ms":262,"ts":436525,"updates":42,"value":0}
00:05:12 B {"t":"ns","node":29544,"hash":1162973580,"owner":29544,"kind":"sampled","unit":101,"class":4,"bound_ms":30000,"quality":"GOOD","age_ms":277,"ts":436525,"updates":42,"value":326784}
00:05:12 B {"t":"ns","node":29544,"hash":4013525678,"owner":29544,"kind":"sampled","unit":101,"class":4,"bound_ms":30000,"quality":"GOOD","age_ms":293,"ts":436525,"updates":42,"value":270336}
00:05:12 B {"t":"ns","node":29544,"hash":1303338069,"owner":29544,"kind":"sampled","unit":100,"class":4,"bound_ms":0,"quality":"GOOD","age_ms":308,"ts":436525,"updates":42,"value":40}
00:05:12 B {"t":"ns","node":29544,"hash":288706273,"owner":29544,"kind":"sampled","unit":80,"class":4,"bound_ms":30000,"quality":"GOOD","age_ms":323,"ts":436525,"updates":42,"value":436}
00:05:13 B {"t":"ns","node":29544,"hash":2548334194,"owner":29544,"kind":"sampled","unit":100,"class":4,"bound_ms":5000,"quality":"GOOD","age_ms":339,"ts":436525,"updates":42,"value":1}
00:05:14 B I (437944) pot.m0: SAFE_STATE #314 from 0x8160, reason 1
00:05:15 B I (438944) pot.m0: SAFE_STATE #315 from 0x8160, reason 1
00:05:16 B I (439944) pot.m0: SAFE_STATE #316 from 0x8160, reason 1
00:05:17 B I (440944) pot.m0: SAFE_STATE #317 from 0x8160, reason 1
00:05:18 B I (441944) pot.m0: SAFE_STATE #318 from 0x8160, reason 1
00:05:18 C {"t":"event","at_ms":308768,"node":33120,"kind":"peer_admitted","peer":29544,"slot":0,"a":0,"b":0}
00:05:18 C {"t":"event","at_ms":310767,"node":33120,"kind":"peer_admitted","peer":29544,"slot":0,"a":0,"b":0}
00:05:18 C {"t":"event","at_ms":312767,"node":33120,"kind":"peer_admitted","peer":29544,"slot":0,"a":0,"b":0}
00:05:18 C {"t":"event","at_ms":314767,"node":33120,"kind":"peer_admitted","peer":29544,"slot":0,"a":0,"b":0}
00:05:18 C {"t":"event","at_ms":316767,"node":33120,"kind":"peer_admitted","peer":29544,"slot":0,"a":0,"b":0}
00:05:18 C {"t":"event","at_ms":318767,"node":33120,"kind":"peer_admitted","peer":29544,"slot":0,"a":0,"b":0}
00:05:18 C {"t":"link","up_ms":319016,"node":33120,"peer":29544,"mac":"02:ca:00:00:73:68","state":"alive","epoch":40,"espnow_ver":0,"mtu":226,"misses":0,"rssi":0,"tx":{"frames":763,"cb_ok":763,"cb_fail":0,"enqueue_err":0,"pdr_ppm":1000000},"rx":{"frames":4103,"lost_seqgap":14,"reorder_dup":0,"dropped_bad":0,"hb_lost":76,"bcast_frames":3180,"pdr_ppm":996599},"rtt":{"samples":317,"min_us":7739,"max_us":28944,"timeouts":0,"txq_last_us":5912,"txq_max_us":6445,"remote_turnaround_us":3467,"remote_turnaround_max_us":20904,"p50_us":[16000,22000],"p99_us":[22000,30000],"hist":[0,0,0,0,0,1,42,101,85,88,0,0,0,0,0,0]}}
00:05:18 C {"t":"can","node":33120,"up_ms":319069,"tx_frames":11278,"tx_ok":11278,"tx_fail":0,"tx_no_slot":0,"arb_lost":0,"bit_err":0,"form_err":0,"stuff_err":0,"ack_err":0,"rx_frames":967852,"rx_overflow":206,"rx_own":0,"rx_messages":4104,"rx_not_for_us":956727,"rx_unknown_alias":0,"rx_out_of_order":0,"rx_timeouts":0,"rx_malformed":0,"flood_sent":0,"ss_sent":318,"ss_last_us":625,"ss_min_us":335,"ss_max_us":1056,"ss_rx":0,"ss_rx_gaps":0}
00:05:18 C {"t":"node","up_ms":319106,"node":33120,"epoch":23,"peers_alive":1,"peers_dead":0,"no_radio":1,"free_dram":326784,"largest_block":270336,"rx":{"total":4104,"bad_frame":0,"unknown_peer":1,"wrong_dst":0,"short_payload":0,"unknown_opcode":0,"queue_dropped":0},"tx":{"total":4415,"enqueue_err":0,"done_queue_dropped":0},"membership":{"deaths":0,"revivals":0,"reboots_seen":0,"table_full":0,"events_dropped":0}}
00:05:18 C {"t":"ns","node":33120,"hash":13581963,"owner":33120,"kind":"sampled","unit":100,"class":4,"bound_ms":5000,"quality":"GOOD","age_ms":167,"ts":318975,"updates":31,"value":1}
00:05:18 C {"t":"ns","node":33120,"hash":3142365229,"owner":33120,"kind":"sampled","unit":101,"class":4,"bound_ms":30000,"quality":"GOOD","age_ms":182,"ts":318975,"updates":31,"value":270336}
00:05:18 C {"t":"ns","node":33120,"hash":2347817554,"owner":33120,"kind":"sampled","unit":100,"class":4,"bound_ms":0,"quality":"GOOD","age_ms":198,"ts":318975,"updates":31,"value":23}
00:05:18 C {"t":"ns","node":33120,"hash":1170356950,"owner":33120,"kind":"sampled","unit":80,"class":4,"bound_ms":30000,"quality":"GOOD","age_ms":213,"ts":318975,"updates":31,"value":318}
00:05:18 C {"t":"ns","node":33120,"hash":3085599597,"owner":33120,"kind":"sampled","unit":0,"class":4,"bound_ms":5000,"quality":"GOOD","age_ms":228,"ts":318975,"updates":31,"value":0}
00:05:18 C {"t":"ns","node":33120,"hash":2486014333,"owner":33120,"kind":"sampled","unit":101,"class":4,"bound_ms":30000,"quality":"GOOD","age_ms":243,"ts":318975,"updates":31,"value":326784}
00:05:19 B I (442944) pot.m0: SAFE_STATE #319 from 0x8160, reason 1
00:05:20 B I (443944) pot.m0: SAFE_STATE #320 from 0x8160, reason 1
00:05:21 B I (444944) pot.m0: SAFE_STATE #321 from 0x8160, reason 1
00:05:22 B I (445944) pot.m0: SAFE_STATE #322 from 0x8160, reason 1
00:05:23 B I (446944) pot.m0: SAFE_STATE #323 from 0x8160, reason 1
00:05:23 B {"t":"event","at_ms":436686,"node":29544,"kind":"safe_state_rx","peer":33120,"slot":0,"a":313,"b":1}
00:05:23 B {"t":"event","at_ms":437691,"node":29544,"kind":"safe_state_rx","peer":33120,"slot":0,"a":314,"b":1}
00:05:23 B {"t":"event","at_ms":438592,"node":29544,"kind":"peer_admitted","peer":33120,"slot":0,"a":0,"b":0}
00:05:23 B {"t":"event","at_ms":438691,"node":29544,"kind":"safe_state_rx","peer":33120,"slot":0,"a":315,"b":1}
00:05:23 B {"t":"event","at_ms":439691,"node":29544,"kind":"safe_state_rx","peer":33120,"slot":0,"a":316,"b":1}
00:05:23 B {"t":"event","at_ms":440592,"node":29544,"kind":"peer_admitted","peer":33120,"slot":0,"a":0,"b":0}
00:05:23 B {"t":"event","at_ms":440691,"node":29544,"kind":"safe_state_rx","peer":33120,"slot":0,"a":317,"b":1}
00:05:23 B {"t":"event","at_ms":441691,"node":29544,"kind":"safe_state_rx","peer":33120,"slot":0,"a":318,"b":1}
00:05:23 B {"t":"event","at_ms":442592,"node":29544,"kind":"peer_admitted","peer":33120,"slot":0,"a":0,"b":0}
00:05:23 B {"t":"event","at_ms":442691,"node":29544,"kind":"safe_state_rx","peer":33120,"slot":0,"a":319,"b":1}
00:05:23 B {"t":"event","at_ms":443691,"node":29544,"kind":"safe_state_rx","peer":33120,"slot":0,"a":320,"b":1}
00:05:23 B {"t":"event","at_ms":444592,"node":29544,"kind":"peer_admitted","peer":33120,"slot":0,"a":0,"b":0}
00:05:23 B {"t":"event","at_ms":444691,"node":29544,"kind":"safe_state_rx","peer":33120,"slot":0,"a":321,"b":1}
00:05:23 B {"t":"event","at_ms":445691,"node":29544,"kind":"safe_state_rx","peer":33120,"slot":0,"a":322,"b":1}
00:05:23 B {"t":"event","at_ms":446592,"node":29544,"kind":"peer_admitted","peer":33120,"slot":0,"a":0,"b":0}
00:05:23 B {"t":"event","at_ms":446691,"node":29544,"kind":"safe_state_rx","peer":33120,"slot":0,"a":323,"b":1}
00:05:23 B {"t":"link","up_ms":447009,"node":29544,"peer":33120,"mac":"02:ca:00:00:81:60","state":"alive","epoch":23,"espnow_ver":0,"mtu":226,"misses":0,"rssi":0,"tx":{"frames":1106,"cb_ok":1092,"cb_fail":0,"enqueue_err":14,"pdr_ppm":1000000},"rx":{"frames":6106,"lost_seqgap":5,"reorder_dup":0,"dropped_bad":0,"hb_lost":49,"bcast_frames":4405,"pdr_ppm":999181},"rtt":{"samples":430,"min_us":9085,"max_us":38857,"timeouts":1,"txq_last_us":3838,"txq_max_us":6121,"remote_turnaround_us":8451,"remote_turnaround_max_us":27665,"p50_us":[16000,22000],"p99_us":[22000,30000],"hist":[0,0,0,0,0,0,3,206,136,82,3,0,0,0,0,0]}}
00:05:23 B {"t":"can","node":29544,"up_ms":447062,"tx_frames":1334238,"tx_ok":1334237,"tx_fail":0,"tx_no_slot":146,"arb_lost":34,"bit_err":0,"form_err":0,"stuff_err":0,"ack_err":35295,"rx_frames":15554,"rx_overflow":0,"rx_own":0,"rx_messages":6106,"rx_not_for_us":0,"rx_unknown_alias":0,"rx_out_of_order":0,"rx_timeouts":0,"rx_malformed":0,"flood_sent":329820,"ss_sent":0,"ss_last_us":0,"ss_min_us":0,"ss_max_us":0,"ss_rx":441,"ss_rx_gaps":4294966709}
00:05:23 B {"t":"node","up_ms":447100,"node":29544,"epoch":40,"peers_alive":1,"peers_dead":0,"no_radio":1,"free_dram":326784,"largest_block":270336,"rx":{"total":6106,"bad_frame":0,"unknown_peer":1,"wrong_dst":0,"short_payload":0,"unknown_opcode":0,"queue_dropped":0},"tx":{"total":5784,"enqueue_err":146,"done_queue_dropped":0},"membership":{"deaths":1,"revivals":0,"reboots_seen":1,"table_full":0,"events_dropped":64}}
00:05:23 B {"t":"ns","node":29544,"hash":96177158,"owner":29544,"kind":"sampled","unit":0,"class":4,"bound_ms":5000,"quality":"GOOD","age_ms":257,"ts":446879,"updates":43,"value":0}
00:05:23 B {"t":"ns","node":29544,"hash":1162973580,"owner":29544,"kind":"sampled","unit":101,"class":4,"bound_ms":30000,"quality":"GOOD","age_ms":272,"ts":446879,"updates":43,"value":326784}
00:05:23 B {"t":"ns","node":29544,"hash":4013525678,"owner":29544,"kind":"sampled","unit":101,"class":4,"bound_ms":30000,"quality":"GOOD","age_ms":288,"ts":446879,"updates":43,"value":270336}
00:05:23 B {"t":"ns","node":29544,"hash":1303338069,"owner":29544,"kind":"sampled","unit":100,"class":4,"bound_ms":0,"quality":"GOOD","age_ms":303,"ts":446879,"updates":43,"value":40}
00:05:23 B {"t":"ns","node":29544,"hash":288706273,"owner":29544,"kind":"sampled","unit":80,"class":4,"bound_ms":30000,"quality":"GOOD","age_ms":318,"ts":446879,"updates":43,"value":446}
00:05:24 B {"t":"ns","node":29544,"hash":2548334194,"owner":29544,"kind":"sampled","unit":100,"class":4,"bound_ms":5000,"quality":"GOOD","age_ms":334,"ts":446879,"updates":43,"value":1}
00:05:24 B I (447944) pot.m0: SAFE_STATE #324 from 0x8160, reason 1
00:05:25 B I (448944) pot.m0: SAFE_STATE #325 from 0x8160, reason 1
00:05:26 B I (449944) pot.m0: SAFE_STATE #326 from 0x8160, reason 1
00:05:27 B I (450944) pot.m0: SAFE_STATE #327 from 0x8160, reason 1
00:05:28 B I (451944) pot.m0: SAFE_STATE #328 from 0x8160, reason 1
00:05:29 C {"t":"event","at_ms":320776,"node":33120,"kind":"peer_admitted","peer":29544,"slot":0,"a":0,"b":0}
00:05:29 C {"t":"event","at_ms":322776,"node":33120,"kind":"peer_admitted","peer":29544,"slot":0,"a":0,"b":0}
00:05:29 C {"t":"event","at_ms":324776,"node":33120,"kind":"peer_admitted","peer":29544,"slot":0,"a":0,"b":0}
00:05:29 C {"t":"event","at_ms":326776,"node":33120,"kind":"peer_admitted","peer":29544,"slot":0,"a":0,"b":0}
00:05:29 C {"t":"event","at_ms":328776,"node":33120,"kind":"peer_admitted","peer":29544,"slot":0,"a":0,"b":0}
00:05:29 C {"t":"link","up_ms":329267,"node":33120,"peer":29544,"mac":"02:ca:00:00:73:68","state":"alive","epoch":40,"espnow_ver":0,"mtu":226,"misses":0,"rssi":0,"tx":{"frames":788,"cb_ok":788,"cb_fail":0,"enqueue_err":0,"pdr_ppm":1000000},"rx":{"frames":4236,"lost_seqgap":14,"reorder_dup":0,"dropped_bad":0,"hb_lost":76,"bcast_frames":3283,"pdr_ppm":996705},"rtt":{"samples":327,"min_us":7739,"max_us":28944,"timeouts":0,"txq_last_us":5791,"txq_max_us":6445,"remote_turnaround_us":3710,"remote_turnaround_max_us":20904,"p50_us":[16000,22000],"p99_us":[22000,30000],"hist":[0,0,0,0,0,1,42,111,85,88,0,0,0,0,0,0]}}
00:05:29 C {"t":"can","node":33120,"up_ms":329319,"tx_frames":11641,"tx_ok":11641,"tx_fail":0,"tx_no_slot":0,"arb_lost":0,"bit_err":0,"form_err":0,"stuff_err":0,"ack_err":0,"rx_frames":1000145,"rx_overflow":206,"rx_own":0,"rx_messages":4236,"rx_not_for_us":988657,"rx_unknown_alias":0,"rx_out_of_order":0,"rx_timeouts":0,"rx_malformed":0,"flood_sent":0,"ss_sent":328,"ss_last_us":374,"ss_min_us":335,"ss_max_us":1056,"ss_rx":0,"ss_rx_gaps":0}
00:05:29 C {"t":"node","up_ms":329357,"node":33120,"epoch":23,"peers_alive":1,"peers_dead":0,"no_radio":1,"free_dram":326784,"largest_block":270336,"rx":{"total":4236,"bad_frame":0,"unknown_peer":1,"wrong_dst":0,"short_payload":0,"unknown_opcode":0,"queue_dropped":0},"tx":{"total":4558,"enqueue_err":0,"done_queue_dropped":0},"membership":{"deaths":0,"revivals":0,"reboots_seen":0,"table_full":0,"events_dropped":0}}
00:05:29 C {"t":"ns","node":33120,"hash":13581963,"owner":33120,"kind":"sampled","unit":100,"class":4,"bound_ms":5000,"quality":"GOOD","age_ms":158,"ts":329234,"updates":32,"value":1}
00:05:29 C {"t":"ns","node":33120,"hash":3142365229,"owner":33120,"kind":"sampled","unit":101,"class":4,"bound_ms":30000,"quality":"GOOD","age_ms":174,"ts":329234,"updates":32,"value":270336}
00:05:29 C {"t":"ns","node":33120,"hash":2347817554,"owner":33120,"kind":"sampled","unit":100,"class":4,"bound_ms":0,"quality":"GOOD","age_ms":189,"ts":329234,"updates":32,"value":23}
00:05:29 C {"t":"ns","node":33120,"hash":1170356950,"owner":33120,"kind":"sampled","unit":80,"class":4,"bound_ms":30000,"quality":"GOOD","age_ms":204,"ts":329234,"updates":32,"value":329}
00:05:29 C {"t":"ns","node":33120,"hash":3085599597,"owner":33120,"kind":"sampled","unit":0,"class":4,"bound_ms":5000,"quality":"GOOD","age_ms":220,"ts":329234,"updates":32,"value":0}
00:05:29 C {"t":"ns","node":33120,"hash":2486014333,"owner":33120,"kind":"sampled","unit":101,"class":4,"bound_ms":30000,"quality":"GOOD","age_ms":235,"ts":329234,"updates":32,"value":326784}
00:05:29 B I (452944) pot.m0: SAFE_STATE #329 from 0x8160, reason 1
00:05:30 B I (453944) pot.m0: SAFE_STATE #330 from 0x8160, reason 1
00:05:31 B I (454944) pot.m0: SAFE_STATE #331 from 0x8160, reason 1
00:05:32 B I (455944) pot.m0: SAFE_STATE #332 from 0x8160, reason 1
00:05:33 B I (456944) pot.m0: SAFE_STATE #333 from 0x8160, reason 1
00:05:33 B {"t":"event","at_ms":447691,"node":29544,"kind":"safe_state_rx","peer":33120,"slot":0,"a":324,"b":1}
00:05:33 B {"t":"event","at_ms":448592,"node":29544,"kind":"peer_admitted","peer":33120,"slot":0,"a":0,"b":0}
00:05:33 B {"t":"event","at_ms":448691,"node":29544,"kind":"safe_state_rx","peer":33120,"slot":0,"a":325,"b":1}
00:05:33 B {"t":"event","at_ms":449691,"node":29544,"kind":"safe_state_rx","peer":33120,"slot":0,"a":326,"b":1}
00:05:33 B {"t":"event","at_ms":450592,"node":29544,"kind":"peer_admitted","peer":33120,"slot":0,"a":0,"b":0}
00:05:33 B {"t":"event","at_ms":450691,"node":29544,"kind":"safe_state_rx","peer":33120,"slot":0,"a":327,"b":1}
00:05:33 B {"t":"event","at_ms":451691,"node":29544,"kind":"safe_state_rx","peer":33120,"slot":0,"a":328,"b":1}
00:05:33 B {"t":"event","at_ms":452592,"node":29544,"kind":"peer_admitted","peer":33120,"slot":0,"a":0,"b":0}
00:05:33 B {"t":"event","at_ms":452691,"node":29544,"kind":"safe_state_rx","peer":33120,"slot":0,"a":329,"b":1}
00:05:33 B {"t":"event","at_ms":453691,"node":29544,"kind":"safe_state_rx","peer":33120,"slot":0,"a":330,"b":1}
00:05:33 B {"t":"event","at_ms":454592,"node":29544,"kind":"peer_admitted","peer":33120,"slot":0,"a":0,"b":0}
00:05:33 B {"t":"event","at_ms":454691,"node":29544,"kind":"safe_state_rx","peer":33120,"slot":0,"a":331,"b":1}
00:05:33 B {"t":"event","at_ms":455691,"node":29544,"kind":"safe_state_rx","peer":33120,"slot":0,"a":332,"b":1}
00:05:33 B {"t":"event","at_ms":456592,"node":29544,"kind":"peer_admitted","peer":33120,"slot":0,"a":0,"b":0}
00:05:33 B {"t":"event","at_ms":456691,"node":29544,"kind":"safe_state_rx","peer":33120,"slot":0,"a":333,"b":1}
00:05:33 B {"t":"link","up_ms":457349,"node":29544,"peer":33120,"mac":"02:ca:00:00:81:60","state":"alive","epoch":23,"espnow_ver":0,"mtu":226,"misses":0,"rssi":0,"tx":{"frames":1131,"cb_ok":1117,"cb_fail":0,"enqueue_err":14,"pdr_ppm":1000000},"rx":{"frames":6249,"lost_seqgap":5,"reorder_dup":0,"dropped_bad":0,"hb_lost":49,"bcast_frames":4508,"pdr_ppm":999200},"rtt":{"samples":440,"min_us":9085,"max_us":38857,"timeouts":1,"txq_last_us":3819,"txq_max_us":6121,"remote_turnaround_us":9406,"remote_turnaround_max_us":27665,"p50_us":[16000,22000],"p99_us":[22000,30000],"hist":[0,0,0,0,0,0,3,206,146,82,3,0,0,0,0,0]}}
00:05:33 B {"t":"can","node":29544,"up_ms":457402,"tx_frames":1366805,"tx_ok":1366804,"tx_fail":0,"tx_no_slot":146,"arb_lost":37,"bit_err":0,"form_err":0,"stuff_err":0,"ack_err":35295,"rx_frames":15918,"rx_overflow":0,"rx_own":0,"rx_messages":6250,"rx_not_for_us":0,"rx_unknown_alias":0,"rx_out_of_order":0,"rx_timeouts":0,"rx_malformed":0,"flood_sent":337882,"ss_sent":0,"ss_last_us":0,"ss_min_us":0,"ss_max_us":0,"ss_rx":451,"ss_rx_gaps":4294966709}
00:05:33 B {"t":"node","up_ms":457440,"node":29544,"epoch":40,"peers_alive":1,"peers_dead":0,"no_radio":1,"free_dram":326784,"largest_block":270336,"rx":{"total":6250,"bad_frame":0,"unknown_peer":1,"wrong_dst":0,"short_payload":0,"unknown_opcode":0,"queue_dropped":0},"tx":{"total":5917,"enqueue_err":146,"done_queue_dropped":0},"membership":{"deaths":1,"revivals":0,"reboots_seen":1,"table_full":0,"events_dropped":64}}
00:05:33 B {"t":"ns","node":29544,"hash":96177158,"owner":29544,"kind":"sampled","unit":0,"class":4,"bound_ms":5000,"quality":"GOOD","age_ms":248,"ts":457228,"updates":44,"value":0}
00:05:33 B {"t":"ns","node":29544,"hash":1162973580,"owner":29544,"kind":"sampled","unit":101,"class":4,"bound_ms":30000,"quality":"GOOD","age_ms":263,"ts":457228,"updates":44,"value":326784}
00:05:33 B {"t":"ns","node":29544,"hash":4013525678,"owner":29544,"kind":"sampled","unit":101,"class":4,"bound_ms":30000,"quality":"GOOD","age_ms":279,"ts":457228,"updates":44,"value":270336}
00:05:33 B {"t":"ns","node":29544,"hash":1303338069,"owner":29544,"kind":"sampled","unit":100,"class":4,"bound_ms":0,"quality":"GOOD","age_ms":295,"ts":457228,"updates":44,"value":40}
00:05:33 B {"t":"ns","node":29544,"hash":288706273,"owner":29544,"kind":"sampled","unit":80,"class":4,"bound_ms":30000,"quality":"GOOD","age_ms":310,"ts":457228,"updates":44,"value":457}
00:05:33 B {"t":"ns","node":29544,"hash":2548334194,"owner":29544,"kind":"sampled","unit":100,"class":4,"bound_ms":5000,"quality":"GOOD","age_ms":325,"ts":457228,"updates":44,"value":1}
00:05:34 B I (457943) pot.m0: SAFE_STATE #334 from 0x8160, reason 1
00:05:35 B I (458935) pot.m0: SAFE_STATE #335 from 0x8160, reason 1
00:05:36 B I (459935) pot.m0: SAFE_STATE #336 from 0x8160, reason 1
00:05:37 B I (460936) pot.m0: SAFE_STATE #337 from 0x8160, reason 1
00:05:38 B I (461936) pot.m0: SAFE_STATE #338 from 0x8160, reason 1
00:05:39 B I (462937) pot.m0: SAFE_STATE #339 from 0x8160, reason 1
00:05:39 C {"t":"event","at_ms":330777,"node":33120,"kind":"peer_admitted","peer":29544,"slot":0,"a":0,"b":0}
00:05:39 C {"t":"event","at_ms":332777,"node":33120,"kind":"peer_admitted","peer":29544,"slot":0,"a":0,"b":0}
00:05:39 C {"t":"event","at_ms":334777,"node":33120,"kind":"peer_admitted","peer":29544,"slot":0,"a":0,"b":0}
00:05:39 C {"t":"event","at_ms":336777,"node":33120,"kind":"peer_admitted","peer":29544,"slot":0,"a":0,"b":0}
00:05:39 C {"t":"event","at_ms":338777,"node":33120,"kind":"peer_admitted","peer":29544,"slot":0,"a":0,"b":0}
00:05:39 C {"t":"link","up_ms":339518,"node":33120,"peer":29544,"mac":"02:ca:00:00:73:68","state":"alive","epoch":40,"espnow_ver":0,"mtu":226,"misses":0,"rssi":0,"tx":{"frames":813,"cb_ok":813,"cb_fail":0,"enqueue_err":0,"pdr_ppm":1000000},"rx":{"frames":4368,"lost_seqgap":14,"reorder_dup":0,"dropped_bad":0,"hb_lost":76,"bcast_frames":3385,"pdr_ppm":996805},"rtt":{"samples":337,"min_us":7739,"max_us":28944,"timeouts":0,"txq_last_us":4775,"txq_max_us":6445,"remote_turnaround_us":5570,"remote_turnaround_max_us":20904,"p50_us":[16000,22000],"p99_us":[22000,30000],"hist":[0,0,0,0,0,1,42,121,85,88,0,0,0,0,0,0]}}
00:05:39 C {"t":"can","node":33120,"up_ms":339570,"tx_frames":12003,"tx_ok":12003,"tx_fail":0,"tx_no_slot":0,"arb_lost":0,"bit_err":0,"form_err":0,"stuff_err":0,"ack_err":0,"rx_frames":1031713,"rx_overflow":208,"rx_own":0,"rx_messages":4369,"rx_not_for_us":1019851,"rx_unknown_alias":0,"rx_out_of_order":0,"rx_timeouts":0,"rx_malformed":0,"flood_sent":0,"ss_sent":338,"ss_last_us":372,"ss_min_us":335,"ss_max_us":1056,"ss_rx":0,"ss_rx_gaps":0}
00:05:39 C {"t":"node","up_ms":339608,"node":33120,"epoch":23,"peers_alive":1,"peers_dead":0,"no_radio":1,"free_dram":326784,"largest_block":270336,"rx":{"total":4369,"bad_frame":0,"unknown_peer":1,"wrong_dst":0,"short_payload":0,"unknown_opcode":0,"queue_dropped":0},"tx":{"total":4700,"enqueue_err":0,"done_queue_dropped":0},"membership":{"deaths":0,"revivals":0,"reboots_seen":0,"table_full":0,"events_dropped":0}}
00:05:39 C {"t":"ns","node":33120,"hash":13581963,"owner":33120,"kind":"sampled","unit":100,"class":4,"bound_ms":5000,"quality":"GOOD","age_ms":158,"ts":339485,"updates":33,"value":1}
00:05:39 C {"t":"ns","node":33120,"hash":3142365229,"owner":33120,"kind":"sampled","unit":101,"class":4,"bound_ms":30000,"quality":"GOOD","age_ms":173,"ts":339485,"updates":33,"value":270336}
00:05:39 C {"t":"ns","node":33120,"hash":2347817554,"owner":33120,"kind":"sampled","unit":100,"class":4,"bound_ms":0,"quality":"GOOD","age_ms":189,"ts":339485,"updates":33,"value":23}
00:05:39 C {"t":"ns","node":33120,"hash":1170356950,"owner":33120,"kind":"sampled","unit":80,"class":4,"bound_ms":30000,"quality":"GOOD","age_ms":204,"ts":339485,"updates":33,"value":339}
00:05:39 C {"t":"ns","node":33120,"hash":3085599597,"owner":33120,"kind":"sampled","unit":0,"class":4,"bound_ms":5000,"quality":"GOOD","age_ms":220,"ts":339485,"updates":33,"value":0}
00:05:39 C {"t":"ns","node":33120,"hash":2486014333,"owner":33120,"kind":"sampled","unit":101,"class":4,"bound_ms":30000,"quality":"GOOD","age_ms":235,"ts":339485,"updates":33,"value":326784}
00:05:40 B I (463937) pot.m0: SAFE_STATE #340 from 0x8160, reason 1
00:05:41 B I (464938) pot.m0: SAFE_STATE #341 from 0x8160, reason 1
00:05:42 B I (465938) pot.m0: SAFE_STATE #342 from 0x8160, reason 1
00:05:43 B I (466939) pot.m0: SAFE_STATE #343 from 0x8160, reason 1
00:05:43 B {"t":"event","at_ms":457690,"node":29544,"kind":"safe_state_rx","peer":33120,"slot":0,"a":334,"b":1}
00:05:43 B {"t":"event","at_ms":458591,"node":29544,"kind":"peer_admitted","peer":33120,"slot":0,"a":0,"b":0}
00:05:43 B {"t":"event","at_ms":458682,"node":29544,"kind":"safe_state_rx","peer":33120,"slot":0,"a":335,"b":1}
00:05:43 B {"t":"event","at_ms":459682,"node":29544,"kind":"safe_state_rx","peer":33120,"slot":0,"a":336,"b":1}
00:05:43 B {"t":"event","at_ms":460592,"node":29544,"kind":"peer_admitted","peer":33120,"slot":0,"a":0,"b":0}
00:05:43 B {"t":"event","at_ms":460683,"node":29544,"kind":"safe_state_rx","peer":33120,"slot":0,"a":337,"b":1}
00:05:43 B {"t":"event","at_ms":461683,"node":29544,"kind":"safe_state_rx","peer":33120,"slot":0,"a":338,"b":1}
00:05:43 B {"t":"event","at_ms":462593,"node":29544,"kind":"peer_admitted","peer":33120,"slot":0,"a":0,"b":0}
00:05:43 B {"t":"event","at_ms":462684,"node":29544,"kind":"safe_state_rx","peer":33120,"slot":0,"a":339,"b":1}
00:05:43 B {"t":"event","at_ms":463684,"node":29544,"kind":"safe_state_rx","peer":33120,"slot":0,"a":340,"b":1}
00:05:43 B {"t":"event","at_ms":464594,"node":29544,"kind":"peer_admitted","peer":33120,"slot":0,"a":0,"b":0}
00:05:43 B {"t":"event","at_ms":464685,"node":29544,"kind":"safe_state_rx","peer":33120,"slot":0,"a":341,"b":1}
00:05:43 B {"t":"event","at_ms":465685,"node":29544,"kind":"safe_state_rx","peer":33120,"slot":0,"a":342,"b":1}
00:05:43 B {"t":"event","at_ms":466595,"node":29544,"kind":"peer_admitted","peer":33120,"slot":0,"a":0,"b":0}
00:05:43 B {"t":"event","at_ms":466686,"node":29544,"kind":"safe_state_rx","peer":33120,"slot":0,"a":343,"b":1}
00:05:43 B I (467939) pot.m0: SAFE_STATE #344 from 0x8160, reason 1
00:05:43 B {"t":"event","at_ms":467686,"node":29544,"kind":"safe_state_rx","peer":33120,"slot":0,"a":344,"b":1}
00:05:43 B {"t":"link","up_ms":467704,"node":29544,"peer":33120,"mac":"02:ca:00:00:81:60","state":"alive","epoch":23,"espnow_ver":0,"mtu":226,"misses":0,"rssi":0,"tx":{"frames":1157,"cb_ok":1143,"cb_fail":0,"enqueue_err":14,"pdr_ppm":1000000},"rx":{"frames":6395,"lost_seqgap":5,"reorder_dup":0,"dropped_bad":0,"hb_lost":49,"bcast_frames":4612,"pdr_ppm":999218},"rtt":{"samples":450,"min_us":9085,"max_us":38857,"timeouts":1,"txq_last_us":3255,"txq_max_us":6121,"remote_turnaround_us":10291,"remote_turnaround_max_us":27665,"p50_us":[16000,22000],"p99_us":[22000,30000],"hist":[0,0,0,0,0,0,3,206,156,82,3,0,0,0,0,0]}}
00:05:43 B {"t":"can","node":29544,"up_ms":467757,"tx_frames":1398147,"tx_ok":1398146,"tx_fail":0,"tx_no_slot":146,"arb_lost":38,"bit_err":0,"form_err":0,"stuff_err":0,"ack_err":35295,"rx_frames":16296,"rx_overflow":0,"rx_own":0,"rx_messages":6396,"rx_not_for_us":0,"rx_unknown_alias":0,"rx_out_of_order":0,"rx_timeouts":0,"rx_malformed":0,"flood_sent":345622,"ss_sent":0,"ss_last_us":0,"ss_min_us":0,"ss_max_us":0,"ss_rx":462,"ss_rx_gaps":4294966709}
00:05:43 B {"t":"node","up_ms":467795,"node":29544,"epoch":40,"peers_alive":1,"peers_dead":0,"no_radio":1,"free_dram":326784,"largest_block":270336,"rx":{"total":6396,"bad_frame":0,"unknown_peer":1,"wrong_dst":0,"short_payload":0,"unknown_opcode":0,"queue_dropped":0},"tx":{"total":6054,"enqueue_err":146,"done_queue_dropped":0},"membership":{"deaths":1,"revivals":0,"reboots_seen":1,"table_full":0,"events_dropped":64}}
00:05:43 B {"t":"ns","node":29544,"hash":96177158,"owner":29544,"kind":"sampled","unit":0,"class":4,"bound_ms":5000,"quality":"GOOD","age_ms":262,"ts":467569,"updates":45,"value":0}
00:05:43 B {"t":"ns","node":29544,"hash":1162973580,"owner":29544,"kind":"sampled","unit":101,"class":4,"bound_ms":30000,"quality":"GOOD","age_ms":277,"ts":467569,"updates":45,"value":326784}
00:05:43 B {"t":"ns","node":29544,"hash":4013525678,"owner":29544,"kind":"sampled","unit":101,"class":4,"bound_ms":30000,"quality":"GOOD","age_ms":293,"ts":467569,"updates":45,"value":270336}
00:05:43 B {"t":"ns","node":29544,"hash":1303338069,"owner":29544,"kind":"sampled","unit":100,"class":4,"bound_ms":0,"quality":"GOOD","age_ms":309,"ts":467569,"updates":45,"value":40}
00:05:43 B {"t":"ns","node":29544,"hash":288706273,"owner":29544,"kind":"sampled","unit":80,"class":4,"bound_ms":30000,"quality":"GOOD","age_ms":324,"ts":467569,"updates":45,"value":467}
00:05:44 B {"t":"ns","node":29544,"hash":2548334194,"owner":29544,"kind":"sampled","unit":100,"class":4,"bound_ms":5000,"quality":"GOOD","age_ms":339,"ts":467569,"updates":45,"value":1}
00:05:45 B I (468940) pot.m0: SAFE_STATE #345 from 0x8160, reason 1
00:05:46 B I (469940) pot.m0: SAFE_STATE #346 from 0x8160, reason 1
00:05:47 B I (470940) pot.m0: SAFE_STATE #347 from 0x8160, reason 1
00:05:48 B I (471940) pot.m0: SAFE_STATE #348 from 0x8160, reason 1
00:05:49 B I (472940) pot.m0: SAFE_STATE #349 from 0x8160, reason 1
00:05:49 C {"t":"event","at_ms":340778,"node":33120,"kind":"peer_admitted","peer":29544,"slot":0,"a":0,"b":0}
00:05:49 C {"t":"event","at_ms":342778,"node":33120,"kind":"peer_admitted","peer":29544,"slot":0,"a":0,"b":0}
00:05:49 C {"t":"event","at_ms":344778,"node":33120,"kind":"peer_admitted","peer":29544,"slot":0,"a":0,"b":0}
00:05:49 C {"t":"event","at_ms":346778,"node":33120,"kind":"peer_admitted","peer":29544,"slot":0,"a":0,"b":0}
00:05:49 C {"t":"event","at_ms":348778,"node":33120,"kind":"peer_admitted","peer":29544,"slot":0,"a":0,"b":0}
00:05:49 C {"t":"link","up_ms":349769,"node":33120,"peer":29544,"mac":"02:ca:00:00:73:68","state":"alive","epoch":40,"espnow_ver":0,"mtu":226,"misses":0,"rssi":0,"tx":{"frames":839,"cb_ok":839,"cb_fail":0,"enqueue_err":0,"pdr_ppm":1000000},"rx":{"frames":4503,"lost_seqgap":14,"reorder_dup":0,"dropped_bad":0,"hb_lost":76,"bcast_frames":3488,"pdr_ppm":996900},"rtt":{"samples":348,"min_us":7739,"max_us":28944,"timeouts":0,"txq_last_us":5463,"txq_max_us":6445,"remote_turnaround_us":58,"remote_turnaround_max_us":20904,"p50_us":[16000,22000],"p99_us":[22000,30000],"hist":[0,0,0,0,0,1,45,124,90,88,0,0,0,0,0,0]}}
00:05:49 C {"t":"can","node":33120,"up_ms":349821,"tx_frames":12393,"tx_ok":12393,"tx_fail":0,"tx_no_slot":0,"arb_lost":0,"bit_err":0,"form_err":0,"stuff_err":0,"ack_err":0,"rx_frames":1063318,"rx_overflow":208,"rx_own":0,"rx_messages":4504,"rx_not_for_us":1051093,"rx_unknown_alias":0,"rx_out_of_order":0,"rx_timeouts":0,"rx_malformed":0,"flood_sent":0,"ss_sent":349,"ss_last_us":481,"ss_min_us":335,"ss_max_us":1056,"ss_rx":0,"ss_rx_gaps":0}
00:05:49 C {"t":"node","up_ms":349859,"node":33120,"epoch":23,"peers_alive":1,"peers_dead":0,"no_radio":1,"free_dram":326784,"largest_block":270336,"rx":{"total":4504,"bad_frame":0,"unknown_peer":1,"wrong_dst":0,"short_payload":0,"unknown_opcode":0,"queue_dropped":0},"tx":{"total":4847,"enqueue_err":0,"done_queue_dropped":0},"membership":{"deaths":0,"revivals":0,"reboots_seen":0,"table_full":0,"events_dropped":0}}
00:05:49 C {"t":"ns","node":33120,"hash":13581963,"owner":33120,"kind":"sampled","unit":100,"class":4,"bound_ms":5000,"quality":"GOOD","age_ms":158,"ts":349736,"updates":34,"value":1}
00:05:49 C {"t":"ns","node":33120,"hash":3142365229,"owner":33120,"kind":"sampled","unit":101,"class":4,"bound_ms":30000,"quality":"GOOD","age_ms":173,"ts":349736,"updates":34,"value":270336}
00:05:49 C {"t":"ns","node":33120,"hash":2347817554,"owner":33120,"kind":"sampled","unit":100,"class":4,"bound_ms":0,"quality":"GOOD","age_ms":189,"ts":349736,"updates":34,"value":23}
00:05:49 C {"t":"ns","node":33120,"hash":1170356950,"owner":33120,"kind":"sampled","unit":80,"class":4,"bound_ms":30000,"quality":"GOOD","age_ms":204,"ts":349736,"updates":34,"value":349}
00:05:49 C {"t":"ns","node":33120,"hash":3085599597,"owner":33120,"kind":"sampled","unit":0,"class":4,"bound_ms":5000,"quality":"GOOD","age_ms":220,"ts":349736,"updates":34,"value":0}
00:05:49 C {"t":"ns","node":33120,"hash":2486014333,"owner":33120,"kind":"sampled","unit":101,"class":4,"bound_ms":30000,"quality":"GOOD","age_ms":235,"ts":349736,"updates":34,"value":326784}
00:05:50 B I (473940) pot.m0: SAFE_STATE #350 from 0x8160, reason 1
00:05:51 B I (474940) pot.m0: SAFE_STATE #351 from 0x8160, reason 1
00:05:52 B I (475940) pot.m0: SAFE_STATE #352 from 0x8160, reason 1
00:05:53 B I (476940) pot.m0: SAFE_STATE #353 from 0x8160, reason 1
00:05:54 B I (477940) pot.m0: SAFE_STATE #354 from 0x8160, reason 1
00:05:54 B {"t":"event","at_ms":468596,"node":29544,"kind":"peer_admitted","peer":33120,"slot":0,"a":0,"b":0}
00:05:54 B {"t":"event","at_ms":468687,"node":29544,"kind":"safe_state_rx","peer":33120,"slot":0,"a":345,"b":1}
00:05:54 B {"t":"event","at_ms":469687,"node":29544,"kind":"safe_state_rx","peer":33120,"slot":0,"a":346,"b":1}
00:05:54 B {"t":"event","at_ms":470596,"node":29544,"kind":"peer_admitted","peer":33120,"slot":0,"a":0,"b":0}
00:05:54 B {"t":"event","at_ms":470687,"node":29544,"kind":"safe_state_rx","peer":33120,"slot":0,"a":347,"b":1}
00:05:54 B {"t":"event","at_ms":471687,"node":29544,"kind":"safe_state_rx","peer":33120,"slot":0,"a":348,"b":1}
00:05:54 B {"t":"event","at_ms":472596,"node":29544,"kind":"peer_admitted","peer":33120,"slot":0,"a":0,"b":0}
00:05:54 B {"t":"event","at_ms":472687,"node":29544,"kind":"safe_state_rx","peer":33120,"slot":0,"a":349,"b":1}
00:05:54 B {"t":"event","at_ms":473687,"node":29544,"kind":"safe_state_rx","peer":33120,"slot":0,"a":350,"b":1}
00:05:54 B {"t":"event","at_ms":474596,"node":29544,"kind":"peer_admitted","peer":33120,"slot":0,"a":0,"b":0}
00:05:54 B {"t":"event","at_ms":474687,"node":29544,"kind":"safe_state_rx","peer":33120,"slot":0,"a":351,"b":1}
00:05:54 B {"t":"event","at_ms":475687,"node":29544,"kind":"safe_state_rx","peer":33120,"slot":0,"a":352,"b":1}
00:05:54 B {"t":"event","at_ms":476596,"node":29544,"kind":"peer_admitted","peer":33120,"slot":0,"a":0,"b":0}
00:05:54 B {"t":"event","at_ms":476687,"node":29544,"kind":"safe_state_rx","peer":33120,"slot":0,"a":353,"b":1}
00:05:54 B {"t":"event","at_ms":477687,"node":29544,"kind":"safe_state_rx","peer":33120,"slot":0,"a":354,"b":1}
00:05:54 B {"t":"link","up_ms":478045,"node":29544,"peer":33120,"mac":"02:ca:00:00:81:60","state":"alive","epoch":23,"espnow_ver":0,"mtu":226,"misses":0,"rssi":0,"tx":{"frames":1183,"cb_ok":1169,"cb_fail":0,"enqueue_err":14,"pdr_ppm":1000000},"rx":{"frames":6540,"lost_seqgap":5,"reorder_dup":0,"dropped_bad":0,"hb_lost":49,"bcast_frames":4715,"pdr_ppm":999236},"rtt":{"samples":461,"min_us":9085,"max_us":38857,"timeouts":1,"txq_last_us":3938,"txq_max_us":6121,"remote_turnaround_us":10721,"remote_turnaround_max_us":27665,"p50_us":[16000,22000],"p99_us":[22000,30000],"hist":[0,0,0,0,0,0,3,206,167,82,3,0,0,0,0,0]}}
00:05:54 B {"t":"can","node":29544,"up_ms":478098,"tx_frames":1430438,"tx_ok":1430437,"tx_fail":0,"tx_no_slot":146,"arb_lost":38,"bit_err":0,"form_err":0,"stuff_err":0,"ack_err":35295,"rx_frames":16670,"rx_overflow":0,"rx_own":0,"rx_messages":6541,"rx_not_for_us":0,"rx_unknown_alias":0,"rx_out_of_order":0,"rx_timeouts":0,"rx_malformed":0,"flood_sent":353607,"ss_sent":0,"ss_last_us":0,"ss_min_us":0,"ss_max_us":0,"ss_rx":472,"ss_rx_gaps":4294966709}
00:05:54 B {"t":"node","up_ms":478136,"node":29544,"epoch":40,"peers_alive":1,"peers_dead":0,"no_radio":1,"free_dram":326784,"largest_block":270336,"rx":{"total":6541,"bad_frame":0,"unknown_peer":1,"wrong_dst":0,"short_payload":0,"unknown_opcode":0,"queue_dropped":0},"tx":{"total":6187,"enqueue_err":146,"done_queue_dropped":0},"membership":{"deaths":1,"revivals":0,"reboots_seen":1,"table_full":0,"events_dropped":64}}
00:05:54 B {"t":"ns","node":29544,"hash":96177158,"owner":29544,"kind":"sampled","unit":0,"class":4,"bound_ms":5000,"quality":"GOOD","age_ms":248,"ts":477924,"updates":46,"value":0}
00:05:54 B {"t":"ns","node":29544,"hash":1162973580,"owner":29544,"kind":"sampled","unit":101,"class":4,"bound_ms":30000,"quality":"GOOD","age_ms":263,"ts":477924,"updates":46,"value":326784}
00:05:54 B {"t":"ns","node":29544,"hash":4013525678,"owner":29544,"kind":"sampled","unit":101,"class":4,"bound_ms":30000,"quality":"GOOD","age_ms":279,"ts":477924,"updates":46,"value":270336}
00:05:54 B {"t":"ns","node":29544,"hash":1303338069,"owner":29544,"kind":"sampled","unit":100,"class":4,"bound_ms":0,"quality":"GOOD","age_ms":295,"ts":477924,"updates":46,"value":40}
00:05:54 B {"t":"ns","node":29544,"hash":288706273,"owner":29544,"kind":"sampled","unit":80,"class":4,"bound_ms":30000,"quality":"GOOD","age_ms":310,"ts":477924,"updates":46,"value":477}
00:05:55 B {"t":"ns","node":29544,"hash":2548334194,"owner":29544,"kind":"sampled","unit":100,"class":4,"bound_ms":5000,"quality":"GOOD","age_ms":325,"ts":477924,"updates":46,"value":1}
00:05:55 B I (478940) pot.m0: SAFE_STATE #355 from 0x8160, reason 1
00:05:56 B I (479940) pot.m0: SAFE_STATE #356 from 0x8160, reason 1
00:05:57 B I (480940) pot.m0: SAFE_STATE #357 from 0x8160, reason 1
00:05:58 B I (481940) pot.m0: SAFE_STATE #358 from 0x8160, reason 1
00:05:59 B I (482940) pot.m0: SAFE_STATE #359 from 0x8160, reason 1
00:05:59 C {"t":"event","at_ms":350779,"node":33120,"kind":"peer_admitted","peer":29544,"slot":0,"a":0,"b":0}
00:05:59 C {"t":"event","at_ms":352779,"node":33120,"kind":"peer_admitted","peer":29544,"slot":0,"a":0,"b":0}
00:05:59 C {"t":"event","at_ms":354779,"node":33120,"kind":"peer_admitted","peer":29544,"slot":0,"a":0,"b":0}
00:05:59 C {"t":"event","at_ms":356779,"node":33120,"kind":"peer_admitted","peer":29544,"slot":0,"a":0,"b":0}
00:05:59 C {"t":"event","at_ms":358779,"node":33120,"kind":"peer_admitted","peer":29544,"slot":0,"a":0,"b":0}
00:05:59 C {"t":"link","up_ms":360020,"node":33120,"peer":29544,"mac":"02:ca:00:00:73:68","state":"alive","epoch":40,"espnow_ver":0,"mtu":226,"misses":0,"rssi":0,"tx":{"frames":865,"cb_ok":865,"cb_fail":0,"enqueue_err":0,"pdr_ppm":1000000},"rx":{"frames":4636,"lost_seqgap":14,"reorder_dup":0,"dropped_bad":0,"hb_lost":76,"bcast_frames":3590,"pdr_ppm":996989},"rtt":{"samples":358,"min_us":7739,"max_us":28944,"timeouts":0,"txq_last_us":5543,"txq_max_us":6445,"remote_turnaround_us":8842,"remote_turnaround_max_us":20904,"p50_us":[16000,22000],"p99_us":[22000,30000],"hist":[0,0,0,0,0,1,49,124,96,88,0,0,0,0,0,0]}}
00:05:59 C {"t":"can","node":33120,"up_ms":360072,"tx_frames":12755,"tx_ok":12755,"tx_fail":0,"tx_no_slot":0,"arb_lost":0,"bit_err":0,"form_err":0,"stuff_err":0,"ack_err":0,"rx_frames":1095321,"rx_overflow":217,"rx_own":0,"rx_messages":4637,"rx_not_for_us":1082721,"rx_unknown_alias":0,"rx_out_of_order":0,"rx_timeouts":0,"rx_malformed":0,"flood_sent":0,"ss_sent":359,"ss_last_us":524,"ss_min_us":335,"ss_max_us":1056,"ss_rx":0,"ss_rx_gaps":0}
00:05:59 C {"t":"node","up_ms":360110,"node":33120,"epoch":23,"peers_alive":1,"peers_dead":0,"no_radio":1,"free_dram":326784,"largest_block":270336,"rx":{"total":4637,"bad_frame":0,"unknown_peer":1,"wrong_dst":0,"short_payload":0,"unknown_opcode":0,"queue_dropped":0},"tx":{"total":4989,"enqueue_err":0,"done_queue_dropped":0},"membership":{"deaths":0,"revivals":0,"reboots_seen":0,"table_full":0,"events_dropped":0}}
00:05:59 C {"t":"ns","node":33120,"hash":13581963,"owner":33120,"kind":"sampled","unit":100,"class":4,"bound_ms":5000,"quality":"GOOD","age_ms":158,"ts":359987,"updates":35,"value":1}
00:05:59 C {"t":"ns","node":33120,"hash":3142365229,"owner":33120,"kind":"sampled","unit":101,"class":4,"bound_ms":30000,"quality":"GOOD","age_ms":173,"ts":359987,"updates":35,"value":270336}
00:05:59 C {"t":"ns","node":33120,"hash":2347817554,"owner":33120,"kind":"sampled","unit":100,"class":4,"bound_ms":0,"quality":"GOOD","age_ms":189,"ts":359987,"updates":35,"value":23}
00:05:59 C {"t":"ns","node":33120,"hash":1170356950,"owner":33120,"kind":"sampled","unit":80,"class":4,"bound_ms":30000,"quality":"GOOD","age_ms":204,"ts":359987,"updates":35,"value":359}
00:05:59 C {"t":"ns","node":33120,"hash":3085599597,"owner":33120,"kind":"sampled","unit":0,"class":4,"bound_ms":5000,"quality":"GOOD","age_ms":220,"ts":359987,"updates":35,"value":0}
00:05:59 C {"t":"ns","node":33120,"hash":2486014333,"owner":33120,"kind":"sampled","unit":101,"class":4,"bound_ms":30000,"quality":"GOOD","age_ms":235,"ts":359987,"updates":35,"value":326784}
00:06:00 B I (483940) pot.m0: SAFE_STATE #360 from 0x8160, reason 1
00:06:01 B I (484940) pot.m0: SAFE_STATE #361 from 0x8160, reason 1
00:06:02 B I (485940) pot.m0: SAFE_STATE #362 from 0x8160, reason 1
00:06:03 B I (486940) pot.m0: SAFE_STATE #363 from 0x8160, reason 1
00:06:04 B I (487940) pot.m0: SAFE_STATE #364 from 0x8160, reason 1
00:06:04 B {"t":"event","at_ms":478596,"node":29544,"kind":"peer_admitted","peer":33120,"slot":0,"a":0,"b":0}
00:06:04 B {"t":"event","at_ms":478687,"node":29544,"kind":"safe_state_rx","peer":33120,"slot":0,"a":355,"b":1}
00:06:04 B {"t":"event","at_ms":479687,"node":29544,"kind":"safe_state_rx","peer":33120,"slot":0,"a":356,"b":1}
00:06:04 B {"t":"event","at_ms":480596,"node":29544,"kind":"peer_admitted","peer":33120,"slot":0,"a":0,"b":0}
00:06:04 B {"t":"event","at_ms":480687,"node":29544,"kind":"safe_state_rx","peer":33120,"slot":0,"a":357,"b":1}
00:06:04 B {"t":"event","at_ms":481687,"node":29544,"kind":"safe_state_rx","peer":33120,"slot":0,"a":358,"b":1}
00:06:04 B {"t":"event","at_ms":482596,"node":29544,"kind":"peer_admitted","peer":33120,"slot":0,"a":0,"b":0}
00:06:04 B {"t":"event","at_ms":482687,"node":29544,"kind":"safe_state_rx","peer":33120,"slot":0,"a":359,"b":1}
00:06:04 B {"t":"event","at_ms":483687,"node":29544,"kind":"safe_state_rx","peer":33120,"slot":0,"a":360,"b":1}
00:06:04 B {"t":"event","at_ms":484596,"node":29544,"kind":"peer_admitted","peer":33120,"slot":0,"a":0,"b":0}
00:06:04 B {"t":"event","at_ms":484687,"node":29544,"kind":"safe_state_rx","peer":33120,"slot":0,"a":361,"b":1}
00:06:04 B {"t":"event","at_ms":485687,"node":29544,"kind":"safe_state_rx","peer":33120,"slot":0,"a":362,"b":1}
00:06:04 B {"t":"event","at_ms":486596,"node":29544,"kind":"peer_admitted","peer":33120,"slot":0,"a":0,"b":0}
00:06:04 B {"t":"event","at_ms":486687,"node":29544,"kind":"safe_state_rx","peer":33120,"slot":0,"a":363,"b":1}
00:06:04 B {"t":"event","at_ms":487687,"node":29544,"kind":"safe_state_rx","peer":33120,"slot":0,"a":364,"b":1}
00:06:04 B {"t":"link","up_ms":488386,"node":29544,"peer":33120,"mac":"02:ca:00:00:81:60","state":"alive","epoch":23,"espnow_ver":0,"mtu":226,"misses":0,"rssi":0,"tx":{"frames":1208,"cb_ok":1194,"cb_fail":0,"enqueue_err":14,"pdr_ppm":1000000},"rx":{"frames":6683,"lost_seqgap":5,"reorder_dup":0,"dropped_bad":0,"hb_lost":49,"bcast_frames":4818,"pdr_ppm":999252},"rtt":{"samples":471,"min_us":9085,"max_us":38857,"timeouts":1,"txq_last_us":3966,"txq_max_us":6121,"remote_turnaround_us":11654,"remote_turnaround_max_us":27665,"p50_us":[16000,22000],"p99_us":[22000,30000],"hist":[0,0,0,0,0,0,3,206,177,82,3,0,0,0,0,0]}}
00:06:04 B {"t":"can","node":29544,"up_ms":488439,"tx_frames":1462724,"tx_ok":1462723,"tx_fail":0,"tx_no_slot":146,"arb_lost":38,"bit_err":0,"form_err":0,"stuff_err":0,"ack_err":35295,"rx_frames":17033,"rx_overflow":0,"rx_own":0,"rx_messages":6684,"rx_not_for_us":0,"rx_unknown_alias":0,"rx_out_of_order":0,"rx_timeouts":0,"rx_malformed":0,"flood_sent":361587,"ss_sent":0,"ss_last_us":0,"ss_min_us":0,"ss_max_us":0,"ss_rx":482,"ss_rx_gaps":4294966709}
00:06:04 B {"t":"node","up_ms":488477,"node":29544,"epoch":40,"peers_alive":1,"peers_dead":0,"no_radio":1,"free_dram":326784,"largest_block":270336,"rx":{"total":6684,"bad_frame":0,"unknown_peer":1,"wrong_dst":0,"short_payload":0,"unknown_opcode":0,"queue_dropped":0},"tx":{"total":6321,"enqueue_err":146,"done_queue_dropped":0},"membership":{"deaths":1,"revivals":0,"reboots_seen":1,"table_full":0,"events_dropped":64}}
00:06:04 B {"t":"ns","node":29544,"hash":96177158,"owner":29544,"kind":"sampled","unit":0,"class":4,"bound_ms":5000,"quality":"GOOD","age_ms":248,"ts":488265,"updates":47,"value":0}
00:06:04 B {"t":"ns","node":29544,"hash":1162973580,"owner":29544,"kind":"sampled","unit":101,"class":4,"bound_ms":30000,"quality":"GOOD","age_ms":263,"ts":488265,"updates":47,"value":326784}
00:06:04 B {"t":"ns","node":29544,"hash":4013525678,"owner":29544,"kind":"sampled","unit":101,"class":4,"bound_ms":30000,"quality":"GOOD","age_ms":279,"ts":488265,"updates":47,"value":270336}
00:06:04 B {"t":"ns","node":29544,"hash":1303338069,"owner":29544,"kind":"sampled","unit":100,"class":4,"bound_ms":0,"quality":"GOOD","age_ms":295,"ts":488265,"updates":47,"value":40}
00:06:04 B {"t":"ns","node":29544,"hash":288706273,"owner":29544,"kind":"sampled","unit":80,"class":4,"bound_ms":30000,"quality":"GOOD","age_ms":310,"ts":488265,"updates":47,"value":488}
00:06:04 B {"t":"ns","node":29544,"hash":2548334194,"owner":29544,"kind":"sampled","unit":100,"class":4,"bound_ms":5000,"quality":"GOOD","age_ms":325,"ts":488265,"updates":47,"value":1}
00:06:05 B I (488953) pot.m0: SAFE_STATE #365 from 0x8160, reason 1
00:06:06 B I (489938) pot.m0: SAFE_STATE #366 from 0x8160, reason 1
00:06:07 B I (490938) pot.m0: SAFE_STATE #367 from 0x8160, reason 1
00:06:08 B I (491938) pot.m0: SAFE_STATE #368 from 0x8160, reason 1
00:06:09 B I (492938) pot.m0: SAFE_STATE #369 from 0x8160, reason 1
00:06:10 C {"t":"event","at_ms":360780,"node":33120,"kind":"peer_admitted","peer":29544,"slot":0,"a":0,"b":0}
00:06:10 C {"t":"event","at_ms":362780,"node":33120,"kind":"peer_admitted","peer":29544,"slot":0,"a":0,"b":0}
00:06:10 C {"t":"event","at_ms":364780,"node":33120,"kind":"peer_admitted","peer":29544,"slot":0,"a":0,"b":0}
00:06:10 C {"t":"event","at_ms":366780,"node":33120,"kind":"peer_admitted","peer":29544,"slot":0,"a":0,"b":0}
00:06:10 C {"t":"event","at_ms":368761,"node":33120,"kind":"peer_admitted","peer":29544,"slot":0,"a":0,"b":0}
00:06:10 C {"t":"link","up_ms":370271,"node":33120,"peer":29544,"mac":"02:ca:00:00:73:68","state":"alive","epoch":40,"espnow_ver":0,"mtu":226,"misses":0,"rssi":0,"tx":{"frames":890,"cb_ok":890,"cb_fail":0,"enqueue_err":0,"pdr_ppm":1000000},"rx":{"frames":4769,"lost_seqgap":14,"reorder_dup":0,"dropped_bad":0,"hb_lost":76,"bcast_frames":3693,"pdr_ppm":997072},"rtt":{"samples":368,"min_us":7739,"max_us":28944,"timeouts":0,"txq_last_us":5824,"txq_max_us":6445,"remote_turnaround_us":18725,"remote_turnaround_max_us":20904,"p50_us":[16000,22000],"p99_us":[22000,30000],"hist":[0,0,0,0,0,1,50,124,101,92,0,0,0,0,0,0]}}
00:06:10 C {"t":"can","node":33120,"up_ms":370323,"tx_frames":13118,"tx_ok":13118,"tx_fail":0,"tx_no_slot":0,"arb_lost":0,"bit_err":0,"form_err":0,"stuff_err":0,"ack_err":0,"rx_frames":1126986,"rx_overflow":217,"rx_own":0,"rx_messages":4769,"rx_not_for_us":1114040,"rx_unknown_alias":0,"rx_out_of_order":0,"rx_timeouts":0,"rx_malformed":0,"flood_sent":0,"ss_sent":369,"ss_last_us":545,"ss_min_us":335,"ss_max_us":1056,"ss_rx":0,"ss_rx_gaps":0}
00:06:10 C {"t":"node","up_ms":370361,"node":33120,"epoch":23,"peers_alive":1,"peers_dead":0,"no_radio":1,"free_dram":326784,"largest_block":270336,"rx":{"total":4769,"bad_frame":0,"unknown_peer":1,"wrong_dst":0,"short_payload":0,"unknown_opcode":0,"queue_dropped":0},"tx":{"total":5132,"enqueue_err":0,"done_queue_dropped":0},"membership":{"deaths":0,"revivals":0,"reboots_seen":0,"table_full":0,"events_dropped":0}}
00:06:10 C {"t":"ns","node":33120,"hash":13581963,"owner":33120,"kind":"sampled","unit":100,"class":4,"bound_ms":5000,"quality":"GOOD","age_ms":158,"ts":370238,"updates":36,"value":1}
00:06:10 C {"t":"ns","node":33120,"hash":3142365229,"owner":33120,"kind":"sampled","unit":101,"class":4,"bound_ms":30000,"quality":"GOOD","age_ms":174,"ts":370238,"updates":36,"value":270336}
00:06:10 C {"t":"ns","node":33120,"hash":2347817554,"owner":33120,"kind":"sampled","unit":100,"class":4,"bound_ms":0,"quality":"GOOD","age_ms":189,"ts":370238,"updates":36,"value":23}
00:06:10 C {"t":"ns","node":33120,"hash":1170356950,"owner":33120,"kind":"sampled","unit":80,"class":4,"bound_ms":30000,"quality":"GOOD","age_ms":204,"ts":370238,"updates":36,"value":370}
00:06:10 C {"t":"ns","node":33120,"hash":3085599597,"owner":33120,"kind":"sampled","unit":0,"class":4,"bound_ms":5000,"quality":"GOOD","age_ms":220,"ts":370238,"updates":36,"value":0}
00:06:10 C {"t":"ns","node":33120,"hash":2486014333,"owner":33120,"kind":"sampled","unit":101,"class":4,"bound_ms":30000,"quality":"GOOD","age_ms":235,"ts":370238,"updates":36,"value":326784}
00:06:10 B I (493938) pot.m0: SAFE_STATE #370 from 0x8160, reason 1
00:06:11 B I (494938) pot.m0: SAFE_STATE #371 from 0x8160, reason 1
00:06:12 B I (495938) pot.m0: SAFE_STATE #372 from 0x8160, reason 1
00:06:13 B I (496938) pot.m0: SAFE_STATE #373 from 0x8160, reason 1
00:06:14 B I (497938) pot.m0: SAFE_STATE #374 from 0x8160, reason 1
00:06:15 B {"t":"event","at_ms":488600,"node":29544,"kind":"peer_admitted","peer":33120,"slot":0,"a":0,"b":0}
00:06:15 B {"t":"event","at_ms":488700,"node":29544,"kind":"safe_state_rx","peer":33120,"slot":0,"a":365,"b":1}
00:06:15 B {"t":"event","at_ms":489685,"node":29544,"kind":"safe_state_rx","peer":33120,"slot":0,"a":366,"b":1}
00:06:15 B {"t":"event","at_ms":490607,"node":29544,"kind":"peer_admitted","peer":33120,"slot":0,"a":0,"b":0}
00:06:15 B {"t":"event","at_ms":490685,"node":29544,"kind":"safe_state_rx","peer":33120,"slot":0,"a":367,"b":1}
00:06:15 B {"t":"event","at_ms":491685,"node":29544,"kind":"safe_state_rx","peer":33120,"slot":0,"a":368,"b":1}
00:06:15 B {"t":"event","at_ms":492607,"node":29544,"kind":"peer_admitted","peer":33120,"slot":0,"a":0,"b":0}
00:06:15 B {"t":"event","at_ms":492685,"node":29544,"kind":"safe_state_rx","peer":33120,"slot":0,"a":369,"b":1}
00:06:15 B {"t":"event","at_ms":493685,"node":29544,"kind":"safe_state_rx","peer":33120,"slot":0,"a":370,"b":1}
00:06:15 B {"t":"event","at_ms":494607,"node":29544,"kind":"peer_admitted","peer":33120,"slot":0,"a":0,"b":0}
00:06:15 B {"t":"event","at_ms":494685,"node":29544,"kind":"safe_state_rx","peer":33120,"slot":0,"a":371,"b":1}
00:06:15 B I (498938) pot.m0: SAFE_STATE #375 from 0x8160, reason 1
00:06:15 B {"t":"event","at_ms":495685,"node":29544,"kind":"safe_state_rx","peer":33120,"slot":0,"a":372,"b":1}
00:06:15 B {"t":"event","at_ms":496607,"node":29544,"kind":"peer_admitted","peer":33120,"slot":0,"a":0,"b":0}
00:06:15 B {"t":"event","at_ms":496685,"node":29544,"kind":"safe_state_rx","peer":33120,"slot":0,"a":373,"b":1}
00:06:15 B {"t":"event","at_ms":497685,"node":29544,"kind":"safe_state_rx","peer":33120,"slot":0,"a":374,"b":1}
00:06:15 B {"t":"event","at_ms":498607,"node":29544,"kind":"peer_admitted","peer":33120,"slot":0,"a":0,"b":0}
00:06:15 B {"t":"event","at_ms":498685,"node":29544,"kind":"safe_state_rx","peer":33120,"slot":0,"a":375,"b":1}
00:06:15 B {"t":"link","up_ms":498750,"node":29544,"peer":33120,"mac":"02:ca:00:00:81:60","state":"alive","epoch":23,"espnow_ver":0,"mtu":226,"misses":0,"rssi":0,"tx":{"frames":1235,"cb_ok":1221,"cb_fail":0,"enqueue_err":14,"pdr_ppm":1000000},"rx":{"frames":6830,"lost_seqgap":5,"reorder_dup":0,"dropped_bad":0,"hb_lost":49,"bcast_frames":4922,"pdr_ppm":999268},"rtt":{"samples":481,"min_us":9085,"max_us":38857,"timeouts":1,"txq_last_us":3740,"txq_max_us":6121,"remote_turnaround_us":8330,"remote_turnaround_max_us":27665,"p50_us":[16000,22000],"p99_us":[22000,30000],"hist":[0,0,0,0,0,0,3,206,187,82,3,0,0,0,0,0]}}
00:06:15 B {"t":"can","node":29544,"up_ms":498802,"tx_frames":1494255,"tx_ok":1494254,"tx_fail":0,"tx_no_slot":146,"arb_lost":38,"bit_err":0,"form_err":0,"stuff_err":0,"ack_err":35295,"rx_frames":17424,"rx_overflow":0,"rx_own":0,"rx_messages":6832,"rx_not_for_us":0,"rx_unknown_alias":0,"rx_out_of_order":0,"rx_timeouts":0,"rx_malformed":0,"flood_sent":369375,"ss_sent":0,"ss_last_us":0,"ss_min_us":0,"ss_max_us":0,"ss_rx":493,"ss_rx_gaps":4294966709}
00:06:15 B {"t":"node","up_ms":498841,"node":29544,"epoch":40,"peers_alive":1,"peers_dead":0,"no_radio":1,"free_dram":326784,"largest_block":270336,"rx":{"total":6832,"bad_frame":0,"unknown_peer":1,"wrong_dst":0,"short_payload":0,"unknown_opcode":0,"queue_dropped":0},"tx":{"total":6457,"enqueue_err":146,"done_queue_dropped":0},"membership":{"deaths":1,"revivals":0,"reboots_seen":1,"table_full":0,"events_dropped":64}}
00:06:15 B {"t":"ns","node":29544,"hash":96177158,"owner":29544,"kind":"sampled","unit":0,"class":4,"bound_ms":5000,"quality":"GOOD","age_ms":270,"ts":498606,"updates":48,"value":0}
00:06:15 B {"t":"ns","node":29544,"hash":1162973580,"owner":29544,"kind":"sampled","unit":101,"class":4,"bound_ms":30000,"quality":"GOOD","age_ms":285,"ts":498606,"updates":48,"value":326784}
00:06:15 B {"t":"ns","node":29544,"hash":4013525678,"owner":29544,"kind":"sampled","unit":101,"class":4,"bound_ms":30000,"quality":"GOOD","age_ms":301,"ts":498606,"updates":48,"value":270336}
00:06:15 B {"t":"ns","node":29544,"hash":1303338069,"owner":29544,"kind":"sampled","unit":100,"class":4,"bound_ms":0,"quality":"GOOD","age_ms":317,"ts":498606,"updates":48,"value":40}
00:06:15 B {"t":"ns","node":29544,"hash":288706273,"owner":29544,"kind":"sampled","unit":80,"class":4,"bound_ms":30000,"quality":"GOOD","age_ms":332,"ts":498606,"updates":48,"value":498}
00:06:15 B {"t":"ns","node":29544,"hash":2548334194,"owner":29544,"kind":"sampled","unit":100,"class":4,"bound_ms":5000,"quality":"GOOD","age_ms":347,"ts":498606,"updates":48,"value":1}
00:06:16 B I (499941) pot.m0: SAFE_STATE #376 from 0x8160, reason 1
00:06:17 B I (500941) pot.m0: SAFE_STATE #377 from 0x8160, reason 1
00:06:18 B I (501941) pot.m0: SAFE_STATE #378 from 0x8160, reason 1
00:06:19 B I (502941) pot.m0: SAFE_STATE #379 from 0x8160, reason 1
00:06:20 B I (503941) pot.m0: SAFE_STATE #380 from 0x8160, reason 1
00:06:20 C {"t":"event","at_ms":370761,"node":33120,"kind":"peer_admitted","peer":29544,"slot":0,"a":0,"b":0}
00:06:20 C {"t":"event","at_ms":372761,"node":33120,"kind":"peer_admitted","peer":29544,"slot":0,"a":0,"b":0}
00:06:20 C {"t":"event","at_ms":374761,"node":33120,"kind":"peer_admitted","peer":29544,"slot":0,"a":0,"b":0}
00:06:20 C {"t":"event","at_ms":376761,"node":33120,"kind":"peer_admitted","peer":29544,"slot":0,"a":0,"b":0}
00:06:20 C {"t":"event","at_ms":378761,"node":33120,"kind":"peer_admitted","peer":29544,"slot":0,"a":0,"b":0}
00:06:20 C {"t":"link","up_ms":380522,"node":33120,"peer":29544,"mac":"02:ca:00:00:73:68","state":"alive","epoch":40,"espnow_ver":0,"mtu":226,"misses":0,"rssi":0,"tx":{"frames":915,"cb_ok":915,"cb_fail":0,"enqueue_err":0,"pdr_ppm":1000000},"rx":{"frames":4901,"lost_seqgap":14,"reorder_dup":0,"dropped_bad":0,"hb_lost":76,"bcast_frames":3795,"pdr_ppm":997151},"rtt":{"samples":378,"min_us":7739,"max_us":28944,"timeouts":0,"txq_last_us":5749,"txq_max_us":6445,"remote_turnaround_us":936,"remote_turnaround_max_us":20904,"p50_us":[16000,22000],"p99_us":[22000,30000],"hist":[0,0,0,0,0,1,52,126,101,98,0,0,0,0,0,0]}}
00:06:20 C {"t":"can","node":33120,"up_ms":380574,"tx_frames":13480,"tx_ok":13480,"tx_fail":0,"tx_no_slot":0,"arb_lost":0,"bit_err":0,"form_err":0,"stuff_err":0,"ack_err":0,"rx_frames":1158552,"rx_overflow":222,"rx_own":0,"rx_messages":4902,"rx_not_for_us":1145245,"rx_unknown_alias":0,"rx_out_of_order":0,"rx_timeouts":0,"rx_malformed":0,"flood_sent":0,"ss_sent":379,"ss_last_us":488,"ss_min_us":335,"ss_max_us":1056,"ss_rx":0,"ss_rx_gaps":0}
00:06:20 C {"t":"node","up_ms":380612,"node":33120,"epoch":23,"peers_alive":1,"peers_dead":0,"no_radio":1,"free_dram":326784,"largest_block":270336,"rx":{"total":4902,"bad_frame":0,"unknown_peer":1,"wrong_dst":0,"short_payload":0,"unknown_opcode":0,"queue_dropped":0},"tx":{"total":5274,"enqueue_err":0,"done_queue_dropped":0},"membership":{"deaths":0,"revivals":0,"reboots_seen":0,"table_full":0,"events_dropped":0}}
00:06:20 C {"t":"ns","node":33120,"hash":13581963,"owner":33120,"kind":"sampled","unit":100,"class":4,"bound_ms":5000,"quality":"GOOD","age_ms":158,"ts":380489,"updates":37,"value":1}
00:06:20 C {"t":"ns","node":33120,"hash":3142365229,"owner":33120,"kind":"sampled","unit":101,"class":4,"bound_ms":30000,"quality":"GOOD","age_ms":173,"ts":380489,"updates":37,"value":270336}
00:06:20 C {"t":"ns","node":33120,"hash":2347817554,"owner":33120,"kind":"sampled","unit":100,"class":4,"bound_ms":0,"quality":"GOOD","age_ms":189,"ts":380489,"updates":37,"value":23}
00:06:20 C {"t":"ns","node":33120,"hash":1170356950,"owner":33120,"kind":"sampled","unit":80,"class":4,"bound_ms":30000,"quality":"GOOD","age_ms":204,"ts":380489,"updates":37,"value":380}
00:06:20 C {"t":"ns","node":33120,"hash":3085599597,"owner":33120,"kind":"sampled","unit":0,"class":4,"bound_ms":5000,"quality":"GOOD","age_ms":220,"ts":380489,"updates":37,"value":0}
00:06:20 C {"t":"ns","node":33120,"hash":2486014333,"owner":33120,"kind":"sampled","unit":101,"class":4,"bound_ms":30000,"quality":"GOOD","age_ms":235,"ts":380489,"updates":37,"value":326784}
00:06:21 B I (504941) pot.m0: SAFE_STATE #381 from 0x8160, reason 1
00:06:22 B I (505941) pot.m0: SAFE_STATE #382 from 0x8160, reason 1
00:06:23 B I (506941) pot.m0: SAFE_STATE #383 from 0x8160, reason 1
00:06:24 B I (507941) pot.m0: SAFE_STATE #384 from 0x8160, reason 1
00:06:25 B I (508941) pot.m0: SAFE_STATE #385 from 0x8160, reason 1
00:06:25 B {"t":"event","at_ms":499688,"node":29544,"kind":"safe_state_rx","peer":33120,"slot":0,"a":376,"b":1}
00:06:25 B {"t":"event","at_ms":500597,"node":29544,"kind":"peer_admitted","peer":33120,"slot":0,"a":0,"b":0}
00:06:25 B {"t":"event","at_ms":500688,"node":29544,"kind":"safe_state_rx","peer":33120,"slot":0,"a":377,"b":1}
00:06:25 B {"t":"event","at_ms":501688,"node":29544,"kind":"safe_state_rx","peer":33120,"slot":0,"a":378,"b":1}
00:06:25 B {"t":"event","at_ms":502597,"node":29544,"kind":"peer_admitted","peer":33120,"slot":0,"a":0,"b":0}
00:06:25 B {"t":"event","at_ms":502688,"node":29544,"kind":"safe_state_rx","peer":33120,"slot":0,"a":379,"b":1}
00:06:25 B {"t":"event","at_ms":503688,"node":29544,"kind":"safe_state_rx","peer":33120,"slot":0,"a":380,"b":1}
00:06:25 B {"t":"event","at_ms":504597,"node":29544,"kind":"peer_admitted","peer":33120,"slot":0,"a":0,"b":0}
00:06:25 B {"t":"event","at_ms":504688,"node":29544,"kind":"safe_state_rx","peer":33120,"slot":0,"a":381,"b":1}
00:06:25 B {"t":"event","at_ms":505688,"node":29544,"kind":"safe_state_rx","peer":33120,"slot":0,"a":382,"b":1}
00:06:25 B {"t":"event","at_ms":506597,"node":29544,"kind":"peer_admitted","peer":33120,"slot":0,"a":0,"b":0}
00:06:25 B {"t":"event","at_ms":506688,"node":29544,"kind":"safe_state_rx","peer":33120,"slot":0,"a":383,"b":1}
00:06:25 B {"t":"event","at_ms":507688,"node":29544,"kind":"safe_state_rx","peer":33120,"slot":0,"a":384,"b":1}
00:06:25 B {"t":"event","at_ms":508597,"node":29544,"kind":"peer_admitted","peer":33120,"slot":0,"a":0,"b":0}
00:06:25 B {"t":"event","at_ms":508688,"node":29544,"kind":"safe_state_rx","peer":33120,"slot":0,"a":385,"b":1}
00:06:25 B {"t":"link","up_ms":509090,"node":29544,"peer":33120,"mac":"02:ca:00:00:81:60","state":"alive","epoch":23,"espnow_ver":0,"mtu":226,"misses":0,"rssi":0,"tx":{"frames":1261,"cb_ok":1247,"cb_fail":0,"enqueue_err":14,"pdr_ppm":1000000},"rx":{"frames":6975,"lost_seqgap":5,"reorder_dup":0,"dropped_bad":0,"hb_lost":49,"bcast_frames":5026,"pdr_ppm":999283},"rtt":{"samples":492,"min_us":9085,"max_us":38857,"timeouts":1,"txq_last_us":3897,"txq_max_us":6121,"remote_turnaround_us":9419,"remote_turnaround_max_us":27665,"p50_us":[16000,22000],"p99_us":[22000,30000],"hist":[0,0,0,0,0,0,3,206,198,82,3,0,0,0,0,0]}}
00:06:25 B {"t":"can","node":29544,"up_ms":509143,"tx_frames":1526649,"tx_ok":1526649,"tx_fail":0,"tx_no_slot":146,"arb_lost":38,"bit_err":0,"form_err":0,"stuff_err":0,"ack_err":35295,"rx_frames":17787,"rx_overflow":0,"rx_own":0,"rx_messages":6975,"rx_not_for_us":0,"rx_unknown_alias":0,"rx_out_of_order":0,"rx_timeouts":0,"rx_malformed":0,"flood_sent":377383,"ss_sent":0,"ss_last_us":0,"ss_min_us":0,"ss_max_us":0,"ss_rx":503,"ss_rx_gaps":4294966709}
00:06:25 B {"t":"node","up_ms":509181,"node":29544,"epoch":40,"peers_alive":1,"peers_dead":0,"no_radio":1,"free_dram":326784,"largest_block":270336,"rx":{"total":6975,"bad_frame":0,"unknown_peer":1,"wrong_dst":0,"short_payload":0,"unknown_opcode":0,"queue_dropped":0},"tx":{"total":6591,"enqueue_err":146,"done_queue_dropped":0},"membership":{"deaths":1,"revivals":0,"reboots_seen":1,"table_full":0,"events_dropped":64}}
00:06:25 B {"t":"ns","node":29544,"hash":96177158,"owner":29544,"kind":"sampled","unit":0,"class":4,"bound_ms":5000,"quality":"GOOD","age_ms":248,"ts":508969,"updates":49,"value":0}
00:06:25 B {"t":"ns","node":29544,"hash":1162973580,"owner":29544,"kind":"sampled","unit":101,"class":4,"bound_ms":30000,"quality":"GOOD","age_ms":263,"ts":508969,"updates":49,"value":326784}
00:06:25 B {"t":"ns","node":29544,"hash":4013525678,"owner":29544,"kind":"sampled","unit":101,"class":4,"bound_ms":30000,"quality":"GOOD","age_ms":279,"ts":508969,"updates":49,"value":270336}
00:06:25 B {"t":"ns","node":29544,"hash":1303338069,"owner":29544,"kind":"sampled","unit":100,"class":4,"bound_ms":0,"quality":"GOOD","age_ms":295,"ts":508969,"updates":49,"value":40}
00:06:25 B {"t":"ns","node":29544,"hash":288706273,"owner":29544,"kind":"sampled","unit":80,"class":4,"bound_ms":30000,"quality":"GOOD","age_ms":310,"ts":508969,"updates":49,"value":508}
00:06:26 B {"t":"ns","node":29544,"hash":2548334194,"owner":29544,"kind":"sampled","unit":100,"class":4,"bound_ms":5000,"quality":"GOOD","age_ms":325,"ts":508969,"updates":49,"value":1}
00:06:26 B I (509938) pot.m0: SAFE_STATE #386 from 0x8160, reason 1
00:06:27 B I (510938) pot.m0: SAFE_STATE #387 from 0x8160, reason 1
00:06:28 B I (511938) pot.m0: SAFE_STATE #388 from 0x8160, reason 1
00:06:29 B I (512938) pot.m0: SAFE_STATE #389 from 0x8160, reason 1
00:06:30 B I (513938) pot.m0: SAFE_STATE #390 from 0x8160, reason 1
00:06:30 C {"t":"event","at_ms":380762,"node":33120,"kind":"peer_admitted","peer":29544,"slot":0,"a":0,"b":0}
00:06:30 C {"t":"event","at_ms":382763,"node":33120,"kind":"peer_admitted","peer":29544,"slot":0,"a":0,"b":0}
00:06:30 C {"t":"event","at_ms":384763,"node":33120,"kind":"peer_admitted","peer":29544,"slot":0,"a":0,"b":0}
00:06:30 C {"t":"event","at_ms":386763,"node":33120,"kind":"peer_admitted","peer":29544,"slot":0,"a":0,"b":0}
00:06:30 C {"t":"event","at_ms":388763,"node":33120,"kind":"peer_admitted","peer":29544,"slot":0,"a":0,"b":0}
00:06:30 C {"t":"event","at_ms":390762,"node":33120,"kind":"peer_admitted","peer":29544,"slot":0,"a":0,"b":0}
00:06:30 C {"t":"link","up_ms":390781,"node":33120,"peer":29544,"mac":"02:ca:00:00:73:68","state":"alive","epoch":40,"espnow_ver":0,"mtu":226,"misses":0,"rssi":0,"tx":{"frames":942,"cb_ok":941,"cb_fail":0,"enqueue_err":0,"pdr_ppm":1000000},"rx":{"frames":5036,"lost_seqgap":14,"reorder_dup":0,"dropped_bad":0,"hb_lost":76,"bcast_frames":3898,"pdr_ppm":997227},"rtt":{"samples":389,"min_us":7739,"max_us":28944,"timeouts":0,"txq_last_us":5903,"txq_max_us":6445,"remote_turnaround_us":18721,"remote_turnaround_max_us":20904,"p50_us":[16000,22000],"p99_us":[22000,30000],"hist":[0,0,0,0,0,1,55,129,101,103,0,0,0,0,0,0]}}
00:06:30 C {"t":"can","node":33120,"up_ms":390834,"tx_frames":13868,"tx_ok":13868,"tx_fail":0,"tx_no_slot":0,"arb_lost":0,"bit_err":0,"form_err":0,"stuff_err":0,"ack_err":0,"rx_frames":1190226,"rx_overflow":222,"rx_own":0,"rx_messages":5037,"rx_not_for_us":1176505,"rx_unknown_alias":0,"rx_out_of_order":0,"rx_timeouts":0,"rx_malformed":0,"flood_sent":0,"ss_sent":390,"ss_last_us":654,"ss_min_us":335,"ss_max_us":1056,"ss_rx":0,"ss_rx_gaps":0}
00:06:30 C {"t":"node","up_ms":390872,"node":33120,"epoch":23,"peers_alive":1,"peers_dead":0,"no_radio":1,"free_dram":326784,"largest_block":270336,"rx":{"total":5037,"bad_frame":0,"unknown_peer":1,"wrong_dst":0,"short_payload":0,"unknown_opcode":0,"queue_dropped":0},"tx":{"total":5421,"enqueue_err":0,"done_queue_dropped":0},"membership":{"deaths":0,"revivals":0,"reboots_seen":0,"table_full":0,"events_dropped":0}}
00:06:30 C {"t":"ns","node":33120,"hash":13581963,"owner":33120,"kind":"sampled","unit":100,"class":4,"bound_ms":5000,"quality":"GOOD","age_ms":167,"ts":390740,"updates":38,"value":1}
00:06:30 C {"t":"ns","node":33120,"hash":3142365229,"owner":33120,"kind":"sampled","unit":101,"class":4,"bound_ms":30000,"quality":"GOOD","age_ms":183,"ts":390740,"updates":38,"value":270336}
00:06:30 C {"t":"ns","node":33120,"hash":2347817554,"owner":33120,"kind":"sampled","unit":100,"class":4,"bound_ms":0,"quality":"GOOD","age_ms":198,"ts":390740,"updates":38,"value":23}
00:06:30 C {"t":"ns","node":33120,"hash":1170356950,"owner":33120,"kind":"sampled","unit":80,"class":4,"bound_ms":30000,"quality":"GOOD","age_ms":213,"ts":390740,"updates":38,"value":390}
00:06:30 C {"t":"ns","node":33120,"hash":3085599597,"owner":33120,"kind":"sampled","unit":0,"class":4,"bound_ms":5000,"quality":"GOOD","age_ms":229,"ts":390740,"updates":38,"value":0}
00:06:30 C {"t":"ns","node":33120,"hash":2486014333,"owner":33120,"kind":"sampled","unit":101,"class":4,"bound_ms":30000,"quality":"GOOD","age_ms":244,"ts":390740,"updates":38,"value":326784}
00:06:31 B I (514938) pot.m0: SAFE_STATE #391 from 0x8160, reason 1
00:06:32 B I (515938) pot.m0: SAFE_STATE #392 from 0x8160, reason 1
00:06:33 B I (516938) pot.m0: SAFE_STATE #393 from 0x8160, reason 1
00:06:34 B I (517938) pot.m0: SAFE_STATE #394 from 0x8160, reason 1
00:06:35 B I (518938) pot.m0: SAFE_STATE #395 from 0x8160, reason 1
00:06:35 B {"t":"event","at_ms":509685,"node":29544,"kind":"safe_state_rx","peer":33120,"slot":0,"a":386,"b":1}
00:06:35 B {"t":"event","at_ms":510607,"node":29544,"kind":"peer_admitted","peer":33120,"slot":0,"a":0,"b":0}
00:06:35 B {"t":"event","at_ms":510685,"node":29544,"kind":"safe_state_rx","peer":33120,"slot":0,"a":387,"b":1}
00:06:35 B {"t":"event","at_ms":511685,"node":29544,"kind":"safe_state_rx","peer":33120,"slot":0,"a":388,"b":1}
00:06:35 B {"t":"event","at_ms":512607,"node":29544,"kind":"peer_admitted","peer":33120,"slot":0,"a":0,"b":0}
00:06:35 B {"t":"event","at_ms":512685,"node":29544,"kind":"safe_state_rx","peer":33120,"slot":0,"a":389,"b":1}
00:06:35 B {"t":"event","at_ms":513685,"node":29544,"kind":"safe_state_rx","peer":33120,"slot":0,"a":390,"b":1}
00:06:35 B {"t":"event","at_ms":514607,"node":29544,"kind":"peer_admitted","peer":33120,"slot":0,"a":0,"b":0}
00:06:35 B {"t":"event","at_ms":514685,"node":29544,"kind":"safe_state_rx","peer":33120,"slot":0,"a":391,"b":1}
00:06:35 B {"t":"event","at_ms":515685,"node":29544,"kind":"safe_state_rx","peer":33120,"slot":0,"a":392,"b":1}
00:06:35 B {"t":"event","at_ms":516607,"node":29544,"kind":"peer_admitted","peer":33120,"slot":0,"a":0,"b":0}
00:06:35 B {"t":"event","at_ms":516685,"node":29544,"kind":"safe_state_rx","peer":33120,"slot":0,"a":393,"b":1}
00:06:35 B {"t":"event","at_ms":517685,"node":29544,"kind":"safe_state_rx","peer":33120,"slot":0,"a":394,"b":1}
00:06:35 B {"t":"event","at_ms":518607,"node":29544,"kind":"peer_admitted","peer":33120,"slot":0,"a":0,"b":0}
00:06:35 B {"t":"event","at_ms":518685,"node":29544,"kind":"safe_state_rx","peer":33120,"slot":0,"a":395,"b":1}
00:06:35 B {"t":"link","up_ms":519431,"node":29544,"peer":33120,"mac":"02:ca:00:00:81:60","state":"alive","epoch":23,"espnow_ver":0,"mtu":226,"misses":0,"rssi":0,"tx":{"frames":1286,"cb_ok":1272,"cb_fail":0,"enqueue_err":14,"pdr_ppm":1000000},"rx":{"frames":7118,"lost_seqgap":5,"reorder_dup":0,"dropped_bad":0,"hb_lost":49,"bcast_frames":5129,"pdr_ppm":999298},"rtt":{"samples":502,"min_us":9085,"max_us":38857,"timeouts":1,"txq_last_us":3385,"txq_max_us":6121,"remote_turnaround_us":19007,"remote_turnaround_max_us":27665,"p50_us":[16000,22000],"p99_us":[22000,30000],"hist":[0,0,0,0,0,0,3,206,203,87,3,0,0,0,0,0]}}
00:06:35 B {"t":"can","node":29544,"up_ms":519484,"tx_frames":1557969,"tx_ok":1557968,"tx_fail":0,"tx_no_slot":146,"arb_lost":44,"bit_err":0,"form_err":0,"stuff_err":0,"ack_err":35295,"rx_frames":18151,"rx_overflow":0,"rx_own":0,"rx_messages":7118,"rx_not_for_us":0,"rx_unknown_alias":0,"rx_out_of_order":0,"rx_timeouts":0,"rx_malformed":0,"flood_sent":385124,"ss_sent":0,"ss_last_us":0,"ss_min_us":0,"ss_max_us":0,"ss_rx":513,"ss_rx_gaps":4294966709}
00:06:35 B {"t":"node","up_ms":519522,"node":29544,"epoch":40,"peers_alive":1,"peers_dead":0,"no_radio":1,"free_dram":326784,"largest_block":270336,"rx":{"total":7118,"bad_frame":0,"unknown_peer":1,"wrong_dst":0,"short_payload":0,"unknown_opcode":0,"queue_dropped":0},"tx":{"total":6724,"enqueue_err":146,"done_queue_dropped":0},"membership":{"deaths":1,"revivals":0,"reboots_seen":1,"table_full":0,"events_dropped":64}}
00:06:35 B {"t":"ns","node":29544,"hash":96177158,"owner":29544,"kind":"sampled","unit":0,"class":4,"bound_ms":5000,"quality":"GOOD","age_ms":248,"ts":519310,"updates":50,"value":0}
00:06:35 B {"t":"ns","node":29544,"hash":1162973580,"owner":29544,"kind":"sampled","unit":101,"class":4,"bound_ms":30000,"quality":"GOOD","age_ms":263,"ts":519310,"updates":50,"value":326784}
00:06:35 B {"t":"ns","node":29544,"hash":4013525678,"owner":29544,"kind":"sampled","unit":101,"class":4,"bound_ms":30000,"quality":"GOOD","age_ms":279,"ts":519310,"updates":50,"value":270336}
00:06:35 B {"t":"ns","node":29544,"hash":1303338069,"owner":29544,"kind":"sampled","unit":100,"class":4,"bound_ms":0,"quality":"GOOD","age_ms":295,"ts":519310,"updates":50,"value":40}
00:06:35 B {"t":"ns","node":29544,"hash":288706273,"owner":29544,"kind":"sampled","unit":80,"class":4,"bound_ms":30000,"quality":"GOOD","age_ms":310,"ts":519310,"updates":50,"value":519}
00:06:35 B {"t":"ns","node":29544,"hash":2548334194,"owner":29544,"kind":"sampled","unit":100,"class":4,"bound_ms":5000,"quality":"GOOD","age_ms":325,"ts":519310,"updates":50,"value":1}
00:06:36 B I (519946) pot.m0: SAFE_STATE #396 from 0x8160, reason 1
00:06:37 B I (520946) pot.m0: SAFE_STATE #397 from 0x8160, reason 1
00:06:38 B I (521946) pot.m0: SAFE_STATE #398 from 0x8160, reason 1
00:06:39 B I (522946) pot.m0: SAFE_STATE #399 from 0x8160, reason 1
00:06:40 B I (523946) pot.m0: SAFE_STATE #400 from 0x8160, reason 1
00:06:40 C {"t":"event","at_ms":392763,"node":33120,"kind":"peer_admitted","peer":29544,"slot":0,"a":0,"b":0}
00:06:40 C {"t":"event","at_ms":394763,"node":33120,"kind":"peer_admitted","peer":29544,"slot":0,"a":0,"b":0}
00:06:40 C {"t":"event","at_ms":396763,"node":33120,"kind":"peer_admitted","peer":29544,"slot":0,"a":0,"b":0}
00:06:40 C {"t":"event","at_ms":398763,"node":33120,"kind":"peer_admitted","peer":29544,"slot":0,"a":0,"b":0}
00:06:40 C {"t":"event","at_ms":400763,"node":33120,"kind":"peer_admitted","peer":29544,"slot":0,"a":0,"b":0}
00:06:40 C {"t":"link","up_ms":401033,"node":33120,"peer":29544,"mac":"02:ca:00:00:73:68","state":"alive","epoch":40,"espnow_ver":0,"mtu":226,"misses":0,"rssi":0,"tx":{"frames":968,"cb_ok":968,"cb_fail":0,"enqueue_err":0,"pdr_ppm":1000000},"rx":{"frames":5169,"lost_seqgap":14,"reorder_dup":0,"dropped_bad":0,"hb_lost":76,"bcast_frames":4000,"pdr_ppm":997298},"rtt":{"samples":399,"min_us":7739,"max_us":28944,"timeouts":0,"txq_last_us":5766,"txq_max_us":6445,"remote_turnaround_us":5935,"remote_turnaround_max_us":20904,"p50_us":[16000,22000],"p99_us":[22000,30000],"hist":[0,0,0,0,0,1,55,134,101,108,0,0,0,0,0,0]}}
00:06:40 C {"t":"can","node":33120,"up_ms":401085,"tx_frames":14230,"tx_ok":14230,"tx_fail":0,"tx_no_slot":0,"arb_lost":0,"bit_err":0,"form_err":0,"stuff_err":0,"ack_err":0,"rx_frames":1221326,"rx_overflow":254,"rx_own":0,"rx_messages":5170,"rx_not_for_us":1207253,"rx_unknown_alias":0,"rx_out_of_order":0,"rx_timeouts":0,"rx_malformed":0,"flood_sent":0,"ss_sent":400,"ss_last_us":415,"ss_min_us":335,"ss_max_us":1056,"ss_rx":0,"ss_rx_gaps":0}
00:06:40 C {"t":"node","up_ms":401123,"node":33120,"epoch":23,"peers_alive":1,"peers_dead":0,"no_radio":1,"free_dram":326784,"largest_block":270336,"rx":{"total":5170,"bad_frame":0,"unknown_peer":1,"wrong_dst":0,"short_payload":0,"unknown_opcode":0,"queue_dropped":0},"tx":{"total":5563,"enqueue_err":0,"done_queue_dropped":0},"membership":{"deaths":0,"revivals":0,"reboots_seen":0,"table_full":0,"events_dropped":0}}
00:06:40 C {"t":"ns","node":33120,"hash":13581963,"owner":33120,"kind":"sampled","unit":100,"class":4,"bound_ms":5000,"quality":"GOOD","age_ms":158,"ts":401000,"updates":39,"value":1}
00:06:40 C {"t":"ns","node":33120,"hash":3142365229,"owner":33120,"kind":"sampled","unit":101,"class":4,"bound_ms":30000,"quality":"GOOD","age_ms":174,"ts":401000,"updates":39,"value":270336}
00:06:40 C {"t":"ns","node":33120,"hash":2347817554,"owner":33120,"kind":"sampled","unit":100,"class":4,"bound_ms":0,"quality":"GOOD","age_ms":189,"ts":401000,"updates":39,"value":23}
00:06:40 C {"t":"ns","node":33120,"hash":1170356950,"owner":33120,"kind":"sampled","unit":80,"class":4,"bound_ms":30000,"quality":"GOOD","age_ms":204,"ts":401000,"updates":39,"value":401}
00:06:40 C {"t":"ns","node":33120,"hash":3085599597,"owner":33120,"kind":"sampled","unit":0,"class":4,"bound_ms":5000,"quality":"GOOD","age_ms":220,"ts":401000,"updates":39,"value":0}
00:06:40 C {"t":"ns","node":33120,"hash":2486014333,"owner":33120,"kind":"sampled","unit":101,"class":4,"bound_ms":30000,"quality":"GOOD","age_ms":235,"ts":401000,"updates":39,"value":326784}
00:06:41 B I (524946) pot.m0: SAFE_STATE #401 from 0x8160, reason 1
00:06:42 B I (525946) pot.m0: SAFE_STATE #402 from 0x8160, reason 1
00:06:43 B I (526946) pot.m0: SAFE_STATE #403 from 0x8160, reason 1
00:06:44 B I (527946) pot.m0: SAFE_STATE #404 from 0x8160, reason 1
00:06:45 B I (528946) pot.m0: SAFE_STATE #405 from 0x8160, reason 1
00:06:46 B {"t":"event","at_ms":519693,"node":29544,"kind":"safe_state_rx","peer":33120,"slot":0,"a":396,"b":1}
00:06:46 B {"t":"event","at_ms":520594,"node":29544,"kind":"peer_admitted","peer":33120,"slot":0,"a":0,"b":0}
00:06:46 B {"t":"event","at_ms":520693,"node":29544,"kind":"safe_state_rx","peer":33120,"slot":0,"a":397,"b":1}
00:06:46 B {"t":"event","at_ms":521693,"node":29544,"kind":"safe_state_rx","peer":33120,"slot":0,"a":398,"b":1}
00:06:46 B {"t":"event","at_ms":522594,"node":29544,"kind":"peer_admitted","peer":33120,"slot":0,"a":0,"b":0}
00:06:46 B {"t":"event","at_ms":522693,"node":29544,"kind":"safe_state_rx","peer":33120,"slot":0,"a":399,"b":1}
00:06:46 B {"t":"event","at_ms":523693,"node":29544,"kind":"safe_state_rx","peer":33120,"slot":0,"a":400,"b":1}
00:06:46 B I (529946) pot.m0: SAFE_STATE #406 from 0x8160, reason 1
00:06:46 B {"t":"event","at_ms":524594,"node":29544,"kind":"peer_admitted","peer":33120,"slot":0,"a":0,"b":0}
00:06:46 B {"t":"event","at_ms":524693,"node":29544,"kind":"safe_state_rx","peer":33120,"slot":0,"a":401,"b":1}
00:06:46 B {"t":"event","at_ms":525693,"node":29544,"kind":"safe_state_rx","peer":33120,"slot":0,"a":402,"b":1}
00:06:46 B {"t":"event","at_ms":526594,"node":29544,"kind":"peer_admitted","peer":33120,"slot":0,"a":0,"b":0}
00:06:46 B {"t":"event","at_ms":526693,"node":29544,"kind":"safe_state_rx","peer":33120,"slot":0,"a":403,"b":1}
00:06:46 B {"t":"event","at_ms":527693,"node":29544,"kind":"safe_state_rx","peer":33120,"slot":0,"a":404,"b":1}
00:06:46 B {"t":"event","at_ms":528594,"node":29544,"kind":"peer_admitted","peer":33120,"slot":0,"a":0,"b":0}
00:06:46 B {"t":"event","at_ms":528693,"node":29544,"kind":"safe_state_rx","peer":33120,"slot":0,"a":405,"b":1}
00:06:46 B {"t":"event","at_ms":529693,"node":29544,"kind":"safe_state_rx","peer":33120,"slot":0,"a":406,"b":1}
00:06:46 B {"t":"link","up_ms":529786,"node":29544,"peer":33120,"mac":"02:ca:00:00:81:60","state":"alive","epoch":23,"espnow_ver":0,"mtu":226,"misses":0,"rssi":0,"tx":{"frames":1313,"cb_ok":1299,"cb_fail":0,"enqueue_err":14,"pdr_ppm":1000000},"rx":{"frames":7264,"lost_seqgap":5,"reorder_dup":0,"dropped_bad":0,"hb_lost":49,"bcast_frames":5232,"pdr_ppm":999312},"rtt":{"samples":512,"min_us":9085,"max_us":38857,"timeouts":1,"txq_last_us":4047,"txq_max_us":6121,"remote_turnaround_us":19356,"remote_turnaround_max_us":27665,"p50_us":[16000,22000],"p99_us":[22000,30000],"hist":[0,0,0,0,0,0,3,206,203,97,3,0,0,0,0,0]}}
00:06:46 B {"t":"can","node":29544,"up_ms":529839,"tx_frames":1589475,"tx_ok":1589474,"tx_fail":0,"tx_no_slot":146,"arb_lost":44,"bit_err":0,"form_err":0,"stuff_err":0,"ack_err":35295,"rx_frames":18539,"rx_overflow":0,"rx_own":0,"rx_messages":7266,"rx_not_for_us":0,"rx_unknown_alias":0,"rx_out_of_order":0,"rx_timeouts":0,"rx_malformed":0,"flood_sent":392900,"ss_sent":0,"ss_last_us":0,"ss_min_us":0,"ss_max_us":0,"ss_rx":524,"ss_rx_gaps":4294966709}
00:06:46 B {"t":"node","up_ms":529877,"node":29544,"epoch":40,"peers_alive":1,"peers_dead":0,"no_radio":1,"free_dram":326784,"largest_block":270336,"rx":{"total":7266,"bad_frame":0,"unknown_peer":1,"wrong_dst":0,"short_payload":0,"unknown_opcode":0,"queue_dropped":0},"tx":{"total":6861,"enqueue_err":146,"done_queue_dropped":0},"membership":{"deaths":1,"revivals":0,"reboots_seen":1,"table_full":0,"events_dropped":64}}
00:06:46 B {"t":"ns","node":29544,"hash":96177158,"owner":29544,"kind":"sampled","unit":0,"class":4,"bound_ms":5000,"quality":"GOOD","age_ms":262,"ts":529651,"updates":51,"value":0}
00:06:46 B {"t":"ns","node":29544,"hash":1162973580,"owner":29544,"kind":"sampled","unit":101,"class":4,"bound_ms":30000,"quality":"GOOD","age_ms":277,"ts":529651,"updates":51,"value":326784}
00:06:46 B {"t":"ns","node":29544,"hash":4013525678,"owner":29544,"kind":"sampled","unit":101,"class":4,"bound_ms":30000,"quality":"GOOD","age_ms":293,"ts":529651,"updates":51,"value":270336}
00:06:46 B {"t":"ns","node":29544,"hash":1303338069,"owner":29544,"kind":"sampled","unit":100,"class":4,"bound_ms":0,"quality":"GOOD","age_ms":309,"ts":529651,"updates":51,"value":40}
00:06:46 B {"t":"ns","node":29544,"hash":288706273,"owner":29544,"kind":"sampled","unit":80,"class":4,"bound_ms":30000,"quality":"GOOD","age_ms":324,"ts":529651,"updates":51,"value":529}
