--- 1. baseline: everyone direct
19:56:37 C {"t":"event","at_ms":23181,"node":33120,"kind":"peer_admitted","peer":29544,"slot":1,"a":0,"b":0}
19:56:37 C {"t":"event","at_ms":23672,"node":33120,"kind":"peer_admitted","peer":25344,"slot":0,"a":0,"b":0}
19:56:37 C {"t":"event","at_ms":25181,"node":33120,"kind":"peer_admitted","peer":29544,"slot":1,"a":0,"b":0}
19:56:37 C {"t":"event","at_ms":25674,"node":33120,"kind":"peer_admitted","peer":25344,"slot":0,"a":0,"b":0}
19:56:37 C {"t":"event","at_ms":27181,"node":33120,"kind":"peer_admitted","peer":29544,"slot":1,"a":0,"b":0}
19:56:37 C {"t":"event","at_ms":27672,"node":33120,"kind":"peer_admitted","peer":25344,"slot":0,"a":0,"b":0}
19:56:37 C {"t":"event","at_ms":29181,"node":33120,"kind":"peer_admitted","peer":29544,"slot":1,"a":0,"b":0}
19:56:37 C {"t":"event","at_ms":29672,"node":33120,"kind":"peer_admitted","peer":25344,"slot":0,"a":0,"b":0}
19:56:37 C {"t":"event","at_ms":31183,"node":33120,"kind":"peer_admitted","peer":29544,"slot":1,"a":0,"b":0}
19:56:37 C {"t":"event","at_ms":31672,"node":33120,"kind":"peer_admitted","peer":25344,"slot":0,"a":0,"b":0}
19:56:37 C {"t":"link","up_ms":32836,"node":33120,"peer":25344,"mac":"b8:1f:3f:da:63:00","state":"alive","epoch":152,"espnow_ver":2,"mtu":1446,"misses":0,"rssi":-31,"tx":{"frames":49,"cb_ok":47,"cb_fail":2,"enqueue_err":0,"pdr_ppm":959183},"rx":{"frames":357,"lost_seqgap":6,"reorder_dup":0,"dropped_bad":0,"hb_lost":29,"bcast_frames":294,"pdr_ppm":983471},"rtt":{"samples":15,"min_us":5805,"max_us":8442,"timeouts":1,"txq_last_us":0,"txq_max_us":0,"remote_turnaround_us":904,"remote_turnaround_max_us":966,"p50_us":[4000,6000],"p99_us":[8000,11000],"hist":[0,0,0,0,9,4,2,0,0,0,0,0,0,0,0,0]}}
19:56:37 C {"t":"link","up_ms":32888,"node":33120,"peer":29544,"mac":"b8:1f:3f:da:73:68","state":"alive","epoch":68,"espnow_ver":2,"mtu":1446,"misses":0,"rssi":-18,"tx":{"frames":46,"cb_ok":46,"cb_fail":0,"enqueue_err":0,"pdr_ppm":1000000},"rx":{"frames":357,"lost_seqgap":0,"reorder_dup":1,"dropped_bad":0,"hb_lost":4,"bcast_frames":294,"pdr_ppm":1000000},"rtt":{"samples":15,"min_us":5937,"max_us":8298,"timeouts":0,"txq_last_us":3397,"txq_max_us":3397,"remote_turnaround_us":974,"remote_turnaround_max_us":1115,"p50_us":[4000,6000],"p99_us":[8000,11000],"hist":[0,0,0,0,8,6,1,0,0,0,0,0,0,0,0,0]}}
19:56:37 C {"t":"auth","node":33120,"up_ms":32941,"enrolled":1,"required":1,"verified_peers":2,"verified":5,"cache_hits":29,"refused":0,"rate_limited":0,"stale_epoch":0,"verify_us_max":86334,"link_stack_free_b":1692,"crypto_stack_free_b":1220,"tags_ok":92,"bad_tag":1,"replayed":0,"untagged":0,"bcast_dropped":0,"beacon_epoch_ignored":0,"tag_us_max":894}
19:56:37 C {"t":"act","node":33120,"setpoint":0,"has_value":0,"writes_served":0}
19:56:37 C {"t":"peers","node":33120,"own_period_ms":100,"own_busy":0,"channel":1,"scanning":0,"scans":0,"hops":0,"found":0,"lost_to_found_ms":0,"moves_followed":0,"moves_refused":0,"relay":0,"fwd_u":0,"fwd_b":0,"fwd_h":0,"relay_dup":0,"list":[{"id":25344,"state":"alive","via_relay":0,"period_ms":100,"misses":6,"busy":0,"rtt_n":15},{"id":29544,"state":"alive","via_relay":0,"period_ms":100,"misses":6,"busy":0,"rtt_n":15}]}
19:56:37 C {"t":"ss","node":33120,"accepted":0,"unsigned":0,"unknown_sender":0,"bad_signature":0,"replayed":0,"rate_limited":0,"verify_us_max":0,"floors":[{"src":25344,"epoch":139,"counter":1}]}
19:56:37 C {"t":"node","up_ms":33022,"node":33120,"epoch":158,"peers_alive":2,"peers_dead":0,"no_radio":0,"free_dram":228980,"largest_block":180224,"rx":{"total":724,"bad_frame":0,"unknown_peer":8,"wrong_dst":0,"short_payload":0,"unknown_opcode":0,"queue_dropped":7},"tx":{"total":424,"enqueue_err":0,"done_queue_dropped":0},"membership":{"deaths":1,"revivals":1,"reboots_seen":0,"table_full":0,"events_dropped":0}}
19:56:37 C {"t":"ns","node":33120,"hash":13581963,"owner":33120,"kind":"sampled","unit":100,"class":4,"bound_ms":5000,"quality":"GOOD","age_ms":307,"ts":32754,"updates":3,"value":2}
19:56:37 C {"t":"ns","node":33120,"hash":3142365229,"owner":33120,"kind":"sampled","unit":101,"class":4,"bound_ms":30000,"quality":"GOOD","age_ms":321,"ts":32754,"updates":3,"value":180224}
19:56:37 C {"t":"ns","node":33120,"hash":2033492666,"owner":33120,"kind":"sampled","unit":0,"class":3,"bound_ms":0,"quality":"NO_DATA","age_ms":0,"ts":0,"updates":0,"value":null}
19:56:37 C {"t":"ns","node":33120,"hash":2347817554,"owner":33120,"kind":"sampled","unit":100,"class":4,"bound_ms":0,"quality":"GOOD","age_ms":349,"ts":32754,"updates":3,"value":158}
19:56:37 C {"t":"ns","node":33120,"hash":1170356950,"owner":33120,"kind":"sampled","unit":80,"class":4,"bound_ms":30000,"quality":"GOOD","age_ms":362,"ts":32754,"updates":3,"value":32}
19:56:37 C {"t":"ns","node":33120,"hash":3085599597,"owner":33120,"kind":"sampled","unit":0,"class":4,"bound_ms":5000,"quality":"GOOD","age_ms":387,"ts":32754,"updates":3,"value":-31}
19:56:37 C {"t":"ns","node":33120,"hash":2486014333,"owner":33120,"kind":"sampled","unit":101,"class":4,"bound_ms":30000,"quality":"GOOD","age_ms":401,"ts":32754,"updates":3,"value":228980}
19:56:38 B {"t":"event","at_ms":22574,"node":29544,"kind":"peer_admitted","peer":33120,"slot":0,"a":0,"b":0}
19:56:38 B {"t":"event","at_ms":24370,"node":29544,"kind":"peer_admitted","peer":25344,"slot":1,"a":0,"b":0}
19:56:38 B {"t":"event","at_ms":24575,"node":29544,"kind":"peer_admitted","peer":33120,"slot":0,"a":0,"b":0}
19:56:38 B {"t":"event","at_ms":26368,"node":29544,"kind":"peer_admitted","peer":25344,"slot":1,"a":0,"b":0}
19:56:38 B {"t":"event","at_ms":26574,"node":29544,"kind":"peer_admitted","peer":33120,"slot":0,"a":0,"b":0}
19:56:38 B {"t":"event","at_ms":28368,"node":29544,"kind":"peer_admitted","peer":25344,"slot":1,"a":0,"b":0}
19:56:38 B {"t":"event","at_ms":28574,"node":29544,"kind":"peer_admitted","peer":33120,"slot":0,"a":0,"b":0}
19:56:38 B {"t":"event","at_ms":30368,"node":29544,"kind":"peer_admitted","peer":25344,"slot":1,"a":0,"b":0}
19:56:38 B {"t":"event","at_ms":30575,"node":29544,"kind":"peer_admitted","peer":33120,"slot":0,"a":0,"b":0}
19:56:38 B {"t":"event","at_ms":32368,"node":29544,"kind":"peer_admitted","peer":25344,"slot":1,"a":0,"b":0}
19:56:38 B {"t":"event","at_ms":32574,"node":29544,"kind":"peer_admitted","peer":33120,"slot":0,"a":0,"b":0}
19:56:38 B {"t":"link","up_ms":32804,"node":29544,"peer":33120,"mac":"b8:1f:3f:da:81:60","state":"alive","epoch":158,"espnow_ver":2,"mtu":1446,"misses":0,"rssi":-18,"tx":{"frames":50,"cb_ok":50,"cb_fail":0,"enqueue_err":0,"pdr_ppm":1000000},"rx":{"frames":378,"lost_seqgap":0,"reorder_dup":1,"dropped_bad":0,"hb_lost":12,"bcast_frames":311,"pdr_ppm":1000000},"rtt":{"samples":16,"min_us":6175,"max_us":8097,"timeouts":0,"txq_last_us":3661,"txq_max_us":3661,"remote_turnaround_us":907,"remote_turnaround_max_us":1331,"p50_us":[6000,8000],"p99_us":[8000,11000],"hist":[0,0,0,0,0,14,2,0,0,0,0,0,0,0,0,0]}}
19:56:38 B {"t":"link","up_ms":32845,"node":29544,"peer":25344,"mac":"b8:1f:3f:da:63:00","state":"alive","epoch":152,"espnow_ver":2,"mtu":1446,"misses":0,"rssi":-23,"tx":{"frames":47,"cb_ok":47,"cb_fail":0,"enqueue_err":0,"pdr_ppm":1000000},"rx":{"frames":366,"lost_seqgap":0,"reorder_dup":16,"dropped_bad":0,"hb_lost":0,"bcast_frames":305,"pdr_ppm":1000000},"rtt":{"samples":14,"min_us":5941,"max_us":9328,"timeouts":1,"txq_last_us":0,"txq_max_us":0,"remote_turnaround_us":906,"remote_turnaround_max_us":914,"p50_us":[6000,8000],"p99_us":[8000,11000],"hist":[0,0,0,0,1,10,3,0,0,0,0,0,0,0,0,0]}}
19:56:38 B {"t":"auth","node":29544,"up_ms":32898,"enrolled":1,"required":1,"verified_peers":2,"verified":3,"cache_hits":32,"refused":0,"rate_limited":0,"stale_epoch":0,"verify_us_max":87360,"link_stack_free_b":1692,"crypto_stack_free_b":1268,"tags_ok":93,"bad_tag":0,"replayed":0,"untagged":0,"bcast_dropped":0,"beacon_epoch_ignored":0,"tag_us_max":900}
19:56:38 B {"t":"act","node":29544,"setpoint":0,"has_value":0,"writes_served":0}
19:56:38 B {"t":"peers","node":29544,"own_period_ms":100,"own_busy":0,"channel":1,"scanning":0,"scans":0,"hops":0,"found":0,"lost_to_found_ms":0,"moves_followed":0,"moves_refused":0,"relay":0,"fwd_u":0,"fwd_b":0,"fwd_h":0,"relay_dup":0,"list":[{"id":33120,"state":"alive","via_relay":0,"period_ms":100,"misses":6,"busy":0,"rtt_n":16},{"id":25344,"state":"alive","via_relay":0,"period_ms":100,"misses":6,"busy":0,"rtt_n":14}]}
19:56:38 B {"t":"ss","node":29544,"accepted":0,"unsigned":0,"unknown_sender":0,"bad_signature":0,"replayed":0,"rate_limited":0,"verify_us_max":0,"floors":[]}
19:56:38 B {"t":"node","up_ms":32990,"node":29544,"epoch":68,"peers_alive":2,"peers_dead":0,"no_radio":0,"free_dram":229120,"largest_block":180224,"rx":{"total":749,"bad_frame":0,"unknown_peer":3,"wrong_dst":0,"short_payload":0,"unknown_opcode":0,"queue_dropped":8},"tx":{"total":426,"enqueue_err":0,"done_queue_dropped":0},"membership":{"deaths":0,"revivals":0,"reboots_seen":0,"table_full":0,"events_dropped":0}}
19:56:38 B {"t":"ns","node":29544,"hash":96177158,"owner":29544,"kind":"sampled","unit":0,"class":4,"bound_ms":5000,"quality":"GOOD","age_ms":308,"ts":32710,"updates":3,"value":-23}
19:56:38 B {"t":"ns","node":29544,"hash":1162973580,"owner":29544,"kind":"sampled","unit":101,"class":4,"bound_ms":30000,"quality":"GOOD","age_ms":321,"ts":32710,"updates":3,"value":229120}
19:56:39 B {"t":"ns","node":29544,"hash":4013525678,"owner":29544,"kind":"sampled","unit":101,"class":4,"bound_ms":30000,"quality":"GOOD","age_ms":346,"ts":32710,"updates":3,"value":180224}
19:56:39 B {"t":"ns","node":29544,"hash":2033492666,"owner":29544,"kind":"sampled","unit":0,"class":3,"bound_ms":0,"quality":"NO_DATA","age_ms":0,"ts":0,"updates":0,"value":null}
19:56:39 B {"t":"ns","node":29544,"hash":1303338069,"owner":29544,"kind":"sampled","unit":100,"class":4,"bound_ms":0,"quality":"GOOD","age_ms":374,"ts":32710,"updates":3,"value":68}
19:56:39 B {"t":"ns","node":29544,"hash":288706273,"owner":29544,"kind":"sampled","unit":80,"class":4,"bound_ms":30000,"quality":"GOOD","age_ms":387,"ts":32710,"updates":3,"value":32}
19:56:39 B {"t":"ns","node":29544,"hash":2548334194,"owner":29544,"kind":"sampled","unit":100,"class":4,"bound_ms":5000,"quality":"GOOD","age_ms":401,"ts":32710,"updates":3,"value":2}
19:56:41 A {"t":"event","at_ms":33378,"node":25344,"kind":"peer_admitted","peer":29544,"slot":1,"a":0,"b":0}
19:56:41 A {"t":"event","at_ms":34075,"node":25344,"kind":"peer_admitted","peer":33120,"slot":0,"a":0,"b":0}
19:56:41 A {"t":"event","at_ms":35378,"node":25344,"kind":"peer_admitted","peer":29544,"slot":1,"a":0,"b":0}
19:56:41 A {"t":"event","at_ms":36075,"node":25344,"kind":"peer_admitted","peer":33120,"slot":0,"a":0,"b":0}
19:56:41 A {"t":"event","at_ms":37380,"node":25344,"kind":"peer_admitted","peer":29544,"slot":1,"a":0,"b":0}
19:56:41 A {"t":"event","at_ms":38077,"node":25344,"kind":"peer_admitted","peer":33120,"slot":0,"a":0,"b":0}
19:56:41 A {"t":"event","at_ms":39378,"node":25344,"kind":"peer_admitted","peer":29544,"slot":1,"a":0,"b":0}
19:56:41 A {"t":"event","at_ms":40075,"node":25344,"kind":"peer_admitted","peer":33120,"slot":0,"a":0,"b":0}
19:56:41 A {"t":"event","at_ms":41378,"node":25344,"kind":"peer_admitted","peer":29544,"slot":1,"a":0,"b":0}
19:56:41 A {"t":"event","at_ms":42075,"node":25344,"kind":"peer_admitted","peer":33120,"slot":0,"a":0,"b":0}
19:56:41 A {"t":"link","up_ms":43219,"node":25344,"peer":33120,"mac":"b8:1f:3f:da:81:60","state":"alive","epoch":158,"espnow_ver":2,"mtu":1446,"misses":0,"rssi":-32,"tx":{"frames":62,"cb_ok":57,"cb_fail":5,"enqueue_err":0,"pdr_ppm":919354},"rx":{"frames":420,"lost_seqgap":0,"reorder_dup":3,"dropped_bad":0,"hb_lost":14,"bcast_frames":342,"pdr_ppm":1000000},"rtt":{"samples":18,"min_us":5814,"max_us":29852,"timeouts":6,"txq_last_us":10671,"txq_max_us":10671,"remote_turnaround_us":1000,"remote_turnaround_max_us":1077,"p50_us":[4000,6000],"p99_us":[22000,30000],"hist":[0,0,0,0,10,5,0,2,0,1,0,0,0,0,0,0]}}
19:56:41 A {"t":"link","up_ms":43272,"node":25344,"peer":29544,"mac":"b8:1f:3f:da:73:68","state":"alive","epoch":68,"espnow_ver":2,"mtu":1446,"misses":0,"rssi":-22,"tx":{"frames":48,"cb_ok":48,"cb_fail":0,"enqueue_err":0,"pdr_ppm":1000000},"rx":{"frames":383,"lost_seqgap":0,"reorder_dup":0,"dropped_bad":0,"hb_lost":0,"bcast_frames":319,"pdr_ppm":1000000},"rtt":{"samples":16,"min_us":5899,"max_us":9808,"timeouts":0,"txq_last_us":0,"txq_max_us":0,"remote_turnaround_us":961,"remote_turnaround_max_us":1027,"p50_us":[4000,6000],"p99_us":[8000,11000],"hist":[0,0,0,0,10,4,2,0,0,0,0,0,0,0,0,0]}}
19:56:41 A {"t":"auth","node":25344,"up_ms":43325,"enrolled":1,"required":1,"verified_peers":2,"verified":3,"cache_hits":32,"refused":3,"rate_limited":0,"stale_epoch":0,"verify_us_max":86935,"link_stack_free_b":1692,"crypto_stack_free_b":1268,"tags_ok":103,"bad_tag":0,"replayed":2,"untagged":0,"bcast_dropped":0,"beacon_epoch_ignored":4,"tag_us_max":770}
19:56:41 A {"t":"act","node":25344,"setpoint":0,"has_value":0,"writes_served":0}
19:56:41 A {"t":"peers","node":25344,"own_period_ms":100,"own_busy":0,"channel":1,"scanning":0,"scans":1,"hops":12,"found":0,"lost_to_found_ms":0,"moves_followed":0,"moves_refused":0,"relay":0,"fwd_u":0,"fwd_b":0,"fwd_h":0,"relay_dup":0,"list":[{"id":33120,"state":"alive","via_relay":0,"period_ms":100,"misses":6,"busy":0,"rtt_n":18},{"id":29544,"state":"alive","via_relay":0,"period_ms":100,"misses":6,"busy":0,"rtt_n":16}]}
19:56:41 A {"t":"ss","node":25344,"accepted":0,"unsigned":0,"unknown_sender":0,"bad_signature":0,"replayed":0,"rate_limited":0,"verify_us_max":0,"floors":[]}
19:56:41 A {"t":"node","up_ms":43406,"node":25344,"epoch":152,"peers_alive":2,"peers_dead":0,"no_radio":0,"free_dram":228852,"largest_block":180224,"rx":{"total":856,"bad_frame":0,"unknown_peer":49,"wrong_dst":0,"short_payload":0,"unknown_opcode":0,"queue_dropped":10},"tx":{"total":561,"enqueue_err":0,"done_queue_dropped":0},"membership":{"deaths":1,"revivals":0,"reboots_seen":1,"table_full":0,"events_dropped":0}}
19:56:41 A {"t":"ns","node":25344,"hash":2410274060,"owner":25344,"kind":"sampled","unit":100,"class":4,"bound_ms":0,"quality":"GOOD","age_ms":307,"ts":43138,"updates":4,"value":152}
19:56:41 A {"t":"ns","node":25344,"hash":1274253983,"owner":25344,"kind":"sampled","unit":0,"class":4,"bound_ms":5000,"quality":"GOOD","age_ms":321,"ts":43138,"updates":4,"value":-32}
19:56:41 A {"t":"ns","node":25344,"hash":3354298913,"owner":25344,"kind":"sampled","unit":100,"class":4,"bound_ms":5000,"quality":"GOOD","age_ms":335,"ts":43138,"updates":4,"value":2}
19:56:42 A {"t":"ns","node":25344,"hash":1771187623,"owner":25344,"kind":"sampled","unit":101,"class":4,"bound_ms":30000,"quality":"GOOD","age_ms":348,"ts":43138,"updates":4,"value":228852}
19:56:42 A {"t":"ns","node":25344,"hash":2033492666,"owner":25344,"kind":"sampled","unit":0,"class":3,"bound_ms":0,"quality":"NO_DATA","age_ms":0,"ts":0,"updates":0,"value":null}
19:56:42 A {"t":"ns","node":25344,"hash":4103947588,"owner":25344,"kind":"sampled","unit":80,"class":4,"bound_ms":30000,"quality":"GOOD","age_ms":375,"ts":43138,"updates":4,"value":43}
19:56:42 A {"t":"ns","node":25344,"hash":1662441583,"owner":25344,"kind":"sampled","unit":101,"class":4,"bound_ms":30000,"quality":"GOOD","age_ms":400,"ts":43138,"updates":4,"value":180224}
19:56:47 C {"t":"event","at_ms":33181,"node":33120,"kind":"peer_admitted","peer":29544,"slot":1,"a":0,"b":0}
19:56:47 C {"t":"event","at_ms":33672,"node":33120,"kind":"peer_admitted","peer":25344,"slot":0,"a":0,"b":0}
19:56:47 C {"t":"event","at_ms":35181,"node":33120,"kind":"peer_admitted","peer":29544,"slot":1,"a":0,"b":0}
19:56:47 C {"t":"event","at_ms":35672,"node":33120,"kind":"peer_admitted","peer":25344,"slot":0,"a":0,"b":0}
19:56:47 C {"t":"event","at_ms":37186,"node":33120,"kind":"peer_admitted","peer":29544,"slot":1,"a":0,"b":0}
19:56:47 C {"t":"event","at_ms":37672,"node":33120,"kind":"peer_admitted","peer":25344,"slot":0,"a":0,"b":0}
19:56:47 C {"t":"event","at_ms":39181,"node":33120,"kind":"peer_admitted","peer":29544,"slot":1,"a":0,"b":0}
19:56:47 C {"t":"event","at_ms":39672,"node":33120,"kind":"peer_admitted","peer":25344,"slot":0,"a":0,"b":0}
19:56:47 C {"t":"event","at_ms":41181,"node":33120,"kind":"peer_admitted","peer":29544,"slot":1,"a":0,"b":0}
19:56:47 C {"t":"event","at_ms":41672,"node":33120,"kind":"peer_admitted","peer":25344,"slot":0,"a":0,"b":0}
19:56:47 C {"t":"event","at_ms":43181,"node":33120,"kind":"peer_admitted","peer":29544,"slot":1,"a":0,"b":0}
19:56:47 C {"t":"link","up_ms":43263,"node":33120,"peer":25344,"mac":"b8:1f:3f:da:63:00","state":"alive","epoch":152,"espnow_ver":2,"mtu":1446,"misses":0,"rssi":-32,"tx":{"frames":64,"cb_ok":62,"cb_fail":2,"enqueue_err":0,"pdr_ppm":968750},"rx":{"frames":482,"lost_seqgap":6,"reorder_dup":0,"dropped_bad":0,"hb_lost":29,"bcast_frames":399,"pdr_ppm":987704},"rtt":{"samples":20,"min_us":5805,"max_us":8630,"timeouts":1,"txq_last_us":0,"txq_max_us":0,"remote_turnaround_us":904,"remote_turnaround_max_us":966,"p50_us":[4000,6000],"p99_us":[8000,11000],"hist":[0,0,0,0,12,5,3,0,0,0,0,0,0,0,0,0]}}
19:56:47 C {"t":"link","up_ms":43304,"node":33120,"peer":29544,"mac":"b8:1f:3f:da:73:68","state":"alive","epoch":68,"espnow_ver":2,"mtu":1446,"misses":0,"rssi":-18,"tx":{"frames":62,"cb_ok":62,"cb_fail":0,"enqueue_err":0,"pdr_ppm":1000000},"rx":{"frames":480,"lost_seqgap":0,"reorder_dup":1,"dropped_bad":0,"hb_lost":6,"bcast_frames":396,"pdr_ppm":1000000},"rtt":{"samples":20,"min_us":5916,"max_us":8298,"timeouts":0,"txq_last_us":3397,"txq_max_us":3397,"remote_turnaround_us":961,"remote_turnaround_max_us":1115,"p50_us":[4000,6000],"p99_us":[8000,11000],"hist":[0,0,0,0,13,6,1,0,0,0,0,0,0,0,0,0]}}
19:56:47 C {"t":"auth","node":33120,"up_ms":43358,"enrolled":1,"required":1,"verified_peers":2,"verified":5,"cache_hits":40,"refused":0,"rate_limited":0,"stale_epoch":0,"verify_us_max":86334,"link_stack_free_b":1692,"crypto_stack_free_b":1220,"tags_ok":122,"bad_tag":1,"replayed":0,"untagged":0,"bcast_dropped":0,"beacon_epoch_ignored":0,"tag_us_max":894}
19:56:47 C {"t":"act","node":33120,"setpoint":0,"has_value":0,"writes_served":0}
19:56:47 C {"t":"peers","node":33120,"own_period_ms":100,"own_busy":0,"channel":1,"scanning":0,"scans":0,"hops":0,"found":0,"lost_to_found_ms":0,"moves_followed":0,"moves_refused":0,"relay":0,"fwd_u":0,"fwd_b":0,"fwd_h":0,"relay_dup":0,"list":[{"id":25344,"state":"alive","via_relay":0,"period_ms":100,"misses":6,"busy":0,"rtt_n":20},{"id":29544,"state":"alive","via_relay":0,"period_ms":100,"misses":6,"busy":0,"rtt_n":20}]}
19:56:47 C {"t":"ss","node":33120,"accepted":0,"unsigned":0,"unknown_sender":0,"bad_signature":0,"replayed":0,"rate_limited":0,"verify_us_max":0,"floors":[{"src":25344,"epoch":139,"counter":1}]}
19:56:47 C {"t":"node","up_ms":43449,"node":33120,"epoch":158,"peers_alive":2,"peers_dead":0,"no_radio":0,"free_dram":228980,"largest_block":180224,"rx":{"total":971,"bad_frame":0,"unknown_peer":8,"wrong_dst":0,"short_payload":0,"unknown_opcode":0,"queue_dropped":7},"tx":{"total":564,"enqueue_err":0,"done_queue_dropped":0},"membership":{"deaths":1,"revivals":1,"reboots_seen":0,"table_full":0,"events_dropped":0}}
19:56:47 C {"t":"ns","node":33120,"hash":13581963,"owner":33120,"kind":"sampled","unit":100,"class":4,"bound_ms":5000,"quality":"GOOD","age_ms":320,"ts":43169,"updates":4,"value":2}
19:56:47 C {"t":"ns","node":33120,"hash":3142365229,"owner":33120,"kind":"sampled","unit":101,"class":4,"bound_ms":30000,"quality":"GOOD","age_ms":334,"ts":43169,"updates":4,"value":180224}
19:56:48 C {"t":"ns","node":33120,"hash":2033492666,"owner":33120,"kind":"sampled","unit":0,"class":3,"bound_ms":0,"quality":"NO_DATA","age_ms":0,"ts":0,"updates":0,"value":null}
19:56:48 C {"t":"ns","node":33120,"hash":2347817554,"owner":33120,"kind":"sampled","unit":100,"class":4,"bound_ms":0,"quality":"GOOD","age_ms":361,"ts":43169,"updates":4,"value":158}
19:56:48 C {"t":"ns","node":33120,"hash":1170356950,"owner":33120,"kind":"sampled","unit":80,"class":4,"bound_ms":30000,"quality":"GOOD","age_ms":374,"ts":43169,"updates":4,"value":43}
19:56:48 C {"t":"ns","node":33120,"hash":3085599597,"owner":33120,"kind":"sampled","unit":0,"class":4,"bound_ms":5000,"quality":"GOOD","age_ms":388,"ts":43169,"updates":4,"value":-33}
19:56:48 C {"t":"ns","node":33120,"hash":2486014333,"owner":33120,"kind":"sampled","unit":101,"class":4,"bound_ms":30000,"quality":"GOOD","age_ms":402,"ts":43169,"updates":4,"value":228980}
19:56:48 A {"t":"test","cmd":"deaf","list":[29544,0,0,0]}
--- 2. A and B out of each other's range, no relay
19:56:49 B {"t":"test","cmd":"deaf","list":[25344,0,0,0]}
19:56:49 B {"t":"event","at_ms":34368,"node":29544,"kind":"peer_admitted","peer":25344,"slot":1,"a":0,"b":0}
19:56:49 B {"t":"event","at_ms":34574,"node":29544,"kind":"peer_admitted","peer":33120,"slot":0,"a":0,"b":0}
19:56:49 B {"t":"event","at_ms":36368,"node":29544,"kind":"peer_admitted","peer":25344,"slot":1,"a":0,"b":0}
19:56:49 B {"t":"event","at_ms":36574,"node":29544,"kind":"peer_admitted","peer":33120,"slot":0,"a":0,"b":0}
19:56:49 B {"t":"event","at_ms":38368,"node":29544,"kind":"peer_admitted","peer":25344,"slot":1,"a":0,"b":0}
19:56:49 B {"t":"event","at_ms":38574,"node":29544,"kind":"peer_admitted","peer":33120,"slot":0,"a":0,"b":0}
19:56:49 B {"t":"event","at_ms":40368,"node":29544,"kind":"peer_admitted","peer":25344,"slot":1,"a":0,"b":0}
19:56:49 B {"t":"event","at_ms":40574,"node":29544,"kind":"peer_admitted","peer":33120,"slot":0,"a":0,"b":0}
19:56:49 B {"t":"event","at_ms":42370,"node":29544,"kind":"peer_admitted","peer":25344,"slot":1,"a":0,"b":0}
19:56:49 B {"t":"event","at_ms":42574,"node":29544,"kind":"peer_admitted","peer":33120,"slot":0,"a":0,"b":0}
19:56:49 B {"t":"link","up_ms":43206,"node":29544,"peer":33120,"mac":"b8:1f:3f:da:81:60","state":"alive","epoch":158,"espnow_ver":2,"mtu":1446,"misses":0,"rssi":-18,"tx":{"frames":65,"cb_ok":65,"cb_fail":0,"enqueue_err":0,"pdr_ppm":1000000},"rx":{"frames":500,"lost_seqgap":0,"reorder_dup":1,"dropped_bad":0,"hb_lost":14,"bcast_frames":413,"pdr_ppm":1000000},"rtt":{"samples":21,"min_us":6130,"max_us":8410,"timeouts":0,"txq_last_us":3661,"txq_max_us":3661,"remote_turnaround_us":905,"remote_turnaround_max_us":1331,"p50_us":[6000,8000],"p99_us":[8000,11000],"hist":[0,0,0,0,0,18,3,0,0,0,0,0,0,0,0,0]}}
19:56:49 B {"t":"link","up_ms":43259,"node":29544,"peer":25344,"mac":"b8:1f:3f:da:63:00","state":"alive","epoch":152,"espnow_ver":2,"mtu":1446,"misses":3,"rssi":-23,"tx":{"frames":62,"cb_ok":62,"cb_fail":0,"enqueue_err":0,"pdr_ppm":1000000},"rx":{"frames":488,"lost_seqgap":0,"reorder_dup":16,"dropped_bad":0,"hb_lost":0,"bcast_frames":407,"pdr_ppm":1000000},"rtt":{"samples":19,"min_us":5906,"max_us":9328,"timeouts":1,"txq_last_us":0,"txq_max_us":0,"remote_turnaround_us":908,"remote_turnaround_max_us":939,"p50_us":[6000,8000],"p99_us":[8000,11000],"hist":[0,0,0,0,3,12,4,0,0,0,0,0,0,0,0,0]}}
19:56:49 B {"t":"auth","node":29544,"up_ms":43312,"enrolled":1,"required":1,"verified_peers":2,"verified":3,"cache_hits":42,"refused":0,"rate_limited":0,"stale_epoch":0,"verify_us_max":87360,"link_stack_free_b":1692,"crypto_stack_free_b":1268,"tags_ok":123,"bad_tag":0,"replayed":0,"untagged":0,"bcast_dropped":0,"beacon_epoch_ignored":0,"tag_us_max":900}
19:56:49 B {"t":"act","node":29544,"setpoint":0,"has_value":0,"writes_served":0}
19:56:49 B {"t":"peers","node":29544,"own_period_ms":100,"own_busy":0,"channel":1,"scanning":0,"scans":0,"hops":0,"found":0,"lost_to_found_ms":0,"moves_followed":0,"moves_refused":0,"relay":0,"fwd_u":0,"fwd_b":0,"fwd_h":0,"relay_dup":0,"list":[{"id":33120,"state":"alive","via_relay":0,"period_ms":100,"misses":6,"busy":0,"rtt_n":21},{"id":25344,"state":"alive","via_relay":0,"period_ms":100,"misses":6,"busy":0,"rtt_n":19}]}
19:56:49 B {"t":"ss","node":29544,"accepted":0,"unsigned":0,"unknown_sender":0,"bad_signature":0,"replayed":0,"rate_limited":0,"verify_us_max":0,"floors":[]}
19:56:49 B {"t":"node","up_ms":43394,"node":29544,"epoch":68,"peers_alive":2,"peers_dead":0,"no_radio":0,"free_dram":229120,"largest_block":180224,"rx":{"total":991,"bad_frame":0,"unknown_peer":3,"wrong_dst":0,"short_payload":0,"unknown_opcode":0,"queue_dropped":8},"tx":{"total":565,"enqueue_err":0,"done_queue_dropped":0},"membership":{"deaths":0,"revivals":0,"reboots_seen":0,"table_full":0,"events_dropped":0}}
19:56:49 B {"t":"ns","node":29544,"hash":96177158,"owner":29544,"kind":"sampled","unit":0,"class":4,"bound_ms":5000,"quality":"GOOD","age_ms":308,"ts":43125,"updates":4,"value":-23}
19:56:49 B {"t":"ns","node":29544,"hash":1162973580,"owner":29544,"kind":"sampled","unit":101,"class":4,"bound_ms":30000,"quality":"GOOD","age_ms":321,"ts":43125,"updates":4,"value":229120}
19:56:49 A W (51297) pot.m0: peer 0x7368 declared DEAD after 6 misses (692 ms silent)
19:56:49 B {"t":"ns","node":29544,"hash":4013525678,"owner":29544,"kind":"sampled","unit":101,"class":4,"bound_ms":30000,"quality":"GOOD","age_ms":335,"ts":43125,"updates":4,"value":180224}
19:56:49 B {"t":"ns","node":29544,"hash":2033492666,"owner":29544,"kind":"sampled","unit":0,"class":3,"bound_ms":0,"quality":"NO_DATA","age_ms":0,"ts":0,"updates":0,"value":null}
19:56:49 B {"t":"ns","node":29544,"hash":1303338069,"owner":29544,"kind":"sampled","unit":100,"class":4,"bound_ms":0,"quality":"GOOD","age_ms":363,"ts":43125,"updates":4,"value":68}
19:56:49 B {"t":"ns","node":29544,"hash":288706273,"owner":29544,"kind":"sampled","unit":80,"class":4,"bound_ms":30000,"quality":"GOOD","age_ms":377,"ts":43125,"updates":4,"value":43}
19:56:49 B {"t":"ns","node":29544,"hash":2548334194,"owner":29544,"kind":"sampled","unit":100,"class":4,"bound_ms":5000,"quality":"GOOD","age_ms":390,"ts":43125,"updates":4,"value":2}
19:56:49 B W (43902) pot.m0: peer 0x6300 declared DEAD after 6 misses (605 ms silent)
19:56:52 A {"t":"event","at_ms":43383,"node":25344,"kind":"peer_admitted","peer":29544,"slot":1,"a":0,"b":0}
19:56:52 A {"t":"event","at_ms":44075,"node":25344,"kind":"peer_admitted","peer":33120,"slot":0,"a":0,"b":0}
19:56:52 A {"t":"event","at_ms":45378,"node":25344,"kind":"peer_admitted","peer":29544,"slot":1,"a":0,"b":0}
19:56:52 A {"t":"event","at_ms":46075,"node":25344,"kind":"peer_admitted","peer":33120,"slot":0,"a":0,"b":0}
19:56:52 A {"t":"event","at_ms":47378,"node":25344,"kind":"peer_admitted","peer":29544,"slot":1,"a":0,"b":0}
19:56:52 A {"t":"event","at_ms":48075,"node":25344,"kind":"peer_admitted","peer":33120,"slot":0,"a":0,"b":0}
19:56:52 A {"t":"event","at_ms":49378,"node":25344,"kind":"peer_admitted","peer":29544,"slot":1,"a":0,"b":0}
19:56:52 A {"t":"event","at_ms":50075,"node":25344,"kind":"peer_admitted","peer":33120,"slot":0,"a":0,"b":0}
19:56:52 A {"t":"event","at_ms":50948,"node":25344,"kind":"peer_dead","peer":29544,"slot":1,"a":6,"b":692}
19:56:52 A {"t":"event","at_ms":52078,"node":25344,"kind":"peer_admitted","peer":33120,"slot":0,"a":0,"b":0}
19:56:52 A {"t":"event","at_ms":52772,"node":25344,"kind":"probe_timeout","peer":29544,"slot":1,"a":21,"b":0}
19:56:52 A {"t":"link","up_ms":53646,"node":25344,"peer":33120,"mac":"b8:1f:3f:da:81:60","state":"alive","epoch":158,"espnow_ver":2,"mtu":1446,"misses":0,"rssi":-32,"tx":{"frames":77,"cb_ok":72,"cb_fail":5,"enqueue_err":0,"pdr_ppm":935064},"rx":{"frames":543,"lost_seqgap":0,"reorder_dup":3,"dropped_bad":0,"hb_lost":15,"bcast_frames":445,"pdr_ppm":1000000},"rtt":{"samples":23,"min_us":5814,"max_us":29852,"timeouts":6,"txq_last_us":10671,"txq_max_us":10671,"remote_turnaround_us":919,"remote_turnaround_max_us":1077,"p50_us":[4000,6000],"p99_us":[22000,30000],"hist":[0,0,0,0,12,5,3,2,0,1,0,0,0,0,0,0]}}
19:56:52 A {"t":"link","up_ms":53688,"node":25344,"peer":29544,"mac":"b8:1f:3f:da:73:68","state":"dead","epoch":68,"espnow_ver":2,"mtu":1446,"misses":6,"rssi":-22,"tx":{"frames":60,"cb_ok":60,"cb_fail":0,"enqueue_err":0,"pdr_ppm":1000000},"rx":{"frames":468,"lost_seqgap":0,"reorder_dup":0,"dropped_bad":0,"hb_lost":0,"bcast_frames":389,"pdr_ppm":1000000},"rtt":{"samples":20,"min_us":5899,"max_us":9808,"timeouts":1,"txq_last_us":0,"txq_max_us":0,"remote_turnaround_us":977,"remote_turnaround_max_us":1027,"p50_us":[4000,6000],"p99_us":[8000,11000],"hist":[0,0,0,0,14,4,2,0,0,0,0,0,0,0,0,0]}}
19:56:52 A {"t":"auth","node":25344,"up_ms":53741,"enrolled":1,"required":1,"verified_peers":2,"verified":3,"cache_hits":41,"refused":3,"rate_limited":0,"stale_epoch":0,"verify_us_max":86935,"link_stack_free_b":1692,"crypto_stack_free_b":1268,"tags_ok":129,"bad_tag":0,"replayed":2,"untagged":0,"bcast_dropped":0,"beacon_epoch_ignored":4,"tag_us_max":770}
19:56:52 A {"t":"act","node":25344,"setpoint":0,"has_value":0,"writes_served":0}
19:56:52 A {"t":"peers","node":25344,"own_period_ms":100,"own_busy":0,"channel":1,"scanning":0,"scans":1,"hops":12,"found":0,"lost_to_found_ms":0,"moves_followed":0,"moves_refused":0,"relay":0,"fwd_u":0,"fwd_b":0,"fwd_h":0,"relay_dup":0,"list":[{"id":33120,"state":"alive","via_relay":0,"period_ms":100,"misses":6,"busy":0,"rtt_n":23},{"id":29544,"state":"dead","via_relay":0,"period_ms":100,"misses":6,"busy":0,"rtt_n":20}]}
19:56:52 A {"t":"ss","node":25344,"accepted":0,"unsigned":0,"unknown_sender":0,"bad_signature":0,"replayed":0,"rate_limited":0,"verify_us_max":0,"floors":[]}
19:56:52 A {"t":"node","up_ms":53833,"node":25344,"epoch":152,"peers_alive":1,"peers_dead":1,"no_radio":0,"free_dram":228852,"largest_block":180224,"rx":{"total":1062,"bad_frame":0,"unknown_peer":49,"wrong_dst":0,"short_payload":0,"unknown_opcode":0,"queue_dropped":10},"tx":{"total":697,"enqueue_err":0,"done_queue_dropped":0},"membership":{"deaths":2,"revivals":0,"reboots_seen":1,"table_full":0,"events_dropped":0}}
19:56:52 A {"t":"ns","node":25344,"hash":2410274060,"owner":25344,"kind":"sampled","unit":100,"class":4,"bound_ms":0,"quality":"GOOD","age_ms":308,"ts":53553,"updates":5,"value":152}
19:56:52 A {"t":"ns","node":25344,"hash":1274253983,"owner":25344,"kind":"sampled","unit":0,"class":4,"bound_ms":5000,"quality":"GOOD","age_ms":322,"ts":53553,"updates":5,"value":-32}
19:56:52 A {"t":"ns","node":25344,"hash":3354298913,"owner":25344,"kind":"sampled","unit":100,"class":4,"bound_ms":5000,"quality":"GOOD","age_ms":347,"ts":53553,"updates":5,"value":1}
19:56:52 A {"t":"ns","node":25344,"hash":1771187623,"owner":25344,"kind":"sampled","unit":101,"class":4,"bound_ms":30000,"quality":"GOOD","age_ms":361,"ts":53553,"updates":5,"value":228852}
19:56:52 A {"t":"ns","node":25344,"hash":2033492666,"owner":25344,"kind":"sampled","unit":0,"class":3,"bound_ms":0,"quality":"NO_DATA","age_ms":0,"ts":0,"updates":0,"value":null}
19:56:52 A {"t":"ns","node":25344,"hash":4103947588,"owner":25344,"kind":"sampled","unit":80,"class":4,"bound_ms":30000,"quality":"GOOD","age_ms":388,"ts":53553,"updates":5,"value":53}
19:56:52 A {"t":"ns","node":25344,"hash":1662441583,"owner":25344,"kind":"sampled","unit":101,"class":4,"bound_ms":30000,"quality":"GOOD","age_ms":402,"ts":53553,"updates":5,"value":180224}
19:56:58 C {"t":"event","at_ms":43674,"node":33120,"kind":"peer_admitted","peer":25344,"slot":0,"a":0,"b":0}
19:56:58 C {"t":"event","at_ms":45182,"node":33120,"kind":"peer_admitted","peer":29544,"slot":1,"a":0,"b":0}
19:56:58 C {"t":"event","at_ms":45672,"node":33120,"kind":"peer_admitted","peer":25344,"slot":0,"a":0,"b":0}
19:56:58 C {"t":"event","at_ms":47181,"node":33120,"kind":"peer_admitted","peer":29544,"slot":1,"a":0,"b":0}
19:56:58 C {"t":"event","at_ms":47672,"node":33120,"kind":"peer_admitted","peer":25344,"slot":0,"a":0,"b":0}
19:56:58 C {"t":"event","at_ms":49182,"node":33120,"kind":"peer_admitted","peer":29544,"slot":1,"a":0,"b":0}
19:56:58 C {"t":"event","at_ms":49672,"node":33120,"kind":"peer_admitted","peer":25344,"slot":0,"a":0,"b":0}
19:56:58 C {"t":"event","at_ms":51181,"node":33120,"kind":"peer_admitted","peer":29544,"slot":1,"a":0,"b":0}
19:56:58 C {"t":"event","at_ms":51672,"node":33120,"kind":"peer_admitted","peer":25344,"slot":0,"a":0,"b":0}
19:56:58 C {"t":"event","at_ms":53181,"node":33120,"kind":"peer_admitted","peer":29544,"slot":1,"a":0,"b":0}
19:56:58 C {"t":"link","up_ms":53667,"node":33120,"peer":25344,"mac":"b8:1f:3f:da:63:00","state":"alive","epoch":152,"espnow_ver":2,"mtu":1446,"misses":0,"rssi":-31,"tx":{"frames":79,"cb_ok":77,"cb_fail":2,"enqueue_err":0,"pdr_ppm":974683},"rx":{"frames":606,"lost_seqgap":6,"reorder_dup":0,"dropped_bad":0,"hb_lost":29,"bcast_frames":503,"pdr_ppm":990196},"rtt":{"samples":25,"min_us":5805,"max_us":8630,"timeouts":1,"txq_last_us":0,"txq_max_us":0,"remote_turnaround_us":951,"remote_turnaround_max_us":978,"p50_us":[4000,6000],"p99_us":[8000,11000],"hist":[0,0,0,0,17,5,3,0,0,0,0,0,0,0,0,0]}}
19:56:58 C {"t":"link","up_ms":53720,"node":33120,"peer":29544,"mac":"b8:1f:3f:da:73:68","state":"alive","epoch":68,"espnow_ver":2,"mtu":1446,"misses":0,"rssi":-18,"tx":{"frames":77,"cb_ok":77,"cb_fail":0,"enqueue_err":0,"pdr_ppm":1000000},"rx":{"frames":603,"lost_seqgap":0,"reorder_dup":1,"dropped_bad":0,"hb_lost":7,"bcast_frames":499,"pdr_ppm":1000000},"rtt":{"samples":25,"min_us":5888,"max_us":8298,"timeouts":0,"txq_last_us":3397,"txq_max_us":3397,"remote_turnaround_us":956,"remote_turnaround_max_us":1115,"p50_us":[4000,6000],"p99_us":[8000,11000],"hist":[0,0,0,0,16,7,2,0,0,0,0,0,0,0,0,0]}}
19:56:58 C {"t":"auth","node":33120,"up_ms":53773,"enrolled":1,"required":1,"verified_peers":2,"verified":5,"cache_hits":51,"refused":0,"rate_limited":0,"stale_epoch":0,"verify_us_max":86334,"link_stack_free_b":1692,"crypto_stack_free_b":1220,"tags_ok":152,"bad_tag":1,"replayed":0,"untagged":0,"bcast_dropped":0,"beacon_epoch_ignored":0,"tag_us_max":894}
19:56:58 C {"t":"act","node":33120,"setpoint":0,"has_value":0,"writes_served":0}
19:56:58 C {"t":"peers","node":33120,"own_period_ms":100,"own_busy":0,"channel":1,"scanning":0,"scans":0,"hops":0,"found":0,"lost_to_found_ms":0,"moves_followed":0,"moves_refused":0,"relay":0,"fwd_u":0,"fwd_b":0,"fwd_h":0,"relay_dup":0,"list":[{"id":25344,"state":"alive","via_relay":0,"period_ms":100,"misses":6,"busy":0,"rtt_n":25},{"id":29544,"state":"alive","via_relay":0,"period_ms":100,"misses":6,"busy":0,"rtt_n":26}]}
19:56:58 C {"t":"ss","node":33120,"accepted":0,"unsigned":0,"unknown_sender":0,"bad_signature":0,"replayed":0,"rate_limited":0,"verify_us_max":0,"floors":[{"src":25344,"epoch":139,"counter":1}]}
19:56:58 C {"t":"node","up_ms":53854,"node":33120,"epoch":158,"peers_alive":2,"peers_dead":0,"no_radio":0,"free_dram":228980,"largest_block":180224,"rx":{"total":1221,"bad_frame":0,"unknown_peer":8,"wrong_dst":0,"short_payload":0,"unknown_opcode":0,"queue_dropped":7},"tx":{"total":705,"enqueue_err":0,"done_queue_dropped":0},"membership":{"deaths":1,"revivals":1,"reboots_seen":0,"table_full":0,"events_dropped":0}}
19:56:58 C {"t":"ns","node":33120,"hash":13581963,"owner":33120,"kind":"sampled","unit":100,"class":4,"bound_ms":5000,"quality":"GOOD","age_ms":308,"ts":53586,"updates":5,"value":2}
19:56:58 C {"t":"ns","node":33120,"hash":3142365229,"owner":33120,"kind":"sampled","unit":101,"class":4,"bound_ms":30000,"quality":"GOOD","age_ms":322,"ts":53586,"updates":5,"value":180224}
19:56:58 C {"t":"ns","node":33120,"hash":2033492666,"owner":33120,"kind":"sampled","unit":0,"class":3,"bound_ms":0,"quality":"NO_DATA","age_ms":0,"ts":0,"updates":0,"value":null}
19:56:58 C {"t":"ns","node":33120,"hash":2347817554,"owner":33120,"kind":"sampled","unit":100,"class":4,"bound_ms":0,"quality":"GOOD","age_ms":349,"ts":53586,"updates":5,"value":158}
19:56:58 C {"t":"ns","node":33120,"hash":1170356950,"owner":33120,"kind":"sampled","unit":80,"class":4,"bound_ms":30000,"quality":"GOOD","age_ms":362,"ts":53586,"updates":5,"value":53}
19:56:58 C {"t":"ns","node":33120,"hash":3085599597,"owner":33120,"kind":"sampled","unit":0,"class":4,"bound_ms":5000,"quality":"GOOD","age_ms":387,"ts":53586,"updates":5,"value":-31}
19:56:58 C {"t":"ns","node":33120,"hash":2486014333,"owner":33120,"kind":"sampled","unit":101,"class":4,"bound_ms":30000,"quality":"GOOD","age_ms":401,"ts":53586,"updates":5,"value":228980}
19:56:59 B {"t":"event","at_ms":43553,"node":29544,"kind":"peer_dead","peer":25344,"slot":1,"a":6,"b":605}
19:56:59 B {"t":"event","at_ms":44576,"node":29544,"kind":"peer_admitted","peer":33120,"slot":0,"a":0,"b":0}
19:56:59 B {"t":"event","at_ms":44754,"node":29544,"kind":"probe_timeout","peer":25344,"slot":1,"a":21,"b":0}
19:56:59 B {"t":"event","at_ms":46574,"node":29544,"kind":"peer_admitted","peer":33120,"slot":0,"a":0,"b":0}
19:56:59 B {"t":"event","at_ms":46754,"node":29544,"kind":"probe_timeout","peer":25344,"slot":1,"a":22,"b":0}
19:56:59 B {"t":"event","at_ms":48574,"node":29544,"kind":"peer_admitted","peer":33120,"slot":0,"a":0,"b":0}
19:56:59 B {"t":"event","at_ms":48754,"node":29544,"kind":"probe_timeout","peer":25344,"slot":1,"a":23,"b":0}
19:56:59 B {"t":"event","at_ms":50574,"node":29544,"kind":"peer_admitted","peer":33120,"slot":0,"a":0,"b":0}
19:56:59 B {"t":"event","at_ms":50754,"node":29544,"kind":"probe_timeout","peer":25344,"slot":1,"a":24,"b":0}
19:56:59 B {"t":"event","at_ms":52574,"node":29544,"kind":"peer_admitted","peer":33120,"slot":0,"a":0,"b":0}
19:56:59 B {"t":"event","at_ms":52753,"node":29544,"kind":"probe_timeout","peer":25344,"slot":1,"a":25,"b":0}
19:56:59 B {"t":"link","up_ms":53623,"node":29544,"peer":33120,"mac":"b8:1f:3f:da:81:60","state":"alive","epoch":158,"espnow_ver":2,"mtu":1446,"misses":0,"rssi":-18,"tx":{"frames":80,"cb_ok":80,"cb_fail":0,"enqueue_err":0,"pdr_ppm":1000000},"rx":{"frames":623,"lost_seqgap":0,"reorder_dup":1,"dropped_bad":0,"hb_lost":15,"bcast_frames":516,"pdr_ppm":1000000},"rtt":{"samples":26,"min_us":6130,"max_us":8410,"timeouts":0,"txq_last_us":3661,"txq_max_us":3661,"remote_turnaround_us":903,"remote_turnaround_max_us":1331,"p50_us":[6000,8000],"p99_us":[8000,11000],"hist":[0,0,0,0,0,23,3,0,0,0,0,0,0,0,0,0]}}
19:56:59 B {"t":"link","up_ms":53664,"node":29544,"peer":25344,"mac":"b8:1f:3f:da:63:00","state":"dead","epoch":152,"espnow_ver":2,"mtu":1446,"misses":6,"rssi":-23,"tx":{"frames":67,"cb_ok":67,"cb_fail":0,"enqueue_err":0,"pdr_ppm":1000000},"rx":{"frames":488,"lost_seqgap":0,"reorder_dup":16,"dropped_bad":0,"hb_lost":0,"bcast_frames":407,"pdr_ppm":1000000},"rtt":{"samples":19,"min_us":5906,"max_us":9328,"timeouts":6,"txq_last_us":0,"txq_max_us":0,"remote_turnaround_us":908,"remote_turnaround_max_us":939,"p50_us":[6000,8000],"p99_us":[8000,11000],"hist":[0,0,0,0,3,12,4,0,0,0,0,0,0,0,0,0]}}
19:56:59 B {"t":"auth","node":29544,"up_ms":53717,"enrolled":1,"required":1,"verified_peers":2,"verified":3,"cache_hits":47,"refused":0,"rate_limited":0,"stale_epoch":0,"verify_us_max":87360,"link_stack_free_b":1692,"crypto_stack_free_b":1268,"tags_ok":138,"bad_tag":0,"replayed":0,"untagged":0,"bcast_dropped":0,"beacon_epoch_ignored":0,"tag_us_max":900}
19:56:59 B {"t":"act","node":29544,"setpoint":0,"has_value":0,"writes_served":0}
19:56:59 B {"t":"peers","node":29544,"own_period_ms":100,"own_busy":0,"channel":1,"scanning":0,"scans":0,"hops":0,"found":0,"lost_to_found_ms":0,"moves_followed":0,"moves_refused":0,"relay":0,"fwd_u":0,"fwd_b":0,"fwd_h":0,"relay_dup":0,"list":[{"id":33120,"state":"alive","via_relay":0,"period_ms":100,"misses":6,"busy":0,"rtt_n":26},{"id":25344,"state":"dead","via_relay":0,"period_ms":100,"misses":6,"busy":0,"rtt_n":19}]}
19:56:59 B {"t":"ss","node":29544,"accepted":0,"unsigned":0,"unknown_sender":0,"bad_signature":0,"replayed":0,"rate_limited":0,"verify_us_max":0,"floors":[]}
19:56:59 B {"t":"node","up_ms":53809,"node":29544,"epoch":68,"peers_alive":1,"peers_dead":1,"no_radio":0,"free_dram":229120,"largest_block":180224,"rx":{"total":1114,"bad_frame":0,"unknown_peer":3,"wrong_dst":0,"short_payload":0,"unknown_opcode":0,"queue_dropped":8},"tx":{"total":695,"enqueue_err":0,"done_queue_dropped":0},"membership":{"deaths":1,"revivals":0,"reboots_seen":0,"table_full":0,"events_dropped":0}}
19:56:59 B {"t":"ns","node":29544,"hash":96177158,"owner":29544,"kind":"sampled","unit":0,"class":4,"bound_ms":5000,"quality":"GOOD","age_ms":308,"ts":53529,"updates":5,"value":-18}
19:56:59 B {"t":"ns","node":29544,"hash":1162973580,"owner":29544,"kind":"sampled","unit":101,"class":4,"bound_ms":30000,"quality":"GOOD","age_ms":322,"ts":53529,"updates":5,"value":229120}
19:56:59 B {"t":"ns","node":29544,"hash":4013525678,"owner":29544,"kind":"sampled","unit":101,"class":4,"bound_ms":30000,"quality":"GOOD","age_ms":347,"ts":53529,"updates":5,"value":180224}
19:56:59 B {"t":"ns","node":29544,"hash":2033492666,"owner":29544,"kind":"sampled","unit":0,"class":3,"bound_ms":0,"quality":"NO_DATA","age_ms":0,"ts":0,"updates":0,"value":null}
19:56:59 B {"t":"ns","node":29544,"hash":1303338069,"owner":29544,"kind":"sampled","unit":100,"class":4,"bound_ms":0,"quality":"GOOD","age_ms":375,"ts":53529,"updates":5,"value":68}
19:56:59 B {"t":"ns","node":29544,"hash":288706273,"owner":29544,"kind":"sampled","unit":80,"class":4,"bound_ms":30000,"quality":"GOOD","age_ms":388,"ts":53529,"updates":5,"value":53}
19:56:59 B {"t":"ns","node":29544,"hash":2548334194,"owner":29544,"kind":"sampled","unit":100,"class":4,"bound_ms":5000,"quality":"GOOD","age_ms":402,"ts":53529,"updates":5,"value":1}
--- 3. C is the relay
19:57:01 C {"t":"test","cmd":"relay","relay":1}
19:57:01 A I (63208) pot.m0: peer 0x7368 revived
19:57:01 B I (55715) pot.m0: peer 0x6300 revived
19:57:02 A {"t":"event","at_ms":54075,"node":25344,"kind":"peer_admitted","peer":33120,"slot":0,"a":0,"b":0}
19:57:02 A {"t":"event","at_ms":54772,"node":25344,"kind":"probe_timeout","peer":29544,"slot":1,"a":22,"b":0}
19:57:02 A {"t":"event","at_ms":56075,"node":25344,"kind":"peer_admitted","peer":33120,"slot":0,"a":0,"b":0}
19:57:02 A {"t":"event","at_ms":56772,"node":25344,"kind":"probe_timeout","peer":29544,"slot":1,"a":23,"b":0}
19:57:02 A {"t":"event","at_ms":58075,"node":25344,"kind":"peer_admitted","peer":33120,"slot":0,"a":0,"b":0}
19:57:02 A {"t":"event","at_ms":58772,"node":25344,"kind":"probe_timeout","peer":29544,"slot":1,"a":24,"b":0}
19:57:02 A {"t":"event","at_ms":60075,"node":25344,"kind":"peer_admitted","peer":33120,"slot":0,"a":0,"b":0}
19:57:02 A {"t":"event","at_ms":60772,"node":25344,"kind":"probe_timeout","peer":29544,"slot":1,"a":25,"b":0}
19:57:02 A {"t":"event","at_ms":62075,"node":25344,"kind":"peer_admitted","peer":33120,"slot":0,"a":0,"b":0}
19:57:02 A {"t":"event","at_ms":62772,"node":25344,"kind":"probe_timeout","peer":29544,"slot":1,"a":26,"b":0}
19:57:02 A {"t":"event","at_ms":62859,"node":25344,"kind":"peer_admitted","peer":33120,"slot":0,"a":0,"b":0}
19:57:02 A {"t":"event","at_ms":62859,"node":25344,"kind":"peer_revived","peer":29544,"slot":1,"a":0,"b":0}
19:57:02 A {"t":"event","at_ms":62862,"node":25344,"kind":"peer_admitted","peer":33120,"slot":0,"a":0,"b":0}
19:57:02 A {"t":"event","at_ms":62955,"node":25344,"kind":"peer_admitted","peer":33120,"slot":0,"a":0,"b":0}
19:57:02 A {"t":"event","at_ms":63384,"node":25344,"kind":"peer_admitted","peer":29544,"slot":1,"a":0,"b":0}
19:57:02 A {"t":"event","at_ms":64078,"node":25344,"kind":"peer_admitted","peer":33120,"slot":0,"a":0,"b":0}
19:57:02 A {"t":"link","up_ms":64105,"node":25344,"peer":33120,"mac":"b8:1f:3f:da:81:60","state":"alive","epoch":158,"espnow_ver":2,"mtu":1446,"misses":0,"rssi":-32,"tx":{"frames":96,"cb_ok":94,"cb_fail":5,"enqueue_err":0,"pdr_ppm":949494},"rx":{"frames":672,"lost_seqgap":0,"reorder_dup":3,"dropped_bad":0,"hb_lost":16,"bcast_frames":549,"pdr_ppm":1000000},"rtt":{"samples":28,"min_us":5814,"max_us":29852,"timeouts":6,"txq_last_us":10671,"txq_max_us":10671,"remote_turnaround_us":1100,"remote_turnaround_max_us":1100,"p50_us":[4000,6000],"p99_us":[22000,30000],"hist":[0,0,0,0,15,7,3,2,0,1,0,0,0,0,0,0]}}
19:57:02 A {"t":"link","up_ms":64157,"node":25344,"peer":29544,"mac":"b8:1f:3f:da:81:60","state":"alive","epoch":68,"espnow_ver":2,"mtu":1446,"misses":0,"rssi":-32,"tx":{"frames":68,"cb_ok":65,"cb_fail":0,"enqueue_err":0,"pdr_ppm":1000000},"rx":{"frames":486,"lost_seqgap":6,"reorder_dup":0,"dropped_bad":0,"hb_lost":124,"bcast_frames":403,"pdr_ppm":987804},"rtt":{"samples":21,"min_us":5899,"max_us":9808,"timeouts":6,"txq_last_us":0,"txq_max_us":0,"remote_turnaround_us":969,"remote_turnaround_max_us":1027,"p50_us":[4000,6000],"p99_us":[8000,11000],"hist":[0,0,0,0,14,4,3,0,0,0,0,0,0,0,0,0]}}
19:57:02 A {"t":"auth","node":25344,"up_ms":64200,"enrolled":1,"required":1,"verified_peers":2,"verified":4,"cache_hits":50,"refused":3,"rate_limited":0,"stale_epoch":0,"verify_us_max":86935,"link_stack_free_b":1692,"crypto_stack_free_b":1220,"tags_ok":148,"bad_tag":0,"replayed":2,"untagged":0,"bcast_dropped":0,"beacon_epoch_ignored":4,"tag_us_max":770}
19:57:02 A {"t":"act","node":25344,"setpoint":0,"has_value":0,"writes_served":0}
19:57:02 A {"t":"peers","node":25344,"own_period_ms":100,"own_busy":0,"channel":1,"scanning":0,"scans":1,"hops":12,"found":0,"lost_to_found_ms":0,"moves_followed":0,"moves_refused":0,"relay":0,"fwd_u":0,"fwd_b":0,"fwd_h":0,"relay_dup":0,"list":[{"id":33120,"state":"alive","via_relay":0,"period_ms":100,"misses":6,"busy":0,"rtt_n":28},{"id":29544,"state":"alive","via_relay":1,"period_ms":100,"misses":6,"busy":0,"rtt_n":21}]}
19:57:02 A {"t":"ss","node":25344,"accepted":0,"unsigned":0,"unknown_sender":0,"bad_signature":0,"replayed":0,"rate_limited":0,"verify_us_max":0,"floors":[]}
19:57:02 A {"t":"node","up_ms":64291,"node":25344,"epoch":152,"peers_alive":2,"peers_dead":0,"no_radio":0,"free_dram":228852,"largest_block":180224,"rx":{"total":1227,"bad_frame":0,"unknown_peer":49,"wrong_dst":0,"short_payload":0,"unknown_opcode":0,"queue_dropped":10},"tx":{"total":834,"enqueue_err":0,"done_queue_dropped":0},"membership":{"deaths":2,"revivals":1,"reboots_seen":1,"table_full":0,"events_dropped":0}}
19:57:02 A {"t":"ns","node":25344,"hash":2410274060,"owner":25344,"kind":"sampled","unit":100,"class":4,"bound_ms":0,"quality":"GOOD","age_ms":361,"ts":63969,"updates":6,"value":152}
19:57:02 A {"t":"ns","node":25344,"hash":1274253983,"owner":25344,"kind":"sampled","unit":0,"class":4,"bound_ms":5000,"quality":"GOOD","age_ms":375,"ts":63969,"updates":6,"value":-32}
19:57:02 A {"t":"ns","node":25344,"hash":3354298913,"owner":25344,"kind":"sampled","unit":100,"class":4,"bound_ms":5000,"quality":"GOOD","age_ms":389,"ts":63969,"updates":6,"value":2}
19:57:02 A {"t":"ns","node":25344,"hash":1771187623,"owner":25344,"kind":"sampled","unit":101,"class":4,"bound_ms":30000,"quality":"GOOD","age_ms":403,"ts":63969,"updates":6,"value":228852}
19:57:02 A {"t":"ns","node":25344,"hash":2033492666,"owner":25344,"kind":"sampled","unit":0,"class":3,"bound_ms":0,"quality":"NO_DATA","age_ms":0,"ts":0,"updates":0,"value":null}
19:57:02 A {"t":"ns","node":25344,"hash":4103947588,"owner":25344,"kind":"sampled","unit":80,"class":4,"bound_ms":30000,"quality":"GOOD","age_ms":430,"ts":63969,"updates":6,"value":63}
19:57:02 A {"t":"ns","node":25344,"hash":1662441583,"owner":25344,"kind":"sampled","unit":101,"class":4,"bound_ms":30000,"quality":"GOOD","age_ms":444,"ts":63969,"updates":6,"value":180224}
19:57:08 C {"t":"event","at_ms":53673,"node":33120,"kind":"peer_admitted","peer":25344,"slot":0,"a":0,"b":0}
19:57:08 C {"t":"event","at_ms":55181,"node":33120,"kind":"peer_admitted","peer":29544,"slot":1,"a":0,"b":0}
19:57:08 C {"t":"event","at_ms":55672,"node":33120,"kind":"peer_admitted","peer":25344,"slot":0,"a":0,"b":0}
19:57:08 C {"t":"event","at_ms":57181,"node":33120,"kind":"peer_admitted","peer":29544,"slot":1,"a":0,"b":0}
19:57:08 C {"t":"event","at_ms":57675,"node":33120,"kind":"peer_admitted","peer":25344,"slot":0,"a":0,"b":0}
19:57:08 C {"t":"event","at_ms":59181,"node":33120,"kind":"peer_admitted","peer":29544,"slot":1,"a":0,"b":0}
19:57:08 C {"t":"event","at_ms":59673,"node":33120,"kind":"peer_admitted","peer":25344,"slot":0,"a":0,"b":0}
19:57:08 C {"t":"event","at_ms":61181,"node":33120,"kind":"peer_admitted","peer":29544,"slot":1,"a":0,"b":0}
19:57:08 C {"t":"event","at_ms":61673,"node":33120,"kind":"peer_admitted","peer":25344,"slot":0,"a":0,"b":0}
19:57:08 C {"t":"event","at_ms":63184,"node":33120,"kind":"peer_admitted","peer":29544,"slot":1,"a":0,"b":0}
19:57:08 C {"t":"event","at_ms":63673,"node":33120,"kind":"peer_admitted","peer":25344,"slot":0,"a":0,"b":0}
19:57:08 C {"t":"link","up_ms":64095,"node":33120,"peer":25344,"mac":"b8:1f:3f:da:63:00","state":"alive","epoch":152,"espnow_ver":2,"mtu":1446,"misses":0,"rssi":-32,"tx":{"frames":95,"cb_ok":105,"cb_fail":2,"enqueue_err":0,"pdr_ppm":981308},"rx":{"frames":735,"lost_seqgap":6,"reorder_dup":0,"dropped_bad":0,"hb_lost":29,"bcast_frames":607,"pdr_ppm":991902},"rtt":{"samples":30,"min_us":5805,"max_us":8635,"timeouts":1,"txq_last_us":0,"txq_max_us":0,"remote_turnaround_us":913,"remote_turnaround_max_us":978,"p50_us":[4000,6000],"p99_us":[8000,11000],"hist":[0,0,0,0,19,7,4,0,0,0,0,0,0,0,0,0]}}
19:57:08 C {"t":"link","up_ms":64136,"node":33120,"peer":29544,"mac":"b8:1f:3f:da:73:68","state":"alive","epoch":68,"espnow_ver":2,"mtu":1446,"misses":0,"rssi":-19,"tx":{"frames":94,"cb_ok":106,"cb_fail":0,"enqueue_err":0,"pdr_ppm":1000000},"rx":{"frames":733,"lost_seqgap":0,"reorder_dup":1,"dropped_bad":0,"hb_lost":7,"bcast_frames":603,"pdr_ppm":1000000},"rtt":{"samples":31,"min_us":5843,"max_us":8298,"timeouts":0,"txq_last_us":3397,"txq_max_us":3397,"remote_turnaround_us":950,"remote_turnaround_max_us":1115,"p50_us":[4000,6000],"p99_us":[8000,11000],"hist":[0,0,0,0,21,8,2,0,0,0,0,0,0,0,0,0]}}
19:57:08 C {"t":"auth","node":33120,"up_ms":64190,"enrolled":1,"required":1,"verified_peers":2,"verified":5,"cache_hits":61,"refused":0,"rate_limited":0,"stale_epoch":0,"verify_us_max":86334,"link_stack_free_b":1692,"crypto_stack_free_b":1220,"tags_ok":192,"bad_tag":1,"replayed":0,"untagged":0,"bcast_dropped":0,"beacon_epoch_ignored":0,"tag_us_max":964}
19:57:08 C {"t":"act","node":33120,"setpoint":0,"has_value":0,"writes_served":0}
19:57:08 C {"t":"peers","node":33120,"own_period_ms":100,"own_busy":0,"channel":1,"scanning":0,"scans":0,"hops":0,"found":0,"lost_to_found_ms":0,"moves_followed":0,"moves_refused":0,"relay":1,"fwd_u":24,"fwd_b":153,"fwd_h":8,"relay_dup":0,"list":[{"id":25344,"state":"alive","via_relay":0,"period_ms":100,"misses":6,"busy":0,"rtt_n":30},{"id":29544,"state":"alive","via_relay":0,"period_ms":100,"misses":6,"busy":0,"rtt_n":31}]}
19:57:08 C {"t":"ss","node":33120,"accepted":0,"unsigned":0,"unknown_sender":0,"bad_signature":0,"replayed":0,"rate_limited":0,"verify_us_max":0,"floors":[{"src":25344,"epoch":139,"counter":1}]}
19:57:08 C {"t":"node","up_ms":64282,"node":33120,"epoch":158,"peers_alive":2,"peers_dead":0,"no_radio":0,"free_dram":228980,"largest_block":180224,"rx":{"total":1503,"bad_frame":0,"unknown_peer":8,"wrong_dst":0,"short_payload":0,"unknown_opcode":0,"queue_dropped":7},"tx":{"total":850,"enqueue_err":0,"done_queue_dropped":0},"membership":{"deaths":1,"revivals":1,"reboots_seen":0,"table_full":0,"events_dropped":0}}
19:57:08 C {"t":"ns","node":33120,"hash":13581963,"owner":33120,"kind":"sampled","unit":100,"class":4,"bound_ms":5000,"quality":"GOOD","age_ms":321,"ts":64001,"updates":6,"value":2}
19:57:08 C {"t":"ns","node":33120,"hash":3142365229,"owner":33120,"kind":"sampled","unit":101,"class":4,"bound_ms":30000,"quality":"GOOD","age_ms":334,"ts":64001,"updates":6,"value":180224}
19:57:09 C {"t":"ns","node":33120,"hash":2033492666,"owner":33120,"kind":"sampled","unit":0,"class":3,"bound_ms":0,"quality":"NO_DATA","age_ms":0,"ts":0,"updates":0,"value":null}
19:57:09 C {"t":"ns","node":33120,"hash":2347817554,"owner":33120,"kind":"sampled","unit":100,"class":4,"bound_ms":0,"quality":"GOOD","age_ms":362,"ts":64001,"updates":6,"value":158}
19:57:09 C {"t":"ns","node":33120,"hash":1170356950,"owner":33120,"kind":"sampled","unit":80,"class":4,"bound_ms":30000,"quality":"GOOD","age_ms":376,"ts":64001,"updates":6,"value":64}
19:57:09 C {"t":"ns","node":33120,"hash":3085599597,"owner":33120,"kind":"sampled","unit":0,"class":4,"bound_ms":5000,"quality":"GOOD","age_ms":389,"ts":64001,"updates":6,"value":-31}
19:57:09 C {"t":"ns","node":33120,"hash":2486014333,"owner":33120,"kind":"sampled","unit":101,"class":4,"bound_ms":30000,"quality":"GOOD","age_ms":403,"ts":64001,"updates":6,"value":228980}
19:57:10 B {"t":"event","at_ms":54574,"node":29544,"kind":"peer_admitted","peer":33120,"slot":0,"a":0,"b":0}
19:57:10 B {"t":"event","at_ms":54754,"node":29544,"kind":"probe_timeout","peer":25344,"slot":1,"a":26,"b":0}
19:57:10 B {"t":"event","at_ms":55355,"node":29544,"kind":"peer_admitted","peer":33120,"slot":0,"a":0,"b":0}
19:57:10 B {"t":"event","at_ms":55357,"node":29544,"kind":"peer_admitted","peer":33120,"slot":0,"a":0,"b":0}
19:57:10 B {"t":"event","at_ms":55367,"node":29544,"kind":"peer_revived","peer":25344,"slot":1,"a":0,"b":0}
19:57:10 B {"t":"event","at_ms":55454,"node":29544,"kind":"peer_admitted","peer":33120,"slot":0,"a":0,"b":0}
19:57:10 B {"t":"event","at_ms":56376,"node":29544,"kind":"peer_admitted","peer":25344,"slot":1,"a":0,"b":0}
19:57:10 B {"t":"event","at_ms":56576,"node":29544,"kind":"peer_admitted","peer":33120,"slot":0,"a":0,"b":0}
19:57:10 B {"t":"event","at_ms":58374,"node":29544,"kind":"peer_admitted","peer":25344,"slot":1,"a":0,"b":0}
19:57:10 B {"t":"event","at_ms":58573,"node":29544,"kind":"peer_admitted","peer":33120,"slot":0,"a":0,"b":0}
19:57:10 B {"t":"event","at_ms":60374,"node":29544,"kind":"peer_admitted","peer":25344,"slot":1,"a":0,"b":0}
19:57:10 B {"t":"event","at_ms":60573,"node":29544,"kind":"peer_admitted","peer":33120,"slot":0,"a":0,"b":0}
19:57:10 B {"t":"event","at_ms":62374,"node":29544,"kind":"peer_admitted","peer":25344,"slot":1,"a":0,"b":0}
19:57:10 B {"t":"event","at_ms":62573,"node":29544,"kind":"peer_admitted","peer":33120,"slot":0,"a":0,"b":0}
19:57:10 B {"t":"link","up_ms":64065,"node":29544,"peer":33120,"mac":"b8:1f:3f:da:81:60","state":"alive","epoch":158,"espnow_ver":2,"mtu":1446,"misses":0,"rssi":-19,"tx":{"frames":98,"cb_ok":111,"cb_fail":0,"enqueue_err":0,"pdr_ppm":1000000},"rx":{"frames":752,"lost_seqgap":0,"reorder_dup":1,"dropped_bad":0,"hb_lost":15,"bcast_frames":621,"pdr_ppm":1000000},"rtt":{"samples":31,"min_us":6130,"max_us":8740,"timeouts":0,"txq_last_us":5134,"txq_max_us":5134,"remote_turnaround_us":1304,"remote_turnaround_max_us":1482,"p50_us":[6000,8000],"p99_us":[8000,11000],"hist":[0,0,0,0,0,27,4,0,0,0,0,0,0,0,0,0]}}
19:57:10 B {"t":"link","up_ms":64107,"node":29544,"peer":25344,"mac":"b8:1f:3f:da:81:60","state":"alive","epoch":152,"espnow_ver":2,"mtu":1446,"misses":0,"rssi":-18,"tx":{"frames":81,"cb_ok":68,"cb_fail":0,"enqueue_err":0,"pdr_ppm":1000000},"rx":{"frames":594,"lost_seqgap":6,"reorder_dup":16,"dropped_bad":0,"hb_lost":123,"bcast_frames":495,"pdr_ppm":990000},"rtt":{"samples":24,"min_us":5906,"max_us":10946,"timeouts":7,"txq_last_us":0,"txq_max_us":0,"remote_turnaround_us":900,"remote_turnaround_max_us":939,"p50_us":[6000,8000],"p99_us":[8000,11000],"hist":[0,0,0,0,3,12,9,0,0,0,0,0,0,0,0,0]}}
19:57:10 B {"t":"auth","node":29544,"up_ms":64160,"enrolled":1,"required":1,"verified_peers":2,"verified":4,"cache_hits":58,"refused":0,"rate_limited":0,"stale_epoch":0,"verify_us_max":87360,"link_stack_free_b":1692,"crypto_stack_free_b":1268,"tags_ok":168,"bad_tag":0,"replayed":0,"untagged":0,"bcast_dropped":0,"beacon_epoch_ignored":0,"tag_us_max":900}
19:57:10 B {"t":"act","node":29544,"setpoint":0,"has_value":0,"writes_served":0}
19:57:10 B {"t":"peers","node":29544,"own_period_ms":100,"own_busy":0,"channel":1,"scanning":0,"scans":0,"hops":0,"found":0,"lost_to_found_ms":0,"moves_followed":0,"moves_refused":0,"relay":0,"fwd_u":0,"fwd_b":0,"fwd_h":0,"relay_dup":0,"list":[{"id":33120,"state":"alive","via_relay":0,"period_ms":100,"misses":6,"busy":0,"rtt_n":31},{"id":25344,"state":"alive","via_relay":1,"period_ms":100,"misses":6,"busy":0,"rtt_n":24}]}
19:57:10 B {"t":"ss","node":29544,"accepted":0,"unsigned":0,"unknown_sender":0,"bad_signature":0,"replayed":0,"rate_limited":0,"verify_us_max":0,"floors":[]}
19:57:10 B {"t":"node","up_ms":64251,"node":29544,"epoch":68,"peers_alive":2,"peers_dead":0,"no_radio":0,"free_dram":229120,"largest_block":180224,"rx":{"total":1444,"bad_frame":0,"unknown_peer":3,"wrong_dst":0,"short_payload":0,"unknown_opcode":0,"queue_dropped":8},"tx":{"total":836,"enqueue_err":0,"done_queue_dropped":0},"membership":{"deaths":1,"revivals":1,"reboots_seen":0,"table_full":0,"events_dropped":0}}
19:57:10 B {"t":"ns","node":29544,"hash":96177158,"owner":29544,"kind":"sampled","unit":0,"class":4,"bound_ms":5000,"quality":"GOOD","age_ms":334,"ts":63945,"updates":6,"value":-19}
19:57:10 B {"t":"ns","node":29544,"hash":1162973580,"owner":29544,"kind":"sampled","unit":101,"class":4,"bound_ms":30000,"quality":"GOOD","age_ms":348,"ts":63945,"updates":6,"value":229120}
19:57:10 B {"t":"ns","node":29544,"hash":4013525678,"owner":29544,"kind":"sampled","unit":101,"class":4,"bound_ms":30000,"quality":"GOOD","age_ms":373,"ts":63945,"updates":6,"value":180224}
19:57:10 B {"t":"ns","node":29544,"hash":2033492666,"owner":29544,"kind":"sampled","unit":0,"class":3,"bound_ms":0,"quality":"NO_DATA","age_ms":0,"ts":0,"updates":0,"value":null}
19:57:10 B {"t":"ns","node":29544,"hash":1303338069,"owner":29544,"kind":"sampled","unit":100,"class":4,"bound_ms":0,"quality":"GOOD","age_ms":400,"ts":63945,"updates":6,"value":68}
19:57:10 B {"t":"ns","node":29544,"hash":288706273,"owner":29544,"kind":"sampled","unit":80,"class":4,"bound_ms":30000,"quality":"GOOD","age_ms":414,"ts":63945,"updates":6,"value":63}
19:57:10 B {"t":"ns","node":29544,"hash":2548334194,"owner":29544,"kind":"sampled","unit":100,"class":4,"bound_ms":5000,"quality":"GOOD","age_ms":429,"ts":63945,"updates":6,"value":2}
19:57:13 A {"t":"event","at_ms":65384,"node":25344,"kind":"peer_admitted","peer":29544,"slot":1,"a":0,"b":0}
19:57:13 A {"t":"event","at_ms":66075,"node":25344,"kind":"peer_admitted","peer":33120,"slot":0,"a":0,"b":0}
19:57:13 A {"t":"event","at_ms":67384,"node":25344,"kind":"peer_admitted","peer":29544,"slot":1,"a":0,"b":0}
19:57:13 A {"t":"event","at_ms":68075,"node":25344,"kind":"peer_admitted","peer":33120,"slot":0,"a":0,"b":0}
19:57:13 A {"t":"event","at_ms":69387,"node":25344,"kind":"peer_admitted","peer":29544,"slot":1,"a":0,"b":0}
19:57:13 A {"t":"event","at_ms":70075,"node":25344,"kind":"peer_admitted","peer":33120,"slot":0,"a":0,"b":0}
19:57:13 A {"t":"event","at_ms":71384,"node":25344,"kind":"peer_admitted","peer":29544,"slot":1,"a":0,"b":0}
19:57:13 A {"t":"event","at_ms":72075,"node":25344,"kind":"peer_admitted","peer":33120,"slot":0,"a":0,"b":0}
19:57:13 A {"t":"event","at_ms":73384,"node":25344,"kind":"peer_admitted","peer":29544,"slot":1,"a":0,"b":0}
19:57:13 A {"t":"event","at_ms":74075,"node":25344,"kind":"peer_admitted","peer":33120,"slot":0,"a":0,"b":0}
19:57:13 A {"t":"link","up_ms":74508,"node":25344,"peer":33120,"mac":"b8:1f:3f:da:81:60","state":"alive","epoch":158,"espnow_ver":2,"mtu":1446,"misses":0,"rssi":-32,"tx":{"frames":111,"cb_ok":124,"cb_fail":5,"enqueue_err":0,"pdr_ppm":961240},"rx":{"frames":796,"lost_seqgap":0,"reorder_dup":3,"dropped_bad":0,"hb_lost":16,"bcast_frames":653,"pdr_ppm":1000000},"rtt":{"samples":33,"min_us":5814,"max_us":29852,"timeouts":6,"txq_last_us":10671,"txq_max_us":10671,"remote_turnaround_us":988,"remote_turnaround_max_us":1100,"p50_us":[6000,8000],"p99_us":[22000,30000],"hist":[0,0,0,0,16,11,3,2,0,1,0,0,0,0,0,0]}}
19:57:13 A {"t":"link","up_ms":74561,"node":25344,"peer":29544,"mac":"b8:1f:3f:da:81:60","state":"alive","epoch":68,"espnow_ver":2,"mtu":1446,"misses":0,"rssi":-32,"tx":{"frames":83,"cb_ok":65,"cb_fail":0,"enqueue_err":0,"pdr_ppm":1000000},"rx":{"frames":610,"lost_seqgap":6,"reorder_dup":0,"dropped_bad":0,"hb_lost":125,"bcast_frames":507,"pdr_ppm":990259},"rtt":{"samples":26,"min_us":5899,"max_us":11419,"timeouts":6,"txq_last_us":0,"txq_max_us":0,"remote_turnaround_us":969,"remote_turnaround_max_us":1027,"p50_us":[4000,6000],"p99_us":[11000,16000],"hist":[0,0,0,0,14,4,7,1,0,0,0,0,0,0,0,0]}}
19:57:13 A {"t":"auth","node":25344,"up_ms":74614,"enrolled":1,"required":1,"verified_peers":2,"verified":4,"cache_hits":60,"refused":3,"rate_limited":0,"stale_epoch":0,"verify_us_max":86935,"link_stack_free_b":1692,"crypto_stack_free_b":1220,"tags_ok":178,"bad_tag":0,"replayed":2,"untagged":0,"bcast_dropped":0,"beacon_epoch_ignored":4,"tag_us_max":770}
19:57:13 A {"t":"act","node":25344,"setpoint":0,"has_value":0,"writes_served":0}
19:57:13 A {"t":"peers","node":25344,"own_period_ms":100,"own_busy":0,"channel":1,"scanning":0,"scans":1,"hops":12,"found":0,"lost_to_found_ms":0,"moves_followed":0,"moves_refused":0,"relay":0,"fwd_u":0,"fwd_b":0,"fwd_h":0,"relay_dup":0,"list":[{"id":33120,"state":"alive","via_relay":0,"period_ms":100,"misses":6,"busy":0,"rtt_n":33},{"id":29544,"state":"alive","via_relay":1,"period_ms":100,"misses":6,"busy":0,"rtt_n":26}]}
19:57:13 A {"t":"ss","node":25344,"accepted":0,"unsigned":0,"unknown_sender":0,"bad_signature":0,"replayed":0,"rate_limited":0,"verify_us_max":0,"floors":[]}
19:57:13 A {"t":"node","up_ms":74695,"node":25344,"epoch":152,"peers_alive":2,"peers_dead":0,"no_radio":0,"free_dram":228852,"largest_block":180224,"rx":{"total":1583,"bad_frame":0,"unknown_peer":49,"wrong_dst":0,"short_payload":0,"unknown_opcode":0,"queue_dropped":10},"tx":{"total":973,"enqueue_err":0,"done_queue_dropped":0},"membership":{"deaths":2,"revivals":1,"reboots_seen":1,"table_full":0,"events_dropped":0}}
19:57:13 A {"t":"ns","node":25344,"hash":2410274060,"owner":25344,"kind":"sampled","unit":100,"class":4,"bound_ms":0,"quality":"GOOD","age_ms":307,"ts":74427,"updates":7,"value":152}
19:57:13 A {"t":"ns","node":25344,"hash":1274253983,"owner":25344,"kind":"sampled","unit":0,"class":4,"bound_ms":5000,"quality":"GOOD","age_ms":320,"ts":74427,"updates":7,"value":-32}
19:57:13 A {"t":"ns","node":25344,"hash":3354298913,"owner":25344,"kind":"sampled","unit":100,"class":4,"bound_ms":5000,"quality":"GOOD","age_ms":334,"ts":74427,"updates":7,"value":2}
19:57:13 A {"t":"ns","node":25344,"hash":1771187623,"owner":25344,"kind":"sampled","unit":101,"class":4,"bound_ms":30000,"quality":"GOOD","age_ms":348,"ts":74427,"updates":7,"value":228852}
19:57:13 A {"t":"ns","node":25344,"hash":2033492666,"owner":25344,"kind":"sampled","unit":0,"class":3,"bound_ms":0,"quality":"NO_DATA","age_ms":0,"ts":0,"updates":0,"value":null}
19:57:13 A {"t":"ns","node":25344,"hash":4103947588,"owner":25344,"kind":"sampled","unit":80,"class":4,"bound_ms":30000,"quality":"GOOD","age_ms":376,"ts":74427,"updates":7,"value":74}
19:57:13 A {"t":"ns","node":25344,"hash":1662441583,"owner":25344,"kind":"sampled","unit":101,"class":4,"bound_ms":30000,"quality":"GOOD","age_ms":401,"ts":74427,"updates":7,"value":180224}
19:57:19 C {"t":"event","at_ms":65181,"node":33120,"kind":"peer_admitted","peer":29544,"slot":1,"a":0,"b":0}
19:57:19 C {"t":"event","at_ms":65673,"node":33120,"kind":"peer_admitted","peer":25344,"slot":0,"a":0,"b":0}
19:57:19 C {"t":"event","at_ms":67181,"node":33120,"kind":"peer_admitted","peer":29544,"slot":1,"a":0,"b":0}
19:57:19 C {"t":"event","at_ms":67673,"node":33120,"kind":"peer_admitted","peer":25344,"slot":0,"a":0,"b":0}
19:57:19 C {"t":"event","at_ms":69181,"node":33120,"kind":"peer_admitted","peer":29544,"slot":1,"a":0,"b":0}
19:57:19 C {"t":"event","at_ms":69673,"node":33120,"kind":"peer_admitted","peer":25344,"slot":0,"a":0,"b":0}
19:57:19 C {"t":"event","at_ms":71181,"node":33120,"kind":"peer_admitted","peer":29544,"slot":1,"a":0,"b":0}
19:57:19 C {"t":"event","at_ms":71673,"node":33120,"kind":"peer_admitted","peer":25344,"slot":0,"a":0,"b":0}
19:57:19 C {"t":"event","at_ms":73181,"node":33120,"kind":"peer_admitted","peer":29544,"slot":1,"a":0,"b":0}
19:57:19 C {"t":"event","at_ms":73673,"node":33120,"kind":"peer_admitted","peer":25344,"slot":0,"a":0,"b":0}
19:57:19 C {"t":"link","up_ms":74500,"node":33120,"peer":25344,"mac":"b8:1f:3f:da:63:00","state":"alive","epoch":152,"espnow_ver":2,"mtu":1446,"misses":0,"rssi":-31,"tx":{"frames":110,"cb_ok":135,"cb_fail":2,"enqueue_err":0,"pdr_ppm":985401},"rx":{"frames":858,"lost_seqgap":6,"reorder_dup":0,"dropped_bad":0,"hb_lost":30,"bcast_frames":710,"pdr_ppm":993055},"rtt":{"samples":35,"min_us":5803,"max_us":8635,"timeouts":1,"txq_last_us":0,"txq_max_us":0,"remote_turnaround_us":901,"remote_turnaround_max_us":978,"p50_us":[4000,6000],"p99_us":[8000,11000],"hist":[0,0,0,0,20,10,5,0,0,0,0,0,0,0,0,0]}}
19:57:19 C {"t":"link","up_ms":74553,"node":33120,"peer":29544,"mac":"b8:1f:3f:da:73:68","state":"alive","epoch":68,"espnow_ver":2,"mtu":1446,"misses":0,"rssi":-18,"tx":{"frames":109,"cb_ok":136,"cb_fail":0,"enqueue_err":0,"pdr_ppm":1000000},"rx":{"frames":855,"lost_seqgap":0,"reorder_dup":1,"dropped_bad":0,"hb_lost":9,"bcast_frames":705,"pdr_ppm":1000000},"rtt":{"samples":36,"min_us":5814,"max_us":8298,"timeouts":0,"txq_last_us":3397,"txq_max_us":3397,"remote_turnaround_us":967,"remote_turnaround_max_us":1115,"p50_us":[4000,6000],"p99_us":[8000,11000],"hist":[0,0,0,0,25,9,2,0,0,0,0,0,0,0,0,0]}}
19:57:19 C {"t":"auth","node":33120,"up_ms":74596,"enrolled":1,"required":1,"verified_peers":2,"verified":5,"cache_hits":71,"refused":0,"rate_limited":0,"stale_epoch":0,"verify_us_max":86334,"link_stack_free_b":1692,"crypto_stack_free_b":1220,"tags_ok":223,"bad_tag":1,"replayed":0,"untagged":0,"bcast_dropped":0,"beacon_epoch_ignored":0,"tag_us_max":964}
19:57:19 C {"t":"act","node":33120,"setpoint":0,"has_value":0,"writes_served":0}
19:57:19 C {"t":"peers","node":33120,"own_period_ms":100,"own_busy":0,"channel":1,"scanning":0,"scans":0,"hops":0,"found":0,"lost_to_found_ms":0,"moves_followed":0,"moves_refused":0,"relay":1,"fwd_u":54,"fwd_b":358,"fwd_h":18,"relay_dup":0,"list":[{"id":25344,"state":"alive","via_relay":0,"period_ms":100,"misses":6,"busy":0,"rtt_n":35},{"id":29544,"state":"alive","via_relay":0,"period_ms":100,"misses":6,"busy":0,"rtt_n":36}]}
19:57:19 C {"t":"ss","node":33120,"accepted":0,"unsigned":0,"unknown_sender":0,"bad_signature":0,"replayed":0,"rate_limited":0,"verify_us_max":0,"floors":[{"src":25344,"epoch":139,"counter":1}]}
19:57:19 C {"t":"node","up_ms":74688,"node":33120,"epoch":158,"peers_alive":2,"peers_dead":0,"no_radio":0,"free_dram":228980,"largest_block":180224,"rx":{"total":1779,"bad_frame":0,"unknown_peer":8,"wrong_dst":0,"short_payload":0,"unknown_opcode":0,"queue_dropped":7},"tx":{"total":990,"enqueue_err":0,"done_queue_dropped":0},"membership":{"deaths":1,"revivals":1,"reboots_seen":0,"table_full":0,"events_dropped":0}}
19:57:19 C {"t":"ns","node":33120,"hash":13581963,"owner":33120,"kind":"sampled","unit":100,"class":4,"bound_ms":5000,"quality":"GOOD","age_ms":309,"ts":74418,"updates":7,"value":2}
19:57:19 C {"t":"ns","node":33120,"hash":3142365229,"owner":33120,"kind":"sampled","unit":101,"class":4,"bound_ms":30000,"quality":"GOOD","age_ms":323,"ts":74418,"updates":7,"value":180224}
19:57:19 C {"t":"ns","node":33120,"hash":2033492666,"owner":33120,"kind":"sampled","unit":0,"class":3,"bound_ms":0,"quality":"NO_DATA","age_ms":0,"ts":0,"updates":0,"value":null}
19:57:19 C {"t":"ns","node":33120,"hash":2347817554,"owner":33120,"kind":"sampled","unit":100,"class":4,"bound_ms":0,"quality":"GOOD","age_ms":351,"ts":74418,"updates":7,"value":158}
19:57:19 C {"t":"ns","node":33120,"hash":1170356950,"owner":33120,"kind":"sampled","unit":80,"class":4,"bound_ms":30000,"quality":"GOOD","age_ms":364,"ts":74418,"updates":7,"value":74}
19:57:19 C {"t":"ns","node":33120,"hash":3085599597,"owner":33120,"kind":"sampled","unit":0,"class":4,"bound_ms":5000,"quality":"GOOD","age_ms":378,"ts":74418,"updates":7,"value":-31}
19:57:19 C {"t":"ns","node":33120,"hash":2486014333,"owner":33120,"kind":"sampled","unit":101,"class":4,"bound_ms":30000,"quality":"GOOD","age_ms":392,"ts":74418,"updates":7,"value":228980}
19:57:20 B {"t":"event","at_ms":64374,"node":29544,"kind":"peer_admitted","peer":25344,"slot":1,"a":0,"b":0}
19:57:20 B {"t":"event","at_ms":64573,"node":29544,"kind":"peer_admitted","peer":33120,"slot":0,"a":0,"b":0}
19:57:20 B {"t":"event","at_ms":66374,"node":29544,"kind":"peer_admitted","peer":25344,"slot":1,"a":0,"b":0}
19:57:20 B {"t":"event","at_ms":66573,"node":29544,"kind":"peer_admitted","peer":33120,"slot":0,"a":0,"b":0}
19:57:20 B {"t":"event","at_ms":68374,"node":29544,"kind":"peer_admitted","peer":25344,"slot":1,"a":0,"b":0}
19:57:20 B {"t":"event","at_ms":68573,"node":29544,"kind":"peer_admitted","peer":33120,"slot":0,"a":0,"b":0}
19:57:20 B {"t":"event","at_ms":70374,"node":29544,"kind":"peer_admitted","peer":25344,"slot":1,"a":0,"b":0}
19:57:20 B {"t":"event","at_ms":70573,"node":29544,"kind":"peer_admitted","peer":33120,"slot":0,"a":0,"b":0}
19:57:20 B {"t":"event","at_ms":72374,"node":29544,"kind":"peer_admitted","peer":25344,"slot":1,"a":0,"b":0}
19:57:20 B {"t":"event","at_ms":72573,"node":29544,"kind":"peer_admitted","peer":33120,"slot":0,"a":0,"b":0}
19:57:20 B {"t":"event","at_ms":74374,"node":29544,"kind":"peer_admitted","peer":25344,"slot":1,"a":0,"b":0}
19:57:20 B {"t":"link","up_ms":74484,"node":29544,"peer":33120,"mac":"b8:1f:3f:da:81:60","state":"alive","epoch":158,"espnow_ver":2,"mtu":1446,"misses":0,"rssi":-18,"tx":{"frames":114,"cb_ok":143,"cb_fail":0,"enqueue_err":0,"pdr_ppm":1000000},"rx":{"frames":876,"lost_seqgap":0,"reorder_dup":1,"dropped_bad":0,"hb_lost":16,"bcast_frames":724,"pdr_ppm":1000000},"rtt":{"samples":36,"min_us":6130,"max_us":8740,"timeouts":0,"txq_last_us":2769,"txq_max_us":5334,"remote_turnaround_us":948,"remote_turnaround_max_us":1482,"p50_us":[6000,8000],"p99_us":[8000,11000],"hist":[0,0,0,0,0,30,6,0,0,0,0,0,0,0,0,0]}}
19:57:20 B {"t":"link","up_ms":74526,"node":29544,"peer":25344,"mac":"b8:1f:3f:da:81:60","state":"alive","epoch":152,"espnow_ver":2,"mtu":1446,"misses":0,"rssi":-18,"tx":{"frames":98,"cb_ok":68,"cb_fail":0,"enqueue_err":0,"pdr_ppm":1000000},"rx":{"frames":718,"lost_seqgap":6,"reorder_dup":16,"dropped_bad":0,"hb_lost":125,"bcast_frames":597,"pdr_ppm":991712},"rtt":{"samples":29,"min_us":5906,"max_us":10946,"timeouts":7,"txq_last_us":0,"txq_max_us":0,"remote_turnaround_us":892,"remote_turnaround_max_us":939,"p50_us":[6000,8000],"p99_us":[8000,11000],"hist":[0,0,0,0,3,12,14,0,0,0,0,0,0,0,0,0]}}
19:57:20 B {"t":"auth","node":29544,"up_ms":74579,"enrolled":1,"required":1,"verified_peers":2,"verified":4,"cache_hits":70,"refused":0,"rate_limited":0,"stale_epoch":0,"verify_us_max":87360,"link_stack_free_b":1692,"crypto_stack_free_b":1268,"tags_ok":200,"bad_tag":0,"replayed":0,"untagged":0,"bcast_dropped":0,"beacon_epoch_ignored":0,"tag_us_max":900}
19:57:20 B {"t":"act","node":29544,"setpoint":0,"has_value":0,"writes_served":0}
19:57:20 B {"t":"peers","node":29544,"own_period_ms":100,"own_busy":0,"channel":1,"scanning":0,"scans":0,"hops":0,"found":0,"lost_to_found_ms":0,"moves_followed":0,"moves_refused":0,"relay":0,"fwd_u":0,"fwd_b":0,"fwd_h":0,"relay_dup":0,"list":[{"id":33120,"state":"alive","via_relay":0,"period_ms":100,"misses":6,"busy":0,"rtt_n":36},{"id":25344,"state":"alive","via_relay":1,"period_ms":100,"misses":6,"busy":0,"rtt_n":29}]}
19:57:20 B {"t":"ss","node":29544,"accepted":0,"unsigned":0,"unknown_sender":0,"bad_signature":0,"replayed":0,"rate_limited":0,"verify_us_max":0,"floors":[]}
19:57:20 B {"t":"node","up_ms":74670,"node":29544,"epoch":68,"peers_alive":2,"peers_dead":0,"no_radio":0,"free_dram":229120,"largest_block":180224,"rx":{"total":1802,"bad_frame":0,"unknown_peer":3,"wrong_dst":0,"short_payload":0,"unknown_opcode":0,"queue_dropped":8},"tx":{"total":980,"enqueue_err":0,"done_queue_dropped":0},"membership":{"deaths":1,"revivals":1,"reboots_seen":0,"table_full":0,"events_dropped":0}}
19:57:20 B {"t":"ns","node":29544,"hash":96177158,"owner":29544,"kind":"sampled","unit":0,"class":4,"bound_ms":5000,"quality":"GOOD","age_ms":309,"ts":74389,"updates":7,"value":-19}
19:57:20 B {"t":"ns","node":29544,"hash":1162973580,"owner":29544,"kind":"sampled","unit":101,"class":4,"bound_ms":30000,"quality":"GOOD","age_ms":323,"ts":74389,"updates":7,"value":229120}
19:57:20 B {"t":"ns","node":29544,"hash":4013525678,"owner":29544,"kind":"sampled","unit":101,"class":4,"bound_ms":30000,"quality":"GOOD","age_ms":348,"ts":74389,"updates":7,"value":180224}
19:57:20 B {"t":"ns","node":29544,"hash":2033492666,"owner":29544,"kind":"sampled","unit":0,"class":3,"bound_ms":0,"quality":"NO_DATA","age_ms":0,"ts":0,"updates":0,"value":null}
19:57:20 B {"t":"ns","node":29544,"hash":1303338069,"owner":29544,"kind":"sampled","unit":100,"class":4,"bound_ms":0,"quality":"GOOD","age_ms":376,"ts":74389,"updates":7,"value":68}
19:57:20 B {"t":"ns","node":29544,"hash":288706273,"owner":29544,"kind":"sampled","unit":80,"class":4,"bound_ms":30000,"quality":"GOOD","age_ms":389,"ts":74389,"updates":7,"value":74}
19:57:20 B {"t":"ns","node":29544,"hash":2548334194,"owner":29544,"kind":"sampled","unit":100,"class":4,"bound_ms":5000,"quality":"GOOD","age_ms":403,"ts":74389,"updates":7,"value":2}
--- 4. A writes 99 to B's act/setpoint, through the relay
19:57:23 A {"t":"event","at_ms":75384,"node":25344,"kind":"peer_admitted","peer":29544,"slot":1,"a":0,"b":0}
19:57:23 A {"t":"event","at_ms":76075,"node":25344,"kind":"peer_admitted","peer":33120,"slot":0,"a":0,"b":0}
19:57:23 A {"t":"event","at_ms":77384,"node":25344,"kind":"peer_admitted","peer":29544,"slot":1,"a":0,"b":0}
19:57:23 A {"t":"event","at_ms":78075,"node":25344,"kind":"peer_admitted","peer":33120,"slot":0,"a":0,"b":0}
19:57:23 A {"t":"event","at_ms":79386,"node":25344,"kind":"peer_admitted","peer":29544,"slot":1,"a":0,"b":0}
19:57:23 A {"t":"event","at_ms":80075,"node":25344,"kind":"peer_admitted","peer":33120,"slot":0,"a":0,"b":0}
19:57:23 A {"t":"event","at_ms":81385,"node":25344,"kind":"peer_admitted","peer":29544,"slot":1,"a":0,"b":0}
19:57:23 A {"t":"event","at_ms":82075,"node":25344,"kind":"peer_admitted","peer":33120,"slot":0,"a":0,"b":0}
19:57:23 A {"t":"event","at_ms":83386,"node":25344,"kind":"peer_admitted","peer":29544,"slot":1,"a":0,"b":0}
19:57:23 A {"t":"event","at_ms":84075,"node":25344,"kind":"peer_admitted","peer":33120,"slot":0,"a":0,"b":0}
19:57:23 A {"t":"link","up_ms":84923,"node":25344,"peer":33120,"mac":"b8:1f:3f:da:81:60","state":"alive","epoch":158,"espnow_ver":2,"mtu":1446,"misses":0,"rssi":-32,"tx":{"frames":127,"cb_ok":155,"cb_fail":5,"enqueue_err":0,"pdr_ppm":968750},"rx":{"frames":920,"lost_seqgap":0,"reorder_dup":3,"dropped_bad":0,"hb_lost":17,"bcast_frames":756,"pdr_ppm":1000000},"rtt":{"samples":39,"min_us":5814,"max_us":29852,"timeouts":6,"txq_last_us":10671,"txq_max_us":10671,"remote_turnaround_us":986,"remote_turnaround_max_us":1100,"p50_us":[6000,8000],"p99_us":[22000,30000],"hist":[0,0,0,0,16,17,3,2,0,1,0,0,0,0,0,0]}}
19:57:23 A {"t":"link","up_ms":84976,"node":25344,"peer":29544,"mac":"b8:1f:3f:da:81:60","state":"alive","epoch":68,"espnow_ver":2,"mtu":1446,"misses":0,"rssi":-32,"tx":{"frames":99,"cb_ok":65,"cb_fail":0,"enqueue_err":0,"pdr_ppm":1000000},"rx":{"frames":733,"lost_seqgap":6,"reorder_dup":0,"dropped_bad":0,"hb_lost":127,"bcast_frames":609,"pdr_ppm":991880},"rtt":{"samples":31,"min_us":5899,"max_us":11559,"timeouts":6,"txq_last_us":0,"txq_max_us":0,"remote_turnaround_us":969,"remote_turnaround_max_us":1027,"p50_us":[6000,8000],"p99_us":[11000,16000],"hist":[0,0,0,0,14,4,11,2,0,0,0,0,0,0,0,0]}}
19:57:23 A {"t":"auth","node":25344,"up_ms":85029,"enrolled":1,"required":1,"verified_peers":2,"verified":4,"cache_hits":70,"refused":3,"rate_limited":0,"stale_epoch":0,"verify_us_max":86935,"link_stack_free_b":1692,"crypto_stack_free_b":1220,"tags_ok":211,"bad_tag":0,"replayed":2,"untagged":0,"bcast_dropped":0,"beacon_epoch_ignored":4,"tag_us_max":770}
19:57:23 A {"t":"act","node":25344,"setpoint":99,"has_value":1,"writes_served":0}
19:57:23 A {"t":"peers","node":25344,"own_period_ms":100,"own_busy":0,"channel":1,"scanning":0,"scans":1,"hops":12,"found":0,"lost_to_found_ms":0,"moves_followed":0,"moves_refused":0,"relay":0,"fwd_u":0,"fwd_b":0,"fwd_h":0,"relay_dup":0,"list":[{"id":33120,"state":"alive","via_relay":0,"period_ms":100,"misses":6,"busy":0,"rtt_n":39},{"id":29544,"state":"alive","via_relay":1,"period_ms":100,"misses":6,"busy":0,"rtt_n":31}]}
19:57:23 A {"t":"ss","node":25344,"accepted":0,"unsigned":0,"unknown_sender":0,"bad_signature":0,"replayed":0,"rate_limited":0,"verify_us_max":0,"floors":[]}
19:57:23 A {"t":"node","up_ms":85110,"node":25344,"epoch":152,"peers_alive":2,"peers_dead":0,"no_radio":0,"free_dram":228852,"largest_block":180224,"rx":{"total":1937,"bad_frame":0,"unknown_peer":49,"wrong_dst":0,"short_payload":0,"unknown_opcode":0,"queue_dropped":10},"tx":{"total":1115,"enqueue_err":0,"done_queue_dropped":0},"membership":{"deaths":2,"revivals":1,"reboots_seen":1,"table_full":0,"events_dropped":0}}
19:57:23 A {"t":"ns","node":25344,"hash":2410274060,"owner":25344,"kind":"sampled","unit":100,"class":4,"bound_ms":0,"quality":"GOOD","age_ms":307,"ts":84842,"updates":8,"value":152}
19:57:23 A {"t":"ns","node":25344,"hash":1274253983,"owner":25344,"kind":"sampled","unit":0,"class":4,"bound_ms":5000,"quality":"GOOD","age_ms":321,"ts":84842,"updates":8,"value":-32}
19:57:23 A {"t":"ns","node":25344,"hash":3354298913,"owner":25344,"kind":"sampled","unit":100,"class":4,"bound_ms":5000,"quality":"GOOD","age_ms":335,"ts":84842,"updates":8,"value":2}
19:57:23 A {"t":"ns","node":25344,"hash":1771187623,"owner":25344,"kind":"sampled","unit":101,"class":4,"bound_ms":30000,"quality":"GOOD","age_ms":349,"ts":84842,"updates":8,"value":228852}
19:57:23 A {"t":"ns","node":25344,"hash":2033492666,"owner":25344,"kind":"sampled","unit":0,"class":3,"bound_ms":0,"quality":"GOOD","age_ms":237,"ts":77458,"updates":1,"value":99}
19:57:23 A {"t":"ns","node":25344,"hash":4103947588,"owner":25344,"kind":"sampled","unit":80,"class":4,"bound_ms":30000,"quality":"GOOD","age_ms":376,"ts":84842,"updates":8,"value":84}
19:57:23 A {"t":"ns","node":25344,"hash":1662441583,"owner":25344,"kind":"sampled","unit":101,"class":4,"bound_ms":30000,"quality":"GOOD","age_ms":401,"ts":84842,"updates":8,"value":180224}
19:57:23 A {"t":"test","cmd":"write","to":29544,"value":99,"msg_id":38}
19:57:29 C {"t":"event","at_ms":75181,"node":33120,"kind":"peer_admitted","peer":29544,"slot":1,"a":0,"b":0}
19:57:29 C {"t":"event","at_ms":75673,"node":33120,"kind":"peer_admitted","peer":25344,"slot":0,"a":0,"b":0}
19:57:29 C {"t":"event","at_ms":77183,"node":33120,"kind":"peer_admitted","peer":29544,"slot":1,"a":0,"b":0}
19:57:29 C {"t":"event","at_ms":77673,"node":33120,"kind":"peer_admitted","peer":25344,"slot":0,"a":0,"b":0}
19:57:29 C {"t":"event","at_ms":79181,"node":33120,"kind":"peer_admitted","peer":29544,"slot":1,"a":0,"b":0}
19:57:29 C {"t":"event","at_ms":79673,"node":33120,"kind":"peer_admitted","peer":25344,"slot":0,"a":0,"b":0}
19:57:29 C {"t":"event","at_ms":81181,"node":33120,"kind":"peer_admitted","peer":29544,"slot":1,"a":0,"b":0}
19:57:29 C {"t":"event","at_ms":81673,"node":33120,"kind":"peer_admitted","peer":25344,"slot":0,"a":0,"b":0}
19:57:29 C {"t":"event","at_ms":83181,"node":33120,"kind":"peer_admitted","peer":29544,"slot":1,"a":0,"b":0}
19:57:29 C {"t":"event","at_ms":83673,"node":33120,"kind":"peer_admitted","peer":25344,"slot":0,"a":0,"b":0}
19:57:29 C {"t":"link","up_ms":84916,"node":33120,"peer":25344,"mac":"b8:1f:3f:da:63:00","state":"alive","epoch":152,"espnow_ver":2,"mtu":1446,"misses":0,"rssi":-31,"tx":{"frames":127,"cb_ok":168,"cb_fail":2,"enqueue_err":0,"pdr_ppm":988235},"rx":{"frames":984,"lost_seqgap":6,"reorder_dup":0,"dropped_bad":0,"hb_lost":30,"bcast_frames":814,"pdr_ppm":993939},"rtt":{"samples":41,"min_us":5803,"max_us":8635,"timeouts":1,"txq_last_us":0,"txq_max_us":0,"remote_turnaround_us":901,"remote_turnaround_max_us":978,"p50_us":[4000,6000],"p99_us":[8000,11000],"hist":[0,0,0,0,24,12,5,0,0,0,0,0,0,0,0,0]}}
19:57:29 C {"t":"link","up_ms":84969,"node":33120,"peer":29544,"mac":"b8:1f:3f:da:73:68","state":"alive","epoch":68,"espnow_ver":2,"mtu":1446,"misses":0,"rssi":-19,"tx":{"frames":124,"cb_ok":167,"cb_fail":0,"enqueue_err":0,"pdr_ppm":1000000},"rx":{"frames":979,"lost_seqgap":0,"reorder_dup":1,"dropped_bad":0,"hb_lost":10,"bcast_frames":809,"pdr_ppm":1000000},"rtt":{"samples":41,"min_us":5814,"max_us":8417,"timeouts":0,"txq_last_us":3397,"txq_max_us":3397,"remote_turnaround_us":965,"remote_turnaround_max_us":1115,"p50_us":[4000,6000],"p99_us":[8000,11000],"hist":[0,0,0,0,28,9,4,0,0,0,0,0,0,0,0,0]}}
19:57:29 C {"t":"auth","node":33120,"up_ms":85022,"enrolled":1,"required":1,"verified_peers":2,"verified":5,"cache_hits":81,"refused":0,"rate_limited":0,"stale_epoch":0,"verify_us_max":86334,"link_stack_free_b":1692,"crypto_stack_free_b":1220,"tags_ok":254,"bad_tag":1,"replayed":0,"untagged":0,"bcast_dropped":0,"beacon_epoch_ignored":0,"tag_us_max":964}
19:57:29 C {"t":"act","node":33120,"setpoint":0,"has_value":0,"writes_served":0}
19:57:29 C {"t":"peers","node":33120,"own_period_ms":100,"own_busy":0,"channel":1,"scanning":0,"scans":0,"hops":0,"found":0,"lost_to_found_ms":0,"moves_followed":0,"moves_refused":0,"relay":1,"fwd_u":86,"fwd_b":565,"fwd_h":28,"relay_dup":0,"list":[{"id":25344,"state":"alive","via_relay":0,"period_ms":100,"misses":6,"busy":0,"rtt_n":41},{"id":29544,"state":"alive","via_relay":0,"period_ms":100,"misses":6,"busy":0,"rtt_n":41}]}
19:57:29 C {"t":"ss","node":33120,"accepted":0,"unsigned":0,"unknown_sender":0,"bad_signature":0,"replayed":0,"rate_limited":0,"verify_us_max":0,"floors":[{"src":25344,"epoch":139,"counter":1}]}
19:57:29 C {"t":"node","up_ms":85104,"node":33120,"epoch":158,"peers_alive":2,"peers_dead":0,"no_radio":0,"free_dram":228980,"largest_block":180224,"rx":{"total":2060,"bad_frame":0,"unknown_peer":8,"wrong_dst":0,"short_payload":0,"unknown_opcode":0,"queue_dropped":7},"tx":{"total":1130,"enqueue_err":0,"done_queue_dropped":0},"membership":{"deaths":1,"revivals":1,"reboots_seen":0,"table_full":0,"events_dropped":0}}
19:57:29 C {"t":"ns","node":33120,"hash":13581963,"owner":33120,"kind":"sampled","unit":100,"class":4,"bound_ms":5000,"quality":"GOOD","age_ms":308,"ts":84835,"updates":8,"value":2}
19:57:29 C {"t":"ns","node":33120,"hash":3142365229,"owner":33120,"kind":"sampled","unit":101,"class":4,"bound_ms":30000,"quality":"GOOD","age_ms":322,"ts":84835,"updates":8,"value":180224}
19:57:29 C {"t":"ns","node":33120,"hash":2033492666,"owner":33120,"kind":"sampled","unit":0,"class":3,"bound_ms":0,"quality":"NO_DATA","age_ms":0,"ts":0,"updates":0,"value":null}
19:57:29 C {"t":"ns","node":33120,"hash":2347817554,"owner":33120,"kind":"sampled","unit":100,"class":4,"bound_ms":0,"quality":"GOOD","age_ms":350,"ts":84835,"updates":8,"value":158}
19:57:29 C {"t":"ns","node":33120,"hash":1170356950,"owner":33120,"kind":"sampled","unit":80,"class":4,"bound_ms":30000,"quality":"GOOD","age_ms":364,"ts":84835,"updates":8,"value":84}
19:57:29 C {"t":"ns","node":33120,"hash":3085599597,"owner":33120,"kind":"sampled","unit":0,"class":4,"bound_ms":5000,"quality":"GOOD","age_ms":378,"ts":84835,"updates":8,"value":-31}
19:57:29 C {"t":"ns","node":33120,"hash":2486014333,"owner":33120,"kind":"sampled","unit":101,"class":4,"bound_ms":30000,"quality":"GOOD","age_ms":403,"ts":84835,"updates":8,"value":228980}
19:57:30 B {"t":"event","at_ms":74573,"node":29544,"kind":"peer_admitted","peer":33120,"slot":0,"a":0,"b":0}
19:57:30 B {"t":"event","at_ms":76374,"node":29544,"kind":"peer_admitted","peer":25344,"slot":1,"a":0,"b":0}
19:57:30 B {"t":"event","at_ms":76573,"node":29544,"kind":"peer_admitted","peer":33120,"slot":0,"a":0,"b":0}
19:57:30 B {"t":"event","at_ms":78374,"node":29544,"kind":"peer_admitted","peer":25344,"slot":1,"a":0,"b":0}
19:57:30 B {"t":"event","at_ms":78573,"node":29544,"kind":"peer_admitted","peer":33120,"slot":0,"a":0,"b":0}
19:57:30 B {"t":"event","at_ms":80374,"node":29544,"kind":"peer_admitted","peer":25344,"slot":1,"a":0,"b":0}
19:57:30 B {"t":"event","at_ms":80573,"node":29544,"kind":"peer_admitted","peer":33120,"slot":0,"a":0,"b":0}
19:57:30 B {"t":"event","at_ms":82374,"node":29544,"kind":"peer_admitted","peer":25344,"slot":1,"a":0,"b":0}
19:57:30 B {"t":"event","at_ms":82573,"node":29544,"kind":"peer_admitted","peer":33120,"slot":0,"a":0,"b":0}
19:57:30 B {"t":"event","at_ms":84374,"node":29544,"kind":"peer_admitted","peer":25344,"slot":1,"a":0,"b":0}
19:57:30 B {"t":"event","at_ms":84573,"node":29544,"kind":"peer_admitted","peer":33120,"slot":0,"a":0,"b":0}
19:57:30 B {"t":"link","up_ms":84900,"node":29544,"peer":33120,"mac":"b8:1f:3f:da:81:60","state":"alive","epoch":158,"espnow_ver":2,"mtu":1446,"misses":0,"rssi":-18,"tx":{"frames":131,"cb_ok":177,"cb_fail":0,"enqueue_err":0,"pdr_ppm":1000000},"rx":{"frames":1000,"lost_seqgap":0,"reorder_dup":1,"dropped_bad":0,"hb_lost":18,"bcast_frames":826,"pdr_ppm":1000000},"rtt":{"samples":42,"min_us":6130,"max_us":8903,"timeouts":0,"txq_last_us":2768,"txq_max_us":5334,"remote_turnaround_us":943,"remote_turnaround_max_us":1482,"p50_us":[6000,8000],"p99_us":[8000,11000],"hist":[0,0,0,0,0,35,7,0,0,0,0,0,0,0,0,0]}}
19:57:30 B {"t":"link","up_ms":84952,"node":29544,"peer":25344,"mac":"b8:1f:3f:da:81:60","state":"alive","epoch":152,"espnow_ver":2,"mtu":1446,"misses":0,"rssi":-18,"tx":{"frames":114,"cb_ok":68,"cb_fail":0,"enqueue_err":0,"pdr_ppm":1000000},"rx":{"frames":844,"lost_seqgap":6,"reorder_dup":16,"dropped_bad":0,"hb_lost":125,"bcast_frames":702,"pdr_ppm":992941},"rtt":{"samples":34,"min_us":5906,"max_us":20781,"timeouts":7,"txq_last_us":0,"txq_max_us":0,"remote_turnaround_us":964,"remote_turnaround_max_us":969,"p50_us":[8000,11000],"p99_us":[16000,22000],"hist":[0,0,0,0,3,12,16,2,1,0,0,0,0,0,0,0]}}
19:57:30 B {"t":"auth","node":29544,"up_ms":84995,"enrolled":1,"required":1,"verified_peers":2,"verified":4,"cache_hits":80,"refused":0,"rate_limited":0,"stale_epoch":0,"verify_us_max":87360,"link_stack_free_b":1692,"crypto_stack_free_b":1268,"tags_ok":232,"bad_tag":0,"replayed":0,"untagged":0,"bcast_dropped":0,"beacon_epoch_ignored":0,"tag_us_max":900}
19:57:30 B {"t":"act","node":29544,"setpoint":99,"has_value":1,"writes_served":1}
19:57:30 B {"t":"peers","node":29544,"own_period_ms":100,"own_busy":0,"channel":1,"scanning":0,"scans":0,"hops":0,"found":0,"lost_to_found_ms":0,"moves_followed":0,"moves_refused":0,"relay":0,"fwd_u":0,"fwd_b":0,"fwd_h":0,"relay_dup":0,"list":[{"id":33120,"state":"alive","via_relay":0,"period_ms":100,"misses":6,"busy":0,"rtt_n":42},{"id":25344,"state":"alive","via_relay":1,"period_ms":100,"misses":6,"busy":0,"rtt_n":34}]}
19:57:30 B {"t":"ss","node":29544,"accepted":0,"unsigned":0,"unknown_sender":0,"bad_signature":0,"replayed":0,"rate_limited":0,"verify_us_max":0,"floors":[]}
19:57:30 B {"t":"node","up_ms":85086,"node":29544,"epoch":68,"peers_alive":2,"peers_dead":0,"no_radio":0,"free_dram":229120,"largest_block":180224,"rx":{"total":2157,"bad_frame":0,"unknown_peer":3,"wrong_dst":0,"short_payload":0,"unknown_opcode":0,"queue_dropped":8},"tx":{"total":1121,"enqueue_err":0,"done_queue_dropped":0},"membership":{"deaths":1,"revivals":1,"reboots_seen":0,"table_full":0,"events_dropped":0}}
19:57:30 B {"t":"ns","node":29544,"hash":96177158,"owner":29544,"kind":"sampled","unit":0,"class":4,"bound_ms":5000,"quality":"GOOD","age_ms":308,"ts":84806,"updates":8,"value":-18}
19:57:30 B {"t":"ns","node":29544,"hash":1162973580,"owner":29544,"kind":"sampled","unit":101,"class":4,"bound_ms":30000,"quality":"GOOD","age_ms":333,"ts":84806,"updates":8,"value":229120}
19:57:31 B {"t":"ns","node":29544,"hash":4013525678,"owner":29544,"kind":"sampled","unit":101,"class":4,"bound_ms":30000,"quality":"GOOD","age_ms":347,"ts":84806,"updates":8,"value":180224}
19:57:31 B {"t":"ns","node":29544,"hash":2033492666,"owner":29544,"kind":"sampled","unit":0,"class":3,"bound_ms":0,"quality":"GOOD","age_ms":7709,"ts":77458,"updates":1,"value":99}
19:57:31 B {"t":"ns","node":29544,"hash":1303338069,"owner":29544,"kind":"sampled","unit":100,"class":4,"bound_ms":0,"quality":"GOOD","age_ms":375,"ts":84806,"updates":8,"value":68}
19:57:31 B {"t":"ns","node":29544,"hash":288706273,"owner":29544,"kind":"sampled","unit":80,"class":4,"bound_ms":30000,"quality":"GOOD","age_ms":388,"ts":84806,"updates":8,"value":84}
19:57:31 B {"t":"ns","node":29544,"hash":2548334194,"owner":29544,"kind":"sampled","unit":100,"class":4,"bound_ms":5000,"quality":"GOOD","age_ms":402,"ts":84806,"updates":8,"value":2}
19:57:33 A {"t":"event","at_ms":85384,"node":25344,"kind":"peer_admitted","peer":29544,"slot":1,"a":0,"b":0}
19:57:33 A {"t":"event","at_ms":86075,"node":25344,"kind":"peer_admitted","peer":33120,"slot":0,"a":0,"b":0}
19:57:33 A {"t":"event","at_ms":87384,"node":25344,"kind":"peer_admitted","peer":29544,"slot":1,"a":0,"b":0}
19:57:33 A {"t":"event","at_ms":88075,"node":25344,"kind":"peer_admitted","peer":33120,"slot":0,"a":0,"b":0}
19:57:33 A {"t":"event","at_ms":89384,"node":25344,"kind":"peer_admitted","peer":29544,"slot":1,"a":0,"b":0}
19:57:33 A {"t":"event","at_ms":90075,"node":25344,"kind":"peer_admitted","peer":33120,"slot":0,"a":0,"b":0}
19:57:33 A {"t":"event","at_ms":91384,"node":25344,"kind":"peer_admitted","peer":29544,"slot":1,"a":0,"b":0}
19:57:33 A {"t":"event","at_ms":92075,"node":25344,"kind":"peer_admitted","peer":33120,"slot":0,"a":0,"b":0}
19:57:33 A {"t":"event","at_ms":93384,"node":25344,"kind":"peer_admitted","peer":29544,"slot":1,"a":0,"b":0}
19:57:33 A {"t":"event","at_ms":94075,"node":25344,"kind":"peer_admitted","peer":33120,"slot":0,"a":0,"b":0}
19:57:33 A {"t":"link","up_ms":95338,"node":25344,"peer":33120,"mac":"b8:1f:3f:da:81:60","state":"alive","epoch":158,"espnow_ver":2,"mtu":1446,"misses":0,"rssi":-33,"tx":{"frames":143,"cb_ok":188,"cb_fail":5,"enqueue_err":0,"pdr_ppm":974093},"rx":{"frames":1042,"lost_seqgap":0,"reorder_dup":3,"dropped_bad":0,"hb_lost":20,"bcast_frames":857,"pdr_ppm":1000000},"rtt":{"samples":44,"min_us":5814,"max_us":29852,"timeouts":6,"txq_last_us":10671,"txq_max_us":10671,"remote_turnaround_us":1003,"remote_turnaround_max_us":1100,"p50_us":[6000,8000],"p99_us":[22000,30000],"hist":[0,0,0,0,16,22,3,2,0,1,0,0,0,0,0,0]}}
19:57:33 A {"t":"link","up_ms":95391,"node":25344,"peer":29544,"mac":"b8:1f:3f:da:81:60","state":"alive","epoch":68,"espnow_ver":2,"mtu":1446,"misses":0,"rssi":-33,"tx":{"frames":116,"cb_ok":65,"cb_fail":0,"enqueue_err":0,"pdr_ppm":1000000},"rx":{"frames":856,"lost_seqgap":6,"reorder_dup":0,"dropped_bad":0,"hb_lost":130,"bcast_frames":710,"pdr_ppm":993039},"rtt":{"samples":36,"min_us":5899,"max_us":12714,"timeouts":6,"txq_last_us":0,"txq_max_us":0,"remote_turnaround_us":978,"remote_turnaround_max_us":1027,"p50_us":[6000,8000],"p99_us":[11000,16000],"hist":[0,0,0,0,14,4,14,4,0,0,0,0,0,0,0,0]}}
19:57:33 A {"t":"auth","node":25344,"up_ms":95444,"enrolled":1,"required":1,"verified_peers":2,"verified":4,"cache_hits":81,"refused":3,"rate_limited":0,"stale_epoch":0,"verify_us_max":86935,"link_stack_free_b":1692,"crypto_stack_free_b":1220,"tags_ok":242,"bad_tag":0,"replayed":2,"untagged":0,"bcast_dropped":0,"beacon_epoch_ignored":4,"tag_us_max":770}
19:57:33 A {"t":"act","node":25344,"setpoint":99,"has_value":1,"writes_served":0}
19:57:33 A {"t":"peers","node":25344,"own_period_ms":100,"own_busy":0,"channel":1,"scanning":0,"scans":1,"hops":12,"found":0,"lost_to_found_ms":0,"moves_followed":0,"moves_refused":0,"relay":0,"fwd_u":0,"fwd_b":0,"fwd_h":0,"relay_dup":0,"list":[{"id":33120,"state":"alive","via_relay":0,"period_ms":100,"misses":6,"busy":0,"rtt_n":44},{"id":29544,"state":"alive","via_relay":1,"period_ms":100,"misses":6,"busy":0,"rtt_n":36}]}
19:57:33 A {"t":"ss","node":25344,"accepted":0,"unsigned":0,"unknown_sender":0,"bad_signature":0,"replayed":0,"rate_limited":0,"verify_us_max":0,"floors":[]}
19:57:33 A {"t":"node","up_ms":95525,"node":25344,"epoch":152,"peers_alive":2,"peers_dead":0,"no_radio":0,"free_dram":228852,"largest_block":180224,"rx":{"total":2291,"bad_frame":0,"unknown_peer":49,"wrong_dst":0,"short_payload":0,"unknown_opcode":0,"queue_dropped":10},"tx":{"total":1256,"enqueue_err":0,"done_queue_dropped":0},"membership":{"deaths":2,"revivals":1,"reboots_seen":1,"table_full":0,"events_dropped":0}}
19:57:33 A {"t":"ns","node":25344,"hash":2410274060,"owner":25344,"kind":"sampled","unit":100,"class":4,"bound_ms":0,"quality":"GOOD","age_ms":307,"ts":95257,"updates":9,"value":152}
19:57:33 A {"t":"ns","node":25344,"hash":1274253983,"owner":25344,"kind":"sampled","unit":0,"class":4,"bound_ms":5000,"quality":"GOOD","age_ms":321,"ts":95257,"updates":9,"value":-33}
19:57:33 A {"t":"ns","node":25344,"hash":3354298913,"owner":25344,"kind":"sampled","unit":100,"class":4,"bound_ms":5000,"quality":"GOOD","age_ms":335,"ts":95257,"updates":9,"value":2}
19:57:34 A {"t":"ns","node":25344,"hash":1771187623,"owner":25344,"kind":"sampled","unit":101,"class":4,"bound_ms":30000,"quality":"GOOD","age_ms":348,"ts":95257,"updates":9,"value":228852}
19:57:34 A {"t":"ns","node":25344,"hash":2033492666,"owner":25344,"kind":"sampled","unit":0,"class":3,"bound_ms":0,"quality":"GOOD","age_ms":10652,"ts":77458,"updates":1,"value":99}
19:57:34 A {"t":"ns","node":25344,"hash":4103947588,"owner":25344,"kind":"sampled","unit":80,"class":4,"bound_ms":30000,"quality":"GOOD","age_ms":375,"ts":95257,"updates":9,"value":95}
19:57:34 A {"t":"ns","node":25344,"hash":1662441583,"owner":25344,"kind":"sampled","unit":101,"class":4,"bound_ms":30000,"quality":"GOOD","age_ms":400,"ts":95257,"updates":9,"value":180224}
--- 5. B out of the relay's range too: A must declare B dead
19:57:35 C {"t":"test","cmd":"deaf","list":[29544,0,0,0]}
19:57:36 A W (98097) pot.m0: peer 0x7368 declared DEAD after 6 misses (690 ms silent)
19:57:36 C W (91905) pot.m0: peer 0x7368 declared DEAD after 6 misses (697 ms silent)
19:57:40 C {"t":"event","at_ms":85181,"node":33120,"kind":"peer_admitted","peer":29544,"slot":1,"a":0,"b":0}
19:57:40 C {"t":"event","at_ms":85673,"node":33120,"kind":"peer_admitted","peer":25344,"slot":0,"a":0,"b":0}
19:57:40 C {"t":"event","at_ms":87181,"node":33120,"kind":"peer_admitted","peer":29544,"slot":1,"a":0,"b":0}
19:57:40 C {"t":"event","at_ms":87673,"node":33120,"kind":"peer_admitted","peer":25344,"slot":0,"a":0,"b":0}
19:57:40 C {"t":"event","at_ms":89181,"node":33120,"kind":"peer_admitted","peer":29544,"slot":1,"a":0,"b":0}
19:57:40 C {"t":"event","at_ms":89673,"node":33120,"kind":"peer_admitted","peer":25344,"slot":0,"a":0,"b":0}
19:57:40 C {"t":"event","at_ms":91556,"node":33120,"kind":"peer_dead","peer":29544,"slot":1,"a":6,"b":697}
19:57:40 C {"t":"event","at_ms":91673,"node":33120,"kind":"peer_admitted","peer":25344,"slot":0,"a":0,"b":0}
19:57:40 C {"t":"event","at_ms":92783,"node":33120,"kind":"probe_timeout","peer":29544,"slot":1,"a":45,"b":0}
19:57:40 C {"t":"event","at_ms":93673,"node":33120,"kind":"peer_admitted","peer":25344,"slot":0,"a":0,"b":0}
19:57:40 C {"t":"event","at_ms":94783,"node":33120,"kind":"probe_timeout","peer":29544,"slot":1,"a":46,"b":0}
19:57:40 C {"t":"link","up_ms":95346,"node":33120,"peer":25344,"mac":"b8:1f:3f:da:63:00","state":"alive","epoch":152,"espnow_ver":2,"mtu":1446,"misses":0,"rssi":-31,"tx":{"frames":142,"cb_ok":192,"cb_fail":2,"enqueue_err":0,"pdr_ppm":989690},"rx":{"frames":1108,"lost_seqgap":6,"reorder_dup":0,"dropped_bad":0,"hb_lost":30,"bcast_frames":918,"pdr_ppm":994614},"rtt":{"samples":46,"min_us":5796,"max_us":8635,"timeouts":1,"txq_last_us":0,"txq_max_us":0,"remote_turnaround_us":903,"remote_turnaround_max_us":978,"p50_us":[4000,6000],"p99_us":[8000,11000],"hist":[0,0,0,0,29,12,5,0,0,0,0,0,0,0,0,0]}}
19:57:40 C {"t":"link","up_ms":95387,"node":33120,"peer":29544,"mac":"b8:1f:3f:da:73:68","state":"dead","epoch":68,"espnow_ver":2,"mtu":1446,"misses":6,"rssi":-18,"tx":{"frames":135,"cb_ok":189,"cb_fail":0,"enqueue_err":0,"pdr_ppm":1000000},"rx":{"frames":1049,"lost_seqgap":0,"reorder_dup":1,"dropped_bad":0,"hb_lost":11,"bcast_frames":867,"pdr_ppm":1000000},"rtt":{"samples":44,"min_us":5814,"max_us":8417,"timeouts":2,"txq_last_us":3397,"txq_max_us":3397,"remote_turnaround_us":969,"remote_turnaround_max_us":1115,"p50_us":[4000,6000],"p99_us":[8000,11000],"hist":[0,0,0,0,31,9,4,0,0,0,0,0,0,0,0,0]}}
19:57:40 C {"t":"auth","node":33120,"up_ms":95440,"enrolled":1,"required":1,"verified_peers":2,"verified":5,"cache_hits":89,"refused":0,"rate_limited":0,"stale_epoch":0,"verify_us_max":86334,"link_stack_free_b":1692,"crypto_stack_free_b":1220,"tags_ok":278,"bad_tag":1,"replayed":0,"untagged":0,"bcast_dropped":0,"beacon_epoch_ignored":0,"tag_us_max":964}
19:57:40 C {"t":"act","node":33120,"setpoint":0,"has_value":0,"writes_served":0}
19:57:40 C {"t":"peers","node":33120,"own_period_ms":100,"own_busy":0,"channel":1,"scanning":0,"scans":0,"hops":0,"found":0,"lost_to_found_ms":0,"moves_followed":0,"moves_refused":0,"relay":1,"fwd_u":106,"fwd_b":728,"fwd_h":36,"relay_dup":0,"list":[{"id":25344,"state":"alive","via_relay":0,"period_ms":100,"misses":6,"busy":0,"rtt_n":46},{"id":29544,"state":"dead","via_relay":0,"period_ms":100,"misses":6,"busy":0,"rtt_n":44}]}
19:57:40 C {"t":"ss","node":33120,"accepted":0,"unsigned":0,"unknown_sender":0,"bad_signature":0,"replayed":0,"rate_limited":0,"verify_us_max":0,"floors":[{"src":25344,"epoch":139,"counter":1}]}
19:57:40 C {"t":"node","up_ms":95532,"node":33120,"epoch":158,"peers_alive":1,"peers_dead":1,"no_radio":0,"free_dram":228980,"largest_block":180224,"rx":{"total":2272,"bad_frame":0,"unknown_peer":8,"wrong_dst":0,"short_payload":0,"unknown_opcode":0,"queue_dropped":7},"tx":{"total":1265,"enqueue_err":0,"done_queue_dropped":0},"membership":{"deaths":2,"revivals":1,"reboots_seen":0,"table_full":0,"events_dropped":0}}
19:57:40 C {"t":"ns","node":33120,"hash":13581963,"owner":33120,"kind":"sampled","unit":100,"class":4,"bound_ms":5000,"quality":"GOOD","age_ms":320,"ts":95252,"updates":9,"value":1}
19:57:40 C {"t":"ns","node":33120,"hash":3142365229,"owner":33120,"kind":"sampled","unit":101,"class":4,"bound_ms":30000,"quality":"GOOD","age_ms":334,"ts":95252,"updates":9,"value":180224}
19:57:40 C {"t":"ns","node":33120,"hash":2033492666,"owner":33120,"kind":"sampled","unit":0,"class":3,"bound_ms":0,"quality":"NO_DATA","age_ms":0,"ts":0,"updates":0,"value":null}
19:57:40 C {"t":"ns","node":33120,"hash":2347817554,"owner":33120,"kind":"sampled","unit":100,"class":4,"bound_ms":0,"quality":"GOOD","age_ms":361,"ts":95252,"updates":9,"value":158}
19:57:40 C {"t":"ns","node":33120,"hash":1170356950,"owner":33120,"kind":"sampled","unit":80,"class":4,"bound_ms":30000,"quality":"GOOD","age_ms":375,"ts":95252,"updates":9,"value":95}
19:57:40 C {"t":"ns","node":33120,"hash":3085599597,"owner":33120,"kind":"sampled","unit":0,"class":4,"bound_ms":5000,"quality":"GOOD","age_ms":388,"ts":95252,"updates":9,"value":-33}
19:57:40 C {"t":"ns","node":33120,"hash":2486014333,"owner":33120,"kind":"sampled","unit":101,"class":4,"bound_ms":30000,"quality":"GOOD","age_ms":402,"ts":95252,"updates":9,"value":228980}
19:57:41 B {"t":"event","at_ms":86376,"node":29544,"kind":"peer_admitted","peer":25344,"slot":1,"a":0,"b":0}
19:57:41 B {"t":"event","at_ms":86573,"node":29544,"kind":"peer_admitted","peer":33120,"slot":0,"a":0,"b":0}
19:57:41 B {"t":"event","at_ms":88375,"node":29544,"kind":"peer_admitted","peer":25344,"slot":1,"a":0,"b":0}
19:57:41 B {"t":"event","at_ms":88573,"node":29544,"kind":"peer_admitted","peer":33120,"slot":0,"a":0,"b":0}
19:57:41 B {"t":"event","at_ms":90374,"node":29544,"kind":"peer_admitted","peer":25344,"slot":1,"a":0,"b":0}
19:57:41 B {"t":"event","at_ms":90574,"node":29544,"kind":"peer_admitted","peer":33120,"slot":0,"a":0,"b":0}
19:57:41 B {"t":"event","at_ms":90754,"node":29544,"kind":"probe_timeout","peer":25344,"slot":1,"a":44,"b":0}
19:57:41 B {"t":"event","at_ms":91754,"node":29544,"kind":"probe_timeout","peer":33120,"slot":0,"a":45,"b":0}
19:57:41 B {"t":"event","at_ms":92374,"node":29544,"kind":"peer_admitted","peer":25344,"slot":1,"a":0,"b":0}
19:57:41 B {"t":"event","at_ms":92573,"node":29544,"kind":"peer_admitted","peer":33120,"slot":0,"a":0,"b":0}
19:57:41 B {"t":"event","at_ms":92754,"node":29544,"kind":"probe_timeout","peer":25344,"slot":1,"a":45,"b":0}
19:57:41 B {"t":"event","at_ms":93754,"node":29544,"kind":"probe_timeout","peer":33120,"slot":0,"a":46,"b":0}
19:57:41 B {"t":"event","at_ms":94374,"node":29544,"kind":"peer_admitted","peer":25344,"slot":1,"a":0,"b":0}
19:57:41 B {"t":"event","at_ms":94573,"node":29544,"kind":"peer_admitted","peer":33120,"slot":0,"a":0,"b":0}
19:57:41 B {"t":"event","at_ms":94754,"node":29544,"kind":"probe_timeout","peer":25344,"slot":1,"a":46,"b":0}
19:57:41 B {"t":"link","up_ms":95344,"node":29544,"peer":33120,"mac":"b8:1f:3f:da:81:60","state":"alive","epoch":158,"espnow_ver":2,"mtu":1446,"misses":0,"rssi":-19,"tx":{"frames":146,"cb_ok":207,"cb_fail":0,"enqueue_err":0,"pdr_ppm":1000000},"rx":{"frames":1118,"lost_seqgap":0,"reorder_dup":1,"dropped_bad":0,"hb_lost":18,"bcast_frames":930,"pdr_ppm":1000000},"rtt":{"samples":44,"min_us":6130,"max_us":8903,"timeouts":2,"txq_last_us":2773,"txq_max_us":5334,"remote_turnaround_us":945,"remote_turnaround_max_us":1482,"p50_us":[6000,8000],"p99_us":[8000,11000],"hist":[0,0,0,0,0,37,7,0,0,0,0,0,0,0,0,0]}}
19:57:41 B {"t":"link","up_ms":95396,"node":29544,"peer":25344,"mac":"b8:1f:3f:da:81:60","state":"alive","epoch":152,"espnow_ver":2,"mtu":1446,"misses":0,"rssi":-18,"tx":{"frames":129,"cb_ok":68,"cb_fail":0,"enqueue_err":0,"pdr_ppm":1000000},"rx":{"frames":962,"lost_seqgap":6,"reorder_dup":16,"dropped_bad":0,"hb_lost":125,"bcast_frames":806,"pdr_ppm":993801},"rtt":{"samples":36,"min_us":5906,"max_us":20781,"timeouts":10,"txq_last_us":0,"txq_max_us":0,"remote_turnaround_us":940,"remote_turnaround_max_us":969,"p50_us":[8000,11000],"p99_us":[16000,22000],"hist":[0,0,0,0,3,12,17,3,1,0,0,0,0,0,0,0]}}
19:57:41 B {"t":"auth","node":29544,"up_ms":95450,"enrolled":1,"required":1,"verified_peers":2,"verified":4,"cache_hits":90,"refused":0,"rate_limited":0,"stale_epoch":0,"verify_us_max":87360,"link_stack_free_b":1692,"crypto_stack_free_b":1268,"tags_ok":250,"bad_tag":0,"replayed":0,"untagged":0,"bcast_dropped":0,"beacon_epoch_ignored":0,"tag_us_max":900}
19:57:41 B {"t":"act","node":29544,"setpoint":99,"has_value":1,"writes_served":1}
19:57:41 B {"t":"peers","node":29544,"own_period_ms":100,"own_busy":0,"channel":1,"scanning":0,"scans":0,"hops":0,"found":0,"lost_to_found_ms":0,"moves_followed":0,"moves_refused":0,"relay":0,"fwd_u":0,"fwd_b":0,"fwd_h":0,"relay_dup":0,"list":[{"id":33120,"state":"alive","via_relay":0,"period_ms":100,"misses":6,"busy":0,"rtt_n":44},{"id":25344,"state":"alive","via_relay":1,"period_ms":100,"misses":6,"busy":0,"rtt_n":36}]}
19:57:41 B {"t":"ss","node":29544,"accepted":0,"unsigned":0,"unknown_sender":0,"bad_signature":0,"replayed":0,"rate_limited":0,"verify_us_max":0,"floors":[]}
19:57:41 B {"t":"node","up_ms":95530,"node":29544,"epoch":68,"peers_alive":2,"peers_dead":0,"no_radio":0,"free_dram":229120,"largest_block":180224,"rx":{"total":2439,"bad_frame":0,"unknown_peer":3,"wrong_dst":0,"short_payload":0,"unknown_opcode":0,"queue_dropped":8},"tx":{"total":1260,"enqueue_err":0,"done_queue_dropped":0},"membership":{"deaths":1,"revivals":1,"reboots_seen":0,"table_full":0,"events_dropped":0}}
19:57:41 B {"t":"ns","node":29544,"hash":96177158,"owner":29544,"kind":"sampled","unit":0,"class":4,"bound_ms":5000,"quality":"GOOD","age_ms":347,"ts":95222,"updates":9,"value":-19}
19:57:41 B {"t":"ns","node":29544,"hash":1162973580,"owner":29544,"kind":"sampled","unit":101,"class":4,"bound_ms":30000,"quality":"GOOD","age_ms":361,"ts":95222,"updates":9,"value":229120}
19:57:41 B {"t":"ns","node":29544,"hash":4013525678,"owner":29544,"kind":"sampled","unit":101,"class":4,"bound_ms":30000,"quality":"GOOD","age_ms":375,"ts":95222,"updates":9,"value":180224}
19:57:41 B {"t":"ns","node":29544,"hash":2033492666,"owner":29544,"kind":"sampled","unit":0,"class":3,"bound_ms":0,"quality":"GOOD","age_ms":18164,"ts":77458,"updates":1,"value":99}
19:57:41 B {"t":"ns","node":29544,"hash":1303338069,"owner":29544,"kind":"sampled","unit":100,"class":4,"bound_ms":0,"quality":"GOOD","age_ms":413,"ts":95222,"updates":9,"value":68}
19:57:41 B {"t":"ns","node":29544,"hash":288706273,"owner":29544,"kind":"sampled","unit":80,"class":4,"bound_ms":30000,"quality":"GOOD","age_ms":427,"ts":95222,"updates":9,"value":95}
19:57:41 B {"t":"ns","node":29544,"hash":2548334194,"owner":29544,"kind":"sampled","unit":100,"class":4,"bound_ms":5000,"quality":"GOOD","age_ms":441,"ts":95222,"updates":9,"value":2}
19:57:44 A {"t":"event","at_ms":95384,"node":25344,"kind":"peer_admitted","peer":29544,"slot":1,"a":0,"b":0}
19:57:44 A {"t":"event","at_ms":96075,"node":25344,"kind":"peer_admitted","peer":33120,"slot":0,"a":0,"b":0}
19:57:44 A {"t":"event","at_ms":97748,"node":25344,"kind":"peer_dead","peer":29544,"slot":1,"a":6,"b":690}
19:57:44 A {"t":"event","at_ms":98075,"node":25344,"kind":"peer_admitted","peer":33120,"slot":0,"a":0,"b":0}
19:57:44 A {"t":"event","at_ms":98772,"node":25344,"kind":"probe_timeout","peer":29544,"slot":1,"a":45,"b":0}
19:57:44 A {"t":"event","at_ms":100075,"node":25344,"kind":"peer_admitted","peer":33120,"slot":0,"a":0,"b":0}
19:57:44 A {"t":"event","at_ms":100772,"node":25344,"kind":"probe_timeout","peer":29544,"slot":1,"a":46,"b":0}
19:57:44 A {"t":"event","at_ms":102075,"node":25344,"kind":"peer_admitted","peer":33120,"slot":0,"a":0,"b":0}
19:57:44 A {"t":"event","at_ms":102772,"node":25344,"kind":"probe_timeout","peer":29544,"slot":1,"a":47,"b":0}
19:57:44 A {"t":"event","at_ms":104075,"node":25344,"kind":"peer_admitted","peer":33120,"slot":0,"a":0,"b":0}
19:57:44 A {"t":"event","at_ms":104772,"node":25344,"kind":"probe_timeout","peer":29544,"slot":1,"a":48,"b":0}
19:57:44 A {"t":"link","up_ms":105766,"node":25344,"peer":33120,"mac":"b8:1f:3f:da:81:60","state":"alive","epoch":158,"espnow_ver":2,"mtu":1446,"misses":0,"rssi":-32,"tx":{"frames":158,"cb_ok":209,"cb_fail":5,"enqueue_err":0,"pdr_ppm":976635},"rx":{"frames":1167,"lost_seqgap":0,"reorder_dup":3,"dropped_bad":0,"hb_lost":20,"bcast_frames":962,"pdr_ppm":1000000},"rtt":{"samples":49,"min_us":5814,"max_us":29852,"timeouts":6,"txq_last_us":10671,"txq_max_us":10671,"remote_turnaround_us":989,"remote_turnaround_max_us":1100,"p50_us":[6000,8000],"p99_us":[22000,30000],"hist":[0,0,0,0,18,25,3,2,0,1,0,0,0,0,0,0]}}
19:57:44 A {"t":"link","up_ms":105819,"node":25344,"peer":29544,"mac":"b8:1f:3f:da:81:60","state":"dead","epoch":68,"espnow_ver":2,"mtu":1446,"misses":6,"rssi":-33,"tx":{"frames":122,"cb_ok":65,"cb_fail":0,"enqueue_err":0,"pdr_ppm":1000000},"rx":{"frames":875,"lost_seqgap":6,"reorder_dup":0,"dropped_bad":0,"hb_lost":130,"bcast_frames":727,"pdr_ppm":993189},"rtt":{"samples":37,"min_us":5899,"max_us":12714,"timeouts":10,"txq_last_us":0,"txq_max_us":0,"remote_turnaround_us":974,"remote_turnaround_max_us":1027,"p50_us":[8000,11000],"p99_us":[11000,16000],"hist":[0,0,0,0,14,4,15,4,0,0,0,0,0,0,0,0]}}
19:57:44 A {"t":"auth","node":25344,"up_ms":105861,"enrolled":1,"required":1,"verified_peers":2,"verified":4,"cache_hits":86,"refused":3,"rate_limited":0,"stale_epoch":0,"verify_us_max":86935,"link_stack_free_b":1692,"crypto_stack_free_b":1220,"tags_ok":259,"bad_tag":0,"replayed":2,"untagged":0,"bcast_dropped":0,"beacon_epoch_ignored":4,"tag_us_max":770}
19:57:44 A {"t":"act","node":25344,"setpoint":99,"has_value":1,"writes_served":0}
19:57:44 A {"t":"peers","node":25344,"own_period_ms":100,"own_busy":0,"channel":1,"scanning":0,"scans":1,"hops":12,"found":0,"lost_to_found_ms":0,"moves_followed":0,"moves_refused":0,"relay":0,"fwd_u":0,"fwd_b":0,"fwd_h":0,"relay_dup":0,"list":[{"id":33120,"state":"alive","via_relay":0,"period_ms":100,"misses":6,"busy":0,"rtt_n":49},{"id":29544,"state":"dead","via_relay":1,"period_ms":100,"misses":6,"busy":0,"rtt_n":37}]}
19:57:44 A {"t":"ss","node":25344,"accepted":0,"unsigned":0,"unknown_sender":0,"bad_signature":0,"replayed":0,"rate_limited":0,"verify_us_max":0,"floors":[]}
19:57:44 A {"t":"node","up_ms":105953,"node":25344,"epoch":152,"peers_alive":1,"peers_dead":1,"no_radio":0,"free_dram":228852,"largest_block":180224,"rx":{"total":2545,"bad_frame":0,"unknown_peer":49,"wrong_dst":0,"short_payload":0,"unknown_opcode":0,"queue_dropped":10},"tx":{"total":1388,"enqueue_err":0,"done_queue_dropped":0},"membership":{"deaths":3,"revivals":1,"reboots_seen":1,"table_full":0,"events_dropped":0}}
19:57:44 A {"t":"ns","node":25344,"hash":2410274060,"owner":25344,"kind":"sampled","unit":100,"class":4,"bound_ms":0,"quality":"GOOD","age_ms":320,"ts":105672,"updates":10,"value":152}
19:57:44 A {"t":"ns","node":25344,"hash":1274253983,"owner":25344,"kind":"sampled","unit":0,"class":4,"bound_ms":5000,"quality":"GOOD","age_ms":333,"ts":105672,"updates":10,"value":-32}
19:57:44 A {"t":"ns","node":25344,"hash":3354298913,"owner":25344,"kind":"sampled","unit":100,"class":4,"bound_ms":5000,"quality":"GOOD","age_ms":347,"ts":105672,"updates":10,"value":1}
19:57:44 A {"t":"ns","node":25344,"hash":1771187623,"owner":25344,"kind":"sampled","unit":101,"class":4,"bound_ms":30000,"quality":"GOOD","age_ms":361,"ts":105672,"updates":10,"value":228852}
19:57:44 A {"t":"ns","node":25344,"hash":2033492666,"owner":25344,"kind":"sampled","unit":0,"class":3,"bound_ms":0,"quality":"GOOD","age_ms":21079,"ts":77458,"updates":1,"value":99}
19:57:44 A {"t":"ns","node":25344,"hash":4103947588,"owner":25344,"kind":"sampled","unit":80,"class":4,"bound_ms":30000,"quality":"GOOD","age_ms":388,"ts":105672,"updates":10,"value":105}
19:57:44 A {"t":"ns","node":25344,"hash":1662441583,"owner":25344,"kind":"sampled","unit":101,"class":4,"bound_ms":30000,"quality":"GOOD","age_ms":404,"ts":105672,"updates":10,"value":180224}
19:57:47 C {"t":"test","cmd":"deaf","list":[0,0,0,0]}
19:57:47 C I (103508) pot.m0: peer 0x7368 revived
19:57:48 A I (109707) pot.m0: peer 0x7368 revived
19:57:48 A {"t":"test","cmd":"deaf","list":[0,0,0,0]}
19:57:48 B {"t":"test","cmd":"deaf","list":[0,0,0,0]}
19:57:48 B W (102715) ESPNOW: Peer exists. Please call API esp_now_mod_peer()!
--- 6. everything restored
19:57:48 C {"t":"test","cmd":"relay","relay":0}
19:57:49 A W (110997) pot.m0: peer 0x7368 declared DEAD after 6 misses (690 ms silent)
19:57:49 A W (111725) ESPNOW: Peer exists. Please call API esp_now_mod_peer()!
19:57:49 A I (111727) pot.m0: peer 0x7368 revived
19:57:50 C {"t":"event","at_ms":95673,"node":33120,"kind":"peer_admitted","peer":25344,"slot":0,"a":0,"b":0}
19:57:50 C {"t":"event","at_ms":96783,"node":33120,"kind":"probe_timeout","peer":29544,"slot":1,"a":47,"b":0}
19:57:50 C {"t":"event","at_ms":97673,"node":33120,"kind":"peer_admitted","peer":25344,"slot":0,"a":0,"b":0}
19:57:50 C {"t":"event","at_ms":98783,"node":33120,"kind":"probe_timeout","peer":29544,"slot":1,"a":48,"b":0}
19:57:50 C {"t":"event","at_ms":99673,"node":33120,"kind":"peer_admitted","peer":25344,"slot":0,"a":0,"b":0}
19:57:50 C {"t":"event","at_ms":100783,"node":33120,"kind":"probe_timeout","peer":29544,"slot":1,"a":49,"b":0}
19:57:50 C {"t":"event","at_ms":101673,"node":33120,"kind":"peer_admitted","peer":25344,"slot":0,"a":0,"b":0}
19:57:50 C {"t":"event","at_ms":102783,"node":33120,"kind":"probe_timeout","peer":29544,"slot":1,"a":50,"b":0}
19:57:50 C {"t":"event","at_ms":103159,"node":33120,"kind":"peer_revived","peer":29544,"slot":1,"a":0,"b":0}
19:57:50 C {"t":"event","at_ms":103181,"node":33120,"kind":"peer_admitted","peer":29544,"slot":1,"a":0,"b":0}
19:57:50 C {"t":"event","at_ms":103673,"node":33120,"kind":"peer_admitted","peer":25344,"slot":0,"a":0,"b":0}
19:57:50 C {"t":"event","at_ms":105181,"node":33120,"kind":"peer_admitted","peer":29544,"slot":1,"a":0,"b":0}
19:57:50 C {"t":"event","at_ms":105672,"node":33120,"kind":"peer_admitted","peer":25344,"slot":0,"a":0,"b":0}
19:57:50 C {"t":"link","up_ms":105788,"node":33120,"peer":25344,"mac":"b8:1f:3f:da:63:00","state":"alive","epoch":152,"espnow_ver":2,"mtu":1446,"misses":0,"rssi":-31,"tx":{"frames":158,"cb_ok":209,"cb_fail":2,"enqueue_err":0,"pdr_ppm":990521},"rx":{"frames":1237,"lost_seqgap":6,"reorder_dup":0,"dropped_bad":0,"hb_lost":30,"bcast_frames":1023,"pdr_ppm":995172},"rtt":{"samples":51,"min_us":5796,"max_us":8635,"timeouts":1,"txq_last_us":0,"txq_max_us":0,"remote_turnaround_us":901,"remote_turnaround_max_us":978,"p50_us":[4000,6000],"p99_us":[8000,11000],"hist":[0,0,0,0,32,14,5,0,0,0,0,0,0,0,0,0]}}
19:57:50 C {"t":"link","up_ms":105841,"node":33120,"peer":29544,"mac":"b8:1f:3f:da:73:68","state":"alive","epoch":68,"espnow_ver":2,"mtu":1446,"misses":0,"rssi":-18,"tx":{"frames":144,"cb_ok":204,"cb_fail":0,"enqueue_err":0,"pdr_ppm":1000000},"rx":{"frames":1085,"lost_seqgap":18,"reorder_dup":1,"dropped_bad":0,"hb_lost":133,"bcast_frames":894,"pdr_ppm":983680},"rtt":{"samples":46,"min_us":5814,"max_us":87573,"timeouts":6,"txq_last_us":2908,"txq_max_us":3397,"remote_turnaround_us":989,"remote_turnaround_max_us":81606,"p50_us":[4000,6000],"p99_us":[85000,110000],"hist":[0,0,0,0,31,10,4,0,0,0,0,0,0,1,0,0]}}
19:57:50 C {"t":"auth","node":33120,"up_ms":105894,"enrolled":1,"required":1,"verified_peers":2,"verified":5,"cache_hits":97,"refused":0,"rate_limited":0,"stale_epoch":0,"verify_us_max":86334,"link_stack_free_b":1692,"crypto_stack_free_b":1220,"tags_ok":305,"bad_tag":1,"replayed":0,"untagged":0,"bcast_dropped":0,"beacon_epoch_ignored":0,"tag_us_max":964}
19:57:50 C {"t":"act","node":33120,"setpoint":0,"has_value":0,"writes_served":0}
19:57:50 C {"t":"peers","node":33120,"own_period_ms":100,"own_busy":0,"channel":1,"scanning":0,"scans":0,"hops":0,"found":0,"lost_to_found_ms":0,"moves_followed":0,"moves_refused":0,"relay":0,"fwd_u":113,"fwd_b":818,"fwd_h":42,"relay_dup":0,"list":[{"id":25344,"state":"alive","via_relay":0,"period_ms":100,"misses":6,"busy":0,"rtt_n":51},{"id":29544,"state":"alive","via_relay":0,"period_ms":100,"misses":6,"busy":0,"rtt_n":46}]}
19:57:50 C {"t":"ss","node":33120,"accepted":0,"unsigned":0,"unknown_sender":0,"bad_signature":0,"replayed":0,"rate_limited":0,"verify_us_max":0,"floors":[{"src":25344,"epoch":139,"counter":1}]}
19:57:50 C {"t":"node","up_ms":105975,"node":33120,"epoch":158,"peers_alive":2,"peers_dead":0,"no_radio":0,"free_dram":228980,"largest_block":180224,"rx":{"total":2448,"bad_frame":0,"unknown_peer":8,"wrong_dst":0,"short_payload":0,"unknown_opcode":0,"queue_dropped":7},"tx":{"total":1404,"enqueue_err":0,"done_queue_dropped":0},"membership":{"deaths":2,"revivals":2,"reboots_seen":0,"table_full":0,"events_dropped":0}}
19:57:50 C {"t":"ns","node":33120,"hash":13581963,"owner":33120,"kind":"sampled","unit":100,"class":4,"bound_ms":5000,"quality":"GOOD","age_ms":335,"ts":105680,"updates":10,"value":2}
19:57:50 C {"t":"ns","node":33120,"hash":3142365229,"owner":33120,"kind":"sampled","unit":101,"class":4,"bound_ms":30000,"quality":"GOOD","age_ms":348,"ts":105680,"updates":10,"value":180224}
19:57:50 C {"t":"ns","node":33120,"hash":2033492666,"owner":33120,"kind":"sampled","unit":0,"class":3,"bound_ms":0,"quality":"NO_DATA","age_ms":0,"ts":0,"updates":0,"value":null}
19:57:50 C {"t":"ns","node":33120,"hash":2347817554,"owner":33120,"kind":"sampled","unit":100,"class":4,"bound_ms":0,"quality":"GOOD","age_ms":376,"ts":105680,"updates":10,"value":158}
19:57:50 C {"t":"ns","node":33120,"hash":1170356950,"owner":33120,"kind":"sampled","unit":80,"class":4,"bound_ms":30000,"quality":"GOOD","age_ms":401,"ts":105680,"updates":10,"value":105}
19:57:50 C {"t":"ns","node":33120,"hash":3085599597,"owner":33120,"kind":"sampled","unit":0,"class":4,"bound_ms":5000,"quality":"GOOD","age_ms":414,"ts":105680,"updates":10,"value":-31}
19:57:50 C {"t":"ns","node":33120,"hash":2486014333,"owner":33120,"kind":"sampled","unit":101,"class":4,"bound_ms":30000,"quality":"GOOD","age_ms":428,"ts":105680,"updates":10,"value":228980}
19:57:51 B {"t":"event","at_ms":95754,"node":29544,"kind":"probe_timeout","peer":33120,"slot":0,"a":47,"b":0}
19:57:51 B {"t":"event","at_ms":96374,"node":29544,"kind":"peer_admitted","peer":25344,"slot":1,"a":0,"b":0}
19:57:51 B {"t":"event","at_ms":96573,"node":29544,"kind":"peer_admitted","peer":33120,"slot":0,"a":0,"b":0}
19:57:51 B {"t":"event","at_ms":96754,"node":29544,"kind":"probe_timeout","peer":25344,"slot":1,"a":47,"b":0}
19:57:51 B {"t":"event","at_ms":97754,"node":29544,"kind":"probe_timeout","peer":33120,"slot":0,"a":48,"b":0}
19:57:51 B {"t":"event","at_ms":98374,"node":29544,"kind":"peer_admitted","peer":25344,"slot":1,"a":0,"b":0}
19:57:51 B {"t":"event","at_ms":98573,"node":29544,"kind":"peer_admitted","peer":33120,"slot":0,"a":0,"b":0}
19:57:51 B {"t":"event","at_ms":98754,"node":29544,"kind":"probe_timeout","peer":25344,"slot":1,"a":48,"b":0}
19:57:51 B {"t":"event","at_ms":99754,"node":29544,"kind":"probe_timeout","peer":33120,"slot":0,"a":49,"b":0}
19:57:51 B {"t":"event","at_ms":100374,"node":29544,"kind":"peer_admitted","peer":25344,"slot":1,"a":0,"b":0}
19:57:51 B {"t":"event","at_ms":100573,"node":29544,"kind":"peer_admitted","peer":33120,"slot":0,"a":0,"b":0}
19:57:51 B {"t":"event","at_ms":100754,"node":29544,"kind":"probe_timeout","peer":25344,"slot":1,"a":49,"b":0}
19:57:51 B {"t":"event","at_ms":101753,"node":29544,"kind":"probe_timeout","peer":33120,"slot":0,"a":50,"b":0}
19:57:51 B {"t":"event","at_ms":102370,"node":29544,"kind":"peer_admitted","peer":25344,"slot":1,"a":0,"b":0}
19:57:51 B {"t":"event","at_ms":102562,"node":29544,"kind":"peer_admitted","peer":33120,"slot":0,"a":0,"b":0}
19:57:51 B {"t":"event","at_ms":102566,"node":29544,"kind":"peer_admitted","peer":33120,"slot":0,"a":0,"b":0}
19:57:51 B {"t":"event","at_ms":102574,"node":29544,"kind":"peer_admitted","peer":33120,"slot":0,"a":0,"b":0}
19:57:51 B {"t":"event","at_ms":102660,"node":29544,"kind":"peer_admitted","peer":33120,"slot":0,"a":0,"b":0}
19:57:51 B {"t":"event","at_ms":102754,"node":29544,"kind":"probe_timeout","peer":25344,"slot":1,"a":50,"b":0}
19:57:51 B {"t":"event","at_ms":104368,"node":29544,"kind":"peer_admitted","peer":25344,"slot":1,"a":0,"b":0}
19:57:51 B {"t":"event","at_ms":104575,"node":29544,"kind":"peer_admitted","peer":33120,"slot":0,"a":0,"b":0}
19:57:51 B {"t":"event","at_ms":104754,"node":29544,"kind":"probe_timeout","peer":25344,"slot":1,"a":51,"b":0}
19:57:51 B {"t":"link","up_ms":105864,"node":29544,"peer":33120,"mac":"b8:1f:3f:da:81:60","state":"alive","epoch":158,"espnow_ver":2,"mtu":1446,"misses":0,"rssi":-18,"tx":{"frames":164,"cb_ok":236,"cb_fail":0,"enqueue_err":0,"pdr_ppm":1000000},"rx":{"frames":1241,"lost_seqgap":0,"reorder_dup":1,"dropped_bad":0,"hb_lost":18,"bcast_frames":1036,"pdr_ppm":1000000},"rtt":{"samples":46,"min_us":6130,"max_us":8903,"timeouts":6,"txq_last_us":2773,"txq_max_us":5334,"remote_turnaround_us":910,"remote_turnaround_max_us":1482,"p50_us":[6000,8000],"p99_us":[8000,11000],"hist":[0,0,0,0,0,39,7,0,0,0,0,0,0,0,0,0]}}
19:57:51 B {"t":"link","up_ms":105917,"node":29544,"peer":25344,"mac":"b8:1f:3f:da:63:00","state":"alive","epoch":152,"espnow_ver":2,"mtu":1446,"misses":0,"rssi":-24,"tx":{"frames":145,"cb_ok":73,"cb_fail":0,"enqueue_err":0,"pdr_ppm":1000000},"rx":{"frames":1080,"lost_seqgap":6,"reorder_dup":16,"dropped_bad":0,"hb_lost":125,"bcast_frames":911,"pdr_ppm":994475},"rtt":{"samples":37,"min_us":5866,"max_us":20781,"timeouts":15,"txq_last_us":0,"txq_max_us":0,"remote_turnaround_us":899,"remote_turnaround_max_us":969,"p50_us":[8000,11000],"p99_us":[16000,22000],"hist":[0,0,0,0,4,12,17,3,1,0,0,0,0,0,0,0]}}
19:57:51 B {"t":"auth","node":29544,"up_ms":105970,"enrolled":1,"required":1,"verified_peers":2,"verified":5,"cache_hits":102,"refused":0,"rate_limited":0,"stale_epoch":0,"verify_us_max":87360,"link_stack_free_b":1548,"crypto_stack_free_b":1268,"tags_ok":269,"bad_tag":0,"replayed":0,"untagged":0,"bcast_dropped":0,"beacon_epoch_ignored":0,"tag_us_max":900}
19:57:51 B {"t":"act","node":29544,"setpoint":99,"has_value":1,"writes_served":1}
19:57:52 B {"t":"peers","node":29544,"own_period_ms":100,"own_busy":0,"channel":1,"scanning":0,"scans":0,"hops":0,"found":0,"lost_to_found_ms":0,"moves_followed":0,"moves_refused":0,"relay":0,"fwd_u":0,"fwd_b":0,"fwd_h":0,"relay_dup":1,"list":[{"id":33120,"state":"alive","via_relay":0,"period_ms":100,"misses":6,"busy":0,"rtt_n":46},{"id":25344,"state":"alive","via_relay":0,"period_ms":100,"misses":6,"busy":0,"rtt_n":37}]}
19:57:52 B {"t":"ss","node":29544,"accepted":0,"unsigned":0,"unknown_sender":0,"bad_signature":0,"replayed":0,"rate_limited":0,"verify_us_max":0,"floors":[]}
19:57:52 B {"t":"node","up_ms":106051,"node":29544,"epoch":68,"peers_alive":2,"peers_dead":0,"no_radio":0,"free_dram":229120,"largest_block":180224,"rx":{"total":2692,"bad_frame":0,"unknown_peer":5,"wrong_dst":0,"short_payload":0,"unknown_opcode":0,"queue_dropped":8},"tx":{"total":1405,"enqueue_err":0,"done_queue_dropped":0},"membership":{"deaths":1,"revivals":1,"reboots_seen":0,"table_full":0,"events_dropped":0}}
19:57:52 B {"t":"ns","node":29544,"hash":96177158,"owner":29544,"kind":"sampled","unit":0,"class":4,"bound_ms":5000,"quality":"GOOD","age_ms":413,"ts":105677,"updates":10,"value":-23}
19:57:52 B {"t":"ns","node":29544,"hash":1162973580,"owner":29544,"kind":"sampled","unit":101,"class":4,"bound_ms":30000,"quality":"GOOD","age_ms":427,"ts":105677,"updates":10,"value":229120}
19:57:52 B {"t":"ns","node":29544,"hash":4013525678,"owner":29544,"kind":"sampled","unit":101,"class":4,"bound_ms":30000,"quality":"GOOD","age_ms":441,"ts":105677,"updates":10,"value":180224}
19:57:52 B {"t":"ns","node":29544,"hash":2033492666,"owner":29544,"kind":"sampled","unit":0,"class":3,"bound_ms":0,"quality":"GOOD","age_ms":28673,"ts":77458,"updates":1,"value":99}
19:57:52 B {"t":"ns","node":29544,"hash":1303338069,"owner":29544,"kind":"sampled","unit":100,"class":4,"bound_ms":0,"quality":"GOOD","age_ms":468,"ts":105677,"updates":10,"value":68}
19:57:52 B {"t":"ns","node":29544,"hash":288706273,"owner":29544,"kind":"sampled","unit":80,"class":4,"bound_ms":30000,"quality":"GOOD","age_ms":482,"ts":105677,"updates":10,"value":105}
19:57:52 B {"t":"ns","node":29544,"hash":2548334194,"owner":29544,"kind":"sampled","unit":100,"class":4,"bound_ms":5000,"quality":"GOOD","age_ms":507,"ts":105677,"updates":10,"value":2}
19:57:54 A {"t":"event","at_ms":106075,"node":25344,"kind":"peer_admitted","peer":33120,"slot":0,"a":0,"b":0}
19:57:54 A {"t":"event","at_ms":106772,"node":25344,"kind":"probe_timeout","peer":29544,"slot":1,"a":49,"b":0}
19:57:54 A {"t":"event","at_ms":108075,"node":25344,"kind":"peer_admitted","peer":33120,"slot":0,"a":0,"b":0}
19:57:54 A {"t":"event","at_ms":108772,"node":25344,"kind":"probe_timeout","peer":29544,"slot":1,"a":50,"b":0}
19:57:54 A {"t":"event","at_ms":109359,"node":25344,"kind":"peer_revived","peer":29544,"slot":1,"a":0,"b":0}
19:57:54 A {"t":"event","at_ms":109384,"node":25344,"kind":"peer_admitted","peer":29544,"slot":1,"a":0,"b":0}
19:57:54 A {"t":"event","at_ms":110063,"node":25344,"kind":"peer_admitted","peer":33120,"slot":0,"a":0,"b":0}
19:57:54 A {"t":"event","at_ms":110065,"node":25344,"kind":"peer_admitted","peer":33120,"slot":0,"a":0,"b":0}
19:57:54 A {"t":"event","at_ms":110076,"node":25344,"kind":"peer_admitted","peer":33120,"slot":0,"a":0,"b":0}
19:57:54 A {"t":"event","at_ms":110161,"node":25344,"kind":"peer_admitted","peer":33120,"slot":0,"a":0,"b":0}
19:57:54 A {"t":"event","at_ms":110648,"node":25344,"kind":"peer_dead","peer":29544,"slot":1,"a":6,"b":690}
19:57:54 A {"t":"event","at_ms":111378,"node":25344,"kind":"peer_revived","peer":29544,"slot":1,"a":0,"b":0}
19:57:54 A {"t":"event","at_ms":111380,"node":25344,"kind":"peer_admitted","peer":29544,"slot":1,"a":0,"b":0}
19:57:54 A {"t":"event","at_ms":112076,"node":25344,"kind":"peer_admitted","peer":33120,"slot":0,"a":0,"b":0}
19:57:54 A {"t":"event","at_ms":113378,"node":25344,"kind":"peer_admitted","peer":29544,"slot":1,"a":0,"b":0}
19:57:54 A {"t":"event","at_ms":114076,"node":25344,"kind":"peer_admitted","peer":33120,"slot":0,"a":0,"b":0}
19:57:54 A {"t":"event","at_ms":115378,"node":25344,"kind":"peer_admitted","peer":29544,"slot":1,"a":0,"b":0}
19:57:54 A {"t":"event","at_ms":116076,"node":25344,"kind":"peer_admitted","peer":33120,"slot":0,"a":0,"b":0}
19:57:54 A {"t":"link","up_ms":116238,"node":25344,"peer":33120,"mac":"b8:1f:3f:da:81:60","state":"alive","epoch":158,"espnow_ver":2,"mtu":1446,"misses":0,"rssi":-32,"tx":{"frames":177,"cb_ok":232,"cb_fail":5,"enqueue_err":0,"pdr_ppm":978902},"rx":{"frames":1296,"lost_seqgap":0,"reorder_dup":3,"dropped_bad":0,"hb_lost":20,"bcast_frames":1066,"pdr_ppm":1000000},"rtt":{"samples":54,"min_us":5814,"max_us":29852,"timeouts":6,"txq_last_us":10671,"txq_max_us":10671,"remote_turnaround_us":916,"remote_turnaround_max_us":1100,"p50_us":[6000,8000],"p99_us":[22000,30000],"hist":[0,0,0,0,19,28,4,2,0,1,0,0,0,0,0,0]}}
19:57:54 A {"t":"link","up_ms":116291,"node":25344,"peer":29544,"mac":"b8:1f:3f:da:73:68","state":"alive","epoch":68,"espnow_ver":2,"mtu":1446,"misses":0,"rssi":-23,"tx":{"frames":133,"cb_ok":73,"cb_fail":0,"enqueue_err":0,"pdr_ppm":1000000},"rx":{"frames":943,"lost_seqgap":27,"reorder_dup":0,"dropped_bad":0,"hb_lost":266,"bcast_frames":783,"pdr_ppm":972164},"rtt":{"samples":41,"min_us":5899,"max_us":12714,"timeouts":12,"txq_last_us":0,"txq_max_us":0,"remote_turnaround_us":998,"remote_turnaround_max_us":1027,"p50_us":[6000,8000],"p99_us":[11000,16000],"hist":[0,0,0,0,15,6,16,4,0,0,0,0,0,0,0,0]}}
19:57:54 A {"t":"auth","node":25344,"up_ms":116344,"enrolled":1,"required":1,"verified_peers":2,"verified":5,"cache_hits":98,"refused":3,"rate_limited":0,"stale_epoch":0,"verify_us_max":86935,"link_stack_free_b":1548,"crypto_stack_free_b":1220,"tags_ok":284,"bad_tag":0,"replayed":2,"untagged":0,"bcast_dropped":0,"beacon_epoch_ignored":4,"tag_us_max":770}
19:57:54 A {"t":"act","node":25344,"setpoint":99,"has_value":1,"writes_served":0}
19:57:54 A {"t":"peers","node":25344,"own_period_ms":100,"own_busy":0,"channel":1,"scanning":0,"scans":1,"hops":12,"found":0,"lost_to_found_ms":0,"moves_followed":0,"moves_refused":0,"relay":0,"fwd_u":0,"fwd_b":0,"fwd_h":0,"relay_dup":0,"list":[{"id":33120,"state":"alive","via_relay":0,"period_ms":100,"misses":6,"busy":0,"rtt_n":54},{"id":29544,"state":"alive","via_relay":0,"period_ms":100,"misses":6,"busy":0,"rtt_n":41}]}
19:57:54 A {"t":"ss","node":25344,"accepted":0,"unsigned":0,"unknown_sender":0,"bad_signature":0,"replayed":0,"rate_limited":0,"verify_us_max":0,"floors":[]}
19:57:55 A {"t":"node","up_ms":116435,"node":25344,"epoch":152,"peers_alive":2,"peers_dead":0,"no_radio":0,"free_dram":228852,"largest_block":180224,"rx":{"total":2806,"bad_frame":0,"unknown_peer":71,"wrong_dst":0,"short_payload":0,"unknown_opcode":0,"queue_dropped":10},"tx":{"total":1527,"enqueue_err":0,"done_queue_dropped":0},"membership":{"deaths":4,"revivals":3,"reboots_seen":1,"table_full":0,"events_dropped":0}}
19:57:55 A {"t":"ns","node":25344,"hash":2410274060,"owner":25344,"kind":"sampled","unit":100,"class":4,"bound_ms":0,"quality":"GOOD","age_ms":374,"ts":116090,"updates":11,"value":152}
19:57:55 A {"t":"ns","node":25344,"hash":1274253983,"owner":25344,"kind":"sampled","unit":0,"class":4,"bound_ms":5000,"quality":"GOOD","age_ms":388,"ts":116090,"updates":11,"value":-32}
19:57:55 A {"t":"ns","node":25344,"hash":3354298913,"owner":25344,"kind":"sampled","unit":100,"class":4,"bound_ms":5000,"quality":"GOOD","age_ms":401,"ts":116090,"updates":11,"value":2}
19:57:55 A {"t":"ns","node":25344,"hash":1771187623,"owner":25344,"kind":"sampled","unit":101,"class":4,"bound_ms":30000,"quality":"GOOD","age_ms":426,"ts":116090,"updates":11,"value":228852}
19:57:55 A {"t":"ns","node":25344,"hash":2033492666,"owner":25344,"kind":"sampled","unit":0,"class":3,"bound_ms":0,"quality":"GOOD","age_ms":31563,"ts":77458,"updates":1,"value":99}
19:57:55 A {"t":"ns","node":25344,"hash":4103947588,"owner":25344,"kind":"sampled","unit":80,"class":4,"bound_ms":30000,"quality":"GOOD","age_ms":453,"ts":116090,"updates":11,"value":116}
19:57:55 A {"t":"ns","node":25344,"hash":1662441583,"owner":25344,"kind":"sampled","unit":101,"class":4,"bound_ms":30000,"quality":"GOOD","age_ms":467,"ts":116090,"updates":11,"value":180224}
19:58:00 C {"t":"event","at_ms":107181,"node":33120,"kind":"peer_admitted","peer":29544,"slot":1,"a":0,"b":0}
19:58:00 C {"t":"event","at_ms":107672,"node":33120,"kind":"peer_admitted","peer":25344,"slot":0,"a":0,"b":0}
19:58:00 C {"t":"event","at_ms":109181,"node":33120,"kind":"peer_admitted","peer":29544,"slot":1,"a":0,"b":0}
19:58:00 C {"t":"event","at_ms":109672,"node":33120,"kind":"peer_admitted","peer":25344,"slot":0,"a":0,"b":0}
19:58:00 C {"t":"event","at_ms":111181,"node":33120,"kind":"peer_admitted","peer":29544,"slot":1,"a":0,"b":0}
19:58:00 C {"t":"event","at_ms":111672,"node":33120,"kind":"peer_admitted","peer":25344,"slot":0,"a":0,"b":0}
19:58:00 C {"t":"event","at_ms":113181,"node":33120,"kind":"peer_admitted","peer":29544,"slot":1,"a":0,"b":0}
19:58:00 C {"t":"event","at_ms":113672,"node":33120,"kind":"peer_admitted","peer":25344,"slot":0,"a":0,"b":0}
19:58:00 C {"t":"event","at_ms":115181,"node":33120,"kind":"peer_admitted","peer":29544,"slot":1,"a":0,"b":0}
19:58:00 C {"t":"event","at_ms":115672,"node":33120,"kind":"peer_admitted","peer":25344,"slot":0,"a":0,"b":0}
19:58:00 C {"t":"link","up_ms":116203,"node":33120,"peer":25344,"mac":"b8:1f:3f:da:63:00","state":"alive","epoch":152,"espnow_ver":2,"mtu":1446,"misses":0,"rssi":-31,"tx":{"frames":173,"cb_ok":224,"cb_fail":2,"enqueue_err":0,"pdr_ppm":991150},"rx":{"frames":1360,"lost_seqgap":6,"reorder_dup":0,"dropped_bad":0,"hb_lost":32,"bcast_frames":1125,"pdr_ppm":995607},"rtt":{"samples":56,"min_us":5796,"max_us":8635,"timeouts":1,"txq_last_us":0,"txq_max_us":0,"remote_turnaround_us":896,"remote_turnaround_max_us":978,"p50_us":[4000,6000],"p99_us":[8000,11000],"hist":[0,0,0,0,37,14,5,0,0,0,0,0,0,0,0,0]}}
19:58:00 C {"t":"link","up_ms":116256,"node":33120,"peer":29544,"mac":"b8:1f:3f:da:73:68","state":"alive","epoch":68,"espnow_ver":2,"mtu":1446,"misses":0,"rssi":-18,"tx":{"frames":160,"cb_ok":220,"cb_fail":0,"enqueue_err":0,"pdr_ppm":1000000},"rx":{"frames":1211,"lost_seqgap":18,"reorder_dup":1,"dropped_bad":0,"hb_lost":133,"bcast_frames":998,"pdr_ppm":985353},"rtt":{"samples":51,"min_us":5814,"max_us":87573,"timeouts":6,"txq_last_us":2908,"txq_max_us":3397,"remote_turnaround_us":1040,"remote_turnaround_max_us":81606,"p50_us":[4000,6000],"p99_us":[85000,110000],"hist":[0,0,0,0,33,13,4,0,0,0,0,0,0,1,0,0]}}
19:58:00 C {"t":"auth","node":33120,"up_ms":116310,"enrolled":1,"required":1,"verified_peers":2,"verified":5,"cache_hits":107,"refused":0,"rate_limited":0,"stale_epoch":0,"verify_us_max":86334,"link_stack_free_b":1692,"crypto_stack_free_b":1220,"tags_ok":336,"bad_tag":1,"replayed":0,"untagged":0,"bcast_dropped":0,"beacon_epoch_ignored":0,"tag_us_max":964}
19:58:00 C {"t":"act","node":33120,"setpoint":0,"has_value":0,"writes_served":0}
19:58:00 C {"t":"peers","node":33120,"own_period_ms":100,"own_busy":0,"channel":1,"scanning":0,"scans":0,"hops":0,"found":0,"lost_to_found_ms":0,"moves_followed":0,"moves_refused":0,"relay":0,"fwd_u":113,"fwd_b":818,"fwd_h":42,"relay_dup":0,"list":[{"id":25344,"state":"alive","via_relay":0,"period_ms":100,"misses":6,"busy":0,"rtt_n":56},{"id":29544,"state":"alive","via_relay":0,"period_ms":100,"misses":6,"busy":0,"rtt_n":51}]}
19:58:00 C {"t":"ss","node":33120,"accepted":0,"unsigned":0,"unknown_sender":0,"bad_signature":0,"replayed":0,"rate_limited":0,"verify_us_max":0,"floors":[{"src":25344,"epoch":139,"counter":1}]}
19:58:00 C {"t":"node","up_ms":116402,"node":33120,"epoch":158,"peers_alive":2,"peers_dead":0,"no_radio":0,"free_dram":228980,"largest_block":180224,"rx":{"total":2695,"bad_frame":0,"unknown_peer":8,"wrong_dst":0,"short_payload":0,"unknown_opcode":0,"queue_dropped":7},"tx":{"total":1544,"enqueue_err":0,"done_queue_dropped":0},"membership":{"deaths":2,"revivals":2,"reboots_seen":0,"table_full":0,"events_dropped":0}}
19:58:00 C {"t":"ns","node":33120,"hash":13581963,"owner":33120,"kind":"sampled","unit":100,"class":4,"bound_ms":5000,"quality":"GOOD","age_ms":308,"ts":116122,"updates":11,"value":2}
19:58:00 C {"t":"ns","node":33120,"hash":3142365229,"owner":33120,"kind":"sampled","unit":101,"class":4,"bound_ms":30000,"quality":"GOOD","age_ms":321,"ts":116122,"updates":11,"value":180224}
19:58:01 C {"t":"ns","node":33120,"hash":2033492666,"owner":33120,"kind":"sampled","unit":0,"class":3,"bound_ms":0,"quality":"NO_DATA","age_ms":0,"ts":0,"updates":0,"value":null}
19:58:01 C {"t":"ns","node":33120,"hash":2347817554,"owner":33120,"kind":"sampled","unit":100,"class":4,"bound_ms":0,"quality":"GOOD","age_ms":360,"ts":116122,"updates":11,"value":158}
19:58:01 C {"t":"ns","node":33120,"hash":1170356950,"owner":33120,"kind":"sampled","unit":80,"class":4,"bound_ms":30000,"quality":"GOOD","age_ms":374,"ts":116122,"updates":11,"value":116}
19:58:01 C {"t":"ns","node":33120,"hash":3085599597,"owner":33120,"kind":"sampled","unit":0,"class":4,"bound_ms":5000,"quality":"GOOD","age_ms":388,"ts":116122,"updates":11,"value":-31}
19:58:01 C {"t":"ns","node":33120,"hash":2486014333,"owner":33120,"kind":"sampled","unit":101,"class":4,"bound_ms":30000,"quality":"GOOD","age_ms":401,"ts":116122,"updates":11,"value":228980}
19:58:02 B {"t":"event","at_ms":106368,"node":29544,"kind":"peer_admitted","peer":25344,"slot":1,"a":0,"b":0}
19:58:02 B {"t":"event","at_ms":106575,"node":29544,"kind":"peer_admitted","peer":33120,"slot":0,"a":0,"b":0}
19:58:02 B {"t":"event","at_ms":108368,"node":29544,"kind":"peer_admitted","peer":25344,"slot":1,"a":0,"b":0}
19:58:02 B {"t":"event","at_ms":108575,"node":29544,"kind":"peer_admitted","peer":33120,"slot":0,"a":0,"b":0}
19:58:02 B {"t":"event","at_ms":110368,"node":29544,"kind":"peer_admitted","peer":25344,"slot":1,"a":0,"b":0}
19:58:02 B {"t":"event","at_ms":110574,"node":29544,"kind":"peer_admitted","peer":33120,"slot":0,"a":0,"b":0}
19:58:02 B {"t":"event","at_ms":112368,"node":29544,"kind":"peer_admitted","peer":25344,"slot":1,"a":0,"b":0}
19:58:02 B {"t":"event","at_ms":112574,"node":29544,"kind":"peer_admitted","peer":33120,"slot":0,"a":0,"b":0}
19:58:02 B {"t":"event","at_ms":114368,"node":29544,"kind":"peer_admitted","peer":25344,"slot":1,"a":0,"b":0}
19:58:02 B {"t":"event","at_ms":114574,"node":29544,"kind":"peer_admitted","peer":33120,"slot":0,"a":0,"b":0}
19:58:02 B {"t":"link","up_ms":116280,"node":29544,"peer":33120,"mac":"b8:1f:3f:da:81:60","state":"alive","epoch":158,"espnow_ver":2,"mtu":1446,"misses":0,"rssi":-18,"tx":{"frames":179,"cb_ok":251,"cb_fail":0,"enqueue_err":0,"pdr_ppm":1000000},"rx":{"frames":1366,"lost_seqgap":0,"reorder_dup":1,"dropped_bad":0,"hb_lost":18,"bcast_frames":1140,"pdr_ppm":1000000},"rtt":{"samples":51,"min_us":6099,"max_us":8903,"timeouts":6,"txq_last_us":2773,"txq_max_us":5334,"remote_turnaround_us":903,"remote_turnaround_max_us":1482,"p50_us":[6000,8000],"p99_us":[8000,11000],"hist":[0,0,0,0,0,44,7,0,0,0,0,0,0,0,0,0]}}
19:58:02 B {"t":"link","up_ms":116333,"node":29544,"peer":25344,"mac":"b8:1f:3f:da:63:00","state":"alive","epoch":152,"espnow_ver":2,"mtu":1446,"misses":0,"rssi":-23,"tx":{"frames":161,"cb_ok":89,"cb_fail":0,"enqueue_err":0,"pdr_ppm":1000000},"rx":{"frames":1203,"lost_seqgap":6,"reorder_dup":16,"dropped_bad":0,"hb_lost":127,"bcast_frames":1013,"pdr_ppm":995037},"rtt":{"samples":42,"min_us":5736,"max_us":20781,"timeouts":15,"txq_last_us":0,"txq_max_us":0,"remote_turnaround_us":904,"remote_turnaround_max_us":969,"p50_us":[8000,11000],"p99_us":[16000,22000],"hist":[0,0,0,0,8,12,18,3,1,0,0,0,0,0,0,0]}}
19:58:02 B {"t":"auth","node":29544,"up_ms":116386,"enrolled":1,"required":1,"verified_peers":2,"verified":5,"cache_hits":113,"refused":0,"rate_limited":0,"stale_epoch":0,"verify_us_max":87360,"link_stack_free_b":1548,"crypto_stack_free_b":1268,"tags_ok":300,"bad_tag":0,"replayed":0,"untagged":0,"bcast_dropped":0,"beacon_epoch_ignored":0,"tag_us_max":900}
19:58:02 B {"t":"act","node":29544,"setpoint":99,"has_value":1,"writes_served":1}
19:58:02 B {"t":"peers","node":29544,"own_period_ms":100,"own_busy":0,"channel":1,"scanning":0,"scans":0,"hops":0,"found":0,"lost_to_found_ms":0,"moves_followed":0,"moves_refused":0,"relay":0,"fwd_u":0,"fwd_b":0,"fwd_h":0,"relay_dup":1,"list":[{"id":33120,"state":"alive","via_relay":0,"period_ms":100,"misses":6,"busy":0,"rtt_n":51},{"id":25344,"state":"alive","via_relay":0,"period_ms":100,"misses":6,"busy":0,"rtt_n":42}]}
19:58:02 B {"t":"ss","node":29544,"accepted":0,"unsigned":0,"unknown_sender":0,"bad_signature":0,"replayed":0,"rate_limited":0,"verify_us_max":0,"floors":[]}
19:58:02 B {"t":"node","up_ms":116467,"node":29544,"epoch":68,"peers_alive":2,"peers_dead":0,"no_radio":0,"free_dram":229120,"largest_block":180224,"rx":{"total":2941,"bad_frame":0,"unknown_peer":5,"wrong_dst":0,"short_payload":0,"unknown_opcode":0,"queue_dropped":8},"tx":{"total":1547,"enqueue_err":0,"done_queue_dropped":0},"membership":{"deaths":1,"revivals":1,"reboots_seen":0,"table_full":0,"events_dropped":0}}
19:58:02 B {"t":"ns","node":29544,"hash":96177158,"owner":29544,"kind":"sampled","unit":0,"class":4,"bound_ms":5000,"quality":"GOOD","age_ms":308,"ts":116198,"updates":11,"value":-24}
19:58:02 B {"t":"ns","node":29544,"hash":1162973580,"owner":29544,"kind":"sampled","unit":101,"class":4,"bound_ms":30000,"quality":"GOOD","age_ms":322,"ts":116198,"updates":11,"value":229120}
19:58:02 B {"t":"ns","node":29544,"hash":4013525678,"owner":29544,"kind":"sampled","unit":101,"class":4,"bound_ms":30000,"quality":"GOOD","age_ms":335,"ts":116198,"updates":11,"value":180224}
19:58:02 B {"t":"ns","node":29544,"hash":2033492666,"owner":29544,"kind":"sampled","unit":0,"class":3,"bound_ms":0,"quality":"GOOD","age_ms":39089,"ts":77458,"updates":1,"value":99}
19:58:02 B {"t":"ns","node":29544,"hash":1303338069,"owner":29544,"kind":"sampled","unit":100,"class":4,"bound_ms":0,"quality":"GOOD","age_ms":363,"ts":116198,"updates":11,"value":68}
19:58:02 B {"t":"ns","node":29544,"hash":288706273,"owner":29544,"kind":"sampled","unit":80,"class":4,"bound_ms":30000,"quality":"GOOD","age_ms":377,"ts":116198,"updates":11,"value":116}
19:58:02 B {"t":"ns","node":29544,"hash":2548334194,"owner":29544,"kind":"sampled","unit":100,"class":4,"bound_ms":5000,"quality":"GOOD","age_ms":402,"ts":116198,"updates":11,"value":2}
