1791637060.848 {"t":"clk","node":33120,"up_ms":22406}
1791637060.848 {"t":"led","node":33120,"shows":"green","app":0}
1791637060.848 {"t":"event","at_ms":12474,"node":33120,"kind":"peer_admitted","peer":29544,"slot":0,"a":0,"b":0}
1791637060.848 {"t":"event","at_ms":12646,"node":33120,"kind":"peer_admitted","peer":25344,"slot":1,"a":0,"b":0}
1791637060.848 {"t":"event","at_ms":14474,"node":33120,"kind":"peer_admitted","peer":29544,"slot":0,"a":0,"b":0}
1791637060.848 {"t":"event","at_ms":14646,"node":33120,"kind":"peer_admitted","peer":25344,"slot":1,"a":0,"b":0}
1791637060.848 {"t":"event","at_ms":16474,"node":33120,"kind":"peer_admitted","peer":29544,"slot":0,"a":0,"b":0}
1791637060.848 {"t":"event","at_ms":16646,"node":33120,"kind":"peer_admitted","peer":25344,"slot":1,"a":0,"b":0}
1791637060.848 {"t":"event","at_ms":18474,"node":33120,"kind":"peer_admitted","peer":29544,"slot":0,"a":0,"b":0}
1791637060.848 {"t":"event","at_ms":18646,"node":33120,"kind":"peer_admitted","peer":25344,"slot":1,"a":0,"b":0}
1791637060.848 {"t":"event","at_ms":20474,"node":33120,"kind":"peer_admitted","peer":29544,"slot":0,"a":0,"b":0}
1791637060.848 {"t":"event","at_ms":20646,"node":33120,"kind":"peer_admitted","peer":25344,"slot":1,"a":0,"b":0}
1791637060.848 {"t":"event","at_ms":22474,"node":33120,"kind":"peer_admitted","peer":29544,"slot":0,"a":0,"b":0}
1791637060.848 {"t":"link","up_ms":22506,"node":33120,"peer":29544,"mac":"b8:1f:3f:da:73:68","state":"alive","epoch":171,"espnow_ver":2,"mtu":1446,"misses":0,"rssi":-10,"tx":{"frames":75,"cb_ok":75,"cb_fail":0,"enqueue_err":0,"pdr_ppm":1000000},"rx":{"frames":294,"lost_seqgap":0,"reorder_dup":0,"dropped_bad":0,"hb_lost":1,"bcast_frames":206,"pdr_ppm":1000000},"rtt":{"samples":10,"min_us":5573,"max_us":5737,"timeouts":0,"txq_last_us":0,"txq_max_us":0,"remote_turnaround_us":808,"remote_turnaround_max_us":875,"p50_us":[4000,6000],"p99_us":[4000,6000],"hist":[0,0,0,0,10,0,0,0,0,0,0,0,0,0,0,0]}}
1791637060.848 {"t":"link","up_ms":22548,"node":33120,"peer":25344,"mac":"b8:1f:3f:da:63:00","state":"alive","epoch":244,"espnow_ver":2,"mtu":1446,"misses":0,"rssi":-20,"tx":{"frames":76,"cb_ok":76,"cb_fail":0,"enqueue_err":0,"pdr_ppm":1000000},"rx":{"frames":272,"lost_seqgap":1,"reorder_dup":0,"dropped_bad":0,"hb_lost":11,"bcast_frames":194,"pdr_ppm":996336},"rtt":{"samples":10,"min_us":5841,"max_us":6888,"timeouts":0,"txq_last_us":0,"txq_max_us":0,"remote_turnaround_us":874,"remote_turnaround_max_us":923,"p50_us":[4000,6000],"p99_us":[6000,8000],"hist":[0,0,0,0,8,2,0,0,0,0,0,0,0,0,0,0]}}
1791637060.848 {"t":"auth","node":33120,"up_ms":22603,"enrolled":1,"required":1,"verified_peers":2,"verified":2,"cache_hits":21,"refused":0,"rate_limited":0,"stale_epoch":0,"verify_us_max":84403,"link_stack_free_b":1528,"crypto_stack_free_b":1268,"tags_ok":145,"bad_tag":0,"replayed":0,"untagged":0,"bcast_dropped":0,"beacon_epoch_ignored":0,"tag_us_max":954}
1791637060.848 {"t":"act","node":33120,"setpoint":0,"has_value":0,"writes_served":0}
1791637060.848 {"t":"peers","node":33120,"own_period_ms":100,"own_busy":0,"channel":1,"scanning":0,"scans":0,"hops":0,"found":0,"lost_to_found_ms":0,"moves_followed":0,"moves_refused":0,"sweeps":0,"sweep_found":0,"sweeping":0,"search_visits":0,"relay":0,"fwd_u":0,"fwd_b":0,"fwd_h":0,"relay_dup":204,"list":[{"id":29544,"state":"alive","via_relay":0,"period_ms":100,"misses":6,"busy":1,"rtt_n":10},{"id":25344,"state":"alive","via_relay":0,"period_ms":100,"misses":6,"busy":0,"rtt_n":10}]}
1791637060.848 {"t":"ss","node":33120,"accepted":0,"unsigned":0,"unknown_sender":0,"bad_signature":0,"replayed":0,"rate_limited":0,"verify_us_max":0,"floors":[{"src":25344,"epoch":139,"counter":1}]}
1791637060.848 {"t":"rec","node":33120,"up_ms":22699,"settled":1,"sent":86,"received":76,"malformed":0,"views":1,"replies_fenced":0,"actors":[{"key":1245650351,"running":0,"term":0,"owner":25344,"owner_term":9,"assigned":25344,"starts":0,"fenced":0,"released":0}]}
1791637060.848 {"t":"node","up_ms":22724,"node":33120,"epoch":293,"peers_alive":2,"peers_dead":0,"no_radio":0,"free_dram":250275,"largest_block":172032,"rx":{"total":1007,"bad_frame":0,"unknown_peer":12,"wrong_dst":0,"short_payload":0,"unknown_opcode":0,"queue_dropped":52},"tx":{"total":375,"enqueue_err":0,"done_queue_dropped":0},"membership":{"deaths":0,"revivals":0,"reboots_seen":0,"table_full":0,"events_dropped":0}}
1791637061.170 {"t":"ns","node":33120,"hash":13581963,"owner":33120,"kind":"sampled","unit":100,"class":4,"bound_ms":5000,"quality":"GOOD","age_ms":346,"ts":22407,"updates":2,"value":2}
1791637061.170 {"t":"ns","node":33120,"hash":3142365229,"owner":33120,"kind":"sampled","unit":101,"class":4,"bound_ms":30000,"quality":"GOOD","age_ms":360,"ts":22407,"updates":2,"value":172032}
1791637061.170 {"t":"ns","node":33120,"hash":1245650351,"owner":25344,"kind":"sampled","unit":0,"class":3,"bound_ms":500,"quality":"NO_DATA","age_ms":0,"ts":0,"updates":0,"value":null}
1791637061.170 {"t":"ns","node":33120,"hash":2033492666,"owner":33120,"kind":"sampled","unit":0,"class":3,"bound_ms":0,"quality":"NO_DATA","age_ms":0,"ts":0,"updates":0,"value":null}
1791637061.170 {"t":"ns","node":33120,"hash":2347817554,"owner":33120,"kind":"sampled","unit":100,"class":4,"bound_ms":0,"quality":"GOOD","age_ms":413,"ts":22407,"updates":2,"value":293}
1791637061.170 {"t":"ns","node":33120,"hash":1170356950,"owner":33120,"kind":"sampled","unit":80,"class":4,"bound_ms":30000,"quality":"GOOD","age_ms":427,"ts":22407,"updates":2,"value":22}
1791637061.170 {"t":"ns","node":33120,"hash":3085599597,"owner":33120,"kind":"sampled","unit":0,"class":4,"bound_ms":5000,"quality":"GOOD","age_ms":440,"ts":22408,"updates":2,"value":-20}
1791637061.170 {"t":"ns","node":33120,"hash":2486014333,"owner":33120,"kind":"sampled","unit":101,"class":4,"bound_ms":30000,"quality":"GOOD","age_ms":456,"ts":22407,"updates":2,"value":250275}
1791637071.322 {"t":"clk","node":33120,"up_ms":32878}
1791637071.322 {"t":"led","node":33120,"shows":"green","app":0}
1791637071.322 {"t":"event","at_ms":22646,"node":33120,"kind":"peer_admitted","peer":25344,"slot":1,"a":0,"b":0}
1791637071.322 {"t":"event","at_ms":24474,"node":33120,"kind":"peer_admitted","peer":29544,"slot":0,"a":0,"b":0}
1791637071.322 {"t":"event","at_ms":24646,"node":33120,"kind":"peer_admitted","peer":25344,"slot":1,"a":0,"b":0}
1791637071.322 {"t":"event","at_ms":26474,"node":33120,"kind":"peer_admitted","peer":29544,"slot":0,"a":0,"b":0}
1791637071.322 {"t":"event","at_ms":26646,"node":33120,"kind":"peer_admitted","peer":25344,"slot":1,"a":0,"b":0}
1791637071.322 {"t":"event","at_ms":28474,"node":33120,"kind":"peer_admitted","peer":29544,"slot":0,"a":0,"b":0}
1791637071.322 {"t":"event","at_ms":28649,"node":33120,"kind":"peer_admitted","peer":25344,"slot":1,"a":0,"b":0}
1791637071.322 {"t":"event","at_ms":30474,"node":33120,"kind":"peer_admitted","peer":29544,"slot":0,"a":0,"b":0}
1791637071.322 {"t":"event","at_ms":30646,"node":33120,"kind":"peer_admitted","peer":25344,"slot":1,"a":0,"b":0}
1791637071.322 {"t":"event","at_ms":32474,"node":33120,"kind":"peer_admitted","peer":29544,"slot":0,"a":0,"b":0}
1791637071.322 {"t":"event","at_ms":32646,"node":33120,"kind":"peer_admitted","peer":25344,"slot":1,"a":0,"b":0}
1791637071.322 {"t":"link","up_ms":32975,"node":33120,"peer":29544,"mac":"b8:1f:3f:da:73:68","state":"alive","epoch":171,"espnow_ver":2,"mtu":1446,"misses":0,"rssi":-11,"tx":{"frames":112,"cb_ok":112,"cb_fail":0,"enqueue_err":0,"pdr_ppm":1000000},"rx":{"frames":441,"lost_seqgap":0,"reorder_dup":0,"dropped_bad":0,"hb_lost":1,"bcast_frames":311,"pdr_ppm":1000000},"rtt":{"samples":16,"min_us":5518,"max_us":6826,"timeouts":0,"txq_last_us":0,"txq_max_us":0,"remote_turnaround_us":790,"remote_turnaround_max_us":880,"p50_us":[4000,6000],"p99_us":[6000,8000],"hist":[0,0,0,0,14,2,0,0,0,0,0,0,0,0,0,0]}}
1791637071.322 {"t":"link","up_ms":33029,"node":33120,"peer":25344,"mac":"b8:1f:3f:da:63:00","state":"alive","epoch":244,"espnow_ver":2,"mtu":1446,"misses":0,"rssi":-20,"tx":{"frames":112,"cb_ok":112,"cb_fail":0,"enqueue_err":0,"pdr_ppm":1000000},"rx":{"frames":415,"lost_seqgap":1,"reorder_dup":0,"dropped_bad":0,"hb_lost":14,"bcast_frames":296,"pdr_ppm":997596},"rtt":{"samples":15,"min_us":5841,"max_us":6888,"timeouts":0,"txq_last_us":0,"txq_max_us":0,"remote_turnaround_us":890,"remote_turnaround_max_us":923,"p50_us":[4000,6000],"p99_us":[6000,8000],"hist":[0,0,0,0,13,2,0,0,0,0,0,0,0,0,0,0]}}
1791637071.322 {"t":"auth","node":33120,"up_ms":33071,"enrolled":1,"required":1,"verified_peers":2,"verified":2,"cache_hits":32,"refused":0,"rate_limited":0,"stale_epoch":0,"verify_us_max":84403,"link_stack_free_b":1528,"crypto_stack_free_b":1268,"tags_ok":217,"bad_tag":0,"replayed":0,"untagged":0,"bcast_dropped":0,"beacon_epoch_ignored":0,"tag_us_max":954}
1791637071.322 {"t":"act","node":33120,"setpoint":0,"has_value":0,"writes_served":0}
1791637071.322 {"t":"peers","node":33120,"own_period_ms":100,"own_busy":0,"channel":1,"scanning":0,"scans":0,"hops":0,"found":0,"lost_to_found_ms":0,"moves_followed":0,"moves_refused":0,"sweeps":0,"sweep_found":0,"sweeping":0,"search_visits":0,"relay":0,"fwd_u":0,"fwd_b":0,"fwd_h":0,"relay_dup":312,"list":[{"id":29544,"state":"alive","via_relay":0,"period_ms":100,"misses":6,"busy":1,"rtt_n":16},{"id":25344,"state":"alive","via_relay":0,"period_ms":100,"misses":6,"busy":0,"rtt_n":15}]}
1791637071.322 {"t":"ss","node":33120,"accepted":0,"unsigned":0,"unknown_sender":0,"bad_signature":0,"replayed":0,"rate_limited":0,"verify_us_max":0,"floors":[{"src":25344,"epoch":139,"counter":1}]}
1791637071.322 {"t":"rec","node":33120,"up_ms":33167,"settled":1,"sent":128,"received":118,"malformed":0,"views":1,"replies_fenced":0,"actors":[{"key":1245650351,"running":0,"term":0,"owner":25344,"owner_term":9,"assigned":25344,"starts":0,"fenced":0,"released":0}]}
1791637071.322 {"t":"node","up_ms":33193,"node":33120,"epoch":293,"peers_alive":2,"peers_dead":0,"no_radio":0,"free_dram":250275,"largest_block":172032,"rx":{"total":1508,"bad_frame":0,"unknown_peer":12,"wrong_dst":0,"short_payload":0,"unknown_opcode":0,"queue_dropped":52},"tx":{"total":556,"enqueue_err":0,"done_queue_dropped":0},"membership":{"deaths":0,"revivals":0,"reboots_seen":0,"table_full":0,"events_dropped":0}}
1791637071.643 {"t":"ns","node":33120,"hash":13581963,"owner":33120,"kind":"sampled","unit":100,"class":4,"bound_ms":5000,"quality":"GOOD","age_ms":354,"ts":32879,"updates":3,"value":2}
1791637071.643 {"t":"ns","node":33120,"hash":3142365229,"owner":33120,"kind":"sampled","unit":101,"class":4,"bound_ms":30000,"quality":"GOOD","age_ms":368,"ts":32879,"updates":3,"value":172032}
1791637071.643 {"t":"ns","node":33120,"hash":1245650351,"owner":25344,"kind":"sampled","unit":0,"class":3,"bound_ms":500,"quality":"NO_DATA","age_ms":0,"ts":0,"updates":0,"value":null}
1791637071.643 {"t":"ns","node":33120,"hash":2033492666,"owner":33120,"kind":"sampled","unit":0,"class":3,"bound_ms":0,"quality":"NO_DATA","age_ms":0,"ts":0,"updates":0,"value":null}
1791637071.643 {"t":"ns","node":33120,"hash":2347817554,"owner":33120,"kind":"sampled","unit":100,"class":4,"bound_ms":0,"quality":"GOOD","age_ms":410,"ts":32879,"updates":3,"value":293}
1791637071.643 {"t":"ns","node":33120,"hash":1170356950,"owner":33120,"kind":"sampled","unit":80,"class":4,"bound_ms":30000,"quality":"GOOD","age_ms":424,"ts":32879,"updates":3,"value":32}
1791637071.643 {"t":"ns","node":33120,"hash":3085599597,"owner":33120,"kind":"sampled","unit":0,"class":4,"bound_ms":5000,"quality":"GOOD","age_ms":437,"ts":32880,"updates":3,"value":-21}
1791637071.643 {"t":"ns","node":33120,"hash":2486014333,"owner":33120,"kind":"sampled","unit":101,"class":4,"bound_ms":30000,"quality":"GOOD","age_ms":452,"ts":32879,"updates":3,"value":250275}
1791637081.785 {"t":"clk","node":33120,"up_ms":43346}
1791637081.785 {"t":"led","node":33120,"shows":"green","app":0}
1791637081.785 {"t":"event","at_ms":34474,"node":33120,"kind":"peer_admitted","peer":29544,"slot":0,"a":0,"b":0}
1791637081.785 {"t":"event","at_ms":34646,"node":33120,"kind":"peer_admitted","peer":25344,"slot":1,"a":0,"b":0}
1791637081.785 {"t":"event","at_ms":36474,"node":33120,"kind":"peer_admitted","peer":29544,"slot":0,"a":0,"b":0}
1791637081.785 {"t":"event","at_ms":36646,"node":33120,"kind":"peer_admitted","peer":25344,"slot":1,"a":0,"b":0}
1791637081.785 {"t":"event","at_ms":38474,"node":33120,"kind":"peer_admitted","peer":29544,"slot":0,"a":0,"b":0}
1791637081.785 {"t":"event","at_ms":38646,"node":33120,"kind":"peer_admitted","peer":25344,"slot":1,"a":0,"b":0}
1791637081.785 {"t":"event","at_ms":40476,"node":33120,"kind":"peer_admitted","peer":29544,"slot":0,"a":0,"b":0}
1791637081.785 {"t":"event","at_ms":40646,"node":33120,"kind":"peer_admitted","peer":25344,"slot":1,"a":0,"b":0}
1791637081.785 {"t":"event","at_ms":42474,"node":33120,"kind":"peer_admitted","peer":29544,"slot":0,"a":0,"b":0}
1791637081.785 {"t":"event","at_ms":42646,"node":33120,"kind":"peer_admitted","peer":25344,"slot":1,"a":0,"b":0}
1791637081.785 {"t":"link","up_ms":43431,"node":33120,"peer":29544,"mac":"b8:1f:3f:da:73:68","state":"alive","epoch":171,"espnow_ver":2,"mtu":1446,"misses":0,"rssi":-10,"tx":{"frames":148,"cb_ok":148,"cb_fail":0,"enqueue_err":0,"pdr_ppm":1000000},"rx":{"frames":586,"lost_seqgap":0,"reorder_dup":0,"dropped_bad":0,"hb_lost":1,"bcast_frames":415,"pdr_ppm":1000000},"rtt":{"samples":21,"min_us":5518,"max_us":6826,"timeouts":0,"txq_last_us":0,"txq_max_us":0,"remote_turnaround_us":837,"remote_turnaround_max_us":880,"p50_us":[4000,6000],"p99_us":[6000,8000],"hist":[0,0,0,0,19,2,0,0,0,0,0,0,0,0,0,0]}}
1791637081.785 {"t":"link","up_ms":43485,"node":33120,"peer":25344,"mac":"b8:1f:3f:da:63:00","state":"alive","epoch":244,"espnow_ver":2,"mtu":1446,"misses":0,"rssi":-20,"tx":{"frames":146,"cb_ok":146,"cb_fail":0,"enqueue_err":0,"pdr_ppm":1000000},"rx":{"frames":552,"lost_seqgap":1,"reorder_dup":0,"dropped_bad":0,"hb_lost":21,"bcast_frames":394,"pdr_ppm":998191},"rtt":{"samples":20,"min_us":5841,"max_us":7752,"timeouts":0,"txq_last_us":0,"txq_max_us":0,"remote_turnaround_us":872,"remote_turnaround_max_us":1095,"p50_us":[4000,6000],"p99_us":[6000,8000],"hist":[0,0,0,0,16,4,0,0,0,0,0,0,0,0,0,0]}}
1791637081.785 {"t":"auth","node":33120,"up_ms":43539,"enrolled":1,"required":1,"verified_peers":2,"verified":2,"cache_hits":42,"refused":0,"rate_limited":0,"stale_epoch":0,"verify_us_max":84403,"link_stack_free_b":1528,"crypto_stack_free_b":1268,"tags_ok":286,"bad_tag":0,"replayed":0,"untagged":0,"bcast_dropped":0,"beacon_epoch_ignored":0,"tag_us_max":1174}
1791637081.785 {"t":"act","node":33120,"setpoint":0,"has_value":0,"writes_served":0}
1791637081.785 {"t":"peers","node":33120,"own_period_ms":100,"own_busy":0,"channel":1,"scanning":0,"scans":0,"hops":0,"found":0,"lost_to_found_ms":0,"moves_followed":0,"moves_refused":0,"sweeps":0,"sweep_found":0,"sweeping":0,"search_visits":0,"relay":0,"fwd_u":0,"fwd_b":0,"fwd_h":0,"relay_dup":415,"list":[{"id":29544,"state":"alive","via_relay":0,"period_ms":100,"misses":6,"busy":1,"rtt_n":21},{"id":25344,"state":"alive","via_relay":0,"period_ms":100,"misses":6,"busy":0,"rtt_n":20}]}
1791637081.785 {"t":"ss","node":33120,"accepted":0,"unsigned":0,"unknown_sender":0,"bad_signature":0,"replayed":0,"rate_limited":0,"verify_us_max":0,"floors":[{"src":25344,"epoch":139,"counter":1}]}
1791637081.785 {"t":"rec","node":33120,"up_ms":43635,"settled":1,"sent":170,"received":160,"malformed":0,"views":1,"replies_fenced":0,"actors":[{"key":1245650351,"running":0,"term":0,"owner":25344,"owner_term":9,"assigned":25344,"starts":0,"fenced":0,"released":0}]}
1791637081.785 {"t":"node","up_ms":43650,"node":33120,"epoch":293,"peers_alive":2,"peers_dead":0,"no_radio":0,"free_dram":250275,"largest_block":172032,"rx":{"total":1996,"bad_frame":0,"unknown_peer":12,"wrong_dst":0,"short_payload":0,"unknown_opcode":0,"queue_dropped":52},"tx":{"total":735,"enqueue_err":0,"done_queue_dropped":0},"membership":{"deaths":0,"revivals":0,"reboots_seen":0,"table_full":0,"events_dropped":0}}
1791637082.101 {"t":"ns","node":33120,"hash":13581963,"owner":33120,"kind":"sampled","unit":100,"class":4,"bound_ms":5000,"quality":"GOOD","age_ms":343,"ts":43347,"updates":4,"value":2}
1791637082.101 {"t":"ns","node":33120,"hash":3142365229,"owner":33120,"kind":"sampled","unit":101,"class":4,"bound_ms":30000,"quality":"GOOD","age_ms":357,"ts":43347,"updates":4,"value":172032}
1791637082.101 {"t":"ns","node":33120,"hash":1245650351,"owner":25344,"kind":"sampled","unit":0,"class":3,"bound_ms":500,"quality":"NO_DATA","age_ms":0,"ts":0,"updates":0,"value":null}
1791637082.101 {"t":"ns","node":33120,"hash":2033492666,"owner":33120,"kind":"sampled","unit":0,"class":3,"bound_ms":0,"quality":"NO_DATA","age_ms":0,"ts":0,"updates":0,"value":null}
1791637082.101 {"t":"ns","node":33120,"hash":2347817554,"owner":33120,"kind":"sampled","unit":100,"class":4,"bound_ms":0,"quality":"GOOD","age_ms":399,"ts":43347,"updates":4,"value":293}
1791637082.101 {"t":"ns","node":33120,"hash":1170356950,"owner":33120,"kind":"sampled","unit":80,"class":4,"bound_ms":30000,"quality":"GOOD","age_ms":413,"ts":43347,"updates":4,"value":43}
1791637082.101 {"t":"ns","node":33120,"hash":3085599597,"owner":33120,"kind":"sampled","unit":0,"class":4,"bound_ms":5000,"quality":"GOOD","age_ms":427,"ts":43348,"updates":4,"value":-20}
1791637082.101 {"t":"ns","node":33120,"hash":2486014333,"owner":33120,"kind":"sampled","unit":101,"class":4,"bound_ms":30000,"quality":"GOOD","age_ms":442,"ts":43347,"updates":4,"value":250275}
1791637092.241 {"t":"clk","node":33120,"up_ms":53803}
1791637092.241 {"t":"led","node":33120,"shows":"yellow","app":0}
1791637092.241 {"t":"event","at_ms":44474,"node":33120,"kind":"peer_admitted","peer":29544,"slot":0,"a":0,"b":0}
1791637092.241 {"t":"event","at_ms":44646,"node":33120,"kind":"peer_admitted","peer":25344,"slot":1,"a":0,"b":0}
1791637092.241 {"t":"event","at_ms":46474,"node":33120,"kind":"peer_admitted","peer":29544,"slot":0,"a":0,"b":0}
1791637092.241 {"t":"event","at_ms":46646,"node":33120,"kind":"peer_admitted","peer":25344,"slot":1,"a":0,"b":0}
1791637092.241 {"t":"event","at_ms":48474,"node":33120,"kind":"peer_admitted","peer":29544,"slot":0,"a":0,"b":0}
1791637092.241 {"t":"event","at_ms":48646,"node":33120,"kind":"peer_admitted","peer":25344,"slot":1,"a":0,"b":0}
1791637092.241 {"t":"event","at_ms":50474,"node":33120,"kind":"peer_admitted","peer":29544,"slot":0,"a":0,"b":0}
1791637092.241 {"t":"event","at_ms":50646,"node":33120,"kind":"peer_admitted","peer":25344,"slot":1,"a":0,"b":0}
1791637092.241 {"t":"event","at_ms":52474,"node":33120,"kind":"peer_admitted","peer":29544,"slot":0,"a":0,"b":0}
1791637092.241 {"t":"event","at_ms":52646,"node":33120,"kind":"peer_admitted","peer":25344,"slot":1,"a":0,"b":0}
1791637092.241 {"t":"link","up_ms":53890,"node":33120,"peer":29544,"mac":"b8:1f:3f:da:73:68","state":"alive","epoch":171,"espnow_ver":2,"mtu":1446,"misses":0,"rssi":-12,"tx":{"frames":184,"cb_ok":184,"cb_fail":0,"enqueue_err":0,"pdr_ppm":1000000},"rx":{"frames":733,"lost_seqgap":0,"reorder_dup":0,"dropped_bad":0,"hb_lost":1,"bcast_frames":520,"pdr_ppm":1000000},"rtt":{"samples":26,"min_us":5518,"max_us":7442,"timeouts":0,"txq_last_us":0,"txq_max_us":0,"remote_turnaround_us":797,"remote_turnaround_max_us":880,"p50_us":[4000,6000],"p99_us":[6000,8000],"hist":[0,0,0,0,23,3,0,0,0,0,0,0,0,0,0,0]}}
1791637092.241 {"t":"link","up_ms":53943,"node":33120,"peer":25344,"mac":"b8:1f:3f:da:63:00","state":"alive","epoch":244,"espnow_ver":2,"mtu":1446,"misses":0,"rssi":-20,"tx":{"frames":182,"cb_ok":182,"cb_fail":0,"enqueue_err":0,"pdr_ppm":1000000},"rx":{"frames":690,"lost_seqgap":1,"reorder_dup":0,"dropped_bad":0,"hb_lost":29,"bcast_frames":490,"pdr_ppm":998552},"rtt":{"samples":26,"min_us":5841,"max_us":7793,"timeouts":0,"txq_last_us":0,"txq_max_us":0,"remote_turnaround_us":890,"remote_turnaround_max_us":1095,"p50_us":[4000,6000],"p99_us":[6000,8000],"hist":[0,0,0,0,21,5,0,0,0,0,0,0,0,0,0,0]}}
1791637092.241 {"t":"auth","node":33120,"up_ms":53997,"enrolled":1,"required":1,"verified_peers":2,"verified":2,"cache_hits":52,"refused":0,"rate_limited":0,"stale_epoch":0,"verify_us_max":84403,"link_stack_free_b":1528,"crypto_stack_free_b":1268,"tags_ok":359,"bad_tag":0,"replayed":0,"untagged":0,"bcast_dropped":0,"beacon_epoch_ignored":0,"tag_us_max":1174}
1791637092.241 {"t":"act","node":33120,"setpoint":0,"has_value":0,"writes_served":0}
1791637092.241 {"t":"peers","node":33120,"own_period_ms":100,"own_busy":0,"channel":1,"scanning":0,"scans":0,"hops":0,"found":0,"lost_to_found_ms":0,"moves_followed":0,"moves_refused":0,"sweeps":0,"sweep_found":0,"sweeping":0,"search_visits":0,"relay":0,"fwd_u":0,"fwd_b":0,"fwd_h":0,"relay_dup":516,"list":[{"id":29544,"state":"alive","via_relay":0,"period_ms":100,"misses":6,"busy":1,"rtt_n":26},{"id":25344,"state":"alive","via_relay":0,"period_ms":100,"misses":6,"busy":0,"rtt_n":26}]}
1791637092.241 {"t":"ss","node":33120,"accepted":0,"unsigned":0,"unknown_sender":0,"bad_signature":0,"replayed":0,"rate_limited":0,"verify_us_max":0,"floors":[{"src":25344,"epoch":139,"counter":1}]}
1791637092.241 {"t":"rec","node":33120,"up_ms":54081,"settled":1,"sent":211,"received":202,"malformed":0,"views":1,"replies_fenced":0,"actors":[{"key":1245650351,"running":0,"term":0,"owner":25344,"owner_term":9,"assigned":25344,"starts":0,"fenced":0,"released":0}]}
1791637092.241 {"t":"node","up_ms":54107,"node":33120,"epoch":293,"peers_alive":2,"peers_dead":0,"no_radio":0,"free_dram":250275,"largest_block":172032,"rx":{"total":2492,"bad_frame":0,"unknown_peer":12,"wrong_dst":0,"short_payload":0,"unknown_opcode":0,"queue_dropped":52},"tx":{"total":917,"enqueue_err":0,"done_queue_dropped":0},"membership":{"deaths":0,"revivals":0,"reboots_seen":0,"table_full":0,"events_dropped":0}}
1791637092.564 {"t":"ns","node":33120,"hash":13581963,"owner":33120,"kind":"sampled","unit":100,"class":4,"bound_ms":5000,"quality":"GOOD","age_ms":342,"ts":53805,"updates":5,"value":2}
1791637092.564 {"t":"ns","node":33120,"hash":3142365229,"owner":33120,"kind":"sampled","unit":101,"class":4,"bound_ms":30000,"quality":"GOOD","age_ms":357,"ts":53805,"updates":5,"value":172032}
1791637092.564 {"t":"ns","node":33120,"hash":1245650351,"owner":25344,"kind":"sampled","unit":0,"class":3,"bound_ms":500,"quality":"NO_DATA","age_ms":0,"ts":0,"updates":0,"value":null}
1791637092.564 {"t":"ns","node":33120,"hash":2033492666,"owner":33120,"kind":"sampled","unit":0,"class":3,"bound_ms":0,"quality":"NO_DATA","age_ms":0,"ts":0,"updates":0,"value":null}
1791637092.564 {"t":"ns","node":33120,"hash":2347817554,"owner":33120,"kind":"sampled","unit":100,"class":4,"bound_ms":0,"quality":"GOOD","age_ms":399,"ts":53805,"updates":5,"value":293}
1791637092.564 {"t":"ns","node":33120,"hash":1170356950,"owner":33120,"kind":"sampled","unit":80,"class":4,"bound_ms":30000,"quality":"GOOD","age_ms":413,"ts":53805,"updates":5,"value":53}
1791637092.564 {"t":"ns","node":33120,"hash":3085599597,"owner":33120,"kind":"sampled","unit":0,"class":4,"bound_ms":5000,"quality":"GOOD","age_ms":427,"ts":53805,"updates":5,"value":-20}
1791637092.564 {"t":"ns","node":33120,"hash":2486014333,"owner":33120,"kind":"sampled","unit":101,"class":4,"bound_ms":30000,"quality":"GOOD","age_ms":441,"ts":53805,"updates":5,"value":250275}
1791637102.699 {"t":"clk","node":33120,"up_ms":64261}
1791637102.699 {"t":"led","node":33120,"shows":"green","app":0}
1791637102.699 {"t":"event","at_ms":54474,"node":33120,"kind":"peer_admitted","peer":29544,"slot":0,"a":0,"b":0}
1791637102.699 {"t":"event","at_ms":54646,"node":33120,"kind":"peer_admitted","peer":25344,"slot":1,"a":0,"b":0}
1791637102.699 {"t":"event","at_ms":56474,"node":33120,"kind":"peer_admitted","peer":29544,"slot":0,"a":0,"b":0}
1791637102.699 {"t":"event","at_ms":56646,"node":33120,"kind":"peer_admitted","peer":25344,"slot":1,"a":0,"b":0}
1791637102.699 {"t":"event","at_ms":58474,"node":33120,"kind":"peer_admitted","peer":29544,"slot":0,"a":0,"b":0}
1791637102.699 {"t":"event","at_ms":58646,"node":33120,"kind":"peer_admitted","peer":25344,"slot":1,"a":0,"b":0}
1791637102.699 {"t":"event","at_ms":60478,"node":33120,"kind":"peer_admitted","peer":29544,"slot":0,"a":0,"b":0}
1791637102.699 {"t":"event","at_ms":60646,"node":33120,"kind":"peer_admitted","peer":25344,"slot":1,"a":0,"b":0}
1791637102.699 {"t":"event","at_ms":62474,"node":33120,"kind":"peer_admitted","peer":29544,"slot":0,"a":0,"b":0}
1791637102.699 {"t":"event","at_ms":62647,"node":33120,"kind":"peer_admitted","peer":25344,"slot":1,"a":0,"b":0}
1791637102.699 {"t":"link","up_ms":64346,"node":33120,"peer":29544,"mac":"b8:1f:3f:da:73:68","state":"alive","epoch":171,"espnow_ver":2,"mtu":1446,"misses":0,"rssi":-10,"tx":{"frames":220,"cb_ok":220,"cb_fail":0,"enqueue_err":0,"pdr_ppm":1000000},"rx":{"frames":879,"lost_seqgap":0,"reorder_dup":0,"dropped_bad":0,"hb_lost":1,"bcast_frames":625,"pdr_ppm":1000000},"rtt":{"samples":31,"min_us":5518,"max_us":7442,"timeouts":0,"txq_last_us":0,"txq_max_us":0,"remote_turnaround_us":803,"remote_turnaround_max_us":897,"p50_us":[4000,6000],"p99_us":[6000,8000],"hist":[0,0,0,0,26,5,0,0,0,0,0,0,0,0,0,0]}}
1791637102.699 {"t":"link","up_ms":64400,"node":33120,"peer":25344,"mac":"b8:1f:3f:da:63:00","state":"alive","epoch":244,"espnow_ver":2,"mtu":1446,"misses":0,"rssi":-20,"tx":{"frames":216,"cb_ok":216,"cb_fail":0,"enqueue_err":0,"pdr_ppm":1000000},"rx":{"frames":827,"lost_seqgap":1,"reorder_dup":0,"dropped_bad":0,"hb_lost":36,"bcast_frames":588,"pdr_ppm":998792},"rtt":{"samples":31,"min_us":5841,"max_us":17366,"timeouts":0,"txq_last_us":0,"txq_max_us":0,"remote_turnaround_us":995,"remote_turnaround_max_us":1095,"p50_us":[4000,6000],"p99_us":[16000,22000],"hist":[0,0,0,0,25,5,0,0,1,0,0,0,0,0,0,0]}}
1791637102.699 {"t":"auth","node":33120,"up_ms":64454,"enrolled":1,"required":1,"verified_peers":2,"verified":2,"cache_hits":62,"refused":0,"rate_limited":0,"stale_epoch":0,"verify_us_max":84403,"link_stack_free_b":1528,"crypto_stack_free_b":1268,"tags_ok":430,"bad_tag":0,"replayed":0,"untagged":0,"bcast_dropped":0,"beacon_epoch_ignored":0,"tag_us_max":1174}
1791637102.699 {"t":"act","node":33120,"setpoint":0,"has_value":0,"writes_served":0}
1791637102.699 {"t":"peers","node":33120,"own_period_ms":100,"own_busy":0,"channel":1,"scanning":0,"scans":0,"hops":0,"found":0,"lost_to_found_ms":0,"moves_followed":0,"moves_refused":0,"sweeps":0,"sweep_found":0,"sweeping":0,"search_visits":0,"relay":0,"fwd_u":0,"fwd_b":0,"fwd_h":0,"relay_dup":619,"list":[{"id":29544,"state":"alive","via_relay":0,"period_ms":100,"misses":6,"busy":1,"rtt_n":31},{"id":25344,"state":"alive","via_relay":0,"period_ms":100,"misses":6,"busy":0,"rtt_n":31}]}
1791637102.699 {"t":"ss","node":33120,"accepted":0,"unsigned":0,"unknown_sender":0,"bad_signature":0,"replayed":0,"rate_limited":0,"verify_us_max":0,"floors":[{"src":25344,"epoch":139,"counter":1}]}
1791637102.699 {"t":"rec","node":33120,"up_ms":64548,"settled":1,"sent":253,"received":243,"malformed":0,"views":1,"replies_fenced":0,"actors":[{"key":1245650351,"running":0,"term":0,"owner":25344,"owner_term":9,"assigned":25344,"starts":0,"fenced":0,"released":0}]}
1791637102.699 {"t":"node","up_ms":64564,"node":33120,"epoch":293,"peers_alive":2,"peers_dead":0,"no_radio":0,"free_dram":250275,"largest_block":172032,"rx":{"total":2986,"bad_frame":0,"unknown_peer":12,"wrong_dst":0,"short_payload":0,"unknown_opcode":0,"queue_dropped":52},"tx":{"total":1099,"enqueue_err":0,"done_queue_dropped":0},"membership":{"deaths":0,"revivals":0,"reboots_seen":0,"table_full":0,"events_dropped":0}}
1791637103.024 {"t":"ns","node":33120,"hash":13581963,"owner":33120,"kind":"sampled","unit":100,"class":4,"bound_ms":5000,"quality":"GOOD","age_ms":341,"ts":64263,"updates":6,"value":2}
1791637103.024 {"t":"ns","node":33120,"hash":3142365229,"owner":33120,"kind":"sampled","unit":101,"class":4,"bound_ms":30000,"quality":"GOOD","age_ms":355,"ts":64263,"updates":6,"value":172032}
1791637103.024 {"t":"ns","node":33120,"hash":1245650351,"owner":25344,"kind":"sampled","unit":0,"class":3,"bound_ms":500,"quality":"NO_DATA","age_ms":0,"ts":0,"updates":0,"value":null}
1791637103.024 {"t":"ns","node":33120,"hash":2033492666,"owner":33120,"kind":"sampled","unit":0,"class":3,"bound_ms":0,"quality":"NO_DATA","age_ms":0,"ts":0,"updates":0,"value":null}
1791637103.024 {"t":"ns","node":33120,"hash":2347817554,"owner":33120,"kind":"sampled","unit":100,"class":4,"bound_ms":0,"quality":"GOOD","age_ms":399,"ts":64263,"updates":6,"value":293}
1791637103.024 {"t":"ns","node":33120,"hash":1170356950,"owner":33120,"kind":"sampled","unit":80,"class":4,"bound_ms":30000,"quality":"GOOD","age_ms":413,"ts":64263,"updates":6,"value":64}
1791637103.024 {"t":"ns","node":33120,"hash":3085599597,"owner":33120,"kind":"sampled","unit":0,"class":4,"bound_ms":5000,"quality":"GOOD","age_ms":427,"ts":64263,"updates":6,"value":-20}
1791637103.024 {"t":"ns","node":33120,"hash":2486014333,"owner":33120,"kind":"sampled","unit":101,"class":4,"bound_ms":30000,"quality":"GOOD","age_ms":441,"ts":64263,"updates":6,"value":250275}
1791637113.156 {"t":"clk","node":33120,"up_ms":74719}
1791637113.156 {"t":"led","node":33120,"shows":"green","app":0}
1791637113.156 {"t":"event","at_ms":64474,"node":33120,"kind":"peer_admitted","peer":29544,"slot":0,"a":0,"b":0}
1791637113.156 {"t":"event","at_ms":64646,"node":33120,"kind":"peer_admitted","peer":25344,"slot":1,"a":0,"b":0}
1791637113.156 {"t":"event","at_ms":66474,"node":33120,"kind":"peer_admitted","peer":29544,"slot":0,"a":0,"b":0}
1791637113.156 {"t":"event","at_ms":66646,"node":33120,"kind":"peer_admitted","peer":25344,"slot":1,"a":0,"b":0}
1791637113.156 {"t":"event","at_ms":68474,"node":33120,"kind":"peer_admitted","peer":29544,"slot":0,"a":0,"b":0}
1791637113.156 {"t":"event","at_ms":68646,"node":33120,"kind":"peer_admitted","peer":25344,"slot":1,"a":0,"b":0}
1791637113.156 {"t":"event","at_ms":70474,"node":33120,"kind":"peer_admitted","peer":29544,"slot":0,"a":0,"b":0}
1791637113.156 {"t":"event","at_ms":70646,"node":33120,"kind":"peer_admitted","peer":25344,"slot":1,"a":0,"b":0}
1791637113.156 {"t":"event","at_ms":72474,"node":33120,"kind":"peer_admitted","peer":29544,"slot":0,"a":0,"b":0}
1791637113.156 {"t":"event","at_ms":72646,"node":33120,"kind":"peer_admitted","peer":25344,"slot":1,"a":0,"b":0}
1791637113.156 {"t":"event","at_ms":74474,"node":33120,"kind":"peer_admitted","peer":29544,"slot":0,"a":0,"b":0}
1791637113.156 {"t":"event","at_ms":74646,"node":33120,"kind":"peer_admitted","peer":25344,"slot":1,"a":0,"b":0}
1791637113.156 {"t":"link","up_ms":74819,"node":33120,"peer":29544,"mac":"b8:1f:3f:da:73:68","state":"alive","epoch":171,"espnow_ver":2,"mtu":1446,"misses":0,"rssi":-10,"tx":{"frames":259,"cb_ok":259,"cb_fail":0,"enqueue_err":0,"pdr_ppm":1000000},"rx":{"frames":1027,"lost_seqgap":0,"reorder_dup":0,"dropped_bad":0,"hb_lost":1,"bcast_frames":729,"pdr_ppm":1000000},"rtt":{"samples":37,"min_us":5518,"max_us":7442,"timeouts":0,"txq_last_us":0,"txq_max_us":0,"remote_turnaround_us":807,"remote_turnaround_max_us":897,"p50_us":[4000,6000],"p99_us":[6000,8000],"hist":[0,0,0,0,32,5,0,0,0,0,0,0,0,0,0,0]}}
1791637113.156 {"t":"link","up_ms":74873,"node":33120,"peer":25344,"mac":"b8:1f:3f:da:63:00","state":"alive","epoch":244,"espnow_ver":2,"mtu":1446,"misses":0,"rssi":-20,"tx":{"frames":252,"cb_ok":252,"cb_fail":0,"enqueue_err":0,"pdr_ppm":1000000},"rx":{"frames":968,"lost_seqgap":1,"reorder_dup":0,"dropped_bad":0,"hb_lost":41,"bcast_frames":688,"pdr_ppm":998968},"rtt":{"samples":36,"min_us":5826,"max_us":17366,"timeouts":0,"txq_last_us":0,"txq_max_us":0,"remote_turnaround_us":854,"remote_turnaround_max_us":1095,"p50_us":[4000,6000],"p99_us":[16000,22000],"hist":[0,0,0,0,30,5,0,0,1,0,0,0,0,0,0,0]}}
1791637113.156 {"t":"auth","node":33120,"up_ms":74927,"enrolled":1,"required":1,"verified_peers":2,"verified":2,"cache_hits":74,"refused":0,"rate_limited":0,"stale_epoch":0,"verify_us_max":84403,"link_stack_free_b":1528,"crypto_stack_free_b":1268,"tags_ok":502,"bad_tag":0,"replayed":0,"untagged":0,"bcast_dropped":0,"beacon_epoch_ignored":0,"tag_us_max":1174}
1791637113.156 {"t":"act","node":33120,"setpoint":0,"has_value":0,"writes_served":0}
1791637113.156 {"t":"peers","node":33120,"own_period_ms":100,"own_busy":0,"channel":1,"scanning":0,"scans":0,"hops":0,"found":0,"lost_to_found_ms":0,"moves_followed":0,"moves_refused":0,"sweeps":0,"sweep_found":0,"sweeping":0,"search_visits":0,"relay":0,"fwd_u":0,"fwd_b":0,"fwd_h":0,"relay_dup":725,"list":[{"id":29544,"state":"alive","via_relay":0,"period_ms":100,"misses":6,"busy":1,"rtt_n":37},{"id":25344,"state":"alive","via_relay":0,"period_ms":100,"misses":6,"busy":0,"rtt_n":36}]}
1791637113.156 {"t":"ss","node":33120,"accepted":0,"unsigned":0,"unknown_sender":0,"bad_signature":0,"replayed":0,"rate_limited":0,"verify_us_max":0,"floors":[{"src":25344,"epoch":139,"counter":1}]}
1791637113.156 {"t":"rec","node":33120,"up_ms":75021,"settled":1,"sent":295,"received":284,"malformed":0,"views":1,"replies_fenced":0,"actors":[{"key":1245650351,"running":0,"term":0,"owner":25344,"owner_term":9,"assigned":25344,"starts":0,"fenced":0,"released":0}]}
1791637113.486 {"t":"node","up_ms":75037,"node":33120,"epoch":293,"peers_alive":2,"peers_dead":0,"no_radio":0,"free_dram":250275,"largest_block":172032,"rx":{"total":3482,"bad_frame":0,"unknown_peer":12,"wrong_dst":0,"short_payload":0,"unknown_opcode":0,"queue_dropped":52},"tx":{"total":1281,"enqueue_err":0,"done_queue_dropped":0},"membership":{"deaths":0,"revivals":0,"reboots_seen":0,"table_full":0,"events_dropped":0}}
1791637113.486 {"t":"ns","node":33120,"hash":13581963,"owner":33120,"kind":"sampled","unit":100,"class":4,"bound_ms":5000,"quality":"GOOD","age_ms":357,"ts":74720,"updates":7,"value":2}
1791637113.486 {"t":"ns","node":33120,"hash":3142365229,"owner":33120,"kind":"sampled","unit":101,"class":4,"bound_ms":30000,"quality":"GOOD","age_ms":371,"ts":74720,"updates":7,"value":172032}
1791637113.486 {"t":"ns","node":33120,"hash":1245650351,"owner":25344,"kind":"sampled","unit":0,"class":3,"bound_ms":500,"quality":"NO_DATA","age_ms":0,"ts":0,"updates":0,"value":null}
1791637113.486 {"t":"ns","node":33120,"hash":2033492666,"owner":33120,"kind":"sampled","unit":0,"class":3,"bound_ms":0,"quality":"NO_DATA","age_ms":0,"ts":0,"updates":0,"value":null}
1791637113.486 {"t":"ns","node":33120,"hash":2347817554,"owner":33120,"kind":"sampled","unit":100,"class":4,"bound_ms":0,"quality":"GOOD","age_ms":413,"ts":74720,"updates":7,"value":293}
1791637113.486 {"t":"ns","node":33120,"hash":1170356950,"owner":33120,"kind":"sampled","unit":80,"class":4,"bound_ms":30000,"quality":"GOOD","age_ms":427,"ts":74720,"updates":7,"value":74}
1791637113.486 {"t":"ns","node":33120,"hash":3085599597,"owner":33120,"kind":"sampled","unit":0,"class":4,"bound_ms":5000,"quality":"GOOD","age_ms":453,"ts":74720,"updates":7,"value":-20}
1791637113.486 {"t":"ns","node":33120,"hash":2486014333,"owner":33120,"kind":"sampled","unit":101,"class":4,"bound_ms":30000,"quality":"GOOD","age_ms":467,"ts":74720,"updates":7,"value":250275}
1791637119.215 >>> POT! wasm 2000000 6
1791637119.431 {"t":"test","cmd":"wasm","started":1}
1791637120.106 {"t":"wasm_run","phase":"start","samples":2000000,"runs":6,"native_us":663320,"load":"ok"}
1791637123.643 {"t":"clk","node":33120,"up_ms":85201}
1791637123.643 {"t":"led","node":33120,"shows":"green","app":0}
1791637123.643 {"t":"event","at_ms":76474,"node":33120,"kind":"peer_admitted","peer":29544,"slot":0,"a":0,"b":0}
1791637123.643 {"t":"event","at_ms":76646,"node":33120,"kind":"peer_admitted","peer":25344,"slot":1,"a":0,"b":0}
1791637123.643 {"t":"event","at_ms":78474,"node":33120,"kind":"peer_admitted","peer":29544,"slot":0,"a":0,"b":0}
1791637123.643 {"t":"event","at_ms":78646,"node":33120,"kind":"peer_admitted","peer":25344,"slot":1,"a":0,"b":0}
1791637123.643 {"t":"event","at_ms":80474,"node":33120,"kind":"peer_admitted","peer":29544,"slot":0,"a":0,"b":0}
1791637123.643 {"t":"event","at_ms":80646,"node":33120,"kind":"peer_admitted","peer":25344,"slot":1,"a":0,"b":0}
1791637123.643 {"t":"event","at_ms":82474,"node":33120,"kind":"peer_admitted","peer":29544,"slot":0,"a":0,"b":0}
1791637123.643 {"t":"event","at_ms":82646,"node":33120,"kind":"peer_admitted","peer":25344,"slot":1,"a":0,"b":0}
1791637123.643 {"t":"event","at_ms":84474,"node":33120,"kind":"peer_admitted","peer":29544,"slot":0,"a":0,"b":0}
1791637123.643 {"t":"event","at_ms":84646,"node":33120,"kind":"peer_admitted","peer":25344,"slot":1,"a":0,"b":0}
1791637123.643 {"t":"link","up_ms":85287,"node":33120,"peer":29544,"mac":"b8:1f:3f:da:73:68","state":"alive","epoch":171,"espnow_ver":2,"mtu":1446,"misses":0,"rssi":-10,"tx":{"frames":295,"cb_ok":295,"cb_fail":0,"enqueue_err":0,"pdr_ppm":1000000},"rx":{"frames":1173,"lost_seqgap":0,"reorder_dup":0,"dropped_bad":0,"hb_lost":1,"bcast_frames":834,"pdr_ppm":1000000},"rtt":{"samples":42,"min_us":5518,"max_us":12062,"timeouts":0,"txq_last_us":4527,"txq_max_us":4527,"remote_turnaround_us":846,"remote_turnaround_max_us":897,"p50_us":[4000,6000],"p99_us":[11000,16000],"hist":[0,0,0,0,36,5,0,1,0,0,0,0,0,0,0,0]}}
1791637123.643 {"t":"link","up_ms":85340,"node":33120,"peer":25344,"mac":"b8:1f:3f:da:63:00","state":"alive","epoch":244,"espnow_ver":2,"mtu":1446,"misses":0,"rssi":-20,"tx":{"frames":285,"cb_ok":285,"cb_fail":0,"enqueue_err":0,"pdr_ppm":1000000},"rx":{"frames":1106,"lost_seqgap":1,"reorder_dup":0,"dropped_bad":0,"hb_lost":46,"bcast_frames":787,"pdr_ppm":999096},"rtt":{"samples":41,"min_us":5820,"max_us":17366,"timeouts":0,"txq_last_us":0,"txq_max_us":0,"remote_turnaround_us":865,"remote_turnaround_max_us":1095,"p50_us":[4000,6000],"p99_us":[16000,22000],"hist":[0,0,0,0,32,8,0,0,1,0,0,0,0,0,0,0]}}
1791637123.643 {"t":"auth","node":33120,"up_ms":85394,"enrolled":1,"required":1,"verified_peers":2,"verified":2,"cache_hits":84,"refused":0,"rate_limited":0,"stale_epoch":0,"verify_us_max":84403,"link_stack_free_b":1528,"crypto_stack_free_b":1268,"tags_ok":572,"bad_tag":0,"replayed":0,"untagged":0,"bcast_dropped":0,"beacon_epoch_ignored":0,"tag_us_max":1174}
1791637123.643 {"t":"act","node":33120,"setpoint":0,"has_value":0,"writes_served":0}
1791637123.643 {"t":"peers","node":33120,"own_period_ms":100,"own_busy":0,"channel":1,"scanning":0,"scans":0,"hops":0,"found":0,"lost_to_found_ms":0,"moves_followed":0,"moves_refused":0,"sweeps":0,"sweep_found":0,"sweeping":0,"search_visits":0,"relay":0,"fwd_u":0,"fwd_b":0,"fwd_h":0,"relay_dup":829,"list":[{"id":29544,"state":"alive","via_relay":0,"period_ms":100,"misses":6,"busy":1,"rtt_n":42},{"id":25344,"state":"alive","via_relay":0,"period_ms":100,"misses":6,"busy":0,"rtt_n":41}]}
1791637123.643 {"t":"ss","node":33120,"accepted":0,"unsigned":0,"unknown_sender":0,"bad_signature":0,"replayed":0,"rate_limited":0,"verify_us_max":0,"floors":[{"src":25344,"epoch":139,"counter":1}]}
1791637123.643 {"t":"rec","node":33120,"up_ms":85489,"settled":1,"sent":337,"received":326,"malformed":0,"views":1,"replies_fenced":0,"actors":[{"key":1245650351,"running":0,"term":0,"owner":25344,"owner_term":9,"assigned":25344,"starts":0,"fenced":0,"released":0}]}
1791637123.643 {"t":"node","up_ms":85504,"node":33120,"epoch":293,"peers_alive":2,"peers_dead":0,"no_radio":0,"free_dram":221771,"largest_block":147456,"rx":{"total":3973,"bad_frame":0,"unknown_peer":12,"wrong_dst":0,"short_payload":0,"unknown_opcode":0,"queue_dropped":52},"tx":{"total":1461,"enqueue_err":0,"done_queue_dropped":0},"membership":{"deaths":0,"revivals":0,"reboots_seen":0,"table_full":0,"events_dropped":0}}
1791637123.963 {"t":"ns","node":33120,"hash":13581963,"owner":33120,"kind":"sampled","unit":100,"class":4,"bound_ms":5000,"quality":"GOOD","age_ms":342,"ts":85202,"updates":8,"value":2}
1791637123.963 {"t":"ns","node":33120,"hash":3142365229,"owner":33120,"kind":"sampled","unit":101,"class":4,"bound_ms":30000,"quality":"GOOD","age_ms":356,"ts":85202,"updates":8,"value":147456}
1791637123.963 {"t":"ns","node":33120,"hash":1245650351,"owner":25344,"kind":"sampled","unit":0,"class":3,"bound_ms":500,"quality":"NO_DATA","age_ms":0,"ts":0,"updates":0,"value":null}
1791637123.963 {"t":"ns","node":33120,"hash":2033492666,"owner":33120,"kind":"sampled","unit":0,"class":3,"bound_ms":0,"quality":"NO_DATA","age_ms":0,"ts":0,"updates":0,"value":null}
1791637123.963 {"t":"ns","node":33120,"hash":2347817554,"owner":33120,"kind":"sampled","unit":100,"class":4,"bound_ms":0,"quality":"GOOD","age_ms":398,"ts":85202,"updates":8,"value":293}
1791637123.963 {"t":"ns","node":33120,"hash":1170356950,"owner":33120,"kind":"sampled","unit":80,"class":4,"bound_ms":30000,"quality":"GOOD","age_ms":412,"ts":85202,"updates":8,"value":85}
1791637123.963 {"t":"ns","node":33120,"hash":3085599597,"owner":33120,"kind":"sampled","unit":0,"class":4,"bound_ms":5000,"quality":"GOOD","age_ms":425,"ts":85203,"updates":8,"value":-20}
1791637123.963 {"t":"ns","node":33120,"hash":2486014333,"owner":33120,"kind":"sampled","unit":101,"class":4,"bound_ms":30000,"quality":"GOOD","age_ms":452,"ts":85202,"updates":8,"value":221771}
1791637134.104 {"t":"clk","node":33120,"up_ms":95668}
1791637134.104 {"t":"led","node":33120,"shows":"yellow","app":0}
1791637134.104 {"t":"event","at_ms":86474,"node":33120,"kind":"peer_admitted","peer":29544,"slot":0,"a":0,"b":0}
1791637134.104 {"t":"event","at_ms":86646,"node":33120,"kind":"peer_admitted","peer":25344,"slot":1,"a":0,"b":0}
1791637134.104 {"t":"event","at_ms":88474,"node":33120,"kind":"peer_admitted","peer":29544,"slot":0,"a":0,"b":0}
1791637134.104 {"t":"event","at_ms":88647,"node":33120,"kind":"peer_admitted","peer":25344,"slot":1,"a":0,"b":0}
1791637134.104 {"t":"event","at_ms":90474,"node":33120,"kind":"peer_admitted","peer":29544,"slot":0,"a":0,"b":0}
1791637134.104 {"t":"event","at_ms":90646,"node":33120,"kind":"peer_admitted","peer":25344,"slot":1,"a":0,"b":0}
1791637134.104 {"t":"event","at_ms":92474,"node":33120,"kind":"peer_admitted","peer":29544,"slot":0,"a":0,"b":0}
1791637134.104 {"t":"event","at_ms":92646,"node":33120,"kind":"peer_admitted","peer":25344,"slot":1,"a":0,"b":0}
1791637134.104 {"t":"event","at_ms":94474,"node":33120,"kind":"peer_admitted","peer":29544,"slot":0,"a":0,"b":0}
1791637134.104 {"t":"event","at_ms":94648,"node":33120,"kind":"peer_admitted","peer":25344,"slot":1,"a":0,"b":0}
1791637134.104 {"t":"link","up_ms":95752,"node":33120,"peer":29544,"mac":"b8:1f:3f:da:73:68","state":"alive","epoch":171,"espnow_ver":2,"mtu":1446,"misses":0,"rssi":-10,"tx":{"frames":331,"cb_ok":331,"cb_fail":0,"enqueue_err":0,"pdr_ppm":1000000},"rx":{"frames":1319,"lost_seqgap":0,"reorder_dup":0,"dropped_bad":0,"hb_lost":1,"bcast_frames":939,"pdr_ppm":1000000},"rtt":{"samples":47,"min_us":5518,"max_us":12062,"timeouts":0,"txq_last_us":4527,"txq_max_us":4527,"remote_turnaround_us":884,"remote_turnaround_max_us":897,"p50_us":[4000,6000],"p99_us":[11000,16000],"hist":[0,0,0,0,37,8,1,1,0,0,0,0,0,0,0,0]}}
1791637134.104 {"t":"link","up_ms":95806,"node":33120,"peer":25344,"mac":"b8:1f:3f:da:63:00","state":"alive","epoch":244,"espnow_ver":2,"mtu":1446,"misses":0,"rssi":-19,"tx":{"frames":321,"cb_ok":321,"cb_fail":0,"enqueue_err":0,"pdr_ppm":1000000},"rx":{"frames":1243,"lost_seqgap":1,"reorder_dup":0,"dropped_bad":0,"hb_lost":55,"bcast_frames":883,"pdr_ppm":999196},"rtt":{"samples":47,"min_us":5820,"max_us":17366,"timeouts":0,"txq_last_us":0,"txq_max_us":0,"remote_turnaround_us":866,"remote_turnaround_max_us":1095,"p50_us":[4000,6000],"p99_us":[16000,22000],"hist":[0,0,0,0,32,14,0,0,1,0,0,0,0,0,0,0]}}
1791637134.104 {"t":"auth","node":33120,"up_ms":95861,"enrolled":1,"required":1,"verified_peers":2,"verified":2,"cache_hits":94,"refused":0,"rate_limited":0,"stale_epoch":0,"verify_us_max":84403,"link_stack_free_b":1528,"crypto_stack_free_b":1268,"tags_ok":646,"bad_tag":0,"replayed":0,"untagged":0,"bcast_dropped":0,"beacon_epoch_ignored":0,"tag_us_max":1174}
1791637134.104 {"t":"act","node":33120,"setpoint":0,"has_value":0,"writes_served":0}
1791637134.104 {"t":"peers","node":33120,"own_period_ms":100,"own_busy":0,"channel":1,"scanning":0,"scans":0,"hops":0,"found":0,"lost_to_found_ms":0,"moves_followed":0,"moves_refused":0,"sweeps":0,"sweep_found":0,"sweeping":0,"search_visits":0,"relay":0,"fwd_u":0,"fwd_b":0,"fwd_h":0,"relay_dup":929,"list":[{"id":29544,"state":"alive","via_relay":0,"period_ms":100,"misses":6,"busy":1,"rtt_n":47},{"id":25344,"state":"alive","via_relay":0,"period_ms":100,"misses":6,"busy":0,"rtt_n":47}]}
1791637134.104 {"t":"ss","node":33120,"accepted":0,"unsigned":0,"unknown_sender":0,"bad_signature":0,"replayed":0,"rate_limited":0,"verify_us_max":0,"floors":[{"src":25344,"epoch":139,"counter":1}]}
1791637134.104 {"t":"rec","node":33120,"up_ms":95956,"settled":1,"sent":379,"received":368,"malformed":0,"views":1,"replies_fenced":0,"actors":[{"key":1245650351,"running":0,"term":0,"owner":25344,"owner_term":9,"assigned":25344,"starts":0,"fenced":0,"released":0}]}
1791637134.104 {"t":"node","up_ms":95971,"node":33120,"epoch":293,"peers_alive":2,"peers_dead":0,"no_radio":0,"free_dram":221771,"largest_block":147456,"rx":{"total":4466,"bad_frame":0,"unknown_peer":12,"wrong_dst":0,"short_payload":0,"unknown_opcode":0,"queue_dropped":52},"tx":{"total":1644,"enqueue_err":0,"done_queue_dropped":0},"membership":{"deaths":0,"revivals":0,"reboots_seen":0,"table_full":0,"events_dropped":0}}
1791637134.597 {"t":"ns","node":33120,"hash":13581963,"owner":33120,"kind":"sampled","unit":100,"class":4,"bound_ms":5000,"quality":"GOOD","age_ms":341,"ts":95670,"updates":9,"value":2}
1791637134.597 {"t":"ns","node":33120,"hash":3142365229,"owner":33120,"kind":"sampled","unit":101,"class":4,"bound_ms":30000,"quality":"GOOD","age_ms":356,"ts":95669,"updates":9,"value":147456}
1791637134.597 {"t":"ns","node":33120,"hash":1245650351,"owner":25344,"kind":"sampled","unit":0,"class":3,"bound_ms":500,"quality":"NO_DATA","age_ms":0,"ts":0,"updates":0,"value":null}
1791637134.597 {"t":"ns","node":33120,"hash":2033492666,"owner":33120,"kind":"sampled","unit":0,"class":3,"bound_ms":0,"quality":"NO_DATA","age_ms":0,"ts":0,"updates":0,"value":null}
1791637134.597 {"t":"ns","node":33120,"hash":2347817554,"owner":33120,"kind":"sampled","unit":100,"class":4,"bound_ms":0,"quality":"GOOD","age_ms":398,"ts":95669,"updates":9,"value":293}
1791637134.597 {"t":"ns","node":33120,"hash":1170356950,"owner":33120,"kind":"sampled","unit":80,"class":4,"bound_ms":30000,"quality":"GOOD","age_ms":412,"ts":95669,"updates":9,"value":95}
1791637134.597 {"t":"ns","node":33120,"hash":3085599597,"owner":33120,"kind":"sampled","unit":0,"class":4,"bound_ms":5000,"quality":"GOOD","age_ms":436,"ts":95670,"updates":9,"value":-20}
1791637134.597 {"t":"ns","node":33120,"hash":2486014333,"owner":33120,"kind":"sampled","unit":101,"class":4,"bound_ms":30000,"quality":"GOOD","age_ms":451,"ts":95669,"updates":9,"value":221771}
1791637144.573 {"t":"clk","node":33120,"up_Em (107s335) task_w"dt: Task: watchdog g1ot triggered0. The follow6ing tasks/us1ers did not 3reset the wa5tchdog in time:
1791637144.573 {"t":"led","node":33120,"shows":"green","app":0}
1791637144.573 {"t":"event","at_ms":96474,"node":33120,"kind":"peer_admitted","peer":29544,"slot":0,"a":0,"b":0}
1791637144.573 {"t":"event","at_ms":96646,"node":33120,"kind":"peer_admitted","peer":25344,"slot":1,"a":0,"b":0}
1791637144.573 {"t":"event","at_ms":98474,"node":33120,"kind":"peer_admitted","peer":29544,"slot":0,"a":0,"b":0}
1791637144.573 {"t":"event","at_ms":98646,"node":33120,"kind":"peer_admitted","peer":25344,"slot":1,"a":0,"b":0}
1791637144.573 {"t":"event","at_ms":100474,"node":33120,"kind":"peer_admitted","peer":29544,"slot":0,"a":0,"b":0}
1791637144.573 {"t":"event","at_ms":100646,"node":33120,"kind":"peer_admitted","peer":25344,"slot":1,"a":0,"b":0}
1791637144.573 {"t":"event","at_ms":102474,"node":33120,"kind":"peer_admitted","peer":29544,"slot":0,"a":0,"b":0}
1791637144.573 {"t":"event","at_ms":102646,"node":33120,"kind":"peer_admitted","peer":25344,"slot":1,"a":0,"b":0}
1791637144.573 {"t":"event","at_ms":104474,"node":33120,"kind":"peer_admitted","peer":29544,"slot":0,"a":0,"b":0}
1791637144.573 {"t":"event","at_ms":104646,"node":33120,"kind":"peer_admitted","peer":25344,"slot":1,"a":0,"b":0}
1791637144.573 {"t":"link","up_ms":106343,"node":33120,"peer":29544,"mac":"b8:1f:3f:da:73:68","state":"alive","epoch":171,"espnow_ver":2,"mtu":1446,"misses":0,"rssi":-10,"tx":{"frames":367,"cb_ok":367,"cb_fail":0,"enqueue_err":0,"pdr_ppm":1000000},"rx":{"frames":1467,"lost_seqgap":0,"reorder_dup":0,"dropped_bad":0,"hb_lost":1,"bcast_frames":1045,"pdr_ppm":1000000},"rtt":{"samples":52,"min_us":5518,"max_us":12062,"timeouts":0,"txq_last_us":4527,"txq_max_us":4527,"remote_turnaround_us":819,"remote_turnaround_max_us":897,"p50_us":[4000,6000],"p99_us":[11000,16000],"hist":[0,0,0,0,42,8,1,1,0,0,0,0,0,0,0,0]}}
1791637144.573 {"t":"link","up_ms":106397,"node":33120,"peer":25344,"mac":"b8:1f:3f:da:63:00","state":"alive","epoch":244,"espnow_ver":2,"mtu":1446,"misses":0,"rssi":-20,"tx":{"frames":356,"cb_ok":356,"cb_fail":0,"enqueue_err":0,"pdr_ppm":1000000},"rx":{"frames":1384,"lost_seqgap":1,"reorder_dup":0,"dropped_bad":0,"hb_lost":60,"bcast_frames":984,"pdr_ppm":999277},"rtt":{"samples":52,"min_us":5820,"max_us":17366,"timeouts":0,"txq_last_us":0,"txq_max_us":0,"remote_turnaround_us":880,"remote_turnaround_max_us":1095,"p50_us":[4000,6000],"p99_us":[16000,22000],"hist":[0,0,0,0,32,19,0,0,1,0,0,0,0,0,0,0]}}
1791637144.573 {"t":"auth","node":33120,"up_ms":106452,"enrolled":1,"required":1,"verified_peers":2,"verified":2,"cache_hits":104,"refused":0,"rate_limited":0,"stale_epoch":0,"verify_us_max":84403,"link_stack_free_b":1528,"crypto_stack_free_b":1268,"tags_ok":717,"bad_tag":0,"replayed":0,"untagged":0,"bcast_dropped":0,"beacon_epoch_ignored":0,"tag_us_max":1174}
1791637144.573 {"t":"act","node":33120,"setpoint":0,"has_value":0,"writes_served":0}
1791637145.012 {"t":"peers","node":33120,"own_period_ms":100,"own_busy":0,"channel":1,"scanning":0,"scans":0,"hops":0,"found":0,"lost_to_found_ms":0,"moves_followed":0,"moves_refused":0,"sweeps":0,"sweep_found":0,"sweeping":0,"search_visits":0,"relay":0,"fwd_u":0,"fwd_b":0,"fwd_h":0,"relay_dup":1036,"list":[{"id":29544,"state":"alive","via_relay":0,"period_ms":100,"misses":6,"busy":1,"rtt_n":52},{"id":25344,"state":"alive","via_relay":0,"period_ms":100,"misses":6,"busy":0,"rtt_n":52}]}
1791637145.012 {"t":"ss","node":33120,"accepted":0,"unsigned":0,"unknown_sender":0,"bad_signature":0,"replayed":0,"rate_limited":0,"verify_us_max":0,"floors":[{"src":25344,"epoch":139,"counter":1}]}
1791637145.012 {"t":"rec","node":33120,"up_ms":106547,"settled":1,"sent":421,"received":411,"malformed":0,"views":1,"replies_fenced":0,"actors":[{"key":1245650351,"running":0,"term":0,"owner":25344,"owner_term":9,"assigned":25344,"starts":0,"fenced":0,"released":0}]}
1791637145.012 {"t":"node","up_ms":106563,"node":33120,"epoch":293,"peers_alive":2,"peers_dead":0,"no_radio":0,"free_dram":221771,"largest_block":147456,"rx":{"total":4972,"bad_frame":0,"unknown_peer":12,"wrong_dst":0,"short_payload":0,"unknown_opcode":0,"queue_dropped":52},"tx":{"total":1827,"enqueue_err":0,"done_queue_dropped":0},"membership":{"deaths":0,"revivals":0,"reboots_seen":0,"table_full":0,"events_dropped":0}}
1791637145.012 {"t":"ns","node":33120,"hash":13581963,"owner":33120,"kind":"sampled","unit":100,"class":4,"bound_ms":5000,"quality":"GOOD","age_ms":343,"ts":106260,"updates":10,"value":2}
1791637145.012 {"t":"ns","node":33120,"hash":3142365229,"owner":33120,"kind":"sampled","unit":101,"class":4,"bound_ms":30000,"quality":"GOOD","age_ms":357,"ts":106260,"updates":10,"value":147456}
1791637145.012 {"t":"ns","node":33120,"hash":1245650351,"owner":25344,"kind":"sampled","unit":0,"class":3,"bound_ms":500,"quality":"NO_DATA","age_ms":0,"ts":0,"updates":0,"value":null}
1791637145.012 {"t":"ns","node":33120,"hash":2033492666,"owner":33120,"kind":"sampled","unit":0,"class":3,"bound_ms":0,"quality":"NO_DATA","age_ms":0,"ts":0,"updates":0,"value":null}
1791637145.012 {"t":"ns","node":33120,"hash":2347817554,"owner":33120,"kind":"sampled","unit":100,"class":4,"bound_ms":0,"quality":"GOOD","age_ms":402,"ts":106260,"updates":10,"value":293}
1791637145.012 {"t":"ns","node":33120,"hash":1170356950,"owner":33120,"kind":"sampled","unit":80,"class":4,"bound_ms":30000,"quality":"GOOD","age_ms":416,"ts":106260,"updates":10,"value":106}
1791637145.012 {"t":"ns","node":33120,"hash":3085599597,"owner":33120,"kind":"sampled","unit":0,"class":4,"bound_ms":5000,"quality":"GOOD","age_ms":430,"ts":106260,"updates":10,"value":-19}
1791637145.012 {"t":"ns","node":33120,"hash":2486014333,"owner":33120,"kind":"sampled","unit":101,"class":4,"bound_ms":30000,"quality":"GOOD","age_ms":444,"ts":106260,"updates":10,"value":221771}
1791637153.833 {"t":"wasm_run","run":0,"us":33733153,"same":true,"error":"none"}
1791637155.155 {"t":"clk","node":33120,"up_ms":116719}
1791637155.155 {"t":"led","node":33120,"shows":"green","app":0}
1791637155.155 {"t":"event","at_ms":106476,"node":33120,"kind":"peer_admitted","peer":29544,"slot":0,"a":0,"b":0}
1791637155.155 {"t":"event","at_ms":106647,"node":33120,"kind":"peer_admitted","peer":25344,"slot":1,"a":0,"b":0}
1791637155.155 {"t":"event","at_ms":108474,"node":33120,"kind":"peer_admitted","peer":29544,"slot":0,"a":0,"b":0}
1791637155.155 {"t":"event","at_ms":108646,"node":33120,"kind":"peer_admitted","peer":25344,"slot":1,"a":0,"b":0}
1791637155.155 {"t":"event","at_ms":110474,"node":33120,"kind":"peer_admitted","peer":29544,"slot":0,"a":0,"b":0}
1791637155.155 {"t":"event","at_ms":110646,"node":33120,"kind":"peer_admitted","peer":25344,"slot":1,"a":0,"b":0}
1791637155.155 {"t":"event","at_ms":112474,"node":33120,"kind":"peer_admitted","peer":29544,"slot":0,"a":0,"b":0}
1791637155.155 {"t":"event","at_ms":112646,"node":33120,"kind":"peer_admitted","peer":25344,"slot":1,"a":0,"b":0}
1791637155.155 {"t":"event","at_ms":114474,"node":33120,"kind":"peer_admitted","peer":29544,"slot":0,"a":0,"b":0}
1791637155.155 {"t":"event","at_ms":114646,"node":33120,"kind":"peer_admitted","peer":25344,"slot":1,"a":0,"b":0}
1791637155.155 {"t":"event","at_ms":116475,"node":33120,"kind":"peer_admitted","peer":29544,"slot":0,"a":0,"b":0}
1791637155.155 {"t":"event","at_ms":116646,"node":33120,"kind":"peer_admitted","peer":25344,"slot":1,"a":0,"b":0}
1791637155.155 {"t":"link","up_ms":116830,"node":33120,"peer":29544,"mac":"b8:1f:3f:da:73:68","state":"alive","epoch":171,"espnow_ver":2,"mtu":1446,"misses":0,"rssi":-10,"tx":{"frames":406,"cb_ok":406,"cb_fail":0,"enqueue_err":0,"pdr_ppm":1000000},"rx":{"frames":1615,"lost_seqgap":0,"reorder_dup":0,"dropped_bad":0,"hb_lost":1,"bcast_frames":1149,"pdr_ppm":1000000},"rtt":{"samples":58,"min_us":5518,"max_us":12062,"timeouts":0,"txq_last_us":4527,"txq_max_us":4527,"remote_turnaround_us":1231,"remote_turnaround_max_us":1231,"p50_us":[4000,6000],"p99_us":[11000,16000],"hist":[0,0,0,0,47,9,1,1,0,0,0,0,0,0,0,0]}}
1791637155.155 {"t":"link","up_ms":116872,"node":33120,"peer":25344,"mac":"b8:1f:3f:da:63:00","state":"alive","epoch":244,"espnow_ver":2,"mtu":1446,"misses":0,"rssi":-20,"tx":{"frames":392,"cb_ok":392,"cb_fail":0,"enqueue_err":0,"pdr_ppm":1000000},"rx":{"frames":1528,"lost_seqgap":1,"reorder_dup":0,"dropped_bad":0,"hb_lost":62,"bcast_frames":1087,"pdr_ppm":999345},"rtt":{"samples":57,"min_us":5820,"max_us":17366,"timeouts":0,"txq_last_us":3977,"txq_max_us":3977,"remote_turnaround_us":891,"remote_turnaround_max_us":1095,"p50_us":[4000,6000],"p99_us":[16000,22000],"hist":[0,0,0,0,32,23,0,1,1,0,0,0,0,0,0,0]}}
1791637155.155 {"t":"auth","node":33120,"up_ms":116927,"enrolled":1,"required":1,"verified_peers":2,"verified":2,"cache_hits":116,"refused":0,"rate_limited":0,"stale_epoch":0,"verify_us_max":84403,"link_stack_free_b":1528,"crypto_stack_free_b":1268,"tags_ok":789,"bad_tag":0,"replayed":0,"untagged":0,"bcast_dropped":0,"beacon_epoch_ignored":0,"tag_us_max":1174}
1791637155.155 {"t":"act","node":33120,"setpoint":0,"has_value":0,"writes_served":0}
1791637155.155 {"t":"peers","node":33120,"own_period_ms":100,"own_busy":0,"channel":1,"scanning":0,"scans":0,"hops":0,"found":0,"lost_to_found_ms":0,"moves_followed":0,"moves_refused":0,"sweeps":0,"sweep_found":0,"sweeping":0,"search_visits":0,"relay":0,"fwd_u":0,"fwd_b":0,"fwd_h":0,"relay_dup":1145,"list":[{"id":29544,"state":"alive","via_relay":0,"period_ms":100,"misses":6,"busy":1,"rtt_n":58},{"id":25344,"state":"alive","via_relay":0,"period_ms":100,"misses":6,"busy":0,"rtt_n":57}]}
1791637155.155 {"t":"ss","node":33120,"accepted":0,"unsigned":0,"unknown_sender":0,"bad_signature":0,"replayed":0,"rate_limited":0,"verify_us_max":0,"floors":[{"src":25344,"epoch":139,"counter":1}]}
1791637155.155 {"t":"rec","node":33120,"up_ms":117021,"settled":1,"sent":463,"received":452,"malformed":0,"views":1,"replies_fenced":0,"actors":[{"key":1245650351,"running":0,"term":0,"owner":25344,"owner_term":9,"assigned":25344,"starts":0,"fenced":0,"released":0}]}
1791637155.497 {"t":"node","up_ms":117048,"node":33120,"epoch":293,"peers_alive":2,"peers_dead":0,"no_radio":0,"free_dram":221771,"largest_block":147456,"rx":{"total":5476,"bad_frame":0,"unknown_peer":12,"wrong_dst":0,"short_payload":0,"unknown_opcode":0,"queue_dropped":52},"tx":{"total":2009,"enqueue_err":0,"done_queue_dropped":0},"membership":{"deaths":0,"revivals":0,"reboots_seen":0,"table_full":0,"events_dropped":0}}
1791637155.497 {"t":"ns","node":33120,"hash":13581963,"owner":33120,"kind":"sampled","unit":100,"class":4,"bound_ms":5000,"quality":"GOOD","age_ms":357,"ts":116720,"updates":11,"value":2}
1791637155.497 {"t":"ns","node":33120,"hash":3142365229,"owner":33120,"kind":"sampled","unit":101,"class":4,"bound_ms":30000,"quality":"GOOD","age_ms":371,"ts":116720,"updates":11,"value":147456}
1791637155.497 {"t":"ns","node":33120,"hash":1245650351,"owner":25344,"kind":"sampled","unit":0,"class":3,"bound_ms":500,"quality":"NO_DATA","age_ms":0,"ts":0,"updates":0,"value":null}
1791637155.497 {"t":"ns","node":33120,"hash":2033492666,"owner":33120,"kind":"sampled","unit":0,"class":3,"bound_ms":0,"quality":"NO_DATA","age_ms":0,"ts":0,"updates":0,"value":null}
1791637155.497 {"t":"ns","node":33120,"hash":2347817554,"owner":33120,"kind":"sampled","unit":100,"class":4,"bound_ms":0,"quality":"GOOD","age_ms":425,"ts":116720,"updates":11,"value":293}
1791637155.497 {"t":"ns","node":33120,"hash":1170356950,"owner":33120,"kind":"sampled","unit":80,"class":4,"bound_ms":30000,"quality":"GOOD","age_ms":439,"ts":116720,"updates":11,"value":116}
1791637155.497 {"t":"ns","node":33120,"hash":3085599597,"owner":33120,"kind":"sampled","unit":0,"class":4,"bound_ms":5000,"quality":"GOOD","age_ms":453,"ts":116721,"updates":11,"value":-20}
1791637155.497 {"t":"ns","node":33120,"hash":2486014333,"owner":33120,"kind":"sampled","unit":101,"class":4,"bound_ms":30000,"quality":"GOOD","age_ms":468,"ts":116720,"updates":11,"value":221771}
1791637165.637 {"t":"clk","node":33120,"up_ms":127202}
1791637165.637 {"t":"led","node":33120,"shows":"green","app":0}
1791637165.637 {"t":"event","at_ms":118474,"node":33120,"kind":"peer_admitted","peer":29544,"slot":0,"a":0,"b":0}
1791637165.637 {"t":"event","at_ms":118646,"node":33120,"kind":"peer_admitted","peer":25344,"slot":1,"a":0,"b":0}
1791637165.637 {"t":"event","at_ms":120474,"node":33120,"kind":"peer_admitted","peer":29544,"slot":0,"a":0,"b":0}
1791637165.637 {"t":"event","at_ms":120646,"node":33120,"kind":"peer_admitted","peer":25344,"slot":1,"a":0,"b":0}
1791637165.637 {"t":"event","at_ms":122474,"node":33120,"kind":"peer_admitted","peer":29544,"slot":0,"a":0,"b":0}
1791637165.637 {"t":"event","at_ms":122646,"node":33120,"kind":"peer_admitted","peer":25344,"slot":1,"a":0,"b":0}
1791637165.637 {"t":"event","at_ms":124474,"node":33120,"kind":"peer_admitted","peer":29544,"slot":0,"a":0,"b":0}
1791637165.637 {"t":"event","at_ms":124647,"node":33120,"kind":"peer_admitted","peer":25344,"slot":1,"a":0,"b":0}
1791637165.637 {"t":"event","at_ms":126474,"node":33120,"kind":"peer_admitted","peer":29544,"slot":0,"a":0,"b":0}
1791637165.637 {"t":"event","at_ms":126649,"node":33120,"kind":"peer_admitted","peer":25344,"slot":1,"a":0,"b":0}
1791637165.637 {"t":"link","up_ms":127287,"node":33120,"peer":29544,"mac":"b8:1f:3f:da:73:68","state":"alive","epoch":171,"espnow_ver":2,"mtu":1446,"misses":0,"rssi":-10,"tx":{"frames":442,"cb_ok":442,"cb_fail":0,"enqueue_err":0,"pdr_ppm":1000000},"rx":{"frames":1761,"lost_seqgap":0,"reorder_dup":0,"dropped_bad":0,"hb_lost":1,"bcast_frames":1254,"pdr_ppm":1000000},"rtt":{"samples":63,"min_us":5518,"max_us":12062,"timeouts":0,"txq_last_us":4527,"txq_max_us":4527,"remote_turnaround_us":814,"remote_turnaround_max_us":1231,"p50_us":[4000,6000],"p99_us":[11000,16000],"hist":[0,0,0,0,50,10,2,1,0,0,0,0,0,0,0,0]}}
1791637165.637 {"t":"link","up_ms":127341,"node":33120,"peer":25344,"mac":"b8:1f:3f:da:63:00","state":"alive","epoch":244,"espnow_ver":2,"mtu":1446,"misses":0,"rssi":-20,"tx":{"frames":425,"cb_ok":425,"cb_fail":0,"enqueue_err":0,"pdr_ppm":1000000},"rx":{"frames":1664,"lost_seqgap":1,"reorder_dup":0,"dropped_bad":0,"hb_lost":69,"bcast_frames":1184,"pdr_ppm":999399},"rtt":{"samples":62,"min_us":5820,"max_us":17366,"timeouts":0,"txq_last_us":3977,"txq_max_us":3977,"remote_turnaround_us":862,"remote_turnaround_max_us":1095,"p50_us":[4000,6000],"p99_us":[16000,22000],"hist":[0,0,0,0,32,28,0,1,1,0,0,0,0,0,0,0]}}
1791637165.637 {"t":"auth","node":33120,"up_ms":127395,"enrolled":1,"required":1,"verified_peers":2,"verified":2,"cache_hits":126,"refused":0,"rate_limited":0,"stale_epoch":0,"verify_us_max":84403,"link_stack_free_b":1528,"crypto_stack_free_b":1268,"tags_ok":859,"bad_tag":0,"replayed":0,"untagged":0,"bcast_dropped":0,"beacon_epoch_ignored":0,"tag_us_max":1174}
1791637165.637 {"t":"act","node":33120,"setpoint":0,"has_value":0,"writes_served":0}
1791637165.637 {"t":"peers","node":33120,"own_period_ms":100,"own_busy":0,"channel":1,"scanning":0,"scans":0,"hops":0,"found":0,"lost_to_found_ms":0,"moves_followed":0,"moves_refused":0,"sweeps":0,"sweep_found":0,"sweeping":0,"search_visits":0,"relay":0,"fwd_u":0,"fwd_b":0,"fwd_h":0,"relay_dup":1246,"list":[{"id":29544,"state":"alive","via_relay":0,"period_ms":100,"misses":6,"busy":1,"rtt_n":63},{"id":25344,"state":"alive","via_relay":0,"period_ms":100,"misses":6,"busy":0,"rtt_n":62}]}
1791637165.637 {"t":"ss","node":33120,"accepted":0,"unsigned":0,"unknown_sender":0,"bad_signature":0,"replayed":0,"rate_limited":0,"verify_us_max":0,"floors":[{"src":25344,"epoch":139,"counter":1}]}
1791637165.637 {"t":"rec","node":33120,"up_ms":127490,"settled":1,"sent":505,"received":494,"malformed":0,"views":1,"replies_fenced":0,"actors":[{"key":1245650351,"running":0,"term":0,"owner":25344,"owner_term":9,"assigned":25344,"starts":0,"fenced":0,"released":0}]}
1791637165.637 {"t":"node","up_ms":127516,"node":33120,"epoch":293,"peers_alive":2,"peers_dead":0,"no_radio":0,"free_dram":221771,"largest_block":147456,"rx":{"total":5964,"bad_frame":0,"unknown_peer":12,"wrong_dst":0,"short_payload":0,"unknown_opcode":0,"queue_dropped":52},"tx":{"total":2189,"enqueue_err":0,"done_queue_dropped":0},"membership":{"deaths":0,"revivals":0,"reboots_seen":0,"table_full":0,"events_dropped":0}}
1791637165.969 {"t":"ns","node":33120,"hash":13581963,"owner":33120,"kind":"sampled","unit":100,"class":4,"bound_ms":5000,"quality":"GOOD","age_ms":340,"ts":127204,"updates":12,"value":2}
1791637165.969 {"t":"ns","node":33120,"hash":3142365229,"owner":33120,"kind":"sampled","unit":101,"class":4,"bound_ms":30000,"quality":"GOOD","age_ms":357,"ts":127203,"updates":12,"value":147456}
1791637165.969 {"t":"ns","node":33120,"hash":1245650351,"owner":25344,"kind":"sampled","unit":0,"class":3,"bound_ms":500,"quality":"NO_DATA","age_ms":0,"ts":0,"updates":0,"value":null}
1791637165.969 {"t":"ns","node":33120,"hash":2033492666,"owner":33120,"kind":"sampled","unit":0,"class":3,"bound_ms":0,"quality":"NO_DATA","age_ms":0,"ts":0,"updates":0,"value":null}
1791637165.969 {"t":"ns","node":33120,"hash":2347817554,"owner":33120,"kind":"sampled","unit":100,"class":4,"bound_ms":0,"quality":"GOOD","age_ms":398,"ts":127204,"updates":12,"value":293}
1791637165.969 {"t":"ns","node":33120,"hash":1170356950,"owner":33120,"kind":"sampled","unit":80,"class":4,"bound_ms":30000,"quality":"GOOD","age_ms":424,"ts":127203,"updates":12,"value":127}
1791637165.969 {"t":"ns","node":33120,"hash":3085599597,"owner":33120,"kind":"sampled","unit":0,"class":4,"bound_ms":5000,"quality":"GOOD","age_ms":437,"ts":127204,"updates":12,"value":-20}
1791637165.969 {"t":"ns","node":33120,"hash":2486014333,"owner":33120,"kind":"sampled","unit":101,"class":4,"bound_ms":30000,"quality":"GOOD","age_ms":453,"ts":127203,"updates":12,"value":221771}
1791637176.109 {"t":"clk","node":33120,"up_ms":137670}
1791637176.109 {"t":"led","node":33120,"shows":"green","app":0}
1791637176.109 {"t":"event","at_ms":128474,"node":33120,"kind":"peer_admitted","peer":29544,"slot":0,"a":0,"b":0}
1791637176.109 {"t":"event","at_ms":128646,"node":33120,"kind":"peer_admitted","peer":25344,"slot":1,"a":0,"b":0}
1791637176.109 {"t":"event","at_ms":130474,"node":33120,"kind":"peer_admitted","peer":29544,"slot":0,"a":0,"b":0}
1791637176.109 {"t":"event","at_ms":130646,"node":33120,"kind":"peer_admitted","peer":25344,"slot":1,"a":0,"b":0}
1791637176.109 {"t":"event","at_ms":132475,"node":33120,"kind":"peer_admitted","peer":29544,"slot":0,"a":0,"b":0}
1791637176.109 {"t":"event","at_ms":132646,"node":33120,"kind":"peer_admitted","peer":25344,"slot":1,"a":0,"b":0}
1791637176.109 {"t":"event","at_ms":134474,"node":33120,"kind":"peer_admitted","peer":29544,"slot":0,"a":0,"b":0}
1791637176.109 {"t":"event","at_ms":134647,"node":33120,"kind":"peer_admitted","peer":25344,"slot":1,"a":0,"b":0}
1791637176.109 {"t":"event","at_ms":136475,"node":33120,"kind":"peer_admitted","peer":29544,"slot":0,"a":0,"b":0}
1791637176.109 {"t":"event","at_ms":136646,"node":33120,"kind":"peer_admitted","peer":25344,"slot":1,"a":0,"b":0}
1791637176.109 {"t":"link","up_ms":137754,"node":33120,"peer":29544,"mac":"b8:1f:3f:da:73:68","state":"alive","epoch":171,"espnow_ver":2,"mtu":1446,"misses":0,"rssi":-10,"tx":{"frames":478,"cb_ok":478,"cb_fail":0,"enqueue_err":0,"pdr_ppm":1000000},"rx":{"frames":1907,"lost_seqgap":0,"reorder_dup":0,"dropped_bad":0,"hb_lost":1,"bcast_frames":1359,"pdr_ppm":1000000},"rtt":{"samples":68,"min_us":5518,"max_us":12062,"timeouts":0,"txq_last_us":4527,"txq_max_us":4527,"remote_turnaround_us":848,"remote_turnaround_max_us":1231,"p50_us":[4000,6000],"p99_us":[11000,16000],"hist":[0,0,0,0,55,10,2,1,0,0,0,0,0,0,0,0]}}
1791637176.109 {"t":"link","up_ms":137808,"node":33120,"peer":25344,"mac":"b8:1f:3f:da:63:00","state":"alive","epoch":244,"espnow_ver":2,"mtu":1446,"misses":0,"rssi":-20,"tx":{"frames":461,"cb_ok":461,"cb_fail":0,"enqueue_err":0,"pdr_ppm":1000000},"rx":{"frames":1801,"lost_seqgap":1,"reorder_dup":0,"dropped_bad":0,"hb_lost":78,"bcast_frames":1280,"pdr_ppm":999445},"rtt":{"samples":68,"min_us":5820,"max_us":17366,"timeouts":0,"txq_last_us":3977,"txq_max_us":3977,"remote_turnaround_us":864,"remote_turnaround_max_us":1095,"p50_us":[6000,8000],"p99_us":[16000,22000],"hist":[0,0,0,0,33,33,0,1,1,0,0,0,0,0,0,0]}}
1791637176.109 {"t":"auth","node":33120,"up_ms":137863,"enrolled":1,"required":1,"verified_peers":2,"verified":2,"cache_hits":136,"refused":0,"rate_limited":0,"stale_epoch":0,"verify_us_max":84403,"link_stack_free_b":1528,"crypto_stack_free_b":1268,"tags_ok":933,"bad_tag":0,"replayed":0,"untagged":0,"bcast_dropped":0,"beacon_epoch_ignored":0,"tag_us_max":1174}
1791637176.109 {"t":"act","node":33120,"setpoint":0,"has_value":0,"writes_served":0}
1791637176.109 {"t":"peers","node":33120,"own_period_ms":100,"own_busy":0,"channel":1,"scanning":0,"scans":0,"hops":0,"found":0,"lost_to_found_ms":0,"moves_followed":0,"moves_refused":0,"sweeps":0,"sweep_found":0,"sweeping":0,"search_visits":0,"relay":0,"fwd_u":0,"fwd_b":0,"fwd_h":0,"relay_dup":1347,"list":[{"id":29544,"state":"alive","via_relay":0,"period_ms":100,"misses":6,"busy":1,"rtt_n":68},{"id":25344,"state":"alive","via_relay":0,"period_ms":100,"misses":6,"busy":0,"rtt_n":68}]}
1791637176.109 {"t":"ss","node":33120,"accepted":0,"unsigned":0,"unknown_sender":0,"bad_signature":0,"replayed":0,"rate_limited":0,"verify_us_max":0,"floors":[{"src":25344,"epoch":139,"counter":1}]}
1791637176.109 {"t":"rec","node":33120,"up_ms":137958,"settled":1,"sent":547,"received":536,"malformed":0,"views":1,"replies_fenced":0,"actors":[{"key":1245650351,"running":0,"term":0,"owner":25344,"owner_term":9,"assigned":25344,"starts":0,"fenced":0,"released":0}]}
1791637176.109 {"t":"node","up_ms":137984,"node":33120,"epoch":293,"peers_alive":2,"peers_dead":0,"no_radio":0,"free_dram":221771,"largest_block":147456,"rx":{"total":6458,"bad_frame":0,"unknown_peer":12,"wrong_dst":0,"short_payload":0,"unknown_opcode":0,"queue_dropped":52},"tx":{"total":2372,"enqueue_err":0,"done_queue_dropped":0},"membership":{"deaths":0,"revivals":0,"reboots_seen":0,"table_full":0,"events_dropped":0}}
1791637176.428 {"t":"ns","node":33120,"hash":13581963,"owner":33120,"kind":"sampled","unit":100,"class":4,"bound_ms":5000,"quality":"GOOD","age_ms":341,"ts":137672,"updates":13,"value":2}
1791637176.428 {"t":"ns","node":33120,"hash":3142365229,"owner":33120,"kind":"sampled","unit":101,"class":4,"bound_ms":30000,"quality":"GOOD","age_ms":356,"ts":137671,"updates":13,"value":147456}
1791637176.428 {"t":"ns","node":33120,"hash":1245650351,"owner":25344,"kind":"sampled","unit":0,"class":3,"bound_ms":500,"quality":"NO_DATA","age_ms":0,"ts":0,"updates":0,"value":null}
1791637176.428 {"t":"ns","node":33120,"hash":2033492666,"owner":33120,"kind":"sampled","unit":0,"class":3,"bound_ms":0,"quality":"NO_DATA","age_ms":0,"ts":0,"updates":0,"value":null}
1791637176.428 {"t":"ns","node":33120,"hash":2347817554,"owner":33120,"kind":"sampled","unit":100,"class":4,"bound_ms":0,"quality":"GOOD","age_ms":409,"ts":137671,"updates":13,"value":293}
1791637176.428 {"t":"ns","node":33120,"hash":1170356950,"owner":33120,"kind":"sampled","unit":80,"class":4,"bound_ms":30000,"quality":"GOOD","age_ms":423,"ts":137671,"updates":13,"value":137}
1791637176.428 {"t":"ns","node":33120,"hash":3085599597,"owner":33120,"kind":"sampled","unit":0,"class":4,"bound_ms":5000,"quality":"GOOD","age_ms":436,"ts":137672,"updates":13,"value":-20}
1791637176.428 {"t":"ns","node":33120,"hash":2486014333,"owner":33120,"kind":"sampled","unit":101,"class":4,"bound_ms":30000,"quality":"GOOD","age_ms":452,"ts":137671,"updates":13,"value":221771}
1791637186.573 {"t":"clk","node":33120,"up_ms":148138}
1791637186.573 {"t":"led","node":33120,"shows":"green","app":0}
1791637186.573 {"t":"event","at_ms":138477,"node":33120,"kind":"peer_admitted","peer":29544,"slot":0,"a":0,"b":0}
1791637186.573 {"t":"event","at_ms":138646,"node":33120,"kind":"peer_admitted","peer":25344,"slot":1,"a":0,"b":0}
1791637186.573 {"t":"event","at_ms":140475,"node":33120,"kind":"peer_admitted","peer":29544,"slot":0,"a":0,"b":0}
1791637186.573 {"t":"event","at_ms":140647,"node":33120,"kind":"peer_admitted","peer":25344,"slot":1,"a":0,"b":0}
1791637186.573 {"t":"event","at_ms":142475,"node":33120,"kind":"peer_admitted","peer":29544,"slot":0,"a":0,"b":0}
1791637186.573 {"t":"event","at_ms":142646,"node":33120,"kind":"peer_admitted","peer":25344,"slot":1,"a":0,"b":0}
1791637186.573 {"t":"event","at_ms":144474,"node":33120,"kind":"peer_admitted","peer":29544,"slot":0,"a":0,"b":0}
1791637186.573 {"t":"event","at_ms":144646,"node":33120,"kind":"peer_admitted","peer":25344,"slot":1,"a":0,"b":0}
1791637186.573 {"t":"event","at_ms":146475,"node":33120,"kind":"peer_admitted","peer":29544,"slot":0,"a":0,"b":0}
1791637186.573 {"t":"event","at_ms":146646,"node":33120,"kind":"peer_admitted","peer":25344,"slot":1,"a":0,"b":0}
1791637186.573 {"t":"link","up_ms":148222,"node":33120,"peer":29544,"mac":"b8:1f:3f:da:73:68","state":"alive","epoch":171,"espnow_ver":2,"mtu":1446,"misses":0,"rssi":-10,"tx":{"frames":514,"cb_ok":514,"cb_fail":0,"enqueue_err":0,"pdr_ppm":1000000},"rx":{"frames":2053,"lost_seqgap":0,"reorder_dup":0,"dropped_bad":0,"hb_lost":1,"bcast_frames":1463,"pdr_ppm":1000000},"rtt":{"samples":73,"min_us":5518,"max_us":12062,"timeouts":0,"txq_last_us":4527,"txq_max_us":4527,"remote_turnaround_us":826,"remote_turnaround_max_us":1231,"p50_us":[4000,6000],"p99_us":[11000,16000],"hist":[0,0,0,0,60,10,2,1,0,0,0,0,0,0,0,0]}}
1791637186.573 {"t":"link","up_ms":148276,"node":33120,"peer":25344,"mac":"b8:1f:3f:da:63:00","state":"alive","epoch":244,"espnow_ver":2,"mtu":1446,"misses":0,"rssi":-19,"tx":{"frames":495,"cb_ok":495,"cb_fail":0,"enqueue_err":0,"pdr_ppm":1000000},"rx":{"frames":1941,"lost_seqgap":1,"reorder_dup":0,"dropped_bad":0,"hb_lost":83,"bcast_frames":1380,"pdr_ppm":999485},"rtt":{"samples":73,"min_us":5820,"max_us":17366,"timeouts":0,"txq_last_us":3977,"txq_max_us":3977,"remote_turnaround_us":878,"remote_turnaround_max_us":1095,"p50_us":[6000,8000],"p99_us":[16000,22000],"hist":[0,0,0,0,33,38,0,1,1,0,0,0,0,0,0,0]}}
1791637186.573 {"t":"auth","node":33120,"up_ms":148330,"enrolled":1,"required":1,"verified_peers":2,"verified":2,"cache_hits":146,"refused":0,"rate_limited":0,"stale_epoch":0,"verify_us_max":84403,"link_stack_free_b":1528,"crypto_stack_free_b":1268,"tags_ok":1003,"bad_tag":0,"replayed":0,"untagged":0,"bcast_dropped":0,"beacon_epoch_ignored":0,"tag_us_max":1174}
1791637186.573 {"t":"act","node":33120,"setpoint":0,"has_value":0,"writes_served":0}
1791637186.573 {"t":"peers","node":33120,"own_period_ms":100,"own_busy":0,"channel":1,"scanning":0,"scans":0,"hops":0,"found":0,"lost_to_found_ms":0,"moves_followed":0,"moves_refused":0,"sweeps":0,"sweep_found":0,"sweeping":0,"search_visits":0,"relay":0,"fwd_u":0,"fwd_b":0,"fwd_h":0,"relay_dup":1452,"list":[{"id":29544,"state":"alive","via_relay":0,"period_ms":100,"misses":6,"busy":1,"rtt_n":73},{"id":25344,"state":"alive","via_relay":0,"period_ms":100,"misses":6,"busy":0,"rtt_n":73}]}
1791637186.573 {"t":"ss","node":33120,"accepted":0,"unsigned":0,"unknown_sender":0,"bad_signature":0,"replayed":0,"rate_limited":0,"verify_us_max":0,"floors":[{"src":25344,"epoch":139,"counter":1}]}
1791637186.573 {"t":"rec","node":33120,"up_ms":148425,"settled":1,"sent":589,"received":578,"malformed":0,"views":1,"replies_fenced":0,"actors":[{"key":1245650351,"running":0,"term":0,"owner":25344,"owner_term":9,"assigned":25344,"starts":0,"fenced":0,"released":0}]}
1791637186.573 {"t":"node","up_ms":148452,"node":33120,"epoch":293,"peers_alive":2,"peers_dead":0,"no_radio":0,"free_dram":221771,"largest_block":147456,"rx":{"total":6958,"bad_frame":0,"unknown_peer":12,"wrong_dst":0,"short_payload":0,"unknown_opcode":0,"queue_dropped":52},"tx":{"total":2552,"enqueue_err":0,"done_queue_dropped":0},"membership":{"deaths":0,"revivals":0,"reboots_seen":0,"table_full":0,"events_dropped":0}}
1791637186.897 {"t":"ns","node":33120,"hash":13581963,"owner":33120,"kind":"sampled","unit":100,"class":4,"bound_ms":5000,"quality":"GOOD","age_ms":341,"ts":148140,"updates":14,"value":2}
1791637186.897 {"t":"ns","node":33120,"hash":3142365229,"owner":33120,"kind":"sampled","unit":101,"class":4,"bound_ms":30000,"quality":"GOOD","age_ms":356,"ts":148139,"updates":14,"value":147456}
1791637186.897 {"t":"ns","node":33120,"hash":1245650351,"owner":25344,"kind":"sampled","unit":0,"class":3,"bound_ms":500,"quality":"NO_DATA","age_ms":0,"ts":0,"updates":0,"value":null}
1791637186.897 {"t":"ns","node":33120,"hash":2033492666,"owner":33120,"kind":"sampled","unit":0,"class":3,"bound_ms":0,"quality":"NO_DATA","age_ms":0,"ts":0,"updates":0,"value":null}
1791637186.897 {"t":"ns","node":33120,"hash":2347817554,"owner":33120,"kind":"sampled","unit":100,"class":4,"bound_ms":0,"quality":"GOOD","age_ms":410,"ts":148139,"updates":14,"value":293}
1791637186.897 {"t":"ns","node":33120,"hash":1170356950,"owner":33120,"kind":"sampled","unit":80,"class":4,"bound_ms":30000,"quality":"GOOD","age_ms":425,"ts":148139,"updates":14,"value":148}
1791637186.897 {"t":"ns","node":33120,"hash":3085599597,"owner":33120,"kind":"sampled","unit":0,"class":4,"bound_ms":5000,"quality":"GOOD","age_ms":438,"ts":148140,"updates":14,"value":-20}
1791637186.897 {"t":"ns","node":33120,"hash":2486014333,"owner":33120,"kind":"sampled","unit":101,"class":4,"bound_ms":30000,"quality":"GOOD","age_ms":453,"ts":148139,"updates":14,"value":221771}
1791637187.848 {"t":"wasm_run","run":1,"us":34010394,"same":true,"error":"none"}
1791637197.047 {"t":"clk","node":33120,"up_ms":158607}
1791637197.047 {"t":"led","node":33120,"shows":"green","app":0}
1791637197.047 {"t":"event","at_ms":148475,"node":33120,"kind":"peer_admitted","peer":29544,"slot":0,"a":0,"b":0}
1791637197.047 {"t":"event","at_ms":148646,"node":33120,"kind":"peer_admitted","peer":25344,"slot":1,"a":0,"b":0}
1791637197.047 {"t":"event","at_ms":150475,"node":33120,"kind":"peer_admitted","peer":29544,"slot":0,"a":0,"b":0}
1791637197.047 {"t":"event","at_ms":150647,"node":33120,"kind":"peer_admitted","peer":25344,"slot":1,"a":0,"b":0}
1791637197.047 {"t":"event","at_ms":152475,"node":33120,"kind":"peer_admitted","peer":29544,"slot":0,"a":0,"b":0}
1791637197.047 {"t":"event","at_ms":152647,"node":33120,"kind":"peer_admitted","peer":25344,"slot":1,"a":0,"b":0}
1791637197.047 {"t":"event","at_ms":154475,"node":33120,"kind":"peer_admitted","peer":29544,"slot":0,"a":0,"b":0}
1791637197.047 {"t":"event","at_ms":154646,"node":33120,"kind":"peer_admitted","peer":25344,"slot":1,"a":0,"b":0}
1791637197.047 {"t":"event","at_ms":156475,"node":33120,"kind":"peer_admitted","peer":29544,"slot":0,"a":0,"b":0}
1791637197.047 {"t":"event","at_ms":156646,"node":33120,"kind":"peer_admitted","peer":25344,"slot":1,"a":0,"b":0}
1791637197.047 {"t":"event","at_ms":158475,"node":33120,"kind":"peer_admitted","peer":29544,"slot":0,"a":0,"b":0}
1791637197.047 {"t":"event","at_ms":158647,"node":33120,"kind":"peer_admitted","peer":25344,"slot":1,"a":0,"b":0}
1791637197.047 {"t":"link","up_ms":158708,"node":33120,"peer":29544,"mac":"b8:1f:3f:da:73:68","state":"alive","epoch":171,"espnow_ver":2,"mtu":1446,"misses":0,"rssi":-10,"tx":{"frames":552,"cb_ok":552,"cb_fail":0,"enqueue_err":0,"pdr_ppm":1000000},"rx":{"frames":2201,"lost_seqgap":0,"reorder_dup":0,"dropped_bad":0,"hb_lost":1,"bcast_frames":1568,"pdr_ppm":1000000},"rtt":{"samples":78,"min_us":5518,"max_us":12062,"timeouts":0,"txq_last_us":4527,"txq_max_us":4527,"remote_turnaround_us":843,"remote_turnaround_max_us":1231,"p50_us":[4000,6000],"p99_us":[11000,16000],"hist":[0,0,0,0,63,12,2,1,0,0,0,0,0,0,0,0]}}
1791637197.047 {"t":"link","up_ms":158762,"node":33120,"peer":25344,"mac":"b8:1f:3f:da:63:00","state":"alive","epoch":244,"espnow_ver":2,"mtu":1446,"misses":0,"rssi":-20,"tx":{"frames":531,"cb_ok":531,"cb_fail":0,"enqueue_err":0,"pdr_ppm":1000000},"rx":{"frames":2077,"lost_seqgap":1,"reorder_dup":0,"dropped_bad":0,"hb_lost":93,"bcast_frames":1475,"pdr_ppm":999518},"rtt":{"samples":78,"min_us":5820,"max_us":17366,"timeouts":0,"txq_last_us":3977,"txq_max_us":3977,"remote_turnaround_us":885,"remote_turnaround_max_us":1095,"p50_us":[6000,8000],"p99_us":[16000,22000],"hist":[0,0,0,0,33,43,0,1,1,0,0,0,0,0,0,0]}}
1791637197.047 {"t":"auth","node":33120,"up_ms":158817,"enrolled":1,"required":1,"verified_peers":2,"verified":2,"cache_hits":158,"refused":0,"rate_limited":0,"stale_epoch":0,"verify_us_max":84403,"link_stack_free_b":1528,"crypto_stack_free_b":1268,"tags_ok":1076,"bad_tag":0,"replayed":0,"untagged":0,"bcast_dropped":0,"beacon_epoch_ignored":0,"tag_us_max":1174}
1791637197.047 {"t":"act","node":33120,"setpoint":0,"has_value":0,"writes_served":0}
1791637197.047 {"t":"peers","node":33120,"own_period_ms":100,"own_busy":0,"channel":1,"scanning":0,"scans":0,"hops":0,"found":0,"lost_to_found_ms":0,"moves_followed":0,"moves_refused":0,"sweeps":0,"sweep_found":0,"sweeping":0,"search_visits":0,"relay":0,"fwd_u":0,"fwd_b":0,"fwd_h":0,"relay_dup":1552,"list":[{"id":29544,"state":"alive","via_relay":0,"period_ms":100,"misses":6,"busy":1,"rtt_n":79},{"id":25344,"state":"alive","via_relay":0,"period_ms":100,"misses":6,"busy":0,"rtt_n":78}]}
1791637197.047 {"t":"ss","node":33120,"accepted":0,"unsigned":0,"unknown_sender":0,"bad_signature":0,"replayed":0,"rate_limited":0,"verify_us_max":0,"floors":[{"src":25344,"epoch":139,"counter":1}]}
1791637197.047 {"t":"rec","node":33120,"up_ms":158912,"settled":1,"sent":631,"received":620,"malformed":0,"views":1,"replies_fenced":0,"actors":[{"key":1245650351,"running":0,"term":0,"owner":25344,"owner_term":9,"assigned":25344,"starts":0,"fenced":0,"released":0}]}
1791637197.391 {"t":"node","up_ms":158938,"node":33120,"epoch":293,"peers_alive":2,"peers_dead":0,"no_radio":0,"free_dram":221771,"largest_block":147456,"rx":{"total":7451,"bad_frame":0,"unknown_peer":12,"wrong_dst":0,"short_payload":0,"unknown_opcode":0,"queue_dropped":52},"tx":{"total":2736,"enqueue_err":0,"done_queue_dropped":0},"membership":{"deaths":0,"revivals":0,"reboots_seen":0,"table_full":0,"events_dropped":0}}
1791637197.391 {"t":"ns","node":33120,"hash":13581963,"owner":33120,"kind":"sampled","unit":100,"class":4,"bound_ms":5000,"quality":"GOOD","age_ms":357,"ts":158610,"updates":15,"value":2}
1791637197.391 {"t":"ns","node":33120,"hash":3142365229,"owner":33120,"kind":"sampled","unit":101,"class":4,"bound_ms":30000,"quality":"GOOD","age_ms":371,"ts":158610,"updates":15,"value":147456}
1791637197.391 {"t":"ns","node":33120,"hash":1245650351,"owner":25344,"kind":"sampled","unit":0,"class":3,"bound_ms":500,"quality":"NO_DATA","age_ms":0,"ts":0,"updates":0,"value":null}
1791637197.391 {"t":"ns","node":33120,"hash":2033492666,"owner":33120,"kind":"sampled","unit":0,"class":3,"bound_ms":0,"quality":"NO_DATA","age_ms":0,"ts":0,"updates":0,"value":null}
1791637197.391 {"t":"ns","node":33120,"hash":2347817554,"owner":33120,"kind":"sampled","unit":100,"class":4,"bound_ms":0,"quality":"GOOD","age_ms":425,"ts":158610,"updates":15,"value":293}
1791637197.391 {"t":"ns","node":33120,"hash":1170356950,"owner":33120,"kind":"sampled","unit":80,"class":4,"bound_ms":30000,"quality":"GOOD","age_ms":439,"ts":158610,"updates":15,"value":158}
1791637197.391 {"t":"ns","node":33120,"hash":3085599597,"owner":33120,"kind":"sampled","unit":0,"class":4,"bound_ms":5000,"quality":"GOOD","age_ms":454,"ts":158610,"updates":15,"value":-20}
1791637197.391 {"t":"ns","node":33120,"hash":2486014333,"owner":33120,"kind":"sampled","unit":101,"class":4,"bound_ms":30000,"quality":"GOOD","age_ms":468,"ts":158610,"updates":15,"value":221551}
1791637207.531 {"t":"clk","node":33120,"up_ms":169093}
1791637207.531 {"t":"led","node":33120,"shows":"yellow","app":0}
1791637207.531 {"t":"event","at_ms":160475,"node":33120,"kind":"peer_admitted","peer":29544,"slot":0,"a":0,"b":0}
1791637207.531 {"t":"event","at_ms":160647,"node":33120,"kind":"peer_admitted","peer":25344,"slot":1,"a":0,"b":0}
1791637207.531 {"t":"event","at_ms":162475,"node":33120,"kind":"peer_admitted","peer":29544,"slot":0,"a":0,"b":0}
1791637207.531 {"t":"event","at_ms":162646,"node":33120,"kind":"peer_admitted","peer":25344,"slot":1,"a":0,"b":0}
1791637207.531 {"t":"event","at_ms":164475,"node":33120,"kind":"peer_admitted","peer":29544,"slot":0,"a":0,"b":0}
1791637207.531 {"t":"event","at_ms":164646,"node":33120,"kind":"peer_admitted","peer":25344,"slot":1,"a":0,"b":0}
1791637207.531 {"t":"event","at_ms":166475,"node":33120,"kind":"peer_admitted","peer":29544,"slot":0,"a":0,"b":0}
1791637207.531 {"t":"event","at_ms":166647,"node":33120,"kind":"peer_admitted","peer":25344,"slot":1,"a":0,"b":0}
1791637207.531 {"t":"event","at_ms":168475,"node":33120,"kind":"peer_admitted","peer":29544,"slot":0,"a":0,"b":0}
1791637207.531 {"t":"event","at_ms":168647,"node":33120,"kind":"peer_admitted","peer":25344,"slot":1,"a":0,"b":0}
1791637207.531 {"t":"link","up_ms":169179,"node":33120,"peer":29544,"mac":"b8:1f:3f:da:73:68","state":"alive","epoch":171,"espnow_ver":2,"mtu":1446,"misses":0,"rssi":-10,"tx":{"frames":589,"cb_ok":589,"cb_fail":0,"enqueue_err":0,"pdr_ppm":1000000},"rx":{"frames":2348,"lost_seqgap":0,"reorder_dup":0,"dropped_bad":0,"hb_lost":1,"bcast_frames":1673,"pdr_ppm":1000000},"rtt":{"samples":84,"min_us":5518,"max_us":12062,"timeouts":0,"txq_last_us":4527,"txq_max_us":4527,"remote_turnaround_us":830,"remote_turnaround_max_us":1231,"p50_us":[4000,6000],"p99_us":[11000,16000],"hist":[0,0,0,0,68,13,2,1,0,0,0,0,0,0,0,0]}}
1791637207.531 {"t":"link","up_ms":169232,"node":33120,"peer":25344,"mac":"b8:1f:3f:da:63:00","state":"alive","epoch":244,"espnow_ver":2,"mtu":1446,"misses":0,"rssi":-20,"tx":{"frames":565,"cb_ok":565,"cb_fail":0,"enqueue_err":0,"pdr_ppm":1000000},"rx":{"frames":2211,"lost_seqgap":1,"reorder_dup":0,"dropped_bad":0,"hb_lost":102,"bcast_frames":1570,"pdr_ppm":999547},"rtt":{"samples":83,"min_us":5820,"max_us":17366,"timeouts":0,"txq_last_us":3977,"txq_max_us":3977,"remote_turnaround_us":875,"remote_turnaround_max_us":1095,"p50_us":[6000,8000],"p99_us":[16000,22000],"hist":[0,0,0,0,33,48,0,1,1,0,0,0,0,0,0,0]}}
1791637207.531 {"t":"auth","node":33120,"up_ms":169287,"enrolled":1,"required":1,"verified_peers":2,"verified":2,"cache_hits":168,"refused":0,"rate_limited":0,"stale_epoch":0,"verify_us_max":84403,"link_stack_free_b":1528,"crypto_stack_free_b":1268,"tags_ok":1146,"bad_tag":0,"replayed":0,"untagged":0,"bcast_dropped":0,"beacon_epoch_ignored":0,"tag_us_max":1174}
1791637207.531 {"t":"act","node":33120,"setpoint":0,"has_value":0,"writes_served":0}
1791637207.531 {"t":"peers","node":33120,"own_period_ms":100,"own_busy":0,"channel":1,"scanning":0,"scans":0,"hops":0,"found":0,"lost_to_found_ms":0,"moves_followed":0,"moves_refused":0,"sweeps":0,"sweep_found":0,"sweeping":0,"search_visits":0,"relay":0,"fwd_u":0,"fwd_b":0,"fwd_h":0,"relay_dup":1653,"list":[{"id":29544,"state":"alive","via_relay":0,"period_ms":100,"misses":6,"busy":1,"rtt_n":84},{"id":25344,"state":"alive","via_relay":0,"period_ms":100,"misses":6,"busy":0,"rtt_n":83}]}
1791637207.531 {"t":"ss","node":33120,"accepted":0,"unsigned":0,"unknown_sender":0,"bad_signature":0,"replayed":0,"rate_limited":0,"verify_us_max":0,"floors":[{"src":25344,"epoch":139,"counter":1}]}
1791637207.531 {"t":"rec","node":33120,"up_ms":169382,"settled":1,"sent":673,"received":662,"malformed":0,"views":1,"replies_fenced":0,"actors":[{"key":1245650351,"running":0,"term":0,"owner":25344,"owner_term":9,"assigned":25344,"starts":0,"fenced":0,"released":0}]}
1791637207.531 {"t":"node","up_ms":169408,"node":33120,"epoch":293,"peers_alive":2,"peers_dead":0,"no_radio":0,"free_dram":221771,"largest_block":147456,"rx":{"total":7937,"bad_frame":0,"unknown_peer":12,"wrong_dst":0,"short_payload":0,"unknown_opcode":0,"queue_dropped":52},"tx":{"total":2916,"enqueue_err":0,"done_queue_dropped":0},"membership":{"deaths":0,"revivals":0,"reboots_seen":0,"table_full":0,"events_dropped":0}}
1791637207.853 {"t":"ns","node":33120,"hash":13581963,"owner":33120,"kind":"sampled","unit":100,"class":4,"bound_ms":5000,"quality":"GOOD","age_ms":341,"ts":169095,"updates":16,"value":2}
1791637207.853 {"t":"ns","node":33120,"hash":3142365229,"owner":33120,"kind":"sampled","unit":101,"class":4,"bound_ms":30000,"quality":"GOOD","age_ms":357,"ts":169094,"updates":16,"value":147456}
1791637207.853 {"t":"ns","node":33120,"hash":1245650351,"owner":25344,"kind":"sampled","unit":0,"class":3,"bound_ms":500,"quality":"NO_DATA","age_ms":0,"ts":0,"updates":0,"value":null}
1791637207.853 {"t":"ns","node":33120,"hash":2033492666,"owner":33120,"kind":"sampled","unit":0,"class":3,"bound_ms":0,"quality":"NO_DATA","age_ms":0,"ts":0,"updates":0,"value":null}
1791637207.853 {"t":"ns","node":33120,"hash":2347817554,"owner":33120,"kind":"sampled","unit":100,"class":4,"bound_ms":0,"quality":"GOOD","age_ms":410,"ts":169094,"updates":16,"value":293}
1791637207.853 {"t":"ns","node":33120,"hash":1170356950,"owner":33120,"kind":"sampled","unit":80,"class":4,"bound_ms":30000,"quality":"GOOD","age_ms":424,"ts":169094,"updates":16,"value":169}
1791637207.853 {"t":"ns","node":33120,"hash":3085599597,"owner":33120,"kind":"sampled","unit":0,"class":4,"bound_ms":5000,"quality":"GOOD","age_ms":437,"ts":169095,"updates":16,"value":-20}
1791637207.853 {"t":"ns","node":33120,"hash":2486014333,"owner":33120,"kind":"sampled","unit":101,"class":4,"bound_ms":30000,"quality":"GOOD","age_ms":452,"ts":169094,"updates":16,"value":221771}
1791637217.995 {"t":"clk","node":33120,"up_ms":179561}
1791637217.995 {"t":"led","node":33120,"shows":"yellow","app":0}
1791637217.995 {"t":"event","at_ms":170475,"node":33120,"kind":"peer_admitted","peer":29544,"slot":0,"a":0,"b":0}
1791637217.995 {"t":"event","at_ms":170647,"node":33120,"kind":"peer_admitted","peer":25344,"slot":1,"a":0,"b":0}
1791637217.995 {"t":"event","at_ms":172475,"node":33120,"kind":"peer_admitted","peer":29544,"slot":0,"a":0,"b":0}
1791637217.995 {"t":"event","at_ms":172647,"node":33120,"kind":"peer_admitted","peer":25344,"slot":1,"a":0,"b":0}
1791637217.995 {"t":"event","at_ms":174475,"node":33120,"kind":"peer_admitted","peer":29544,"slot":0,"a":0,"b":0}
1791637217.995 {"t":"event","at_ms":174647,"node":33120,"kind":"peer_admitted","peer":25344,"slot":1,"a":0,"b":0}
1791637217.995 {"t":"event","at_ms":176475,"node":33120,"kind":"peer_admitted","peer":29544,"slot":0,"a":0,"b":0}
1791637217.995 {"t":"event","at_ms":176647,"node":33120,"kind":"peer_admitted","peer":25344,"slot":1,"a":0,"b":0}
1791637217.995 {"t":"event","at_ms":178475,"node":33120,"kind":"peer_admitted","peer":29544,"slot":0,"a":0,"b":0}
1791637217.995 {"t":"event","at_ms":178647,"node":33120,"kind":"peer_admitted","peer":25344,"slot":1,"a":0,"b":0}
1791637217.995 {"t":"link","up_ms":179647,"node":33120,"peer":29544,"mac":"b8:1f:3f:da:73:68","state":"alive","epoch":171,"espnow_ver":2,"mtu":1446,"misses":0,"rssi":-10,"tx":{"frames":625,"cb_ok":625,"cb_fail":0,"enqueue_err":0,"pdr_ppm":1000000},"rx":{"frames":2494,"lost_seqgap":0,"reorder_dup":0,"dropped_bad":0,"hb_lost":1,"bcast_frames":1778,"pdr_ppm":1000000},"rtt":{"samples":89,"min_us":5518,"max_us":15437,"timeouts":0,"txq_last_us":4527,"txq_max_us":4527,"remote_turnaround_us":821,"remote_turnaround_max_us":1231,"p50_us":[4000,6000],"p99_us":[11000,16000],"hist":[0,0,0,0,72,13,2,2,0,0,0,0,0,0,0,0]}}
1791637217.995 {"t":"link","up_ms":179701,"node":33120,"peer":25344,"mac":"b8:1f:3f:da:63:00","state":"alive","epoch":244,"espnow_ver":2,"mtu":1446,"misses":0,"rssi":-20,"tx":{"frames":600,"cb_ok":600,"cb_fail":0,"enqueue_err":0,"pdr_ppm":1000000},"rx":{"frames":2345,"lost_seqgap":1,"reorder_dup":0,"dropped_bad":0,"hb_lost":113,"bcast_frames":1664,"pdr_ppm":999573},"rtt":{"samples":88,"min_us":5820,"max_us":17366,"timeouts":0,"txq_last_us":3977,"txq_max_us":3977,"remote_turnaround_us":889,"remote_turnaround_max_us":1095,"p50_us":[6000,8000],"p99_us":[16000,22000],"hist":[0,0,0,0,34,50,2,1,1,0,0,0,0,0,0,0]}}
1791637217.995 {"t":"auth","node":33120,"up_ms":179755,"enrolled":1,"required":1,"verified_peers":2,"verified":2,"cache_hits":178,"refused":0,"rate_limited":0,"stale_epoch":0,"verify_us_max":84403,"link_stack_free_b":1528,"crypto_stack_free_b":1268,"tags_ok":1217,"bad_tag":0,"replayed":0,"untagged":0,"bcast_dropped":0,"beacon_epoch_ignored":0,"tag_us_max":1174}
1791637217.995 {"t":"act","node":33120,"setpoint":0,"has_value":0,"writes_served":0}
1791637217.995 {"t":"peers","node":33120,"own_period_ms":100,"own_busy":0,"channel":1,"scanning":0,"scans":0,"hops":0,"found":0,"lost_to_found_ms":0,"moves_followed":0,"moves_refused":0,"sweeps":0,"sweep_found":0,"sweeping":0,"search_visits":0,"relay":0,"fwd_u":0,"fwd_b":0,"fwd_h":0,"relay_dup":1752,"list":[{"id":29544,"state":"alive","via_relay":0,"period_ms":100,"misses":6,"busy":1,"rtt_n":89},{"id":25344,"state":"alive","via_relay":0,"period_ms":100,"misses":6,"busy":0,"rtt_n":89}]}
1791637217.995 {"t":"ss","node":33120,"accepted":0,"unsigned":0,"unknown_sender":0,"bad_signature":0,"replayed":0,"rate_limited":0,"verify_us_max":0,"floors":[{"src":25344,"epoch":139,"counter":1}]}
1791637217.995 {"t":"rec","node":33120,"up_ms":179851,"settled":1,"sent":714,"received":704,"malformed":0,"views":1,"replies_fenced":0,"actors":[{"key":1245650351,"running":0,"term":0,"owner":25344,"owner_term":9,"assigned":25344,"starts":0,"fenced":0,"released":0}]}
1791637217.995 {"t":"node","up_ms":179866,"node":33120,"epoch":293,"peers_alive":2,"peers_dead":0,"no_radio":0,"free_dram":221771,"largest_block":147456,"rx":{"total":8423,"bad_frame":0,"unknown_peer":12,"wrong_dst":0,"short_payload":0,"unknown_opcode":0,"queue_dropped":52},"tx":{"total":3099,"enqueue_err":0,"done_queue_dropped":0},"membership":{"deaths":0,"revivals":0,"reboots_seen":0,"table_full":0,"events_dropped":0}}
1791637218.313 {"t":"ns","node":33120,"hash":13581963,"owner":33120,"kind":"sampled","unit":100,"class":4,"bound_ms":5000,"quality":"GOOD","age_ms":342,"ts":179564,"updates":17,"value":2}
1791637218.313 {"t":"ns","node":33120,"hash":3142365229,"owner":33120,"kind":"sampled","unit":101,"class":4,"bound_ms":30000,"quality":"GOOD","age_ms":356,"ts":179564,"updates":17,"value":147456}
1791637218.313 {"t":"ns","node":33120,"hash":1245650351,"owner":25344,"kind":"sampled","unit":0,"class":3,"bound_ms":500,"quality":"NO_DATA","age_ms":0,"ts":0,"updates":0,"value":null}
1791637218.313 {"t":"ns","node":33120,"hash":2033492666,"owner":33120,"kind":"sampled","unit":0,"class":3,"bound_ms":0,"quality":"NO_DATA","age_ms":0,"ts":0,"updates":0,"value":null}
1791637218.313 {"t":"ns","node":33120,"hash":2347817554,"owner":33120,"kind":"sampled","unit":100,"class":4,"bound_ms":0,"quality":"GOOD","age_ms":399,"ts":179564,"updates":17,"value":293}
1791637218.313 {"t":"ns","node":33120,"hash":1170356950,"owner":33120,"kind":"sampled","unit":80,"class":4,"bound_ms":30000,"quality":"GOOD","age_ms":413,"ts":179564,"updates":17,"value":179}
1791637218.313 {"t":"ns","node":33120,"hash":3085599597,"owner":33120,"kind":"sampled","unit":0,"class":4,"bound_ms":5000,"quality":"GOOD","age_ms":438,"ts":179564,"updates":17,"value":-20}
1791637218.313 {"t":"ns","node":33120,"hash":2486014333,"owner":33120,"kind":"sampled","unit":101,"class":4,"bound_ms":30000,"quality":"GOOD","age_ms":452,"ts":179564,"updates":17,"value":221771}
1791637221.721 {"t":"wasm_run","run":2,"us":33879410,"same":true,"error":"none"}
1791637228.468 {"t":"clk","node":33120,"up_ms":190031}
1791637228.468 {"t":"led","node":33120,"shows":"yellow","app":0}
1791637228.468 {"t":"event","at_ms":180475,"node":33120,"kind":"peer_admitted","peer":29544,"slot":0,"a":0,"b":0}
1791637228.468 {"t":"event","at_ms":180662,"node":33120,"kind":"peer_admitted","peer":25344,"slot":1,"a":0,"b":0}
1791637228.468 {"t":"event","at_ms":182475,"node":33120,"kind":"peer_admitted","peer":29544,"slot":0,"a":0,"b":0}
1791637228.468 {"t":"event","at_ms":182646,"node":33120,"kind":"peer_admitted","peer":25344,"slot":1,"a":0,"b":0}
1791637228.468 {"t":"event","at_ms":184475,"node":33120,"kind":"peer_admitted","peer":29544,"slot":0,"a":0,"b":0}
1791637228.468 {"t":"event","at_ms":184647,"node":33120,"kind":"peer_admitted","peer":25344,"slot":1,"a":0,"b":0}
1791637228.468 {"t":"event","at_ms":186475,"node":33120,"kind":"peer_admitted","peer":29544,"slot":0,"a":0,"b":0}
1791637228.468 {"t":"event","at_ms":186646,"node":33120,"kind":"peer_admitted","peer":25344,"slot":1,"a":0,"b":0}
1791637228.468 {"t":"event","at_ms":188475,"node":33120,"kind":"peer_admitted","peer":29544,"slot":0,"a":0,"b":0}
1791637228.468 {"t":"event","at_ms":188647,"node":33120,"kind":"peer_admitted","peer":25344,"slot":1,"a":0,"b":0}
1791637228.468 {"t":"link","up_ms":190116,"node":33120,"peer":29544,"mac":"b8:1f:3f:da:73:68","state":"alive","epoch":171,"espnow_ver":2,"mtu":1446,"misses":0,"rssi":-10,"tx":{"frames":661,"cb_ok":660,"cb_fail":0,"enqueue_err":0,"pdr_ppm":1000000},"rx":{"frames":2640,"lost_seqgap":0,"reorder_dup":0,"dropped_bad":0,"hb_lost":1,"bcast_frames":1882,"pdr_ppm":1000000},"rtt":{"samples":94,"min_us":5518,"max_us":15437,"timeouts":0,"txq_last_us":4527,"txq_max_us":4527,"remote_turnaround_us":879,"remote_turnaround_max_us":1231,"p50_us":[4000,6000],"p99_us":[11000,16000],"hist":[0,0,0,0,74,16,2,2,0,0,0,0,0,0,0,0]}}
1791637228.468 {"t":"link","up_ms":190170,"node":33120,"peer":25344,"mac":"b8:1f:3f:da:63:00","state":"alive","epoch":244,"espnow_ver":2,"mtu":1446,"misses":0,"rssi":-20,"tx":{"frames":635,"cb_ok":635,"cb_fail":0,"enqueue_err":0,"pdr_ppm":1000000},"rx":{"frames":2480,"lost_seqgap":1,"reorder_dup":0,"dropped_bad":0,"hb_lost":124,"bcast_frames":1758,"pdr_ppm":999596},"rtt":{"samples":94,"min_us":5820,"max_us":17366,"timeouts":0,"txq_last_us":3977,"txq_max_us":3977,"remote_turnaround_us":875,"remote_turnaround_max_us":1095,"p50_us":[6000,8000],"p99_us":[16000,22000],"hist":[0,0,0,0,34,56,2,1,1,0,0,0,0,0,0,0]}}
1791637228.468 {"t":"auth","node":33120,"up_ms":190224,"enrolled":1,"required":1,"verified_peers":2,"verified":2,"cache_hits":188,"refused":0,"rate_limited":0,"stale_epoch":0,"verify_us_max":84403,"link_stack_free_b":1528,"crypto_stack_free_b":1268,"tags_ok":1290,"bad_tag":0,"replayed":0,"untagged":0,"bcast_dropped":0,"beacon_epoch_ignored":0,"tag_us_max":1174}
1791637228.468 {"t":"act","node":33120,"setpoint":0,"has_value":0,"writes_served":0}
1791637228.468 {"t":"peers","node":33120,"own_period_ms":100,"own_busy":0,"channel":1,"scanning":0,"scans":0,"hops":0,"found":0,"lost_to_found_ms":0,"moves_followed":0,"moves_refused":0,"sweeps":0,"sweep_found":0,"sweeping":0,"search_visits":0,"relay":0,"fwd_u":0,"fwd_b":0,"fwd_h":0,"relay_dup":1851,"list":[{"id":29544,"state":"alive","via_relay":0,"period_ms":100,"misses":6,"busy":1,"rtt_n":94},{"id":25344,"state":"alive","via_relay":0,"period_ms":100,"misses":6,"busy":0,"rtt_n":94}]}
1791637228.468 {"t":"ss","node":33120,"accepted":0,"unsigned":0,"unknown_sender":0,"bad_signature":0,"replayed":0,"rate_limited":0,"verify_us_max":0,"floors":[{"src":25344,"epoch":139,"counter":1}]}
1791637228.468 {"t":"rec","node":33120,"up_ms":190319,"settled":1,"sent":756,"received":746,"malformed":0,"views":1,"replies_fenced":0,"actors":[{"key":1245650351,"running":0,"term":0,"owner":25344,"owner_term":9,"assigned":25344,"starts":0,"fenced":0,"released":0}]}
1791637228.468 {"t":"node","up_ms":190345,"node":33120,"epoch":293,"peers_alive":2,"peers_dead":0,"no_radio":0,"free_dram":221771,"largest_block":147456,"rx":{"total":8910,"bad_frame":0,"unknown_peer":12,"wrong_dst":0,"short_payload":0,"unknown_opcode":0,"queue_dropped":52},"tx":{"total":3277,"enqueue_err":0,"done_queue_dropped":0},"membership":{"deaths":0,"revivals":0,"reboots_seen":0,"table_full":0,"events_dropped":0}}
1791637228.785 {"t":"ns","node":33120,"hash":13581963,"owner":33120,"kind":"sampled","unit":100,"class":4,"bound_ms":5000,"quality":"GOOD","age_ms":342,"ts":190033,"updates":18,"value":2}
1791637228.785 {"t":"ns","node":33120,"hash":3142365229,"owner":33120,"kind":"sampled","unit":101,"class":4,"bound_ms":30000,"quality":"GOOD","age_ms":357,"ts":190032,"updates":18,"value":147456}
1791637228.785 {"t":"ns","node":33120,"hash":1245650351,"owner":25344,"kind":"sampled","unit":0,"class":3,"bound_ms":500,"quality":"NO_DATA","age_ms":0,"ts":0,"updates":0,"value":null}
1791637228.785 {"t":"ns","node":33120,"hash":2033492666,"owner":33120,"kind":"sampled","unit":0,"class":3,"bound_ms":0,"quality":"NO_DATA","age_ms":0,"ts":0,"updates":0,"value":null}
1791637228.785 {"t":"ns","node":33120,"hash":2347817554,"owner":33120,"kind":"sampled","unit":100,"class":4,"bound_ms":0,"quality":"GOOD","age_ms":410,"ts":190032,"updates":18,"value":293}
1791637228.785 {"t":"ns","node":33120,"hash":1170356950,"owner":33120,"kind":"sampled","unit":80,"class":4,"bound_ms":30000,"quality":"GOOD","age_ms":424,"ts":190032,"updates":18,"value":190}
1791637228.785 {"t":"ns","node":33120,"hash":3085599597,"owner":33120,"kind":"sampled","unit":0,"class":4,"bound_ms":5000,"quality":"GOOD","age_ms":437,"ts":190033,"updates":18,"value":-19}
1791637228.785 {"t":"ns","node":33120,"hash":2486014333,"owner":33120,"kind":"sampled","unit":101,"class":4,"bound_ms":30000,"quality":"GOOD","age_ms":453,"ts":190032,"updates":18,"value":221771}
1791637238.933 {"t":"clk","node":33120,"up_ms":200499}
1791637238.933 {"t":"led","node":33120,"shows":"green","app":0}
1791637238.933 {"t":"event","at_ms":190475,"node":33120,"kind":"peer_admitted","peer":29544,"slot":0,"a":0,"b":0}
1791637238.933 {"t":"event","at_ms":190647,"node":33120,"kind":"peer_admitted","peer":25344,"slot":1,"a":0,"b":0}
1791637238.933 {"t":"event","at_ms":192475,"node":33120,"kind":"peer_admitted","peer":29544,"slot":0,"a":0,"b":0}
1791637238.933 {"t":"event","at_ms":192648,"node":33120,"kind":"peer_admitted","peer":25344,"slot":1,"a":0,"b":0}
1791637238.933 {"t":"event","at_ms":194475,"node":33120,"kind":"peer_admitted","peer":29544,"slot":0,"a":0,"b":0}
1791637238.933 {"t":"event","at_ms":194647,"node":33120,"kind":"peer_admitted","peer":25344,"slot":1,"a":0,"b":0}
1791637238.933 {"t":"event","at_ms":196475,"node":33120,"kind":"peer_admitted","peer":29544,"slot":0,"a":0,"b":0}
1791637238.933 {"t":"event","at_ms":196647,"node":33120,"kind":"peer_admitted","peer":25344,"slot":1,"a":0,"b":0}
1791637238.933 {"t":"event","at_ms":198480,"node":33120,"kind":"peer_admitted","peer":29544,"slot":0,"a":0,"b":0}
1791637238.933 {"t":"event","at_ms":198647,"node":33120,"kind":"peer_admitted","peer":25344,"slot":1,"a":0,"b":0}
1791637238.933 {"t":"event","at_ms":200475,"node":33120,"kind":"peer_admitted","peer":29544,"slot":0,"a":0,"b":0}
1791637238.933 {"t":"link","up_ms":200596,"node":33120,"peer":29544,"mac":"b8:1f:3f:da:73:68","state":"alive","epoch":171,"espnow_ver":2,"mtu":1446,"misses":0,"rssi":-10,"tx":{"frames":698,"cb_ok":698,"cb_fail":0,"enqueue_err":0,"pdr_ppm":1000000},"rx":{"frames":2788,"lost_seqgap":0,"reorder_dup":0,"dropped_bad":0,"hb_lost":1,"bcast_frames":1987,"pdr_ppm":1000000},"rtt":{"samples":99,"min_us":5518,"max_us":15437,"timeouts":0,"txq_last_us":4527,"txq_max_us":4527,"remote_turnaround_us":830,"remote_turnaround_max_us":1231,"p50_us":[4000,6000],"p99_us":[11000,16000],"hist":[0,0,0,0,78,17,2,2,0,0,0,0,0,0,0,0]}}
1791637238.933 {"t":"link","up_ms":200650,"node":33120,"peer":25344,"mac":"b8:1f:3f:da:63:00","state":"alive","epoch":244,"espnow_ver":2,"mtu":1446,"misses":0,"rssi":-20,"tx":{"frames":671,"cb_ok":670,"cb_fail":0,"enqueue_err":0,"pdr_ppm":1000000},"rx":{"frames":2619,"lost_seqgap":1,"reorder_dup":0,"dropped_bad":0,"hb_lost":130,"bcast_frames":1856,"pdr_ppm":999618},"rtt":{"samples":99,"min_us":5820,"max_us":17366,"timeouts":0,"txq_last_us":3977,"txq_max_us":3977,"remote_turnaround_us":888,"remote_turnaround_max_us":1095,"p50_us":[6000,8000],"p99_us":[16000,22000],"hist":[0,0,0,0,34,61,2,1,1,0,0,0,0,0,0,0]}}
1791637238.933 {"t":"auth","node":33120,"up_ms":200705,"enrolled":1,"required":1,"verified_peers":2,"verified":2,"cache_hits":200,"refused":0,"rate_limited":0,"stale_epoch":0,"verify_us_max":84403,"link_stack_free_b":1528,"crypto_stack_free_b":1268,"tags_ok":1362,"bad_tag":0,"replayed":0,"untagged":0,"bcast_dropped":0,"beacon_epoch_ignored":0,"tag_us_max":1174}
1791637238.933 {"t":"act","node":33120,"setpoint":0,"has_value":0,"writes_served":0}
1791637238.933 {"t":"peers","node":33120,"own_period_ms":100,"own_busy":0,"channel":1,"scanning":0,"scans":0,"hops":0,"found":0,"lost_to_found_ms":0,"moves_followed":0,"moves_refused":0,"sweeps":0,"sweep_found":0,"sweeping":0,"search_visits":0,"relay":0,"fwd_u":0,"fwd_b":0,"fwd_h":0,"relay_dup":1955,"list":[{"id":29544,"state":"alive","via_relay":0,"period_ms":100,"misses":6,"busy":1,"rtt_n":99},{"id":25344,"state":"alive","via_relay":0,"period_ms":100,"misses":6,"busy":0,"rtt_n":99}]}
1791637238.933 {"t":"ss","node":33120,"accepted":0,"unsigned":0,"unknown_sender":0,"bad_signature":0,"replayed":0,"rate_limited":0,"verify_us_max":0,"floors":[{"src":25344,"epoch":139,"counter":1}]}
1791637238.933 {"t":"rec","node":33120,"up_ms":200800,"settled":1,"sent":798,"received":788,"malformed":0,"views":1,"replies_fenced":0,"actors":[{"key":1245650351,"running":0,"term":0,"owner":25344,"owner_term":9,"assigned":25344,"starts":0,"fenced":0,"released":0}]}
1791637239.547 {"t":"node","up_ms":200815,"node":33120,"epoch":293,"peers_alive":2,"peers_dead":0,"no_radio":0,"free_dram":221771,"largest_block":147456,"rx":{"total":9410,"bad_frame":0,"unknown_peer":12,"wrong_dst":0,"short_payload":0,"unknown_opcode":0,"queue_dropped":52},"tx":{"total":3462,"enqueue_err":0,"done_queue_dropped":0},"membership":{"deaths":0,"revivals":0,"reboots_seen":0,"table_full":0,"events_dropped":0}}
1791637239.547 {"t":"ns","node":33120,"hash":13581963,"owner":33120,"kind":"sampled","unit":100,"class":4,"bound_ms":5000,"quality":"GOOD","age_ms":354,"ts":200501,"updates":19,"value":2}
1791637239.547 {"t":"ns","node":33120,"hash":3142365229,"owner":33120,"kind":"sampled","unit":101,"class":4,"bound_ms":30000,"quality":"GOOD","age_ms":370,"ts":200500,"updates":19,"value":147456}
1791637239.547 {"t":"ns","node":33120,"hash":1245650351,"owner":25344,"kind":"sampled","unit":0,"class":3,"bound_ms":500,"quality":"NO_DATA","age_ms":0,"ts":0,"updates":0,"value":null}
1791637239.547 {"t":"ns","node":33120,"hash":2033492666,"owner":33120,"kind":"sampled","unit":0,"class":3,"bound_ms":0,"quality":"NO_DATA","age_ms":0,"ts":0,"updates":0,"value":null}
1791637239.547 {"t":"ns","node":33120,"hash":2347817554,"owner":33120,"kind":"sampled","unit":100,"class":4,"bound_ms":0,"quality":"GOOD","age_ms":412,"ts":200500,"updates":19,"value":293}
1791637239.547 {"t":"ns","node":33120,"hash":1170356950,"owner":33120,"kind":"sampled","unit":80,"class":4,"bound_ms":30000,"quality":"GOOD","age_ms":425,"ts":200500,"updates":19,"value":200}
1791637239.547 {"t":"ns","node":33120,"hash":3085599597,"owner":33120,"kind":"sampled","unit":0,"class":4,"bound_ms":5000,"quality":"GOOD","age_ms":439,"ts":200501,"updates":19,"value":-20}
1791637239.547 {"t":"ns","node":33120,"hash":2486014333,"owner":33120,"kind":"sampled","unit":101,"class":4,"bound_ms":30000,"quality":"GOOD","age_ms":454,"ts":200500,"updates":19,"value":221771}
1791637249.412 {"t":"clk","node":33120,"up_ms":210979}
1791637249.412 {"t":"led","node":33120,"shows":"green","app":0}
1791637249.412 {"t":"event","at_ms":200647,"node":33120,"kind":"peer_admitted","peer":25344,"slot":1,"a":0,"b":0}
1791637249.412 {"t":"event","at_ms":202475,"node":33120,"kind":"peer_admitted","peer":29544,"slot":0,"a":0,"b":0}
1791637249.412 {"t":"event","at_ms":202647,"node":33120,"kind":"peer_admitted","peer":25344,"slot":1,"a":0,"b":0}
1791637249.412 {"t":"event","at_ms":204475,"node":33120,"kind":"peer_admitted","peer":29544,"slot":0,"a":0,"b":0}
1791637249.412 {"t":"event","at_ms":204647,"node":33120,"kind":"peer_admitted","peer":25344,"slot":1,"a":0,"b":0}
1791637249.412 {"t":"event","at_ms":206475,"node":33120,"kind":"peer_admitted","peer":29544,"slot":0,"a":0,"b":0}
1791637249.412 {"t":"event","at_ms":206647,"node":33120,"kind":"peer_admitted","peer":25344,"slot":1,"a":0,"b":0}
1791637249.412 {"t":"event","at_ms":208475,"node":33120,"kind":"peer_admitted","peer":29544,"slot":0,"a":0,"b":0}
1791637249.412 {"t":"event","at_ms":208647,"node":33120,"kind":"peer_admitted","peer":25344,"slot":1,"a":0,"b":0}
1791637249.412 {"t":"event","at_ms":210475,"node":33120,"kind":"peer_admitted","peer":29544,"slot":0,"a":0,"b":0}
1791637249.412 {"t":"event","at_ms":210647,"node":33120,"kind":"peer_admitted","peer":25344,"slot":1,"a":0,"b":0}
1791637249.412 {"t":"link","up_ms":211078,"node":33120,"peer":29544,"mac":"b8:1f:3f:da:73:68","state":"alive","epoch":171,"espnow_ver":2,"mtu":1446,"misses":0,"rssi":-10,"tx":{"frames":735,"cb_ok":735,"cb_fail":0,"enqueue_err":0,"pdr_ppm":1000000},"rx":{"frames":2935,"lost_seqgap":0,"reorder_dup":0,"dropped_bad":0,"hb_lost":1,"bcast_frames":2092,"pdr_ppm":1000000},"rtt":{"samples":105,"min_us":5518,"max_us":15437,"timeouts":0,"txq_last_us":4527,"txq_max_us":4527,"remote_turnaround_us":836,"remote_turnaround_max_us":1231,"p50_us":[4000,6000],"p99_us":[11000,16000],"hist":[0,0,0,0,84,17,2,2,0,0,0,0,0,0,0,0]}}
1791637249.412 {"t":"link","up_ms":211132,"node":33120,"peer":25344,"mac":"b8:1f:3f:da:63:00","state":"alive","epoch":244,"espnow_ver":2,"mtu":1446E (212335) task_wdt: Task watchdog got triggered. The following tasks/users did not reset the watchdog in time:
1791637249.412 {"t":"auth","node":33120,"up_ms":211293,"enrolled":1,"required":1,"verified_peers":2,"verified":2,"cache_hits":210,"refused":0,"rate_limited":0,"stale_epoch":0,"verify_us_max":84403,"link_stack_free_b":1528,"crypto_stack_free_b":1268,"tags_ok":1433,"bad_tag":0,"replayed":0,"untagged":0,"bcast_dropped":0,"beacon_epoch_ignored":0,"tag_us_max":1174}
1791637249.412 {"t":"act","node":33120,"setpoint":0,"has_value":0,"writes_served":0}
1791637249.858 {"t":"peers","node":33120,"own_period_ms":100,"own_busy":0,"channel":1,"scanning":0,"scans":0,"hops":0,"found":0,"lost_to_found_ms":0,"moves_followed":0,"moves_refused":0,"sweeps":0,"sweep_found":0,"sweeping":0,"search_visits":0,"relay":0,"fwd_u":0,"fwd_b":0,"fwd_h":0,"relay_dup":2060,"list":[{"id":29544,"state":"alive","via_relay":0,"period_ms":100,"misses":6,"busy":1,"rtt_n":105},{"id":25344,"state":"alive","via_relay":0,"period_ms":100,"misses":6,"busy":0,"rtt_n":104}]}
1791637249.858 {"t":"ss","node":33120,"accepted":0,"unsigned":0,"unknown_sender":0,"bad_signature":0,"replayed":0,"rate_limited":0,"verify_us_max":0,"floors":[{"src":25344,"epoch":139,"counter":1}]}
1791637249.858 {"t":"rec","node":33120,"up_ms":211379,"settled":1,"sent":841,"received":830,"malformed":0,"views":1,"replies_fenced":0,"actors":[{"key":1245650351,"running":0,"term":0,"owner":25344,"owner_term":9,"assigned":25344,"starts":0,"fenced":0,"released":0}]}
1791637249.858 {"t":"node","up_ms":211405,"node":33120,"epoch":293,"peers_alive":2,"peers_dead":0,"no_radio":0,"free_dram":221771,"largest_block":147456,"rx":{"total":9909,"bad_frame":0,"unknown_peer":12,"wrong_dst":0,"short_payload":0,"unknown_opcode":0,"queue_dropped":52},"tx":{"total":3644,"enqueue_err":0,"done_queue_dropped":0},"membership":{"deaths":0,"revivals":0,"reboots_seen":0,"table_full":0,"events_dropped":0}}
1791637249.858 {"t":"ns","node":33120,"hash":13581963,"owner":33120,"kind":"sampled","unit":100,"class":4,"bound_ms":5000,"quality":"GOOD","age_ms":465,"ts":210980,"updates":20,"value":2}
1791637249.858 {"t":"ns","node":33120,"hash":3142365229,"owner":33120,"kind":"sampled","unit":101,"class":4,"bound_ms":30000,"quality":"GOOD","age_ms":480,"ts":210980,"updates":20,"value":147456}
1791637249.858 {"t":"ns","node":33120,"hash":1245650351,"owner":25344,"kind":"sampled","unit":0,"class":3,"bound_ms":500,"quality":"NO_DATA","age_ms":0,"ts":0,"updates":0,"value":null}
1791637249.858 {"t":"ns","node":33120,"hash":2033492666,"owner":33120,"kind":"sampled","unit":0,"class":3,"bound_ms":0,"quality":"NO_DATA","age_ms":0,"ts":0,"updates":0,"value":null}
1791637249.858 {"t":"ns","node":33120,"hash":2347817554,"owner":33120,"kind":"sampled","unit":100,"class":4,"bound_ms":0,"quality":"GOOD","age_ms":522,"ts":210980,"updates":20,"value":293}
1791637249.858 {"t":"ns","node":33120,"hash":1170356950,"owner":33120,"kind":"sampled","unit":80,"class":4,"bound_ms":30000,"quality":"GOOD","age_ms":536,"ts":210980,"updates":20,"value":210}
1791637249.858 {"t":"ns","node":33120,"hash":3085599597,"owner":33120,"kind":"sampled","unit":0,"class":4,"bound_ms":5000,"quality":"GOOD","age_ms":549,"ts":210981,"updates":20,"value":-19}
1791637249.858 {"t":"ns","node":33120,"hash":2486014333,"owner":33120,"kind":"sampled","unit":101,"class":4,"bound_ms":30000,"quality":"GOOD","age_ms":564,"ts":210980,"updates":20,"value":221771}
1791637255.515 {"t":"wasm_run","run":3,"us":33788313,"same":true,"error":"none"}
1791637259.998 {"t":"clk","node":33120,"up_ms":221560}
1791637259.998 {"t":"led","node":33120,"shows":"green","app":0}
1791637259.998 {"t":"event","at_ms":212475,"node":33120,"kind":"peer_admitted","peer":29544,"slot":0,"a":0,"b":0}
1791637259.998 {"t":"event","at_ms":212647,"node":33120,"kind":"peer_admitted","peer":25344,"slot":1,"a":0,"b":0}
1791637259.998 {"t":"event","at_ms":214475,"node":33120,"kind":"peer_admitted","peer":29544,"slot":0,"a":0,"b":0}
1791637259.998 {"t":"event","at_ms":214647,"node":33120,"kind":"peer_admitted","peer":25344,"slot":1,"a":0,"b":0}
1791637259.998 {"t":"event","at_ms":216475,"node":33120,"kind":"peer_admitted","peer":29544,"slot":0,"a":0,"b":0}
1791637259.998 {"t":"event","at_ms":216648,"node":33120,"kind":"peer_admitted","peer":25344,"slot":1,"a":0,"b":0}
1791637259.998 {"t":"event","at_ms":218475,"node":33120,"kind":"peer_admitted","peer":29544,"slot":0,"a":0,"b":0}
1791637259.998 {"t":"event","at_ms":218653,"node":33120,"kind":"peer_admitted","peer":25344,"slot":1,"a":0,"b":0}
1791637259.998 {"t":"event","at_ms":220475,"node":33120,"kind":"peer_admitted","peer":29544,"slot":0,"a":0,"b":0}
1791637259.998 {"t":"event","at_ms":220647,"node":33120,"kind":"peer_admitted","peer":25344,"slot":1,"a":0,"b":0}
1791637259.998 {"t":"link","up_ms":221647,"node":33120,"peer":29544,"mac":"b8:1f:3f:da:73:68","state":"alive","epoch":171,"espnow_ver":2,"mtu":1446,"misses":0,"rssi":-11,"tx":{"frames":772,"cb_ok":772,"cb_fail":0,"enqueue_err":0,"pdr_ppm":1000000},"rx":{"frames":3082,"lost_seqgap":0,"reorder_dup":0,"dropped_bad":0,"hb_lost":1,"bcast_frames":2198,"pdr_ppm":1000000},"rtt":{"samples":110,"min_us":5518,"max_us":15437,"timeouts":0,"txq_last_us":4527,"txq_max_us":4527,"remote_turnaround_us":839,"remote_turnaround_max_us":1231,"p50_us":[4000,6000],"p99_us":[11000,16000],"hist":[0,0,0,0,86,19,3,2,0,0,0,0,0,0,0,0]}}
1791637259.998 {"t":"link","up_ms":221701,"node":33120,"peer":25344,"mac":"b8:1f:3f:da:63:00","state":"alive","epoch":244,"espnow_ver":2,"mtu":1446,"misses":0,"rssi":-19,"tx":{"frames":740,"cb_ok":740,"cb_fail":0,"enqueue_err":0,"pdr_ppm":1000000},"rx":{"frames":2893,"lost_seqgap":1,"reorder_dup":0,"dropped_bad":0,"hb_lost":146,"bcast_frames":2051,"pdr_ppm":999654},"rtt":{"samples":109,"min_us":5820,"max_us":17366,"timeouts":0,"txq_last_us":3977,"txq_max_us":3977,"remote_turnaround_us":1037,"remote_turnaround_max_us":1095,"p50_us":[6000,8000],"p99_us":[11000,16000],"hist":[0,0,0,0,34,71,2,1,1,0,0,0,0,0,0,0]}}
1791637259.998 {"t":"auth","node":33120,"up_ms":221755,"enrolled":1,"required":1,"verified_peers":2,"verified":2,"cache_hits":220,"refused":0,"rate_limited":0,"stale_epoch":0,"verify_us_max":84403,"link_stack_free_b":1528,"crypto_stack_free_b":1268,"tags_ok":1504,"bad_tag":0,"replayed":0,"untagged":0,"bcast_dropped":0,"beacon_epoch_ignored":0,"tag_us_max":1182}
1791637259.998 {"t":"act","node":33120,"setpoint":0,"has_value":0,"writes_served":0}
1791637259.998 {"t":"peers","node":33120,"own_period_ms":100,"own_busy":0,"channel":1,"scanning":0,"scans":0,"hops":0,"found":0,"lost_to_found_ms":0,"moves_followed":0,"moves_refused":0,"sweeps":0,"sweep_found":0,"sweeping":0,"search_visits":0,"relay":0,"fwd_u":0,"fwd_b":0,"fwd_h":0,"relay_dup":2160,"list":[{"id":29544,"state":"alive","via_relay":0,"period_ms":100,"misses":6,"busy":1,"rtt_n":110},{"id":25344,"state":"alive","via_relay":0,"period_ms":100,"misses":6,"busy":0,"rtt_n":110}]}
1791637259.998 {"t":"ss","node":33120,"accepted":0,"unsigned":0,"unknown_sender":0,"bad_signature":0,"replayed":0,"rate_limited":0,"verify_us_max":0,"floors":[{"src":25344,"epoch":139,"counter":1}]}
1791637259.998 {"t":"rec","node":33120,"up_ms":221851,"settled":1,"sent":882,"received":872,"malformed":0,"views":1,"replies_fenced":0,"actors":[{"key":1245650351,"running":0,"term":0,"owner":25344,"owner_term":9,"assigned":25344,"starts":0,"fenced":0,"released":0}]}
1791637259.998 {"t":"node","up_ms":221868,"node":33120,"epoch":293,"peers_alive":2,"peers_dead":0,"no_radio":0,"free_dram":221551,"largest_block":147456,"rx":{"total":10404,"bad_frame":0,"unknown_peer":12,"wrong_dst":0,"short_payload":0,"unknown_opcode":0,"queue_dropped":52},"tx":{"total":3827,"enqueue_err":0,"done_queue_dropped":0},"membership":{"deaths":0,"revivals":0,"reboots_seen":0,"table_full":0,"events_dropped":0}}
1791637260.321 {"t":"ns","node":33120,"hash":13581963,"owner":33120,"kind":"sampled","unit":100,"class":4,"bound_ms":5000,"quality":"GOOD","age_ms":346,"ts":221562,"updates":21,"value":2}
1791637260.321 {"t":"ns","node":33120,"hash":3142365229,"owner":33120,"kind":"sampled","unit":101,"class":4,"bound_ms":30000,"quality":"GOOD","age_ms":360,"ts":221562,"updates":21,"value":147456}
1791637260.321 {"t":"ns","node":33120,"hash":1245650351,"owner":25344,"kind":"sampled","unit":0,"class":3,"bound_ms":500,"quality":"NO_DATA","age_ms":0,"ts":0,"updates":0,"value":null}
1791637260.321 {"t":"ns","node":33120,"hash":2033492666,"owner":33120,"kind":"sampled","unit":0,"class":3,"bound_ms":0,"quality":"NO_DATA","age_ms":0,"ts":0,"updates":0,"value":null}
1791637260.321 {"t":"ns","node":33120,"hash":2347817554,"owner":33120,"kind":"sampled","unit":100,"class":4,"bound_ms":0,"quality":"GOOD","age_ms":402,"ts":221562,"updates":21,"value":293}
1791637260.321 {"t":"ns","node":33120,"hash":1170356950,"owner":33120,"kind":"sampled","unit":80,"class":4,"bound_ms":30000,"quality":"GOOD","age_ms":416,"ts":221562,"updates":21,"value":221}
1791637260.321 {"t":"ns","node":33120,"hash":3085599597,"owner":33120,"kind":"sampled","unit":0,"class":4,"bound_ms":5000,"quality":"GOOD","age_ms":431,"ts":221562,"updates":21,"value":-20}
1791637260.321 {"t":"ns","node":33120,"hash":2486014333,"owner":33120,"kind":"sampled","unit":101,"class":4,"bound_ms":30000,"quality":"GOOD","age_ms":445,"ts":221562,"updates":21,"value":221771}
1791637270.468 {"t":"clk","node":33120,"up_ms":232032}
1791637270.468 {"t":"led","node":33120,"shows":"green","app":0}
1791637270.468 {"t":"event","at_ms":222475,"node":33120,"kind":"peer_admitted","peer":29544,"slot":0,"a":0,"b":0}
1791637270.468 {"t":"event","at_ms":222647,"node":33120,"kind":"peer_admitted","peer":25344,"slot":1,"a":0,"b":0}
1791637270.468 {"t":"event","at_ms":224475,"node":33120,"kind":"peer_admitted","peer":29544,"slot":0,"a":0,"b":0}
1791637270.468 {"t":"event","at_ms":224649,"node":33120,"kind":"peer_admitted","peer":25344,"slot":1,"a":0,"b":0}
1791637270.468 {"t":"event","at_ms":226475,"node":33120,"kind":"peer_admitted","peer":29544,"slot":0,"a":0,"b":0}
1791637270.468 {"t":"event","at_ms":226647,"node":33120,"kind":"peer_admitted","peer":25344,"slot":1,"a":0,"b":0}
1791637270.468 {"t":"event","at_ms":228475,"node":33120,"kind":"peer_admitted","peer":29544,"slot":0,"a":0,"b":0}
1791637270.468 {"t":"event","at_ms":228647,"node":33120,"kind":"peer_admitted","peer":25344,"slot":1,"a":0,"b":0}
1791637270.468 {"t":"event","at_ms":230475,"node":33120,"kind":"peer_admitted","peer":29544,"slot":0,"a":0,"b":0}
1791637270.468 {"t":"event","at_ms":230647,"node":33120,"kind":"peer_admitted","peer":25344,"slot":1,"a":0,"b":0}
1791637270.468 {"t":"link","up_ms":232117,"node":33120,"peer":29544,"mac":"b8:1f:3f:da:73:68","state":"alive","epoch":171,"espnow_ver":2,"mtu":1446,"misses":0,"rssi":-10,"tx":{"frames":807,"cb_ok":807,"cb_fail":0,"enqueue_err":0,"pdr_ppm":1000000},"rx":{"frames":3227,"lost_seqgap":0,"reorder_dup":0,"dropped_bad":0,"hb_lost":1,"bcast_frames":2302,"pdr_ppm":1000000},"rtt":{"samples":115,"min_us":5518,"max_us":15437,"timeouts":0,"txq_last_us":4527,"txq_max_us":4527,"remote_turnaround_us":876,"remote_turnaround_max_us":1231,"p50_us":[4000,6000],"p99_us":[11000,16000],"hist":[0,0,0,0,90,19,4,2,0,0,0,0,0,0,0,0]}}
1791637270.468 {"t":"link","up_ms":232171,"node":33120,"peer":25344,"mac":"b8:1f:3f:da:63:00","state":"alive","epoch":244,"espnow_ver":2,"mtu":1446,"misses":0,"rssi":-20,"tx":{"frames":775,"cb_ok":775,"cb_fail":0,"enqueue_err":0,"pdr_ppm":1000000},"rx":{"frames":3031,"lost_seqgap":1,"reorder_dup":0,"dropped_bad":0,"hb_lost":154,"bcast_frames":2148,"pdr_ppm":999670},"rtt":{"samples":115,"min_us":5820,"max_us":17366,"timeouts":0,"txq_last_us":3977,"txq_max_us":3977,"remote_turnaround_us":1023,"remote_turnaround_max_us":1095,"p50_us":[6000,8000],"p99_us":[11000,16000],"hist":[0,0,0,0,34,77,2,1,1,0,0,0,0,0,0,0]}}
1791637270.468 {"t":"auth","node":33120,"up_ms":232226,"enrolled":1,"required":1,"verified_peers":2,"verified":2,"cache_hits":230,"refused":0,"rate_limited":0,"stale_epoch":0,"verify_us_max":84403,"link_stack_free_b":1528,"crypto_stack_free_b":1268,"tags_ok":1577,"bad_tag":0,"replayed":0,"untagged":0,"bcast_dropped":0,"beacon_epoch_ignored":0,"tag_us_max":1182}
1791637270.468 {"t":"act","node":33120,"setpoint":0,"has_value":0,"writes_served":0}
1791637270.468 {"t":"peers","node":33120,"own_period_ms":100,"own_busy":0,"channel":1,"scanning":0,"scans":0,"hops":0,"found":0,"lost_to_found_ms":0,"moves_followed":0,"moves_refused":0,"sweeps":0,"sweep_found":0,"sweeping":0,"search_visits":0,"relay":0,"fwd_u":0,"fwd_b":0,"fwd_h":0,"relay_dup":2262,"list":[{"id":29544,"state":"alive","via_relay":0,"period_ms":100,"misses":6,"busy":1,"rtt_n":115},{"id":25344,"state":"alive","via_relay":0,"period_ms":100,"misses":6,"busy":0,"rtt_n":115}]}
1791637270.468 {"t":"ss","node":33120,"accepted":0,"unsigned":0,"unknown_sender":0,"bad_signature":0,"replayed":0,"rate_limited":0,"verify_us_max":0,"floors":[{"src":25344,"epoch":139,"counter":1}]}
1791637270.468 {"t":"rec","node":33120,"up_ms":232320,"settled":1,"sent":924,"received":914,"malformed":0,"views":1,"replies_fenced":0,"actors":[{"key":1245650351,"running":0,"term":0,"owner":25344,"owner_term":9,"assigned":25344,"starts":0,"fenced":0,"released":0}]}
1791637270.468 {"t":"node","up_ms":232347,"node":33120,"epoch":293,"peers_alive":2,"peers_dead":0,"no_radio":0,"free_dram":221771,"largest_block":147456,"rx":{"total":10895,"bad_frame":0,"unknown_peer":12,"wrong_dst":0,"short_payload":0,"unknown_opcode":0,"queue_dropped":52},"tx":{"total":4005,"enqueue_err":0,"done_queue_dropped":0},"membership":{"deaths":0,"revivals":0,"reboots_seen":0,"table_full":0,"events_dropped":0}}
1791637270.792 {"t":"ns","node":33120,"hash":13581963,"owner":33120,"kind":"sampled","unit":100,"class":4,"bound_ms":5000,"quality":"GOOD","age_ms":342,"ts":232034,"updates":22,"value":2}
1791637270.792 {"t":"ns","node":33120,"hash":3142365229,"owner":33120,"kind":"sampled","unit":101,"class":4,"bound_ms":30000,"quality":"GOOD","age_ms":356,"ts":232034,"updates":22,"value":147456}
1791637270.792 {"t":"ns","node":33120,"hash":1245650351,"owner":25344,"kind":"sampled","unit":0,"class":3,"bound_ms":500,"quality":"NO_DATA","age_ms":0,"ts":0,"updates":0,"value":null}
1791637270.792 {"t":"ns","node":33120,"hash":2033492666,"owner":33120,"kind":"sampled","unit":0,"class":3,"bound_ms":0,"quality":"NO_DATA","age_ms":0,"ts":0,"updates":0,"value":null}
1791637270.792 {"t":"ns","node":33120,"hash":2347817554,"owner":33120,"kind":"sampled","unit":100,"class":4,"bound_ms":0,"quality":"GOOD","age_ms":409,"ts":232034,"updates":22,"value":293}
1791637270.792 {"t":"ns","node":33120,"hash":1170356950,"owner":33120,"kind":"sampled","unit":80,"class":4,"bound_ms":30000,"quality":"GOOD","age_ms":423,"ts":232034,"updates":22,"value":232}
1791637270.792 {"t":"ns","node":33120,"hash":3085599597,"owner":33120,"kind":"sampled","unit":0,"class":4,"bound_ms":5000,"quality":"GOOD","age_ms":438,"ts":232034,"updates":22,"value":-20}
1791637270.792 {"t":"ns","node":33120,"hash":2486014333,"owner":33120,"kind":"sampled","unit":101,"class":4,"bound_ms":30000,"quality":"GOOD","age_ms":453,"ts":232033,"updates":22,"value":221771}
1791637280.933 {"t":"clk","node":33120,"up_ms":242501}
1791637280.933 {"t":"led","node":33120,"shows":"yellow","app":0}
1791637280.933 {"t":"event","at_ms":232475,"node":33120,"kind":"peer_admitted","peer":29544,"slot":0,"a":0,"b":0}
1791637280.933 {"t":"event","at_ms":232647,"node":33120,"kind":"peer_admitted","peer":25344,"slot":1,"a":0,"b":0}
1791637280.933 {"t":"event","at_ms":234475,"node":33120,"kind":"peer_admitted","peer":29544,"slot":0,"a":0,"b":0}
1791637280.933 {"t":"event","at_ms":234647,"node":33120,"kind":"peer_admitted","peer":25344,"slot":1,"a":0,"b":0}
1791637280.933 {"t":"event","at_ms":236477,"node":33120,"kind":"peer_admitted","peer":29544,"slot":0,"a":0,"b":0}
1791637280.933 {"t":"event","at_ms":236647,"node":33120,"kind":"peer_admitted","peer":25344,"slot":1,"a":0,"b":0}
1791637280.933 {"t":"event","at_ms":238475,"node":33120,"kind":"peer_admitted","peer":29544,"slot":0,"a":0,"b":0}
1791637280.933 {"t":"event","at_ms":238647,"node":33120,"kind":"peer_admitted","peer":25344,"slot":1,"a":0,"b":0}
1791637280.933 {"t":"event","at_ms":240475,"node":33120,"kind":"peer_admitted","peer":29544,"slot":0,"a":0,"b":0}
1791637280.933 {"t":"event","at_ms":240672,"node":33120,"kind":"peer_admitted","peer":25344,"slot":1,"a":0,"b":0}
1791637280.933 {"t":"event","at_ms":242475,"node":33120,"kind":"peer_admitted","peer":29544,"slot":0,"a":0,"b":0}
1791637280.933 {"t":"link","up_ms":242599,"node":33120,"peer":29544,"mac":"b8:1f:3f:da:73:68","state":"alive","epoch":171,"espnow_ver":2,"mtu":1446,"misses":0,"rssi":-10,"tx":{"frames":845,"cb_ok":845,"cb_fail":0,"enqueue_err":0,"pdr_ppm":1000000},"rx":{"frames":3375,"lost_seqgap":0,"reorder_dup":0,"dropped_bad":0,"hb_lost":1,"bcast_frames":2407,"pdr_ppm":1000000},"rtt":{"samples":120,"min_us":5518,"max_us":22142,"timeouts":0,"txq_last_us":17804,"txq_max_us":17804,"remote_turnaround_us":854,"remote_turnaround_max_us":1231,"p50_us":[4000,6000],"p99_us":[11000,16000],"hist":[0,0,0,0,94,19,4,2,0,1,0,0,0,0,0,0]}}
1791637280.933 {"t":"link","up_ms":242653,"node":33120,"peer":25344,"mac":"b8:1f:3f:da:63:00","state":"alive","epoch":244,"espnow_ver":2,"mtu":1446,"misses":0,"rssi":-20,"tx":{"frames":811,"cb_ok":811,"cb_fail":0,"enqueue_err":0,"pdr_ppm":1000000},"rx":{"frames":3167,"lost_seqgap":1,"reorder_dup":0,"dropped_bad":0,"hb_lost":163,"bcast_frames":2243,"pdr_ppm":999684},"rtt":{"samples":120,"min_us":5820,"max_us":17366,"timeouts":0,"txq_last_us":3977,"txq_max_us":3977,"remote_turnaround_us":1056,"remote_turnaround_max_us":1095,"p50_us":[6000,8000],"p99_us":[11000,16000],"hist":[0,0,0,0,34,82,2,1,1,0,0,0,0,0,0,0]}}
1791637280.933 {"t":"auth","node":33120,"up_ms":242707,"enrolled":1,"required":1,"verified_peers":2,"verified":2,"cache_hits":242,"refused":0,"rate_limited":0,"stale_epoch":0,"verify_us_max":84403,"link_stack_free_b":1528,"crypto_stack_free_b":1268,"tags_ok":1649,"bad_tag":0,"replayed":0,"untagged":0,"bcast_dropped":0,"beacon_epoch_ignored":0,"tag_us_max":1302}
1791637280.933 {"t":"act","node":33120,"setpoint":0,"has_value":0,"writes_served":0}
1791637280.933 {"t":"peers","node":33120,"own_period_ms":100,"own_busy":0,"channel":1,"scanning":0,"scans":0,"hops":0,"found":0,"lost_to_found_ms":0,"moves_followed":0,"moves_refused":0,"sweeps":0,"sweep_found":0,"sweeping":0,"search_visits":0,"relay":0,"fwd_u":0,"fwd_b":0,"fwd_h":0,"relay_dup":2363,"list":[{"id":29544,"state":"alive","via_relay":0,"period_ms":100,"misses":6,"busy":1,"rtt_n":120},{"id":25344,"state":"alive","via_relay":0,"period_ms":100,"misses":6,"busy":0,"rtt_n":120}]}
1791637280.933 {"t":"ss","node":33120,"accepted":0,"unsigned":0,"unknown_sender":0,"bad_signature":0,"replayed":0,"rate_limited":0,"verify_us_max":0,"floors":[{"src":25344,"epoch":139,"counter":1}]}
1791637280.933 {"t":"rec","node":33120,"up_ms":242803,"settled":1,"sent":966,"received":956,"malformed":0,"views":1,"replies_fenced":0,"actors":[{"key":1245650351,"running":0,"term":0,"owner":25344,"owner_term":9,"assigned":25344,"starts":0,"fenced":0,"released":0}]}
1791637281.265 {"t":"node","up_ms":242818,"node":33120,"epoch":293,"peers_alive":2,"peers_dead":0,"no_radio":0,"free_dram":221771,"largest_block":147456,"rx":{"total":11391,"bad_frame":0,"unknown_peer":12,"wrong_dst":0,"short_payload":0,"unknown_opcode":0,"queue_dropped":52},"tx":{"total":4190,"enqueue_err":0,"done_queue_dropped":0},"membership":{"deaths":0,"revivals":0,"reboots_seen":0,"table_full":0,"events_dropped":0}}
1791637281.265 {"t":"ns","node":33120,"hash":13581963,"owner":33120,"kind":"sampled","unit":100,"class":4,"bound_ms":5000,"quality":"GOOD","age_ms":356,"ts":242503,"updates":23,"value":2}
1791637281.265 {"t":"ns","node":33120,"hash":3142365229,"owner":33120,"kind":"sampled","unit":101,"class":4,"bound_ms":30000,"quality":"GOOD","age_ms":372,"ts":242502,"updates":23,"value":147456}
1791637281.265 {"t":"ns","node":33120,"hash":1245650351,"owner":25344,"kind":"sampled","unit":0,"class":3,"bound_ms":500,"quality":"NO_DATA","age_ms":0,"ts":0,"updates":0,"value":null}
1791637281.265 {"t":"ns","node":33120,"hash":2033492666,"owner":33120,"kind":"sampled","unit":0,"class":3,"bound_ms":0,"quality":"NO_DATA","age_ms":0,"ts":0,"updates":0,"value":null}
1791637281.265 {"t":"ns","node":33120,"hash":2347817554,"owner":33120,"kind":"sampled","unit":100,"class":4,"bound_ms":0,"quality":"GOOD","age_ms":414,"ts":242502,"updates":23,"value":293}
1791637281.265 {"t":"ns","node":33120,"hash":1170356950,"owner":33120,"kind":"sampled","unit":80,"class":4,"bound_ms":30000,"quality":"GOOD","age_ms":428,"ts":242502,"updates":23,"value":242}
1791637281.265 {"t":"ns","node":33120,"hash":3085599597,"owner":33120,"kind":"sampled","unit":0,"class":4,"bound_ms":5000,"quality":"GOOD","age_ms":441,"ts":242503,"updates":23,"value":-20}
1791637281.265 {"t":"ns","node":33120,"hash":2486014333,"owner":33120,"kind":"sampled","unit":101,"class":4,"bound_ms":30000,"quality":"GOOD","age_ms":457,"ts":242502,"updates":23,"value":221771}
1791637289.567 {"t":"wasm_run","run":4,"us":33717802,"same":true,"error":"none"}
1791637291.408 {"t":"clk","node":33120,"up_ms":252974}
1791637291.408 {"t":"led","node":33120,"shows":"yellow","app":0}
1791637291.408 {"t":"event","at_ms":242647,"node":33120,"kind":"peer_admitted","peer":25344,"slot":1,"a":0,"b":0}
1791637291.408 {"t":"event","at_ms":244475,"node":33120,"kind":"peer_admitted","peer":29544,"slot":0,"a":0,"b":0}
1791637291.408 {"t":"event","at_ms":244647,"node":33120,"kind":"peer_admitted","peer":25344,"slot":1,"a":0,"b":0}
1791637291.408 {"t":"event","at_ms":246475,"node":33120,"kind":"peer_admitted","peer":29544,"slot":0,"a":0,"b":0}
1791637291.408 {"t":"event","at_ms":246647,"node":33120,"kind":"peer_admitted","peer":25344,"slot":1,"a":0,"b":0}
1791637291.408 {"t":"event","at_ms":248475,"node":33120,"kind":"peer_admitted","peer":29544,"slot":0,"a":0,"b":0}
1791637291.408 {"t":"event","at_ms":248647,"node":33120,"kind":"peer_admitted","peer":25344,"slot":1,"a":0,"b":0}
1791637291.408 {"t":"event","at_ms":250475,"node":33120,"kind":"peer_admitted","peer":29544,"slot":0,"a":0,"b":0}
1791637291.408 {"t":"event","at_ms":250647,"node":33120,"kind":"peer_admitted","peer":25344,"slot":1,"a":0,"b":0}
1791637291.408 {"t":"event","at_ms":252475,"node":33120,"kind":"peer_admitted","peer":29544,"slot":0,"a":0,"b":0}
1791637291.408 {"t":"event","at_ms":252647,"node":33120,"kind":"peer_admitted","peer":25344,"slot":1,"a":0,"b":0}
1791637291.408 {"t":"link","up_ms":253072,"node":33120,"peer":29544,"mac":"b8:1f:3f:da:73:68","state":"alive","epoch":171,"espnow_ver":2,"mtu":1446,"misses":0,"rssi":-10,"tx":{"frames":882,"cb_ok":882,"cb_fail":0,"enqueue_err":0,"pdr_ppm":1000000},"rx":{"frames":3522,"lost_seqgap":0,"reorder_dup":0,"dropped_bad":0,"hb_lost":1,"bcast_frames":2512,"pdr_ppm":1000000},"rtt":{"samples":126,"min_us":5518,"max_us":22142,"timeouts":0,"txq_last_us":17804,"txq_max_us":17804,"remote_turnaround_us":888,"remote_turnaround_max_us":1231,"p50_us":[4000,6000],"p99_us":[11000,16000],"hist":[0,0,0,0,99,20,4,2,0,1,0,0,0,0,0,0]}}
1791637291.408 {"t":"link","up_ms":253126,"node":33120,"peer":25344,"mac":"b8:1f:3f:da:63:00","state":"alive","epoch":244,"espnow_ver":2,"mtu":1446,"misses":0,"rssi":-20,"tx":{"frames":845,"cb_ok":845,"cb_fail":0,"enqueue_err":0,"pdr_ppm":1000000},"rx":{"frames":3305,"lost_seqgap":1,"reorder_dup":0,"dropped_bad":0,"hb_lost":169,"bcast_frames":2342,"pdr_ppm":999697},"rtt":{"samples":125,"min_us":5820,"max_us":17366,"timeouts":0,"txq_last_us":3977,"txq_max_us":3977,"remote_turnaround_us":1023,"remote_turnaround_max_us":1095,"p50_us":[6000,8000],"p99_us":[11000,16000],"hist":[0,0,0,0,34,87,2,1,1,0,0,0,0,0,0,0]}}
1791637291.408 {"t":"auth","node":33120,"up_ms":253180,"enrolled":1,"required":1,"verified_peers":2,"verified":2,"cache_hits":252,"refused":0,"rate_limited":0,"stale_epoch":0,"verify_us_max":84403,"link_stack_free_b":1528,"crypto_stack_free_b":1268,"tags_ok":1720,"bad_tag":0,"replayed":0,"untagged":0,"bcast_dropped":0,"beacon_epoch_ignored":0,"tag_us_max":1302}
1791637291.408 {"t":"act","node":33120,"setpoint":0,"has_value":0,"writes_served":0}
1791637291.408 {"t":"peers","node":33120,"own_period_ms":100,"own_busy":0,"channel":1,"scanning":0,"scans":0,"hops":0,"found":0,"lost_to_found_ms":0,"moves_followed":0,"moves_refused":0,"sweeps":0,"sweep_found":0,"sweeping":0,"search_visits":0,"relay":0,"fwd_u":0,"fwd_b":0,"fwd_h":0,"relay_dup":2467,"list":[{"id":29544,"state":"alive","via_relay":0,"period_ms":100,"misses":6,"busy":1,"rtt_n":126},{"id":25344,"state":"alive","via_relay":0,"period_ms":100,"misses":6,"busy":0,"rtt_n":125}]}
1791637291.408 {"t":"ss","node":33120,"accepted":0,"unsigned":0,"unknown_sender":0,"bad_signature":0,"replayed":0,"rate_limited":0,"verify_us_max":0,"floors":[{"src":25344,"epoch":139,"counter":1}]}
1791637291.408 {"t":"rec","node":33120,"up_ms":253275,"settled":1,"sent":1008,"received":998,"malformed":0,"views":1,"replies_fenced":0,"actors":[{"key":1245650351,"running":0,"term":0,"owner":25344,"owner_term":9,"assigned":25344,"starts":0,"fenced":0,"released":0}]}
1791637291.736 {"t":"node","up_ms":253290,"node":33120,"epoch":293,"peers_alive":2,"peers_dead":0,"no_radio":0,"free_dram":221771,"largest_block":147456,"rx":{"total":11889,"bad_frame":0,"unknown_peer":12,"wrong_dst":0,"short_payload":0,"unknown_opcode":0,"queue_dropped":52},"tx":{"total":4370,"enqueue_err":0,"done_queue_dropped":0},"membership":{"deaths":0,"revivals":0,"reboots_seen":0,"table_full":0,"events_dropped":0}}
1791637291.736 {"t":"ns","node":33120,"hash":13581963,"owner":33120,"kind":"sampled","unit":100,"class":4,"bound_ms":5000,"quality":"GOOD","age_ms":354,"ts":252976,"updates":24,"value":2}
1791637291.736 {"t":"ns","node":33120,"hash":3142365229,"owner":33120,"kind":"sampled","unit":101,"class":4,"bound_ms":30000,"quality":"GOOD","age_ms":369,"ts":252975,"updates":24,"value":147456}
1791637291.736 {"t":"ns","node":33120,"hash":1245650351,"owner":25344,"kind":"sampled","unit":0,"class":3,"bound_ms":500,"quality":"NO_DATA","age_ms":0,"ts":0,"updates":0,"value":null}
1791637291.736 {"t":"ns","node":33120,"hash":2033492666,"owner":33120,"kind":"sampled","unit":0,"class":3,"bound_ms":0,"quality":"NO_DATA","age_ms":0,"ts":0,"updates":0,"value":null}
1791637291.736 {"t":"ns","node":33120,"hash":2347817554,"owner":33120,"kind":"sampled","unit":100,"class":4,"bound_ms":0,"quality":"GOOD","age_ms":413,"ts":252975,"updates":24,"value":293}
1791637291.736 {"t":"ns","node":33120,"hash":1170356950,"owner":33120,"kind":"sampled","unit":80,"class":4,"bound_ms":30000,"quality":"GOOD","age_ms":427,"ts":252975,"updates":24,"value":252}
1791637291.736 {"t":"ns","node":33120,"hash":3085599597,"owner":33120,"kind":"sampled","unit":0,"class":4,"bound_ms":5000,"quality":"GOOD","age_ms":440,"ts":252976,"updates":24,"value":-19}
1791637291.736 {"t":"ns","node":33120,"hash":2486014333,"owner":33120,"kind":"sampled","unit":101,"class":4,"bound_ms":30000,"quality":"GOOD","age_ms":455,"ts":252975,"updates":24,"value":221771}
1791637301.892 {"t":"clk","node":33120,"up_ms":263456}
1791637301.892 {"t":"led","node":33120,"shows":"yellow","app":0}
1791637301.892 {"t":"event","at_ms":254475,"node":33120,"kind":"peer_admitted","peer":29544,"slot":0,"a":0,"b":0}
1791637301.892 {"t":"event","at_ms":254647,"node":33120,"kind":"peer_admitted","peer":25344,"slot":1,"a":0,"b":0}
1791637301.892 {"t":"event","at_ms":256475,"node":33120,"kind":"peer_admitted","peer":29544,"slot":0,"a":0,"b":0}
1791637301.892 {"t":"event","at_ms":256647,"node":33120,"kind":"peer_admitted","peer":25344,"slot":1,"a":0,"b":0}
1791637301.892 {"t":"event","at_ms":258475,"node":33120,"kind":"peer_admitted","peer":29544,"slot":0,"a":0,"b":0}
1791637301.892 {"t":"event","at_ms":258647,"node":33120,"kind":"peer_admitted","peer":25344,"slot":1,"a":0,"b":0}
1791637301.892 {"t":"event","at_ms":260475,"node":33120,"kind":"peer_admitted","peer":29544,"slot":0,"a":0,"b":0}
1791637301.892 {"t":"event","at_ms":260647,"node":33120,"kind":"peer_admitted","peer":25344,"slot":1,"a":0,"b":0}
1791637301.892 {"t":"event","at_ms":262475,"node":33120,"kind":"peer_admitted","peer":29544,"slot":0,"a":0,"b":0}
1791637301.892 {"t":"event","at_ms":262647,"node":33120,"kind":"peer_admitted","peer":25344,"slot":1,"a":0,"b":0}
1791637301.892 {"t":"link","up_ms":263541,"node":33120,"peer":29544,"mac":"b8:1f:3f:da:73:68","state":"alive","epoch":171,"espnow_ver":2,"mtu":1446,"misses":0,"rssi":-10,"tx":{"frames":918,"cb_ok":918,"cb_fail":0,"enqueue_err":0,"pdr_ppm":1000000},"rx":{"frames":3667,"lost_seqgap":0,"reorder_dup":0,"dropped_bad":0,"hb_lost":2,"bcast_frames":2616,"pdr_ppm":1000000},"rtt":{"samples":131,"min_us":5518,"max_us":22142,"timeouts":0,"txq_last_us":3008,"txq_max_us":17804,"remote_turnaround_us":804,"remote_turnaround_max_us":1231,"p50_us":[4000,6000],"p99_us":[11000,16000],"hist":[0,0,0,0,102,22,4,2,0,1,0,0,0,0,0,0]}}
1791637301.892 {"t":"link","up_ms":263595,"node":33120,"peer":25344,"mac":"b8:1f:3f:da:63:00","state":"alive","epoch":244,"espnow_ver":2,"mtu":1446,"misses":0,"rssi":-20,"tx":{"frames":880,"cb_ok":880,"cb_fail":0,"enqueue_err":0,"pdr_ppm":1000000},"rx":{"frames":3445,"lost_seqgap":1,"reorder_dup":0,"dropped_bad":0,"hb_lost":174,"bcast_frames":2442,"pdr_ppm":999709},"rtt":{"samples":130,"min_us":5820,"max_us":17366,"timeouts":0,"txq_last_us":3977,"txq_max_us":3977,"remote_turnaround_us":1104,"remote_turnaround_max_us":1104,"p50_us":[6000,8000],"p99_us":[16000,22000],"hist":[0,0,0,0,34,91,2,1,2,0,0,0,0,0,0,0]}}
1791637301.892 {"t":"auth","node":33120,"up_ms":263649,"enrolled":1,"required":1,"verified_peers":2,"verified":2,"cache_hits":262,"refused":0,"rate_limited":0,"stale_epoch":0,"verify_us_max":84403,"link_stack_free_b":1528,"crypto_stack_free_b":1268,"tags_ok":1791,"bad_tag":0,"replayed":0,"untagged":0,"bcast_dropped":0,"beacon_epoch_ignored":0,"tag_us_max":1302}
1791637301.892 {"t":"act","node":33120,"setpoint":0,"has_value":0,"writes_served":0}
1791637301.892 {"t":"peers","node":33120,"own_period_ms":100,"own_busy":0,"channel":1,"scanning":0,"scans":0,"hops":0,"found":0,"lost_to_found_ms":0,"moves_followed":0,"moves_refused":0,"sweeps":0,"sweep_found":0,"sweeping":0,"search_visits":0,"relay":0,"fwd_u":0,"fwd_b":0,"fwd_h":0,"relay_dup":2572,"list":[{"id":29544,"state":"alive","via_relay":0,"period_ms":100,"misses":6,"busy":1,"rtt_n":131},{"id":25344,"state":"alive","via_relay":0,"period_ms":100,"misses":6,"busy":0,"rtt_n":130}]}
1791637301.892 {"t":"ss","node":33120,"accepted":0,"unsigned":0,"unknown_sender":0,"bad_signature":0,"replayed":0,"rate_limited":0,"verify_us_max":0,"floors":[{"src":25344,"epoch":139,"counter":1}]}
1791637301.892 {"t":"rec","node":33120,"up_ms":263745,"settled":1,"sent":1049,"received":1040,"malformed":0,"views":1,"replies_fenced":0,"actors":[{"key":1245650351,"running":0,"term":0,"owner":25344,"owner_term":9,"assigned":25344,"starts":0,"fenced":0,"released":0}]}
1791637301.892 {"t":"node","up_ms":263771,"node":33120,"epoch":293,"peers_alive":2,"peers_dead":0,"no_radio":0,"free_dram":221771,"largest_block":147456,"rx":{"total":12387,"bad_frame":0,"unknown_peer":12,"wrong_dst":0,"short_payload":0,"unknown_opcode":0,"queue_dropped":52},"tx":{"total":4551,"enqueue_err":0,"done_queue_dropped":0},"membership":{"deaths":0,"revivals":0,"reboots_seen":0,"table_full":0,"events_dropped":0}}
1791637302.213 {"t":"ns","node":33120,"hash":13581963,"owner":33120,"kind":"sampled","unit":100,"class":4,"bound_ms":5000,"quality":"GOOD","age_ms":342,"ts":263458,"updates":25,"value":2}
1791637302.213 {"t":"ns","node":33120,"hash":3142365229,"owner":33120,"kind":"sampled","unit":101,"class":4,"bound_ms":30000,"quality":"GOOD","age_ms":358,"ts":263457,"updates":25,"value":147456}
1791637302.213 {"t":"ns","node":33120,"hash":1245650351,"owner":25344,"kind":"sampled","unit":0,"class":3,"bound_ms":500,"quality":"NO_DATA","age_ms":0,"ts":0,"updates":0,"value":null}
1791637302.213 {"t":"ns","node":33120,"hash":2033492666,"owner":33120,"kind":"sampled","unit":0,"class":3,"bound_ms":0,"quality":"NO_DATA","age_ms":0,"ts":0,"updates":0,"value":null}
1791637302.213 {"t":"ns","node":33120,"hash":2347817554,"owner":33120,"kind":"sampled","unit":100,"class":4,"bound_ms":0,"quality":"GOOD","age_ms":403,"ts":263457,"updates":25,"value":293}
1791637302.213 {"t":"ns","node":33120,"hash":1170356950,"owner":33120,"kind":"sampled","unit":80,"class":4,"bound_ms":30000,"quality":"GOOD","age_ms":417,"ts":263457,"updates":25,"value":263}
1791637302.213 {"t":"ns","node":33120,"hash":3085599597,"owner":33120,"kind":"sampled","unit":0,"class":4,"bound_ms":5000,"quality":"GOOD","age_ms":430,"ts":263458,"updates":25,"value":-19}
1791637302.213 {"t":"ns","node":33120,"hash":2486014333,"owner":33120,"kind":"sampled","unit":101,"class":4,"bound_ms":30000,"quality":"GOOD","age_ms":456,"ts":263457,"updates":25,"value":221771}
1791637312.359 {"t":"clk","node":33120,"up_ms":273928}
1791637312.359 {"t":"led","node":33120,"shows":"green","app":0}
1791637312.359 {"t":"event","at_ms":264475,"node":33120,"kind":"peer_admitted","peer":29544,"slot":0,"a":0,"b":0}
1791637312.359 {"t":"event","at_ms":264647,"node":33120,"kind":"peer_admitted","peer":25344,"slot":1,"a":0,"b":0}
1791637312.359 {"t":"event","at_ms":266475,"node":33120,"kind":"peer_admitted","peer":29544,"slot":0,"a":0,"b":0}
1791637312.359 {"t":"event","at_ms":266647,"node":33120,"kind":"peer_admitted","peer":25344,"slot":1,"a":0,"b":0}
1791637312.359 {"t":"event","at_ms":268477,"node":33120,"kind":"peer_admitted","peer":29544,"slot":0,"a":0,"b":0}
1791637312.359 {"t":"event","at_ms":268647,"node":33120,"kind":"peer_admitted","peer":25344,"slot":1,"a":0,"b":0}
1791637312.359 {"t":"event","at_ms":270475,"node":33120,"kind":"peer_admitted","peer":29544,"slot":0,"a":0,"b":0}
1791637312.359 {"t":"event","at_ms":270647,"node":33120,"kind":"peer_admitted","peer":25344,"slot":1,"a":0,"b":0}
1791637312.359 {"t":"event","at_ms":272475,"node":33120,"kind":"peer_admitted","peer":29544,"slot":0,"a":0,"b":0}
1791637312.359 {"t":"event","at_ms":272647,"node":33120,"kind":"peer_admitted","peer":25344,"slot":1,"a":0,"b":0}
1791637312.359 {"t":"link","up_ms":274012,"node":33120,"peer":29544,"mac":"b8:1f:3f:da:73:68","state":"alive","epoch":171,"espnow_ver":2,"mtu":1446,"misses":0,"rssi":-10,"tx":{"frames":954,"cb_ok":954,"cb_fail":0,"enqueue_err":0,"pdr_ppm":1000000},"rx":{"frames":3813,"lost_seqgap":0,"reorder_dup":0,"dropped_bad":0,"hb_lost":2,"bcast_frames":2720,"pdr_ppm":1000000},"rtt":{"samples":136,"min_us":5518,"max_us":22142,"timeouts":0,"txq_last_us":3028,"txq_max_us":17804,"remote_turnaround_us":862,"remote_turnaround_max_us":1231,"p50_us":[4000,6000],"p99_us":[11000,16000],"hist":[0,0,0,0,107,22,4,2,0,1,0,0,0,0,0,0]}}
1791637312.359 {"t":"link","up_ms":274067,"node":33120,"peer":25344,"mac":"b8:1f:3f:da:63:00","state":"alive","epoch":244,"espnow_ver":2,"mtu":1446,"misses":0,"rssi":-20,"tx":{"frames":915,"cb_ok":915,"cb_fail":0,"enqueue_err":0,"pdr_ppm":1000000},"rx":{"frames":3586,"lost_seqgap":1,"reorder_dup":0,"dropped_bad":0,"hb_lost":179,"bcast_frames":2542,"pdr_ppm":999721},"rtt":{"samples":136,"min_us":5820,"max_us":17366,"timeouts":0,"txq_last_us":3029,"txq_max_us":5607,"remote_turnaround_us":1033,"remote_turnaround_max_us":1104,"p50_us":[6000,8000],"p99_us":[16000,22000],"hist":[0,0,0,0,34,95,4,1,2,0,0,0,0,0,0,0]}}
1791637312.359 {"t":"auth","node":33120,"up_ms":274121,"enrolled":1,"required":1,"verified_peers":2,"verified":2,"cache_hits":272,"refused":0,"rate_limited":0,"stale_epoch":0,"verify_us_max":84403,"link_stack_free_b":1528,"crypto_stack_free_b":1268,"tags_ok":1863,"bad_tag":0,"replayed":0,"untagged":0,"bcast_dropped":0,"beacon_epoch_ignored":0,"tag_us_max":1302}
1791637312.359 {"t":"act","node":33120,"setpoint":0,"has_value":0,"writes_served":0}
1791637312.359 {"t":"peers","node":33120,"own_period_ms":100,"own_busy":0,"channel":1,"scanning":0,"scans":0,"hops":0,"found":0,"lost_to_found_ms":0,"moves_followed":0,"moves_refused":0,"sweeps":0,"sweep_found":0,"sweeping":0,"search_visits":0,"relay":0,"fwd_u":0,"fwd_b":0,"fwd_h":0,"relay_dup":2676,"list":[{"id":29544,"state":"alive","via_relay":0,"period_ms":100,"misses":6,"busy":1,"rtt_n":136},{"id":25344,"state":"alive","via_relay":0,"period_ms":100,"misses":6,"busy":0,"rtt_n":136}]}
1791637312.359 {"t":"ss","node":33120,"accepted":0,"unsigned":0,"unknown_sender":0,"bad_signature":0,"replayed":0,"rate_limited":0,"verify_us_max":0,"floors":[{"src":25344,"epoch":139,"counter":1}]}
1791637312.359 {"t":"rec","node":33120,"up_ms":274216,"settled":1,"sent":1091,"received":1082,"malformed":0,"views":1,"replies_fenced":0,"actors":[{"key":1245650351,"running":0,"term":0,"owner":25344,"owner_term":9,"assigned":25344,"starts":0,"fenced":0,"released":0}]}
1791637312.359 {"t":"node","up_ms":274243,"node":33120,"epoch":293,"peers_alive":2,"peers_dead":0,"no_radio":0,"free_dram":221771,"largest_block":147456,"rx":{"total":12890,"bad_frame":0,"unknown_peer":12,"wrong_dst":0,"short_payload":0,"unknown_opcode":0,"queue_dropped":52},"tx":{"total":4731,"enqueue_err":0,"done_queue_dropped":0},"membership":{"deaths":0,"revivals":0,"reboots_seen":0,"table_full":0,"events_dropped":0}}
1791637312.686 {"t":"ns","node":33120,"hash":13581963,"owner":33120,"kind":"sampled","unit":100,"class":4,"bound_ms":5000,"quality":"GOOD","age_ms":343,"ts":273929,"updates":26,"value":2}
1791637312.686 {"t":"ns","node":33120,"hash":3142365229,"owner":33120,"kind":"sampled","unit":101,"class":4,"bound_ms":30000,"quality":"GOOD","age_ms":357,"ts":273929,"updates":26,"value":147456}
1791637312.686 {"t":"ns","node":33120,"hash":1245650351,"owner":25344,"kind":"sampled","unit":0,"class":3,"bound_ms":500,"quality":"NO_DATA","age_ms":0,"ts":0,"updates":0,"value":null}
1791637312.686 {"t":"ns","node":33120,"hash":2033492666,"owner":33120,"kind":"sampled","unit":0,"class":3,"bound_ms":0,"quality":"NO_DATA","age_ms":0,"ts":0,"updates":0,"value":null}
1791637312.686 {"t":"ns","node":33120,"hash":2347817554,"owner":33120,"kind":"sampled","unit":100,"class":4,"bound_ms":0,"quality":"GOOD","age_ms":410,"ts":273929,"updates":26,"value":293}
1791637312.686 {"t":"ns","node":33120,"hash":1170356950,"owner":33120,"kind":"sampled","unit":80,"class":4,"bound_ms":30000,"quality":"GOOD","age_ms":424,"ts":273929,"updates":26,"value":273}
1791637312.686 {"t":"ns","node":33120,"hash":3085599597,"owner":33120,"kind":"sampled","unit":0,"class":4,"bound_ms":5000,"quality":"GOOD","age_ms":437,"ts":273930,"updates":26,"value":-19}
1791637312.686 {"t":"ns","node":33120,"hash":2486014333,"owner":33120,"kind":"sampled","unit":101,"class":4,"bound_ms":30000,"quality":"GOOD","age_ms":452,"ts":273929,"updates":26,"value":221771}
1791637322.830 {"t":"clk","node":33120,"up_ms":284396}
1791637322.830 {"t":"led","node":33120,"shows":"green","app":0}
1791637322.830 {"t":"event","at_ms":274475,"node":33120,"kind":"peer_admitted","peer":29544,"slot":0,"a":0,"b":0}
1791637322.830 {"t":"event","at_ms":274647,"node":33120,"kind":"peer_admitted","peer":25344,"slot":1,"a":0,"b":0}
1791637322.830 {"t":"event","at_ms":276475,"node":33120,"kind":"peer_admitted","peer":29544,"slot":0,"a":0,"b":0}
1791637322.830 {"t":"event","at_ms":276647,"node":33120,"kind":"peer_admitted","peer":25344,"slot":1,"a":0,"b":0}
1791637322.830 {"t":"event","at_ms":278475,"node":33120,"kind":"peer_admitted","peer":29544,"slot":0,"a":0,"b":0}
1791637322.830 {"t":"event","at_ms":278647,"node":33120,"kind":"peer_admitted","peer":25344,"slot":1,"a":0,"b":0}
1791637322.830 {"t":"event","at_ms":280475,"node":33120,"kind":"peer_admitted","peer":29544,"slot":0,"a":0,"b":0}
1791637322.830 {"t":"event","at_ms":280648,"node":33120,"kind":"peer_admitted","peer":25344,"slot":1,"a":0,"b":0}
1791637322.830 {"t":"event","at_ms":282475,"node":33120,"kind":"peer_admitted","peer":29544,"slot":0,"a":0,"b":0}
1791637322.830 {"t":"event","at_ms":282647,"node":33120,"kind":"peer_admitted","peer":25344,"slot":1,"a":0,"b":0}
1791637322.830 {"t":"event","at_ms":284475,"node":33120,"kind":"peer_admitted","peer":29544,"slot":0,"a":0,"b":0}
1791637322.830 {"t":"link","up_ms":284495,"node":33120,"peer":29544,"mac":"b8:1f:3f:da:73:68","state":"alive","epoch":171,"espnow_ver":2,"mtu":1446,"misses":0,"rssi":-10,"tx":{"frames":992,"cb_ok":991,"cb_fail":0,"enqueue_err":0,"pdr_ppm":1000000},"rx":{"frames":3961,"lost_seqgap":0,"reorder_dup":0,"dropped_bad":0,"hb_lost":2,"bcast_frames":2825,"pdr_ppm":1000000},"rtt":{"samples":141,"min_us":5518,"max_us":22142,"timeouts":0,"txq_last_us":3022,"txq_max_us":17804,"remote_turnaround_us":843,"remote_turnaround_max_us":1231,"p50_us":[4000,6000],"p99_us":[11000,16000],"hist":[0,0,0,0,111,23,4,2,0,1,0,0,0,0,0,0]}}
1791637322.830 {"t":"link","up_ms":284548,"node":33120,"peer":25344,"mac":"b8:1f:3f:da:63:00","state":"alive","epoch":244,"espnow_ver":2,"mtu":1446,"misses":0,"rssi":-20,"tx":{"frames":949,"cb_ok":949,"cb_fail":0,"enqueue_err":0,"pdr_ppm":1000000},"rx":{"frames":3725,"lost_seqgap":1,"reorder_dup":0,"dropped_bad":0,"hb_lost":183,"bcast_frames":2642,"pdr_ppm":999731},"rtt":{"samples":141,"min_us":5820,"max_us":17366,"timeouts":0,"txq_last_us":2996,"txq_max_us":5607,"remote_turnaround_us":1004,"remote_turnaround_max_us":1104,"p50_us":[6000,8000],"p99_us":[16000,22000],"hist":[0,0,0,0,34,100,4,1,2,0,0,0,0,0,0,0]}}
1791637322.830 {"t":"auth","node":33120,"up_ms":284603,"enrolled":1,"required":1,"verified_peers":2,"verified":2,"cache_hits":283,"refused":0,"rate_limited":0,"stale_epoch":0,"verify_us_max":84403,"link_stack_free_b":1528,"crypto_stack_free_b":1268,"tags_ok":1935,"bad_tag":0,"replayed":0,"untagged":0,"bcast_dropped":0,"beacon_epoch_ignored":0,"tag_us_max":1302}
1791637322.830 {"t":"act","node":33120,"setpoint":0,"has_value":0,"writes_served":0}
1791637322.831 {"t":"peers","node":33120,"own_period_ms":100,"own_busy":0,"channel":1,"scanning":0,"scans":0,"hops":0,"found":0,"lost_to_found_ms":0,"moves_followed":0,"moves_refused":0,"sweeps":0,"sweep_found":0,"sweeping":0,"search_visits":0,"relay":0,"fwd_u":0,"fwd_b":0,"fwd_h":0,"relay_dup":2782,"list":[{"id":29544,"state":"alive","via_relay":0,"period_ms":100,"misses":6,"busy":1,"rtt_n":141},{"id":25344,"state":"alive","via_relay":0,"period_ms":100,"misses":6,"busy":0,"rtt_n":141}]}
1791637322.831 {"t":"ss","node":33120,"accepted":0,"unsigned":0,"unknown_sender":0,"bad_signature":0,"replayed":0,"rate_limited":0,"verify_us_max":0,"floors":[{"src":25344,"epoch":139,"counter":1}]}
1791637322.831 {"t":"rec","node":33120,"up_ms":284688,"settled":1,"sent":1133,"received":1124,"malformed":0,"views":1,"replies_fenced":0,"actors":[{"key":1245650351,"running":0,"term":0,"owner":25344,"owner_term":9,"assigned":25344,"starts":0,"fenced":0,"released":0}]}
1791637323.201 {"t":"node","up_ms":284714,"node":33120,"epoch":293,"peers_alive":2,"peers_dead":0,"no_radio":0,"free_dram":221771,"largest_block":147456,"rx":{"total":13395,"bad_frame":0,"unknown_peer":12,"wrong_dst":0,"short_payload":0,"unknown_opcode":0,"queue_dropped":52},"tx":{"total":4915,"enqueue_err":0,"done_queue_dropped":0},"membership":{"deaths":0,"revivals":0,"reboots_seen":0,"table_full":0,"events_dropped":0}}
1791637323.201 {"t":"ns","node":33120,"hash":13581963,"owner":33120,"kind":"sampled","unit":100,"class":4,"bound_ms":5000,"quality":"GOOD","age_ms":357,"ts":284397,"updates":27,"value":2}
1791637323.201 {"t":"ns","node":33120,"hash":3142365229,"owner":33120,"kind":"sampled","unit":101,"class":4,"bound_ms":30000,"quality":"GOOD","age_ms":371,"ts":284397,"updates":27,"value":147456}
1791637323.201 {"t":"ns","node":33120,"hash":1245650351,"owner":25344,"kind":"sampled","unit":0,"class":3,"bound_ms":500,"quality":"NO_DATA","age_ms":0,"ts":0,"updates":0,"value":null}
1791637323.201 {"t":"ns","node":33120,"hash":2033492666,"owner":33120,"kind":"sampled","unit":0,"class":3,"bound_ms":0,"quality":"NO_DATA","age_ms":0,"ts":0,"updates":0,"value":null}
1791637323.201 {"t":"ns","node":33120,"hash":2347817554,"owner":33120,"kind":"sampled","unit":100,"class":4,"bound_ms":0,"quality":"GOOD","age_ms":414,"ts":284397,"updates":27,"value":293}
1791637323.201 {"t":"ns","node":33120,"hash":1170356950,"owner":33120,"kind":"sampled","unit":80,"class":4,"bound_ms":30000,"quality":"GOOD","age_ms":429,"ts":284397,"updates":27,"value":284}
1791637323.201 {"t":"ns","node":33120,"hash":3085599597,"owner":33120,"kind":"sampled","unit":0,"class":4,"bound_ms":5000,"quality":"GOOD","age_ms":442,"ts":284398,"updates":27,"value":-20}
1791637323.201 {"t":"ns","node":33120,"hash":2486014333,"owner":33120,"kind":"sampled","unit":101,"class":4,"bound_ms":30000,"quality":"GOOD","age_ms":457,"ts":284397,"updates":27,"value":221771}
1791637323.201 {"t":"wasm_run","run":5,"us":33965662,"same":true,"error":"none"}
1791637323.201 {"t":"wasm_run","phase":"done","stack_free_min_b":11916}
1791637333.299 {"t":"clk","node":33120,"up_ms":294869}
1791637333.299 {"t":"led","node":33120,"shows":"yellow","app":0}
1791637333.299 {"t":"event","at_ms":284647,"node":33120,"kind":"peer_admitted","peer":25344,"slot":1,"a":0,"b":0}
1791637333.299 {"t":"event","at_ms":286475,"node":33120,"kind":"peer_admitted","peer":29544,"slot":0,"a":0,"b":0}
1791637333.299 {"t":"event","at_ms":286646,"node":33120,"kind":"peer_admitted","peer":25344,"slot":1,"a":0,"b":0}
1791637333.299 {"t":"event","at_ms":288475,"node":33120,"kind":"peer_admitted","peer":29544,"slot":0,"a":0,"b":0}
1791637333.299 {"t":"event","at_ms":288646,"node":33120,"kind":"peer_admitted","peer":25344,"slot":1,"a":0,"b":0}
1791637333.299 {"t":"event","at_ms":290475,"node":33120,"kind":"peer_admitted","peer":29544,"slot":0,"a":0,"b":0}
1791637333.299 {"t":"event","at_ms":290648,"node":33120,"kind":"peer_admitted","peer":25344,"slot":1,"a":0,"b":0}
1791637333.299 {"t":"event","at_ms":292475,"node":33120,"kind":"peer_admitted","peer":29544,"slot":0,"a":0,"b":0}
1791637333.299 {"t":"event","at_ms":292646,"node":33120,"kind":"peer_admitted","peer":25344,"slot":1,"a":0,"b":0}
1791637333.299 {"t":"event","at_ms":294475,"node":33120,"kind":"peer_admitted","peer":29544,"slot":0,"a":0,"b":0}
1791637333.299 {"t":"event","at_ms":294646,"node":33120,"kind":"peer_admitted","peer":25344,"slot":1,"a":0,"b":0}
1791637333.299 {"t":"link","up_ms":294966,"node":33120,"peer":29544,"mac":"b8:1f:3f:da:73:68","state":"alive","epoch":171,"espnow_ver":2,"mtu":1446,"misses":0,"rssi":-10,"tx":{"frames":1029,"cb_ok":1029,"cb_fail":0,"enqueue_err":0,"pdr_ppm":1000000},"rx":{"frames":4108,"lost_seqgap":0,"reorder_dup":0,"dropped_bad":0,"hb_lost":2,"bcast_frames":2930,"pdr_ppm":1000000},"rtt":{"samples":147,"min_us":5518,"max_us":22142,"timeouts":0,"txq_last_us":4555,"txq_max_us":17804,"remote_turnaround_us":862,"remote_turnaround_max_us":1231,"p50_us":[4000,6000],"p99_us":[11000,16000],"hist":[0,0,0,0,115,25,4,2,0,1,0,0,0,0,0,0]}}
1791637333.299 {"t":"link","up_ms":295019,"node":33120,"peer":25344,"mac":"b8:1f:3f:da:63:00","state":"alive","epoch":244,"espnow_ver":2,"mtu":1446,"misses":0,"rssi":-20,"tx":{"frames":984,"cb_ok":984,"cb_fail":0,"enqueue_err":0,"pdr_ppm":1000000},"rx":{"frames":3859,"lost_seqgap":1,"reorder_dup":0,"dropped_bad":0,"hb_lost":194,"bcast_frames":2736,"pdr_ppm":999740},"rtt":{"samples":146,"min_us":5820,"max_us":17366,"timeouts":0,"txq_last_us":2832,"txq_max_us":5607,"remote_turnaround_us":1017,"remote_turnaround_max_us":1104,"p50_us":[6000,8000],"p99_us":[16000,22000],"hist":[0,0,0,0,38,101,4,1,2,0,0,0,0,0,0,0]}}
1791637333.299 {"t":"auth","node":33120,"up_ms":295074,"enrolled":1,"required":1,"verified_peers":2,"verified":2,"cache_hits":294,"refused":0,"rate_limited":0,"stale_epoch":0,"verify_us_max":84403,"link_stack_free_b":1528,"crypto_stack_free_b":1268,"tags_ok":2006,"bad_tag":0,"replayed":0,"untagged":0,"bcast_dropped":0,"beacon_epoch_ignored":0,"tag_us_max":1302}
1791637333.299 {"t":"act","node":33120,"setpoint":0,"has_value":0,"writes_served":0}
1791637333.299 {"t":"peers","node":33120,"own_period_ms":100,"own_busy":0,"channel":1,"scanning":0,"scans":0,"hops":0,"found":0,"lost_to_found_ms":0,"moves_followed":0,"moves_refused":0,"sweeps":0,"sweep_found":0,"sweeping":0,"search_visits":0,"relay":0,"fwd_u":0,"fwd_b":0,"fwd_h":0,"relay_dup":2882,"list":[{"id":29544,"state":"alive","via_relay":0,"period_ms":100,"misses":6,"busy":1,"rtt_n":147},{"id":25344,"state":"alive","via_relay":0,"period_ms":100,"misses":6,"busy":0,"rtt_n":146}]}
1791637333.299 {"t":"ss","node":33120,"accepted":0,"unsigned":0,"unknown_sender":0,"bad_signature":0,"replayed":0,"rate_limited":0,"verify_us_max":0,"floors":[{"src":25344,"epoch":139,"counter":1}]}
1791637333.299 {"t":"rec","node":33120,"up_ms":295169,"settled":1,"sent":1175,"received":1166,"malformed":0,"views":1,"replies_fenced":0,"actors":[{"key":1245650351,"running":0,"term":0,"owner":25344,"owner_term":9,"assigned":25344,"starts":0,"fenced":0,"released":0}]}
1791637333.631 {"t":"node","up_ms":295184,"node":33120,"epoch":293,"peers_alive":2,"peers_dead":0,"no_radio":0,"free_dram":250275,"largest_block":172032,"rx":{"total":13884,"bad_frame":0,"unknown_peer":12,"wrong_dst":0,"short_payload":0,"unknown_opcode":0,"queue_dropped":52},"tx":{"total":5096,"enqueue_err":0,"done_queue_dropped":0},"membership":{"deaths":0,"revivals":0,"reboots_seen":0,"table_full":0,"events_dropped":0}}
1791637333.631 {"t":"ns","node":33120,"hash":13581963,"owner":33120,"kind":"sampled","unit":100,"class":4,"bound_ms":5000,"quality":"GOOD","age_ms":353,"ts":294871,"updates":28,"value":2}
1791637333.631 {"t":"ns","node":33120,"hash":3142365229,"owner":33120,"kind":"sampled","unit":101,"class":4,"bound_ms":30000,"quality":"GOOD","age_ms":368,"ts":294870,"updates":28,"value":172032}
1791637333.631 {"t":"ns","node":33120,"hash":1245650351,"owner":25344,"kind":"sampled","unit":0,"class":3,"bound_ms":500,"quality":"NO_DATA","age_ms":0,"ts":0,"updates":0,"value":null}
1791637333.631 {"t":"ns","node":33120,"hash":2033492666,"owner":33120,"kind":"sampled","unit":0,"class":3,"bound_ms":0,"quality":"NO_DATA","age_ms":0,"ts":0,"updates":0,"value":null}
1791637333.631 {"t":"ns","node":33120,"hash":2347817554,"owner":33120,"kind":"sampled","unit":100,"class":4,"bound_ms":0,"quality":"GOOD","age_ms":410,"ts":294870,"updates":28,"value":293}
1791637333.631 {"t":"ns","node":33120,"hash":1170356950,"owner":33120,"kind":"sampled","unit":80,"class":4,"bound_ms":30000,"quality":"GOOD","age_ms":424,"ts":294870,"updates":28,"value":294}
1791637333.631 {"t":"ns","node":33120,"hash":3085599597,"owner":33120,"kind":"sampled","unit":0,"class":4,"bound_ms":5000,"quality":"GOOD","age_ms":448,"ts":294871,"updates":28,"value":-20}
1791637333.631 {"t":"ns","node":33120,"hash":2486014333,"owner":33120,"kind":"sampled","unit":101,"class":4,"bound_ms":30000,"quality":"GOOD","age_ms":463,"ts":294870,"updates":28,"value":250275}
1791637343.778 {"t":"clk","node":33120,"up_ms":305348}
1791637343.778 {"t":"led","node":33120,"shows":"green","app":0}
1791637343.778 {"t":"event","at_ms":296475,"node":33120,"kind":"peer_admitted","peer":29544,"slot":0,"a":0,"b":0}
1791637343.778 {"t":"event","at_ms":296646,"node":33120,"kind":"peer_admitted","peer":25344,"slot":1,"a":0,"b":0}
1791637343.778 {"t":"event","at_ms":298475,"node":33120,"kind":"peer_admitted","peer":29544,"slot":0,"a":0,"b":0}
1791637343.778 {"t":"event","at_ms":298646,"node":33120,"kind":"peer_admitted","peer":25344,"slot":1,"a":0,"b":0}
1791637343.778 {"t":"event","at_ms":300482,"node":33120,"kind":"peer_admitted","peer":29544,"slot":0,"a":0,"b":0}
1791637343.778 {"t":"event","at_ms":300678,"node":33120,"kind":"peer_admitted","peer":25344,"slot":1,"a":0,"b":0}
1791637343.778 {"t":"event","at_ms":302476,"node":33120,"kind":"peer_admitted","peer":29544,"slot":0,"a":0,"b":0}
1791637343.778 {"t":"event","at_ms":302646,"node":33120,"kind":"peer_admitted","peer":25344,"slot":1,"a":0,"b":0}
1791637343.778 {"t":"event","at_ms":304476,"node":33120,"kind":"peer_admitted","peer":29544,"slot":0,"a":0,"b":0}
1791637343.778 {"t":"event","at_ms":304646,"node":33120,"kind":"peer_admitted","peer":25344,"slot":1,"a":0,"b":0}
1791637343.778 {"t":"link","up_ms":305432,"node":33120,"peer":29544,"mac":"b8:1f:3f:da:73:68","state":"alive","epoch":171,"espnow_ver":2,"mtu":1446,"misses":0,"rssi":-10,"tx":{"frames":1065,"cb_ok":1065,"cb_fail":0,"enqueue_err":0,"pdr_ppm":1000000},"rx":{"frames":4252,"lost_seqgap":0,"reorder_dup":0,"dropped_bad":0,"hb_lost":3,"bcast_frames":3033,"pdr_ppm":1000000},"rtt":{"samples":152,"min_us":5518,"max_us":22142,"timeouts":0,"txq_last_us":4555,"txq_max_us":17804,"remote_turnaround_us":830,"remote_turnaround_max_us":1231,"p50_us":[4000,6000],"p99_us":[11000,16000],"hist":[0,0,0,0,120,25,4,2,0,1,0,0,0,0,0,0]}}
1791637343.778 {"t":"link","up_ms":305487,"node":33120,"peer":25344,"mac":"b8:1f:3f:da:63:00","state":"alive","epoch":244,"espnow_ver":2,"mtu":1446,"misses":0,"rssi":-20,"tx":{"frames":1019,"cb_ok":1019,"cb_fail":0,"enqueue_err":0,"pdr_ppm":1000000},"rx":{"frames":3993,"lost_seqgap":1,"reorder_dup":0,"dropped_bad":0,"hb_lost":204,"bcast_frames":2831,"pdr_ppm":999749},"rtt":{"samples":151,"min_us":5820,"max_us":17366,"timeouts":0,"txq_last_us":2832,"txq_max_us":5607,"remote_turnaround_us":1056,"remote_turnaround_max_us":1104,"p50_us":[6000,8000],"p99_us":[16000,22000],"hist":[0,0,0,0,41,103,4,1,2,0,0,0,0,0,0,0]}}
1791637343.778 {"t":"auth","node":33120,"up_ms":305541,"enrolled":1,"required":1,"verified_peers":2,"verified":2,"cache_hits":304,"refused":0,"rate_limited":0,"stale_epoch":0,"verify_us_max":84403,"link_stack_free_b":1528,"crypto_stack_free_b":1268,"tags_ok":2075,"bad_tag":0,"replayed":0,"untagged":0,"bcast_dropped":0,"beacon_epoch_ignored":0,"tag_us_max":1302}
1791637343.778 {"t":"act","node":33120,"setpoint":0,"has_value":0,"writes_served":0}
1791637343.778 {"t":"peers","node":33120,"own_period_ms":100,"own_busy":0,"channel":1,"scanning":0,"scans":0,"hops":0,"found":0,"lost_to_found_ms":0,"moves_followed":0,"moves_refused":0,"sweeps":0,"sweep_found":0,"sweeping":0,"search_visits":0,"relay":0,"fwd_u":0,"fwd_b":0,"fwd_h":0,"relay_dup":2982,"list":[{"id":29544,"state":"alive","via_relay":0,"period_ms":100,"misses":6,"busy":1,"rtt_n":152},{"id":25344,"state":"alive","via_relay":0,"period_ms":100,"misses":6,"busy":0,"rtt_n":151}]}
1791637343.778 {"t":"ss","node":33120,"accepted":0,"unsigned":0,"unknown_sender":0,"bad_signature":0,"replayed":0,"rate_limited":0,"verify_us_max":0,"floors":[{"src":25344,"epoch":139,"counter":1}]}
1791637343.778 {"t":"rec","node":33120,"up_ms":305637,"settled":1,"sent":1217,"received":1207,"malformed":0,"views":1,"replies_fenced":0,"actors":[{"key":1245650351,"running":0,"term":0,"owner":25344,"owner_term":9,"assigned":25344,"starts":0,"fenced":0,"released":0}]}
1791637343.778 {"t":"node","up_ms":305663,"node":33120,"epoch":293,"peers_alive":2,"peers_dead":0,"no_radio":0,"free_dram":250275,"largest_block":172032,"rx":{"total":14372,"bad_frame":0,"unknown_peer":12,"wrong_dst":0,"short_payload":0,"unknown_opcode":0,"queue_dropped":52},"tx":{"total":5277,"enqueue_err":0,"done_queue_dropped":0},"membership":{"deaths":0,"revivals":0,"reboots_seen":0,"table_full":0,"events_dropped":0}}
1791637344.104 {"t":"ns","node":33120,"hash":13581963,"owner":33120,"kind":"sampled","unit":100,"class":4,"bound_ms":5000,"quality":"GOOD","age_ms":343,"ts":305349,"updates":29,"value":2}
1791637344.104 {"t":"ns","node":33120,"hash":3142365229,"owner":33120,"kind":"sampled","unit":101,"class":4,"bound_ms":30000,"quality":"GOOD","age_ms":357,"ts":305349,"updates":29,"value":172032}
1791637344.104 {"t":"ns","node":33120,"hash":1245650351,"owner":25344,"kind":"sampled","unit":0,"class":3,"bound_ms":500,"quality":"NO_DATA","age_ms":0,"ts":0,"updates":0,"value":null}
1791637344.104 {"t":"ns","node":33120,"hash":2033492666,"owner":33120,"kind":"sampled","unit":0,"class":3,"bound_ms":0,"quality":"NO_DATA","age_ms":0,"ts":0,"updates":0,"value":null}
1791637344.104 {"t":"ns","node":33120,"hash":2347817554,"owner":33120,"kind":"sampled","unit":100,"class":4,"bound_ms":0,"quality":"GOOD","age_ms":410,"ts":305349,"updates":29,"value":293}
1791637344.104 {"t":"ns","node":33120,"hash":1170356950,"owner":33120,"kind":"sampled","unit":80,"class":4,"bound_ms":30000,"quality":"GOOD","age_ms":425,"ts":305349,"updates":29,"value":305}
1791637344.104 {"t":"ns","node":33120,"hash":3085599597,"owner":33120,"kind":"sampled","unit":0,"class":4,"bound_ms":5000,"quality":"GOOD","age_ms":438,"ts":305350,"updates":29,"value":-20}
1791637344.104 {"t":"ns","node":33120,"hash":2486014333,"owner":33120,"kind":"sampled","unit":101,"class":4,"bound_ms":30000,"quality":"GOOD","age_ms":453,"ts":305349,"updates":29,"value":250275}
1791637354.250 {"t":"clk","node":33120,"up_ms":315817}
1791637354.250 {"t":"led","node":33120,"shows":"green","app":0}
1791637354.250 {"t":"event","at_ms":306476,"node":33120,"kind":"peer_admitted","peer":29544,"slot":0,"a":0,"b":0}
1791637354.250 {"t":"event","at_ms":306646,"node":33120,"kind":"peer_admitted","peer":25344,"slot":1,"a":0,"b":0}
1791637354.250 {"t":"event","at_ms":308476,"node":33120,"kind":"peer_admitted","peer":29544,"slot":0,"a":0,"b":0}
1791637354.250 {"t":"event","at_ms":308646,"node":33120,"kind":"peer_admitted","peer":25344,"slot":1,"a":0,"b":0}
1791637354.250 {"t":"event","at_ms":310476,"node":33120,"kind":"peer_admitted","peer":29544,"slot":0,"a":0,"b":0}
1791637354.250 {"t":"event","at_ms":310646,"node":33120,"kind":"peer_admitted","peer":25344,"slot":1,"a":0,"b":0}
1791637354.250 {"t":"event","at_ms":312476,"node":33120,"kind":"peer_admitted","peer":29544,"slot":0,"a":0,"b":0}
1791637354.250 {"t":"event","at_ms":312646,"node":33120,"kind":"peer_admitted","peer":25344,"slot":1,"a":0,"b":0}
1791637354.250 {"t":"event","at_ms":314476,"node":33120,"kind":"peer_admitted","peer":29544,"slot":0,"a":0,"b":0}
1791637354.250 {"t":"event","at_ms":314646,"node":33120,"kind":"peer_admitted","peer":25344,"slot":1,"a":0,"b":0}
1791637354.250 {"t":"link","up_ms":315902,"node":33120,"peer":29544,"mac":"b8:1f:3f:da:73:68","state":"alive","epoch":171,"espnow_ver":2,"mtu":1446,"misses":0,"rssi":-10,"tx":{"frames":1101,"cb_ok":1101,"cb_fail":0,"enqueue_err":0,"pdr_ppm":1000000},"rx":{"frames":4399,"lost_seqgap":0,"reorder_dup":0,"dropped_bad":0,"hb_lost":3,"bcast_frames":3138,"pdr_ppm":1000000},"rtt":{"samples":157,"min_us":5518,"max_us":22142,"timeouts":0,"txq_last_us":4555,"txq_max_us":17804,"remote_turnaround_us":847,"remote_turnaround_max_us":1231,"p50_us":[4000,6000],"p99_us":[11000,16000],"hist":[0,0,0,0,125,25,4,2,0,1,0,0,0,0,0,0]}}
1791637354.250 {"t":"link","up_ms":315956,"node":33120,"peer":25344,"mac":"b8:1f:3f:da:63:00","state":"alive","epoch":244,"espnow_ver":2,"mtu":1446,"misses":0,"rssi":-20,"tx":{"frames":1054,"cb_ok":1054,"cb_fail":0,"enqueue_err":0,"pdr_ppm":1000000},"rx":{"frames":4131,"lost_seqgap":1,"reorder_dup":0,"dropped_bad":0,"hb_lost":211,"bcast_frames":2928,"pdr_ppm":999757},"rtt":{"samples":157,"min_us":5820,"max_us":17366,"timeouts":0,"txq_last_us":2832,"txq_max_us":5607,"remote_turnaround_us":1016,"remote_turnaround_max_us":1104,"p50_us":[6000,8000],"p99_us":[16000,22000],"hist":[0,0,0,0,46,104,4,1,2,0,0,0,0,0,0,0]}}
1791637354.250 {"t":"auth","node":33120,"up_ms":316010,"enrolled":1,"required":1,"verified_peers":2,"verified":2,"cache_hits":314,"refused":0,"rate_limited":0,"stale_epoch":0,"verify_us_max":84403,"link_stack_free_b":1528,"crypto_stack_free_b":1268,"tags_ok":2148,"bad_tag":0,"replayed":0,"untagged":0,"bcast_dropped":0,"beacon_epoch_ignored":0,"tag_us_max":1302}
1791637354.250 {"t":"act","node":33120,"setpoint":0,"has_value":0,"writes_served":0}
1791637354.250 {"t":"peers","node":33120,"own_period_ms":100,"own_busy":0,"channel":1,"scanning":0,"scans":0,"hops":0,"found":0,"lost_to_found_ms":0,"moves_followed":0,"moves_refused":0,"sweeps":0,"sweep_found":0,"sweeping":0,"search_visits":0,"relay":0,"fwd_u":0,"fwd_b":0,"fwd_h":0,"relay_dup":3084,"list":[{"id":29544,"state":"alive","via_relay":0,"period_ms":100,"misses":6,"busy":1,"rtt_n":157},{"id":25344,"state":"alive","via_relay":0,"period_ms":100,"misses":6,"busy":0,"rtt_n":157}]}
1791637354.250 {"t":"ss","node":33120,"accepted":0,"unsigned":0,"unknown_sender":0,"bad_signature":0,"replayed":0,"rate_limited":0,"verify_us_max":0,"floors":[{"src":25344,"epoch":139,"counter":1}]}
1791637354.250 {"t":"rec","node":33120,"up_ms":316105,"settled":1,"sent":1258,"received":1249,"malformed":0,"views":1,"replies_fenced":0,"actors":[{"key":1245650351,"running":0,"term":0,"owner":25344,"owner_term":9,"assigned":25344,"starts":0,"fenced":0,"released":0}]}
1791637354.250 {"t":"node","up_ms":316131,"node":33120,"epoch":293,"peers_alive":2,"peers_dead":0,"no_radio":0,"free_dram":250275,"largest_block":172032,"rx":{"total":14865,"bad_frame":0,"unknown_peer":12,"wrong_dst":0,"short_payload":0,"unknown_opcode":0,"queue_dropped":52},"tx":{"total":5458,"enqueue_err":0,"done_queue_dropped":0},"membership":{"deaths":0,"revivals":0,"reboots_seen":0,"table_full":0,"events_dropped":0}}
1791637354.576 {"t":"ns","node":33120,"hash":13581963,"owner":33120,"kind":"sampled","unit":100,"class":4,"bound_ms":5000,"quality":"GOOD","age_ms":343,"ts":315818,"updates":30,"value":2}
1791637354.576 {"t":"ns","node":33120,"hash":3142365229,"owner":33120,"kind":"sampled","unit":101,"class":4,"bound_ms":30000,"quality":"GOOD","age_ms":357,"ts":315818,"updates":30,"value":172032}
1791637354.576 {"t":"ns","node":33120,"hash":1245650351,"owner":25344,"kind":"sampled","unit":0,"class":3,"bound_ms":500,"quality":"NO_DATA","age_ms":0,"ts":0,"updates":0,"value":null}
1791637354.576 {"t":"ns","node":33120,"hash":2033492666,"owner":33120,"kind":"sampled","unit":0,"class":3,"bound_ms":0,"quality":"NO_DATA","age_ms":0,"ts":0,"updates":0,"value":null}
1791637354.576 {"t":"ns","node":33120,"hash":2347817554,"owner":33120,"kind":"sampled","unit":100,"class":4,"bound_ms":0,"quality":"GOOD","age_ms":410,"ts":315818,"updates":30,"value":293}
1791637354.576 {"t":"ns","node":33120,"hash":1170356950,"owner":33120,"kind":"sampled","unit":80,"class":4,"bound_ms":30000,"quality":"GOOD","age_ms":424,"ts":315818,"updates":30,"value":315}
1791637354.576 {"t":"ns","node":33120,"hash":3085599597,"owner":33120,"kind":"sampled","unit":0,"class":4,"bound_ms":5000,"quality":"GOOD","age_ms":437,"ts":315819,"updates":30,"value":-19}
1791637354.576 {"t":"ns","node":33120,"hash":2486014333,"owner":33120,"kind":"sampled","unit":101,"class":4,"bound_ms":30000,"quality":"GOOD","age_ms":452,"ts":315818,"updates":30,"value":250275}
1791637364.714 {"t":"clk","node":33120,"up_ms":326285}
1791637364.714 {"t":"led","node":33120,"shows":"green","app":0}
1791637364.714 {"t":"event","at_ms":316476,"node":33120,"kind":"peer_admitted","peer":29544,"slot":0,"a":0,"b":0}
1791637364.714 {"t":"event","at_ms":316646,"node":33120,"kind":"peer_admitted","peer":25344,"slot":1,"a":0,"b":0}
1791637364.714 {"t":"event","at_ms":318476,"node":33120,"kind":"peer_admitted","peer":29544,"slot":0,"a":0,"b":0}
1791637364.714 {"t":"event","at_ms":318646,"node":33120,"kind":"peer_admitted","peer":25344,"slot":1,"a":0,"b":0}
1791637364.714 {"t":"event","at_ms":320476,"node":33120,"kind":"peer_admitted","peer":29544,"slot":0,"a":0,"b":0}
1791637364.714 {"t":"event","at_ms":320646,"node":33120,"kind":"peer_admitted","peer":25344,"slot":1,"a":0,"b":0}
1791637364.714 {"t":"event","at_ms":322476,"node":33120,"kind":"peer_admitted","peer":29544,"slot":0,"a":0,"b":0}
1791637364.714 {"t":"event","at_ms":322648,"node":33120,"kind":"peer_admitted","peer":25344,"slot":1,"a":0,"b":0}
1791637364.714 {"t":"event","at_ms":324476,"node":33120,"kind":"peer_admitted","peer":29544,"slot":0,"a":0,"b":0}
1791637364.714 {"t":"event","at_ms":324646,"node":33120,"kind":"peer_admitted","peer":25344,"slot":1,"a":0,"b":0}
1791637364.714 {"t":"link","up_ms":326369,"node":33120,"peer":29544,"mac":"b8:1f:3f:da:73:68","state":"alive","epoch":171,"espnow_ver":2,"mtu":1446,"misses":0,"rssi":-10,"tx":{"frames":1137,"cb_ok":1137,"cb_fail":0,"enqueue_err":0,"pdr_ppm":1000000},"rx":{"frames":4545,"lost_seqgap":0,"reorder_dup":0,"dropped_bad":0,"hb_lost":3,"bcast_frames":3243,"pdr_ppm":1000000},"rtt":{"samples":162,"min_us":5518,"max_us":22142,"timeouts":0,"txq_last_us":4555,"txq_max_us":17804,"remote_turnaround_us":859,"remote_turnaround_max_us":1231,"p50_us":[4000,6000],"p99_us":[11000,16000],"hist":[0,0,0,0,129,25,5,2,0,1,0,0,0,0,0,0]}}
1791637364.714 {"t":"link","up_ms":326423,"node":33120,"peer":25344,"mac":"b8:1f:3f:da:63:00","state":"alive","epoch":244,"espnow_ver":2,"mtu":1446,"misses":0,"rssi":-20,"tx":{"frames":1089,"cb_ok":1089,"cb_fail":0,"enqueue_err":0,"pdr_ppm":1000000},"rx":{"frames":4273,"lost_seqgap":1,"reorder_dup":0,"dropped_bad":0,"hb_lost":214,"bcast_frames":3030,"pdr_ppm":999766},"rtt":{"samples":162,"min_us":5820,"max_us":17366,"timeouts":0,"txq_last_us":2832,"txq_max_us":5607,"remote_turnaround_us":1010,"remote_turnaround_max_us":1104,"p50_us":[6000,8000],"p99_us":[16000,22000],"hist":[0,0,0,0,49,106,4,1,2,0,0,0,0,0,0,0]}}
1791637364.714 {"t":"auth","node":33120,"up_ms":326478,"enrolled":1,"required":1,"verified_peers":2,"verified":2,"cache_hits":325,"refused":0,"rate_limited":0,"stale_epoch":0,"verify_us_max":84403,"link_stack_free_b":1528,"crypto_stack_free_b":1268,"tags_ok":2220,"bad_tag":0,"replayed":0,"untagged":0,"bcast_dropped":0,"beacon_epoch_ignored":0,"tag_us_max":1302}
1791637364.714 {"t":"act","node":33120,"setpoint":0,"has_value":0,"writes_served":0}
1791637364.714 {"t":"peers","node":33120,"own_period_ms":100,"own_busy":0,"channel":1,"scanning":0,"scans":0,"hops":0,"found":0,"lost_to_found_ms":0,"moves_followed":0,"moves_refused":0,"sweeps":0,"sweep_found":0,"sweeping":0,"search_visits":0,"relay":0,"fwd_u":0,"fwd_b":0,"fwd_h":0,"relay_dup":3191,"list":[{"id":29544,"state":"alive","via_relay":0,"period_ms":100,"misses":6,"busy":1,"rtt_n":162},{"id":25344,"state":"alive","via_relay":0,"period_ms":100,"misses":6,"busy":0,"rtt_n":162}]}
1791637364.714 {"t":"ss","node":33120,"accepted":0,"unsigned":0,"unknown_sender":0,"bad_signature":0,"replayed":0,"rate_limited":0,"verify_us_max":0,"floors":[{"src":25344,"epoch":139,"counter":1}]}
1791637364.714 {"t":"rec","node":33120,"up_ms":326573,"settled":1,"sent":1300,"received":1290,"malformed":0,"views":1,"replies_fenced":0,"actors":[{"key":1245650351,"running":0,"term":0,"owner":25344,"owner_term":9,"assigned":25344,"starts":0,"fenced":0,"released":0}]}
1791637364.714 {"t":"node","up_ms":326600,"node":33120,"epoch":293,"peers_alive":2,"peers_dead":0,"no_radio":0,"free_dram":250275,"largest_block":172032,"rx":{"total":15374,"bad_frame":0,"unknown_peer":12,"wrong_dst":0,"short_payload":0,"unknown_opcode":0,"queue_dropped":52},"tx":{"total":5640,"enqueue_err":0,"done_queue_dropped":0},"membership":{"deaths":0,"revivals":0,"reboots_seen":0,"table_full":0,"events_dropped":0}}
1791637365.037 {"t":"ns","node":33120,"hash":13581963,"owner":33120,"kind":"sampled","unit":100,"class":4,"bound_ms":5000,"quality":"GOOD","age_ms":343,"ts":326286,"updates":31,"value":2}
1791637365.037 {"t":"ns","node":33120,"hash":3142365229,"owner":33120,"kind":"sampled","unit":101,"class":4,"bound_ms":30000,"quality":"GOOD","age_ms":357,"ts":326286,"updates":31,"value":172032}
1791637365.037 {"t":"ns","node":33120,"hash":1245650351,"owner":25344,"kind":"sampled","unit":0,"class":3,"bound_ms":500,"quality":"NO_DATA","age_ms":0,"ts":0,"updates":0,"value":null}
1791637365.037 {"t":"ns","node":33120,"hash":2033492666,"owner":33120,"kind":"sampled","unit":0,"class":3,"bound_ms":0,"quality":"NO_DATA","age_ms":0,"ts":0,"updates":0,"value":null}
1791637365.037 {"t":"ns","node":33120,"hash":2347817554,"owner":33120,"kind":"sampled","unit":100,"class":4,"bound_ms":0,"quality":"GOOD","age_ms":411,"ts":326286,"updates":31,"value":293}
1791637365.037 {"t":"ns","node":33120,"hash":1170356950,"owner":33120,"kind":"sampled","unit":80,"class":4,"bound_ms":30000,"quality":"GOOD","age_ms":425,"ts":326286,"updates":31,"value":326}
1791637365.037 {"t":"ns","node":33120,"hash":3085599597,"owner":33120,"kind":"sampled","unit":0,"class":4,"bound_ms":5000,"quality":"GOOD","age_ms":438,"ts":326287,"updates":31,"value":-20}
1791637365.037 {"t":"ns","node":33120,"hash":2486014333,"owner":33120,"kind":"sampled","unit":101,"class":4,"bound_ms":30000,"quality":"GOOD","age_ms":453,"ts":326286,"updates":31,"value":250275}
1791637375.183 {"t":"clk","node":33120,"up_ms":336754}
1791637375.183 {"t":"led","node":33120,"shows":"green","app":0}
1791637375.183 {"t":"event","at_ms":326476,"node":33120,"kind":"peer_admitted","peer":29544,"slot":0,"a":0,"b":0}
1791637375.183 {"t":"event","at_ms":326647,"node":33120,"kind":"peer_admitted","peer":25344,"slot":1,"a":0,"b":0}
1791637375.183 {"t":"event","at_ms":328476,"node":33120,"kind":"peer_admitted","peer":29544,"slot":0,"a":0,"b":0}
1791637375.183 {"t":"event","at_ms":328646,"node":33120,"kind":"peer_admitted","peer":25344,"slot":1,"a":0,"b":0}
1791637375.183 {"t":"event","at_ms":330476,"node":33120,"kind":"peer_admitted","peer":29544,"slot":0,"a":0,"b":0}
1791637375.183 {"t":"event","at_ms":330646,"node":33120,"kind":"peer_admitted","peer":25344,"slot":1,"a":0,"b":0}
1791637375.183 {"t":"event","at_ms":332476,"node":33120,"kind":"peer_admitted","peer":29544,"slot":0,"a":0,"b":0}
1791637375.183 {"t":"event","at_ms":332646,"node":33120,"kind":"peer_admitted","peer":25344,"slot":1,"a":0,"b":0}
1791637375.183 {"t":"event","at_ms":334476,"node":33120,"kind":"peer_admitted","peer":29544,"slot":0,"a":0,"b":0}
1791637375.183 {"t":"event","at_ms":334646,"node":33120,"kind":"peer_admitted","peer":25344,"slot":1,"a":0,"b":0}
1791637375.183 {"t":"event","at_ms":336476,"node":33120,"kind":"peer_admitted","peer":29544,"slot":0,"a":0,"b":0}
1791637375.183 {"t":"event","at_ms":336646,"node":33120,"kind":"peer_admitted","peer":25344,"slot":1,"a":0,"b":0}
1791637375.183 {"t":"link","up_ms":336864,"node":33120,"peer":29544,"mac":"b8:1f:3f:da:73:68","state":"alive","epoch":171,"espnow_ver":2,"mtu":1446,"misses":0,"rssi":-10,"tx":{"frames":1176,"cb_ok":1175,"cb_fail":0,"enqueue_err":0,"pdr_ppm":1000000},"rx":{"frames":4694,"lost_seqgap":0,"reorder_dup":0,"dropped_bad":0,"hb_lost":3,"bcast_frames":3348,"pdr_ppm":1000000},"rtt":{"samples":168,"min_us":5518,"max_us":22142,"timeouts":0,"txq_last_us":4555,"txq_max_us":17804,"remote_turnaround_us":874,"remote_turnaround_max_us":1231,"p50_us":[4000,6000],"p99_us":[11000,16000],"hist":[0,0,0,0,135,25,5,2,0,1,0,0,0,0,0,0]}}
1791637375.183 {"t":"link","up_ms":336907,"node":33120,"peer":25344,"mac":"b8:1f:3f:da:63:00","state":"alive","epoch":244,"espnow_ver":2,"mtu":1446,"misses":0,"rssi":-20,"tx":{"frames":1124,"cb_ok":1124,"cb_fail":0,"enqueue_err":0,"pdr_ppm":1000000},"rx":{"frames":4413,"lost_seqgap":1,"reorder_dup":0,"dropped_bad":0,"hb_lost":219,"bcast_frames":3130,"pdr_ppm":999773},"rtt":{"samples":167,"min_us":5820,"max_us":17366,"timeouts":0,"txq_last_us":2832,"txq_max_us":5607,"remote_turnaround_us":1068,"remote_turnaround_max_us":1104,"p50_us":[6000,8000],"p99_us":[16000,22000],"hist":[0,0,0,0,53,107,4,1,2,0,0,0,0,0,0,0]}}
1791637375.183 {"t":"auth","node":33120,"up_ms":336962,"enrolled":1,"required":1,"verified_peers":2,"verified":2,"cache_hits":336,"refused":0,"rate_limited":0,"stale_epoch":0,"verify_us_max":84403,"link_stack_free_b":1528,"crypto_stack_free_b":1268,"tags_ok":2291,"bad_tag":0,"replayed":0,"untagged":0,"bcast_dropped":0,"beacon_epoch_ignored":0,"tag_us_max":1302}
1791637375.183 {"t":"act","node":33120,"setpoint":0,"has_value":0,"writes_served":0}
1791637375.183 {"t":"peers","node":33120,"own_period_ms":100,"own_busy":0,"channel":1,"scanning":0,"scans":0,"hops":0,"found":0,"lost_to_found_ms":0,"moves_followed":0,"moves_refused":0,"sweeps":0,"sweep_found":0,"sweeping":0,"search_visits":0,"relay":0,"fwd_u":0,"fwd_b":0,"fwd_h":0,"relay_dup":3297,"list":[{"id":29544,"state":"alive","via_relay":0,"period_ms":100,"misses":6,"busy":1,"rtt_n":168},{"id":25344,"state":"alive","via_relay":0,"period_ms":100,"misses":6,"busy":0,"rtt_n":167}]}
1791637375.183 {"t":"ss","node":33120,"accepted":0,"unsigned":0,"unknown_sender":0,"bad_signature":0,"replayed":0,"rate_limited":0,"verify_us_max":0,"floors":[{"src":25344,"epoch":139,"counter":1}]}
1791637375.183 {"t":"rec","node":33120,"up_ms":337057,"settled":1,"sent":1342,"received":1332,"malformed":0,"views":1,"replies_fenced":0,"actors":[{"key":1245650351,"running":0,"term":0,"owner":25344,"owner_term":9,"assigned":25344,"starts":0,"fenced":0,"released":0}]}
1791637375.535 {"t":"node","up_ms":337083,"node":33120,"epoch":293,"peers_alive":2,"peers_dead":0,"no_radio":0,"free_dram":250275,"largest_block":172032,"rx":{"total":15876,"bad_frame":0,"unknown_peer":12,"wrong_dst":0,"short_payload":0,"unknown_opcode":0,"queue_dropped":52},"tx":{"total":5822,"enqueue_err":0,"done_queue_dropped":0},"membership":{"deaths":0,"revivals":0,"reboots_seen":0,"table_full":0,"events_dropped":0}}
1791637375.535 {"t":"ns","node":33120,"hash":13581963,"owner":33120,"kind":"sampled","unit":100,"class":4,"bound_ms":5000,"quality":"GOOD","age_ms":368,"ts":336755,"updates":32,"value":2}
1791637375.535 {"t":"ns","node":33120,"hash":3142365229,"owner":33120,"kind":"sampled","unit":101,"class":4,"bound_ms":30000,"quality":"GOOD","age_ms":382,"ts":336755,"updates":32,"value":172032}
1791637375.535 {"t":"ns","node":33120,"hash":1245650351,"owner":25344,"kind":"sampled","unit":0,"class":3,"bound_ms":500,"quality":"NO_DATA","age_ms":0,"ts":0,"updates":0,"value":null}
1791637375.535 {"t":"ns","node":33120,"hash":2033492666,"owner":33120,"kind":"sampled","unit":0,"class":3,"bound_ms":0,"quality":"NO_DATA","age_ms":0,"ts":0,"updates":0,"value":null}
1791637375.535 {"t":"ns","node":33120,"hash":2347817554,"owner":33120,"kind":"sampled","unit":100,"class":4,"bound_ms":0,"quality":"GOOD","age_ms":424,"ts":336755,"updates":32,"value":293}
1791637375.535 {"t":"ns","node":33120,"hash":1170356950,"owner":33120,"kind":"sampled","unit":80,"class":4,"bound_ms":30000,"quality":"GOOD","age_ms":438,"ts":336755,"updates":32,"value":336}
1791637375.535 {"t":"ns","node":33120,"hash":3085599597,"owner":33120,"kind":"sampled","unit":0,"class":4,"bound_ms":5000,"quality":"GOOD","age_ms":451,"ts":336756,"updates":32,"value":-20}
1791637375.535 {"t":"ns","node":33120,"hash":2486014333,"owner":33120,"kind":"sampled","unit":101,"class":4,"bound_ms":30000,"quality":"GOOD","age_ms":467,"ts":336755,"updates":32,"value":250275}
