1791637067.387 {"t":"clk","node":25344,"up_ms":1796123}
1791637067.387 {"t":"led","node":25344,"shows":"red","app":0}
1791637067.387 {"t":"event","at_ms":1785841,"node":25344,"kind":"probe_timeout","peer":254,"slot":2,"a":959,"b":0}
1791637067.387 {"t":"event","at_ms":1787003,"node":25344,"kind":"peer_admitted","peer":33120,"slot":1,"a":0,"b":0}
1791637067.387 {"t":"event","at_ms":1787648,"node":25344,"kind":"peer_admitted","peer":29544,"slot":0,"a":0,"b":0}
1791637067.387 {"t":"event","at_ms":1788841,"node":25344,"kind":"probe_timeout","peer":254,"slot":2,"a":960,"b":0}
1791637067.387 {"t":"event","at_ms":1789003,"node":25344,"kind":"peer_admitted","peer":33120,"slot":1,"a":0,"b":0}
1791637067.387 {"t":"event","at_ms":1789649,"node":25344,"kind":"peer_admitted","peer":29544,"slot":0,"a":0,"b":0}
1791637067.387 {"t":"event","at_ms":1791003,"node":25344,"kind":"peer_admitted","peer":33120,"slot":1,"a":0,"b":0}
1791637067.387 {"t":"event","at_ms":1791648,"node":25344,"kind":"peer_admitted","peer":29544,"slot":0,"a":0,"b":0}
1791637067.387 {"t":"event","at_ms":1791841,"node":25344,"kind":"probe_timeout","peer":254,"slot":2,"a":961,"b":0}
1791637067.387 {"t":"event","at_ms":1793003,"node":25344,"kind":"peer_admitted","peer":33120,"slot":1,"a":0,"b":0}
1791637067.387 {"t":"event","at_ms":1793649,"node":25344,"kind":"peer_admitted","peer":29544,"slot":0,"a":0,"b":0}
1791637067.387 {"t":"event","at_ms":1794841,"node":25344,"kind":"probe_timeout","peer":254,"slot":2,"a":962,"b":0}
1791637067.387 {"t":"event","at_ms":1795004,"node":25344,"kind":"peer_admitted","peer":33120,"slot":1,"a":0,"b":0}
1791637067.387 {"t":"event","at_ms":1795649,"node":25344,"kind":"peer_admitted","peer":29544,"slot":0,"a":0,"b":0}
1791637067.387 {"t":"link","up_ms":1796250,"node":25344,"peer":29544,"mac":"b8:1f:3f:da:73:68","state":"alive","epoch":171,"espnow_ver":2,"mtu":1446,"misses":0,"rssi":-28,"tx":{"frames":6142,"cb_ok":6142,"cb_fail":0,"enqueue_err":0,"pdr_ppm":1000000},"rx":{"frames":25188,"lost_seqgap":0,"reorder_dup":0,"dropped_bad":0,"hb_lost":37,"bcast_frames":17908,"pdr_ppm":1000000},"rtt":{"samples":599,"min_us":5287,"max_us":23077,"timeouts":0,"txq_last_us":6210,"txq_max_us":16908,"remote_turnaround_us":825,"remote_turnaround_max_us":1949,"p50_us":[4000,6000],"p99_us":[11000,16000],"hist":[0,0,0,0,321,171,85,18,3,1,0,0,0,0,0,0]}}
1791637067.387 {"t":"link","up_ms":1796304,"node":25344,"peer":33120,"mac":"b8:1f:3f:da:81:60","state":"alive","epoch":293,"espnow_ver":2,"mtu":1446,"misses":0,"rssi":-20,"tx":{"frames":6756,"cb_ok":6686,"cb_fail":70,"enqueue_err":0,"pdr_ppm":989638},"rx":{"frames":23484,"lost_seqgap":1,"reorder_dup":0,"dropped_bad":0,"hb_lost":18,"bcast_frames":15889,"pdr_ppm":999957},"rtt":{"samples":531,"min_us":5666,"max_us":48794,"timeouts":66,"txq_last_us":3123,"txq_max_us":13949,"remote_turnaround_us":954,"remote_turnaround_max_us":33351,"p50_us":[4000,6000],"p99_us":[22000,30000],"hist":[0,0,0,0,328,102,72,18,4,2,3,2,0,0,0,0]}}
1791637067.387 {"t":"link","up_ms":1796359,"node":25344,"peer":254,"mac":"02:00:00:00:00:fe","state":"dead","epoch":0,"espnow_ver":0,"mtu":226,"misses":6,"rssi":0,"tx":{"frames":2486,"cb_ok":0,"cb_fail":0,"enqueue_err":0,"pdr_ppm":null},"rx":{"frames":3819,"lost_seqgap":0,"reorder_dup":3772,"dropped_bad":0,"hb_lost":0,"bcast_frames":0,"pdr_ppm":1000000},"rtt":{"samples":81,"min_us":7169,"max_us":102972,"timeouts":515,"txq_last_us":0,"txq_max_us":0,"remote_turnaround_us":14,"remote_turnaround_max_us":24,"p50_us":[42000,60000],"p99_us":[85000,110000],"hist":[0,0,0,0,0,1,0,2,5,6,1,49,15,2,0,0]}}
1791637067.387 {"t":"auth","node":25344,"up_ms":1796401,"enrolled":1,"required":1,"verified_peers":2,"verified":5,"cache_hits":1700,"refused":0,"rate_limited":0,"stale_epoch":0,"verify_us_max":82867,"link_stack_free_b":804,"crypto_stack_free_b":1268,"tags_ok":13170,"bad_tag":0,"replayed":0,"untagged":0,"bcast_dropped":0,"beacon_epoch_ignored":0,"tag_us_max":1160}
1791637067.387 {"t":"act","node":25344,"setpoint":0,"has_value":0,"writes_served":0}
1791637067.803 {"t":"peers","node":25344,"own_period_ms":100,"own_busy":0,"channel":1,"scanning":0,"scans":0,"hops":0,"found":0,"lost_to_found_ms":0,"moves_followed":0,"moves_refused":0,"sweeps":0,"sweep_found":0,"sweeping":0,"search_visits":0,"relay":0,"fwd_u":0,"fwd_b":0,"fwd_h":0,"relay_dup":16605,"list":[{"id":29544,"state":"alive","via_relay":0,"period_ms":100,"misses":6,"busy":1,"rtt_n":599},{"id":33120,"state":"alive","via_relay":0,"period_ms":100,"misses":6,"busy":0,"rtt_n":531},{"id":254,"state":"dead","via_relay":0,"period_ms":100,"misses":6,"busy":0,"rtt_n":81}]}
1791637067.803 {"t":"ss","node":25344,"accepted":0,"unsigned":0,"unknown_sender":0,"bad_signature":0,"replayed":0,"rate_limited":0,"verify_us_max":0,"floors":[]}
1791637067.803 {"t":"rec","node":25344,"up_ms":1796508,"settled":1,"sent":7179,"received":7165,"malformed":0,"views":17,"replies_fenced":0,"actors":[{"key":1245650351,"running":1,"term":9,"owner":25344,"owner_term":9,"assigned":25344,"starts":1,"fenced":0,"released":0}]}
1791637067.803 {"t":"node","up_ms":1796523,"node":25344,"epoch":244,"peers_alive":2,"peers_dead":1,"no_radio":0,"free_dram":250307,"largest_block":172032,"rx":{"total":87878,"bad_frame":0,"unknown_peer":80,"wrong_dst":0,"short_payload":0,"unknown_opcode":0,"queue_dropped":50},"tx":{"total":34234,"enqueue_err":0,"done_queue_dropped":0},"membership":{"deaths":8,"revivals":4,"reboots_seen":3,"table_full":0,"events_dropped":0}}
1791637067.803 {"t":"ns","node":25344,"hash":2410274060,"owner":25344,"kind":"sampled","unit":100,"class":4,"bound_ms":0,"quality":"GOOD","age_ms":439,"ts":1796124,"updates":170,"value":244}
1791637067.803 {"t":"ns","node":25344,"hash":1274253983,"owner":25344,"kind":"sampled","unit":0,"class":4,"bound_ms":5000,"quality":"GOOD","age_ms":452,"ts":1796125,"updates":170,"value":-28}
1791637067.803 {"t":"ns","node":25344,"hash":3354298913,"owner":25344,"kind":"sampled","unit":100,"class":4,"bound_ms":5000,"quality":"GOOD","age_ms":466,"ts":1796125,"updates":170,"value":2}
1791637067.803 {"t":"ns","node":25344,"hash":1771187623,"owner":25344,"kind":"sampled","unit":101,"class":4,"bound_ms":30000,"quality":"GOOD","age_ms":481,"ts":1796124,"updates":170,"value":250307}
1791637067.803 {"t":"ns","node":25344,"hash":1245650351,"owner":25344,"kind":"sampled","unit":0,"class":3,"bound_ms":500,"quality":"GOOD","age_ms":86,"ts":1796533,"updates":17860,"value":1660962244}
1791637067.803 {"t":"ns","node":25344,"hash":2033492666,"owner":25344,"kind":"sampled","unit":0,"class":3,"bound_ms":0,"quality":"NO_DATA","age_ms":0,"ts":0,"updates":0,"value":null}
1791637067.803 {"t":"ns","node":25344,"hash":4103947588,"owner":25344,"kind":"sampled","unit":80,"class":4,"bound_ms":30000,"quality":"GOOD","age_ms":535,"ts":1796124,"updates":170,"value":1796}
1791637067.803 {"t":"ns","node":25344,"hash":1662441583,"owner":25344,"kind":"sampled","unit":101,"class":4,"bound_ms":30000,"quality":"GOOD","age_ms":549,"ts":1796124,"updates":170,"value":172032}
1791637077.956 {"t":"clk","node":25344,"up_ms":1806687}
1791637077.956 {"t":"led","node":25344,"shows":"red","app":0}
1791637077.956 {"t":"event","at_ms":1797003,"node":25344,"kind":"peer_admitted","peer":33120,"slot":1,"a":0,"b":0}
1791637077.956 {"t":"event","at_ms":1797649,"node":25344,"kind":"peer_admitted","peer":29544,"slot":0,"a":0,"b":0}
1791637077.956 {"t":"event","at_ms":1797841,"node":25344,"kind":"probe_timeout","peer":254,"slot":2,"a":963,"b":0}
1791637077.956 {"t":"event","at_ms":1799003,"node":25344,"kind":"peer_admitted","peer":33120,"slot":1,"a":0,"b":0}
1791637077.956 {"t":"event","at_ms":1799649,"node":25344,"kind":"peer_admitted","peer":29544,"slot":0,"a":0,"b":0}
1791637077.956 {"t":"event","at_ms":1800841,"node":25344,"kind":"probe_timeout","peer":254,"slot":2,"a":964,"b":0}
1791637077.956 {"t":"event","at_ms":1801003,"node":25344,"kind":"peer_admitted","peer":33120,"slot":1,"a":0,"b":0}
1791637077.956 {"t":"event","at_ms":1801649,"node":25344,"kind":"peer_admitted","peer":29544,"slot":0,"a":0,"b":0}
1791637077.956 {"t":"event","at_ms":1803003,"node":25344,"kind":"peer_admitted","peer":33120,"slot":1,"a":0,"b":0}
1791637077.956 {"t":"event","at_ms":1803649,"node":25344,"kind":"peer_admitted","peer":29544,"slot":0,"a":0,"b":0}
1791637077.956 {"t":"event","at_ms":1803841,"node":25344,"kind":"probe_timeout","peer":254,"slot":2,"a":965,"b":0}
1791637077.956 {"t":"event","at_ms":1805003,"node":25344,"kind":"peer_admitted","peer":33120,"slot":1,"a":0,"b":0}
1791637077.956 {"t":"event","at_ms":1805649,"node":25344,"kind":"peer_admitted","peer":29544,"slot":0,"a":0,"b":0}
1791637077.956 {"t":"link","up_ms":1806799,"node":25344,"peer":29544,"mac":"b8:1f:3f:da:73:68","state":"alive","epoch":171,"espnow_ver":2,"mtu":1446,"misses":0,"rssi":-28,"tx":{"frames":6177,"cb_ok":6177,"cb_fail":0,"enqueue_err":0,"pdr_ppm":1000000},"rx":{"frames":25333,"lost_seqgap":0,"reorder_dup":0,"dropped_bad":0,"hb_lost":37,"bcast_frames":18013,"pdr_ppm":1000000},"rtt":{"samples":602,"min_us":5287,"max_us":23077,"timeouts":0,"txq_last_us":6210,"txq_max_us":16908,"remote_turnaround_us":842,"remote_turnaround_max_us":1949,"p50_us":[4000,6000],"p99_us":[11000,16000],"hist":[0,0,0,0,324,171,85,18,3,1,0,0,0,0,0,0]}}
1791637077.956 {"t":"link","up_ms":1806853,"node":25344,"peer":33120,"mac":"b8:1f:3f:da:81:60","state":"alive","epoch":293,"espnow_ver":2,"mtu":1446,"misses":0,"rssi":-21,"tx":{"frames":6790,"cb_ok":6720,"cb_fail":70,"enqueue_err":0,"pdr_ppm":989690},"rx":{"frames":23628,"lost_seqgap":1,"reorder_dup":0,"dropped_bad":0,"hb_lost":19,"bcast_frames":15994,"pdr_ppm":999957},"rtt":{"samples":534,"min_us":5666,"max_us":48794,"timeouts":66,"txq_last_us":3123,"txq_max_us":13949,"remote_turnaround_us":963,"remote_turnaround_max_us":33351,"p50_us":[4000,6000],"p99_us":[22000,30000],"hist":[0,0,0,0,331,102,72,18,4,2,3,2,0,0,0,0]}}
1791637077.956 {"t":"link","up_ms":1806907,"node":25344,"peer":254,"mac":"02:00:00:00:00:fe","state":"dead","epoch":0,"espnow_ver":0,"mtu":226,"misses":6,"rssi":0,"tx":{"frames":2490,"cb_ok":0,"cb_fail":0,"enqueue_err":0,"pdr_ppm":null},"rx":{"frames":3819,"lost_seqgap":0,"reorder_dup":3772,"dropped_bad":0,"hb_lost":0,"bcast_frames":0,"pdr_ppm":1000000},"rtt":{"samples":81,"min_us":7169,"max_us":102972,"timeouts":519,"txq_last_us":0,"txq_max_us":0,"remote_turnaround_us":14,"remote_turnaround_max_us":24,"p50_us":[42000,60000],"p99_us":[85000,110000],"hist":[0,0,0,0,0,1,0,2,5,6,1,49,15,2,0,0]}}
1791637077.956 {"t":"auth","node":25344,"up_ms":1806961,"enrolled":1,"required":1,"verified_peers":2,"verified":5,"cache_hits":1710,"refused":0,"rate_limited":0,"stale_epoch":0,"verify_us_max":82867,"link_stack_free_b":804,"crypto_stack_free_b":1268,"tags_ok":13241,"bad_tag":0,"replayed":0,"untagged":0,"bcast_dropped":0,"beacon_epoch_ignored":0,"tag_us_max":1167}
1791637077.956 {"t":"act","node":25344,"setpoint":0,"has_value":0,"writes_served":0}
1791637078.365 {"t":"peers","node":25344,"own_period_ms":100,"own_busy":0,"channel":1,"scanning":0,"scans":0,"hops":0,"found":0,"lost_to_found_ms":0,"moves_followed":0,"moves_refused":0,"sweeps":0,"sweep_found":0,"sweeping":0,"search_visits":0,"relay":0,"fwd_u":0,"fwd_b":0,"fwd_h":0,"relay_dup":16708,"list":[{"id":29544,"state":"alive","via_relay":0,"period_ms":100,"misses":6,"busy":1,"rtt_n":603},{"id":33120,"state":"alive","via_relay":0,"period_ms":100,"misses":6,"busy":0,"rtt_n":534},{"id":254,"state":"dead","via_relay":0,"period_ms":100,"misses":6,"busy":0,"rtt_n":81}]}
1791637078.365 {"t":"ss","node":25344,"accepted":0,"unsigned":0,"unknown_sender":0,"bad_signature":0,"replayed":0,"rate_limited":0,"verify_us_max":0,"floors":[]}
1791637078.365 {"t":"rec","node":25344,"up_ms":1807059,"settled":1,"sent":7221,"received":7208,"malformed":0,"views":17,"replies_fenced":0,"actors":[{"key":1245650351,"running":1,"term":9,"owner":25344,"owner_term":9,"assigned":25344,"starts":1,"fenced":0,"released":0}]}
1791637078.365 {"t":"node","up_ms":1807085,"node":25344,"epoch":244,"peers_alive":2,"peers_dead":1,"no_radio":0,"free_dram":250307,"largest_block":172032,"rx":{"total":88381,"bad_frame":0,"unknown_peer":80,"wrong_dst":0,"short_payload":0,"unknown_opcode":0,"queue_dropped":50},"tx":{"total":34421,"enqueue_err":0,"done_queue_dropped":0},"membership":{"deaths":8,"revivals":4,"reboots_seen":3,"table_full":0,"events_dropped":0}}
1791637078.365 {"t":"ns","node":25344,"hash":2410274060,"owner":25344,"kind":"sampled","unit":100,"class":4,"bound_ms":0,"quality":"GOOD","age_ms":426,"ts":1806688,"updates":171,"value":244}
1791637078.365 {"t":"ns","node":25344,"hash":1274253983,"owner":25344,"kind":"sampled","unit":0,"class":4,"bound_ms":5000,"quality":"GOOD","age_ms":439,"ts":1806689,"updates":171,"value":-28}
1791637078.365 {"t":"ns","node":25344,"hash":3354298913,"owner":25344,"kind":"sampled","unit":100,"class":4,"bound_ms":5000,"quality":"GOOD","age_ms":465,"ts":1806688,"updates":171,"value":2}
1791637078.365 {"t":"ns","node":25344,"hash":1771187623,"owner":25344,"kind":"sampled","unit":101,"class":4,"bound_ms":30000,"quality":"GOOD","age_ms":479,"ts":1806688,"updates":171,"value":250307}
1791637078.365 {"t":"ns","node":25344,"hash":1245650351,"owner":25344,"kind":"sampled","unit":0,"class":3,"bound_ms":500,"quality":"GOOD","age_ms":48,"ts":1807133,"updates":17966,"value":1660962350}
1791637078.365 {"t":"ns","node":25344,"hash":2033492666,"owner":25344,"kind":"sampled","unit":0,"class":3,"bound_ms":0,"quality":"NO_DATA","age_ms":0,"ts":0,"updates":0,"value":null}
1791637078.365 {"t":"ns","node":25344,"hash":4103947588,"owner":25344,"kind":"sampled","unit":80,"class":4,"bound_ms":30000,"quality":"GOOD","age_ms":521,"ts":1806688,"updates":171,"value":1806}
1791637078.365 {"t":"ns","node":25344,"hash":1662441583,"owner":25344,"kind":"sampled","unit":101,"class":4,"bound_ms":30000,"quality":"GOOD","age_ms":535,"ts":1806688,"updates":171,"value":172032}
1791637088.506 {"t":"clk","node":25344,"up_ms":1817238}
1791637088.506 {"t":"led","node":25344,"shows":"red","app":0}
1791637088.506 {"t":"event","at_ms":1806841,"node":25344,"kind":"probe_timeout","peer":254,"slot":2,"a":966,"b":0}
1791637088.506 {"t":"event","at_ms":1807003,"node":25344,"kind":"peer_admitted","peer":33120,"slot":1,"a":0,"b":0}
1791637088.506 {"t":"event","at_ms":1807651,"node":25344,"kind":"peer_admitted","peer":29544,"slot":0,"a":0,"b":0}
1791637088.506 {"t":"event","at_ms":1809003,"node":25344,"kind":"peer_admitted","peer":33120,"slot":1,"a":0,"b":0}
1791637088.506 {"t":"event","at_ms":1809649,"node":25344,"kind":"peer_admitted","peer":29544,"slot":0,"a":0,"b":0}
1791637088.506 {"t":"event","at_ms":1809841,"node":25344,"kind":"probe_timeout","peer":254,"slot":2,"a":967,"b":0}
1791637088.506 {"t":"event","at_ms":1811003,"node":25344,"kind":"peer_admitted","peer":33120,"slot":1,"a":0,"b":0}
1791637088.506 {"t":"event","at_ms":1811649,"node":25344,"kind":"peer_admitted","peer":29544,"slot":0,"a":0,"b":0}
1791637088.506 {"t":"event","at_ms":1812841,"node":25344,"kind":"probe_timeout","peer":254,"slot":2,"a":968,"b":0}
1791637088.506 {"t":"event","at_ms":1813003,"node":25344,"kind":"peer_admitted","peer":33120,"slot":1,"a":0,"b":0}
1791637088.506 {"t":"event","at_ms":1813649,"node":25344,"kind":"peer_admitted","peer":29544,"slot":0,"a":0,"b":0}
1791637088.506 {"t":"event","at_ms":1815003,"node":25344,"kind":"peer_admitted","peer":33120,"slot":1,"a":0,"b":0}
1791637088.506 {"t":"event","at_ms":1815649,"node":25344,"kind":"peer_admitted","peer":29544,"slot":0,"a":0,"b":0}
1791637088.506 {"t":"event","at_ms":1815841,"node":25344,"kind":"probe_timeout","peer":254,"slot":2,"a":969,"b":0}
1791637088.506 {"t":"event","at_ms":1817003,"node":25344,"kind":"peer_admitted","peer":33120,"slot":1,"a":0,"b":0}
1791637088.506 {"t":"link","up_ms":1817376,"node":25344,"peer":29544,"mac":"b8:1f:3f:da:73:68","state":"alive","epoch":171,"espnow_ver":2,"mtu":1446,"misses":0,"rssi":-28,"tx":{"frames":6212,"cb_ok":6212,"cb_fail":0,"enqueue_err":0,"pdr_ppm":1000000},"rx":{"frames":25479,"lost_seqgap":0,"reorder_dup":0,"dropped_bad":0,"hb_lost":37,"bcast_frames":18119,"pdr_ppm":1000000},"rtt":{"samples":606,"min_us":5287,"max_us":23077,"timeouts":0,"txq_last_us":6210,"txq_max_us":16908,"remote_turnaround_us":834,"remote_turnaround_max_us":1949,"p50_us":[4000,6000],"p99_us":[11000,16000],"hist":[0,0,0,0,328,171,85,18,3,1,0,0,0,0,0,0]}}
1791637088.506 {"t":"link","up_ms":1817430,"node":25344,"peer":33120,"mac":"b8:1f:3f:da:81:60","state":"alive","epoch":293,"espnow_ver":2,"mtu":1446,"misses":0,"rssi":-21,"tx":{"frames":6827,"cb_ok":6757,"cb_fail":70,"enqueue_err":0,"pdr_ppm":989746},"rx":{"frames":23774,"lost_seqgap":1,"reorder_dup":0,"dropped_bad":0,"hb_lost":20,"bcast_frames":16098,"pdr_ppm":999957},"rtt":{"samples":538,"min_us":5666,"max_us":48794,"timeouts":66,"txq_last_us":3123,"txq_max_us":13949,"remote_turnaround_us":961,"remote_turnaround_max_us":33351,"p50_us":[4000,6000],"p99_us":[22000,30000],"hist":[0,0,0,0,335,102,72,18,4,2,3,2,0,0,0,0]}}
1791637088.506 {"t":"link","up_ms":1817473,"node":25344,"peer":254,"mac":"02:00:00:00:00:fe","state":"dead","epoch":0,"espnow_ver":0,"mtu":226,"misses":6,"rssi":0,"tx":{"frames":2493,"cb_ok":0,"cb_fail":0,"enqueue_err":0,"pdr_ppm":null},"rx":{"frames":3819,"lost_seqgap":0,"reorder_dup":3772,"dropped_bad":0,"hb_lost":0,"bcast_frames":0,"pdr_ppm":1000000},"rtt":{"samples":81,"min_us":7169,"max_us":102972,"timeouts":522,"txq_last_us":0,"txq_max_us":0,"remote_turnaround_us":14,"remote_turnaround_max_us":24,"p50_us":[42000,60000],"p99_us":[85000,110000],"hist":[0,0,0,0,0,1,0,2,5,6,1,49,15,2,0,0]}}
1791637088.506 {"t":"auth","node":25344,"up_ms":1817527,"enrolled":1,"required":1,"verified_peers":2,"verified":5,"cache_hits":1721,"refused":0,"rate_limited":0,"stale_epoch":0,"verify_us_max":82867,"link_stack_free_b":804,"crypto_stack_free_b":1268,"tags_ok":13311,"bad_tag":0,"replayed":0,"untagged":0,"bcast_dropped":0,"beacon_epoch_ignored":0,"tag_us_max":1167}
1791637088.506 {"t":"act","node":25344,"setpoint":0,"has_value":0,"writes_served":0}
1791637088.934 {"t":"peers","node":25344,"own_period_ms":100,"own_busy":0,"channel":1,"scanning":0,"scans":0,"hops":0,"found":0,"lost_to_found_ms":0,"moves_followed":0,"moves_refused":0,"sweeps":0,"sweep_found":0,"sweeping":0,"search_visits":0,"relay":0,"fwd_u":0,"fwd_b":0,"fwd_h":0,"relay_dup":16812,"list":[{"id":29544,"state":"alive","via_relay":0,"period_ms":100,"misses":6,"busy":1,"rtt_n":606},{"id":33120,"state":"alive","via_relay":0,"period_ms":100,"misses":6,"busy":0,"rtt_n":538},{"id":254,"state":"dead","via_relay":0,"period_ms":100,"misses":6,"busy":0,"rtt_n":81}]}
1791637088.934 {"t":"ss","node":25344,"accepted":0,"unsigned":0,"unknown_sender":0,"bad_signature":0,"replayed":0,"rate_limited":0,"verify_us_max":0,"floors":[]}
1791637088.934 {"t":"rec","node":25344,"up_ms":1817623,"settled":1,"sent":7263,"received":7250,"malformed":0,"views":17,"replies_fenced":0,"actors":[{"key":1245650351,"running":1,"term":9,"owner":25344,"owner_term":9,"assigned":25344,"starts":1,"fenced":0,"released":0}]}
1791637088.934 {"t":"node","up_ms":1817650,"node":25344,"epoch":244,"peers_alive":2,"peers_dead":1,"no_radio":0,"free_dram":250087,"largest_block":172032,"rx":{"total":88882,"bad_frame":0,"unknown_peer":80,"wrong_dst":0,"short_payload":0,"unknown_opcode":0,"queue_dropped":50},"tx":{"total":34605,"enqueue_err":0,"done_queue_dropped":0},"membership":{"deaths":8,"revivals":4,"reboots_seen":3,"table_full":0,"events_dropped":0}}
1791637088.934 {"t":"ns","node":25344,"hash":2410274060,"owner":25344,"kind":"sampled","unit":100,"class":4,"bound_ms":0,"quality":"GOOD","age_ms":450,"ts":1817240,"updates":172,"value":244}
1791637088.934 {"t":"ns","node":25344,"hash":1274253983,"owner":25344,"kind":"sampled","unit":0,"class":4,"bound_ms":5000,"quality":"GOOD","age_ms":464,"ts":1817240,"updates":172,"value":-28}
1791637088.934 {"t":"ns","node":25344,"hash":3354298913,"owner":25344,"kind":"sampled","unit":100,"class":4,"bound_ms":5000,"quality":"GOOD","age_ms":478,"ts":1817240,"updates":172,"value":2}
1791637088.934 {"t":"ns","node":25344,"hash":1771187623,"owner":25344,"kind":"sampled","unit":101,"class":4,"bound_ms":30000,"quality":"GOOD","age_ms":492,"ts":1817240,"updates":172,"value":250307}
1791637088.934 {"t":"ns","node":25344,"hash":1245650351,"owner":25344,"kind":"sampled","unit":0,"class":3,"bound_ms":500,"quality":"GOOD","age_ms":13,"ts":1817733,"updates":18072,"value":1660962456}
1791637088.934 {"t":"ns","node":25344,"hash":2033492666,"owner":25344,"kind":"sampled","unit":0,"class":3,"bound_ms":0,"quality":"NO_DATA","age_ms":0,"ts":0,"updates":0,"value":null}
1791637088.934 {"t":"ns","node":25344,"hash":4103947588,"owner":25344,"kind":"sampled","unit":80,"class":4,"bound_ms":30000,"quality":"GOOD","age_ms":534,"ts":1817240,"updates":172,"value":1817}
1791637088.934 {"t":"ns","node":25344,"hash":1662441583,"owner":25344,"kind":"sampled","unit":101,"class":4,"bound_ms":30000,"quality":"GOOD","age_ms":560,"ts":1817240,"updates":172,"value":172032}
1791637099.082 {"t":"clk","node":25344,"up_ms":1827814}
1791637099.082 {"t":"led","node":25344,"shows":"red","app":0}
1791637099.082 {"t":"event","at_ms":1817649,"node":25344,"kind":"peer_admitted","peer":29544,"slot":0,"a":0,"b":0}
1791637099.082 {"t":"event","at_ms":1818841,"node":25344,"kind":"probe_timeout","peer":254,"slot":2,"a":970,"b":0}
1791637099.082 {"t":"event","at_ms":1819003,"node":25344,"kind":"peer_admitted","peer":33120,"slot":1,"a":0,"b":0}
1791637099.082 {"t":"event","at_ms":1819649,"node":25344,"kind":"peer_admitted","peer":29544,"slot":0,"a":0,"b":0}
1791637099.082 {"t":"event","at_ms":1821003,"node":25344,"kind":"peer_admitted","peer":33120,"slot":1,"a":0,"b":0}
1791637099.082 {"t":"event","at_ms":1821649,"node":25344,"kind":"peer_admitted","peer":29544,"slot":0,"a":0,"b":0}
1791637099.082 {"t":"event","at_ms":1821841,"node":25344,"kind":"probe_timeout","peer":254,"slot":2,"a":971,"b":0}
1791637099.082 {"t":"event","at_ms":1823003,"node":25344,"kind":"peer_admitted","peer":33120,"slot":1,"a":0,"b":0}
1791637099.082 {"t":"event","at_ms":1823649,"node":25344,"kind":"peer_admitted","peer":29544,"slot":0,"a":0,"b":0}
1791637099.082 {"t":"event","at_ms":1824841,"node":25344,"kind":"probe_timeout","peer":254,"slot":2,"a":972,"b":0}
1791637099.082 {"t":"event","at_ms":1825003,"node":25344,"kind":"peer_admitted","peer":33120,"slot":1,"a":0,"b":0}
1791637099.082 {"t":"event","at_ms":1825649,"node":25344,"kind":"peer_admitted","peer":29544,"slot":0,"a":0,"b":0}
1791637099.082 {"t":"event","at_ms":1827003,"node":25344,"kind":"peer_admitted","peer":33120,"slot":1,"a":0,"b":0}
1791637099.082 {"t":"event","at_ms":1827652,"node":25344,"kind":"peer_admitted","peer":29544,"slot":0,"a":0,"b":0}
1791637099.082 {"t":"event","at_ms":1827841,"node":25344,"kind":"probe_timeout","peer":254,"slot":2,"a":973,"b":0}
1791637099.082 {"t":"link","up_ms":1827952,"node":25344,"peer":29544,"mac":"b8:1f:3f:da:73:68","state":"alive","epoch":171,"espnow_ver":2,"mtu":1446,"misses":0,"rssi":-28,"tx":{"frames":6248,"cb_ok":6248,"cb_fail":0,"enqueue_err":0,"pdr_ppm":1000000},"rx":{"frames":25627,"lost_seqgap":0,"reorder_dup":0,"dropped_bad":0,"hb_lost":37,"bcast_frames":18225,"pdr_ppm":1000000},"rtt":{"samples":610,"min_us":5287,"max_us":23077,"timeouts":0,"txq_last_us":6210,"txq_max_us":16908,"remote_turnaround_us":830,"remote_turnaround_max_us":1949,"p50_us":[4000,6000],"p99_us":[11000,16000],"hist":[0,0,0,0,332,171,85,18,3,1,0,0,0,0,0,0]}}
1791637099.082 {"t":"link","up_ms":1828006,"node":25344,"peer":33120,"mac":"b8:1f:3f:da:81:60","state":"alive","epoch":293,"espnow_ver":2,"mtu":1446,"misses":0,"rssi":-21,"tx":{"frames":6861,"cb_ok":6791,"cb_fail":70,"enqueue_err":0,"pdr_ppm":989797},"rx":{"frames":23918,"lost_seqgap":1,"reorder_dup":0,"dropped_bad":0,"hb_lost":22,"bcast_frames":16202,"pdr_ppm":999958},"rtt":{"samples":541,"min_us":5666,"max_us":48794,"timeouts":66,"txq_last_us":3123,"txq_max_us":13949,"remote_turnaround_us":960,"remote_turnaround_max_us":33351,"p50_us":[4000,6000],"p99_us":[22000,30000],"hist":[0,0,0,0,338,102,72,18,4,2,3,2,0,0,0,0]}}
1791637099.082 {"t":"link","up_ms":1828050,"node":25344,"peer":254,"mac":"02:00:00:00:00:fe","state":"dead","epoch":0,"espnow_ver":0,"mtu":226,"misses":6,"rssi":0,"tx":{"frames":2497,"cb_ok":0,"cb_fail":0,"enqueue_err":0,"pdr_ppm":null},"rx":{"frames":3819,"lost_seqgap":0,"reorder_dup":3772,"dropped_bad":0,"hb_lost":0,"bcast_frames":0,"pdr_ppm":1000000},"rtt":{"samples":81,"min_us":7169,"max_us":102972,"timeouts":526,"txq_last_us":0,"txq_max_us":0,"remote_turnaround_us":14,"remote_turnaround_max_us":24,"p50_us":[42000,60000],"p99_us":[85000,110000],"hist":[0,0,0,0,0,1,0,2,5,6,1,49,15,2,0,0]}}
1791637099.082 {"t":"auth","node":25344,"up_ms":1828104,"enrolled":1,"required":1,"verified_peers":2,"verified":5,"cache_hits":1732,"refused":0,"rate_limited":0,"stale_epoch":0,"verify_us_max":82867,"link_stack_free_b":804,"crypto_stack_free_b":1268,"tags_ok":13383,"bad_tag":0,"replayed":0,"untagged":0,"bcast_dropped":0,"beacon_epoch_ignored":0,"tag_us_max":1167}
1791637099.082 {"t":"act","node":25344,"setpoint":0,"has_value":0,"writes_served":0}
1791637099.505 {"t":"peers","node":25344,"own_period_ms":100,"own_busy":0,"channel":1,"scanning":0,"scans":0,"hops":0,"found":0,"lost_to_found_ms":0,"moves_followed":0,"moves_refused":0,"sweeps":0,"sweep_found":0,"sweeping":0,"search_visits":0,"relay":0,"fwd_u":0,"fwd_b":0,"fwd_h":0,"relay_dup":16912,"list":[{"id":29544,"state":"alive","via_relay":0,"period_ms":100,"misses":6,"busy":1,"rtt_n":610},{"id":33120,"state":"alive","via_relay":0,"period_ms":100,"misses":6,"busy":0,"rtt_n":541},{"id":254,"state":"dead","via_relay":0,"period_ms":100,"misses":6,"busy":0,"rtt_n":81}]}
1791637099.505 {"t":"ss","node":25344,"accepted":0,"unsigned":0,"unknown_sender":0,"bad_signature":0,"replayed":0,"rate_limited":0,"verify_us_max":0,"floors":[]}
1791637099.505 {"t":"rec","node":25344,"up_ms":1828199,"settled":1,"sent":7305,"received":7292,"malformed":0,"views":17,"replies_fenced":0,"actors":[{"key":1245650351,"running":1,"term":9,"owner":25344,"owner_term":9,"assigned":25344,"starts":1,"fenced":0,"released":0}]}
1791637099.505 {"t":"node","up_ms":1828226,"node":25344,"epoch":244,"peers_alive":2,"peers_dead":1,"no_radio":0,"free_dram":250307,"largest_block":172032,"rx":{"total":89372,"bad_frame":0,"unknown_peer":80,"wrong_dst":0,"short_payload":0,"unknown_opcode":0,"queue_dropped":50},"tx":{"total":34789,"enqueue_err":0,"done_queue_dropped":0},"membership":{"deaths":8,"revivals":4,"reboots_seen":3,"table_full":0,"events_dropped":0}}
1791637099.505 {"t":"ns","node":25344,"hash":2410274060,"owner":25344,"kind":"sampled","unit":100,"class":4,"bound_ms":0,"quality":"GOOD","age_ms":450,"ts":1827816,"updates":173,"value":244}
1791637099.505 {"t":"ns","node":25344,"hash":1274253983,"owner":25344,"kind":"sampled","unit":0,"class":4,"bound_ms":5000,"quality":"GOOD","age_ms":464,"ts":1827816,"updates":173,"value":-28}
1791637099.505 {"t":"ns","node":25344,"hash":3354298913,"owner":25344,"kind":"sampled","unit":100,"class":4,"bound_ms":5000,"quality":"GOOD","age_ms":478,"ts":1827816,"updates":173,"value":2}
1791637099.505 {"t":"ns","node":25344,"hash":1771187623,"owner":25344,"kind":"sampled","unit":101,"class":4,"bound_ms":30000,"quality":"GOOD","age_ms":493,"ts":1827815,"updates":173,"value":250307}
1791637099.505 {"t":"ns","node":25344,"hash":1245650351,"owner":25344,"kind":"sampled","unit":0,"class":3,"bound_ms":500,"quality":"GOOD","age_ms":89,"ts":1828233,"updates":18177,"value":1660962561}
1791637099.505 {"t":"ns","node":25344,"hash":2033492666,"owner":25344,"kind":"sampled","unit":0,"class":3,"bound_ms":0,"quality":"NO_DATA","age_ms":0,"ts":0,"updates":0,"value":null}
1791637099.505 {"t":"ns","node":25344,"hash":4103947588,"owner":25344,"kind":"sampled","unit":80,"class":4,"bound_ms":30000,"quality":"GOOD","age_ms":535,"ts":1827816,"updates":173,"value":1827}
1791637099.505 {"t":"ns","node":25344,"hash":1662441583,"owner":25344,"kind":"sampled","unit":101,"class":4,"bound_ms":30000,"quality":"GOOD","age_ms":561,"ts":1827815,"updates":173,"value":172032}
1791637109.654 {"t":"clk","node":25344,"up_ms":1838391}
1791637109.654 {"t":"led","node":25344,"shows":"red","app":0}
1791637109.654 {"t":"event","at_ms":1829003,"node":25344,"kind":"peer_admitted","peer":33120,"slot":1,"a":0,"b":0}
1791637109.654 {"t":"event","at_ms":1829649,"node":25344,"kind":"peer_admitted","peer":29544,"slot":0,"a":0,"b":0}
1791637109.654 {"t":"event","at_ms":1830841,"node":25344,"kind":"probe_timeout","peer":254,"slot":2,"a":974,"b":0}
1791637109.654 {"t":"event","at_ms":1831003,"node":25344,"kind":"peer_admitted","peer":33120,"slot":1,"a":0,"b":0}
1791637109.654 {"t":"event","at_ms":1831649,"node":25344,"kind":"peer_admitted","peer":29544,"slot":0,"a":0,"b":0}
1791637109.654 {"t":"event","at_ms":1833003,"node":25344,"kind":"peer_admitted","peer":33120,"slot":1,"a":0,"b":0}
1791637109.654 {"t":"event","at_ms":1833649,"node":25344,"kind":"peer_admitted","peer":29544,"slot":0,"a":0,"b":0}
1791637109.654 {"t":"event","at_ms":1833841,"node":25344,"kind":"probe_timeout","peer":254,"slot":2,"a":975,"b":0}
1791637109.654 {"t":"event","at_ms":1835003,"node":25344,"kind":"peer_admitted","peer":33120,"slot":1,"a":0,"b":0}
1791637109.654 {"t":"event","at_ms":1835649,"node":25344,"kind":"peer_admitted","peer":29544,"slot":0,"a":0,"b":0}
1791637109.654 {"t":"event","at_ms":1836841,"node":25344,"kind":"probe_timeout","peer":254,"slot":2,"a":976,"b":0}
1791637109.654 {"t":"event","at_ms":1837003,"node":25344,"kind":"peer_admitted","peer":33120,"slot":1,"a":0,"b":0}
1791637109.654 {"t":"event","at_ms":1837649,"node":25344,"kind":"peer_admitted","peer":29544,"slot":0,"a":0,"b":0}
1791637109.654 {"t":"link","up_ms":1838505,"node":25344,"peer":29544,"mac":"b8:1f:3f:da:73:68","state":"alive","epoch":171,"espnow_ver":2,"mtu":1446,"misses":0,"rssi":-28,"tx":{"frames":6283,"cb_ok":6283,"cb_fail":0,"enqueue_err":0,"pdr_ppm":1000000},"rx":{"frames":25772,"lost_seqgap":0,"reorder_dup":0,"dropped_bad":0,"hb_lost":37,"bcast_frames":18330,"pdr_ppm":1000000},"rtt":{"samples":613,"min_us":5287,"max_us":23077,"timeouts":0,"txq_last_us":6210,"txq_max_us":16908,"remote_turnaround_us":831,"remote_turnaround_max_us":1949,"p50_us":[4000,6000],"p99_us":[11000,16000],"hist":[0,0,0,0,335,171,85,18,3,1,0,0,0,0,0,0]}}
1791637109.654 {"t":"link","up_ms":1838559,"node":25344,"peer":33120,"mac":"b8:1f:3f:da:81:60","state":"alive","epoch":293,"espnow_ver":2,"mtu":1446,"misses":0,"rssi":-21,"tx":{"frames":6896,"cb_ok":6826,"cb_fail":70,"enqueue_err":0,"pdr_ppm":989849},"rx":{"frames":24064,"lost_seqgap":1,"reorder_dup":0,"dropped_bad":0,"hb_lost":23,"bcast_frames":16307,"pdr_ppm":999958},"rtt":{"samples":545,"min_us":5666,"max_us":48794,"timeouts":66,"txq_last_us":3123,"txq_max_us":13949,"remote_turnaround_us":966,"remote_turnaround_max_us":33351,"p50_us":[4000,6000],"p99_us":[22000,30000],"hist":[0,0,0,0,341,103,72,18,4,2,3,2,0,0,0,0]}}
1791637109.654 {"t":"link","up_ms":1838613,"node":25344,"peer":254,"mac":"02:00:00:00:00:fe","state":"dead","epoch":0,"espnow_ver":0,"mtu":226,"misses":6,"rssi":0,"tx":{"frames":2500,"cb_ok":0,"cb_fail":0,"enqueue_err":0,"pdr_ppm":null},"rx":{"frames":3819,"lost_seqgap":0,"reorder_dup":3772,"dropped_bad":0,"hb_lost":0,"bcast_frames":0,"pdr_ppm":1000000},"rtt":{"samples":81,"min_us":7169,"max_us":102972,"timeouts":529,"txq_last_us":0,"txq_max_us":0,"remote_turnaround_us":14,"remote_turnaround_max_us":24,"p50_us":[42000,60000],"p99_us":[85000,110000],"hist":[0,0,0,0,0,1,0,2,5,6,1,49,15,2,0,0]}}
1791637109.654 {"t":"auth","node":25344,"up_ms":1838667,"enrolled":1,"required":1,"verified_peers":2,"verified":5,"cache_hits":1742,"refused":0,"rate_limited":0,"stale_epoch":0,"verify_us_max":82867,"link_stack_free_b":804,"crypto_stack_free_b":1268,"tags_ok":13453,"bad_tag":0,"replayed":0,"untagged":0,"bcast_dropped":0,"beacon_epoch_ignored":0,"tag_us_max":1167}
1791637109.654 {"t":"act","node":25344,"setpoint":0,"has_value":0,"writes_served":0}
1791637110.067 {"t":"peers","node":25344,"own_period_ms":100,"own_busy":0,"channel":1,"scanning":0,"scans":0,"hops":0,"found":0,"lost_to_found_ms":0,"moves_followed":0,"moves_refused":0,"sweeps":0,"sweep_found":0,"sweeping":0,"search_visits":0,"relay":0,"fwd_u":0,"fwd_b":0,"fwd_h":0,"relay_dup":17011,"list":[{"id":29544,"state":"alive","via_relay":0,"period_ms":100,"misses":6,"busy":1,"rtt_n":613},{"id":33120,"state":"alive","via_relay":0,"period_ms":100,"misses":6,"busy":0,"rtt_n":545},{"id":254,"state":"dead","via_relay":0,"period_ms":100,"misses":6,"busy":0,"rtt_n":81}]}
1791637110.067 {"t":"ss","node":25344,"accepted":0,"unsigned":0,"unknown_sender":0,"bad_signature":0,"replayed":0,"rate_limited":0,"verify_us_max":0,"floors":[]}
1791637110.067 {"t":"rec","node":25344,"up_ms":1838764,"settled":1,"sent":7348,"received":7334,"malformed":0,"views":17,"replies_fenced":0,"actors":[{"key":1245650351,"running":1,"term":9,"owner":25344,"owner_term":9,"assigned":25344,"starts":1,"fenced":0,"released":0}]}
1791637110.067 {"t":"node","up_ms":1838790,"node":25344,"epoch":244,"peers_alive":2,"peers_dead":1,"no_radio":0,"free_dram":250307,"largest_block":172032,"rx":{"total":89867,"bad_frame":0,"unknown_peer":80,"wrong_dst":0,"short_payload":0,"unknown_opcode":0,"queue_dropped":50},"tx":{"total":34974,"enqueue_err":0,"done_queue_dropped":0},"membership":{"deaths":8,"revivals":4,"reboots_seen":3,"table_full":0,"events_dropped":0}}
1791637110.067 {"t":"ns","node":25344,"hash":2410274060,"owner":25344,"kind":"sampled","unit":100,"class":4,"bound_ms":0,"quality":"GOOD","age_ms":427,"ts":1838392,"updates":174,"value":244}
1791637110.067 {"t":"ns","node":25344,"hash":1274253983,"owner":25344,"kind":"sampled","unit":0,"class":4,"bound_ms":5000,"quality":"GOOD","age_ms":440,"ts":1838393,"updates":174,"value":-29}
1791637110.067 {"t":"ns","node":25344,"hash":3354298913,"owner":25344,"kind":"sampled","unit":100,"class":4,"bound_ms":5000,"quality":"GOOD","age_ms":455,"ts":1838393,"updates":174,"value":2}
1791637110.067 {"t":"ns","node":25344,"hash":1771187623,"owner":25344,"kind":"sampled","unit":101,"class":4,"bound_ms":30000,"quality":"GOOD","age_ms":481,"ts":1838392,"updates":174,"value":250307}
1791637110.067 {"t":"ns","node":25344,"hash":1245650351,"owner":25344,"kind":"sampled","unit":0,"class":3,"bound_ms":500,"quality":"GOOD","age_ms":54,"ts":1838833,"updates":18283,"value":1660962667}
1791637110.067 {"t":"ns","node":25344,"hash":2033492666,"owner":25344,"kind":"sampled","unit":0,"class":3,"bound_ms":0,"quality":"NO_DATA","age_ms":0,"ts":0,"updates":0,"value":null}
1791637110.067 {"t":"ns","node":25344,"hash":4103947588,"owner":25344,"kind":"sampled","unit":80,"class":4,"bound_ms":30000,"quality":"GOOD","age_ms":523,"ts":1838392,"updates":174,"value":1838}
1791637110.067 {"t":"ns","node":25344,"hash":1662441583,"owner":25344,"kind":"sampled","unit":101,"class":4,"bound_ms":30000,"quality":"GOOD","age_ms":537,"ts":1838392,"updates":174,"value":172032}
1791637120.211 {"t":"clk","node":25344,"up_ms":1848944}
1791637120.211 {"t":"led","node":25344,"shows":"red","app":0}
1791637120.211 {"t":"event","at_ms":1839003,"node":25344,"kind":"peer_admitted","peer":33120,"slot":1,"a":0,"b":0}
1791637120.211 {"t":"event","at_ms":1839649,"node":25344,"kind":"peer_admitted","peer":29544,"slot":0,"a":0,"b":0}
1791637120.211 {"t":"event","at_ms":1839841,"node":25344,"kind":"probe_timeout","peer":254,"slot":2,"a":977,"b":0}
1791637120.211 {"t":"event","at_ms":1841003,"node":25344,"kind":"peer_admitted","peer":33120,"slot":1,"a":0,"b":0}
1791637120.211 {"t":"event","at_ms":1841649,"node":25344,"kind":"peer_admitted","peer":29544,"slot":0,"a":0,"b":0}
1791637120.211 {"t":"event","at_ms":1842841,"node":25344,"kind":"probe_timeout","peer":254,"slot":2,"a":978,"b":0}
1791637120.211 {"t":"event","at_ms":1843003,"node":25344,"kind":"peer_admitted","peer":33120,"slot":1,"a":0,"b":0}
1791637120.211 {"t":"event","at_ms":1843649,"node":25344,"kind":"peer_admitted","peer":29544,"slot":0,"a":0,"b":0}
1791637120.211 {"t":"event","at_ms":1845003,"node":25344,"kind":"peer_admitted","peer":33120,"slot":1,"a":0,"b":0}
1791637120.211 {"t":"event","at_ms":1845649,"node":25344,"kind":"peer_admitted","peer":29544,"slot":0,"a":0,"b":0}
1791637120.211 {"t":"event","at_ms":1845841,"node":25344,"kind":"probe_timeout","peer":254,"slot":2,"a":979,"b":0}
1791637120.211 {"t":"event","at_ms":1847003,"node":25344,"kind":"peer_admitted","peer":33120,"slot":1,"a":0,"b":0}
1791637120.211 {"t":"event","at_ms":1847649,"node":25344,"kind":"peer_admitted","peer":29544,"slot":0,"a":0,"b":0}
1791637120.211 {"t":"event","at_ms":1848841,"node":25344,"kind":"probe_timeout","peer":254,"slot":2,"a":980,"b":0}
1791637120.211 {"t":"event","at_ms":1849003,"node":25344,"kind":"peer_admitted","peer":33120,"slot":1,"a":0,"b":0}
1791637120.211 {"t":"link","up_ms":1849074,"node":25344,"peer":29544,"mac":"b8:1f:3f:da:73:68","state":"alive","epoch":171,"espnow_ver":2,"mtu":1446,"misses":0,"rssi":-29,"tx":{"frames":6319,"cb_ok":6319,"cb_fail":0,"enqueue_err":0,"pdr_ppm":1000000},"rx":{"frames":25919,"lost_seqgap":0,"reorder_dup":0,"dropped_bad":0,"hb_lost":37,"bcast_frames":18436,"pdr_ppm":1000000},"rtt":{"samples":617,"min_us":5287,"max_us":23077,"timeouts":0,"txq_last_us":6210,"txq_max_us":16908,"remote_turnaround_us":816,"remote_turnaround_max_us":1949,"p50_us":[4000,6000],"p99_us":[11000,16000],"hist":[0,0,0,0,337,173,85,18,3,1,0,0,0,0,0,0]}}
1791637120.211 {"t":"link","up_ms":1849128,"node":25344,"peer":33120,"mac":"b8:1f:3f:da:81:60","state":"alive","epoch":293,"espnow_ver":2,"mtu":1446,"misses":0,"rssi":-21,"tx":{"frames":6932,"cb_ok":6862,"cb_fail":70,"enqueue_err":0,"pdr_ppm":989901},"rx":{"frames":24210,"lost_seqgap":1,"reorder_dup":0,"dropped_bad":0,"hb_lost":23,"bcast_frames":16412,"pdr_ppm":999958},"rtt":{"samples":548,"min_us":5666,"max_us":48794,"timeouts":66,"txq_last_us":3123,"txq_max_us":13949,"remote_turnaround_us":963,"remote_turnaround_max_us":33351,"p50_us":[4000,6000],"p99_us":[22000,30000],"hist":[0,0,0,0,343,104,72,18,4,2,3,2,0,0,0,0]}}
1791637120.211 {"t":"link","up_ms":1849182,"node":25344,"peer":254,"mac":"02:00:00:00:00:fe","state":"dead","epoch":0,"espnow_ver":0,"mtu":226,"misses":6,"rssi":0,"tx":{"frames":2504,"cb_ok":0,"cb_fail":0,"enqueue_err":0,"pdr_ppm":null},"rx":{"frames":3819,"lost_seqgap":0,"reorder_dup":3772,"dropped_bad":0,"hb_lost":0,"bcast_frames":0,"pdr_ppm":1000000},"rtt":{"samples":81,"min_us":7169,"max_us":102972,"timeouts":533,"txq_last_us":0,"txq_max_us":0,"remote_turnaround_us":14,"remote_turnaround_max_us":24,"p50_us":[42000,60000],"p99_us":[85000,110000],"hist":[0,0,0,0,0,1,0,2,5,6,1,49,15,2,0,0]}}
1791637120.211 {"t":"auth","node":25344,"up_ms":1849236,"enrolled":1,"required":1,"verified_peers":2,"verified":5,"cache_hits":1753,"refused":0,"rate_limited":0,"stale_epoch":0,"verify_us_max":82867,"link_stack_free_b":804,"crypto_stack_free_b":1268,"tags_ok":13523,"bad_tag":0,"replayed":0,"untagged":0,"bcast_dropped":0,"beacon_epoch_ignored":0,"tag_us_max":1167}
1791637120.211 {"t":"act","node":25344,"setpoint":0,"has_value":0,"writes_served":0}
1791637120.632 {"t":"peers","node":25344,"own_period_ms":100,"own_busy":0,"channel":1,"scanning":0,"scans":0,"hops":0,"found":0,"lost_to_found_ms":0,"moves_followed":0,"moves_refused":0,"sweeps":0,"sweep_found":0,"sweeping":0,"search_visits":0,"relay":0,"fwd_u":0,"fwd_b":0,"fwd_h":0,"relay_dup":17114,"list":[{"id":29544,"state":"alive","via_relay":0,"period_ms":100,"misses":6,"busy":1,"rtt_n":617},{"id":33120,"state":"alive","via_relay":0,"period_ms":100,"misses":6,"busy":0,"rtt_n":548},{"id":254,"state":"dead","via_relay":0,"period_ms":100,"misses":6,"busy":0,"rtt_n":81}]}
1791637120.632 {"t":"ss","node":25344,"accepted":0,"unsigned":0,"unknown_sender":0,"bad_signature":0,"replayed":0,"rate_limited":0,"verify_us_max":0,"floors":[]}
1791637120.632 {"t":"rec","node":25344,"up_ms":1849332,"settled":1,"sent":7390,"received":7376,"malformed":0,"views":17,"replies_fenced":0,"actors":[{"key":1245650351,"running":1,"term":9,"owner":25344,"owner_term":9,"assigned":25344,"starts":1,"fenced":0,"released":0}]}
1791637120.632 {"t":"node","up_ms":1849358,"node":25344,"epoch":244,"peers_alive":2,"peers_dead":1,"no_radio":0,"free_dram":250307,"largest_block":172032,"rx":{"total":90369,"bad_frame":0,"unknown_peer":80,"wrong_dst":0,"short_payload":0,"unknown_opcode":0,"queue_dropped":50},"tx":{"total":35160,"enqueue_err":0,"done_queue_dropped":0},"membership":{"deaths":8,"revivals":4,"reboots_seen":3,"table_full":0,"events_dropped":0}}
1791637120.632 {"t":"ns","node":25344,"hash":2410274060,"owner":25344,"kind":"sampled","unit":100,"class":4,"bound_ms":0,"quality":"GOOD","age_ms":442,"ts":1848945,"updates":175,"value":244}
1791637120.632 {"t":"ns","node":25344,"hash":1274253983,"owner":25344,"kind":"sampled","unit":0,"class":4,"bound_ms":5000,"quality":"GOOD","age_ms":466,"ts":1848946,"updates":175,"value":-28}
1791637120.632 {"t":"ns","node":25344,"hash":3354298913,"owner":25344,"kind":"sampled","unit":100,"class":4,"bound_ms":5000,"quality":"GOOD","age_ms":480,"ts":1848946,"updates":175,"value":2}
1791637120.632 {"t":"ns","node":25344,"hash":1771187623,"owner":25344,"kind":"sampled","unit":101,"class":4,"bound_ms":30000,"quality":"GOOD","age_ms":495,"ts":1848945,"updates":175,"value":250307}
1791637120.632 {"t":"ns","node":25344,"hash":1245650351,"owner":25344,"kind":"sampled","unit":0,"class":3,"bound_ms":500,"quality":"GOOD","age_ms":21,"ts":1849433,"updates":18389,"value":1660962773}
1791637120.632 {"t":"ns","node":25344,"hash":2033492666,"owner":25344,"kind":"sampled","unit":0,"class":3,"bound_ms":0,"quality":"NO_DATA","age_ms":0,"ts":0,"updates":0,"value":null}
1791637120.632 {"t":"ns","node":25344,"hash":4103947588,"owner":25344,"kind":"sampled","unit":80,"class":4,"bound_ms":30000,"quality":"GOOD","age_ms":537,"ts":1848945,"updates":175,"value":1848}
1791637120.632 {"t":"ns","node":25344,"hash":1662441583,"owner":25344,"kind":"sampled","unit":101,"class":4,"bound_ms":30000,"quality":"GOOD","age_ms":552,"ts":1848945,"updates":175,"value":172032}
1791637130.785 {"t":"clk","node":25344,"up_ms":1859523}
1791637130.785 {"t":"led","node":25344,"shows":"red","app":0}
1791637130.785 {"t":"event","at_ms":1849649,"node":25344,"kind":"peer_admitted","peer":29544,"slot":0,"a":0,"b":0}
1791637130.785 {"t":"event","at_ms":1851003,"node":25344,"kind":"peer_admitted","peer":33120,"slot":1,"a":0,"b":0}
1791637130.785 {"t":"event","at_ms":1851649,"node":25344,"kind":"peer_admitted","peer":29544,"slot":0,"a":0,"b":0}
1791637130.785 {"t":"event","at_ms":1851841,"node":25344,"kind":"probe_timeout","peer":254,"slot":2,"a":981,"b":0}
1791637130.785 {"t":"event","at_ms":1853003,"node":25344,"kind":"peer_admitted","peer":33120,"slot":1,"a":0,"b":0}
1791637130.785 {"t":"event","at_ms":1853649,"node":25344,"kind":"peer_admitted","peer":29544,"slot":0,"a":0,"b":0}
1791637130.785 {"t":"event","at_ms":1854841,"node":25344,"kind":"probe_timeout","peer":254,"slot":2,"a":982,"b":0}
1791637130.785 {"t":"event","at_ms":1855003,"node":25344,"kind":"peer_admitted","peer":33120,"slot":1,"a":0,"b":0}
1791637130.785 {"t":"event","at_ms":1855649,"node":25344,"kind":"peer_admitted","peer":29544,"slot":0,"a":0,"b":0}
1791637130.785 {"t":"event","at_ms":1857003,"node":25344,"kind":"peer_admitted","peer":33120,"slot":1,"a":0,"b":0}
1791637130.785 {"t":"event","at_ms":1857649,"node":25344,"kind":"peer_admitted","peer":29544,"slot":0,"a":0,"b":0}
1791637130.785 {"t":"event","at_ms":1857841,"node":25344,"kind":"probe_timeout","peer":254,"slot":2,"a":983,"b":0}
1791637130.785 {"t":"event","at_ms":1859003,"node":25344,"kind":"peer_admitted","peer":33120,"slot":1,"a":0,"b":0}
1791637130.785 {"t":"link","up_ms":1859637,"node":25344,"peer":29544,"mac":"b8:1f:3f:da:73:68","state":"alive","epoch":171,"espnow_ver":2,"mtu":1446,"misses":0,"rssi":-28,"tx":{"frames":6353,"cb_ok":6353,"cb_fail":0,"enqueue_err":0,"pdr_ppm":1000000},"rx":{"frames":26064,"lost_seqgap":0,"reorder_dup":0,"dropped_bad":0,"hb_lost":37,"bcast_frames":18542,"pdr_ppm":1000000},"rtt":{"samples":620,"min_us":5287,"max_us":23077,"timeouts":0,"txq_last_us":6210,"txq_max_us":16908,"remote_turnaround_us":812,"remote_turnaround_max_us":1949,"p50_us":[4000,6000],"p99_us":[11000,16000],"hist":[0,0,0,0,340,173,85,18,3,1,0,0,0,0,0,0]}}
1791637130.785 {"t":"link","up_ms":1859691,"node":25344,"peer":33120,"mac":"b8:1f:3f:da:81:60","state":"alive","epoch":293,"espnow_ver":2,"mtu":1446,"misses":0,"rssi":-21,"tx":{"frames":6967,"cb_ok":6897,"cb_fail":70,"enqueue_err":0,"pdr_ppm":989952},"rx":{"frames":24355,"lost_seqgap":1,"reorder_dup":0,"dropped_bad":0,"hb_lost":24,"bcast_frames":16517,"pdr_ppm":999958},"rtt":{"samples":552,"min_us":5666,"max_us":48794,"timeouts":66,"txq_last_us":3123,"txq_max_us":13949,"remote_turnaround_us":1157,"remote_turnaround_max_us":33351,"p50_us":[4000,6000],"p99_us":[22000,30000],"hist":[0,0,0,0,343,106,74,18,4,2,3,2,0,0,0,0]}}
1791637130.785 {"t":"link","up_ms":1859745,"node":25344,"peer":254,"mac":"02:00:00:00:00:fe","state":"dead","epoch":0,"espnow_ver":0,"mtu":226,"misses":6,"rssi":0,"tx":{"frames":2507,"cb_ok":0,"cb_fail":0,"enqueue_err":0,"pdr_ppm":null},"rx":{"frames":3819,"lost_seqgap":0,"reorder_dup":3772,"dropped_bad":0,"hb_lost":0,"bcast_frames":0,"pdr_ppm":1000000},"rtt":{"samples":81,"min_us":7169,"max_us":102972,"timeouts":536,"txq_last_us":0,"txq_max_us":0,"remote_turnaround_us":14,"remote_turnaround_max_us":24,"p50_us":[42000,60000],"p99_us":[85000,110000],"hist":[0,0,0,0,0,1,0,2,5,6,1,49,15,2,0,0]}}
1791637130.785 {"t":"auth","node":25344,"up_ms":1859799,"enrolled":1,"required":1,"verified_peers":2,"verified":5,"cache_hits":1764,"refused":0,"rate_limited":0,"stale_epoch":0,"verify_us_max":82867,"link_stack_free_b":804,"crypto_stack_free_b":1268,"tags_ok":13592,"bad_tag":0,"replayed":0,"untagged":0,"bcast_dropped":0,"beacon_epoch_ignored":0,"tag_us_max":1167}
1791637130.785 {"t":"act","node":25344,"setpoint":0,"has_value":0,"writes_served":0}
1791637131.202 {"t":"peers","node":25344,"own_period_ms":100,"own_busy":0,"channel":1,"scanning":0,"scans":0,"hops":0,"found":0,"lost_to_found_ms":0,"moves_followed":0,"moves_refused":0,"sweeps":0,"sweep_found":0,"sweeping":0,"search_visits":0,"relay":0,"fwd_u":0,"fwd_b":0,"fwd_h":0,"relay_dup":17212,"list":[{"id":29544,"state":"alive","via_relay":0,"period_ms":100,"misses":6,"busy":1,"rtt_n":620},{"id":33120,"state":"alive","via_relay":0,"period_ms":100,"misses":6,"busy":0,"rtt_n":552},{"id":254,"state":"dead","via_relay":0,"period_ms":100,"misses":6,"busy":0,"rtt_n":81}]}
1791637131.202 {"t":"ss","node":25344,"accepted":0,"unsigned":0,"unknown_sender":0,"bad_signature":0,"replayed":0,"rate_limited":0,"verify_us_max":0,"floors":[]}
1791637131.202 {"t":"rec","node":25344,"up_ms":1859895,"settled":1,"sent":7432,"received":7418,"malformed":0,"views":17,"replies_fenced":0,"actors":[{"key":1245650351,"running":1,"term":9,"owner":25344,"owner_term":9,"assigned":25344,"starts":1,"fenced":0,"released":0}]}
1791637131.202 {"t":"node","up_ms":1859921,"node":25344,"epoch":244,"peers_alive":2,"peers_dead":1,"no_radio":0,"free_dram":250307,"largest_block":172032,"rx":{"total":90864,"bad_frame":0,"unknown_peer":80,"wrong_dst":0,"short_payload":0,"unknown_opcode":0,"queue_dropped":50},"tx":{"total":35345,"enqueue_err":0,"done_queue_dropped":0},"membership":{"deaths":8,"revivals":4,"reboots_seen":3,"table_full":0,"events_dropped":0}}
1791637131.202 {"t":"ns","node":25344,"hash":2410274060,"owner":25344,"kind":"sampled","unit":100,"class":4,"bound_ms":0,"quality":"GOOD","age_ms":427,"ts":1859524,"updates":176,"value":244}
1791637131.202 {"t":"ns","node":25344,"hash":1274253983,"owner":25344,"kind":"sampled","unit":0,"class":4,"bound_ms":5000,"quality":"GOOD","age_ms":440,"ts":1859525,"updates":176,"value":-28}
1791637131.202 {"t":"ns","node":25344,"hash":3354298913,"owner":25344,"kind":"sampled","unit":100,"class":4,"bound_ms":5000,"quality":"GOOD","age_ms":454,"ts":1859525,"updates":176,"value":2}
1791637131.202 {"t":"ns","node":25344,"hash":1771187623,"owner":25344,"kind":"sampled","unit":101,"class":4,"bound_ms":30000,"quality":"GOOD","age_ms":480,"ts":1859524,"updates":176,"value":250307}
1791637131.202 {"t":"ns","node":25344,"hash":1245650351,"owner":25344,"kind":"sampled","unit":0,"class":3,"bound_ms":500,"quality":"GOOD","age_ms":85,"ts":1859933,"updates":18494,"value":1660962878}
1791637131.202 {"t":"ns","node":25344,"hash":2033492666,"owner":25344,"kind":"sampled","unit":0,"class":3,"bound_ms":0,"quality":"NO_DATA","age_ms":0,"ts":0,"updates":0,"value":null}
1791637131.202 {"t":"ns","node":25344,"hash":4103947588,"owner":25344,"kind":"sampled","unit":80,"class":4,"bound_ms":30000,"quality":"GOOD","age_ms":522,"ts":1859524,"updates":176,"value":1859}
1791637131.202 {"t":"ns","node":25344,"hash":1662441583,"owner":25344,"kind":"sampled","unit":101,"class":4,"bound_ms":30000,"quality":"GOOD","age_ms":537,"ts":1859524,"updates":176,"value":172032}
1791637141.339 {"t":"clk","node":25344,"up_ms":1870075}
1791637141.339 {"t":"led","node":25344,"shows":"red","app":0}
1791637141.339 {"t":"event","at_ms":1859649,"node":25344,"kind":"peer_admitted","peer":29544,"slot":0,"a":0,"b":0}
1791637141.339 {"t":"event","at_ms":1860841,"node":25344,"kind":"probe_timeout","peer":254,"slot":2,"a":984,"b":0}
1791637141.339 {"t":"event","at_ms":1861003,"node":25344,"kind":"peer_admitted","peer":33120,"slot":1,"a":0,"b":0}
1791637141.339 {"t":"event","at_ms":1861649,"node":25344,"kind":"peer_admitted","peer":29544,"slot":0,"a":0,"b":0}
1791637141.339 {"t":"event","at_ms":1863003,"node":25344,"kind":"peer_admitted","peer":33120,"slot":1,"a":0,"b":0}
1791637141.339 {"t":"event","at_ms":1863649,"node":25344,"kind":"peer_admitted","peer":29544,"slot":0,"a":0,"b":0}
1791637141.339 {"t":"event","at_ms":1863841,"node":25344,"kind":"probe_timeout","peer":254,"slot":2,"a":985,"b":0}
1791637141.339 {"t":"event","at_ms":1865003,"node":25344,"kind":"peer_admitted","peer":33120,"slot":1,"a":0,"b":0}
1791637141.339 {"t":"event","at_ms":1865649,"node":25344,"kind":"peer_admitted","peer":29544,"slot":0,"a":0,"b":0}
1791637141.339 {"t":"event","at_ms":1866841,"node":25344,"kind":"probe_timeout","peer":254,"slot":2,"a":986,"b":0}
1791637141.339 {"t":"event","at_ms":1867003,"node":25344,"kind":"peer_admitted","peer":33120,"slot":1,"a":0,"b":0}
1791637141.339 {"t":"event","at_ms":1867649,"node":25344,"kind":"peer_admitted","peer":29544,"slot":0,"a":0,"b":0}
1791637141.339 {"t":"event","at_ms":1869003,"node":25344,"kind":"peer_admitted","peer":33120,"slot":1,"a":0,"b":0}
1791637141.339 {"t":"event","at_ms":1869649,"node":25344,"kind":"peer_admitted","peer":29544,"slot":0,"a":0,"b":0}
1791637141.339 {"t":"event","at_ms":1869841,"node":25344,"kind":"probe_timeout","peer":254,"slot":2,"a":987,"b":0}
1791637141.339 {"t":"link","up_ms":1870212,"node":25344,"peer":29544,"mac":"b8:1f:3f:da:73:68","state":"alive","epoch":171,"espnow_ver":2,"mtu":1446,"misses":0,"rssi":-28,"tx":{"frames":6389,"cb_ok":6389,"cb_fail":0,"enqueue_err":0,"pdr_ppm":1000000},"rx":{"frames":26212,"lost_seqgap":0,"reorder_dup":0,"dropped_bad":0,"hb_lost":37,"bcast_frames":18648,"pdr_ppm":1000000},"rtt":{"samples":624,"min_us":5287,"max_us":23077,"timeouts":0,"txq_last_us":6210,"txq_max_us":16908,"remote_turnaround_us":1161,"remote_turnaround_max_us":1949,"p50_us":[4000,6000],"p99_us":[11000,16000],"hist":[0,0,0,0,342,175,85,18,3,1,0,0,0,0,0,0]}}
1791637141.339 {"t":"link","up_ms":1870266,"node":25344,"peer":33120,"mac":"b8:1f:3f:da:81:60","state":"alive","epoch":293,"espnow_ver":2,"mtu":1446,"misses":0,"rssi":-21,"tx":{"frames":7002,"cb_ok":6932,"cb_fail":70,"enqueue_err":0,"pdr_ppm":990002},"rx":{"frames":24498,"lost_seqgap":1,"reorder_dup":0,"dropped_bad":0,"hb_lost":27,"bcast_frames":16620,"pdr_ppm":999959},"rtt":{"samples":555,"min_us":5666,"max_us":48794,"timeouts":66,"txq_last_us":3123,"txq_max_us":13949,"remote_turnaround_us":1111,"remote_turnaround_max_us":33351,"p50_us":[4000,6000],"p99_us":[22000,30000],"hist":[0,0,0,0,343,109,74,18,4,2,3,2,0,0,0,0]}}
1791637141.339 {"t":"link","up_ms":1870310,"node":25344,"peer":254,"mac":"02:00:00:00:00:fe","state":"dead","epoch":0,"espnow_ver":0,"mtu":226,"misses":6,"rssi":0,"tx":{"frames":2511,"cb_ok":0,"cb_fail":0,"enqueue_err":0,"pdr_ppm":null},"rx":{"frames":3819,"lost_seqgap":0,"reorder_dup":3772,"dropped_bad":0,"hb_lost":0,"bcast_frames":0,"pdr_ppm":1000000},"rtt":{"samples":81,"min_us":7169,"max_us":102972,"timeouts":540,"txq_last_us":0,"txq_max_us":0,"remote_turnaround_us":14,"remote_turnaround_max_us":24,"p50_us":[42000,60000],"p99_us":[85000,110000],"hist":[0,0,0,0,0,1,0,2,5,6,1,49,15,2,0,0]}}
1791637141.339 {"t":"auth","node":25344,"up_ms":1870364,"enrolled":1,"required":1,"verified_peers":2,"verified":5,"cache_hits":1774,"refused":0,"rate_limited":0,"stale_epoch":0,"verify_us_max":82867,"link_stack_free_b":804,"crypto_stack_free_b":1268,"tags_ok":13663,"bad_tag":0,"replayed":0,"untagged":0,"bcast_dropped":0,"beacon_epoch_ignored":0,"tag_us_max":1167}
1791637141.339 {"t":"act","node":25344,"setpoint":0,"has_value":0,"writes_served":0}
1791637141.773 {"t":"peers","node":25344,"own_period_ms":100,"own_busy":0,"channel":1,"scanning":0,"scans":0,"hops":0,"found":0,"lost_to_found_ms":0,"moves_followed":0,"moves_refused":0,"sweeps":0,"sweep_found":0,"sweeping":0,"search_visits":0,"relay":0,"fwd_u":0,"fwd_b":0,"fwd_h":0,"relay_dup":17319,"list":[{"id":29544,"state":"alive","via_relay":0,"period_ms":100,"misses":6,"busy":1,"rtt_n":624},{"id":33120,"state":"alive","via_relay":0,"period_ms":100,"misses":6,"busy":0,"rtt_n":555},{"id":254,"state":"dead","via_relay":0,"period_ms":100,"misses":6,"busy":0,"rtt_n":81}]}
1791637141.773 {"t":"ss","node":25344,"accepted":0,"unsigned":0,"unknown_sender":0,"bad_signature":0,"replayed":0,"rate_limited":0,"verify_us_max":0,"floors":[]}
1791637141.773 {"t":"rec","node":25344,"up_ms":1870459,"settled":1,"sent":7474,"received":7461,"malformed":0,"views":17,"replies_fenced":0,"actors":[{"key":1245650351,"running":1,"term":9,"owner":25344,"owner_term":9,"assigned":25344,"starts":1,"fenced":0,"released":0}]}
1791637141.773 {"t":"node","up_ms":1870486,"node":25344,"epoch":244,"peers_alive":2,"peers_dead":1,"no_radio":0,"free_dram":250307,"largest_block":172032,"rx":{"total":91362,"bad_frame":0,"unknown_peer":80,"wrong_dst":0,"short_payload":0,"unknown_opcode":0,"queue_dropped":50},"tx":{"total":35529,"enqueue_err":0,"done_queue_dropped":0},"membership":{"deaths":8,"revivals":4,"reboots_seen":3,"table_full":0,"events_dropped":0}}
1791637141.773 {"t":"ns","node":25344,"hash":2410274060,"owner":25344,"kind":"sampled","unit":100,"class":4,"bound_ms":0,"quality":"GOOD","age_ms":449,"ts":1870077,"updates":177,"value":244}
1791637141.773 {"t":"ns","node":25344,"hash":1274253983,"owner":25344,"kind":"sampled","unit":0,"class":4,"bound_ms":5000,"quality":"GOOD","age_ms":464,"ts":1870077,"updates":177,"value":-28}
1791637141.773 {"t":"ns","node":25344,"hash":3354298913,"owner":25344,"kind":"sampled","unit":100,"class":4,"bound_ms":5000,"quality":"GOOD","age_ms":478,"ts":1870077,"updates":177,"value":2}
1791637141.773 {"t":"ns","node":25344,"hash":1771187623,"owner":25344,"kind":"sampled","unit":101,"class":4,"bound_ms":30000,"quality":"GOOD","age_ms":492,"ts":1870076,"updates":177,"value":250307}
1791637141.773 {"t":"ns","node":25344,"hash":1245650351,"owner":25344,"kind":"sampled","unit":0,"class":3,"bound_ms":500,"quality":"GOOD","age_ms":49,"ts":1870533,"updates":18600,"value":1660962984}
1791637141.773 {"t":"ns","node":25344,"hash":2033492666,"owner":25344,"kind":"sampled","unit":0,"class":3,"bound_ms":0,"quality":"NO_DATA","age_ms":0,"ts":0,"updates":0,"value":null}
1791637141.773 {"t":"ns","node":25344,"hash":4103947588,"owner":25344,"kind":"sampled","unit":80,"class":4,"bound_ms":30000,"quality":"GOOD","age_ms":536,"ts":1870076,"updates":177,"value":1870}
1791637141.773 {"t":"ns","node":25344,"hash":1662441583,"owner":25344,"kind":"sampled","unit":101,"class":4,"bound_ms":30000,"quality":"GOOD","age_ms":551,"ts":1870076,"updates":177,"value":172032}
1791637151.913 {"t":"clk","node":25344,"up_ms":1880652}
1791637151.913 {"t":"led","node":25344,"shows":"red","app":0}
1791637151.913 {"t":"event","at_ms":1871003,"node":25344,"kind":"peer_admitted","peer":33120,"slot":1,"a":0,"b":0}
1791637151.913 {"t":"event","at_ms":1871649,"node":25344,"kind":"peer_admitted","peer":29544,"slot":0,"a":0,"b":0}
1791637151.913 {"t":"event","at_ms":1872841,"node":25344,"kind":"probe_timeout","peer":254,"slot":2,"a":988,"b":0}
1791637151.913 {"t":"event","at_ms":1873003,"node":25344,"kind":"peer_admitted","peer":33120,"slot":1,"a":0,"b":0}
1791637151.913 {"t":"event","at_ms":1873650,"node":25344,"kind":"peer_admitted","peer":29544,"slot":0,"a":0,"b":0}
1791637151.913 {"t":"event","at_ms":1875003,"node":25344,"kind":"peer_admitted","peer":33120,"slot":1,"a":0,"b":0}
1791637151.913 {"t":"event","at_ms":1875649,"node":25344,"kind":"peer_admitted","peer":29544,"slot":0,"a":0,"b":0}
1791637151.913 {"t":"event","at_ms":1875841,"node":25344,"kind":"probe_timeout","peer":254,"slot":2,"a":989,"b":0}
1791637151.913 {"t":"event","at_ms":1877003,"node":25344,"kind":"peer_admitted","peer":33120,"slot":1,"a":0,"b":0}
1791637151.913 {"t":"event","at_ms":1877649,"node":25344,"kind":"peer_admitted","peer":29544,"slot":0,"a":0,"b":0}
1791637151.913 {"t":"event","at_ms":1878841,"node":25344,"kind":"probe_timeout","peer":254,"slot":2,"a":990,"b":0}
1791637151.913 {"t":"event","at_ms":1879003,"node":25344,"kind":"peer_admitted","peer":33120,"slot":1,"a":0,"b":0}
1791637151.913 {"t":"event","at_ms":1879649,"node":25344,"kind":"peer_admitted","peer":29544,"slot":0,"a":0,"b":0}
1791637151.913 {"t":"link","up_ms":1880765,"node":25344,"peer":29544,"mac":"b8:1f:3f:da:73:68","state":"alive","epoch":171,"espnow_ver":2,"mtu":1446,"misses":0,"rssi":-28,"tx":{"frames":6424,"cb_ok":6424,"cb_fail":0,"enqueue_err":0,"pdr_ppm":1000000},"rx":{"frames":26357,"lost_seqgap":0,"reorder_dup":0,"dropped_bad":0,"hb_lost":37,"bcast_frames":18753,"pdr_ppm":1000000},"rtt":{"samples":627,"min_us":5287,"max_us":23077,"timeouts":0,"txq_last_us":6210,"txq_max_us":16908,"remote_turnaround_us":806,"remote_turnaround_max_us":1949,"p50_us":[4000,6000],"p99_us":[11000,16000],"hist":[0,0,0,0,344,176,85,18,3,1,0,0,0,0,0,0]}}
1791637151.913 {"t":"link","up_ms":1880819,"node":25344,"peer":33120,"mac":"b8:1f:3f:da:81:60","state":"alive","epoch":293,"espnow_ver":2,"mtu":1446,"misses":0,"rssi":-21,"tx":{"frames":7037,"cb_ok":6967,"cb_fail":70,"enqueue_err":0,"pdr_ppm":990052},"rx":{"frames":24643,"lost_seqgap":1,"reorder_dup":0,"dropped_bad":0,"hb_lost":27,"bcast_frames":16725,"pdr_ppm":999959},"rtt":{"samples":559,"min_us":5666,"max_us":48794,"timeouts":66,"txq_last_us":3123,"txq_max_us":13949,"remote_turnaround_us":1098,"remote_turnaround_max_us":33351,"p50_us":[4000,6000],"p99_us":[22000,30000],"hist":[0,0,0,0,343,113,74,18,4,2,3,2,0,0,0,0]}}
1791637151.913 {"t":"link","up_ms":1880873,"node":25344,"peer":254,"mac":"02:00:00:00:00:fe","state":"dead","epoch":0,"espnow_ver":0,"mtu":226,"misses":6,"rssi":0,"tx":{"frames":2515,"cb_ok":0,"cb_fail":0,"enqueue_err":0,"pdr_ppm":null},"rx":{"frames":3819,"lost_seqgap":0,"reorder_dup":3772,"dropped_bad":0,"hb_lost":0,"bcast_frames":0,"pdr_ppm":1000000},"rtt":{"samples":81,"min_us":7169,"max_us":102972,"timeouts":543,"txq_last_us":0,"txq_max_us":0,"remote_turnaround_us":14,"remote_turnaround_max_us":24,"p50_us":[42000,60000],"p99_us":[85000,110000],"hist":[0,0,0,0,0,1,0,2,5,6,1,49,15,2,0,0]}}
1791637151.913 {"t":"auth","node":25344,"up_ms":1880927,"enrolled":1,"required":1,"verified_peers":2,"verified":5,"cache_hits":1784,"refused":0,"rate_limited":0,"stale_epoch":0,"verify_us_max":82867,"link_stack_free_b":804,"crypto_stack_free_b":1268,"tags_ok":13733,"bad_tag":0,"replayed":0,"untagged":0,"bcast_dropped":0,"beacon_epoch_ignored":0,"tag_us_max":1167}
1791637151.913 {"t":"act","node":25344,"setpoint":0,"has_value":0,"writes_served":0}
1791637152.325 {"t":"peers","node":25344,"own_period_ms":100,"own_busy":0,"channel":1,"scanning":0,"scans":0,"hops":0,"found":0,"lost_to_found_ms":0,"moves_followed":0,"moves_refused":0,"sweeps":0,"sweep_found":0,"sweeping":0,"search_visits":0,"relay":0,"fwd_u":0,"fwd_b":0,"fwd_h":0,"relay_dup":17426,"list":[{"id":29544,"state":"alive","via_relay":0,"period_ms":100,"misses":6,"busy":1,"rtt_n":627},{"id":33120,"state":"alive","via_relay":0,"period_ms":100,"misses":6,"busy":0,"rtt_n":559},{"id":254,"state":"dead","via_relay":0,"period_ms":100,"misses":6,"busy":0,"rtt_n":81}]}
1791637152.325 {"t":"ss","node":25344,"accepted":0,"unsigned":0,"unknown_sender":0,"bad_signature":0,"replayed":0,"rate_limited":0,"verify_us_max":0,"floors":[]}
1791637152.325 {"t":"rec","node":25344,"up_ms":1881023,"settled":1,"sent":7517,"received":7503,"malformed":0,"views":17,"replies_fenced":0,"actors":[{"key":1245650351,"running":1,"term":9,"owner":25344,"owner_term":9,"assigned":25344,"starts":1,"fenced":0,"released":0}]}
1791637152.325 {"t":"node","up_ms":1881050,"node":25344,"epoch":244,"peers_alive":2,"peers_dead":1,"no_radio":0,"free_dram":250307,"largest_block":172032,"rx":{"total":91873,"bad_frame":0,"unknown_peer":80,"wrong_dst":0,"short_payload":0,"unknown_opcode":0,"queue_dropped":50},"tx":{"total":35716,"enqueue_err":0,"done_queue_dropped":0},"membership":{"deaths":8,"revivals":4,"reboots_seen":3,"table_full":0,"events_dropped":0}}
1791637152.325 {"t":"ns","node":25344,"hash":2410274060,"owner":25344,"kind":"sampled","unit":100,"class":4,"bound_ms":0,"quality":"GOOD","age_ms":426,"ts":1880653,"updates":178,"value":244}
1791637152.325 {"t":"ns","node":25344,"hash":1274253983,"owner":25344,"kind":"sampled","unit":0,"class":4,"bound_ms":5000,"quality":"GOOD","age_ms":439,"ts":1880654,"updates":178,"value":-28}
1791637152.325 {"t":"ns","node":25344,"hash":3354298913,"owner":25344,"kind":"sampled","unit":100,"class":4,"bound_ms":5000,"quality":"GOOD","age_ms":464,"ts":1880654,"updates":178,"value":2}
1791637152.325 {"t":"ns","node":25344,"hash":1771187623,"owner":25344,"kind":"sampled","unit":101,"class":4,"bound_ms":30000,"quality":"GOOD","age_ms":479,"ts":1880653,"updates":178,"value":250307}
1791637152.325 {"t":"ns","node":25344,"hash":1245650351,"owner":25344,"kind":"sampled","unit":0,"class":3,"bound_ms":500,"quality":"GOOD","age_ms":13,"ts":1881133,"updates":18706,"value":1660963090}
1791637152.325 {"t":"ns","node":25344,"hash":2033492666,"owner":25344,"kind":"sampled","unit":0,"class":3,"bound_ms":0,"quality":"NO_DATA","age_ms":0,"ts":0,"updates":0,"value":null}
1791637152.325 {"t":"ns","node":25344,"hash":4103947588,"owner":25344,"kind":"sampled","unit":80,"class":4,"bound_ms":30000,"quality":"GOOD","age_ms":521,"ts":1880653,"updates":178,"value":1880}
1791637152.325 {"t":"ns","node":25344,"hash":1662441583,"owner":25344,"kind":"sampled","unit":101,"class":4,"bound_ms":30000,"quality":"GOOD","age_ms":535,"ts":1880653,"updates":178,"value":172032}
1791637162.464 {"t":"clk","node":25344,"up_ms":1891203}
1791637162.464 {"t":"led","node":25344,"shows":"red","app":0}
1791637162.464 {"t":"event","at_ms":1881003,"node":25344,"kind":"peer_admitted","peer":33120,"slot":1,"a":0,"b":0}
1791637162.464 {"t":"event","at_ms":1881649,"node":25344,"kind":"peer_admitted","peer":29544,"slot":0,"a":0,"b":0}
1791637162.464 {"t":"event","at_ms":1881841,"node":25344,"kind":"probe_timeout","peer":254,"slot":2,"a":991,"b":0}
1791637162.464 {"t":"event","at_ms":1883003,"node":25344,"kind":"peer_admitted","peer":33120,"slot":1,"a":0,"b":0}
1791637162.464 {"t":"event","at_ms":1883650,"node":25344,"kind":"peer_admitted","peer":29544,"slot":0,"a":0,"b":0}
1791637162.464 {"t":"event","at_ms":1884841,"node":25344,"kind":"probe_timeout","peer":254,"slot":2,"a":992,"b":0}
1791637162.464 {"t":"event","at_ms":1885013,"node":25344,"kind":"peer_admitted","peer":33120,"slot":1,"a":0,"b":0}
1791637162.464 {"t":"event","at_ms":1885649,"node":25344,"kind":"peer_admitted","peer":29544,"slot":0,"a":0,"b":0}
1791637162.464 {"t":"event","at_ms":1887003,"node":25344,"kind":"peer_admitted","peer":33120,"slot":1,"a":0,"b":0}
1791637162.464 {"t":"event","at_ms":1887649,"node":25344,"kind":"peer_admitted","peer":29544,"slot":0,"a":0,"b":0}
1791637162.464 {"t":"event","at_ms":1887841,"node":25344,"kind":"probe_timeout","peer":254,"slot":2,"a":993,"b":0}
1791637162.464 {"t":"event","at_ms":1889003,"node":25344,"kind":"peer_admitted","peer":33120,"slot":1,"a":0,"b":0}
1791637162.464 {"t":"event","at_ms":1889649,"node":25344,"kind":"peer_admitted","peer":29544,"slot":0,"a":0,"b":0}
1791637162.464 {"t":"event","at_ms":1890841,"node":25344,"kind":"probe_timeout","peer":254,"slot":2,"a":994,"b":0}
1791637162.464 {"t":"event","at_ms":1891003,"node":25344,"kind":"peer_admitted","peer":33120,"slot":1,"a":0,"b":0}
1791637162.464 {"t":"link","up_ms":1891340,"node":25344,"peer":29544,"mac":"b8:1f:3f:da:73:68","state":"alive","epoch":171,"espnow_ver":2,"mtu":1446,"misses":0,"rssi":-28,"tx":{"frames":6459,"cb_ok":6459,"cb_fail":0,"enqueue_err":0,"pdr_ppm":1000000},"rx":{"frames":26502,"lost_seqgap":0,"reorder_dup":0,"dropped_bad":0,"hb_lost":38,"bcast_frames":18858,"pdr_ppm":1000000},"rtt":{"samples":631,"min_us":5287,"max_us":23077,"timeouts":0,"txq_last_us":6210,"txq_max_us":16908,"remote_turnaround_us":866,"remote_turnaround_max_us":1949,"p50_us":[4000,6000],"p99_us":[11000,16000],"hist":[0,0,0,0,346,177,85,19,3,1,0,0,0,0,0,0]}}
1791637162.464 {"t":"link","up_ms":1891394,"node":25344,"peer":33120,"mac":"b8:1f:3f:da:81:60","state":"alive","epoch":293,"espnow_ver":2,"mtu":1446,"misses":0,"rssi":-21,"tx":{"frames":7073,"cb_ok":7003,"cb_fail":70,"enqueue_err":0,"pdr_ppm":990103},"rx":{"frames":24787,"lost_seqgap":1,"reorder_dup":0,"dropped_bad":0,"hb_lost":30,"bcast_frames":16828,"pdr_ppm":999959},"rtt":{"samples":562,"min_us":5666,"max_us":48794,"timeouts":66,"txq_last_us":3123,"txq_max_us":13949,"remote_turnaround_us":1081,"remote_turnaround_max_us":33351,"p50_us":[4000,6000],"p99_us":[22000,30000],"hist":[0,0,0,0,343,116,74,18,4,2,3,2,0,0,0,0]}}
1791637162.464 {"t":"link","up_ms":1891438,"node":25344,"peer":254,"mac":"02:00:00:00:00:fe","state":"dead","epoch":0,"espnow_ver":0,"mtu":226,"misses":6,"rssi":0,"tx":{"frames":2518,"cb_ok":0,"cb_fail":0,"enqueue_err":0,"pdr_ppm":null},"rx":{"frames":3819,"lost_seqgap":0,"reorder_dup":3772,"dropped_bad":0,"hb_lost":0,"bcast_frames":0,"pdr_ppm":1000000},"rtt":{"samples":81,"min_us":7169,"max_us":102972,"timeouts":547,"txq_last_us":0,"txq_max_us":0,"remote_turnaround_us":14,"remote_turnaround_max_us":24,"p50_us":[42000,60000],"p99_us":[85000,110000],"hist":[0,0,0,0,0,1,0,2,5,6,1,49,15,2,0,0]}}
1791637162.464 {"t":"auth","node":25344,"up_ms":1891492,"enrolled":1,"required":1,"verified_peers":2,"verified":5,"cache_hits":1795,"refused":0,"rate_limited":0,"stale_epoch":0,"verify_us_max":82867,"link_stack_free_b":804,"crypto_stack_free_b":1268,"tags_ok":13804,"bad_tag":0,"replayed":0,"untagged":0,"bcast_dropped":0,"beacon_epoch_ignored":0,"tag_us_max":1167}
1791637162.464 {"t":"act","node":25344,"setpoint":0,"has_value":0,"writes_served":0}
1791637162.897 {"t":"peers","node":25344,"own_period_ms":100,"own_busy":0,"channel":1,"scanning":0,"scans":0,"hops":0,"found":0,"lost_to_found_ms":0,"moves_followed":0,"moves_refused":0,"sweeps":0,"sweep_found":0,"sweeping":0,"search_visits":0,"relay":0,"fwd_u":0,"fwd_b":0,"fwd_h":0,"relay_dup":17531,"list":[{"id":29544,"state":"alive","via_relay":0,"period_ms":100,"misses":6,"busy":1,"rtt_n":631},{"id":33120,"state":"alive","via_relay":0,"period_ms":100,"misses":6,"busy":0,"rtt_n":562},{"id":254,"state":"dead","via_relay":0,"period_ms":100,"misses":6,"busy":0,"rtt_n":81}]}
1791637162.897 {"t":"ss","node":25344,"accepted":0,"unsigned":0,"unknown_sender":0,"bad_signature":0,"replayed":0,"rate_limited":0,"verify_us_max":0,"floors":[]}
1791637162.897 {"t":"rec","node":25344,"up_ms":1891588,"settled":1,"sent":7559,"received":7546,"malformed":0,"views":17,"replies_fenced":0,"actors":[{"key":1245650351,"running":1,"term":9,"owner":25344,"owner_term":9,"assigned":25344,"starts":1,"fenced":0,"released":0}]}
1791637162.897 {"t":"node","up_ms":1891614,"node":25344,"epoch":244,"peers_alive":2,"peers_dead":1,"no_radio":0,"free_dram":250307,"largest_block":172032,"rx":{"total":92367,"bad_frame":0,"unknown_peer":80,"wrong_dst":0,"short_payload":0,"unknown_opcode":0,"queue_dropped":50},"tx":{"total":35898,"enqueue_err":0,"done_queue_dropped":0},"membership":{"deaths":8,"revivals":4,"reboots_seen":3,"table_full":0,"events_dropped":0}}
1791637162.897 {"t":"ns","node":25344,"hash":2410274060,"owner":25344,"kind":"sampled","unit":100,"class":4,"bound_ms":0,"quality":"GOOD","age_ms":449,"ts":1891205,"updates":179,"value":244}
1791637162.897 {"t":"ns","node":25344,"hash":1274253983,"owner":25344,"kind":"sampled","unit":0,"class":4,"bound_ms":5000,"quality":"GOOD","age_ms":463,"ts":1891205,"updates":179,"value":-28}
1791637162.897 {"t":"ns","node":25344,"hash":3354298913,"owner":25344,"kind":"sampled","unit":100,"class":4,"bound_ms":5000,"quality":"GOOD","age_ms":477,"ts":1891205,"updates":179,"value":2}
1791637162.897 {"t":"ns","node":25344,"hash":1771187623,"owner":25344,"kind":"sampled","unit":101,"class":4,"bound_ms":30000,"quality":"GOOD","age_ms":492,"ts":1891204,"updates":179,"value":250307}
1791637162.897 {"t":"ns","node":25344,"hash":1245650351,"owner":25344,"kind":"sampled","unit":0,"class":3,"bound_ms":500,"quality":"GOOD","age_ms":77,"ts":1891633,"updates":18811,"value":1660963195}
1791637162.897 {"t":"ns","node":25344,"hash":2033492666,"owner":25344,"kind":"sampled","unit":0,"class":3,"bound_ms":0,"quality":"NO_DATA","age_ms":0,"ts":0,"updates":0,"value":null}
1791637162.897 {"t":"ns","node":25344,"hash":4103947588,"owner":25344,"kind":"sampled","unit":80,"class":4,"bound_ms":30000,"quality":"GOOD","age_ms":544,"ts":1891205,"updates":179,"value":1891}
1791637162.897 {"t":"ns","node":25344,"hash":1662441583,"owner":25344,"kind":"sampled","unit":101,"class":4,"bound_ms":30000,"quality":"GOOD","age_ms":559,"ts":1891205,"updates":179,"value":172032}
1791637173.039 {"t":"clk","node":25344,"up_ms":1901778}
1791637173.039 {"t":"led","node":25344,"shows":"red","app":0}
1791637173.039 {"t":"event","at_ms":1891649,"node":25344,"kind":"peer_admitted","peer":29544,"slot":0,"a":0,"b":0}
1791637173.039 {"t":"event","at_ms":1893004,"node":25344,"kind":"peer_admitted","peer":33120,"slot":1,"a":0,"b":0}
1791637173.039 {"t":"event","at_ms":1893649,"node":25344,"kind":"peer_admitted","peer":29544,"slot":0,"a":0,"b":0}
1791637173.039 {"t":"event","at_ms":1893841,"node":25344,"kind":"probe_timeout","peer":254,"slot":2,"a":995,"b":0}
1791637173.039 {"t":"event","at_ms":1895003,"node":25344,"kind":"peer_admitted","peer":33120,"slot":1,"a":0,"b":0}
1791637173.039 {"t":"event","at_ms":1895649,"node":25344,"kind":"peer_admitted","peer":29544,"slot":0,"a":0,"b":0}
1791637173.039 {"t":"event","at_ms":1896841,"node":25344,"kind":"probe_timeout","peer":254,"slot":2,"a":996,"b":0}
1791637173.039 {"t":"event","at_ms":1897003,"node":25344,"kind":"peer_admitted","peer":33120,"slot":1,"a":0,"b":0}
1791637173.039 {"t":"event","at_ms":1897649,"node":25344,"kind":"peer_admitted","peer":29544,"slot":0,"a":0,"b":0}
1791637173.039 {"t":"event","at_ms":1899003,"node":25344,"kind":"peer_admitted","peer":33120,"slot":1,"a":0,"b":0}
1791637173.039 {"t":"event","at_ms":1899650,"node":25344,"kind":"peer_admitted","peer":29544,"slot":0,"a":0,"b":0}
1791637173.039 {"t":"event","at_ms":1899841,"node":25344,"kind":"probe_timeout","peer":254,"slot":2,"a":997,"b":0}
1791637173.039 {"t":"event","at_ms":1901003,"node":25344,"kind":"peer_admitted","peer":33120,"slot":1,"a":0,"b":0}
1791637173.039 {"t":"event","at_ms":1901649,"node":25344,"kind":"peer_admitted","peer":29544,"slot":0,"a":0,"b":0}
1791637173.039 {"t":"link","up_ms":1901904,"node":25344,"peer":29544,"mac":"b8:1f:3f:da:73:68","state":"alive","epoch":171,"espnow_ver":2,"mtu":1446,"misses":0,"rssi":-28,"tx":{"frames":6494,"cb_ok":6494,"cb_fail":0,"enqueue_err":0,"pdr_ppm":1000000},"rx":{"frames":26648,"lost_seqgap":0,"reorder_dup":0,"dropped_bad":0,"hb_lost":38,"bcast_frames":18963,"pdr_ppm":1000000},"rtt":{"samples":634,"min_us":5287,"max_us":23077,"timeouts":0,"txq_last_us":6210,"txq_max_us":16908,"remote_turnaround_us":826,"remote_turnaround_max_us":1949,"p50_us":[4000,6000],"p99_us":[11000,16000],"hist":[0,0,0,0,349,177,85,19,3,1,0,0,0,0,0,0]}}
1791637173.039 {"t":"link","up_ms":1901959,"node":25344,"peer":33120,"mac":"b8:1f:3f:da:81:60","state":"alive","epoch":293,"espnow_ver":2,"mtu":1446,"misses":0,"rssi":-21,"tx":{"frames":7108,"cb_ok":7038,"cb_fail":70,"enqueue_err":0,"pdr_ppm":990151},"rx":{"frames":24932,"lost_seqgap":1,"reorder_dup":0,"dropped_bad":0,"hb_lost":32,"bcast_frames":16932,"pdr_ppm":999959},"rtt":{"samples":566,"min_us":5666,"max_us":48794,"timeouts":66,"txq_last_us":3123,"txq_max_us":13949,"remote_turnaround_us":1095,"remote_turnaround_max_us":33351,"p50_us":[4000,6000],"p99_us":[22000,30000],"hist":[0,0,0,0,343,120,74,18,4,2,3,2,0,0,0,0]}}
1791637173.039 {"t":"link","up_ms":1902013,"node":25344,"peer":254,"mac":"02:00:00:00:00:fe","state":"dead","epoch":0,"espnow_ver":0,"mtu":226,"misses":6,"rssi":0,"tx":{"frames":2522,"cb_ok":0,"cb_fail":0,"enqueue_err":0,"pdr_ppm":null},"rx":{"frames":3819,"lost_seqgap":0,"reorder_dup":3772,"dropped_bad":0,"hb_lost":0,"bcast_frames":0,"pdr_ppm":1000000},"rtt":{"samples":81,"min_us":7169,"max_us":102972,"timeouts":550,"txq_last_us":0,"txq_max_us":0,"remote_turnaround_us":14,"remote_turnaround_max_us":24,"p50_us":[42000,60000],"p99_us":[85000,110000],"hist":[0,0,0,0,0,1,0,2,5,6,1,49,15,2,0,0]}}
1791637173.039 {"t":"auth","node":25344,"up_ms":1902056,"enrolled":1,"required":1,"verified_peers":2,"verified":5,"cache_hits":1806,"refused":0,"rate_limited":0,"stale_epoch":0,"verify_us_max":82867,"link_stack_free_b":804,"crypto_stack_free_b":1268,"tags_ok":13876,"bad_tag":0,"replayed":0,"untagged":0,"bcast_dropped":0,"beacon_epoch_ignored":0,"tag_us_max":1167}
1791637173.039 {"t":"act","node":25344,"setpoint":0,"has_value":0,"writes_served":0}
1791637173.460 {"t":"peers","node":25344,"own_period_ms":100,"own_busy":0,"channel":1,"scanning":0,"scans":0,"hops":0,"found":0,"lost_to_found_ms":0,"moves_followed":0,"moves_refused":0,"sweeps":0,"sweep_found":0,"sweeping":0,"search_visits":0,"relay":0,"fwd_u":0,"fwd_b":0,"fwd_h":0,"relay_dup":17632,"list":[{"id":29544,"state":"alive","via_relay":0,"period_ms":100,"misses":6,"busy":1,"rtt_n":634},{"id":33120,"state":"alive","via_relay":0,"period_ms":100,"misses":6,"busy":0,"rtt_n":566},{"id":254,"state":"dead","via_relay":0,"period_ms":100,"misses":6,"busy":0,"rtt_n":81}]}
1791637173.460 {"t":"ss","node":25344,"accepted":0,"unsigned":0,"unknown_sender":0,"bad_signature":0,"replayed":0,"rate_limited":0,"verify_us_max":0,"floors":[]}
1791637173.460 {"t":"rec","node":25344,"up_ms":1902164,"settled":1,"sent":7601,"received":7588,"malformed":0,"views":17,"replies_fenced":0,"actors":[{"key":1245650351,"running":1,"term":9,"owner":25344,"owner_term":9,"assigned":25344,"starts":1,"fenced":0,"released":0}]}
1791637173.460 {"t":"node","up_ms":1902179,"node":25344,"epoch":244,"peers_alive":2,"peers_dead":1,"no_radio":0,"free_dram":250307,"largest_block":172032,"rx":{"total":92863,"bad_frame":0,"unknown_peer":80,"wrong_dst":0,"short_payload":0,"unknown_opcode":0,"queue_dropped":50},"tx":{"total":36084,"enqueue_err":0,"done_queue_dropped":0},"membership":{"deaths":8,"revivals":4,"reboots_seen":3,"table_full":0,"events_dropped":0}}
1791637173.460 {"t":"ns","node":25344,"hash":2410274060,"owner":25344,"kind":"sampled","unit":100,"class":4,"bound_ms":0,"quality":"GOOD","age_ms":439,"ts":1901780,"updates":180,"value":244}
1791637173.460 {"t":"ns","node":25344,"hash":1274253983,"owner":25344,"kind":"sampled","unit":0,"class":4,"bound_ms":5000,"quality":"GOOD","age_ms":453,"ts":1901780,"updates":180,"value":-28}
1791637173.460 {"t":"ns","node":25344,"hash":3354298913,"owner":25344,"kind":"sampled","unit":100,"class":4,"bound_ms":5000,"quality":"GOOD","age_ms":467,"ts":1901780,"updates":180,"value":2}
1791637173.460 {"t":"ns","node":25344,"hash":1771187623,"owner":25344,"kind":"sampled","unit":101,"class":4,"bound_ms":30000,"quality":"GOOD","age_ms":482,"ts":1901779,"updates":180,"value":250307}
1791637173.460 {"t":"ns","node":25344,"hash":1245650351,"owner":25344,"kind":"sampled","unit":0,"class":3,"bound_ms":500,"quality":"GOOD","age_ms":42,"ts":1902233,"updates":18917,"value":1660963301}
1791637173.460 {"t":"ns","node":25344,"hash":2033492666,"owner":25344,"kind":"sampled","unit":0,"class":3,"bound_ms":0,"quality":"NO_DATA","age_ms":0,"ts":0,"updates":0,"value":null}
1791637173.460 {"t":"ns","node":25344,"hash":4103947588,"owner":25344,"kind":"sampled","unit":80,"class":4,"bound_ms":30000,"quality":"GOOD","age_ms":534,"ts":1901780,"updates":180,"value":1901}
1791637173.460 {"t":"ns","node":25344,"hash":1662441583,"owner":25344,"kind":"sampled","unit":101,"class":4,"bound_ms":30000,"quality":"GOOD","age_ms":548,"ts":1901780,"updates":180,"value":172032}
1791637183.603 {"t":"clk","node":25344,"up_ms":1912343}
1791637183.603 {"t":"led","node":25344,"shows":"red","app":0}
1791637183.603 {"t":"event","at_ms":1902841,"node":25344,"kind":"probe_timeout","peer":254,"slot":2,"a":998,"b":0}
1791637183.603 {"t":"event","at_ms":1903003,"node":25344,"kind":"peer_admitted","peer":33120,"slot":1,"a":0,"b":0}
1791637183.603 {"t":"event","at_ms":1903649,"node":25344,"kind":"peer_admitted","peer":29544,"slot":0,"a":0,"b":0}
1791637183.603 {"t":"event","at_ms":1905003,"node":25344,"kind":"peer_admitted","peer":33120,"slot":1,"a":0,"b":0}
1791637183.603 {"t":"event","at_ms":1905651,"node":25344,"kind":"peer_admitted","peer":29544,"slot":0,"a":0,"b":0}
1791637183.603 {"t":"event","at_ms":1905841,"node":25344,"kind":"probe_timeout","peer":254,"slot":2,"a":999,"b":0}
1791637183.603 {"t":"event","at_ms":1907003,"node":25344,"kind":"peer_admitted","peer":33120,"slot":1,"a":0,"b":0}
1791637183.603 {"t":"event","at_ms":1907649,"node":25344,"kind":"peer_admitted","peer":29544,"slot":0,"a":0,"b":0}
1791637183.603 {"t":"event","at_ms":1908841,"node":25344,"kind":"probe_timeout","peer":254,"slot":2,"a":1000,"b":0}
1791637183.603 {"t":"event","at_ms":1909002,"node":25344,"kind":"peer_admitted","peer":33120,"slot":1,"a":0,"b":0}
1791637183.603 {"t":"event","at_ms":1909649,"node":25344,"kind":"peer_admitted","peer":29544,"slot":0,"a":0,"b":0}
1791637183.603 {"t":"event","at_ms":1911003,"node":25344,"kind":"peer_admitted","peer":33120,"slot":1,"a":0,"b":0}
1791637183.603 {"t":"event","at_ms":1911649,"node":25344,"kind":"peer_admitted","peer":29544,"slot":0,"a":0,"b":0}
1791637183.603 {"t":"event","at_ms":1911841,"node":25344,"kind":"probe_timeout","peer":254,"slot":2,"a":1001,"b":0}
1791637183.603 {"t":"link","up_ms":1912467,"node":25344,"peer":29544,"mac":"b8:1f:3f:da:73:68","state":"alive","epoch":171,"espnow_ver":2,"mtu":1446,"misses":0,"rssi":-29,"tx":{"frames":6529,"cb_ok":6529,"cb_fail":0,"enqueue_err":0,"pdr_ppm":1000000},"rx":{"frames":26795,"lost_seqgap":0,"reorder_dup":0,"dropped_bad":0,"hb_lost":38,"bcast_frames":19069,"pdr_ppm":1000000},"rtt":{"samples":638,"min_us":5287,"max_us":23077,"timeouts":0,"txq_last_us":6210,"txq_max_us":16908,"remote_turnaround_us":861,"remote_turnaround_max_us":1949,"p50_us":[4000,6000],"p99_us":[11000,16000],"hist":[0,0,0,0,353,177,85,19,3,1,0,0,0,0,0,0]}}
1791637183.603 {"t":"link","up_ms":1912522,"node":25344,"peer":33120,"mac":"b8:1f:3f:da:81:60","state":"alive","epoch":293,"espnow_ver":2,"mtu":1446,"misses":0,"rssi":-21,"tx":{"frames":7142,"cb_ok":7072,"cb_fail":70,"enqueue_err":0,"pdr_ppm":990198},"rx":{"frames":25073,"lost_seqgap":1,"reorder_dup":0,"dropped_bad":0,"hb_lost":35,"bcast_frames":17034,"pdr_ppm":999960},"rtt":{"samples":569,"min_us":5666,"max_us":48794,"timeouts":66,"txq_last_us":3123,"txq_max_us":13949,"remote_turnaround_us":1093,"remote_turnaround_max_us":33351,"p50_us":[4000,6000],"p99_us":[22000,30000],"hist":[0,0,0,0,343,123,74,18,4,2,3,2,0,0,0,0]}}
1791637183.603 {"t":"link","up_ms":1912576,"node":25344,"peer":254,"mac":"02:00:00:00:00:fe","state":"dead","epoch":0,"espnow_ver":0,"mtu":226,"misses":6,"rssi":0,"tx":{"frames":2525,"cb_ok":0,"cb_fail":0,"enqueue_err":0,"pdr_ppm":null},"rx":{"frames":3819,"lost_seqgap":0,"reorder_dup":3772,"dropped_bad":0,"hb_lost":0,"bcast_frames":0,"pdr_ppm":1000000},"rtt":{"samples":81,"min_us":7169,"max_us":102972,"timeouts":554,"txq_last_us":0,"txq_max_us":0,"remote_turnaround_us":14,"remote_turnaround_max_us":24,"p50_us":[42000,60000],"p99_us":[85000,110000],"hist":[0,0,0,0,0,1,0,2,5,6,1,49,15,2,0,0]}}
1791637183.603 {"t":"auth","node":25344,"up_ms":1912630,"enrolled":1,"required":1,"verified_peers":2,"verified":5,"cache_hits":1816,"refused":0,"rate_limited":0,"stale_epoch":0,"verify_us_max":82867,"link_stack_free_b":804,"crypto_stack_free_b":1268,"tags_ok":13946,"bad_tag":0,"replayed":0,"untagged":0,"bcast_dropped":0,"beacon_epoch_ignored":0,"tag_us_max":1167}
1791637183.603 {"t":"act","node":25344,"setpoint":0,"has_value":0,"writes_served":0}
1791637184.020 {"t":"peers","node":25344,"own_period_ms":100,"own_busy":0,"channel":1,"scanning":0,"scans":0,"hops":0,"found":0,"lost_to_found_ms":0,"moves_followed":0,"moves_refused":0,"sweeps":0,"sweep_found":0,"sweeping":0,"search_visits":0,"relay":0,"fwd_u":0,"fwd_b":0,"fwd_h":0,"relay_dup":17739,"list":[{"id":29544,"state":"alive","via_relay":0,"period_ms":100,"misses":6,"busy":1,"rtt_n":638},{"id":33120,"state":"alive","via_relay":0,"period_ms":100,"misses":6,"busy":0,"rtt_n":569},{"id":254,"state":"dead","via_relay":0,"period_ms":100,"misses":6,"busy":0,"rtt_n":81}]}
1791637184.020 {"t":"ss","node":25344,"accepted":0,"unsigned":0,"unknown_sender":0,"bad_signature":0,"replayed":0,"rate_limited":0,"verify_us_max":0,"floors":[]}
1791637184.020 {"t":"rec","node":25344,"up_ms":1912726,"settled":1,"sent":7643,"received":7630,"malformed":0,"views":17,"replies_fenced":0,"actors":[{"key":1245650351,"running":1,"term":9,"owner":25344,"owner_term":9,"assigned":25344,"starts":1,"fenced":0,"released":0}]}
1791637184.020 {"t":"node","up_ms":1912741,"node":25344,"epoch":244,"peers_alive":2,"peers_dead":1,"no_radio":0,"free_dram":250307,"largest_block":172032,"rx":{"total":93363,"bad_frame":0,"unknown_peer":80,"wrong_dst":0,"short_payload":0,"unknown_opcode":0,"queue_dropped":50},"tx":{"total":36269,"enqueue_err":0,"done_queue_dropped":0},"membership":{"deaths":8,"revivals":4,"reboots_seen":3,"table_full":0,"events_dropped":0}}
1791637184.020 {"t":"ns","node":25344,"hash":2410274060,"owner":25344,"kind":"sampled","unit":100,"class":4,"bound_ms":0,"quality":"GOOD","age_ms":437,"ts":1912344,"updates":181,"value":244}
1791637184.020 {"t":"ns","node":25344,"hash":1274253983,"owner":25344,"kind":"sampled","unit":0,"class":4,"bound_ms":5000,"quality":"GOOD","age_ms":450,"ts":1912345,"updates":181,"value":-28}
1791637184.020 {"t":"ns","node":25344,"hash":3354298913,"owner":25344,"kind":"sampled","unit":100,"class":4,"bound_ms":5000,"quality":"GOOD","age_ms":464,"ts":1912345,"updates":181,"value":2}
1791637184.020 {"t":"ns","node":25344,"hash":1771187623,"owner":25344,"kind":"sampled","unit":101,"class":4,"bound_ms":30000,"quality":"GOOD","age_ms":479,"ts":1912344,"updates":181,"value":250307}
1791637184.020 {"t":"ns","node":25344,"hash":1245650351,"owner":25344,"kind":"sampled","unit":0,"class":3,"bound_ms":500,"quality":"GOOD","age_ms":16,"ts":1912833,"updates":19023,"value":1660963407}
1791637184.020 {"t":"ns","node":25344,"hash":2033492666,"owner":25344,"kind":"sampled","unit":0,"class":3,"bound_ms":0,"quality":"NO_DATA","age_ms":0,"ts":0,"updates":0,"value":null}
1791637184.020 {"t":"ns","node":25344,"hash":4103947588,"owner":25344,"kind":"sampled","unit":80,"class":4,"bound_ms":30000,"quality":"GOOD","age_ms":533,"ts":1912344,"updates":181,"value":1912}
1791637184.020 {"t":"ns","node":25344,"hash":1662441583,"owner":25344,"kind":"sampled","unit":101,"class":4,"bound_ms":30000,"quality":"GOOD","age_ms":547,"ts":1912344,"updates":181,"value":172032}
1791637194.170 {"t":"clk","node":25344,"up_ms":1922906}
1791637194.170 {"t":"led","node":25344,"shows":"red","app":0}
1791637194.170 {"t":"event","at_ms":1913003,"node":25344,"kind":"peer_admitted","peer":33120,"slot":1,"a":0,"b":0}
1791637194.170 {"t":"event","at_ms":1913649,"node":25344,"kind":"peer_admitted","peer":29544,"slot":0,"a":0,"b":0}
1791637194.170 {"t":"event","at_ms":1914841,"node":25344,"kind":"probe_timeout","peer":254,"slot":2,"a":1002,"b":0}
1791637194.170 {"t":"event","at_ms":1915003,"node":25344,"kind":"peer_admitted","peer":33120,"slot":1,"a":0,"b":0}
1791637194.170 {"t":"event","at_ms":1915649,"node":25344,"kind":"peer_admitted","peer":29544,"slot":0,"a":0,"b":0}
1791637194.170 {"t":"event","at_ms":1917003,"node":25344,"kind":"peer_admitted","peer":33120,"slot":1,"a":0,"b":0}
1791637194.170 {"t":"event","at_ms":1917649,"node":25344,"kind":"peer_admitted","peer":29544,"slot":0,"a":0,"b":0}
1791637194.170 {"t":"event","at_ms":1917841,"node":25344,"kind":"probe_timeout","peer":254,"slot":2,"a":1003,"b":0}
1791637194.170 {"t":"event","at_ms":1919003,"node":25344,"kind":"peer_admitted","peer":33120,"slot":1,"a":0,"b":0}
1791637194.170 {"t":"event","at_ms":1919649,"node":25344,"kind":"peer_admitted","peer":29544,"slot":0,"a":0,"b":0}
1791637194.170 {"t":"event","at_ms":1920841,"node":25344,"kind":"probe_timeout","peer":254,"slot":2,"a":1004,"b":0}
1791637194.170 {"t":"event","at_ms":1921003,"node":25344,"kind":"peer_admitted","peer":33120,"slot":1,"a":0,"b":0}
1791637194.170 {"t":"event","at_ms":1921650,"node":25344,"kind":"peer_admitted","peer":29544,"slot":0,"a":0,"b":0}
1791637194.170 {"t":"event","at_ms":1923003,"node":25344,"kind":"peer_admitted","peer":33120,"slot":1,"a":0,"b":0}
1791637194.170 {"t":"link","up_ms":1923033,"node":25344,"peer":29544,"mac":"b8:1f:3f:da:73:68","state":"alive","epoch":171,"espnow_ver":2,"mtu":1446,"misses":0,"rssi":-28,"tx":{"frames":6565,"cb_ok":6565,"cb_fail":0,"enqueue_err":0,"pdr_ppm":1000000},"rx":{"frames":26941,"lost_seqgap":0,"reorder_dup":0,"dropped_bad":0,"hb_lost":38,"bcast_frames":19175,"pdr_ppm":1000000},"rtt":{"samples":641,"min_us":5287,"max_us":23077,"timeouts":0,"txq_last_us":6210,"txq_max_us":16908,"remote_turnaround_us":855,"remote_turnaround_max_us":1949,"p50_us":[4000,6000],"p99_us":[11000,16000],"hist":[0,0,0,0,356,177,85,19,3,1,0,0,0,0,0,0]}}
1791637194.170 {"t":"link","up_ms":1923087,"node":25344,"peer":33120,"mac":"b8:1f:3f:da:81:60","state":"alive","epoch":293,"espnow_ver":2,"mtu":1446,"misses":0,"rssi":-21,"tx":{"frames":7179,"cb_ok":7109,"cb_fail":70,"enqueue_err":0,"pdr_ppm":990249},"rx":{"frames":25222,"lost_seqgap":1,"reorder_dup":0,"dropped_bad":0,"hb_lost":35,"bcast_frames":17140,"pdr_ppm":999960},"rtt":{"samples":573,"min_us":5666,"max_us":48794,"timeouts":66,"txq_last_us":3123,"txq_max_us":13949,"remote_turnaround_us":1093,"remote_turnaround_max_us":33351,"p50_us":[4000,6000],"p99_us":[22000,30000],"hist":[0,0,0,0,343,127,74,18,4,2,3,2,0,0,0,0]}}
1791637194.170 {"t":"link","up_ms":1923141,"node":25344,"peer":254,"mac":"02:00:00:00:00:fe","state":"dead","epoch":0,"espnow_ver":0,"mtu":226,"misses":6,"rssi":0,"tx":{"frames":2529,"cb_ok":0,"cb_fail":0,"enqueue_err":0,"pdr_ppm":null},"rx":{"frames":3819,"lost_seqgap":0,"reorder_dup":3772,"dropped_bad":0,"hb_lost":0,"bcast_frames":0,"pdr_ppm":1000000},"rtt":{"samples":81,"min_us":7169,"max_us":102972,"timeouts":557,"txq_last_us":0,"txq_max_us":0,"remote_turnaround_us":14,"remote_turnaround_max_us":24,"p50_us":[42000,60000],"p99_us":[85000,110000],"hist":[0,0,0,0,0,1,0,2,5,6,1,49,15,2,0,0]}}
1791637194.170 {"t":"auth","node":25344,"up_ms":1923184,"enrolled":1,"required":1,"verified_peers":2,"verified":5,"cache_hits":1827,"refused":0,"rate_limited":0,"stale_epoch":0,"verify_us_max":82867,"link_stack_free_b":804,"crypto_stack_free_b":1268,"tags_ok":14016,"bad_tag":0,"replayed":0,"untagged":0,"bcast_dropped":0,"beacon_epoch_ignored":0,"tag_us_max":1167}
1791637194.170 {"t":"act","node":25344,"setpoint":0,"has_value":0,"writes_served":0}
1791637194.586 {"t":"peers","node":25344,"own_period_ms":100,"own_busy":0,"channel":1,"scanning":0,"scans":0,"hops":0,"found":0,"lost_to_found_ms":0,"moves_followed":0,"moves_refused":0,"sweeps":0,"sweep_found":0,"sweeping":0,"search_visits":0,"relay":0,"fwd_u":0,"fwd_b":0,"fwd_h":0,"relay_dup":17842,"list":[{"id":29544,"state":"alive","via_relay":0,"period_ms":100,"misses":6,"busy":1,"rtt_n":641},{"id":33120,"state":"alive","via_relay":0,"period_ms":100,"misses":6,"busy":0,"rtt_n":573},{"id":254,"state":"dead","via_relay":0,"period_ms":100,"misses":6,"busy":0,"rtt_n":81}]}
1791637194.586 {"t":"ss","node":25344,"accepted":0,"unsigned":0,"unknown_sender":0,"bad_signature":0,"replayed":0,"rate_limited":0,"verify_us_max":0,"floors":[]}
1791637194.586 {"t":"rec","node":25344,"up_ms":1923291,"settled":1,"sent":7686,"received":7672,"malformed":0,"views":17,"replies_fenced":0,"actors":[{"key":1245650351,"running":1,"term":9,"owner":25344,"owner_term":9,"assigned":25344,"starts":1,"fenced":0,"released":0}]}
1791637194.586 {"t":"node","up_ms":1923306,"node":25344,"epoch":244,"peers_alive":2,"peers_dead":1,"no_radio":0,"free_dram":250307,"largest_block":172032,"rx":{"total":93858,"bad_frame":0,"unknown_peer":80,"wrong_dst":0,"short_payload":0,"unknown_opcode":0,"queue_dropped":50},"tx":{"total":36454,"enqueue_err":0,"done_queue_dropped":0},"membership":{"deaths":8,"revivals":4,"reboots_seen":3,"table_full":0,"events_dropped":0}}
1791637194.586 {"t":"ns","node":25344,"hash":2410274060,"owner":25344,"kind":"sampled","unit":100,"class":4,"bound_ms":0,"quality":"GOOD","age_ms":439,"ts":1922908,"updates":182,"value":244}
1791637194.586 {"t":"ns","node":25344,"hash":1274253983,"owner":25344,"kind":"sampled","unit":0,"class":4,"bound_ms":5000,"quality":"GOOD","age_ms":453,"ts":1922908,"updates":182,"value":-28}
1791637194.586 {"t":"ns","node":25344,"hash":3354298913,"owner":25344,"kind":"sampled","unit":100,"class":4,"bound_ms":5000,"quality":"GOOD","age_ms":467,"ts":1922908,"updates":182,"value":2}
1791637194.586 {"t":"ns","node":25344,"hash":1771187623,"owner":25344,"kind":"sampled","unit":101,"class":4,"bound_ms":30000,"quality":"GOOD","age_ms":481,"ts":1922907,"updates":182,"value":250307}
1791637194.586 {"t":"ns","node":25344,"hash":1245650351,"owner":25344,"kind":"sampled","unit":0,"class":3,"bound_ms":500,"quality":"GOOD","age_ms":69,"ts":1923333,"updates":19128,"value":1660963512}
1791637194.586 {"t":"ns","node":25344,"hash":2033492666,"owner":25344,"kind":"sampled","unit":0,"class":3,"bound_ms":0,"quality":"NO_DATA","age_ms":0,"ts":0,"updates":0,"value":null}
1791637194.586 {"t":"ns","node":25344,"hash":4103947588,"owner":25344,"kind":"sampled","unit":80,"class":4,"bound_ms":30000,"quality":"GOOD","age_ms":534,"ts":1922908,"updates":182,"value":1922}
1791637194.586 {"t":"ns","node":25344,"hash":1662441583,"owner":25344,"kind":"sampled","unit":101,"class":4,"bound_ms":30000,"quality":"GOOD","age_ms":548,"ts":1922908,"updates":182,"value":172032}
1791637204.736 {"t":"clk","node":25344,"up_ms":1933471}
1791637204.736 {"t":"led","node":25344,"shows":"red","app":0}
1791637204.736 {"t":"event","at_ms":1923649,"node":25344,"kind":"peer_admitted","peer":29544,"slot":0,"a":0,"b":0}
1791637204.736 {"t":"event","at_ms":1923841,"node":25344,"kind":"probe_timeout","peer":254,"slot":2,"a":1005,"b":0}
1791637204.736 {"t":"event","at_ms":1925005,"node":25344,"kind":"peer_admitted","peer":33120,"slot":1,"a":0,"b":0}
1791637204.736 {"t":"event","at_ms":1925649,"node":25344,"kind":"peer_admitted","peer":29544,"slot":0,"a":0,"b":0}
1791637204.736 {"t":"event","at_ms":1926841,"node":25344,"kind":"probe_timeout","peer":254,"slot":2,"a":1006,"b":0}
1791637204.736 {"t":"event","at_ms":1927003,"node":25344,"kind":"peer_admitted","peer":33120,"slot":1,"a":0,"b":0}
1791637204.736 {"t":"event","at_ms":1927649,"node":25344,"kind":"peer_admitted","peer":29544,"slot":0,"a":0,"b":0}
1791637204.736 {"t":"event","at_ms":1929003,"node":25344,"kind":"peer_admitted","peer":33120,"slot":1,"a":0,"b":0}
1791637204.736 {"t":"event","at_ms":1929649,"node":25344,"kind":"peer_admitted","peer":29544,"slot":0,"a":0,"b":0}
1791637204.736 {"t":"event","at_ms":1929841,"node":25344,"kind":"probe_timeout","peer":254,"slot":2,"a":1007,"b":0}
1791637204.736 {"t":"event","at_ms":1931003,"node":25344,"kind":"peer_admitted","peer":33120,"slot":1,"a":0,"b":0}
1791637204.736 {"t":"event","at_ms":1931649,"node":25344,"kind":"peer_admitted","peer":29544,"slot":0,"a":0,"b":0}
1791637204.736 {"t":"event","at_ms":1932841,"node":25344,"kind":"probe_timeout","peer":254,"slot":2,"a":1008,"b":0}
1791637204.736 {"t":"event","at_ms":1933003,"node":25344,"kind":"peer_admitted","peer":33120,"slot":1,"a":0,"b":0}
1791637204.736 {"t":"link","up_ms":1933596,"node":25344,"peer":29544,"mac":"b8:1f:3f:da:73:68","state":"alive","epoch":171,"espnow_ver":2,"mtu":1446,"misses":0,"rssi":-28,"tx":{"frames":6600,"cb_ok":6600,"cb_fail":0,"enqueue_err":0,"pdr_ppm":1000000},"rx":{"frames":27086,"lost_seqgap":0,"reorder_dup":0,"dropped_bad":0,"hb_lost":38,"bcast_frames":19280,"pdr_ppm":1000000},"rtt":{"samples":645,"min_us":5287,"max_us":45005,"timeouts":0,"txq_last_us":31551,"txq_max_us":31551,"remote_turnaround_us":826,"remote_turnaround_max_us":1949,"p50_us":[4000,6000],"p99_us":[11000,16000],"hist":[0,0,0,0,358,178,85,19,3,1,0,1,0,0,0,0]}}
1791637204.736 {"t":"link","up_ms":1933651,"node":25344,"peer":33120,"mac":"b8:1f:3f:da:81:60","state":"alive","epoch":293,"espnow_ver":2,"mtu":1446,"misses":0,"rssi":-22,"tx":{"frames":7213,"cb_ok":7143,"cb_fail":70,"enqueue_err":0,"pdr_ppm":990295},"rx":{"frames":25365,"lost_seqgap":1,"reorder_dup":0,"dropped_bad":0,"hb_lost":37,"bcast_frames":17244,"pdr_ppm":999960},"rtt":{"samples":576,"min_us":5666,"max_us":48794,"timeouts":66,"txq_last_us":3123,"txq_max_us":13949,"remote_turnaround_us":1087,"remote_turnaround_max_us":33351,"p50_us":[4000,6000],"p99_us":[22000,30000],"hist":[0,0,0,0,343,130,74,18,4,2,3,2,0,0,0,0]}}
1791637204.736 {"t":"link","up_ms":1933705,"node":25344,"peer":254,"mac":"02:00:00:00:00:fe","state":"dead","epoch":0,"espnow_ver":0,"mtu":226,"misses":6,"rssi":0,"tx":{"frames":2532,"cb_ok":0,"cb_fail":0,"enqueue_err":0,"pdr_ppm":null},"rx":{"frames":3819,"lost_seqgap":0,"reorder_dup":3772,"dropped_bad":0,"hb_lost":0,"bcast_frames":0,"pdr_ppm":1000000},"rtt":{"samples":81,"min_us":7169,"max_us":102972,"timeouts":561,"txq_last_us":0,"txq_max_us":0,"remote_turnaround_us":14,"remote_turnaround_max_us":24,"p50_us":[42000,60000],"p99_us":[85000,110000],"hist":[0,0,0,0,0,1,0,2,5,6,1,49,15,2,0,0]}}
1791637204.736 {"t":"auth","node":25344,"up_ms":1933759,"enrolled":1,"required":1,"verified_peers":2,"verified":5,"cache_hits":1838,"refused":0,"rate_limited":0,"stale_epoch":0,"verify_us_max":82867,"link_stack_free_b":804,"crypto_stack_free_b":1268,"tags_ok":14085,"bad_tag":0,"replayed":0,"untagged":0,"bcast_dropped":0,"beacon_epoch_ignored":0,"tag_us_max":1167}
1791637204.736 {"t":"act","node":25344,"setpoint":0,"has_value":0,"writes_served":0}
1791637205.161 {"t":"peers","node":25344,"own_period_ms":100,"own_busy":0,"channel":1,"scanning":0,"scans":0,"hops":0,"found":0,"lost_to_found_ms":0,"moves_followed":0,"moves_refused":0,"sweeps":0,"sweep_found":0,"sweeping":0,"search_visits":0,"relay":0,"fwd_u":0,"fwd_b":0,"fwd_h":0,"relay_dup":17943,"list":[{"id":29544,"state":"alive","via_relay":0,"period_ms":100,"misses":6,"busy":1,"rtt_n":645},{"id":33120,"state":"alive","via_relay":0,"period_ms":100,"misses":6,"busy":0,"rtt_n":576},{"id":254,"state":"dead","via_relay":0,"period_ms":100,"misses":6,"busy":0,"rtt_n":81}]}
1791637205.161 {"t":"ss","node":25344,"accepted":0,"unsigned":0,"unknown_sender":0,"bad_signature":0,"replayed":0,"rate_limited":0,"verify_us_max":0,"floors":[]}
1791637205.161 {"t":"rec","node":25344,"up_ms":1933857,"settled":1,"sent":7728,"received":7714,"malformed":0,"views":17,"replies_fenced":0,"actors":[{"key":1245650351,"running":1,"term":9,"owner":25344,"owner_term":9,"assigned":25344,"starts":1,"fenced":0,"released":0}]}
1791637205.161 {"t":"node","up_ms":1933872,"node":25344,"epoch":244,"peers_alive":2,"peers_dead":1,"no_radio":0,"free_dram":250307,"largest_block":172032,"rx":{"total":94354,"bad_frame":0,"unknown_peer":80,"wrong_dst":0,"short_payload":0,"unknown_opcode":0,"queue_dropped":50},"tx":{"total":36640,"enqueue_err":0,"done_queue_dropped":0},"membership":{"deaths":8,"revivals":4,"reboots_seen":3,"table_full":0,"events_dropped":0}}
1791637205.161 {"t":"ns","node":25344,"hash":2410274060,"owner":25344,"kind":"sampled","unit":100,"class":4,"bound_ms":0,"quality":"GOOD","age_ms":439,"ts":1933473,"updates":183,"value":244}
1791637205.161 {"t":"ns","node":25344,"hash":1274253983,"owner":25344,"kind":"sampled","unit":0,"class":4,"bound_ms":5000,"quality":"GOOD","age_ms":453,"ts":1933473,"updates":183,"value":-28}
1791637205.161 {"t":"ns","node":25344,"hash":3354298913,"owner":25344,"kind":"sampled","unit":100,"class":4,"bound_ms":5000,"quality":"GOOD","age_ms":467,"ts":1933473,"updates":183,"value":2}
1791637205.161 {"t":"ns","node":25344,"hash":1771187623,"owner":25344,"kind":"sampled","unit":101,"class":4,"bound_ms":30000,"quality":"GOOD","age_ms":482,"ts":1933472,"updates":183,"value":250307}
1791637205.161 {"t":"ns","node":25344,"hash":1245650351,"owner":25344,"kind":"sampled","unit":0,"class":3,"bound_ms":500,"quality":"GOOD","age_ms":35,"ts":1933933,"updates":19234,"value":1660963618}
1791637205.161 {"t":"ns","node":25344,"hash":2033492666,"owner":25344,"kind":"sampled","unit":0,"class":3,"bound_ms":0,"quality":"NO_DATA","age_ms":0,"ts":0,"updates":0,"value":null}
1791637205.161 {"t":"ns","node":25344,"hash":4103947588,"owner":25344,"kind":"sampled","unit":80,"class":4,"bound_ms":30000,"quality":"GOOD","age_ms":535,"ts":1933472,"updates":183,"value":1933}
1791637205.161 {"t":"ns","node":25344,"hash":1662441583,"owner":25344,"kind":"sampled","unit":101,"class":4,"bound_ms":30000,"quality":"GOOD","age_ms":550,"ts":1933472,"updates":183,"value":172032}
1791637215.302 {"t":"clk","node":25344,"up_ms":1944037}
1791637215.302 {"t":"led","node":25344,"shows":"red","app":0}
1791637215.302 {"t":"event","at_ms":1933649,"node":25344,"kind":"peer_admitted","peer":29544,"slot":0,"a":0,"b":0}
1791637215.302 {"t":"event","at_ms":1935003,"node":25344,"kind":"peer_admitted","peer":33120,"slot":1,"a":0,"b":0}
1791637215.302 {"t":"event","at_ms":1935649,"node":25344,"kind":"peer_admitted","peer":29544,"slot":0,"a":0,"b":0}
1791637215.302 {"t":"event","at_ms":1935841,"node":25344,"kind":"probe_timeout","peer":254,"slot":2,"a":1009,"b":0}
1791637215.302 {"t":"event","at_ms":1937003,"node":25344,"kind":"peer_admitted","peer":33120,"slot":1,"a":0,"b":0}
1791637215.302 {"t":"event","at_ms":1937649,"node":25344,"kind":"peer_admitted","peer":29544,"slot":0,"a":0,"b":0}
1791637215.302 {"t":"event","at_ms":1938841,"node":25344,"kind":"probe_timeout","peer":254,"slot":2,"a":1010,"b":0}
1791637215.302 {"t":"event","at_ms":1939003,"node":25344,"kind":"peer_admitted","peer":33120,"slot":1,"a":0,"b":0}
1791637215.302 {"t":"event","at_ms":1939649,"node":25344,"kind":"peer_admitted","peer":29544,"slot":0,"a":0,"b":0}
1791637215.302 {"t":"event","at_ms":1941003,"node":25344,"kind":"peer_admitted","peer":33120,"slot":1,"a":0,"b":0}
1791637215.302 {"t":"event","at_ms":1941649,"node":25344,"kind":"peer_admitted","peer":29544,"slot":0,"a":0,"b":0}
1791637215.302 {"t":"event","at_ms":1941841,"node":25344,"kind":"probe_timeout","peer":254,"slot":2,"a":1011,"b":0}
1791637215.302 {"t":"event","at_ms":1943003,"node":25344,"kind":"peer_admitted","peer":33120,"slot":1,"a":0,"b":0}
1791637215.302 {"t":"event","at_ms":1943649,"node":25344,"kind":"peer_admitted","peer":29544,"slot":0,"a":0,"b":0}
1791637215.302 {"t":"link","up_ms":1944163,"node":25344,"peer":29544,"mac":"b8:1f:3f:da:73:68","state":"alive","epoch":171,"espnow_ver":2,"mtu":1446,"misses":0,"rssi":-28,"tx":{"frames":6635,"cb_ok":6635,"cb_fail":0,"enqueue_err":0,"pdr_ppm":1000000},"rx":{"frames":27233,"lost_seqgap":0,"reorder_dup":0,"dropped_bad":0,"hb_lost":38,"bcast_frames":19386,"pdr_ppm":1000000},"rtt":{"samples":648,"min_us":5287,"max_us":45005,"timeouts":0,"txq_last_us":31551,"txq_max_us":31551,"remote_turnaround_us":856,"remote_turnaround_max_us":1949,"p50_us":[4000,6000],"p99_us":[11000,16000],"hist":[0,0,0,0,360,179,85,19,3,1,0,1,0,0,0,0]}}
1791637215.302 {"t":"link","up_ms":1944217,"node":25344,"peer":33120,"mac":"b8:1f:3f:da:81:60","state":"alive","epoch":293,"espnow_ver":2,"mtu":1446,"misses":0,"rssi":-21,"tx":{"frames":7248,"cb_ok":7178,"cb_fail":70,"enqueue_err":0,"pdr_ppm":990342},"rx":{"frames":25510,"lost_seqgap":1,"reorder_dup":0,"dropped_bad":0,"hb_lost":38,"bcast_frames":17348,"pdr_ppm":999960},"rtt":{"samples":580,"min_us":5666,"max_us":48794,"timeouts":66,"txq_last_us":3123,"txq_max_us":13949,"remote_turnaround_us":1104,"remote_turnaround_max_us":33351,"p50_us":[4000,6000],"p99_us":[22000,30000],"hist":[0,0,0,0,343,134,74,18,4,2,3,2,0,0,0,0]}}
1791637215.302 {"t":"link","up_ms":1944271,"node":25344,"peer":254,"mac":"02:00:00:00:00:fe","state":"dead","epoch":0,"espnow_ver":0,"mtu":226,"misses":6,"rssi":0,"tx":{"frames":2536,"cb_ok":0,"cb_fail":0,"enqueue_err":0,"pdr_ppm":null},"rx":{"frames":3819,"lost_seqgap":0,"reorder_dup":3772,"dropped_bad":0,"hb_lost":0,"bcast_frames":0,"pdr_ppm":1000000},"rtt":{"samples":81,"min_us":7169,"max_us":102972,"timeouts":564,"txq_last_us":0,"txq_max_us":0,"remote_turnaround_us":14,"remote_turnaround_max_us":24,"p50_us":[42000,60000],"p99_us":[85000,110000],"hist":[0,0,0,0,0,1,0,2,5,6,1,49,15,2,0,0]}}
1791637215.302 {"t":"auth","node":25344,"up_ms":1944325,"enrolled":1,"required":1,"verified_peers":2,"verified":5,"cache_hits":1848,"refused":0,"rate_limited":0,"stale_epoch":0,"verify_us_max":82867,"link_stack_free_b":804,"crypto_stack_free_b":1268,"tags_ok":14156,"bad_tag":0,"replayed":0,"untagged":0,"bcast_dropped":0,"beacon_epoch_ignored":0,"tag_us_max":1167}
1791637215.302 {"t":"act","node":25344,"setpoint":0,"has_value":0,"writes_served":0}
1791637215.715 {"t":"peers","node":25344,"own_period_ms":100,"own_busy":0,"channel":1,"scanning":0,"scans":0,"hops":0,"found":0,"lost_to_found_ms":0,"moves_followed":0,"moves_refused":0,"sweeps":0,"sweep_found":0,"sweeping":0,"search_visits":0,"relay":0,"fwd_u":0,"fwd_b":0,"fwd_h":0,"relay_dup":18039,"list":[{"id":29544,"state":"alive","via_relay":0,"period_ms":100,"misses":6,"busy":1,"rtt_n":648},{"id":33120,"state":"alive","via_relay":0,"period_ms":100,"misses":6,"busy":0,"rtt_n":580},{"id":254,"state":"dead","via_relay":0,"period_ms":100,"misses":6,"busy":0,"rtt_n":81}]}
1791637215.715 {"t":"ss","node":25344,"accepted":0,"unsigned":0,"unknown_sender":0,"bad_signature":0,"replayed":0,"rate_limited":0,"verify_us_max":0,"floors":[]}
1791637215.715 {"t":"rec","node":25344,"up_ms":1944421,"settled":1,"sent":7770,"received":7756,"malformed":0,"views":17,"replies_fenced":0,"actors":[{"key":1245650351,"running":1,"term":9,"owner":25344,"owner_term":9,"assigned":25344,"starts":1,"fenced":0,"released":0}]}
1791637215.715 {"t":"node","up_ms":1944437,"node":25344,"epoch":244,"peers_alive":2,"peers_dead":1,"no_radio":0,"free_dram":250103,"largest_block":172032,"rx":{"total":94838,"bad_frame":0,"unknown_peer":80,"wrong_dst":0,"short_payload":0,"unknown_opcode":0,"queue_dropped":50},"tx":{"total":36823,"enqueue_err":0,"done_queue_dropped":0},"membership":{"deaths":8,"revivals":4,"reboots_seen":3,"table_full":0,"events_dropped":0}}
1791637215.715 {"t":"ns","node":25344,"hash":2410274060,"owner":25344,"kind":"sampled","unit":100,"class":4,"bound_ms":0,"quality":"GOOD","age_ms":438,"ts":1944039,"updates":184,"value":244}
1791637215.715 {"t":"ns","node":25344,"hash":1274253983,"owner":25344,"kind":"sampled","unit":0,"class":4,"bound_ms":5000,"quality":"GOOD","age_ms":452,"ts":1944039,"updates":184,"value":-28}
1791637215.715 {"t":"ns","node":25344,"hash":3354298913,"owner":25344,"kind":"sampled","unit":100,"class":4,"bound_ms":5000,"quality":"GOOD","age_ms":466,"ts":1944039,"updates":184,"value":2}
1791637215.715 {"t":"ns","node":25344,"hash":1771187623,"owner":25344,"kind":"sampled","unit":101,"class":4,"bound_ms":30000,"quality":"GOOD","age_ms":480,"ts":1944039,"updates":184,"value":250307}
1791637215.715 {"t":"ns","node":25344,"hash":1245650351,"owner":25344,"kind":"sampled","unit":0,"class":3,"bound_ms":500,"quality":"GOOD","age_ms":11,"ts":1944533,"updates":19340,"value":1660963724}
1791637215.715 {"t":"ns","node":25344,"hash":2033492666,"owner":25344,"kind":"sampled","unit":0,"class":3,"bound_ms":0,"quality":"NO_DATA","age_ms":0,"ts":0,"updates":0,"value":null}
1791637215.715 {"t":"ns","node":25344,"hash":4103947588,"owner":25344,"kind":"sampled","unit":80,"class":4,"bound_ms":30000,"quality":"GOOD","age_ms":533,"ts":1944039,"updates":184,"value":1944}
1791637215.715 {"t":"ns","node":25344,"hash":1662441583,"owner":25344,"kind":"sampled","unit":101,"class":4,"bound_ms":30000,"quality":"GOOD","age_ms":547,"ts":1944039,"updates":184,"value":172032}
1791637225.860 {"t":"clk","node":25344,"up_ms":1954601}
1791637225.860 {"t":"led","node":25344,"shows":"red","app":0}
1791637225.860 {"t":"event","at_ms":1944841,"node":25344,"kind":"probe_timeout","peer":254,"slot":2,"a":1012,"b":0}
1791637225.860 {"t":"event","at_ms":1945003,"node":25344,"kind":"peer_admitted","peer":33120,"slot":1,"a":0,"b":0}
1791637225.860 {"t":"event","at_ms":1945649,"node":25344,"kind":"peer_admitted","peer":29544,"slot":0,"a":0,"b":0}
1791637225.860 {"t":"event","at_ms":1947003,"node":25344,"kind":"peer_admitted","peer":33120,"slot":1,"a":0,"b":0}
1791637225.860 {"t":"event","at_ms":1947649,"node":25344,"kind":"peer_admitted","peer":29544,"slot":0,"a":0,"b":0}
1791637225.860 {"t":"event","at_ms":1947841,"node":25344,"kind":"probe_timeout","peer":254,"slot":2,"a":1013,"b":0}
1791637225.860 {"t":"event","at_ms":1949003,"node":25344,"kind":"peer_admitted","peer":33120,"slot":1,"a":0,"b":0}
1791637225.860 {"t":"event","at_ms":1949649,"node":25344,"kind":"peer_admitted","peer":29544,"slot":0,"a":0,"b":0}
1791637225.860 {"t":"event","at_ms":1950841,"node":25344,"kind":"probe_timeout","peer":254,"slot":2,"a":1014,"b":0}
1791637225.860 {"t":"event","at_ms":1951003,"node":25344,"kind":"peer_admitted","peer":33120,"slot":1,"a":0,"b":0}
1791637225.860 {"t":"event","at_ms":1951649,"node":25344,"kind":"peer_admitted","peer":29544,"slot":0,"a":0,"b":0}
1791637225.860 {"t":"event","at_ms":1953003,"node":25344,"kind":"peer_admitted","peer":33120,"slot":1,"a":0,"b":0}
1791637225.860 {"t":"event","at_ms":1953649,"node":25344,"kind":"peer_admitted","peer":29544,"slot":0,"a":0,"b":0}
1791637225.860 {"t":"event","at_ms":1953841,"node":25344,"kind":"probe_timeout","peer":254,"slot":2,"a":1015,"b":0}
1791637225.860 {"t":"link","up_ms":1954725,"node":25344,"peer":29544,"mac":"b8:1f:3f:da:73:68","state":"alive","epoch":171,"espnow_ver":2,"mtu":1446,"misses":0,"rssi":-28,"tx":{"frames":6671,"cb_ok":6671,"cb_fail":0,"enqueue_err":0,"pdr_ppm":1000000},"rx":{"frames":27380,"lost_seqgap":0,"reorder_dup":0,"dropped_bad":0,"hb_lost":38,"bcast_frames":19492,"pdr_ppm":1000000},"rtt":{"samples":652,"min_us":5287,"max_us":45005,"timeouts":0,"txq_last_us":5852,"txq_max_us":31551,"remote_turnaround_us":902,"remote_turnaround_max_us":1949,"p50_us":[4000,6000],"p99_us":[11000,16000],"hist":[0,0,0,0,362,180,86,19,3,1,0,1,0,0,0,0]}}
1791637225.860 {"t":"link","up_ms":1954779,"node":25344,"peer":33120,"mac":"b8:1f:3f:da:81:60","state":"alive","epoch":293,"espnow_ver":2,"mtu":1446,"misses":0,"rssi":-20,"tx":{"frames":7283,"cb_ok":7213,"cb_fail":70,"enqueue_err":0,"pdr_ppm":990388},"rx":{"frames":25654,"lost_seqgap":1,"reorder_dup":0,"dropped_bad":0,"hb_lost":39,"bcast_frames":17453,"pdr_ppm":999961},"rtt":{"samples":583,"min_us":5666,"max_us":48794,"timeouts":66,"txq_last_us":3123,"txq_max_us":13949,"remote_turnaround_us":1121,"remote_turnaround_max_us":33351,"p50_us":[4000,6000],"p99_us":[22000,30000],"hist":[0,0,0,0,343,137,74,18,4,2,3,2,0,0,0,0]}}
1791637225.860 {"t":"link","up_ms":1954834,"node":25344,"peer":254,"mac":"02:00:00:00:00:fe","state":"dead","epoch":0,"espnow_ver":0,"mtu":226,"misses":6,"rssi":0,"tx":{"frames":2539,"cb_ok":0,"cb_fail":0,"enqueue_err":0,"pdr_ppm":null},"rx":{"frames":3819,"lost_seqgap":0,"reorder_dup":3772,"dropped_bad":0,"hb_lost":0,"bcast_frames":0,"pdr_ppm":1000000},"rtt":{"samples":81,"min_us":7169,"max_us":102972,"timeouts":568,"txq_last_us":0,"txq_max_us":0,"remote_turnaround_us":14,"remote_turnaround_max_us":24,"p50_us":[42000,60000],"p99_us":[85000,110000],"hist":[0,0,0,0,0,1,0,2,5,6,1,49,15,2,0,0]}}
1791637225.860 {"t":"auth","node":25344,"up_ms":1954888,"enrolled":1,"required":1,"verified_peers":2,"verified":5,"cache_hits":1858,"refused":0,"rate_limited":0,"stale_epoch":0,"verify_us_max":82867,"link_stack_free_b":804,"crypto_stack_free_b":1268,"tags_ok":14227,"bad_tag":0,"replayed":0,"untagged":0,"bcast_dropped":0,"beacon_epoch_ignored":0,"tag_us_max":1167}
1791637225.860 {"t":"act","node":25344,"setpoint":0,"has_value":0,"writes_served":0}
1791637226.277 {"t":"peers","node":25344,"own_period_ms":100,"own_busy":0,"channel":1,"scanning":0,"scans":0,"hops":0,"found":0,"lost_to_found_ms":0,"moves_followed":0,"moves_refused":0,"sweeps":0,"sweep_found":0,"sweeping":0,"search_visits":0,"relay":0,"fwd_u":0,"fwd_b":0,"fwd_h":0,"relay_dup":18143,"list":[{"id":29544,"state":"alive","via_relay":0,"period_ms":100,"misses":6,"busy":1,"rtt_n":652},{"id":33120,"state":"alive","via_relay":0,"period_ms":100,"misses":6,"busy":0,"rtt_n":584},{"id":254,"state":"dead","via_relay":0,"period_ms":100,"misses":6,"busy":0,"rtt_n":81}]}
1791637226.277 {"t":"ss","node":25344,"accepted":0,"unsigned":0,"unknown_sender":0,"bad_signature":0,"replayed":0,"rate_limited":0,"verify_us_max":0,"floors":[]}
1791637226.277 {"t":"rec","node":25344,"up_ms":1954985,"settled":1,"sent":7813,"received":7799,"malformed":0,"views":17,"replies_fenced":0,"actors":[{"key":1245650351,"running":1,"term":9,"owner":25344,"owner_term":9,"assigned":25344,"starts":1,"fenced":0,"released":0}]}
1791637226.277 {"t":"node","up_ms":1955000,"node":25344,"epoch":244,"peers_alive":2,"peers_dead":1,"no_radio":0,"free_dram":250307,"largest_block":172032,"rx":{"total":95334,"bad_frame":0,"unknown_peer":80,"wrong_dst":0,"short_payload":0,"unknown_opcode":0,"queue_dropped":50},"tx":{"total":37009,"enqueue_err":0,"done_queue_dropped":0},"membership":{"deaths":8,"revivals":4,"reboots_seen":3,"table_full":0,"events_dropped":0}}
1791637226.277 {"t":"ns","node":25344,"hash":2410274060,"owner":25344,"kind":"sampled","unit":100,"class":4,"bound_ms":0,"quality":"GOOD","age_ms":438,"ts":1954602,"updates":185,"value":244}
1791637226.277 {"t":"ns","node":25344,"hash":1274253983,"owner":25344,"kind":"sampled","unit":0,"class":4,"bound_ms":5000,"quality":"GOOD","age_ms":452,"ts":1954603,"updates":185,"value":-28}
1791637226.277 {"t":"ns","node":25344,"hash":3354298913,"owner":25344,"kind":"sampled","unit":100,"class":4,"bound_ms":5000,"quality":"GOOD","age_ms":465,"ts":1954603,"updates":185,"value":2}
1791637226.277 {"t":"ns","node":25344,"hash":1771187623,"owner":25344,"kind":"sampled","unit":101,"class":4,"bound_ms":30000,"quality":"GOOD","age_ms":480,"ts":1954602,"updates":185,"value":250307}
1791637226.277 {"t":"ns","node":25344,"hash":1245650351,"owner":25344,"kind":"sampled","unit":0,"class":3,"bound_ms":500,"quality":"GOOD","age_ms":74,"ts":1955033,"updates":19445,"value":1660963829}
1791637226.277 {"t":"ns","node":25344,"hash":2033492666,"owner":25344,"kind":"sampled","unit":0,"class":3,"bound_ms":0,"quality":"NO_DATA","age_ms":0,"ts":0,"updates":0,"value":null}
1791637226.277 {"t":"ns","node":25344,"hash":4103947588,"owner":25344,"kind":"sampled","unit":80,"class":4,"bound_ms":30000,"quality":"GOOD","age_ms":534,"ts":1954602,"updates":185,"value":1954}
1791637226.277 {"t":"ns","node":25344,"hash":1662441583,"owner":25344,"kind":"sampled","unit":101,"class":4,"bound_ms":30000,"quality":"GOOD","age_ms":549,"ts":1954602,"updates":185,"value":172032}
1791637236.428 {"t":"clk","node":25344,"up_ms":1965165}
1791637236.428 {"t":"led","node":25344,"shows":"red","app":0}
1791637236.428 {"t":"event","at_ms":1955003,"node":25344,"kind":"peer_admitted","peer":33120,"slot":1,"a":0,"b":0}
1791637236.428 {"t":"event","at_ms":1955649,"node":25344,"kind":"peer_admitted","peer":29544,"slot":0,"a":0,"b":0}
1791637236.428 {"t":"event","at_ms":1956841,"node":25344,"kind":"probe_timeout","peer":254,"slot":2,"a":1016,"b":0}
1791637236.428 {"t":"event","at_ms":1957002,"node":25344,"kind":"peer_admitted","peer":33120,"slot":1,"a":0,"b":0}
1791637236.428 {"t":"event","at_ms":1957649,"node":25344,"kind":"peer_admitted","peer":29544,"slot":0,"a":0,"b":0}
1791637236.428 {"t":"event","at_ms":1959003,"node":25344,"kind":"peer_admitted","peer":33120,"slot":1,"a":0,"b":0}
1791637236.428 {"t":"event","at_ms":1959649,"node":25344,"kind":"peer_admitted","peer":29544,"slot":0,"a":0,"b":0}
1791637236.428 {"t":"event","at_ms":1959841,"node":25344,"kind":"probe_timeout","peer":254,"slot":2,"a":1017,"b":0}
1791637236.428 {"t":"event","at_ms":1961002,"node":25344,"kind":"peer_admitted","peer":33120,"slot":1,"a":0,"b":0}
1791637236.428 {"t":"event","at_ms":1961649,"node":25344,"kind":"peer_admitted","peer":29544,"slot":0,"a":0,"b":0}
1791637236.428 {"t":"event","at_ms":1962841,"node":25344,"kind":"probe_timeout","peer":254,"slot":2,"a":1018,"b":0}
1791637236.428 {"t":"event","at_ms":1963003,"node":25344,"kind":"peer_admitted","peer":33120,"slot":1,"a":0,"b":0}
1791637236.428 {"t":"event","at_ms":1963649,"node":25344,"kind":"peer_admitted","peer":29544,"slot":0,"a":0,"b":0}
1791637236.428 {"t":"event","at_ms":1965002,"node":25344,"kind":"peer_admitted","peer":33120,"slot":1,"a":0,"b":0}
1791637236.428 {"t":"link","up_ms":1965292,"node":25344,"peer":29544,"mac":"b8:1f:3f:da:73:68","state":"alive","epoch":171,"espnow_ver":2,"mtu":1446,"misses":0,"rssi":-28,"tx":{"frames":6705,"cb_ok":6705,"cb_fail":0,"enqueue_err":0,"pdr_ppm":1000000},"rx":{"frames":27524,"lost_seqgap":0,"reorder_dup":0,"dropped_bad":0,"hb_lost":38,"bcast_frames":19597,"pdr_ppm":1000000},"rtt":{"samples":655,"min_us":5287,"max_us":45005,"timeouts":0,"txq_last_us":5852,"txq_max_us":31551,"remote_turnaround_us":901,"remote_turnaround_max_us":1949,"p50_us":[4000,6000],"p99_us":[11000,16000],"hist":[0,0,0,0,365,180,86,19,3,1,0,1,0,0,0,0]}}
1791637236.428 {"t":"link","up_ms":1965346,"node":25344,"peer":33120,"mac":"b8:1f:3f:da:81:60","state":"alive","epoch":293,"espnow_ver":2,"mtu":1446,"misses":0,"rssi":-21,"tx":{"frames":7320,"cb_ok":7250,"cb_fail":70,"enqueue_err":0,"pdr_ppm":990437},"rx":{"frames":25800,"lost_seqgap":1,"reorder_dup":0,"dropped_bad":0,"hb_lost":41,"bcast_frames":17557,"pdr_ppm":999961},"rtt":{"samples":587,"min_us":5666,"max_us":48794,"timeouts":66,"txq_last_us":3123,"txq_max_us":13949,"remote_turnaround_us":1102,"remote_turnaround_max_us":33351,"p50_us":[4000,6000],"p99_us":[22000,30000],"hist":[0,0,0,0,343,141,74,18,4,2,3,2,0,0,0,0]}}
1791637236.428 {"t":"link","up_ms":1965400,"node":25344,"peer":254,"mac":"02:00:00:00:00:fe","state":"dead","epoch":0,"espnow_ver":0,"mtu":226,"misses":6,"rssi":0,"tx":{"frames":2543,"cb_ok":0,"cb_fail":0,"enqueue_err":0,"pdr_ppm":null},"rx":{"frames":3819,"lost_seqgap":0,"reorder_dup":3772,"dropped_bad":0,"hb_lost":0,"bcast_frames":0,"pdr_ppm":1000000},"rtt":{"samples":81,"min_us":7169,"max_us":102972,"timeouts":571,"txq_last_us":0,"txq_max_us":0,"remote_turnaround_us":14,"remote_turnaround_max_us":24,"p50_us":[42000,60000],"p99_us":[85000,110000],"hist":[0,0,0,0,0,1,0,2,5,6,1,49,15,2,0,0]}}
1791637236.428 {"t":"auth","node":25344,"up_ms":1965454,"enrolled":1,"required":1,"verified_peers":2,"verified":5,"cache_hits":1869,"refused":0,"rate_limited":0,"stale_epoch":0,"verify_us_max":82867,"link_stack_free_b":804,"crypto_stack_free_b":1268,"tags_ok":14296,"bad_tag":0,"replayed":0,"untagged":0,"bcast_dropped":0,"beacon_epoch_ignored":0,"tag_us_max":1167}
1791637236.428 {"t":"act","node":25344,"setpoint":0,"has_value":0,"writes_served":0}
1791637236.846 {"t":"peers","node":25344,"own_period_ms":100,"own_busy":0,"channel":1,"scanning":0,"scans":0,"hops":0,"found":0,"lost_to_found_ms":0,"moves_followed":0,"moves_refused":0,"sweeps":0,"sweep_found":0,"sweeping":0,"search_visits":0,"relay":0,"fwd_u":0,"fwd_b":0,"fwd_h":0,"relay_dup":18250,"list":[{"id":29544,"state":"alive","via_relay":0,"period_ms":100,"misses":6,"busy":1,"rtt_n":655},{"id":33120,"state":"alive","via_relay":0,"period_ms":100,"misses":6,"busy":0,"rtt_n":587},{"id":254,"state":"dead","via_relay":0,"period_ms":100,"misses":6,"busy":0,"rtt_n":81}]}
1791637236.846 {"t":"ss","node":25344,"accepted":0,"unsigned":0,"unknown_sender":0,"bad_signature":0,"replayed":0,"rate_limited":0,"verify_us_max":0,"floors":[]}
1791637236.846 {"t":"rec","node":25344,"up_ms":1965552,"settled":1,"sent":7855,"received":7842,"malformed":0,"views":17,"replies_fenced":0,"actors":[{"key":1245650351,"running":1,"term":9,"owner":25344,"owner_term":9,"assigned":25344,"starts":1,"fenced":0,"released":0}]}
1791637236.846 {"t":"node","up_ms":1965567,"node":25344,"epoch":244,"peers_alive":2,"peers_dead":1,"no_radio":0,"free_dram":250307,"largest_block":172032,"rx":{"total":95836,"bad_frame":0,"unknown_peer":80,"wrong_dst":0,"short_payload":0,"unknown_opcode":0,"queue_dropped":50},"tx":{"total":37193,"enqueue_err":0,"done_queue_dropped":0},"membership":{"deaths":8,"revivals":4,"reboots_seen":3,"table_full":0,"events_dropped":0}}
1791637236.846 {"t":"ns","node":25344,"hash":2410274060,"owner":25344,"kind":"sampled","unit":100,"class":4,"bound_ms":0,"quality":"GOOD","age_ms":441,"ts":1965166,"updates":186,"value":244}
1791637236.846 {"t":"ns","node":25344,"hash":1274253983,"owner":25344,"kind":"sampled","unit":0,"class":4,"bound_ms":5000,"quality":"GOOD","age_ms":454,"ts":1965167,"updates":186,"value":-28}
1791637236.846 {"t":"ns","node":25344,"hash":3354298913,"owner":25344,"kind":"sampled","unit":100,"class":4,"bound_ms":5000,"quality":"GOOD","age_ms":469,"ts":1965166,"updates":186,"value":2}
1791637236.846 {"t":"ns","node":25344,"hash":1771187623,"owner":25344,"kind":"sampled","unit":101,"class":4,"bound_ms":30000,"quality":"GOOD","age_ms":483,"ts":1965166,"updates":186,"value":250307}
1791637236.846 {"t":"ns","node":25344,"hash":1245650351,"owner":25344,"kind":"sampled","unit":0,"class":3,"bound_ms":500,"quality":"GOOD","age_ms":31,"ts":1965633,"updates":19551,"value":1660963935}
1791637236.846 {"t":"ns","node":25344,"hash":2033492666,"owner":25344,"kind":"sampled","unit":0,"class":3,"bound_ms":0,"quality":"NO_DATA","age_ms":0,"ts":0,"updates":0,"value":null}
1791637236.846 {"t":"ns","node":25344,"hash":4103947588,"owner":25344,"kind":"sampled","unit":80,"class":4,"bound_ms":30000,"quality":"GOOD","age_ms":537,"ts":1965166,"updates":186,"value":1965}
1791637236.846 {"t":"ns","node":25344,"hash":1662441583,"owner":25344,"kind":"sampled","unit":101,"class":4,"bound_ms":30000,"quality":"GOOD","age_ms":551,"ts":1965166,"updates":186,"value":172032}
1791637246.991 {"t":"clk","node":25344,"up_ms":1975731}
1791637246.991 {"t":"led","node":25344,"shows":"red","app":0}
1791637246.991 {"t":"event","at_ms":1965654,"node":25344,"kind":"peer_admitted","peer":29544,"slot":0,"a":0,"b":0}
1791637246.991 {"t":"event","at_ms":1965841,"node":25344,"kind":"probe_timeout","peer":254,"slot":2,"a":1019,"b":0}
1791637246.991 {"t":"event","at_ms":1967003,"node":25344,"kind":"peer_admitted","peer":33120,"slot":1,"a":0,"b":0}
1791637246.991 {"t":"event","at_ms":1967649,"node":25344,"kind":"peer_admitted","peer":29544,"slot":0,"a":0,"b":0}
1791637246.991 {"t":"event","at_ms":1968841,"node":25344,"kind":"probe_timeout","peer":254,"slot":2,"a":1020,"b":0}
1791637246.991 {"t":"event","at_ms":1969003,"node":25344,"kind":"peer_admitted","peer":33120,"slot":1,"a":0,"b":0}
1791637246.991 {"t":"event","at_ms":1969649,"node":25344,"kind":"peer_admitted","peer":29544,"slot":0,"a":0,"b":0}
1791637246.991 {"t":"event","at_ms":1971003,"node":25344,"kind":"peer_admitted","peer":33120,"slot":1,"a":0,"b":0}
1791637246.991 {"t":"event","at_ms":1971650,"node":25344,"kind":"peer_admitted","peer":29544,"slot":0,"a":0,"b":0}
1791637246.991 {"t":"event","at_ms":1971841,"node":25344,"kind":"probe_timeout","peer":254,"slot":2,"a":1021,"b":0}
1791637246.991 {"t":"event","at_ms":1973002,"node":25344,"kind":"peer_admitted","peer":33120,"slot":1,"a":0,"b":0}
1791637246.991 {"t":"event","at_ms":1973649,"node":25344,"kind":"peer_admitted","peer":29544,"slot":0,"a":0,"b":0}
1791637246.991 {"t":"event","at_ms":1974841,"node":25344,"kind":"probe_timeout","peer":254,"slot":2,"a":1022,"b":0}
1791637246.991 {"t":"event","at_ms":1975002,"node":25344,"kind":"peer_admitted","peer":33120,"slot":1,"a":0,"b":0}
1791637246.991 {"t":"event","at_ms":1975649,"node":25344,"kind":"peer_admitted","peer":29544,"slot":0,"a":0,"b":0}
1791637246.991 {"t":"link","up_ms":1975870,"node":25344,"peer":29544,"mac":"b8:1f:3f:da:73:68","state":"alive","epoch":171,"espnow_ver":2,"mtu":1446,"misses":0,"rssi":-28,"tx":{"frames":6741,"cb_ok":6741,"cb_fail":0,"enqueue_err":0,"pdr_ppm":1000000},"rx":{"frames":27672,"lost_seqgap":0,"reorder_dup":0,"dropped_bad":0,"hb_lost":38,"bcast_frames":19703,"pdr_ppm":1000000},"rtt":{"samples":659,"min_us":5287,"max_us":45005,"timeouts":0,"txq_last_us":5852,"txq_max_us":31551,"remote_turnaround_us":833,"remote_turnaround_max_us":1949,"p50_us":[4000,6000],"p99_us":[11000,16000],"hist":[0,0,0,0,369,180,86,19,3,1,0,1,0,0,0,0]}}
1791637246.991 {"t":"link","up_ms":1975913,"node":25344,"peer":33120,"mac":"b8:1f:3f:da:81:60","state":"alive","epoch":293,"espnow_ver":2,"mtu":1446,"misses":0,"rssi":-21,"tx":{"frames":7355,"cb_ok":7285,"cb_fail":70,"enqueue_err":0,"pdr_ppm":990482},"rx":{"frames":25945,"lost_seqgap":1,"reorder_dup":0,"dropped_bad":0,"hb_lost":42,"bcast_frames":17661,"pdr_ppm":999961},"rtt":{"samples":591,"min_us":5666,"max_us":48794,"timeouts":66,"txq_last_us":3123,"txq_max_us":13949,"remote_turnaround_us":1094,"remote_turnaround_max_us":33351,"p50_us":[4000,6000],"p99_us":[22000,30000],"hist":[0,0,0,0,343,145,74,18,4,2,3,2,0,0,0,0]}}
1791637246.991 {"t":"link","up_ms":1975967,"node":25344,"peer":254,"mac":"02:00:00:00:00:fe","state":"dead","epoch":0,"espnow_ver":0,"mtu":226,"misses":6,"rssi":0,"tx":{"frames":2546,"cb_ok":0,"cb_fail":0,"enqueue_err":0,"pdr_ppm":null},"rx":{"frames":3819,"lost_seqgap":0,"reorder_dup":3772,"dropped_bad":0,"hb_lost":0,"bcast_frames":0,"pdr_ppm":1000000},"rtt":{"samples":81,"min_us":7169,"max_us":102972,"timeouts":575,"txq_last_us":0,"txq_max_us":0,"remote_turnaround_us":14,"remote_turnaround_max_us":24,"p50_us":[42000,60000],"p99_us":[85000,110000],"hist":[0,0,0,0,0,1,0,2,5,6,1,49,15,2,0,0]}}
1791637246.991 {"t":"auth","node":25344,"up_ms":1976022,"enrolled":1,"required":1,"verified_peers":2,"verified":5,"cache_hits":1880,"refused":0,"rate_limited":0,"stale_epoch":0,"verify_us_max":82867,"link_stack_free_b":804,"crypto_stack_free_b":1268,"tags_ok":14369,"bad_tag":0,"replayed":0,"untagged":0,"bcast_dropped":0,"beacon_epoch_ignored":0,"tag_us_max":1167}
1791637246.991 {"t":"act","node":25344,"setpoint":0,"has_value":0,"writes_served":0}
1791637247.417 {"t":"peers","node":25344,"own_period_ms":100,"own_busy":0,"channel":1,"scanning":0,"scans":0,"hops":0,"found":0,"lost_to_found_ms":0,"moves_followed":0,"moves_refused":0,"sweeps":0,"sweep_found":0,"sweeping":0,"search_visits":0,"relay":0,"fwd_u":0,"fwd_b":0,"fwd_h":0,"relay_dup":18356,"list":[{"id":29544,"state":"alive","via_relay":0,"period_ms":100,"misses":6,"busy":1,"rtt_n":659},{"id":33120,"state":"alive","via_relay":0,"period_ms":100,"misses":6,"busy":0,"rtt_n":591},{"id":254,"state":"dead","via_relay":0,"period_ms":100,"misses":6,"busy":0,"rtt_n":81}]}
1791637247.417 {"t":"ss","node":25344,"accepted":0,"unsigned":0,"unknown_sender":0,"bad_signature":0,"replayed":0,"rate_limited":0,"verify_us_max":0,"floors":[]}
1791637247.417 {"t":"rec","node":25344,"up_ms":1976118,"settled":1,"sent":7897,"received":7884,"malformed":0,"views":17,"replies_fenced":0,"actors":[{"key":1245650351,"running":1,"term":9,"owner":25344,"owner_term":9,"assigned":25344,"starts":1,"fenced":0,"released":0}]}
1791637247.417 {"t":"node","up_ms":1976144,"node":25344,"epoch":244,"peers_alive":2,"peers_dead":1,"no_radio":0,"free_dram":250307,"largest_block":172032,"rx":{"total":96342,"bad_frame":0,"unknown_peer":80,"wrong_dst":0,"short_payload":0,"unknown_opcode":0,"queue_dropped":50},"tx":{"total":37379,"enqueue_err":0,"done_queue_dropped":0},"membership":{"deaths":8,"revivals":4,"reboots_seen":3,"table_full":0,"events_dropped":0}}
1791637247.417 {"t":"ns","node":25344,"hash":2410274060,"owner":25344,"kind":"sampled","unit":100,"class":4,"bound_ms":0,"quality":"GOOD","age_ms":452,"ts":1975732,"updates":187,"value":244}
1791637247.417 {"t":"ns","node":25344,"hash":1274253983,"owner":25344,"kind":"sampled","unit":0,"class":4,"bound_ms":5000,"quality":"GOOD","age_ms":465,"ts":1975733,"updates":187,"value":-28}
1791637247.417 {"t":"ns","node":25344,"hash":3354298913,"owner":25344,"kind":"sampled","unit":100,"class":4,"bound_ms":5000,"quality":"GOOD","age_ms":479,"ts":1975733,"updates":187,"value":2}
1791637247.417 {"t":"ns","node":25344,"hash":1771187623,"owner":25344,"kind":"sampled","unit":101,"class":4,"bound_ms":30000,"quality":"GOOD","age_ms":494,"ts":1975732,"updates":187,"value":250307}
1791637247.417 {"t":"ns","node":25344,"hash":1245650351,"owner":25344,"kind":"sampled","unit":0,"class":3,"bound_ms":500,"quality":"GOOD","age_ms":8,"ts":1976233,"updates":19657,"value":1660964041}
1791637247.417 {"t":"ns","node":25344,"hash":2033492666,"owner":25344,"kind":"sampled","unit":0,"class":3,"bound_ms":0,"quality":"NO_DATA","age_ms":0,"ts":0,"updates":0,"value":null}
1791637247.417 {"t":"ns","node":25344,"hash":4103947588,"owner":25344,"kind":"sampled","unit":80,"class":4,"bound_ms":30000,"quality":"GOOD","age_ms":536,"ts":1975732,"updates":187,"value":1975}
1791637247.417 {"t":"ns","node":25344,"hash":1662441583,"owner":25344,"kind":"sampled","unit":101,"class":4,"bound_ms":30000,"quality":"GOOD","age_ms":562,"ts":1975732,"updates":187,"value":172032}
1791637257.566 {"t":"clk","node":25344,"up_ms":1986308}
1791637257.566 {"t":"led","node":25344,"shows":"red","app":0}
1791637257.566 {"t":"event","at_ms":1977003,"node":25344,"kind":"peer_admitted","peer":33120,"slot":1,"a":0,"b":0}
1791637257.566 {"t":"event","at_ms":1977649,"node":25344,"kind":"peer_admitted","peer":29544,"slot":0,"a":0,"b":0}
1791637257.566 {"t":"event","at_ms":1977841,"node":25344,"kind":"probe_timeout","peer":254,"slot":2,"a":1023,"b":0}
1791637257.566 {"t":"event","at_ms":1979002,"node":25344,"kind":"peer_admitted","peer":33120,"slot":1,"a":0,"b":0}
1791637257.566 {"t":"event","at_ms":1979649,"node":25344,"kind":"peer_admitted","peer":29544,"slot":0,"a":0,"b":0}
1791637257.566 {"t":"event","at_ms":1980841,"node":25344,"kind":"probe_timeout","peer":254,"slot":2,"a":1024,"b":0}
1791637257.566 {"t":"event","at_ms":1981002,"node":25344,"kind":"peer_admitted","peer":33120,"slot":1,"a":0,"b":0}
1791637257.566 {"t":"event","at_ms":1981649,"node":25344,"kind":"peer_admitted","peer":29544,"slot":0,"a":0,"b":0}
1791637257.566 {"t":"event","at_ms":1983003,"node":25344,"kind":"peer_admitted","peer":33120,"slot":1,"a":0,"b":0}
1791637257.566 {"t":"event","at_ms":1983649,"node":25344,"kind":"peer_admitted","peer":29544,"slot":0,"a":0,"b":0}
1791637257.566 {"t":"event","at_ms":1983841,"node":25344,"kind":"probe_timeout","peer":254,"slot":2,"a":1025,"b":0}
1791637257.566 {"t":"event","at_ms":1985002,"node":25344,"kind":"peer_admitted","peer":33120,"slot":1,"a":0,"b":0}
1791637257.566 {"t":"event","at_ms":1985649,"node":25344,"kind":"peer_admitted","peer":29544,"slot":0,"a":0,"b":0}
1791637257.566 {"t":"link","up_ms":1986420,"node":25344,"peer":29544,"mac":"b8:1f:3f:da:73:68","state":"alive","epoch":171,"espnow_ver":2,"mtu":1446,"misses":0,"rssi":-28,"tx":{"frames":6775,"cb_ok":6775,"cb_fail":0,"enqueue_err":0,"pdr_ppm":1000000},"rx":{"frames":27817,"lost_seqgap":0,"reorder_dup":0,"dropped_bad":0,"hb_lost":38,"bcast_frames":19809,"pdr_ppm":1000000},"rtt":{"samples":662,"min_us":5287,"max_us":45005,"timeouts":0,"txq_last_us":5852,"txq_max_us":31551,"remote_turnaround_us":839,"remote_turnaround_max_us":1949,"p50_us":[4000,6000],"p99_us":[11000,16000],"hist":[0,0,0,0,372,180,86,19,3,1,0,1,0,0,0,0]}}
1791637257.566 {"t":"link","up_ms":1986474,"node":25344,"peer":33120,"mac":"b8:1f:3f:da:81:60","state":"alive","epoch":293,"espnow_ver":2,"mtu":1446,"misses":0,"rssi":-21,"tx":{"frames":7389,"cb_ok":7319,"cb_fail":70,"enqueue_err":0,"pdr_ppm":990526},"rx":{"frames":26089,"lost_seqgap":1,"reorder_dup":0,"dropped_bad":0,"hb_lost":43,"bcast_frames":17766,"pdr_ppm":999961},"rtt":{"samples":594,"min_us":5666,"max_us":48794,"timeouts":66,"txq_last_us":3123,"txq_max_us":13949,"remote_turnaround_us":1101,"remote_turnaround_max_us":33351,"p50_us":[4000,6000],"p99_us":[22000,30000],"hist":[0,0,0,0,343,148,74,18,4,2,3,2,0,0,0,0]}}
1791637257.566 {"t":"link","up_ms":1986529,"node":25344,"peer":254,"mac":"02:00:00:00:00:fe","state":"dead","epoch":0,"espnow_ver":0,"mtu":226,"misses":6,"rssi":0,"tx":{"frames":2550,"cb_ok":0,"cb_fail":0,"enqueue_err":0,"pdr_ppm":null},"rx":{"frames":3819,"lost_seqgap":0,"reorder_dup":3772,"dropped_bad":0,"hb_lost":0,"bcast_frames":0,"pdr_ppm":1000000},"rtt":{"samples":81,"min_us":7169,"max_us":102972,"timeouts":578,"txq_last_us":0,"txq_max_us":0,"remote_turnaround_us":14,"remote_turnaround_max_us":24,"p50_us":[42000,60000],"p99_us":[85000,110000],"hist":[0,0,0,0,0,1,0,2,5,6,1,49,15,2,0,0]}}
1791637257.566 {"t":"auth","node":25344,"up_ms":1986583,"enrolled":1,"required":1,"verified_peers":2,"verified":5,"cache_hits":1890,"refused":0,"rate_limited":0,"stale_epoch":0,"verify_us_max":82867,"link_stack_free_b":804,"crypto_stack_free_b":1268,"tags_ok":14438,"bad_tag":0,"replayed":0,"untagged":0,"bcast_dropped":0,"beacon_epoch_ignored":0,"tag_us_max":1167}
1791637257.566 {"t":"act","node":25344,"setpoint":0,"has_value":0,"writes_served":0}
1791637257.983 {"t":"peers","node":25344,"own_period_ms":100,"own_busy":0,"channel":1,"scanning":0,"scans":0,"hops":0,"found":0,"lost_to_found_ms":0,"moves_followed":0,"moves_refused":0,"sweeps":0,"sweep_found":0,"sweeping":0,"search_visits":0,"relay":0,"fwd_u":0,"fwd_b":0,"fwd_h":0,"relay_dup":18455,"list":[{"id":29544,"state":"alive","via_relay":0,"period_ms":100,"misses":6,"busy":1,"rtt_n":662},{"id":33120,"state":"alive","via_relay":0,"period_ms":100,"misses":6,"busy":0,"rtt_n":594},{"id":254,"state":"dead","via_relay":0,"period_ms":100,"misses":6,"busy":0,"rtt_n":81}]}
1791637257.983 {"t":"ss","node":25344,"accepted":0,"unsigned":0,"unknown_sender":0,"bad_signature":0,"replayed":0,"rate_limited":0,"verify_us_max":0,"floors":[]}
1791637257.983 {"t":"rec","node":25344,"up_ms":1986680,"settled":1,"sent":7939,"received":7926,"malformed":0,"views":17,"replies_fenced":0,"actors":[{"key":1245650351,"running":1,"term":9,"owner":25344,"owner_term":9,"assigned":25344,"starts":1,"fenced":0,"released":0}]}
1791637257.983 {"t":"node","up_ms":1986707,"node":25344,"epoch":244,"peers_alive":2,"peers_dead":1,"no_radio":0,"free_dram":250307,"largest_block":172032,"rx":{"total":96827,"bad_frame":0,"unknown_peer":80,"wrong_dst":0,"short_payload":0,"unknown_opcode":0,"queue_dropped":50},"tx":{"total":37562,"enqueue_err":0,"done_queue_dropped":0},"membership":{"deaths":8,"revivals":4,"reboots_seen":3,"table_full":0,"events_dropped":0}}
1791637257.983 {"t":"ns","node":25344,"hash":2410274060,"owner":25344,"kind":"sampled","unit":100,"class":4,"bound_ms":0,"quality":"GOOD","age_ms":426,"ts":1986310,"updates":188,"value":244}
1791637257.983 {"t":"ns","node":25344,"hash":1274253983,"owner":25344,"kind":"sampled","unit":0,"class":4,"bound_ms":5000,"quality":"GOOD","age_ms":441,"ts":1986310,"updates":188,"value":-28}
1791637257.983 {"t":"ns","node":25344,"hash":3354298913,"owner":25344,"kind":"sampled","unit":100,"class":4,"bound_ms":5000,"quality":"GOOD","age_ms":455,"ts":1986310,"updates":188,"value":2}
1791637257.983 {"t":"ns","node":25344,"hash":1771187623,"owner":25344,"kind":"sampled","unit":101,"class":4,"bound_ms":30000,"quality":"GOOD","age_ms":480,"ts":1986310,"updates":188,"value":250307}
1791637257.983 {"t":"ns","node":25344,"hash":1245650351,"owner":25344,"kind":"sampled","unit":0,"class":3,"bound_ms":500,"quality":"GOOD","age_ms":71,"ts":1986733,"updates":19762,"value":1660964146}
1791637257.983 {"t":"ns","node":25344,"hash":2033492666,"owner":25344,"kind":"sampled","unit":0,"class":3,"bound_ms":0,"quality":"NO_DATA","age_ms":0,"ts":0,"updates":0,"value":null}
1791637257.983 {"t":"ns","node":25344,"hash":4103947588,"owner":25344,"kind":"sampled","unit":80,"class":4,"bound_ms":30000,"quality":"GOOD","age_ms":522,"ts":1986310,"updates":188,"value":1986}
1791637257.983 {"t":"ns","node":25344,"hash":1662441583,"owner":25344,"kind":"sampled","unit":101,"class":4,"bound_ms":30000,"quality":"GOOD","age_ms":536,"ts":1986310,"updates":188,"value":172032}
1791637268.119 {"t":"clk","node":25344,"up_ms":1996861}
1791637268.119 {"t":"led","node":25344,"shows":"red","app":0}
1791637268.119 {"t":"event","at_ms":1986841,"node":25344,"kind":"probe_timeout","peer":254,"slot":2,"a":1026,"b":0}
1791637268.119 {"t":"event","at_ms":1987003,"node":25344,"kind":"peer_admitted","peer":33120,"slot":1,"a":0,"b":0}
1791637268.119 {"t":"event","at_ms":1987649,"node":25344,"kind":"peer_admitted","peer":29544,"slot":0,"a":0,"b":0}
1791637268.119 {"t":"event","at_ms":1989003,"node":25344,"kind":"peer_admitted","peer":33120,"slot":1,"a":0,"b":0}
1791637268.119 {"t":"event","at_ms":1989649,"node":25344,"kind":"peer_admitted","peer":29544,"slot":0,"a":0,"b":0}
1791637268.119 {"t":"event","at_ms":1989841,"node":25344,"kind":"probe_timeout","peer":254,"slot":2,"a":1027,"b":0}
1791637268.119 {"t":"event","at_ms":1991004,"node":25344,"kind":"peer_admitted","peer":33120,"slot":1,"a":0,"b":0}
1791637268.119 {"t":"event","at_ms":1991649,"node":25344,"kind":"peer_admitted","peer":29544,"slot":0,"a":0,"b":0}
1791637268.119 {"t":"event","at_ms":1992841,"node":25344,"kind":"probe_timeout","peer":254,"slot":2,"a":1028,"b":0}
1791637268.119 {"t":"event","at_ms":1993002,"node":25344,"kind":"peer_admitted","peer":33120,"slot":1,"a":0,"b":0}
1791637268.119 {"t":"event","at_ms":1993649,"node":25344,"kind":"peer_admitted","peer":29544,"slot":0,"a":0,"b":0}
1791637268.119 {"t":"event","at_ms":1995002,"node":25344,"kind":"peer_admitted","peer":33120,"slot":1,"a":0,"b":0}
1791637268.119 {"t":"event","at_ms":1995649,"node":25344,"kind":"peer_admitted","peer":29544,"slot":0,"a":0,"b":0}
1791637268.119 {"t":"event","at_ms":1995841,"node":25344,"kind":"probe_timeout","peer":254,"slot":2,"a":1029,"b":0}
1791637268.119 {"t":"link","up_ms":1996986,"node":25344,"peer":29544,"mac":"b8:1f:3f:da:73:68","state":"alive","epoch":171,"espnow_ver":2,"mtu":1446,"misses":0,"rssi":-28,"tx":{"frames":6812,"cb_ok":6811,"cb_fail":0,"enqueue_err":0,"pdr_ppm":1000000},"rx":{"frames":27963,"lost_seqgap":0,"reorder_dup":0,"dropped_bad":0,"hb_lost":38,"bcast_frames":19914,"pdr_ppm":1000000},"rtt":{"samples":666,"min_us":5287,"max_us":45005,"timeouts":0,"txq_last_us":5852,"txq_max_us":31551,"remote_turnaround_us":826,"remote_turnaround_max_us":1949,"p50_us":[4000,6000],"p99_us":[11000,16000],"hist":[0,0,0,0,375,181,86,19,3,1,0,1,0,0,0,0]}}
1791637268.119 {"t":"link","up_ms":1997040,"node":25344,"peer":33120,"mac":"b8:1f:3f:da:81:60","state":"alive","epoch":293,"espnow_ver":2,"mtu":1446,"misses":0,"rssi":-21,"tx":{"frames":7426,"cb_ok":7356,"cb_fail":70,"enqueue_err":0,"pdr_ppm":990573},"rx":{"frames":26237,"lost_seqgap":1,"reorder_dup":0,"dropped_bad":0,"hb_lost":43,"bcast_frames":17872,"pdr_ppm":999961},"rtt":{"samples":598,"min_us":5666,"max_us":48794,"timeouts":66,"txq_last_us":3123,"txq_max_us":13949,"remote_turnaround_us":1109,"remote_turnaround_max_us":33351,"p50_us":[4000,6000],"p99_us":[22000,30000],"hist":[0,0,0,0,343,151,75,18,4,2,3,2,0,0,0,0]}}
1791637268.119 {"t":"link","up_ms":1997094,"node":25344,"peer":254,"mac":"02:00:00:00:00:fe","state":"dead","epoch":0,"espnow_ver":0,"mtu":226,"misses":6,"rssi":0,"tx":{"frames":2553,"cb_ok":0,"cb_fail":0,"enqueue_err":0,"pdr_ppm":null},"rx":{"frames":3819,"lost_seqgap":0,"reorder_dup":3772,"dropped_bad":0,"hb_lost":0,"bcast_frames":0,"pdr_ppm":1000000},"rtt":{"samples":81,"min_us":7169,"max_us":102972,"timeouts":582,"txq_last_us":0,"txq_max_us":0,"remote_turnaround_us":14,"remote_turnaround_max_us":24,"p50_us":[42000,60000],"p99_us":[85000,110000],"hist":[0,0,0,0,0,1,0,2,5,6,1,49,15,2,0,0]}}
1791637268.119 {"t":"auth","node":25344,"up_ms":1997149,"enrolled":1,"required":1,"verified_peers":2,"verified":5,"cache_hits":1901,"refused":0,"rate_limited":0,"stale_epoch":0,"verify_us_max":82867,"link_stack_free_b":804,"crypto_stack_free_b":1268,"tags_ok":14510,"bad_tag":0,"replayed":0,"untagged":0,"bcast_dropped":0,"beacon_epoch_ignored":0,"tag_us_max":1167}
1791637268.119 {"t":"act","node":25344,"setpoint":0,"has_value":0,"writes_served":0}
1791637268.544 {"t":"peers","node":25344,"own_period_ms":100,"own_busy":0,"channel":1,"scanning":0,"scans":0,"hops":0,"found":0,"lost_to_found_ms":0,"moves_followed":0,"moves_refused":0,"sweeps":0,"sweep_found":0,"sweeping":0,"search_visits":0,"relay":0,"fwd_u":0,"fwd_b":0,"fwd_h":0,"relay_dup":18559,"list":[{"id":29544,"state":"alive","via_relay":0,"period_ms":100,"misses":6,"busy":1,"rtt_n":666},{"id":33120,"state":"alive","via_relay":0,"period_ms":100,"misses":6,"busy":0,"rtt_n":598},{"id":254,"state":"dead","via_relay":0,"period_ms":100,"misses":6,"busy":0,"rtt_n":81}]}
1791637268.544 {"t":"ss","node":25344,"accepted":0,"unsigned":0,"unknown_sender":0,"bad_signature":0,"replayed":0,"rate_limited":0,"verify_us_max":0,"floors":[]}
1791637268.544 {"t":"rec","node":25344,"up_ms":1997244,"settled":1,"sent":7982,"received":7968,"malformed":0,"views":17,"replies_fenced":0,"actors":[{"key":1245650351,"running":1,"term":9,"owner":25344,"owner_term":9,"assigned":25344,"starts":1,"fenced":0,"released":0}]}
1791637268.544 {"t":"node","up_ms":1997259,"node":25344,"epoch":244,"peers_alive":2,"peers_dead":1,"no_radio":0,"free_dram":250307,"largest_block":172032,"rx":{"total":97329,"bad_frame":0,"unknown_peer":80,"wrong_dst":0,"short_payload":0,"unknown_opcode":0,"queue_dropped":50},"tx":{"total":37749,"enqueue_err":0,"done_queue_dropped":0},"membership":{"deaths":8,"revivals":4,"reboots_seen":3,"table_full":0,"events_dropped":0}}
1791637268.544 {"t":"ns","node":25344,"hash":2410274060,"owner":25344,"kind":"sampled","unit":100,"class":4,"bound_ms":0,"quality":"GOOD","age_ms":437,"ts":1996862,"updates":189,"value":244}
1791637268.544 {"t":"ns","node":25344,"hash":1274253983,"owner":25344,"kind":"sampled","unit":0,"class":4,"bound_ms":5000,"quality":"GOOD","age_ms":450,"ts":1996863,"updates":189,"value":-28}
1791637268.544 {"t":"ns","node":25344,"hash":3354298913,"owner":25344,"kind":"sampled","unit":100,"class":4,"bound_ms":5000,"quality":"GOOD","age_ms":464,"ts":1996863,"updates":189,"value":2}
1791637268.544 {"t":"ns","node":25344,"hash":1771187623,"owner":25344,"kind":"sampled","unit":101,"class":4,"bound_ms":30000,"quality":"GOOD","age_ms":479,"ts":1996862,"updates":189,"value":250307}
1791637268.544 {"t":"ns","node":25344,"hash":1245650351,"owner":25344,"kind":"sampled","unit":0,"class":3,"bound_ms":500,"quality":"GOOD","age_ms":34,"ts":1997333,"updates":19868,"value":1660964252}
1791637268.544 {"t":"ns","node":25344,"hash":2033492666,"owner":25344,"kind":"sampled","unit":0,"class":3,"bound_ms":0,"quality":"NO_DATA","age_ms":0,"ts":0,"updates":0,"value":null}
1791637268.544 {"t":"ns","node":25344,"hash":4103947588,"owner":25344,"kind":"sampled","unit":80,"class":4,"bound_ms":30000,"quality":"GOOD","age_ms":532,"ts":1996862,"updates":189,"value":1996}
1791637268.544 {"t":"ns","node":25344,"hash":1662441583,"owner":25344,"kind":"sampled","unit":101,"class":4,"bound_ms":30000,"quality":"GOOD","age_ms":547,"ts":1996862,"updates":189,"value":172032}
1791637278.680 {"t":"clk","node":25344,"up_ms":2007423}
1791637278.680 {"t":"led","node":25344,"shows":"red","app":0}
1791637278.680 {"t":"event","at_ms":1997003,"node":25344,"kind":"peer_admitted","peer":33120,"slot":1,"a":0,"b":0}
1791637278.680 {"t":"event","at_ms":1997649,"node":25344,"kind":"peer_admitted","peer":29544,"slot":0,"a":0,"b":0}
1791637278.680 {"t":"event","at_ms":1998841,"node":25344,"kind":"probe_timeout","peer":254,"slot":2,"a":1030,"b":0}
1791637278.680 {"t":"event","at_ms":1999002,"node":25344,"kind":"peer_admitted","peer":33120,"slot":1,"a":0,"b":0}
1791637278.680 {"t":"event","at_ms":1999649,"node":25344,"kind":"peer_admitted","peer":29544,"slot":0,"a":0,"b":0}
1791637278.680 {"t":"event","at_ms":2001002,"node":25344,"kind":"peer_admitted","peer":33120,"slot":1,"a":0,"b":0}
1791637278.680 {"t":"event","at_ms":2001649,"node":25344,"kind":"peer_admitted","peer":29544,"slot":0,"a":0,"b":0}
1791637278.680 {"t":"event","at_ms":2001841,"node":25344,"kind":"probe_timeout","peer":254,"slot":2,"a":1031,"b":0}
1791637278.680 {"t":"event","at_ms":2003002,"node":25344,"kind":"peer_admitted","peer":33120,"slot":1,"a":0,"b":0}
1791637278.680 {"t":"event","at_ms":2003651,"node":25344,"kind":"peer_admitted","peer":29544,"slot":0,"a":0,"b":0}
1791637278.680 {"t":"event","at_ms":2004841,"node":25344,"kind":"probe_timeout","peer":254,"slot":2,"a":1032,"b":0}
1791637278.680 {"t":"event","at_ms":2005002,"node":25344,"kind":"peer_admitted","peer":33120,"slot":1,"a":0,"b":0}
1791637278.680 {"t":"event","at_ms":2005649,"node":25344,"kind":"peer_admitted","peer":29544,"slot":0,"a":0,"b":0}
1791637278.680 {"t":"event","at_ms":2007002,"node":25344,"kind":"peer_admitted","peer":33120,"slot":1,"a":0,"b":0}
1791637278.680 {"t":"link","up_ms":2007550,"node":25344,"peer":29544,"mac":"b8:1f:3f:da:73:68","state":"alive","epoch":171,"espnow_ver":2,"mtu":1446,"misses":0,"rssi":-28,"tx":{"frames":6846,"cb_ok":6846,"cb_fail":0,"enqueue_err":0,"pdr_ppm":1000000},"rx":{"frames":28108,"lost_seqgap":0,"reorder_dup":0,"dropped_bad":0,"hb_lost":38,"bcast_frames":20020,"pdr_ppm":1000000},"rtt":{"samples":669,"min_us":5287,"max_us":45005,"timeouts":0,"txq_last_us":5852,"txq_max_us":31551,"remote_turnaround_us":829,"remote_turnaround_max_us":1949,"p50_us":[4000,6000],"p99_us":[11000,16000],"hist":[0,0,0,0,378,181,86,19,3,1,0,1,0,0,0,0]}}
1791637278.680 {"t":"link","up_ms":2007604,"node":25344,"peer":33120,"mac":"b8:1f:3f:da:81:60","state":"alive","epoch":293,"espnow_ver":2,"mtu":1446,"misses":0,"rssi":-21,"tx":{"frames":7460,"cb_ok":7390,"cb_fail":70,"enqueue_err":0,"pdr_ppm":990616},"rx":{"frames":26382,"lost_seqgap":1,"reorder_dup":0,"dropped_bad":0,"hb_lost":43,"bcast_frames":17977,"pdr_ppm":999962},"rtt":{"samples":601,"min_us":5666,"max_us":48794,"timeouts":66,"txq_last_us":3123,"txq_max_us":13949,"remote_turnaround_us":1126,"remote_turnaround_max_us":33351,"p50_us":[4000,6000],"p99_us":[22000,30000],"hist":[0,0,0,0,343,153,76,18,4,2,3,2,0,0,0,0]}}
1791637278.680 {"t":"link","up_ms":2007658,"node":25344,"peer":254,"mac":"02:00:00:00:00:fe","state":"dead","epoch":0,"espnow_ver":0,"mtu":226,"misses":6,"rssi":0,"tx":{"frames":2557,"cb_ok":0,"cb_fail":0,"enqueue_err":0,"pdr_ppm":null},"rx":{"frames":3819,"lost_seqgap":0,"reorder_dup":3772,"dropped_bad":0,"hb_lost":0,"bcast_frames":0,"pdr_ppm":1000000},"rtt":{"samples":81,"min_us":7169,"max_us":102972,"timeouts":585,"txq_last_us":0,"txq_max_us":0,"remote_turnaround_us":14,"remote_turnaround_max_us":24,"p50_us":[42000,60000],"p99_us":[85000,110000],"hist":[0,0,0,0,0,1,0,2,5,6,1,49,15,2,0,0]}}
1791637278.680 {"t":"auth","node":25344,"up_ms":2007700,"enrolled":1,"required":1,"verified_peers":2,"verified":5,"cache_hits":1912,"refused":0,"rate_limited":0,"stale_epoch":0,"verify_us_max":82867,"link_stack_free_b":804,"crypto_stack_free_b":1268,"tags_ok":14578,"bad_tag":0,"replayed":0,"untagged":0,"bcast_dropped":0,"beacon_epoch_ignored":0,"tag_us_max":1167}
1791637278.680 {"t":"act","node":25344,"setpoint":0,"has_value":0,"writes_served":0}
1791637279.107 {"t":"peers","node":25344,"own_period_ms":100,"own_busy":0,"channel":1,"scanning":0,"scans":0,"hops":0,"found":0,"lost_to_found_ms":0,"moves_followed":0,"moves_refused":0,"sweeps":0,"sweep_found":0,"sweeping":0,"search_visits":0,"relay":0,"fwd_u":0,"fwd_b":0,"fwd_h":0,"relay_dup":18661,"list":[{"id":29544,"state":"alive","via_relay":0,"period_ms":100,"misses":6,"busy":1,"rtt_n":669},{"id":33120,"state":"alive","via_relay":0,"period_ms":100,"misses":6,"busy":0,"rtt_n":601},{"id":254,"state":"dead","via_relay":0,"period_ms":100,"misses":6,"busy":0,"rtt_n":81}]}
1791637279.107 {"t":"ss","node":25344,"accepted":0,"unsigned":0,"unknown_sender":0,"bad_signature":0,"replayed":0,"rate_limited":0,"verify_us_max":0,"floors":[]}
1791637279.107 {"t":"rec","node":25344,"up_ms":2007807,"settled":1,"sent":8024,"received":8010,"malformed":0,"views":17,"replies_fenced":0,"actors":[{"key":1245650351,"running":1,"term":9,"owner":25344,"owner_term":9,"assigned":25344,"starts":1,"fenced":0,"released":0}]}
1791637279.107 {"t":"node","up_ms":2007822,"node":25344,"epoch":244,"peers_alive":2,"peers_dead":1,"no_radio":0,"free_dram":249903,"largest_block":172032,"rx":{"total":97821,"bad_frame":0,"unknown_peer":80,"wrong_dst":0,"short_payload":0,"unknown_opcode":0,"queue_dropped":50},"tx":{"total":37933,"enqueue_err":0,"done_queue_dropped":0},"membership":{"deaths":8,"revivals":4,"reboots_seen":3,"table_full":0,"events_dropped":0}}
1791637279.107 {"t":"ns","node":25344,"hash":2410274060,"owner":25344,"kind":"sampled","unit":100,"class":4,"bound_ms":0,"quality":"GOOD","age_ms":439,"ts":2007424,"updates":190,"value":244}
1791637279.107 {"t":"ns","node":25344,"hash":1274253983,"owner":25344,"kind":"sampled","unit":0,"class":4,"bound_ms":5000,"quality":"GOOD","age_ms":452,"ts":2007425,"updates":190,"value":-28}
1791637279.107 {"t":"ns","node":25344,"hash":3354298913,"owner":25344,"kind":"sampled","unit":100,"class":4,"bound_ms":5000,"quality":"GOOD","age_ms":466,"ts":2007425,"updates":190,"value":2}
1791637279.107 {"t":"ns","node":25344,"hash":1771187623,"owner":25344,"kind":"sampled","unit":101,"class":4,"bound_ms":30000,"quality":"GOOD","age_ms":481,"ts":2007424,"updates":190,"value":250307}
1791637279.107 {"t":"ns","node":25344,"hash":1245650351,"owner":25344,"kind":"sampled","unit":0,"class":3,"bound_ms":500,"quality":"GOOD","age_ms":97,"ts":2007833,"updates":19973,"value":1660964357}
1791637279.107 {"t":"ns","node":25344,"hash":2033492666,"owner":25344,"kind":"sampled","unit":0,"class":3,"bound_ms":0,"quality":"NO_DATA","age_ms":0,"ts":0,"updates":0,"value":null}
1791637279.107 {"t":"ns","node":25344,"hash":4103947588,"owner":25344,"kind":"sampled","unit":80,"class":4,"bound_ms":30000,"quality":"GOOD","age_ms":534,"ts":2007424,"updates":190,"value":2007}
1791637279.107 {"t":"ns","node":25344,"hash":1662441583,"owner":25344,"kind":"sampled","unit":101,"class":4,"bound_ms":30000,"quality":"GOOD","age_ms":548,"ts":2007424,"updates":190,"value":172032}
1791637289.248 {"t":"clk","node":25344,"up_ms":2017987}
1791637289.248 {"t":"led","node":25344,"shows":"red","app":0}
1791637289.248 {"t":"event","at_ms":2007649,"node":25344,"kind":"peer_admitted","peer":29544,"slot":0,"a":0,"b":0}
1791637289.248 {"t":"event","at_ms":2007841,"node":25344,"kind":"probe_timeout","peer":254,"slot":2,"a":1033,"b":0}
1791637289.248 {"t":"event","at_ms":2009002,"node":25344,"kind":"peer_admitted","peer":33120,"slot":1,"a":0,"b":0}
1791637289.248 {"t":"event","at_ms":2009649,"node":25344,"kind":"peer_admitted","peer":29544,"slot":0,"a":0,"b":0}
1791637289.248 {"t":"event","at_ms":2010841,"node":25344,"kind":"probe_timeout","peer":254,"slot":2,"a":1034,"b":0}
1791637289.248 {"t":"event","at_ms":2011002,"node":25344,"kind":"peer_admitted","peer":33120,"slot":1,"a":0,"b":0}
1791637289.248 {"t":"event","at_ms":2011649,"node":25344,"kind":"peer_admitted","peer":29544,"slot":0,"a":0,"b":0}
1791637289.248 {"t":"event","at_ms":2013002,"node":25344,"kind":"peer_admitted","peer":33120,"slot":1,"a":0,"b":0}
1791637289.248 {"t":"event","at_ms":2013649,"node":25344,"kind":"peer_admitted","peer":29544,"slot":0,"a":0,"b":0}
1791637289.248 {"t":"event","at_ms":2013841,"node":25344,"kind":"probe_timeout","peer":254,"slot":2,"a":1035,"b":0}
1791637289.248 {"t":"event","at_ms":2015002,"node":25344,"kind":"peer_admitted","peer":33120,"slot":1,"a":0,"b":0}
1791637289.248 {"t":"event","at_ms":2015649,"node":25344,"kind":"peer_admitted","peer":29544,"slot":0,"a":0,"b":0}
1791637289.248 {"t":"event","at_ms":2016841,"node":25344,"kind":"probe_timeout","peer":254,"slot":2,"a":1036,"b":0}
1791637289.248 {"t":"event","at_ms":2017002,"node":25344,"kind":"peer_admitted","peer":33120,"slot":1,"a":0,"b":0}
1791637289.248 {"t":"event","at_ms":2017649,"node":25344,"kind":"peer_admitted","peer":29544,"slot":0,"a":0,"b":0}
1791637289.248 {"t":"link","up_ms":2018125,"node":25344,"peer":29544,"mac":"b8:1f:3f:da:73:68","state":"alive","epoch":171,"espnow_ver":2,"mtu":1446,"misses":0,"rssi":-28,"tx":{"frames":6882,"cb_ok":6882,"cb_fail":0,"enqueue_err":0,"pdr_ppm":1000000},"rx":{"frames":28256,"lost_seqgap":0,"reorder_dup":0,"dropped_bad":0,"hb_lost":39,"bcast_frames":20125,"pdr_ppm":1000000},"rtt":{"samples":673,"min_us":5287,"max_us":45005,"timeouts":0,"txq_last_us":10233,"txq_max_us":31551,"remote_turnaround_us":790,"remote_turnaround_max_us":1949,"p50_us":[4000,6000],"p99_us":[11000,16000],"hist":[0,0,0,0,381,181,86,19,4,1,0,1,0,0,0,0]}}
1791637289.248 {"t":"link","up_ms":2018179,"node":25344,"peer":33120,"mac":"b8:1f:3f:da:81:60","state":"alive","epoch":293,"espnow_ver":2,"mtu":1446,"misses":0,"rssi":-21,"tx":{"frames":7495,"cb_ok":7425,"cb_fail":70,"enqueue_err":0,"pdr_ppm":990660},"rx":{"frames":26526,"lost_seqgap":1,"reorder_dup":0,"dropped_bad":0,"hb_lost":46,"bcast_frames":18080,"pdr_ppm":999962},"rtt":{"samples":605,"min_us":5666,"max_us":48794,"timeouts":66,"txq_last_us":3123,"txq_max_us":13949,"remote_turnaround_us":1096,"remote_turnaround_max_us":33351,"p50_us":[4000,6000],"p99_us":[22000,30000],"hist":[0,0,0,0,343,157,76,18,4,2,3,2,0,0,0,0]}}
1791637289.248 {"t":"link","up_ms":2018222,"node":25344,"peer":254,"mac":"02:00:00:00:00:fe","state":"dead","epoch":0,"espnow_ver":0,"mtu":226,"misses":6,"rssi":0,"tx":{"frames":2560,"cb_ok":0,"cb_fail":0,"enqueue_err":0,"pdr_ppm":null},"rx":{"frames":3819,"lost_seqgap":0,"reorder_dup":3772,"dropped_bad":0,"hb_lost":0,"bcast_frames":0,"pdr_ppm":1000000},"rtt":{"samples":81,"min_us":7169,"max_us":102972,"timeouts":589,"txq_last_us":0,"txq_max_us":0,"remote_turnaround_us":14,"remote_turnaround_max_us":24,"p50_us":[42000,60000],"p99_us":[85000,110000],"hist":[0,0,0,0,0,1,0,2,5,6,1,49,15,2,0,0]}}
1791637289.248 {"t":"auth","node":25344,"up_ms":2018277,"enrolled":1,"required":1,"verified_peers":2,"verified":5,"cache_hits":1922,"refused":0,"rate_limited":0,"stale_epoch":0,"verify_us_max":82867,"link_stack_free_b":804,"crypto_stack_free_b":1268,"tags_ok":14650,"bad_tag":0,"replayed":0,"untagged":0,"bcast_dropped":0,"beacon_epoch_ignored":0,"tag_us_max":1167}
1791637289.248 {"t":"act","node":25344,"setpoint":0,"has_value":0,"writes_served":0}
1791637289.675 {"t":"peers","node":25344,"own_period_ms":100,"own_busy":0,"channel":1,"scanning":0,"scans":0,"hops":0,"found":0,"lost_to_found_ms":0,"moves_followed":0,"moves_refused":0,"sweeps":0,"sweep_found":0,"sweeping":0,"search_visits":0,"relay":0,"fwd_u":0,"fwd_b":0,"fwd_h":0,"relay_dup":18764,"list":[{"id":29544,"state":"alive","via_relay":0,"period_ms":100,"misses":6,"busy":1,"rtt_n":673},{"id":33120,"state":"alive","via_relay":0,"period_ms":100,"misses":6,"busy":0,"rtt_n":605},{"id":254,"state":"dead","via_relay":0,"period_ms":100,"misses":6,"busy":0,"rtt_n":81}]}
1791637289.675 {"t":"ss","node":25344,"accepted":0,"unsigned":0,"unknown_sender":0,"bad_signature":0,"replayed":0,"rate_limited":0,"verify_us_max":0,"floors":[]}
1791637289.675 {"t":"rec","node":25344,"up_ms":2018372,"settled":1,"sent":8066,"received":8052,"malformed":0,"views":17,"replies_fenced":0,"actors":[{"key":1245650351,"running":1,"term":9,"owner":25344,"owner_term":9,"assigned":25344,"starts":1,"fenced":0,"released":0}]}
1791637289.675 {"t":"node","up_ms":2018398,"node":25344,"epoch":244,"peers_alive":2,"peers_dead":1,"no_radio":0,"free_dram":250307,"largest_block":172032,"rx":{"total":98321,"bad_frame":0,"unknown_peer":80,"wrong_dst":0,"short_payload":0,"unknown_opcode":0,"queue_dropped":50},"tx":{"total":38117,"enqueue_err":0,"done_queue_dropped":0},"membership":{"deaths":8,"revivals":4,"reboots_seen":3,"table_full":0,"events_dropped":0}}
1791637289.675 {"t":"ns","node":25344,"hash":2410274060,"owner":25344,"kind":"sampled","unit":100,"class":4,"bound_ms":0,"quality":"GOOD","age_ms":450,"ts":2017989,"updates":191,"value":244}
1791637289.675 {"t":"ns","node":25344,"hash":1274253983,"owner":25344,"kind":"sampled","unit":0,"class":4,"bound_ms":5000,"quality":"GOOD","age_ms":464,"ts":2017989,"updates":191,"value":-28}
1791637289.675 {"t":"ns","node":25344,"hash":3354298913,"owner":25344,"kind":"sampled","unit":100,"class":4,"bound_ms":5000,"quality":"GOOD","age_ms":477,"ts":2017989,"updates":191,"value":2}
1791637289.675 {"t":"ns","node":25344,"hash":1771187623,"owner":25344,"kind":"sampled","unit":101,"class":4,"bound_ms":30000,"quality":"GOOD","age_ms":492,"ts":2017988,"updates":191,"value":250307}
1791637289.675 {"t":"ns","node":25344,"hash":1245650351,"owner":25344,"kind":"sampled","unit":0,"class":3,"bound_ms":500,"quality":"GOOD","age_ms":61,"ts":2018433,"updates":20079,"value":1660964463}
1791637289.675 {"t":"ns","node":25344,"hash":2033492666,"owner":25344,"kind":"sampled","unit":0,"class":3,"bound_ms":0,"quality":"NO_DATA","age_ms":0,"ts":0,"updates":0,"value":null}
1791637289.675 {"t":"ns","node":25344,"hash":4103947588,"owner":25344,"kind":"sampled","unit":80,"class":4,"bound_ms":30000,"quality":"GOOD","age_ms":545,"ts":2017989,"updates":191,"value":2017}
1791637289.675 {"t":"ns","node":25344,"hash":1662441583,"owner":25344,"kind":"sampled","unit":101,"class":4,"bound_ms":30000,"quality":"GOOD","age_ms":560,"ts":2017989,"updates":191,"value":172032}
1791637299.821 {"t":"clk","node":25344,"up_ms":2028564}
1791637299.821 {"t":"led","node":25344,"shows":"red","app":0}
1791637299.821 {"t":"event","at_ms":2019002,"node":25344,"kind":"peer_admitted","peer":33120,"slot":1,"a":0,"b":0}
1791637299.821 {"t":"event","at_ms":2019649,"node":25344,"kind":"peer_admitted","peer":29544,"slot":0,"a":0,"b":0}
1791637299.821 {"t":"event","at_ms":2019841,"node":25344,"kind":"probe_timeout","peer":254,"slot":2,"a":1037,"b":0}
1791637299.821 {"t":"event","at_ms":2021002,"node":25344,"kind":"peer_admitted","peer":33120,"slot":1,"a":0,"b":0}
1791637299.821 {"t":"event","at_ms":2021649,"node":25344,"kind":"peer_admitted","peer":29544,"slot":0,"a":0,"b":0}
1791637299.821 {"t":"event","at_ms":2022841,"node":25344,"kind":"probe_timeout","peer":254,"slot":2,"a":1038,"b":0}
1791637299.821 {"t":"event","at_ms":2023005,"node":25344,"kind":"peer_admitted","peer":33120,"slot":1,"a":0,"b":0}
1791637299.821 {"t":"event","at_ms":2023649,"node":25344,"kind":"peer_admitted","peer":29544,"slot":0,"a":0,"b":0}
1791637299.821 {"t":"event","at_ms":2025003,"node":25344,"kind":"peer_admitted","peer":33120,"slot":1,"a":0,"b":0}
1791637299.821 {"t":"event","at_ms":2025649,"node":25344,"kind":"peer_admitted","peer":29544,"slot":0,"a":0,"b":0}
1791637299.821 {"t":"event","at_ms":2025841,"node":25344,"kind":"probe_timeout","peer":254,"slot":2,"a":1039,"b":0}
1791637299.821 {"t":"event","at_ms":2027002,"node":25344,"kind":"peer_admitted","peer":33120,"slot":1,"a":0,"b":0}
1791637299.821 {"t":"event","at_ms":2027649,"node":25344,"kind":"peer_admitted","peer":29544,"slot":0,"a":0,"b":0}
1791637299.821 {"t":"link","up_ms":2028677,"node":25344,"peer":29544,"mac":"b8:1f:3f:da:73:68","state":"alive","epoch":171,"espnow_ver":2,"mtu":1446,"misses":0,"rssi":-28,"tx":{"frames":6917,"cb_ok":6917,"cb_fail":0,"enqueue_err":0,"pdr_ppm":1000000},"rx":{"frames":28400,"lost_seqgap":0,"reorder_dup":0,"dropped_bad":0,"hb_lost":40,"bcast_frames":20229,"pdr_ppm":1000000},"rtt":{"samples":676,"min_us":5287,"max_us":45005,"timeouts":0,"txq_last_us":10233,"txq_max_us":31551,"remote_turnaround_us":825,"remote_turnaround_max_us":1949,"p50_us":[4000,6000],"p99_us":[11000,16000],"hist":[0,0,0,0,383,182,86,19,4,1,0,1,0,0,0,0]}}
1791637299.821 {"t":"link","up_ms":2028731,"node":25344,"peer":33120,"mac":"b8:1f:3f:da:81:60","state":"alive","epoch":293,"espnow_ver":2,"mtu":1446,"misses":0,"rssi":-21,"tx":{"frames":7529,"cb_ok":7459,"cb_fail":70,"enqueue_err":0,"pdr_ppm":990702},"rx":{"frames":26669,"lost_seqgap":1,"reorder_dup":0,"dropped_bad":0,"hb_lost":47,"bcast_frames":18184,"pdr_ppm":999962},"rtt":{"samples":608,"min_us":5666,"max_us":48794,"timeouts":66,"txq_last_us":3123,"txq_max_us":13949,"remote_turnaround_us":1105,"remote_turnaround_max_us":33351,"p50_us":[4000,6000],"p99_us":[22000,30000],"hist":[0,0,0,0,343,160,76,18,4,2,3,2,0,0,0,0]}}
1791637299.821 {"t":"link","up_ms":2028785,"node":25344,"peer":254,"mac":"02:00:00:00:00:fe","state":"dead","epoch":0,"espnow_ver":0,"mtu":226,"misses":6,"rssi":0,"tx":{"frames":2564,"cb_ok":0,"cb_fail":0,"enqueue_err":0,"pdr_ppm":null},"rx":{"frames":3819,"lost_seqgap":0,"reorder_dup":3772,"dropped_bad":0,"hb_lost":0,"bcast_frames":0,"pdr_ppm":1000000},"rtt":{"samples":81,"min_us":7169,"max_us":102972,"timeouts":592,"txq_last_us":0,"txq_max_us":0,"remote_turnaround_us":14,"remote_turnaround_max_us":24,"p50_us":[42000,60000],"p99_us":[85000,110000],"hist":[0,0,0,0,0,1,0,2,5,6,1,49,15,2,0,0]}}
1791637299.821 {"t":"auth","node":25344,"up_ms":2028839,"enrolled":1,"required":1,"verified_peers":2,"verified":5,"cache_hits":1932,"refused":0,"rate_limited":0,"stale_epoch":0,"verify_us_max":82867,"link_stack_free_b":804,"crypto_stack_free_b":1268,"tags_ok":14719,"bad_tag":0,"replayed":0,"untagged":0,"bcast_dropped":0,"beacon_epoch_ignored":0,"tag_us_max":1167}
1791637299.821 {"t":"act","node":25344,"setpoint":0,"has_value":0,"writes_served":0}
1791637300.232 {"t":"peers","node":25344,"own_period_ms":100,"own_busy":0,"channel":1,"scanning":0,"scans":0,"hops":0,"found":0,"lost_to_found_ms":0,"moves_followed":0,"moves_refused":0,"sweeps":0,"sweep_found":0,"sweeping":0,"search_visits":0,"relay":0,"fwd_u":0,"fwd_b":0,"fwd_h":0,"relay_dup":18870,"list":[{"id":29544,"state":"alive","via_relay":0,"period_ms":100,"misses":6,"busy":1,"rtt_n":677},{"id":33120,"state":"alive","via_relay":0,"period_ms":100,"misses":6,"busy":0,"rtt_n":608},{"id":254,"state":"dead","via_relay":0,"period_ms":100,"misses":6,"busy":0,"rtt_n":81}]}
1791637300.232 {"t":"ss","node":25344,"accepted":0,"unsigned":0,"unknown_sender":0,"bad_signature":0,"replayed":0,"rate_limited":0,"verify_us_max":0,"floors":[]}
1791637300.232 {"t":"rec","node":25344,"up_ms":2028936,"settled":1,"sent":8108,"received":8094,"malformed":0,"views":17,"replies_fenced":0,"actors":[{"key":1245650351,"running":1,"term":9,"owner":25344,"owner_term":9,"assigned":25344,"starts":1,"fenced":0,"released":0}]}
1791637300.232 {"t":"node","up_ms":2028962,"node":25344,"epoch":244,"peers_alive":2,"peers_dead":1,"no_radio":0,"free_dram":250307,"largest_block":172032,"rx":{"total":98822,"bad_frame":0,"unknown_peer":80,"wrong_dst":0,"short_payload":0,"unknown_opcode":0,"queue_dropped":50},"tx":{"total":38302,"enqueue_err":0,"done_queue_dropped":0},"membership":{"deaths":8,"revivals":4,"reboots_seen":3,"table_full":0,"events_dropped":0}}
1791637300.232 {"t":"ns","node":25344,"hash":2410274060,"owner":25344,"kind":"sampled","unit":100,"class":4,"bound_ms":0,"quality":"GOOD","age_ms":426,"ts":2028566,"updates":192,"value":244}
1791637300.232 {"t":"ns","node":25344,"hash":1274253983,"owner":25344,"kind":"sampled","unit":0,"class":4,"bound_ms":5000,"quality":"GOOD","age_ms":440,"ts":2028566,"updates":192,"value":-28}
1791637300.232 {"t":"ns","node":25344,"hash":3354298913,"owner":25344,"kind":"sampled","unit":100,"class":4,"bound_ms":5000,"quality":"GOOD","age_ms":454,"ts":2028566,"updates":192,"value":2}
1791637300.232 {"t":"ns","node":25344,"hash":1771187623,"owner":25344,"kind":"sampled","unit":101,"class":4,"bound_ms":30000,"quality":"GOOD","age_ms":481,"ts":2028565,"updates":192,"value":250307}
1791637300.232 {"t":"ns","node":25344,"hash":1245650351,"owner":25344,"kind":"sampled","unit":0,"class":3,"bound_ms":500,"quality":"GOOD","age_ms":27,"ts":2029033,"updates":20185,"value":1660964569}
1791637300.232 {"t":"ns","node":25344,"hash":2033492666,"owner":25344,"kind":"sampled","unit":0,"class":3,"bound_ms":0,"quality":"NO_DATA","age_ms":0,"ts":0,"updates":0,"value":null}
1791637300.232 {"t":"ns","node":25344,"hash":4103947588,"owner":25344,"kind":"sampled","unit":80,"class":4,"bound_ms":30000,"quality":"GOOD","age_ms":523,"ts":2028565,"updates":192,"value":2028}
1791637300.232 {"t":"ns","node":25344,"hash":1662441583,"owner":25344,"kind":"sampled","unit":101,"class":4,"bound_ms":30000,"quality":"GOOD","age_ms":537,"ts":2028565,"updates":192,"value":172032}
1791637310.379 {"t":"clk","node":25344,"up_ms":2039117}
1791637310.379 {"t":"led","node":25344,"shows":"red","app":0}
1791637310.379 {"t":"event","at_ms":2028841,"node":25344,"kind":"probe_timeout","peer":254,"slot":2,"a":1040,"b":0}
1791637310.379 {"t":"event","at_ms":2029003,"node":25344,"kind":"peer_admitted","peer":33120,"slot":1,"a":0,"b":0}
1791637310.379 {"t":"event","at_ms":2029649,"node":25344,"kind":"peer_admitted","peer":29544,"slot":0,"a":0,"b":0}
1791637310.379 {"t":"event","at_ms":2031002,"node":25344,"kind":"peer_admitted","peer":33120,"slot":1,"a":0,"b":0}
1791637310.379 {"t":"event","at_ms":2031649,"node":25344,"kind":"peer_admitted","peer":29544,"slot":0,"a":0,"b":0}
1791637310.379 {"t":"event","at_ms":2031841,"node":25344,"kind":"probe_timeout","peer":254,"slot":2,"a":1041,"b":0}
1791637310.379 {"t":"event","at_ms":2033002,"node":25344,"kind":"peer_admitted","peer":33120,"slot":1,"a":0,"b":0}
1791637310.379 {"t":"event","at_ms":2033649,"node":25344,"kind":"peer_admitted","peer":29544,"slot":0,"a":0,"b":0}
1791637310.379 {"t":"event","at_ms":2034841,"node":25344,"kind":"probe_timeout","peer":254,"slot":2,"a":1042,"b":0}
1791637310.379 {"t":"event","at_ms":2035002,"node":25344,"kind":"peer_admitted","peer":33120,"slot":1,"a":0,"b":0}
1791637310.379 {"t":"event","at_ms":2035652,"node":25344,"kind":"peer_admitted","peer":29544,"slot":0,"a":0,"b":0}
1791637310.379 {"t":"event","at_ms":2037002,"node":25344,"kind":"peer_admitted","peer":33120,"slot":1,"a":0,"b":0}
1791637310.379 {"t":"event","at_ms":2037649,"node":25344,"kind":"peer_admitted","peer":29544,"slot":0,"a":0,"b":0}
1791637310.379 {"t":"event","at_ms":2037841,"node":25344,"kind":"probe_timeout","peer":254,"slot":2,"a":1043,"b":0}
1791637310.379 {"t":"event","at_ms":2039002,"node":25344,"kind":"peer_admitted","peer":33120,"slot":1,"a":0,"b":0}
1791637310.379 {"t":"link","up_ms":2039255,"node":25344,"peer":29544,"mac":"b8:1f:3f:da:73:68","state":"alive","epoch":171,"espnow_ver":2,"mtu":1446,"misses":0,"rssi":-28,"tx":{"frames":6952,"cb_ok":6952,"cb_fail":0,"enqueue_err":0,"pdr_ppm":1000000},"rx":{"frames":28546,"lost_seqgap":0,"reorder_dup":0,"dropped_bad":0,"hb_lost":40,"bcast_frames":20335,"pdr_ppm":1000000},"rtt":{"samples":680,"min_us":5287,"max_us":45005,"timeouts":0,"txq_last_us":10233,"txq_max_us":31551,"remote_turnaround_us":847,"remote_turnaround_max_us":1949,"p50_us":[4000,6000],"p99_us":[11000,16000],"hist":[0,0,0,0,386,183,86,19,4,1,0,1,0,0,0,0]}}
1791637310.379 {"t":"link","up_ms":2039309,"node":25344,"peer":33120,"mac":"b8:1f:3f:da:81:60","state":"alive","epoch":293,"espnow_ver":2,"mtu":1446,"misses":0,"rssi":-21,"tx":{"frames":7567,"cb_ok":7497,"cb_fail":70,"enqueue_err":0,"pdr_ppm":990749},"rx":{"frames":26816,"lost_seqgap":1,"reorder_dup":0,"dropped_bad":0,"hb_lost":48,"bcast_frames":18289,"pdr_ppm":999962},"rtt":{"samples":612,"min_us":5666,"max_us":48794,"timeouts":66,"txq_last_us":3123,"txq_max_us":13949,"remote_turnaround_us":1095,"remote_turnaround_max_us":33351,"p50_us":[4000,6000],"p99_us":[22000,30000],"hist":[0,0,0,0,343,164,76,18,4,2,3,2,0,0,0,0]}}
1791637310.379 {"t":"link","up_ms":2039352,"node":25344,"peer":254,"mac":"02:00:00:00:00:fe","state":"dead","epoch":0,"espnow_ver":0,"mtu":226,"misses":6,"rssi":0,"tx":{"frames":2567,"cb_ok":0,"cb_fail":0,"enqueue_err":0,"pdr_ppm":null},"rx":{"frames":3819,"lost_seqgap":0,"reorder_dup":3772,"dropped_bad":0,"hb_lost":0,"bcast_frames":0,"pdr_ppm":1000000},"rtt":{"samples":81,"min_us":7169,"max_us":102972,"timeouts":596,"txq_last_us":0,"txq_max_us":0,"remote_turnaround_us":14,"remote_turnaround_max_us":24,"p50_us":[42000,60000],"p99_us":[85000,110000],"hist":[0,0,0,0,0,1,0,2,5,6,1,49,15,2,0,0]}}
1791637310.379 {"t":"auth","node":25344,"up_ms":2039406,"enrolled":1,"required":1,"verified_peers":2,"verified":5,"cache_hits":1943,"refused":0,"rate_limited":0,"stale_epoch":0,"verify_us_max":82867,"link_stack_free_b":804,"crypto_stack_free_b":1268,"tags_ok":14790,"bad_tag":0,"replayed":0,"untagged":0,"bcast_dropped":0,"beacon_epoch_ignored":0,"tag_us_max":1167}
1791637310.379 {"t":"act","node":25344,"setpoint":0,"has_value":0,"writes_served":0}
1791637310.803 {"t":"peers","node":25344,"own_period_ms":100,"own_busy":0,"channel":1,"scanning":0,"scans":0,"hops":0,"found":0,"lost_to_found_ms":0,"moves_followed":0,"moves_refused":0,"sweeps":0,"sweep_found":0,"sweeping":0,"search_visits":0,"relay":0,"fwd_u":0,"fwd_b":0,"fwd_h":0,"relay_dup":18977,"list":[{"id":29544,"state":"alive","via_relay":0,"period_ms":100,"misses":6,"busy":1,"rtt_n":680},{"id":33120,"state":"alive","via_relay":0,"period_ms":100,"misses":6,"busy":0,"rtt_n":612},{"id":254,"state":"dead","via_relay":0,"period_ms":100,"misses":6,"busy":0,"rtt_n":81}]}
1791637310.803 {"t":"ss","node":25344,"accepted":0,"unsigned":0,"unknown_sender":0,"bad_signature":0,"replayed":0,"rate_limited":0,"verify_us_max":0,"floors":[]}
1791637310.803 {"t":"rec","node":25344,"up_ms":2039512,"settled":1,"sent":8151,"received":8136,"malformed":0,"views":17,"replies_fenced":0,"actors":[{"key":1245650351,"running":1,"term":9,"owner":25344,"owner_term":9,"assigned":25344,"starts":1,"fenced":0,"released":0}]}
1791637310.803 {"t":"node","up_ms":2039528,"node":25344,"epoch":244,"peers_alive":2,"peers_dead":1,"no_radio":0,"free_dram":250307,"largest_block":172032,"rx":{"total":99323,"bad_frame":0,"unknown_peer":80,"wrong_dst":0,"short_payload":0,"unknown_opcode":0,"queue_dropped":50},"tx":{"total":38487,"enqueue_err":0,"done_queue_dropped":0},"membership":{"deaths":8,"revivals":4,"reboots_seen":3,"table_full":0,"events_dropped":0}}
1791637310.803 {"t":"ns","node":25344,"hash":2410274060,"owner":25344,"kind":"sampled","unit":100,"class":4,"bound_ms":0,"quality":"GOOD","age_ms":450,"ts":2039118,"updates":193,"value":244}
1791637310.803 {"t":"ns","node":25344,"hash":1274253983,"owner":25344,"kind":"sampled","unit":0,"class":4,"bound_ms":5000,"quality":"GOOD","age_ms":463,"ts":2039119,"updates":193,"value":-28}
1791637310.803 {"t":"ns","node":25344,"hash":3354298913,"owner":25344,"kind":"sampled","unit":100,"class":4,"bound_ms":5000,"quality":"GOOD","age_ms":478,"ts":2039118,"updates":193,"value":2}
1791637310.803 {"t":"ns","node":25344,"hash":1771187623,"owner":25344,"kind":"sampled","unit":101,"class":4,"bound_ms":30000,"quality":"GOOD","age_ms":492,"ts":2039118,"updates":193,"value":250307}
1791637310.803 {"t":"ns","node":25344,"hash":1245650351,"owner":25344,"kind":"sampled","unit":0,"class":3,"bound_ms":500,"quality":"GOOD","age_ms":91,"ts":2039533,"updates":20290,"value":1660964674}
1791637310.803 {"t":"ns","node":25344,"hash":2033492666,"owner":25344,"kind":"sampled","unit":0,"class":3,"bound_ms":0,"quality":"NO_DATA","age_ms":0,"ts":0,"updates":0,"value":null}
1791637310.803 {"t":"ns","node":25344,"hash":4103947588,"owner":25344,"kind":"sampled","unit":80,"class":4,"bound_ms":30000,"quality":"GOOD","age_ms":546,"ts":2039118,"updates":193,"value":2039}
1791637310.803 {"t":"ns","node":25344,"hash":1662441583,"owner":25344,"kind":"sampled","unit":101,"class":4,"bound_ms":30000,"quality":"GOOD","age_ms":560,"ts":2039118,"updates":193,"value":172032}
1791637320.953 {"t":"clk","node":25344,"up_ms":2049692}
1791637320.953 {"t":"led","node":25344,"shows":"red","app":0}
1791637320.953 {"t":"event","at_ms":2039649,"node":25344,"kind":"peer_admitted","peer":29544,"slot":0,"a":0,"b":0}
1791637320.953 {"t":"event","at_ms":2040841,"node":25344,"kind":"probe_timeout","peer":254,"slot":2,"a":1044,"b":0}
1791637320.953 {"t":"event","at_ms":2041002,"node":25344,"kind":"peer_admitted","peer":33120,"slot":1,"a":0,"b":0}
1791637320.953 {"t":"event","at_ms":2041649,"node":25344,"kind":"peer_admitted","peer":29544,"slot":0,"a":0,"b":0}
1791637320.953 {"t":"event","at_ms":2043002,"node":25344,"kind":"peer_admitted","peer":33120,"slot":1,"a":0,"b":0}
1791637320.953 {"t":"event","at_ms":2043649,"node":25344,"kind":"peer_admitted","peer":29544,"slot":0,"a":0,"b":0}
1791637320.953 {"t":"event","at_ms":2043841,"node":25344,"kind":"probe_timeout","peer":254,"slot":2,"a":1045,"b":0}
1791637320.953 {"t":"event","at_ms":2045002,"node":25344,"kind":"peer_admitted","peer":33120,"slot":1,"a":0,"b":0}
1791637320.953 {"t":"event","at_ms":2045649,"node":25344,"kind":"peer_admitted","peer":29544,"slot":0,"a":0,"b":0}
1791637320.953 {"t":"event","at_ms":2046841,"node":25344,"kind":"probe_timeout","peer":254,"slot":2,"a":1046,"b":0}
1791637320.953 {"t":"event","at_ms":2047003,"node":25344,"kind":"peer_admitted","peer":33120,"slot":1,"a":0,"b":0}
1791637320.953 {"t":"event","at_ms":2047649,"node":25344,"kind":"peer_admitted","peer":29544,"slot":0,"a":0,"b":0}
1791637320.953 {"t":"event","at_ms":2049002,"node":25344,"kind":"peer_admitted","peer":33120,"slot":1,"a":0,"b":0}
1791637320.953 {"t":"event","at_ms":2049649,"node":25344,"kind":"peer_admitted","peer":29544,"slot":0,"a":0,"b":0}
1791637320.953 {"t":"link","up_ms":2049819,"node":25344,"peer":29544,"mac":"b8:1f:3f:da:73:68","state":"alive","epoch":171,"espnow_ver":2,"mtu":1446,"misses":0,"rssi":-28,"tx":{"frames":6987,"cb_ok":6987,"cb_fail":0,"enqueue_err":0,"pdr_ppm":1000000},"rx":{"frames":28692,"lost_seqgap":0,"reorder_dup":0,"dropped_bad":0,"hb_lost":40,"bcast_frames":20441,"pdr_ppm":1000000},"rtt":{"samples":683,"min_us":5287,"max_us":45005,"timeouts":0,"txq_last_us":10233,"txq_max_us":31551,"remote_turnaround_us":834,"remote_turnaround_max_us":1949,"p50_us":[4000,6000],"p99_us":[11000,16000],"hist":[0,0,0,0,389,183,86,19,4,1,0,1,0,0,0,0]}}
1791637320.953 {"t":"link","up_ms":2049874,"node":25344,"peer":33120,"mac":"b8:1f:3f:da:81:60","state":"alive","epoch":293,"espnow_ver":2,"mtu":1446,"misses":0,"rssi":-21,"tx":{"frames":7601,"cb_ok":7531,"cb_fail":70,"enqueue_err":0,"pdr_ppm":990790},"rx":{"frames":26960,"lost_seqgap":1,"reorder_dup":0,"dropped_bad":0,"hb_lost":50,"bcast_frames":18393,"pdr_ppm":999962},"rtt":{"samples":615,"min_us":5666,"max_us":48794,"timeouts":66,"txq_last_us":3123,"txq_max_us":13949,"remote_turnaround_us":1098,"remote_turnaround_max_us":33351,"p50_us":[4000,6000],"p99_us":[22000,30000],"hist":[0,0,0,0,343,167,76,18,4,2,3,2,0,0,0,0]}}
1791637320.953 {"t":"link","up_ms":2049928,"node":25344,"peer":254,"mac":"02:00:00:00:00:fe","state":"dead","epoch":0,"espnow_ver":0,"mtu":226,"misses":6,"rssi":0,"tx":{"frames":2571,"cb_ok":0,"cb_fail":0,"enqueue_err":0,"pdr_ppm":null},"rx":{"frames":3819,"lost_seqgap":0,"reorder_dup":3772,"dropped_bad":0,"hb_lost":0,"bcast_frames":0,"pdr_ppm":1000000},"rtt":{"samples":81,"min_us":7169,"max_us":102972,"timeouts":600,"txq_last_us":0,"txq_max_us":0,"remote_turnaround_us":14,"remote_turnaround_max_us":24,"p50_us":[42000,60000],"p99_us":[85000,110000],"hist":[0,0,0,0,0,1,0,2,5,6,1,49,15,2,0,0]}}
1791637320.953 {"t":"auth","node":25344,"up_ms":2049970,"enrolled":1,"required":1,"verified_peers":2,"verified":5,"cache_hits":1954,"refused":0,"rate_limited":0,"stale_epoch":0,"verify_us_max":82867,"link_stack_free_b":804,"crypto_stack_free_b":1268,"tags_ok":14861,"bad_tag":0,"replayed":0,"untagged":0,"bcast_dropped":0,"beacon_epoch_ignored":0,"tag_us_max":1167}
1791637320.953 {"t":"act","node":25344,"setpoint":0,"has_value":0,"writes_served":0}
1791637321.378 {"t":"peers","node":25344,"own_period_ms":100,"own_busy":0,"channel":1,"scanning":0,"scans":0,"hops":0,"found":0,"lost_to_found_ms":0,"moves_followed":0,"moves_refused":0,"sweeps":0,"sweep_found":0,"sweeping":0,"search_visits":0,"relay":0,"fwd_u":0,"fwd_b":0,"fwd_h":0,"relay_dup":19085,"list":[{"id":29544,"state":"alive","via_relay":0,"period_ms":100,"misses":6,"busy":1,"rtt_n":684},{"id":33120,"state":"alive","via_relay":0,"period_ms":100,"misses":6,"busy":0,"rtt_n":615},{"id":254,"state":"dead","via_relay":0,"period_ms":100,"misses":6,"busy":0,"rtt_n":81}]}
1791637321.378 {"t":"ss","node":25344,"accepted":0,"unsigned":0,"unknown_sender":0,"bad_signature":0,"replayed":0,"rate_limited":0,"verify_us_max":0,"floors":[]}
1791637321.378 {"t":"rec","node":25344,"up_ms":2050079,"settled":1,"sent":8193,"received":8179,"malformed":0,"views":17,"replies_fenced":0,"actors":[{"key":1245650351,"running":1,"term":9,"owner":25344,"owner_term":9,"assigned":25344,"starts":1,"fenced":0,"released":0}]}
1791637321.378 {"t":"node","up_ms":2050094,"node":25344,"epoch":244,"peers_alive":2,"peers_dead":1,"no_radio":0,"free_dram":250307,"largest_block":172032,"rx":{"total":99833,"bad_frame":0,"unknown_peer":80,"wrong_dst":0,"short_payload":0,"unknown_opcode":0,"queue_dropped":50},"tx":{"total":38673,"enqueue_err":0,"done_queue_dropped":0},"membership":{"deaths":8,"revivals":4,"reboots_seen":3,"table_full":0,"events_dropped":0}}
1791637321.378 {"t":"ns","node":25344,"hash":2410274060,"owner":25344,"kind":"sampled","unit":100,"class":4,"bound_ms":0,"quality":"GOOD","age_ms":441,"ts":2049693,"updates":194,"value":244}
1791637321.378 {"t":"ns","node":25344,"hash":1274253983,"owner":25344,"kind":"sampled","unit":0,"class":4,"bound_ms":5000,"quality":"GOOD","age_ms":455,"ts":2049694,"updates":194,"value":-28}
1791637321.378 {"t":"ns","node":25344,"hash":3354298913,"owner":25344,"kind":"sampled","unit":100,"class":4,"bound_ms":5000,"quality":"GOOD","age_ms":469,"ts":2049694,"updates":194,"value":2}
1791637321.378 {"t":"ns","node":25344,"hash":1771187623,"owner":25344,"kind":"sampled","unit":101,"class":4,"bound_ms":30000,"quality":"GOOD","age_ms":484,"ts":2049693,"updates":194,"value":250307}
1791637321.378 {"t":"ns","node":25344,"hash":1245650351,"owner":25344,"kind":"sampled","unit":0,"class":3,"bound_ms":500,"quality":"GOOD","age_ms":58,"ts":2050133,"updates":20396,"value":1660964780}
1791637321.378 {"t":"ns","node":25344,"hash":2033492666,"owner":25344,"kind":"sampled","unit":0,"class":3,"bound_ms":0,"quality":"NO_DATA","age_ms":0,"ts":0,"updates":0,"value":null}
1791637321.378 {"t":"ns","node":25344,"hash":4103947588,"owner":25344,"kind":"sampled","unit":80,"class":4,"bound_ms":30000,"quality":"GOOD","age_ms":537,"ts":2049693,"updates":194,"value":2049}
1791637321.378 {"t":"ns","node":25344,"hash":1662441583,"owner":25344,"kind":"sampled","unit":101,"class":4,"bound_ms":30000,"quality":"GOOD","age_ms":552,"ts":2049693,"updates":194,"value":172032}
1791637331.516 {"t":"clk","node":25344,"up_ms":2060260}
1791637331.516 {"t":"led","node":25344,"shows":"red","app":0}
1791637331.516 {"t":"event","at_ms":2049841,"node":25344,"kind":"probe_timeout","peer":254,"slot":2,"a":1047,"b":0}
1791637331.516 {"t":"event","at_ms":2051002,"node":25344,"kind":"peer_admitted","peer":33120,"slot":1,"a":0,"b":0}
1791637331.516 {"t":"event","at_ms":2051649,"node":25344,"kind":"peer_admitted","peer":29544,"slot":0,"a":0,"b":0}
1791637331.516 {"t":"event","at_ms":2052841,"node":25344,"kind":"probe_timeout","peer":254,"slot":2,"a":1048,"b":0}
1791637331.516 {"t":"event","at_ms":2053002,"node":25344,"kind":"peer_admitted","peer":33120,"slot":1,"a":0,"b":0}
1791637331.516 {"t":"event","at_ms":2053649,"node":25344,"kind":"peer_admitted","peer":29544,"slot":0,"a":0,"b":0}
1791637331.516 {"t":"event","at_ms":2055002,"node":25344,"kind":"peer_admitted","peer":33120,"slot":1,"a":0,"b":0}
1791637331.516 {"t":"event","at_ms":2055649,"node":25344,"kind":"peer_admitted","peer":29544,"slot":0,"a":0,"b":0}
1791637331.516 {"t":"event","at_ms":2055841,"node":25344,"kind":"probe_timeout","peer":254,"slot":2,"a":1049,"b":0}
1791637331.516 {"t":"event","at_ms":2057003,"node":25344,"kind":"peer_admitted","peer":33120,"slot":1,"a":0,"b":0}
1791637331.516 {"t":"event","at_ms":2057649,"node":25344,"kind":"peer_admitted","peer":29544,"slot":0,"a":0,"b":0}
1791637331.516 {"t":"event","at_ms":2058841,"node":25344,"kind":"probe_timeout","peer":254,"slot":2,"a":1050,"b":0}
1791637331.516 {"t":"event","at_ms":2059002,"node":25344,"kind":"peer_admitted","peer":33120,"slot":1,"a":0,"b":0}
1791637331.516 {"t":"event","at_ms":2059649,"node":25344,"kind":"peer_admitted","peer":29544,"slot":0,"a":0,"b":0}
1791637331.516 {"t":"link","up_ms":2060385,"node":25344,"peer":29544,"mac":"b8:1f:3f:da:73:68","state":"alive","epoch":171,"espnow_ver":2,"mtu":1446,"misses":0,"rssi":-28,"tx":{"frames":7022,"cb_ok":7022,"cb_fail":0,"enqueue_err":0,"pdr_ppm":1000000},"rx":{"frames":28838,"lost_seqgap":0,"reorder_dup":0,"dropped_bad":0,"hb_lost":40,"bcast_frames":20546,"pdr_ppm":1000000},"rtt":{"samples":687,"min_us":5287,"max_us":45005,"timeouts":0,"txq_last_us":10233,"txq_max_us":31551,"remote_turnaround_us":815,"remote_turnaround_max_us":1949,"p50_us":[4000,6000],"p99_us":[11000,16000],"hist":[0,0,0,0,393,183,86,19,4,1,0,1,0,0,0,0]}}
1791637331.516 {"t":"link","up_ms":2060439,"node":25344,"peer":33120,"mac":"b8:1f:3f:da:81:60","state":"alive","epoch":293,"espnow_ver":2,"mtu":1446,"misses":0,"rssi":-21,"tx":{"frames":7636,"cb_ok":7566,"cb_fail":70,"enqueue_err":0,"pdr_ppm":990832},"rx":{"frames":27105,"lost_seqgap":1,"reorder_dup":0,"dropped_bad":0,"hb_lost":51,"bcast_frames":18498,"pdr_ppm":999963},"rtt":{"samples":619,"min_us":5666,"max_us":48794,"timeouts":66,"txq_last_us":3123,"txq_max_us":13949,"remote_turnaround_us":957,"remote_turnaround_max_us":33351,"p50_us":[4000,6000],"p99_us":[22000,30000],"hist":[0,0,0,0,345,168,77,18,4,2,3,2,0,0,0,0]}}
1791637331.516 {"t":"link","up_ms":2060493,"node":25344,"peer":254,"mac":"02:00:00:00:00:fe","state":"dead","epoch":0,"espnow_ver":0,"mtu":226,"misses":6,"rssi":0,"tx":{"frames":2574,"cb_ok":0,"cb_fail":0,"enqueue_err":0,"pdr_ppm":null},"rx":{"frames":3819,"lost_seqgap":0,"reorder_dup":3772,"dropped_bad":0,"hb_lost":0,"bcast_frames":0,"pdr_ppm":1000000},"rtt":{"samples":81,"min_us":7169,"max_us":102972,"timeouts":603,"txq_last_us":0,"txq_max_us":0,"remote_turnaround_us":14,"remote_turnaround_max_us":24,"p50_us":[42000,60000],"p99_us":[85000,110000],"hist":[0,0,0,0,0,1,0,2,5,6,1,49,15,2,0,0]}}
1791637331.516 {"t":"auth","node":25344,"up_ms":2060547,"enrolled":1,"required":1,"verified_peers":2,"verified":5,"cache_hits":1964,"refused":0,"rate_limited":0,"stale_epoch":0,"verify_us_max":82867,"link_stack_free_b":804,"crypto_stack_free_b":1268,"tags_ok":14930,"bad_tag":0,"replayed":0,"untagged":0,"bcast_dropped":0,"beacon_epoch_ignored":0,"tag_us_max":1167}
1791637331.516 {"t":"act","node":25344,"setpoint":0,"has_value":0,"writes_served":0}
1791637331.946 {"t":"peers","node":25344,"own_period_ms":100,"own_busy":0,"channel":1,"scanning":0,"scans":0,"hops":0,"found":0,"lost_to_found_ms":0,"moves_followed":0,"moves_refused":0,"sweeps":0,"sweep_found":0,"sweeping":0,"search_visits":0,"relay":0,"fwd_u":0,"fwd_b":0,"fwd_h":0,"relay_dup":19187,"list":[{"id":29544,"state":"alive","via_relay":0,"period_ms":100,"misses":6,"busy":1,"rtt_n":687},{"id":33120,"state":"alive","via_relay":0,"period_ms":100,"misses":6,"busy":0,"rtt_n":619},{"id":254,"state":"dead","via_relay":0,"period_ms":100,"misses":6,"busy":0,"rtt_n":81}]}
1791637331.946 {"t":"ss","node":25344,"accepted":0,"unsigned":0,"unknown_sender":0,"bad_signature":0,"replayed":0,"rate_limited":0,"verify_us_max":0,"floors":[]}
1791637331.946 {"t":"rec","node":25344,"up_ms":2060643,"settled":1,"sent":8235,"received":8221,"malformed":0,"views":17,"replies_fenced":0,"actors":[{"key":1245650351,"running":1,"term":9,"owner":25344,"owner_term":9,"assigned":25344,"starts":1,"fenced":0,"released":0}]}
1791637331.946 {"t":"node","up_ms":2060669,"node":25344,"epoch":244,"peers_alive":2,"peers_dead":1,"no_radio":0,"free_dram":250307,"largest_block":172032,"rx":{"total":100326,"bad_frame":0,"unknown_peer":80,"wrong_dst":0,"short_payload":0,"unknown_opcode":0,"queue_dropped":50},"tx":{"total":38857,"enqueue_err":0,"done_queue_dropped":0},"membership":{"deaths":8,"revivals":4,"reboots_seen":3,"table_full":0,"events_dropped":0}}
1791637331.946 {"t":"ns","node":25344,"hash":2410274060,"owner":25344,"kind":"sampled","unit":100,"class":4,"bound_ms":0,"quality":"GOOD","age_ms":437,"ts":2060261,"updates":195,"value":244}
1791637331.946 {"t":"ns","node":25344,"hash":1274253983,"owner":25344,"kind":"sampled","unit":0,"class":4,"bound_ms":5000,"quality":"GOOD","age_ms":450,"ts":2060262,"updates":195,"value":-28}
1791637331.946 {"t":"ns","node":25344,"hash":3354298913,"owner":25344,"kind":"sampled","unit":100,"class":4,"bound_ms":5000,"quality":"GOOD","age_ms":464,"ts":2060262,"updates":195,"value":2}
1791637331.946 {"t":"ns","node":25344,"hash":1771187623,"owner":25344,"kind":"sampled","unit":101,"class":4,"bound_ms":30000,"quality":"GOOD","age_ms":490,"ts":2060261,"updates":195,"value":250307}
1791637331.946 {"t":"ns","node":25344,"hash":1245650351,"owner":25344,"kind":"sampled","unit":0,"class":3,"bound_ms":500,"quality":"GOOD","age_ms":30,"ts":2060735,"updates":20502,"value":1660964886}
1791637331.946 {"t":"ns","node":25344,"hash":2033492666,"owner":25344,"kind":"sampled","unit":0,"class":3,"bound_ms":0,"quality":"NO_DATA","age_ms":0,"ts":0,"updates":0,"value":null}
1791637331.946 {"t":"ns","node":25344,"hash":4103947588,"owner":25344,"kind":"sampled","unit":80,"class":4,"bound_ms":30000,"quality":"GOOD","age_ms":532,"ts":2060261,"updates":195,"value":2060}
1791637331.946 {"t":"ns","node":25344,"hash":1662441583,"owner":25344,"kind":"sampled","unit":101,"class":4,"bound_ms":30000,"quality":"GOOD","age_ms":547,"ts":2060261,"updates":195,"value":172032}
1791637342.078 {"t":"clk","node":25344,"up_ms":2070823}
1791637342.078 {"t":"led","node":25344,"shows":"red","app":0}
1791637342.078 {"t":"event","at_ms":2061002,"node":25344,"kind":"peer_admitted","peer":33120,"slot":1,"a":0,"b":0}
1791637342.078 {"t":"event","at_ms":2061650,"node":25344,"kind":"peer_admitted","peer":29544,"slot":0,"a":0,"b":0}
1791637342.078 {"t":"event","at_ms":2061841,"node":25344,"kind":"probe_timeout","peer":254,"slot":2,"a":1051,"b":0}
1791637342.078 {"t":"event","at_ms":2063002,"node":25344,"kind":"peer_admitted","peer":33120,"slot":1,"a":0,"b":0}
1791637342.078 {"t":"event","at_ms":2063649,"node":25344,"kind":"peer_admitted","peer":29544,"slot":0,"a":0,"b":0}
1791637342.078 {"t":"event","at_ms":2064841,"node":25344,"kind":"probe_timeout","peer":254,"slot":2,"a":1052,"b":0}
1791637342.078 {"t":"event","at_ms":2065002,"node":25344,"kind":"peer_admitted","peer":33120,"slot":1,"a":0,"b":0}
1791637342.078 {"t":"event","at_ms":2065649,"node":25344,"kind":"peer_admitted","peer":29544,"slot":0,"a":0,"b":0}
1791637342.078 {"t":"event","at_ms":2067002,"node":25344,"kind":"peer_admitted","peer":33120,"slot":1,"a":0,"b":0}
1791637342.078 {"t":"event","at_ms":2067655,"node":25344,"kind":"peer_admitted","peer":29544,"slot":0,"a":0,"b":0}
1791637342.078 {"t":"event","at_ms":2067841,"node":25344,"kind":"probe_timeout","peer":254,"slot":2,"a":1053,"b":0}
1791637342.078 {"t":"event","at_ms":2069002,"node":25344,"kind":"peer_admitted","peer":33120,"slot":1,"a":0,"b":0}
1791637342.078 {"t":"event","at_ms":2069650,"node":25344,"kind":"peer_admitted","peer":29544,"slot":0,"a":0,"b":0}
1791637342.078 {"t":"event","at_ms":2070841,"node":25344,"kind":"probe_timeout","peer":254,"slot":2,"a":1054,"b":0}
1791637342.078 {"t":"link","up_ms":2070949,"node":25344,"peer":29544,"mac":"b8:1f:3f:da:73:68","state":"alive","epoch":171,"espnow_ver":2,"mtu":1446,"misses":0,"rssi":-28,"tx":{"frames":7058,"cb_ok":7058,"cb_fail":0,"enqueue_err":0,"pdr_ppm":1000000},"rx":{"frames":28984,"lost_seqgap":0,"reorder_dup":0,"dropped_bad":0,"hb_lost":41,"bcast_frames":20651,"pdr_ppm":1000000},"rtt":{"samples":691,"min_us":5287,"max_us":45005,"timeouts":0,"txq_last_us":15699,"txq_max_us":31551,"remote_turnaround_us":823,"remote_turnaround_max_us":1949,"p50_us":[4000,6000],"p99_us":[16000,22000],"hist":[0,0,0,0,395,184,86,19,4,2,0,1,0,0,0,0]}}
1791637342.078 {"t":"link","up_ms":2071004,"node":25344,"peer":33120,"mac":"b8:1f:3f:da:81:60","state":"alive","epoch":293,"espnow_ver":2,"mtu":1446,"misses":0,"rssi":-22,"tx":{"frames":7671,"cb_ok":7601,"cb_fail":70,"enqueue_err":0,"pdr_ppm":990874},"rx":{"frames":27246,"lost_seqgap":1,"reorder_dup":0,"dropped_bad":0,"hb_lost":55,"bcast_frames":18599,"pdr_ppm":999963},"rtt":{"samples":622,"min_us":5666,"max_us":48794,"timeouts":66,"txq_last_us":3123,"txq_max_us":13949,"remote_turnaround_us":960,"remote_turnaround_max_us":33351,"p50_us":[4000,6000],"p99_us":[22000,30000],"hist":[0,0,0,0,348,168,77,18,4,2,3,2,0,0,0,0]}}
1791637342.078 {"t":"link","up_ms":2071058,"node":25344,"peer":254,"mac":"02:00:00:00:00:fe","state":"dead","epoch":0,"espnow_ver":0,"mtu":226,"misses":6,"rssi":0,"tx":{"frames":2578,"cb_ok":0,"cb_fail":0,"enqueue_err":0,"pdr_ppm":null},"rx":{"frames":3819,"lost_seqgap":0,"reorder_dup":3772,"dropped_bad":0,"hb_lost":0,"bcast_frames":0,"pdr_ppm":1000000},"rtt":{"samples":81,"min_us":7169,"max_us":102972,"timeouts":607,"txq_last_us":0,"txq_max_us":0,"remote_turnaround_us":14,"remote_turnaround_max_us":24,"p50_us":[42000,60000],"p99_us":[85000,110000],"hist":[0,0,0,0,0,1,0,2,5,6,1,49,15,2,0,0]}}
1791637342.078 {"t":"auth","node":25344,"up_ms":2071101,"enrolled":1,"required":1,"verified_peers":2,"verified":5,"cache_hits":1974,"refused":0,"rate_limited":0,"stale_epoch":0,"verify_us_max":82867,"link_stack_free_b":804,"crypto_stack_free_b":1268,"tags_ok":15002,"bad_tag":0,"replayed":0,"untagged":0,"bcast_dropped":0,"beacon_epoch_ignored":0,"tag_us_max":1167}
1791637342.078 {"t":"act","node":25344,"setpoint":0,"has_value":0,"writes_served":0}
1791637342.508 {"t":"peers","node":25344,"own_period_ms":100,"own_busy":0,"channel":1,"scanning":0,"scans":0,"hops":0,"found":0,"lost_to_found_ms":0,"moves_followed":0,"moves_refused":0,"sweeps":0,"sweep_found":0,"sweeping":0,"search_visits":0,"relay":0,"fwd_u":0,"fwd_b":0,"fwd_h":0,"relay_dup":19290,"list":[{"id":29544,"state":"alive","via_relay":0,"period_ms":100,"misses":6,"busy":1,"rtt_n":691},{"id":33120,"state":"alive","via_relay":0,"period_ms":100,"misses":6,"busy":0,"rtt_n":622},{"id":254,"state":"dead","via_relay":0,"period_ms":100,"misses":6,"busy":0,"rtt_n":81}]}
1791637342.508 {"t":"ss","node":25344,"accepted":0,"unsigned":0,"unknown_sender":0,"bad_signature":0,"replayed":0,"rate_limited":0,"verify_us_max":0,"floors":[]}
1791637342.508 {"t":"rec","node":25344,"up_ms":2071208,"settled":1,"sent":8277,"received":8263,"malformed":0,"views":17,"replies_fenced":0,"actors":[{"key":1245650351,"running":1,"term":9,"owner":25344,"owner_term":9,"assigned":25344,"starts":1,"fenced":0,"released":0}]}
1791637342.508 {"t":"node","up_ms":2071223,"node":25344,"epoch":244,"peers_alive":2,"peers_dead":1,"no_radio":0,"free_dram":250307,"largest_block":172032,"rx":{"total":100811,"bad_frame":0,"unknown_peer":80,"wrong_dst":0,"short_payload":0,"unknown_opcode":0,"queue_dropped":50},"tx":{"total":39041,"enqueue_err":0,"done_queue_dropped":0},"membership":{"deaths":8,"revivals":4,"reboots_seen":3,"table_full":0,"events_dropped":0}}
1791637342.508 {"t":"ns","node":25344,"hash":2410274060,"owner":25344,"kind":"sampled","unit":100,"class":4,"bound_ms":0,"quality":"GOOD","age_ms":440,"ts":2070824,"updates":196,"value":244}
1791637342.508 {"t":"ns","node":25344,"hash":1274253983,"owner":25344,"kind":"sampled","unit":0,"class":4,"bound_ms":5000,"quality":"GOOD","age_ms":453,"ts":2070825,"updates":196,"value":-28}
1791637342.508 {"t":"ns","node":25344,"hash":3354298913,"owner":25344,"kind":"sampled","unit":100,"class":4,"bound_ms":5000,"quality":"GOOD","age_ms":467,"ts":2070825,"updates":196,"value":2}
1791637342.508 {"t":"ns","node":25344,"hash":1771187623,"owner":25344,"kind":"sampled","unit":101,"class":4,"bound_ms":30000,"quality":"GOOD","age_ms":482,"ts":2070824,"updates":196,"value":250307}
1791637342.508 {"t":"ns","node":25344,"hash":1245650351,"owner":25344,"kind":"sampled","unit":0,"class":3,"bound_ms":500,"quality":"GOOD","age_ms":85,"ts":2071235,"updates":20607,"value":1660964991}
1791637342.508 {"t":"ns","node":25344,"hash":2033492666,"owner":25344,"kind":"sampled","unit":0,"class":3,"bound_ms":0,"quality":"NO_DATA","age_ms":0,"ts":0,"updates":0,"value":null}
1791637342.508 {"t":"ns","node":25344,"hash":4103947588,"owner":25344,"kind":"sampled","unit":80,"class":4,"bound_ms":30000,"quality":"GOOD","age_ms":535,"ts":2070824,"updates":196,"value":2070}
1791637342.508 {"t":"ns","node":25344,"hash":1662441583,"owner":25344,"kind":"sampled","unit":101,"class":4,"bound_ms":30000,"quality":"GOOD","age_ms":549,"ts":2070824,"updates":196,"value":172032}
1791637352.643 {"t":"clk","node":25344,"up_ms":2081388}
1791637352.643 {"t":"led","node":25344,"shows":"red","app":0}
1791637352.643 {"t":"event","at_ms":2071650,"node":25344,"kind":"peer_admitted","peer":29544,"slot":0,"a":0,"b":0}
1791637352.643 {"t":"event","at_ms":2073002,"node":25344,"kind":"peer_admitted","peer":33120,"slot":1,"a":0,"b":0}
1791637352.643 {"t":"event","at_ms":2073650,"node":25344,"kind":"peer_admitted","peer":29544,"slot":0,"a":0,"b":0}
1791637352.643 {"t":"event","at_ms":2073841,"node":25344,"kind":"probe_timeout","peer":254,"slot":2,"a":1055,"b":0}
1791637352.643 {"t":"event","at_ms":2075017,"node":25344,"kind":"peer_admitted","peer":33120,"slot":1,"a":0,"b":0}
1791637352.643 {"t":"event","at_ms":2075650,"node":25344,"kind":"peer_admitted","peer":29544,"slot":0,"a":0,"b":0}
1791637352.643 {"t":"event","at_ms":2076841,"node":25344,"kind":"probe_timeout","peer":254,"slot":2,"a":1056,"b":0}
1791637352.643 {"t":"event","at_ms":2077002,"node":25344,"kind":"peer_admitted","peer":33120,"slot":1,"a":0,"b":0}
1791637352.643 {"t":"event","at_ms":2077650,"node":25344,"kind":"peer_admitted","peer":29544,"slot":0,"a":0,"b":0}
1791637352.643 {"t":"event","at_ms":2079002,"node":25344,"kind":"peer_admitted","peer":33120,"slot":1,"a":0,"b":0}
1791637352.643 {"t":"event","at_ms":2079650,"node":25344,"kind":"peer_admitted","peer":29544,"slot":0,"a":0,"b":0}
1791637352.643 {"t":"event","at_ms":2079841,"node":25344,"kind":"probe_timeout","peer":254,"slot":2,"a":1057,"b":0}
1791637352.643 {"t":"event","at_ms":2081002,"node":25344,"kind":"peer_admitted","peer":33120,"slot":1,"a":0,"b":0}
1791637352.643 {"t":"link","up_ms":2081500,"node":25344,"peer":29544,"mac":"b8:1f:3f:da:73:68","state":"alive","epoch":171,"espnow_ver":2,"mtu":1446,"misses":0,"rssi":-28,"tx":{"frames":7093,"cb_ok":7092,"cb_fail":0,"enqueue_err":0,"pdr_ppm":1000000},"rx":{"frames":29127,"lost_seqgap":0,"reorder_dup":0,"dropped_bad":0,"hb_lost":42,"bcast_frames":20755,"pdr_ppm":1000000},"rtt":{"samples":694,"min_us":5287,"max_us":45005,"timeouts":0,"txq_last_us":15699,"txq_max_us":31551,"remote_turnaround_us":799,"remote_turnaround_max_us":1949,"p50_us":[4000,6000],"p99_us":[16000,22000],"hist":[0,0,0,0,397,185,86,19,4,2,0,1,0,0,0,0]}}
1791637352.643 {"t":"link","up_ms":2081554,"node":25344,"peer":33120,"mac":"b8:1f:3f:da:81:60","state":"alive","epoch":293,"espnow_ver":2,"mtu":1446,"misses":0,"rssi":-21,"tx":{"frames":7706,"cb_ok":7636,"cb_fail":70,"enqueue_err":0,"pdr_ppm":990916},"rx":{"frames":27391,"lost_seqgap":1,"reorder_dup":0,"dropped_bad":0,"hb_lost":56,"bcast_frames":18704,"pdr_ppm":999963},"rtt":{"samples":626,"min_us":5666,"max_us":48794,"timeouts":66,"txq_last_us":3123,"txq_max_us":13949,"remote_turnaround_us":831,"remote_turnaround_max_us":33351,"p50_us":[4000,6000],"p99_us":[22000,30000],"hist":[0,0,0,0,351,169,77,18,4,2,3,2,0,0,0,0]}}
1791637352.643 {"t":"link","up_ms":2081608,"node":25344,"peer":254,"mac":"02:00:00:00:00:fe","state":"dead","epoch":0,"espnow_ver":0,"mtu":226,"misses":6,"rssi":0,"tx":{"frames":2581,"cb_ok":0,"cb_fail":0,"enqueue_err":0,"pdr_ppm":null},"rx":{"frames":3819,"lost_seqgap":0,"reorder_dup":3772,"dropped_bad":0,"hb_lost":0,"bcast_frames":0,"pdr_ppm":1000000},"rtt":{"samples":81,"min_us":7169,"max_us":102972,"timeouts":610,"txq_last_us":0,"txq_max_us":0,"remote_turnaround_us":14,"remote_turnaround_max_us":24,"p50_us":[42000,60000],"p99_us":[85000,110000],"hist":[0,0,0,0,0,1,0,2,5,6,1,49,15,2,0,0]}}
1791637352.643 {"t":"auth","node":25344,"up_ms":2081663,"enrolled":1,"required":1,"verified_peers":2,"verified":5,"cache_hits":1985,"refused":0,"rate_limited":0,"stale_epoch":0,"verify_us_max":82867,"link_stack_free_b":804,"crypto_stack_free_b":1268,"tags_ok":15071,"bad_tag":0,"replayed":0,"untagged":0,"bcast_dropped":0,"beacon_epoch_ignored":0,"tag_us_max":1167}
1791637352.643 {"t":"act","node":25344,"setpoint":0,"has_value":0,"writes_served":0}
1791637353.056 {"t":"peers","node":25344,"own_period_ms":100,"own_busy":0,"channel":1,"scanning":0,"scans":0,"hops":0,"found":0,"lost_to_found_ms":0,"moves_followed":0,"moves_refused":0,"sweeps":0,"sweep_found":0,"sweeping":0,"search_visits":0,"relay":0,"fwd_u":0,"fwd_b":0,"fwd_h":0,"relay_dup":19395,"list":[{"id":29544,"state":"alive","via_relay":0,"period_ms":100,"misses":6,"busy":1,"rtt_n":694},{"id":33120,"state":"alive","via_relay":0,"period_ms":100,"misses":6,"busy":0,"rtt_n":626},{"id":254,"state":"dead","via_relay":0,"period_ms":100,"misses":6,"busy":0,"rtt_n":81}]}
1791637353.056 {"t":"ss","node":25344,"accepted":0,"unsigned":0,"unknown_sender":0,"bad_signature":0,"replayed":0,"rate_limited":0,"verify_us_max":0,"floors":[]}
1791637353.056 {"t":"rec","node":25344,"up_ms":2081759,"settled":1,"sent":8320,"received":8305,"malformed":0,"views":17,"replies_fenced":0,"actors":[{"key":1245650351,"running":1,"term":9,"owner":25344,"owner_term":9,"assigned":25344,"starts":1,"fenced":0,"released":0}]}
1791637353.056 {"t":"node","up_ms":2081785,"node":25344,"epoch":244,"peers_alive":2,"peers_dead":1,"no_radio":0,"free_dram":250307,"largest_block":172032,"rx":{"total":101312,"bad_frame":0,"unknown_peer":80,"wrong_dst":0,"short_payload":0,"unknown_opcode":0,"queue_dropped":50},"tx":{"total":39226,"enqueue_err":0,"done_queue_dropped":0},"membership":{"deaths":8,"revivals":4,"reboots_seen":3,"table_full":0,"events_dropped":0}}
1791637353.056 {"t":"ns","node":25344,"hash":2410274060,"owner":25344,"kind":"sampled","unit":100,"class":4,"bound_ms":0,"quality":"GOOD","age_ms":425,"ts":2081389,"updates":197,"value":244}
1791637353.056 {"t":"ns","node":25344,"hash":1274253983,"owner":25344,"kind":"sampled","unit":0,"class":4,"bound_ms":5000,"quality":"GOOD","age_ms":450,"ts":2081390,"updates":197,"value":-28}
1791637353.056 {"t":"ns","node":25344,"hash":3354298913,"owner":25344,"kind":"sampled","unit":100,"class":4,"bound_ms":5000,"quality":"GOOD","age_ms":464,"ts":2081390,"updates":197,"value":2}
1791637353.056 {"t":"ns","node":25344,"hash":1771187623,"owner":25344,"kind":"sampled","unit":101,"class":4,"bound_ms":30000,"quality":"GOOD","age_ms":479,"ts":2081389,"updates":197,"value":250307}
1791637353.056 {"t":"ns","node":25344,"hash":1245650351,"owner":25344,"kind":"sampled","unit":0,"class":3,"bound_ms":500,"quality":"GOOD","age_ms":47,"ts":2081835,"updates":20713,"value":1660965097}
1791637353.056 {"t":"ns","node":25344,"hash":2033492666,"owner":25344,"kind":"sampled","unit":0,"class":3,"bound_ms":0,"quality":"NO_DATA","age_ms":0,"ts":0,"updates":0,"value":null}
1791637353.056 {"t":"ns","node":25344,"hash":4103947588,"owner":25344,"kind":"sampled","unit":80,"class":4,"bound_ms":30000,"quality":"GOOD","age_ms":521,"ts":2081389,"updates":197,"value":2081}
1791637353.056 {"t":"ns","node":25344,"hash":1662441583,"owner":25344,"kind":"sampled","unit":101,"class":4,"bound_ms":30000,"quality":"GOOD","age_ms":535,"ts":2081389,"updates":197,"value":172032}
1791637363.199 {"t":"clk","node":25344,"up_ms":2091939}
1791637363.199 {"t":"led","node":25344,"shows":"red","app":0}
1791637363.199 {"t":"event","at_ms":2081651,"node":25344,"kind":"peer_admitted","peer":29544,"slot":0,"a":0,"b":0}
1791637363.199 {"t":"event","at_ms":2082841,"node":25344,"kind":"probe_timeout","peer":254,"slot":2,"a":1058,"b":0}
1791637363.199 {"t":"event","at_ms":2083003,"node":25344,"kind":"peer_admitted","peer":33120,"slot":1,"a":0,"b":0}
1791637363.199 {"t":"event","at_ms":2083650,"node":25344,"kind":"peer_admitted","peer":29544,"slot":0,"a":0,"b":0}
1791637363.199 {"t":"event","at_ms":2085002,"node":25344,"kind":"peer_admitted","peer":33120,"slot":1,"a":0,"b":0}
1791637363.199 {"t":"event","at_ms":2085650,"node":25344,"kind":"peer_admitted","peer":29544,"slot":0,"a":0,"b":0}
1791637363.199 {"t":"event","at_ms":2085841,"node":25344,"kind":"probe_timeout","peer":254,"slot":2,"a":1059,"b":0}
1791637363.199 {"t":"event","at_ms":2087002,"node":25344,"kind":"peer_admitted","peer":33120,"slot":1,"a":0,"b":0}
1791637363.199 {"t":"event","at_ms":2087651,"node":25344,"kind":"peer_admitted","peer":29544,"slot":0,"a":0,"b":0}
1791637363.199 {"t":"event","at_ms":2088841,"node":25344,"kind":"probe_timeout","peer":254,"slot":2,"a":1060,"b":0}
1791637363.199 {"t":"event","at_ms":2089004,"node":25344,"kind":"peer_admitted","peer":33120,"slot":1,"a":0,"b":0}
1791637363.199 {"t":"event","at_ms":2089650,"node":25344,"kind":"peer_admitted","peer":29544,"slot":0,"a":0,"b":0}
1791637363.199 {"t":"event","at_ms":2091002,"node":25344,"kind":"peer_admitted","peer":33120,"slot":1,"a":0,"b":0}
1791637363.199 {"t":"event","at_ms":2091651,"node":25344,"kind":"peer_admitted","peer":29544,"slot":0,"a":0,"b":0}
1791637363.199 {"t":"event","at_ms":2091841,"node":25344,"kind":"probe_timeout","peer":254,"slot":2,"a":1061,"b":0}
1791637363.199 {"t":"link","up_ms":2092078,"node":25344,"peer":29544,"mac":"b8:1f:3f:da:73:68","state":"alive","epoch":171,"espnow_ver":2,"mtu":1446,"misses":0,"rssi":-28,"tx":{"frames":7129,"cb_ok":7129,"cb_fail":0,"enqueue_err":0,"pdr_ppm":1000000},"rx":{"frames":29275,"lost_seqgap":0,"reorder_dup":0,"dropped_bad":0,"hb_lost":42,"bcast_frames":20861,"pdr_ppm":1000000},"rtt":{"samples":698,"min_us":5287,"max_us":45005,"timeouts":0,"txq_last_us":15699,"txq_max_us":31551,"remote_turnaround_us":810,"remote_turnaround_max_us":1949,"p50_us":[4000,6000],"p99_us":[16000,22000],"hist":[0,0,0,0,400,186,86,19,4,2,0,1,0,0,0,0]}}
1791637363.199 {"t":"link","up_ms":2092132,"node":25344,"peer":33120,"mac":"b8:1f:3f:da:81:60","state":"alive","epoch":293,"espnow_ver":2,"mtu":1446,"misses":0,"rssi":-20,"tx":{"frames":7740,"cb_ok":7670,"cb_fail":70,"enqueue_err":0,"pdr_ppm":990956},"rx":{"frames":27536,"lost_seqgap":1,"reorder_dup":0,"dropped_bad":0,"hb_lost":56,"bcast_frames":18809,"pdr_ppm":999963},"rtt":{"samples":629,"min_us":5666,"max_us":48794,"timeouts":66,"txq_last_us":3123,"txq_max_us":13949,"remote_turnaround_us":960,"remote_turnaround_max_us":33351,"p50_us":[4000,6000],"p99_us":[22000,30000],"hist":[0,0,0,0,354,169,77,18,4,2,3,2,0,0,0,0]}}
1791637363.199 {"t":"link","up_ms":2092176,"node":25344,"peer":254,"mac":"02:00:00:00:00:fe","state":"dead","epoch":0,"espnow_ver":0,"mtu":226,"misses":6,"rssi":0,"tx":{"frames":2585,"cb_ok":0,"cb_fail":0,"enqueue_err":0,"pdr_ppm":null},"rx":{"frames":3819,"lost_seqgap":0,"reorder_dup":3772,"dropped_bad":0,"hb_lost":0,"bcast_frames":0,"pdr_ppm":1000000},"rtt":{"samples":81,"min_us":7169,"max_us":102972,"timeouts":614,"txq_last_us":0,"txq_max_us":0,"remote_turnaround_us":14,"remote_turnaround_max_us":24,"p50_us":[42000,60000],"p99_us":[85000,110000],"hist":[0,0,0,0,0,1,0,2,5,6,1,49,15,2,0,0]}}
1791637363.199 {"t":"auth","node":25344,"up_ms":2092230,"enrolled":1,"required":1,"verified_peers":2,"verified":5,"cache_hits":1995,"refused":0,"rate_limited":0,"stale_epoch":0,"verify_us_max":82867,"link_stack_free_b":804,"crypto_stack_free_b":1268,"tags_ok":15142,"bad_tag":0,"replayed":0,"untagged":0,"bcast_dropped":0,"beacon_epoch_ignored":0,"tag_us_max":1167}
1791637363.199 {"t":"act","node":25344,"setpoint":0,"has_value":0,"writes_served":0}
1791637363.625 {"t":"peers","node":25344,"own_period_ms":100,"own_busy":0,"channel":1,"scanning":0,"scans":0,"hops":0,"found":0,"lost_to_found_ms":0,"moves_followed":0,"moves_refused":0,"sweeps":0,"sweep_found":0,"sweeping":0,"search_visits":0,"relay":0,"fwd_u":0,"fwd_b":0,"fwd_h":0,"relay_dup":19503,"list":[{"id":29544,"state":"alive","via_relay":0,"period_ms":100,"misses":6,"busy":1,"rtt_n":698},{"id":33120,"state":"alive","via_relay":0,"period_ms":100,"misses":6,"busy":0,"rtt_n":629},{"id":254,"state":"dead","via_relay":0,"period_ms":100,"misses":6,"busy":0,"rtt_n":81}]}
1791637363.625 {"t":"ss","node":25344,"accepted":0,"unsigned":0,"unknown_sender":0,"bad_signature":0,"replayed":0,"rate_limited":0,"verify_us_max":0,"floors":[]}
1791637363.625 {"t":"rec","node":25344,"up_ms":2092327,"settled":1,"sent":8362,"received":8348,"malformed":0,"views":17,"replies_fenced":0,"actors":[{"key":1245650351,"running":1,"term":9,"owner":25344,"owner_term":9,"assigned":25344,"starts":1,"fenced":0,"released":0}]}
1791637363.625 {"t":"node","up_ms":2092353,"node":25344,"epoch":244,"peers_alive":2,"peers_dead":1,"no_radio":0,"free_dram":250307,"largest_block":172032,"rx":{"total":101822,"bad_frame":0,"unknown_peer":80,"wrong_dst":0,"short_payload":0,"unknown_opcode":0,"queue_dropped":50},"tx":{"total":39411,"enqueue_err":0,"done_queue_dropped":0},"membership":{"deaths":8,"revivals":4,"reboots_seen":3,"table_full":0,"events_dropped":0}}
1791637363.625 {"t":"ns","node":25344,"hash":2410274060,"owner":25344,"kind":"sampled","unit":100,"class":4,"bound_ms":0,"quality":"GOOD","age_ms":453,"ts":2091940,"updates":198,"value":244}
1791637363.625 {"t":"ns","node":25344,"hash":1274253983,"owner":25344,"kind":"sampled","unit":0,"class":4,"bound_ms":5000,"quality":"GOOD","age_ms":466,"ts":2091941,"updates":198,"value":-28}
1791637363.625 {"t":"ns","node":25344,"hash":3354298913,"owner":25344,"kind":"sampled","unit":100,"class":4,"bound_ms":5000,"quality":"GOOD","age_ms":481,"ts":2091940,"updates":198,"value":2}
1791637363.625 {"t":"ns","node":25344,"hash":1771187623,"owner":25344,"kind":"sampled","unit":101,"class":4,"bound_ms":30000,"quality":"GOOD","age_ms":496,"ts":2091940,"updates":198,"value":250307}
1791637363.625 {"t":"ns","node":25344,"hash":1245650351,"owner":25344,"kind":"sampled","unit":0,"class":3,"bound_ms":500,"quality":"GOOD","age_ms":15,"ts":2092435,"updates":20819,"value":1660965203}
1791637363.625 {"t":"ns","node":25344,"hash":2033492666,"owner":25344,"kind":"sampled","unit":0,"class":3,"bound_ms":0,"quality":"NO_DATA","age_ms":0,"ts":0,"updates":0,"value":null}
1791637363.625 {"t":"ns","node":25344,"hash":4103947588,"owner":25344,"kind":"sampled","unit":80,"class":4,"bound_ms":30000,"quality":"GOOD","age_ms":538,"ts":2091940,"updates":198,"value":2091}
1791637363.625 {"t":"ns","node":25344,"hash":1662441583,"owner":25344,"kind":"sampled","unit":101,"class":4,"bound_ms":30000,"quality":"GOOD","age_ms":552,"ts":2091940,"updates":198,"value":172032}
1791637373.772 {"t":"clk","node":25344,"up_ms":2102518}
1791637373.772 {"t":"led","node":25344,"shows":"red","app":0}
1791637373.772 {"t":"event","at_ms":2093002,"node":25344,"kind":"peer_admitted","peer":33120,"slot":1,"a":0,"b":0}
1791637373.772 {"t":"event","at_ms":2093650,"node":25344,"kind":"peer_admitted","peer":29544,"slot":0,"a":0,"b":0}
1791637373.772 {"t":"event","at_ms":2094841,"node":25344,"kind":"probe_timeout","peer":254,"slot":2,"a":1062,"b":0}
1791637373.772 {"t":"event","at_ms":2095003,"node":25344,"kind":"peer_admitted","peer":33120,"slot":1,"a":0,"b":0}
1791637373.772 {"t":"event","at_ms":2095651,"node":25344,"kind":"peer_admitted","peer":29544,"slot":0,"a":0,"b":0}
1791637373.772 {"t":"event","at_ms":2097002,"node":25344,"kind":"peer_admitted","peer":33120,"slot":1,"a":0,"b":0}
1791637373.772 {"t":"event","at_ms":2097651,"node":25344,"kind":"peer_admitted","peer":29544,"slot":0,"a":0,"b":0}
1791637373.772 {"t":"event","at_ms":2097841,"node":25344,"kind":"probe_timeout","peer":254,"slot":2,"a":1063,"b":0}
1791637373.772 {"t":"event","at_ms":2099002,"node":25344,"kind":"peer_admitted","peer":33120,"slot":1,"a":0,"b":0}
1791637373.772 {"t":"event","at_ms":2099651,"node":25344,"kind":"peer_admitted","peer":29544,"slot":0,"a":0,"b":0}
1791637373.772 {"t":"event","at_ms":2100841,"node":25344,"kind":"probe_timeout","peer":254,"slot":2,"a":1064,"b":0}
1791637373.772 {"t":"event","at_ms":2101002,"node":25344,"kind":"peer_admitted","peer":33120,"slot":1,"a":0,"b":0}
1791637373.772 {"t":"event","at_ms":2101651,"node":25344,"kind":"peer_admitted","peer":29544,"slot":0,"a":0,"b":0}
1791637373.772 {"t":"link","up_ms":2102630,"node":25344,"peer":29544,"mac":"b8:1f:3f:da:73:68","state":"alive","epoch":171,"espnow_ver":2,"mtu":1446,"misses":0,"rssi":-28,"tx":{"frames":7164,"cb_ok":7163,"cb_fail":0,"enqueue_err":0,"pdr_ppm":1000000},"rx":{"frames":29422,"lost_seqgap":0,"reorder_dup":0,"dropped_bad":0,"hb_lost":42,"bcast_frames":20967,"pdr_ppm":1000000},"rtt":{"samples":701,"min_us":5287,"max_us":45005,"timeouts":0,"txq_last_us":15699,"txq_max_us":31551,"remote_turnaround_us":831,"remote_turnaround_max_us":1949,"p50_us":[4000,6000],"p99_us":[11000,16000],"hist":[0,0,0,0,403,186,86,19,4,2,0,1,0,0,0,0]}}
1791637373.772 {"t":"link","up_ms":2102684,"node":25344,"peer":33120,"mac":"b8:1f:3f:da:81:60","state":"alive","epoch":293,"espnow_ver":2,"mtu":1446,"misses":0,"rssi":-20,"tx":{"frames":7775,"cb_ok":7705,"cb_fail":70,"enqueue_err":0,"pdr_ppm":990996},"rx":{"frames":27682,"lost_seqgap":1,"reorder_dup":0,"dropped_bad":0,"hb_lost":56,"bcast_frames":18915,"pdr_ppm":999963},"rtt":{"samples":633,"min_us":5666,"max_us":48794,"timeouts":66,"txq_last_us":3123,"txq_max_us":13949,"remote_turnaround_us":960,"remote_turnaround_max_us":33351,"p50_us":[4000,6000],"p99_us":[22000,30000],"hist":[0,0,0,0,357,170,77,18,4,2,3,2,0,0,0,0]}}
1791637373.772 {"t":"link","up_ms":2102738,"node":25344,"peer":254,"mac":"02:00:00:00:00:fe","state":"dead","epoch":0,"espnow_ver":0,"mtu":226,"misses":6,"rssi":0,"tx":{"frames":2588,"cb_ok":0,"cb_fail":0,"enqueue_err":0,"pdr_ppm":null},"rx":{"frames":3819,"lost_seqgap":0,"reorder_dup":3772,"dropped_bad":0,"hb_lost":0,"bcast_frames":0,"pdr_ppm":1000000},"rtt":{"samples":81,"min_us":7169,"max_us":102972,"timeouts":617,"txq_last_us":0,"txq_max_us":0,"remote_turnaround_us":14,"remote_turnaround_max_us":24,"p50_us":[42000,60000],"p99_us":[85000,110000],"hist":[0,0,0,0,0,1,0,2,5,6,1,49,15,2,0,0]}}
1791637373.772 {"t":"auth","node":25344,"up_ms":2102793,"enrolled":1,"required":1,"verified_peers":2,"verified":5,"cache_hits":2005,"refused":0,"rate_limited":0,"stale_epoch":0,"verify_us_max":82867,"link_stack_free_b":804,"crypto_stack_free_b":1268,"tags_ok":15213,"bad_tag":0,"replayed":0,"untagged":0,"bcast_dropped":0,"beacon_epoch_ignored":0,"tag_us_max":1167}
1791637373.772 {"t":"act","node":25344,"setpoint":0,"has_value":0,"writes_served":0}
1791637374.179 {"t":"peers","node":25344,"own_period_ms":100,"own_busy":0,"channel":1,"scanning":0,"scans":0,"hops":0,"found":0,"lost_to_found_ms":0,"moves_followed":0,"moves_refused":0,"sweeps":0,"sweep_found":0,"sweeping":0,"search_visits":0,"relay":0,"fwd_u":0,"fwd_b":0,"fwd_h":0,"relay_dup":19610,"list":[{"id":29544,"state":"alive","via_relay":0,"period_ms":100,"misses":6,"busy":1,"rtt_n":701},{"id":33120,"state":"alive","via_relay":0,"period_ms":100,"misses":6,"busy":0,"rtt_n":633},{"id":254,"state":"dead","via_relay":0,"period_ms":100,"misses":6,"busy":0,"rtt_n":81}]}
1791637374.179 {"t":"ss","node":25344,"accepted":0,"unsigned":0,"unknown_sender":0,"bad_signature":0,"replayed":0,"rate_limited":0,"verify_us_max":0,"floors":[]}
1791637374.179 {"t":"rec","node":25344,"up_ms":2102889,"settled":1,"sent":8404,"received":8390,"malformed":0,"views":17,"replies_fenced":0,"actors":[{"key":1245650351,"running":1,"term":9,"owner":25344,"owner_term":9,"assigned":25344,"starts":1,"fenced":0,"released":0}]}
1791637374.179 {"t":"node","up_ms":2102915,"node":25344,"epoch":244,"peers_alive":2,"peers_dead":1,"no_radio":0,"free_dram":250307,"largest_block":172032,"rx":{"total":102326,"bad_frame":0,"unknown_peer":80,"wrong_dst":0,"short_payload":0,"unknown_opcode":0,"queue_dropped":50},"tx":{"total":39595,"enqueue_err":0,"done_queue_dropped":0},"membership":{"deaths":8,"revivals":4,"reboots_seen":3,"table_full":0,"events_dropped":0}}
1791637374.179 {"t":"ns","node":25344,"hash":2410274060,"owner":25344,"kind":"sampled","unit":100,"class":4,"bound_ms":0,"quality":"GOOD","age_ms":425,"ts":2102519,"updates":199,"value":244}
1791637374.179 {"t":"ns","node":25344,"hash":1274253983,"owner":25344,"kind":"sampled","unit":0,"class":4,"bound_ms":5000,"quality":"GOOD","age_ms":449,"ts":2102520,"updates":199,"value":-28}
1791637374.179 {"t":"ns","node":25344,"hash":3354298913,"owner":25344,"kind":"sampled","unit":100,"class":4,"bound_ms":5000,"quality":"GOOD","age_ms":463,"ts":2102520,"updates":199,"value":2}
1791637374.179 {"t":"ns","node":25344,"hash":1771187623,"owner":25344,"kind":"sampled","unit":101,"class":4,"bound_ms":30000,"quality":"GOOD","age_ms":478,"ts":2102519,"updates":199,"value":250307}
1791637374.179 {"t":"ns","node":25344,"hash":1245650351,"owner":25344,"kind":"sampled","unit":0,"class":3,"bound_ms":500,"quality":"GOOD","age_ms":77,"ts":2102935,"updates":20924,"value":1660965308}
1791637374.179 {"t":"ns","node":25344,"hash":2033492666,"owner":25344,"kind":"sampled","unit":0,"class":3,"bound_ms":0,"quality":"NO_DATA","age_ms":0,"ts":0,"updates":0,"value":null}
1791637374.179 {"t":"ns","node":25344,"hash":4103947588,"owner":25344,"kind":"sampled","unit":80,"class":4,"bound_ms":30000,"quality":"GOOD","age_ms":521,"ts":2102519,"updates":199,"value":2102}
1791637374.179 {"t":"ns","node":25344,"hash":1662441583,"owner":25344,"kind":"sampled","unit":101,"class":4,"bound_ms":30000,"quality":"GOOD","age_ms":535,"ts":2102519,"updates":199,"value":172032}
